ordinal,rva,rva_hex,name,demangled,symbol_type,namespace,class_name,function_name,parameters,const,static,virtual,is_vftable,is_vbtable,is_rtti,demangle_ok
1,0,0x0,??$toQuaternion@V?$aiQuaterniont@M@@@Animator@@YA?AV?$aiQuaterniont@M@@NNN@Z,"class aiQuaterniont<float> __cdecl Animator::toQuaternion<class aiQuaterniont<float>>(double, double, double)",function,,,aiQuaterniont<float>>,"double, double, double",False,False,False,False,False,False,True
2,1,0x1,??$toQuaternion@VQuaternion@@@Animator@@YA?AVQuaternion@@NNN@Z,"class Quaternion __cdecl Animator::toQuaternion<class Quaternion>(double, double, double)",function,,,Quaternion>,"double, double, double",False,False,False,False,False,False,True
3,2,0x2,??$toQuaternion@VQuatf@osg@@@Animator@@YA?AVQuatf@osg@@NNN@Z,"class osg::Quatf __cdecl Animator::toQuaternion<class osg::Quatf>(double, double, double)",method,,osg,Quatf>,"double, double, double",False,False,False,False,False,False,True
4,3,0x3,??0Animation@Animator@@QEAA@AEBV01@@Z,public: __cdecl Animator::Animation::Animation(class Animator::Animation const &),method,Animator,Animation,Animation,class Animator::Animation const &,False,False,False,False,False,False,True
5,4,0x4,??0Animation@Animator@@QEAA@PEAVAnimationManager@1@AEBV?$basic_string@D@ed@@H@Z,"public: __cdecl Animator::Animation::Animation(class Animator::AnimationManager *, class ed::basic_string<char> const &, int)",method,Animator,Animation,Animation,"class Animator::AnimationManager *, class ed::basic_string<char> const &, int",False,False,False,False,False,False,True
6,5,0x5,??0AnimationBlender2@Animator@@QEAA@XZ,public: __cdecl Animator::AnimationBlender2::AnimationBlender2(void),method,Animator,AnimationBlender2,AnimationBlender2,void,False,False,False,False,False,False,True
7,6,0x6,??0AnimationBlender@Animator@@QEAA@AEBV01@@Z,public: __cdecl Animator::AnimationBlender::AnimationBlender(class Animator::AnimationBlender const &),method,Animator,AnimationBlender,AnimationBlender,class Animator::AnimationBlender const &,False,False,False,False,False,False,True
8,7,0x7,??0AnimationBlender@Animator@@QEAA@XZ,public: __cdecl Animator::AnimationBlender::AnimationBlender(void),method,Animator,AnimationBlender,AnimationBlender,void,False,False,False,False,False,False,True
9,8,0x8,??0AnimationController@Animator@@QEAA@AEBV01@@Z,public: __cdecl Animator::AnimationController::AnimationController(class Animator::AnimationController const &),method,Animator,AnimationController,AnimationController,class Animator::AnimationController const &,False,False,False,False,False,False,True
10,9,0x9,??0AnimationController@Animator@@QEAA@PEAVCharacterModelCookie@1@@Z,public: __cdecl Animator::AnimationController::AnimationController(class Animator::CharacterModelCookie *),method,Animator,AnimationController,AnimationController,class Animator::CharacterModelCookie *,False,False,False,False,False,False,True
11,10,0xA,??0AnimationGraph@Animator@@QEAA@XZ,public: __cdecl Animator::AnimationGraph::AnimationGraph(void),method,Animator,AnimationGraph,AnimationGraph,void,False,False,False,False,False,False,True
12,11,0xB,??0AnimationManager@Animator@@QEAA@PEBD@Z,public: __cdecl Animator::AnimationManager::AnimationManager(char const *),method,Animator,AnimationManager,AnimationManager,char const *,False,False,False,False,False,False,True
13,12,0xC,??0AnimationStateMachine@Animator@@QEAA@AEBV01@@Z,public: __cdecl Animator::AnimationStateMachine::AnimationStateMachine(class Animator::AnimationStateMachine const &),method,Animator,AnimationStateMachine,AnimationStateMachine,class Animator::AnimationStateMachine const &,False,False,False,False,False,False,True
14,13,0xD,??0AnimationStateMachine@Animator@@QEAA@PEAVCharacterModelCookie@1@@Z,public: __cdecl Animator::AnimationStateMachine::AnimationStateMachine(class Animator::CharacterModelCookie *),method,Animator,AnimationStateMachine,AnimationStateMachine,class Animator::CharacterModelCookie *,False,False,False,False,False,False,True
15,14,0xE,??0CharacterController@Animator@@QEAA@AEBV01@@Z,public: __cdecl Animator::CharacterController::CharacterController(class Animator::CharacterController const &),method,Animator,CharacterController,CharacterController,class Animator::CharacterController const &,False,False,False,False,False,False,True
16,15,0xF,??0CharacterController@Animator@@QEAA@XZ,public: __cdecl Animator::CharacterController::CharacterController(void),method,Animator,CharacterController,CharacterController,void,False,False,False,False,False,False,True
17,16,0x10,??0CharacterInstanceGraphicsReflection@Animator@@QEAA@$$QEAV?$unique_ptr@VModelCookie@model@@UModelCookieDeleter@2@@std@@@Z,"public: __cdecl Animator::CharacterInstanceGraphicsReflection::CharacterInstanceGraphicsReflection(class std::unique_ptr<class model::ModelCookie, struct model::ModelCookieDeleter> &&)",method,Animator,CharacterInstanceGraphicsReflection,CharacterInstanceGraphicsReflection,"class std::unique_ptr<class model::ModelCookie, struct model::ModelCookieDeleter> &&",False,False,False,False,False,False,True
18,17,0x11,??0CharacterInstanceGraphicsReflection@Animator@@QEAA@AEBV01@@Z,public: __cdecl Animator::CharacterInstanceGraphicsReflection::CharacterInstanceGraphicsReflection(class Animator::CharacterInstanceGraphicsReflection const &),method,Animator,CharacterInstanceGraphicsReflection,CharacterInstanceGraphicsReflection,class Animator::CharacterInstanceGraphicsReflection const &,False,False,False,False,False,False,True
19,18,0x12,??0CharacterModelBase@Animator@@QEAA@AEBV01@@Z,public: __cdecl Animator::CharacterModelBase::CharacterModelBase(class Animator::CharacterModelBase const &),method,Animator,CharacterModelBase,CharacterModelBase,class Animator::CharacterModelBase const &,False,False,False,False,False,False,True
20,19,0x13,??0CharacterModelBase@Animator@@QEAA@PEBD0@Z,"public: __cdecl Animator::CharacterModelBase::CharacterModelBase(char const *, char const *)",method,Animator,CharacterModelBase,CharacterModelBase,"char const *, char const *",False,False,False,False,False,False,True
21,20,0x14,??0CharacterModelCookie@Animator@@QEAA@AEBV01@@Z,public: __cdecl Animator::CharacterModelCookie::CharacterModelCookie(class Animator::CharacterModelCookie const &),method,Animator,CharacterModelCookie,CharacterModelCookie,class Animator::CharacterModelCookie const &,False,False,False,False,False,False,True
22,21,0x15,??0CharacterModelCookie@Animator@@QEAA@PEAVCharacterModelStatic@1@@Z,public: __cdecl Animator::CharacterModelCookie::CharacterModelCookie(class Animator::CharacterModelStatic *),method,Animator,CharacterModelCookie,CharacterModelCookie,class Animator::CharacterModelStatic *,False,False,False,False,False,False,True
23,22,0x16,??0FabrikSolver@Animator@@QEAA@AEBV01@@Z,public: __cdecl Animator::FabrikSolver::FabrikSolver(class Animator::FabrikSolver const &),method,Animator,FabrikSolver,FabrikSolver,class Animator::FabrikSolver const &,False,False,False,False,False,False,True
24,23,0x17,??0FabrikSolver@Animator@@QEAA@AEBV?$basic_string@D@ed@@PEAUlua_State@@PEAVAnimationManager@1@@Z,"public: __cdecl Animator::FabrikSolver::FabrikSolver(class ed::basic_string<char> const &, struct lua_State *, class Animator::AnimationManager *)",method,Animator,FabrikSolver,FabrikSolver,"class ed::basic_string<char> const &, struct lua_State *, class Animator::AnimationManager *",False,False,False,False,False,False,True
25,24,0x18,??0GPUAttachmentCookie@Animator@@QEAA@AEBV01@@Z,public: __cdecl Animator::GPUAttachmentCookie::GPUAttachmentCookie(class Animator::GPUAttachmentCookie const &),method,Animator,GPUAttachmentCookie,GPUAttachmentCookie,class Animator::GPUAttachmentCookie const &,False,False,False,False,False,False,True
26,25,0x19,??0GPUAttachmentCookie@Animator@@QEAA@PEAVGPUAttachmentModel@1@@Z,public: __cdecl Animator::GPUAttachmentCookie::GPUAttachmentCookie(class Animator::GPUAttachmentModel *),method,Animator,GPUAttachmentCookie,GPUAttachmentCookie,class Animator::GPUAttachmentModel *,False,False,False,False,False,False,True
27,26,0x1A,??0GPUAttachmentInstanceData@Animator@@QEAA@XZ,public: __cdecl Animator::GPUAttachmentInstanceData::GPUAttachmentInstanceData(void),method,Animator,GPUAttachmentInstanceData,GPUAttachmentInstanceData,void,False,False,False,False,False,False,True
28,27,0x1B,??0GPUAttachmentModel@Animator@@QEAA@PEBD0@Z,"public: __cdecl Animator::GPUAttachmentModel::GPUAttachmentModel(char const *, char const *)",method,Animator,GPUAttachmentModel,GPUAttachmentModel,"char const *, char const *",False,False,False,False,False,False,True
29,28,0x1C,??0GPUAttachmentModelReflection@Animator@@QEAA@AEBV01@@Z,public: __cdecl Animator::GPUAttachmentModelReflection::GPUAttachmentModelReflection(class Animator::GPUAttachmentModelReflection const &),method,Animator,GPUAttachmentModelReflection,GPUAttachmentModelReflection,class Animator::GPUAttachmentModelReflection const &,False,False,False,False,False,False,True
30,29,0x1D,??0GPUAttachmentModelReflection@Animator@@QEAA@PEAVGPUAttachmentModel@1@@Z,public: __cdecl Animator::GPUAttachmentModelReflection::GPUAttachmentModelReflection(class Animator::GPUAttachmentModel *),method,Animator,GPUAttachmentModelReflection,GPUAttachmentModelReflection,class Animator::GPUAttachmentModel *,False,False,False,False,False,False,True
31,30,0x1E,??0GPUAttachmentModelReflection@Animator@@QEAA@XZ,public: __cdecl Animator::GPUAttachmentModelReflection::GPUAttachmentModelReflection(void),method,Animator,GPUAttachmentModelReflection,GPUAttachmentModelReflection,void,False,False,False,False,False,False,True
32,31,0x1F,??0GPUAttachmentRenderable@Animator@@QEAA@$$QEAU01@@Z,public: __cdecl Animator::GPUAttachmentRenderable::GPUAttachmentRenderable(struct Animator::GPUAttachmentRenderable &&),method,Animator,GPUAttachmentRenderable,GPUAttachmentRenderable,struct Animator::GPUAttachmentRenderable &&,False,False,False,False,False,False,True
33,32,0x20,??0GPUAttachmentRenderable@Animator@@QEAA@AEBU01@@Z,public: __cdecl Animator::GPUAttachmentRenderable::GPUAttachmentRenderable(struct Animator::GPUAttachmentRenderable const &),method,Animator,GPUAttachmentRenderable,GPUAttachmentRenderable,struct Animator::GPUAttachmentRenderable const &,False,False,False,False,False,False,True
34,33,0x21,??0GPUAttachmentRenderable@Animator@@QEAA@PEAVGPUAttachmentModel@1@PEAUCharacterBatcher@1@@Z,"public: __cdecl Animator::GPUAttachmentRenderable::GPUAttachmentRenderable(class Animator::GPUAttachmentModel *, struct Animator::CharacterBatcher *)",method,Animator,GPUAttachmentRenderable,GPUAttachmentRenderable,"class Animator::GPUAttachmentModel *, struct Animator::CharacterBatcher *",False,False,False,False,False,False,True
35,34,0x22,??0InstanceData@Animator@@QEAA@XZ,public: __cdecl Animator::InstanceData::InstanceData(void),method,Animator,InstanceData,InstanceData,void,False,False,False,False,False,False,True
36,35,0x23,??0PropertyHolderImpl@Animator@@QEAA@AEBV01@@Z,public: __cdecl Animator::PropertyHolderImpl::PropertyHolderImpl(class Animator::PropertyHolderImpl const &),method,Animator,PropertyHolderImpl,PropertyHolderImpl,class Animator::PropertyHolderImpl const &,False,False,False,False,False,False,True
37,36,0x24,??0PropertyHolderImpl@Animator@@QEAA@XZ,public: __cdecl Animator::PropertyHolderImpl::PropertyHolderImpl(void),method,Animator,PropertyHolderImpl,PropertyHolderImpl,void,False,False,False,False,False,False,True
38,37,0x25,??0Timer@Animator@@QEAA@XZ,public: __cdecl Animator::Timer::Timer(void),method,Animator,Timer,Timer,void,False,False,False,False,False,False,True
39,38,0x26,??1Animation@Animator@@UEAA@XZ,public: virtual __cdecl Animator::Animation::~Animation(void),method,Animator,Animation,~Animation,void,False,False,True,False,False,False,True
40,39,0x27,??1AnimationBlender2@Animator@@UEAA@XZ,public: virtual __cdecl Animator::AnimationBlender2::~AnimationBlender2(void),method,Animator,AnimationBlender2,~AnimationBlender2,void,False,False,True,False,False,False,True
41,40,0x28,??1AnimationBlender@Animator@@UEAA@XZ,public: virtual __cdecl Animator::AnimationBlender::~AnimationBlender(void),method,Animator,AnimationBlender,~AnimationBlender,void,False,False,True,False,False,False,True
42,41,0x29,??1AnimationController@Animator@@UEAA@XZ,public: virtual __cdecl Animator::AnimationController::~AnimationController(void),method,Animator,AnimationController,~AnimationController,void,False,False,True,False,False,False,True
43,42,0x2A,??1AnimationGraph@Animator@@UEAA@XZ,public: virtual __cdecl Animator::AnimationGraph::~AnimationGraph(void),method,Animator,AnimationGraph,~AnimationGraph,void,False,False,True,False,False,False,True
44,43,0x2B,??1AnimationManager@Animator@@UEAA@XZ,public: virtual __cdecl Animator::AnimationManager::~AnimationManager(void),method,Animator,AnimationManager,~AnimationManager,void,False,False,True,False,False,False,True
45,44,0x2C,??1AnimationStateMachine@Animator@@UEAA@XZ,public: virtual __cdecl Animator::AnimationStateMachine::~AnimationStateMachine(void),method,Animator,AnimationStateMachine,~AnimationStateMachine,void,False,False,True,False,False,False,True
46,45,0x2D,??1CharacterController@Animator@@UEAA@XZ,public: virtual __cdecl Animator::CharacterController::~CharacterController(void),method,Animator,CharacterController,~CharacterController,void,False,False,True,False,False,False,True
47,46,0x2E,??1CharacterInstanceGraphicsReflection@Animator@@UEAA@XZ,public: virtual __cdecl Animator::CharacterInstanceGraphicsReflection::~CharacterInstanceGraphicsReflection(void),method,Animator,CharacterInstanceGraphicsReflection,~CharacterInstanceGraphicsReflection,void,False,False,True,False,False,False,True
48,47,0x2F,??1CharacterModelBase@Animator@@UEAA@XZ,public: virtual __cdecl Animator::CharacterModelBase::~CharacterModelBase(void),method,Animator,CharacterModelBase,~CharacterModelBase,void,False,False,True,False,False,False,True
49,48,0x30,??1CharacterModelCookie@Animator@@UEAA@XZ,public: virtual __cdecl Animator::CharacterModelCookie::~CharacterModelCookie(void),method,Animator,CharacterModelCookie,~CharacterModelCookie,void,False,False,True,False,False,False,True
50,49,0x31,??1FabrikSolver@Animator@@UEAA@XZ,public: virtual __cdecl Animator::FabrikSolver::~FabrikSolver(void),method,Animator,FabrikSolver,~FabrikSolver,void,False,False,True,False,False,False,True
51,50,0x32,??1GPUAttachmentCookie@Animator@@UEAA@XZ,public: virtual __cdecl Animator::GPUAttachmentCookie::~GPUAttachmentCookie(void),method,Animator,GPUAttachmentCookie,~GPUAttachmentCookie,void,False,False,True,False,False,False,True
52,51,0x33,??1GPUAttachmentModel@Animator@@UEAA@XZ,public: virtual __cdecl Animator::GPUAttachmentModel::~GPUAttachmentModel(void),method,Animator,GPUAttachmentModel,~GPUAttachmentModel,void,False,False,True,False,False,False,True
53,52,0x34,??1GPUAttachmentModelReflection@Animator@@MEAA@XZ,protected: virtual __cdecl Animator::GPUAttachmentModelReflection::~GPUAttachmentModelReflection(void),method,Animator,GPUAttachmentModelReflection,~GPUAttachmentModelReflection,void,False,False,True,False,False,False,True
54,53,0x35,??1GPUAttachmentRenderable@Animator@@UEAA@XZ,public: virtual __cdecl Animator::GPUAttachmentRenderable::~GPUAttachmentRenderable(void),method,Animator,GPUAttachmentRenderable,~GPUAttachmentRenderable,void,False,False,True,False,False,False,True
55,54,0x36,??1PropertyHolderImpl@Animator@@UEAA@XZ,public: virtual __cdecl Animator::PropertyHolderImpl::~PropertyHolderImpl(void),method,Animator,PropertyHolderImpl,~PropertyHolderImpl,void,False,False,True,False,False,False,True
56,55,0x37,??4Animation@Animator@@QEAAAEAV01@AEBV01@@Z,public: class Animator::Animation & __cdecl Animator::Animation::operator=(class Animator::Animation const &),symbol,,,,,False,False,False,False,False,False,True
57,56,0x38,??4AnimationBlender@Animator@@QEAAAEAV01@AEBV01@@Z,public: class Animator::AnimationBlender & __cdecl Animator::AnimationBlender::operator=(class Animator::AnimationBlender const &),symbol,,,,,False,False,False,False,False,False,True
58,57,0x39,??4AnimationController@Animator@@QEAAAEAV01@AEBV01@@Z,public: class Animator::AnimationController & __cdecl Animator::AnimationController::operator=(class Animator::AnimationController const &),symbol,,,,,False,False,False,False,False,False,True
59,58,0x3A,??4AnimationStateMachine@Animator@@QEAAAEAV01@AEBV01@@Z,public: class Animator::AnimationStateMachine & __cdecl Animator::AnimationStateMachine::operator=(class Animator::AnimationStateMachine const &),symbol,,,,,False,False,False,False,False,False,True
60,59,0x3B,??4CharacterController@Animator@@QEAAAEAV01@AEBV01@@Z,public: class Animator::CharacterController & __cdecl Animator::CharacterController::operator=(class Animator::CharacterController const &),symbol,,,,,False,False,False,False,False,False,True
61,60,0x3C,??4FabrikSolver@Animator@@QEAAAEAV01@AEBV01@@Z,public: class Animator::FabrikSolver & __cdecl Animator::FabrikSolver::operator=(class Animator::FabrikSolver const &),symbol,,,,,False,False,False,False,False,False,True
62,61,0x3D,??4GPUAttachmentCookie@Animator@@QEAAAEAV01@AEBV01@@Z,public: class Animator::GPUAttachmentCookie & __cdecl Animator::GPUAttachmentCookie::operator=(class Animator::GPUAttachmentCookie const &),symbol,,,,,False,False,False,False,False,False,True
63,62,0x3E,??4GPUAttachmentInstanceData@Animator@@QEAAAEAU01@$$QEAU01@@Z,public: struct Animator::GPUAttachmentInstanceData & __cdecl Animator::GPUAttachmentInstanceData::operator=(struct Animator::GPUAttachmentInstanceData &&),symbol,,,,,False,False,False,False,False,False,True
64,63,0x3F,??4GPUAttachmentInstanceData@Animator@@QEAAAEAU01@AEBU01@@Z,public: struct Animator::GPUAttachmentInstanceData & __cdecl Animator::GPUAttachmentInstanceData::operator=(struct Animator::GPUAttachmentInstanceData const &),symbol,,,,,False,False,False,False,False,False,True
65,64,0x40,??4GPUAttachmentModelReflection@Animator@@QEAAAEAV01@AEBV01@@Z,public: class Animator::GPUAttachmentModelReflection & __cdecl Animator::GPUAttachmentModelReflection::operator=(class Animator::GPUAttachmentModelReflection const &),symbol,,,,,False,False,False,False,False,False,True
66,65,0x41,??4GPUAttachmentRenderable@Animator@@QEAAAEAU01@$$QEAU01@@Z,public: struct Animator::GPUAttachmentRenderable & __cdecl Animator::GPUAttachmentRenderable::operator=(struct Animator::GPUAttachmentRenderable &&),symbol,,,,,False,False,False,False,False,False,True
67,66,0x42,??4GPUAttachmentRenderable@Animator@@QEAAAEAU01@AEBU01@@Z,public: struct Animator::GPUAttachmentRenderable & __cdecl Animator::GPUAttachmentRenderable::operator=(struct Animator::GPUAttachmentRenderable const &),symbol,,,,,False,False,False,False,False,False,True
68,67,0x43,??4InstanceData@Animator@@QEAAAEAV01@$$QEAV01@@Z,public: class Animator::InstanceData & __cdecl Animator::InstanceData::operator=(class Animator::InstanceData &&),symbol,,,,,False,False,False,False,False,False,True
69,68,0x44,??4InstanceData@Animator@@QEAAAEAV01@AEBV01@@Z,public: class Animator::InstanceData & __cdecl Animator::InstanceData::operator=(class Animator::InstanceData const &),symbol,,,,,False,False,False,False,False,False,True
70,69,0x45,??4PropertyHolderImpl@Animator@@QEAAAEAV01@AEBV01@@Z,public: class Animator::PropertyHolderImpl & __cdecl Animator::PropertyHolderImpl::operator=(class Animator::PropertyHolderImpl const &),symbol,,,,,False,False,False,False,False,False,True
71,70,0x46,??4Timer@Animator@@QEAAAEAV01@$$QEAV01@@Z,public: class Animator::Timer & __cdecl Animator::Timer::operator=(class Animator::Timer &&),symbol,,,,,False,False,False,False,False,False,True
72,71,0x47,??4Timer@Animator@@QEAAAEAV01@AEBV01@@Z,public: class Animator::Timer & __cdecl Animator::Timer::operator=(class Animator::Timer const &),symbol,,,,,False,False,False,False,False,False,True
73,72,0x48,??6@YAAEAV?$basic_ostream@DU?$char_traits@D@std@@@std@@AEAV01@AEBVMatrixf@osg@@@Z,"class std::basic_ostream<char, struct std::char_traits<char>> & __cdecl operator<<(class std::basic_ostream<char, struct std::char_traits<char>> &, class osg::Matrixf const &)",function,,,operator<<,"class std::basic_ostream<char, struct std::char_traits<char>> &, class osg::Matrixf const &",False,False,False,False,False,False,True
74,73,0x49,??6osg@@YAAEAV?$basic_ostream@DU?$char_traits@D@std@@@std@@AEAV12@AEBVVec2f@0@@Z,"class std::basic_ostream<char, struct std::char_traits<char>> & __cdecl osg::operator<<(class std::basic_ostream<char, struct std::char_traits<char>> &, class osg::Vec2f const &)",method,,osg,operator<<,"class std::basic_ostream<char, struct std::char_traits<char>> &, class osg::Vec2f const &",False,False,False,False,False,False,True
75,74,0x4A,??6osg@@YAAEAV?$basic_ostream@DU?$char_traits@D@std@@@std@@AEAV12@AEBVVec3f@0@@Z,"class std::basic_ostream<char, struct std::char_traits<char>> & __cdecl osg::operator<<(class std::basic_ostream<char, struct std::char_traits<char>> &, class osg::Vec3f const &)",method,,osg,operator<<,"class std::basic_ostream<char, struct std::char_traits<char>> &, class osg::Vec3f const &",False,False,False,False,False,False,True
76,75,0x4B,??AInstanceData@Animator@@QEAAHH@Z,public: int __cdecl Animator::InstanceData::operator[](int),symbol,,,,,False,False,False,False,False,False,True
77,76,0x4C,??_7Animation@Animator@@6B@,const Animator::Animation::`vftable',vftable,,,,,False,False,False,True,False,False,True
78,77,0x4D,??_7AnimationBlender2@Animator@@6B@,const Animator::AnimationBlender2::`vftable',vftable,,,,,False,False,False,True,False,False,True
79,78,0x4E,??_7AnimationBlender@Animator@@6B@,const Animator::AnimationBlender::`vftable',vftable,,,,,False,False,False,True,False,False,True
80,79,0x4F,??_7AnimationController@Animator@@6B@,const Animator::AnimationController::`vftable',vftable,,,,,False,False,False,True,False,False,True
81,80,0x50,??_7AnimationGraph@Animator@@6B@,const Animator::AnimationGraph::`vftable',vftable,,,,,False,False,False,True,False,False,True
82,81,0x51,??_7AnimationManager@Animator@@6B@,const Animator::AnimationManager::`vftable',vftable,,,,,False,False,False,True,False,False,True
83,82,0x52,??_7AnimationStateMachine@Animator@@6B@,const Animator::AnimationStateMachine::`vftable',vftable,,,,,False,False,False,True,False,False,True
84,83,0x53,??_7CharacterController@Animator@@6B@,const Animator::CharacterController::`vftable',vftable,,,,,False,False,False,True,False,False,True
85,84,0x54,??_7CharacterInstanceGraphicsReflection@Animator@@6BISceneParsable@render@@@,const Animator::CharacterInstanceGraphicsReflection::`vftable'{for `render::ISceneParsable'},vftable,,,,,False,False,False,True,False,False,True
86,85,0x55,??_7CharacterInstanceGraphicsReflection@Animator@@6BModelInstance@Graphics@@@,const Animator::CharacterInstanceGraphicsReflection::`vftable'{for `Graphics::ModelInstance'},vftable,,,,,False,False,False,True,False,False,True
87,86,0x56,??_7CharacterModelBase@Animator@@6B@,const Animator::CharacterModelBase::`vftable',vftable,,,,,False,False,False,True,False,False,True
88,87,0x57,??_7CharacterModelCookie@Animator@@6BModelCookie@model@@@,const Animator::CharacterModelCookie::`vftable'{for `model::ModelCookie'},vftable,,,,,False,False,False,True,False,False,True
89,88,0x58,??_7CharacterModelCookie@Animator@@6BPropertyHolderImpl@1@@,const Animator::CharacterModelCookie::`vftable'{for `Animator::PropertyHolderImpl'},vftable,,,,,False,False,False,True,False,False,True
90,89,0x59,??_7FabrikSolver@Animator@@6B@,const Animator::FabrikSolver::`vftable',vftable,,,,,False,False,False,True,False,False,True
91,90,0x5A,??_7GPUAttachmentCookie@Animator@@6B@,const Animator::GPUAttachmentCookie::`vftable',vftable,,,,,False,False,False,True,False,False,True
92,91,0x5B,??_7GPUAttachmentModel@Animator@@6BCharacterModelBase@1@@,const Animator::GPUAttachmentModel::`vftable'{for `Animator::CharacterModelBase'},vftable,,,,,False,False,False,True,False,False,True
93,92,0x5C,??_7GPUAttachmentModel@Animator@@6BGPUAttachmentModelReflection@1@@,const Animator::GPUAttachmentModel::`vftable'{for `Animator::GPUAttachmentModelReflection'},vftable,,,,,False,False,False,True,False,False,True
94,93,0x5D,??_7GPUAttachmentModelReflection@Animator@@6B@,const Animator::GPUAttachmentModelReflection::`vftable',vftable,,,,,False,False,False,True,False,False,True
95,94,0x5E,??_7GPUAttachmentRenderable@Animator@@6B@,const Animator::GPUAttachmentRenderable::`vftable',vftable,,,,,False,False,False,True,False,False,True
96,95,0x5F,??_7PropertyHolderImpl@Animator@@6B@,const Animator::PropertyHolderImpl::`vftable',vftable,,,,,False,False,False,True,False,False,True
97,96,0x60,?Get@Timer@Animator@@QEAANXZ,public: double __cdecl Animator::Timer::Get(void),method,Animator,Timer,Get,void,False,False,False,False,False,False,True
98,97,0x61,?GetCenter@CharacterModelBase@Animator@@UEAAAEBVVec3f@osg@@XZ,public: virtual class osg::Vec3f const & __cdecl Animator::CharacterModelBase::GetCenter(void),method,Animator,CharacterModelBase,GetCenter,void,False,False,True,False,False,False,True
99,98,0x62,?GetConnector@CharacterModelBase@Animator@@UEAAPEAVModelConnector@Graphics@@AEBV?$basic_string@D@ed@@@Z,public: virtual class Graphics::ModelConnector * __cdecl Animator::CharacterModelBase::GetConnector(class ed::basic_string<char> const &),method,Animator,CharacterModelBase,GetConnector,class ed::basic_string<char> const &,False,False,True,False,False,False,True
100,99,0x63,?GetConnector@CharacterModelBase@Animator@@UEAAPEAVModelConnector@Graphics@@H@Z,public: virtual class Graphics::ModelConnector * __cdecl Animator::CharacterModelBase::GetConnector(int),method,Animator,CharacterModelBase,GetConnector,int,False,False,True,False,False,False,True
101,100,0x64,?GetConnector@CharacterModelBase@Animator@@UEAAPEAVModelConnector@Graphics@@PEBD@Z,public: virtual class Graphics::ModelConnector * __cdecl Animator::CharacterModelBase::GetConnector(char const *),method,Animator,CharacterModelBase,GetConnector,char const *,False,False,True,False,False,False,True
102,101,0x65,?GetDrawArguments@CharacterInstanceGraphicsReflection@Animator@@UEAAAEBV?$vector@MV?$allocator128@M@ed@@@ed@@XZ,"public: virtual class ed::vector<float, class ed::allocator128<float>> const & __cdecl Animator::CharacterInstanceGraphicsReflection::GetDrawArguments(void)",method,Animator,CharacterInstanceGraphicsReflection,GetDrawArguments,void,False,False,True,False,False,False,True
103,102,0x66,?GetPosition@CharacterInstanceGraphicsReflection@Animator@@UEAAAEBV?$wPosition3@M@@XZ,public: virtual class wPosition3<float> const & __cdecl Animator::CharacterInstanceGraphicsReflection::GetPosition(void),method,Animator,CharacterInstanceGraphicsReflection,GetPosition,void,False,False,True,False,False,False,True
104,103,0x67,?GetRadius@CharacterModelBase@Animator@@UEAAMXZ,public: virtual float __cdecl Animator::CharacterModelBase::GetRadius(void),method,Animator,CharacterModelBase,GetRadius,void,False,False,True,False,False,False,True
105,104,0x68,?GetScale@Timer@Animator@@QEAANXZ,public: double __cdecl Animator::Timer::GetScale(void),method,Animator,Timer,GetScale,void,False,False,False,False,False,False,True
106,105,0x69,?GetTexturesNames@CharacterModelBase@Animator@@UEBAXAEAV?$unordered_set@V?$basic_string@D@ed@@U?$hash@V?$basic_string@D@ed@@@std@@U?$equal_to@V?$basic_string@D@ed@@@4@V?$allocator@V?$basic_string@D@ed@@@2@@ed@@@Z,"public: virtual void __cdecl Animator::CharacterModelBase::GetTexturesNames(class ed::unordered_set<class ed::basic_string<char>, struct std::hash<class ed::basic_string<char>>, struct std::equal_to<class ed::basic_string<char>>, class ed::allocator<class ed::basic_string<char>>> &) const",method,Animator,CharacterModelBase,GetTexturesNames,"class ed::unordered_set<class ed::basic_string<char>, struct std::hash<class ed::basic_string<char>>, struct std::equal_to<class ed::basic_string<char>>, class ed::allocator<class ed::basic_string<char>>> &",True,False,True,False,False,False,True
107,106,0x6A,?GetTexturesTexCoords@CharacterModelBase@Animator@@UEBAXAEAV?$unordered_map@V?$basic_string@D@ed@@V?$vector@VVec3f@osg@@V?$allocator@VVec3f@osg@@@ed@@@2@U?$hash@V?$basic_string@D@ed@@@std@@U?$equal_to@V?$basic_string@D@ed@@@5@V?$allocator@U?$pair@$$CBV?$basic_string@D@ed@@V?$vector@VVec3f@osg@@V?$allocator@VVec3f@osg@@@ed@@@2@@std@@@2@@std@@@Z,"public: virtual void __cdecl Animator::CharacterModelBase::GetTexturesTexCoords(class std::unordered_map<class ed::basic_string<char>, class ed::vector<class osg::Vec3f, class ed::allocator<class osg::Vec3f>>, struct std::hash<class ed::basic_string<char>>, struct std::equal_to<class ed::basic_string<char>>, class ed::allocator<struct std::pair<class ed::basic_string<char> const, class ed::vector<class osg::Vec3f, class ed::allocator<class osg::Vec3f>>>>> &) const",method,Animator,CharacterModelBase,GetTexturesTexCoords,"class std::unordered_map<class ed::basic_string<char>, class ed::vector<class osg::Vec3f, class ed::allocator<class osg::Vec3f>>, struct std::hash<class ed::basic_string<char>>, struct std::equal_to<class ed::basic_string<char>>, class ed::allocator<struct std::pair<class ed::basic_string<char> const, class ed::vector<class osg::Vec3f, class ed::allocator<class osg::Vec3f>>>>> &",True,False,True,False,False,False,True
108,107,0x6B,?MAX_ARGS@InstanceData@Animator@@2HB,public: static int const Animator::InstanceData::MAX_ARGS,symbol,,,,,False,False,False,False,False,False,True
109,108,0x6C,?Parse@GPUAttachmentModel@Animator@@UEAAXAEAVModelInstance@Graphics@@AEAVModelParser@4@AEBV?$wPosition3@M@@PEAVeffectState@4@@Z,"public: virtual void __cdecl Animator::GPUAttachmentModel::Parse(class Graphics::ModelInstance &, class Graphics::ModelParser &, class wPosition3<float> const &, class Graphics::effectState *)",method,Animator,GPUAttachmentModel,Parse,"class Graphics::ModelInstance &, class Graphics::ModelParser &, class wPosition3<float> const &, class Graphics::effectState *",False,False,True,False,False,False,True
110,109,0x6D,?ParseMT2@GPUAttachmentModel@Animator@@UEAAXAEAVModelInstance@Graphics@@IPEAPEBUCollectionInfo@render@@QEB_NPEAPEAV?$vector@PEAUISceneRenderable@render@@V?$allocator@PEAUISceneRenderable@render@@@ed@@@ed@@AEAUILightProbeSampler@6@AEBV?$wPosition3@M@@@Z,"public: virtual void __cdecl Animator::GPUAttachmentModel::ParseMT2(class Graphics::ModelInstance &, unsigned int, struct render::CollectionInfo const **, bool const *const, class ed::vector<struct render::ISceneRenderable *, class ed::allocator<struct render::ISceneRenderable *>> **, struct render::ILightProbeSampler &, class wPosition3<float> const &)",method,Animator,GPUAttachmentModel,ParseMT2,"class Graphics::ModelInstance &, unsigned int, struct render::CollectionInfo const **, bool const *const, class ed::vector<struct render::ISceneRenderable *, class ed::allocator<struct render::ISceneRenderable *>> **, struct render::ILightProbeSampler &, class wPosition3<float> const &",False,False,True,False,False,False,True
111,110,0x6E,?Pos3_from_hor_dir@Animator@@YA?AV?$wPosition3@M@@AEBVVec3f@osg@@@Z,class wPosition3<float> __cdecl Animator::Pos3_from_hor_dir(class osg::Vec3f const &),method,,Animator,Pos3_from_hor_dir,class osg::Vec3f const &,False,False,False,False,False,False,True
112,111,0x6F,?Set@Timer@Animator@@QEAAXN@Z,public: void __cdecl Animator::Timer::Set(double),method,Animator,Timer,Set,double,False,False,False,False,False,False,True
113,112,0x70,?SetScale@Timer@Animator@@QEAAXN@Z,public: void __cdecl Animator::Timer::SetScale(double),method,Animator,Timer,SetScale,double,False,False,False,False,False,False,True
114,113,0x71,?Start@Timer@Animator@@QEAAXXZ,public: void __cdecl Animator::Timer::Start(void),method,Animator,Timer,Start,void,False,False,False,False,False,False,True
115,114,0x72,?Stop@Timer@Animator@@QEAAXXZ,public: void __cdecl Animator::Timer::Stop(void),method,Animator,Timer,Stop,void,False,False,False,False,False,False,True
116,115,0x73,?_add_clip@AnimationBlender2@Animator@@AEAAXH@Z,private: void __cdecl Animator::AnimationBlender2::_add_clip(int),method,Animator,AnimationBlender2,_add_clip,int,False,False,False,False,False,False,True
117,116,0x74,?_apply@Animation@Animator@@QEAA?AV?$tuple@MVMatrixf@osg@@@std@@MUTransitionParams@2@AEAUShaderAnimation@2@V?$function@$$A6AMAEBV?$basic_string@D@ed@@@Z@4@@Z,"public: class std::tuple<float, class osg::Matrixf> __cdecl Animator::Animation::_apply(float, struct Animator::TransitionParams, struct Animator::ShaderAnimation &, class std::function<float __cdecl(class ed::basic_string<char> const &)>)",method,Animator,Animation,_apply,"float, struct Animator::TransitionParams, struct Animator::ShaderAnimation &, class std::function<float __cdecl(class ed::basic_string<char> const &)>",False,False,False,False,False,False,True
118,117,0x75,?_apply_clip@AnimationBlender2@Animator@@AEAAXHH@Z,"private: void __cdecl Animator::AnimationBlender2::_apply_clip(int, int)",method,Animator,AnimationBlender2,_apply_clip,"int, int",False,False,False,False,False,False,True
119,118,0x76,?_apply_properties@AnimationBlender2@Animator@@AEAAXPEAUClip@12@@Z,private: void __cdecl Animator::AnimationBlender2::_apply_properties(struct Animator::AnimationBlender2::Clip *),method,Animator,AnimationBlender2,_apply_properties,struct Animator::AnimationBlender2::Clip *,False,False,False,False,False,False,True
120,119,0x77,?_blend@AnimationManager@Animator@@IEAAXAEBV?$vector@V?$aiMatrix4x4t@M@@V?$allocator@V?$aiMatrix4x4t@M@@@ed@@@ed@@0MAEAV34@@Z,"protected: void __cdecl Animator::AnimationManager::_blend(class ed::vector<class aiMatrix4x4t<float>, class ed::allocator<class aiMatrix4x4t<float>>> const &, class ed::vector<class aiMatrix4x4t<float>, class ed::allocator<class aiMatrix4x4t<float>>> const &, float, class ed::vector<class aiMatrix4x4t<float>, class ed::allocator<class aiMatrix4x4t<float>>> &)",method,Animator,AnimationManager,_blend,"class ed::vector<class aiMatrix4x4t<float>, class ed::allocator<class aiMatrix4x4t<float>>> const &, class ed::vector<class aiMatrix4x4t<float>, class ed::allocator<class aiMatrix4x4t<float>>> const &, float, class ed::vector<class aiMatrix4x4t<float>, class ed::allocator<class aiMatrix4x4t<float>>> &",False,False,False,False,False,False,True
121,120,0x78,?_build_bones@AnimationManager@Animator@@IEAAXAEBV?$vector@V?$aiMatrix4x4t@M@@V?$allocator@V?$aiMatrix4x4t@M@@@ed@@@ed@@AEAV?$vector@VVec3f@osg@@V?$allocator@VVec3f@osg@@@ed@@@4@@Z,"protected: void __cdecl Animator::AnimationManager::_build_bones(class ed::vector<class aiMatrix4x4t<float>, class ed::allocator<class aiMatrix4x4t<float>>> const &, class ed::vector<class osg::Vec3f, class ed::allocator<class osg::Vec3f>> &)",method,Animator,AnimationManager,_build_bones,"class ed::vector<class aiMatrix4x4t<float>, class ed::allocator<class aiMatrix4x4t<float>>> const &, class ed::vector<class osg::Vec3f, class ed::allocator<class osg::Vec3f>> &",False,False,False,False,False,False,True
122,121,0x79,?_build_local_transform@AnimationManager@Animator@@IEAA?AVMatrixf@osg@@HAEBV34@AEBV?$vector@VMatrixf@osg@@V?$allocator@VMatrixf@osg@@@ed@@@ed@@@Z,"protected: class osg::Matrixf __cdecl Animator::AnimationManager::_build_local_transform(int, class osg::Matrixf const &, class ed::vector<class osg::Matrixf, class ed::allocator<class osg::Matrixf>> const &)",method,Animator,AnimationManager,_build_local_transform,"int, class osg::Matrixf const &, class ed::vector<class osg::Matrixf, class ed::allocator<class osg::Matrixf>> const &",False,False,False,False,False,False,True
123,122,0x7A,?_build_local_transforms@AnimationManager@Animator@@IEAAXPEAUaiAnimation@@MAEAV?$vector@V?$aiMatrix4x4t@M@@V?$allocator@V?$aiMatrix4x4t@M@@@ed@@@ed@@@Z,"protected: void __cdecl Animator::AnimationManager::_build_local_transforms(struct aiAnimation *, float, class ed::vector<class aiMatrix4x4t<float>, class ed::allocator<class aiMatrix4x4t<float>>> &)",method,Animator,AnimationManager,_build_local_transforms,"struct aiAnimation *, float, class ed::vector<class aiMatrix4x4t<float>, class ed::allocator<class aiMatrix4x4t<float>>> &",False,False,False,False,False,False,True
124,123,0x7B,?_build_local_transforms_osg@AnimationManager@Animator@@IEAAXAEBV?$vector@VMatrixf@osg@@V?$allocator@VMatrixf@osg@@@ed@@@ed@@AEAV34@@Z,"protected: void __cdecl Animator::AnimationManager::_build_local_transforms_osg(class ed::vector<class osg::Matrixf, class ed::allocator<class osg::Matrixf>> const &, class ed::vector<class osg::Matrixf, class ed::allocator<class osg::Matrixf>> &)",method,Animator,AnimationManager,_build_local_transforms_osg,"class ed::vector<class osg::Matrixf, class ed::allocator<class osg::Matrixf>> const &, class ed::vector<class osg::Matrixf, class ed::allocator<class osg::Matrixf>> &",False,False,False,False,False,False,True
125,124,0x7C,?_build_world_transform_osg@AnimationManager@Animator@@IEAA?AVMatrixf@osg@@HAEBV34@AEBV?$vector@VMatrixf@osg@@V?$allocator@VMatrixf@osg@@@ed@@@ed@@VVec3f@4@@Z,"protected: class osg::Matrixf __cdecl Animator::AnimationManager::_build_world_transform_osg(int, class osg::Matrixf const &, class ed::vector<class osg::Matrixf, class ed::allocator<class osg::Matrixf>> const &, class osg::Vec3f)",method,Animator,AnimationManager,_build_world_transform_osg,"int, class osg::Matrixf const &, class ed::vector<class osg::Matrixf, class ed::allocator<class osg::Matrixf>> const &, class osg::Vec3f",False,False,False,False,False,False,True
126,125,0x7D,?_build_world_transforms@AnimationManager@Animator@@IEAAXAEBV?$vector@V?$aiMatrix4x4t@M@@V?$allocator@V?$aiMatrix4x4t@M@@@ed@@@ed@@AEAV34@@Z,"protected: void __cdecl Animator::AnimationManager::_build_world_transforms(class ed::vector<class aiMatrix4x4t<float>, class ed::allocator<class aiMatrix4x4t<float>>> const &, class ed::vector<class aiMatrix4x4t<float>, class ed::allocator<class aiMatrix4x4t<float>>> &)",method,Animator,AnimationManager,_build_world_transforms,"class ed::vector<class aiMatrix4x4t<float>, class ed::allocator<class aiMatrix4x4t<float>>> const &, class ed::vector<class aiMatrix4x4t<float>, class ed::allocator<class aiMatrix4x4t<float>>> &",False,False,False,False,False,False,True
127,126,0x7E,?_build_world_transforms_osg@AnimationManager@Animator@@IEAAXAEBV?$vector@VMatrixf@osg@@V?$allocator@VMatrixf@osg@@@ed@@@ed@@AEAV34@VVec3f@osg@@@Z,"protected: void __cdecl Animator::AnimationManager::_build_world_transforms_osg(class ed::vector<class osg::Matrixf, class ed::allocator<class osg::Matrixf>> const &, class ed::vector<class osg::Matrixf, class ed::allocator<class osg::Matrixf>> &, class osg::Vec3f)",method,Animator,AnimationManager,_build_world_transforms_osg,"class ed::vector<class osg::Matrixf, class ed::allocator<class osg::Matrixf>> const &, class ed::vector<class osg::Matrixf, class ed::allocator<class osg::Matrixf>> &, class osg::Vec3f",False,False,False,False,False,False,True
128,127,0x7F,?_calculate_initial_turn@CharacterController@Animator@@AEAA?AVVec3f@osg@@V34@0MAEAV?$vector@VVec3f@osg@@V?$allocator@VVec3f@osg@@@ed@@@ed@@@Z,"private: class osg::Vec3f __cdecl Animator::CharacterController::_calculate_initial_turn(class osg::Vec3f, class osg::Vec3f, float, class ed::vector<class osg::Vec3f, class ed::allocator<class osg::Vec3f>> &)",method,Animator,CharacterController,_calculate_initial_turn,"class osg::Vec3f, class osg::Vec3f, float, class ed::vector<class osg::Vec3f, class ed::allocator<class osg::Vec3f>> &",False,False,False,False,False,False,True
129,128,0x80,?_check_node_name_validity@AnimationManager@Animator@@IEAAXPEAUaiNodeAnim@@AEBV?$basic_string@D@ed@@@Z,"protected: void __cdecl Animator::AnimationManager::_check_node_name_validity(struct aiNodeAnim *, class ed::basic_string<char> const &)",method,Animator,AnimationManager,_check_node_name_validity,"struct aiNodeAnim *, class ed::basic_string<char> const &",False,False,False,False,False,False,True
130,129,0x81,?_clean_indices@GPUAttachmentModel@Animator@@QEAAXPEAUCharacterBatcher@2@@Z,public: void __cdecl Animator::GPUAttachmentModel::_clean_indices(struct Animator::CharacterBatcher *),method,Animator,GPUAttachmentModel,_clean_indices,struct Animator::CharacterBatcher *,False,False,False,False,False,False,True
131,130,0x82,?_compute_enabled@CharacterModelBase@Animator@@1_NA,protected: static bool Animator::CharacterModelBase::_compute_enabled,symbol,,,,,False,False,False,False,False,False,True
132,131,0x83,?_draw_clip@AnimationBlender2@Animator@@AEAAXPEAUClip@12@H@Z,"private: void __cdecl Animator::AnimationBlender2::_draw_clip(struct Animator::AnimationBlender2::Clip *, int)",method,Animator,AnimationBlender2,_draw_clip,"struct Animator::AnimationBlender2::Clip *, int",False,False,False,False,False,False,True
133,132,0x84,?_draw_drag_ctrl@AnimationBlender2@Animator@@AEAAXPEBD0PEAMV?$function@$$A6AXPEAUClip@AnimationBlender2@Animator@@MM@Z@std@@MM@Z,"private: void __cdecl Animator::AnimationBlender2::_draw_drag_ctrl(char const *, char const *, float *, class std::function<void __cdecl(struct Animator::AnimationBlender2::Clip *, float, float)>, float, float)",method,Animator,AnimationBlender2,_draw_drag_ctrl,"char const *, char const *, float *, class std::function<void __cdecl(struct Animator::AnimationBlender2::Clip *, float, float)>, float, float",False,False,False,False,False,False,True
134,133,0x85,?_get_clip_matrix@AnimationBlender2@Animator@@AEAA?AVMatrixf@osg@@PEAUClip@12@M@Z,"private: class osg::Matrixf __cdecl Animator::AnimationBlender2::_get_clip_matrix(struct Animator::AnimationBlender2::Clip *, float)",method,Animator,AnimationBlender2,_get_clip_matrix,"struct Animator::AnimationBlender2::Clip *, float",False,False,False,False,False,False,True
135,134,0x86,?_get_default_livery@CharacterModelBase@Animator@@IEAAAEAULiveryDesc@12@XZ,protected: struct Animator::CharacterModelBase::LiveryDesc & __cdecl Animator::CharacterModelBase::_get_default_livery(void),method,Animator,CharacterModelBase,_get_default_livery,void,False,False,False,False,False,False,True
136,135,0x87,?_get_instance_matrix@AnimationManager@Animator@@QEAA?AVMatrixf@osg@@MAEBUShaderAnimation@2@@Z,"public: class osg::Matrixf __cdecl Animator::AnimationManager::_get_instance_matrix(float, struct Animator::ShaderAnimation const &)",method,Animator,AnimationManager,_get_instance_matrix,"float, struct Animator::ShaderAnimation const &",False,False,False,False,False,False,True
137,136,0x88,?_get_instance_position@AnimationBlender2@Animator@@AEAA?AV?$wPosition3@M@@M@Z,private: class wPosition3<float> __cdecl Animator::AnimationBlender2::_get_instance_position(float),method,Animator,AnimationBlender2,_get_instance_position,float,False,False,False,False,False,False,True
138,137,0x89,?_get_lod@CharacterModelBase@Animator@@IEAAHM@Z,protected: int __cdecl Animator::CharacterModelBase::_get_lod(float),method,Animator,CharacterModelBase,_get_lod,float,False,False,False,False,False,False,True
139,138,0x8A,?_get_matrix@Animation@Animator@@IEBA?AVMatrixf@osg@@MVVec2f@4@VVec3f@4@V?$function@$$A6A?AV?$tuple@VQuatf@osg@@VVec3f@2@@std@@HMVVec3f@osg@@@Z@std@@@Z,"protected: class osg::Matrixf __cdecl Animator::Animation::_get_matrix(float, class osg::Vec2f, class osg::Vec3f, class std::function<class std::tuple<class osg::Quatf, class osg::Vec3f> __cdecl(int, float, class osg::Vec3f)>) const",method,Animator,Animation,_get_matrix,"float, class osg::Vec2f, class osg::Vec3f, class std::function<class std::tuple<class osg::Quatf, class osg::Vec3f> __cdecl(int, float, class osg::Vec3f)>",True,False,False,False,False,False,True
140,139,0x8B,?_get_node_matrix@CharacterModelCookie@Animator@@QEAA?AVMatrixf@osg@@MH_NH@Z,"public: class osg::Matrixf __cdecl Animator::CharacterModelCookie::_get_node_matrix(float, int, bool, int)",method,Animator,CharacterModelCookie,_get_node_matrix,"float, int, bool, int",False,False,False,False,False,False,True
141,140,0x8C,?_get_pose@AnimationManager@Animator@@IEAAXPEAUaiAnimation@@MAEAV?$vector@V?$aiMatrix4x4t@M@@V?$allocator@V?$aiMatrix4x4t@M@@@ed@@@ed@@1AEAV?$vector@VVec3f@osg@@V?$allocator@VVec3f@osg@@@ed@@@5@@Z,"protected: void __cdecl Animator::AnimationManager::_get_pose(struct aiAnimation *, float, class ed::vector<class aiMatrix4x4t<float>, class ed::allocator<class aiMatrix4x4t<float>>> &, class ed::vector<class aiMatrix4x4t<float>, class ed::allocator<class aiMatrix4x4t<float>>> &, class ed::vector<class osg::Vec3f, class ed::allocator<class osg::Vec3f>> &)",method,Animator,AnimationManager,_get_pose,"struct aiAnimation *, float, class ed::vector<class aiMatrix4x4t<float>, class ed::allocator<class aiMatrix4x4t<float>>> &, class ed::vector<class aiMatrix4x4t<float>, class ed::allocator<class aiMatrix4x4t<float>>> &, class ed::vector<class osg::Vec3f, class ed::allocator<class osg::Vec3f>> &",False,False,False,False,False,False,True
142,141,0x8D,?_get_tick@AnimationManager@Animator@@QEAAMPEAUaiAnimation@@M_N@Z,"public: float __cdecl Animator::AnimationManager::_get_tick(struct aiAnimation *, float, bool)",method,Animator,AnimationManager,_get_tick,"struct aiAnimation *, float, bool",False,False,False,False,False,False,True
143,142,0x8E,?_get_world_matrix@FabrikSolver@Animator@@AEAA?AVMatrixf@osg@@H@Z,private: class osg::Matrixf __cdecl Animator::FabrikSolver::_get_world_matrix(int),method,Animator,FabrikSolver,_get_world_matrix,int,False,False,False,False,False,False,True
144,143,0x8F,?_init_ik@AnimationManager@Animator@@IEAAXXZ,protected: void __cdecl Animator::AnimationManager::_init_ik(void),method,Animator,AnimationManager,_init_ik,void,False,False,False,False,False,False,True
145,144,0x90,?_load_animation@AnimationManager@Animator@@QEAAXPEBUaiScene@@AEBV?$basic_string@D@ed@@@Z,"public: void __cdecl Animator::AnimationManager::_load_animation(struct aiScene const *, class ed::basic_string<char> const &)",method,Animator,AnimationManager,_load_animation,"struct aiScene const *, class ed::basic_string<char> const &",False,False,False,False,False,False,True
146,145,0x91,?_load_blend_spaces@AnimationManager@Animator@@IEAAXAEBV?$vector@V?$basic_string@D@ed@@V?$allocator@V?$basic_string@D@ed@@@2@@ed@@AEAVConfig@Lua@@@Z,"protected: void __cdecl Animator::AnimationManager::_load_blend_spaces(class ed::vector<class ed::basic_string<char>, class ed::allocator<class ed::basic_string<char>>> const &, class Lua::Config &)",method,Animator,AnimationManager,_load_blend_spaces,"class ed::vector<class ed::basic_string<char>, class ed::allocator<class ed::basic_string<char>>> const &, class Lua::Config &",False,False,False,False,False,False,True
147,146,0x92,?_load_graph@AnimationManager@Animator@@IEAAXAEBV?$vector@V?$basic_string@D@ed@@V?$allocator@V?$basic_string@D@ed@@@2@@ed@@0AEAVConfig@Lua@@@Z,"protected: void __cdecl Animator::AnimationManager::_load_graph(class ed::vector<class ed::basic_string<char>, class ed::allocator<class ed::basic_string<char>>> const &, class ed::vector<class ed::basic_string<char>, class ed::allocator<class ed::basic_string<char>>> const &, class Lua::Config &)",method,Animator,AnimationManager,_load_graph,"class ed::vector<class ed::basic_string<char>, class ed::allocator<class ed::basic_string<char>>> const &, class ed::vector<class ed::basic_string<char>, class ed::allocator<class ed::basic_string<char>>> const &, class Lua::Config &",False,False,False,False,False,False,True
148,147,0x93,?_load_masks@AnimationManager@Animator@@IEAAXAEBV?$vector@V?$basic_string@D@ed@@V?$allocator@V?$basic_string@D@ed@@@2@@ed@@AEAVConfig@Lua@@@Z,"protected: void __cdecl Animator::AnimationManager::_load_masks(class ed::vector<class ed::basic_string<char>, class ed::allocator<class ed::basic_string<char>>> const &, class Lua::Config &)",method,Animator,AnimationManager,_load_masks,"class ed::vector<class ed::basic_string<char>, class ed::allocator<class ed::basic_string<char>>> const &, class Lua::Config &",False,False,False,False,False,False,True
149,148,0x94,?_load_overrides@AnimationManager@Animator@@IEAAXAEBV?$vector@V?$basic_string@D@ed@@V?$allocator@V?$basic_string@D@ed@@@2@@ed@@AEAVConfig@Lua@@@Z,"protected: void __cdecl Animator::AnimationManager::_load_overrides(class ed::vector<class ed::basic_string<char>, class ed::allocator<class ed::basic_string<char>>> const &, class Lua::Config &)",method,Animator,AnimationManager,_load_overrides,"class ed::vector<class ed::basic_string<char>, class ed::allocator<class ed::basic_string<char>>> const &, class Lua::Config &",False,False,False,False,False,False,True
150,149,0x95,?_make_turn@CharacterController@Animator@@AEAAXAEBVVec3f@osg@@00MMAEAV?$vector@VVec3f@osg@@V?$allocator@VVec3f@osg@@@ed@@@ed@@@Z,"private: void __cdecl Animator::CharacterController::_make_turn(class osg::Vec3f const &, class osg::Vec3f const &, class osg::Vec3f const &, float, float, class ed::vector<class osg::Vec3f, class ed::allocator<class osg::Vec3f>> &)",method,Animator,CharacterController,_make_turn,"class osg::Vec3f const &, class osg::Vec3f const &, class osg::Vec3f const &, float, float, class ed::vector<class osg::Vec3f, class ed::allocator<class osg::Vec3f>> &",False,False,False,False,False,False,True
151,150,0x96,?_match_pose@AnimationBlender2@Animator@@AEAAXMH@Z,"private: void __cdecl Animator::AnimationBlender2::_match_pose(float, int)",method,Animator,AnimationBlender2,_match_pose,"float, int",False,False,False,False,False,False,True
152,151,0x97,?_process_path@AnimationController@Animator@@QEAA?AV?$tuple@MM@std@@AEAUGraphQuery@AnimationGraph@2@PEBDM@Z,"public: class std::tuple<float, float> __cdecl Animator::AnimationController::_process_path(struct Animator::AnimationGraph::GraphQuery &, char const *, float)",method,Animator,AnimationController,_process_path,"struct Animator::AnimationGraph::GraphQuery &, char const *, float",False,False,False,False,False,False,True
153,152,0x98,?_record_root_motion@AnimationManager@Animator@@IEAAXPEAUaiAnimation@@AEAUAnimationDescription@12@@Z,"protected: void __cdecl Animator::AnimationManager::_record_root_motion(struct aiAnimation *, struct Animator::AnimationManager::AnimationDescription &)",method,Animator,AnimationManager,_record_root_motion,"struct aiAnimation *, struct Animator::AnimationManager::AnimationDescription &",False,False,False,False,False,False,True
154,153,0x99,?_register_livery@CharacterModelBase@Animator@@IEAA_NIAEAVVec3i@osg@@@Z,"protected: bool __cdecl Animator::CharacterModelBase::_register_livery(unsigned int, class osg::Vec3i &)",method,Animator,CharacterModelBase,_register_livery,"unsigned int, class osg::Vec3i &",False,False,False,False,False,False,True
155,154,0x9A,?_remove_clip@AnimationBlender2@Animator@@AEAAXH@Z,private: void __cdecl Animator::AnimationBlender2::_remove_clip(int),method,Animator,AnimationBlender2,_remove_clip,int,False,False,False,False,False,False,True
156,155,0x9B,?_render_skeleton@AnimationBlender2@Animator@@AEAAXAEBVMatrixf@osg@@0@Z,"private: void __cdecl Animator::AnimationBlender2::_render_skeleton(class osg::Matrixf const &, class osg::Matrixf const &)",method,Animator,AnimationBlender2,_render_skeleton,"class osg::Matrixf const &, class osg::Matrixf const &",False,False,False,False,False,False,True
157,156,0x9C,?_render_skeleton@AnimationBlender2@Animator@@AEAAXMHAEBVVec4f@osg@@AEBVMatrixf@4@1_N@Z,"private: void __cdecl Animator::AnimationBlender2::_render_skeleton(float, int, class osg::Vec4f const &, class osg::Matrixf const &, class osg::Matrixf const &, bool)",method,Animator,AnimationBlender2,_render_skeleton,"float, int, class osg::Vec4f const &, class osg::Matrixf const &, class osg::Matrixf const &, bool",False,False,False,False,False,False,True
158,157,0x9D,?_rendering_enabled@CharacterModelBase@Animator@@1_NA,protected: static bool Animator::CharacterModelBase::_rendering_enabled,symbol,,,,,False,False,False,False,False,False,True
159,158,0x9E,?_resize_to_fit@GPUAttachmentModel@Animator@@AEAAXXZ,private: void __cdecl Animator::GPUAttachmentModel::_resize_to_fit(void),method,Animator,GPUAttachmentModel,_resize_to_fit,void,False,False,False,False,False,False,True
160,159,0x9F,?_root_request@Animation@Animator@@IEBA?AV?$tuple@VQuatf@osg@@VVec3f@2@@std@@HMVVec3f@osg@@@Z,"protected: class std::tuple<class osg::Quatf, class osg::Vec3f> __cdecl Animator::Animation::_root_request(int, float, class osg::Vec3f) const",method,Animator,Animation,_root_request,"int, float, class osg::Vec3f",True,False,False,False,False,False,True
161,160,0xA0,?_set_clip@AnimationBlender2@Animator@@AEAAXH@Z,private: void __cdecl Animator::AnimationBlender2::_set_clip(int),method,Animator,AnimationBlender2,_set_clip,int,False,False,False,False,False,False,True
162,161,0xA1,?_set_default_livery@CharacterModelBase@Animator@@IEAAXAEBULiveryDesc@12@@Z,protected: void __cdecl Animator::CharacterModelBase::_set_default_livery(struct Animator::CharacterModelBase::LiveryDesc const &),method,Animator,CharacterModelBase,_set_default_livery,struct Animator::CharacterModelBase::LiveryDesc const &,False,False,False,False,False,False,True
163,162,0xA2,?_shadow_enabled@CharacterModelBase@Animator@@1_NA,protected: static bool Animator::CharacterModelBase::_shadow_enabled,symbol,,,,,False,False,False,False,False,False,True
164,163,0xA3,?_smooth_route2@CharacterController@Animator@@AEAAXAEBV?$vector@VVec3f@osg@@V?$allocator@VVec3f@osg@@@ed@@@ed@@AEAV34@@Z,"private: void __cdecl Animator::CharacterController::_smooth_route2(class ed::vector<class osg::Vec3f, class ed::allocator<class osg::Vec3f>> const &, class ed::vector<class osg::Vec3f, class ed::allocator<class osg::Vec3f>> &)",method,Animator,CharacterController,_smooth_route2,"class ed::vector<class osg::Vec3f, class ed::allocator<class osg::Vec3f>> const &, class ed::vector<class osg::Vec3f, class ed::allocator<class osg::Vec3f>> &",False,False,False,False,False,False,True
165,164,0xA4,?_smooth_route3@CharacterController@Animator@@QEAAXAEBV?$vector@VVec3f@osg@@V?$allocator@VVec3f@osg@@@ed@@@ed@@AEAV34@_N@Z,"public: void __cdecl Animator::CharacterController::_smooth_route3(class ed::vector<class osg::Vec3f, class ed::allocator<class osg::Vec3f>> const &, class ed::vector<class osg::Vec3f, class ed::allocator<class osg::Vec3f>> &, bool)",method,Animator,CharacterController,_smooth_route3,"class ed::vector<class osg::Vec3f, class ed::allocator<class osg::Vec3f>> const &, class ed::vector<class osg::Vec3f, class ed::allocator<class osg::Vec3f>> &, bool",False,False,False,False,False,False,True
166,165,0xA5,?_smooth_route@CharacterController@Animator@@AEAAXAEBV?$vector@VVec3f@osg@@V?$allocator@VVec3f@osg@@@ed@@@ed@@AEAV34@@Z,"private: void __cdecl Animator::CharacterController::_smooth_route(class ed::vector<class osg::Vec3f, class ed::allocator<class osg::Vec3f>> const &, class ed::vector<class osg::Vec3f, class ed::allocator<class osg::Vec3f>> &)",method,Animator,CharacterController,_smooth_route,"class ed::vector<class osg::Vec3f, class ed::allocator<class osg::Vec3f>> const &, class ed::vector<class osg::Vec3f, class ed::allocator<class osg::Vec3f>> &",False,False,False,False,False,False,True
167,166,0xA6,?_solve_chain@FabrikSolver@Animator@@AEAA_NAEBUEffector@12@@Z,private: bool __cdecl Animator::FabrikSolver::_solve_chain(struct Animator::FabrikSolver::Effector const &),method,Animator,FabrikSolver,_solve_chain,struct Animator::FabrikSolver::Effector const &,False,False,False,False,False,False,True
168,167,0xA7,?_top_down_traverse2@FabrikSolver@Animator@@AEAAXAEAV?$function@$$A6A_NH@Z@std@@@Z,private: void __cdecl Animator::FabrikSolver::_top_down_traverse2(class std::function<bool __cdecl(int)> &),method,Animator,FabrikSolver,_top_down_traverse2,class std::function<bool __cdecl(int)> &,False,False,False,False,False,False,True
169,168,0xA8,?_top_down_traverse2@FabrikSolver@Animator@@AEAAXHAEAV?$function@$$A6A_NH@Z@std@@@Z,"private: void __cdecl Animator::FabrikSolver::_top_down_traverse2(int, class std::function<bool __cdecl(int)> &)",method,Animator,FabrikSolver,_top_down_traverse2,"int, class std::function<bool __cdecl(int)> &",False,False,False,False,False,False,True
170,169,0xA9,?_top_down_traverse@FabrikSolver@Animator@@AEAAXAEAV?$function@$$A6AXH@Z@std@@@Z,private: void __cdecl Animator::FabrikSolver::_top_down_traverse(class std::function<void __cdecl(int)> &),method,Animator,FabrikSolver,_top_down_traverse,class std::function<void __cdecl(int)> &,False,False,False,False,False,False,True
171,170,0xAA,?_top_down_traverse@FabrikSolver@Animator@@AEAAXHAEAV?$function@$$A6AXH@Z@std@@@Z,"private: void __cdecl Animator::FabrikSolver::_top_down_traverse(int, class std::function<void __cdecl(int)> &)",method,Animator,FabrikSolver,_top_down_traverse,"int, class std::function<void __cdecl(int)> &",False,False,False,False,False,False,True
172,171,0xAB,?_update_cookie@AnimationBlender2@Animator@@AEAAXXZ,private: void __cdecl Animator::AnimationBlender2::_update_cookie(void),method,Animator,AnimationBlender2,_update_cookie,void,False,False,False,False,False,False,True
173,172,0xAC,?_update_timeline@AnimationBlender2@Animator@@AEAAXXZ,private: void __cdecl Animator::AnimationBlender2::_update_timeline(void),method,Animator,AnimationBlender2,_update_timeline,void,False,False,False,False,False,False,True
174,173,0xAD,?add_bone@FabrikSolver@Animator@@QEAAXHAEBV?$basic_string@D@ed@@H@Z,"public: void __cdecl Animator::FabrikSolver::add_bone(int, class ed::basic_string<char> const &, int)",method,Animator,FabrikSolver,add_bone,"int, class ed::basic_string<char> const &, int",False,False,False,False,False,False,True
175,174,0xAE,?add_debug_name_filter@Animator@@YAXAEBV?$basic_string@D@ed@@@Z,void __cdecl Animator::add_debug_name_filter(class ed::basic_string<char> const &),method,,Animator,add_debug_name_filter,class ed::basic_string<char> const &,False,False,False,False,False,False,True
176,175,0xAF,?add_effector@FabrikSolver@Animator@@QEAAHAEBV?$basic_string@D@ed@@@Z,public: int __cdecl Animator::FabrikSolver::add_effector(class ed::basic_string<char> const &),method,Animator,FabrikSolver,add_effector,class ed::basic_string<char> const &,False,False,False,False,False,False,True
177,176,0xB0,?add_gpu_attachment@CharacterModelCookie@Animator@@QEAAX$$QEAV?$unique_ptr@VModelCookie@model@@UModelCookieDeleter@2@@std@@@Z,"public: void __cdecl Animator::CharacterModelCookie::add_gpu_attachment(class std::unique_ptr<class model::ModelCookie, struct model::ModelCookieDeleter> &&)",method,Animator,CharacterModelCookie,add_gpu_attachment,"class std::unique_ptr<class model::ModelCookie, struct model::ModelCookieDeleter> &&",False,False,False,False,False,False,True
178,177,0xB1,?add_instance@GPUAttachmentModelReflection@Animator@@UEAAXPEAVGPUAttachmentCookie@2@@Z,public: virtual void __cdecl Animator::GPUAttachmentModelReflection::add_instance(class Animator::GPUAttachmentCookie *),method,Animator,GPUAttachmentModelReflection,add_instance,class Animator::GPUAttachmentCookie *,False,False,True,False,False,False,True
179,178,0xB2,?angle_between_vectors@Animator@@YAMAEBVVec3f@osg@@0@Z,"float __cdecl Animator::angle_between_vectors(class osg::Vec3f const &, class osg::Vec3f const &)",method,,Animator,angle_between_vectors,"class osg::Vec3f const &, class osg::Vec3f const &",False,False,False,False,False,False,True
180,179,0xB3,?apply@Animation@Animator@@QEAA?AV?$tuple@MVMatrixf@osg@@@std@@MAEBV?$unordered_map@V?$basic_string@D@ed@@MU?$hash@V?$basic_string@D@ed@@@std@@U?$equal_to@V?$basic_string@D@ed@@@4@V?$allocator@U?$pair@$$CBV?$basic_string@D@ed@@M@std@@@4@@4@UTransitionParams@2@AEAUShaderAnimation@2@@Z,"public: class std::tuple<float, class osg::Matrixf> __cdecl Animator::Animation::apply(float, class std::unordered_map<class ed::basic_string<char>, float, struct std::hash<class ed::basic_string<char>>, struct std::equal_to<class ed::basic_string<char>>, class std::allocator<struct std::pair<class ed::basic_string<char> const, float>>> const &, struct Animator::TransitionParams, struct Animator::ShaderAnimation &)",method,Animator,Animation,apply,"float, class std::unordered_map<class ed::basic_string<char>, float, struct std::hash<class ed::basic_string<char>>, struct std::equal_to<class ed::basic_string<char>>, class std::allocator<struct std::pair<class ed::basic_string<char> const, float>>> const &, struct Animator::TransitionParams, struct Animator::ShaderAnimation &",False,False,False,False,False,False,True
181,180,0xB4,?apply@Animation@Animator@@QEAA?AV?$tuple@MVMatrixf@osg@@@std@@MPEAVIPropertyHolder@2@UTransitionParams@2@AEAUShaderAnimation@2@@Z,"public: class std::tuple<float, class osg::Matrixf> __cdecl Animator::Animation::apply(float, class Animator::IPropertyHolder *, struct Animator::TransitionParams, struct Animator::ShaderAnimation &)",method,Animator,Animation,apply,"float, class Animator::IPropertyHolder *, struct Animator::TransitionParams, struct Animator::ShaderAnimation &",False,False,False,False,False,False,True
182,181,0xB5,?applyMults@CharacterModelBase@Animator@@UEAAXAEBV?$unordered_map@V?$basic_string@D@ed@@UMultCoefs@@U?$hash@V?$basic_string@D@ed@@@std@@U?$equal_to@V?$basic_string@D@ed@@@5@V?$allocator@U?$pair@$$CBV?$basic_string@D@ed@@UMultCoefs@@@std@@@2@@std@@@Z,"public: virtual void __cdecl Animator::CharacterModelBase::applyMults(class std::unordered_map<class ed::basic_string<char>, struct MultCoefs, struct std::hash<class ed::basic_string<char>>, struct std::equal_to<class ed::basic_string<char>>, class ed::allocator<struct std::pair<class ed::basic_string<char> const, struct MultCoefs>>> const &)",method,Animator,CharacterModelBase,applyMults,"class std::unordered_map<class ed::basic_string<char>, struct MultCoefs, struct std::hash<class ed::basic_string<char>>, struct std::equal_to<class ed::basic_string<char>>, class ed::allocator<struct std::pair<class ed::basic_string<char> const, struct MultCoefs>>> const &",False,False,True,False,False,False,True
183,182,0xB6,?apply_ik@AnimationManager@Animator@@QEAA_NXZ,public: bool __cdecl Animator::AnimationManager::apply_ik(void),method,Animator,AnimationManager,apply_ik,void,False,False,False,False,False,False,True
184,183,0xB7,?batch_render@GPUAttachmentModel@Animator@@QEAAXPEAUCharacterBatcher@2@@Z,public: void __cdecl Animator::GPUAttachmentModel::batch_render(struct Animator::CharacterBatcher *),method,Animator,GPUAttachmentModel,batch_render,struct Animator::CharacterBatcher *,False,False,False,False,False,False,True
185,184,0xB8,?blend_matrices@Animator@@YA?AVMatrixf@osg@@AEBV23@0M@Z,"class osg::Matrixf __cdecl Animator::blend_matrices(class osg::Matrixf const &, class osg::Matrixf const &, float)",method,,Animator,blend_matrices,"class osg::Matrixf const &, class osg::Matrixf const &, float",False,False,False,False,False,False,True
186,185,0xB9,?build_node_trajectory@AnimationManager@Animator@@QEAAXAEAV?$vector@VVec3d@osg@@V?$allocator@VVec3d@osg@@@std@@@std@@HPEBD@Z,"public: void __cdecl Animator::AnimationManager::build_node_trajectory(class std::vector<class osg::Vec3d, class std::allocator<class osg::Vec3d>> &, int, char const *)",method,Animator,AnimationManager,build_node_trajectory,"class std::vector<class osg::Vec3d, class std::allocator<class osg::Vec3d>> &, int, char const *",False,False,False,False,False,False,True
187,186,0xBA,?build_world_transforms_osg@AnimationManager@Animator@@QEAA?AV?$vector@VMatrixf@osg@@V?$allocator@VMatrixf@osg@@@ed@@@ed@@AEBV34@VVec3f@osg@@@Z,"public: class ed::vector<class osg::Matrixf, class ed::allocator<class osg::Matrixf>> __cdecl Animator::AnimationManager::build_world_transforms_osg(class ed::vector<class osg::Matrixf, class ed::allocator<class osg::Matrixf>> const &, class osg::Vec3f)",method,Animator,AnimationManager,build_world_transforms_osg,"class ed::vector<class osg::Matrixf, class ed::allocator<class osg::Matrixf>> const &, class osg::Vec3f",False,False,False,False,False,False,True
188,187,0xBB,?calculate_bounds@CharacterModelBase@Animator@@IEAAXPEAUaiNode@@AEAV?$BoundingBoxImpl@VVec3f@osg@@@osg@@@Z,"protected: void __cdecl Animator::CharacterModelBase::calculate_bounds(struct aiNode *, class osg::BoundingBoxImpl<class osg::Vec3f> &)",method,Animator,CharacterModelBase,calculate_bounds,"struct aiNode *, class osg::BoundingBoxImpl<class osg::Vec3f> &",False,False,False,False,False,False,True
189,188,0xBC,?change_animation_state@AnimationController@Animator@@QEAA?AVVec2f@osg@@MAEBV?$basic_string@D@ed@@_N@Z,"public: class osg::Vec2f __cdecl Animator::AnimationController::change_animation_state(float, class ed::basic_string<char> const &, bool)",method,Animator,AnimationController,change_animation_state,"float, class ed::basic_string<char> const &, bool",False,False,False,False,False,False,True
190,189,0xBD,?change_animation_state@AnimationStateMachine@Animator@@IEAA?AVVec2f@osg@@MAEBUSceneStageDesc@2@@Z,"protected: class osg::Vec2f __cdecl Animator::AnimationStateMachine::change_animation_state(float, struct Animator::SceneStageDesc const &)",method,Animator,AnimationStateMachine,change_animation_state,"float, struct Animator::SceneStageDesc const &",False,False,False,False,False,False,True
191,190,0xBE,?change_speed_direction@AnimationStateMachine@Animator@@IEAAXXZ,protected: void __cdecl Animator::AnimationStateMachine::change_speed_direction(void),method,Animator,AnimationStateMachine,change_speed_direction,void,False,False,False,False,False,False,True
192,191,0xBF,?clamp@Animator@@YAMMMM@Z,"float __cdecl Animator::clamp(float, float, float)",method,,Animator,clamp,"float, float, float",False,False,False,False,False,False,True
193,192,0xC0,?clear@InstanceData@Animator@@QEAAXPEAVCharacterModelCookie@2@_N@Z,"public: void __cdecl Animator::InstanceData::clear(class Animator::CharacterModelCookie *, bool)",method,Animator,InstanceData,clear,"class Animator::CharacterModelCookie *, bool",False,False,False,False,False,False,True
194,193,0xC1,?clear_data@CharacterModelCookie@Animator@@QEAAXXZ,public: void __cdecl Animator::CharacterModelCookie::clear_data(void),method,Animator,CharacterModelCookie,clear_data,void,False,False,False,False,False,False,True
195,194,0xC2,?clear_route@CharacterController@Animator@@QEAAXXZ,public: void __cdecl Animator::CharacterController::clear_route(void),method,Animator,CharacterController,clear_route,void,False,False,False,False,False,False,True
196,195,0xC3,?clone@CharacterModelCookie@Animator@@UEBA?AV?$unique_ptr@VModelCookie@model@@UModelCookieDeleter@2@@std@@XZ,"public: virtual class std::unique_ptr<class model::ModelCookie, struct model::ModelCookieDeleter> __cdecl Animator::CharacterModelCookie::clone(void) const",method,Animator,CharacterModelCookie,clone,void,True,False,True,False,False,False,True
197,196,0xC4,?clone@GPUAttachmentCookie@Animator@@UEBA?AV?$unique_ptr@VModelCookie@model@@UModelCookieDeleter@2@@std@@XZ,"public: virtual class std::unique_ptr<class model::ModelCookie, struct model::ModelCookieDeleter> __cdecl Animator::GPUAttachmentCookie::clone(void) const",method,Animator,GPUAttachmentCookie,clone,void,True,False,True,False,False,False,True
198,197,0xC5,?collectRenderables@CharacterInstanceGraphicsReflection@Animator@@UEAAXIQEAPEBUCollectionInfo@render@@QEB_NQEAPEAV?$vector@PEAUISceneRenderable@render@@V?$allocator@PEAUISceneRenderable@render@@@ed@@@ed@@AEAUILightProbeSampler@4@@Z,"public: virtual void __cdecl Animator::CharacterInstanceGraphicsReflection::collectRenderables(unsigned int, struct render::CollectionInfo const **const, bool const *const, class ed::vector<struct render::ISceneRenderable *, class ed::allocator<struct render::ISceneRenderable *>> **const, struct render::ILightProbeSampler &)",method,Animator,CharacterInstanceGraphicsReflection,collectRenderables,"unsigned int, struct render::CollectionInfo const **const, bool const *const, class ed::vector<struct render::ISceneRenderable *, class ed::allocator<struct render::ISceneRenderable *>> **const, struct render::ILightProbeSampler &",False,False,True,False,False,False,True
199,198,0xC6,?collect_matrix_chain@CharacterModelBase@Animator@@IEAA?AV?$aiMatrix4x4t@M@@PEBUaiScene@@I@Z,"protected: class aiMatrix4x4t<float> __cdecl Animator::CharacterModelBase::collect_matrix_chain(struct aiScene const *, unsigned int)",method,Animator,CharacterModelBase,collect_matrix_chain,"struct aiScene const *, unsigned int",False,False,False,False,False,False,True
200,199,0xC7,?compute@AnimationManager@Animator@@QEAAXUComputePassParams@12@@Z,public: void __cdecl Animator::AnimationManager::compute(struct Animator::AnimationManager::ComputePassParams),method,Animator,AnimationManager,compute,struct Animator::AnimationManager::ComputePassParams,False,False,False,False,False,False,True
201,200,0xC8,?create_connectors@CharacterModelBase@Animator@@IEAAXAEAVConfig@Lua@@@Z,protected: void __cdecl Animator::CharacterModelBase::create_connectors(class Lua::Config &),method,Animator,CharacterModelBase,create_connectors,class Lua::Config &,False,False,False,False,False,False,True
202,201,0xC9,?create_cookie@GPUAttachmentModel@Animator@@UEAA?AV?$unique_ptr@VModelCookie@model@@UModelCookieDeleter@2@@std@@XZ,"public: virtual class std::unique_ptr<class model::ModelCookie, struct model::ModelCookieDeleter> __cdecl Animator::GPUAttachmentModel::create_cookie(void)",method,Animator,GPUAttachmentModel,create_cookie,void,False,False,True,False,False,False,True
203,202,0xCA,?create_gpu_animations@AnimationManager@Animator@@IEAAXXZ,protected: void __cdecl Animator::AnimationManager::create_gpu_animations(void),method,Animator,AnimationManager,create_gpu_animations,void,False,False,False,False,False,False,True
204,203,0xCB,?create_meshes@CharacterModelBase@Animator@@MEAAXPEBUaiScene@@AEAV?$vector@V?$shared_ptr@VAnimatorMeshBase@Animator@@@std@@V?$allocator@V?$shared_ptr@VAnimatorMeshBase@Animator@@@std@@@ed@@@ed@@@Z,"protected: virtual void __cdecl Animator::CharacterModelBase::create_meshes(struct aiScene const *, class ed::vector<class std::shared_ptr<class Animator::AnimatorMeshBase>, class ed::allocator<class std::shared_ptr<class Animator::AnimatorMeshBase>>> &)",method,Animator,CharacterModelBase,create_meshes,"struct aiScene const *, class ed::vector<class std::shared_ptr<class Animator::AnimatorMeshBase>, class ed::allocator<class std::shared_ptr<class Animator::AnimatorMeshBase>>> &",False,False,True,False,False,False,True
205,204,0xCC,?create_meshes@GPUAttachmentModel@Animator@@UEAAXPEBUaiScene@@AEAV?$vector@V?$shared_ptr@VAnimatorMeshBase@Animator@@@std@@V?$allocator@V?$shared_ptr@VAnimatorMeshBase@Animator@@@std@@@ed@@@ed@@@Z,"public: virtual void __cdecl Animator::GPUAttachmentModel::create_meshes(struct aiScene const *, class ed::vector<class std::shared_ptr<class Animator::AnimatorMeshBase>, class ed::allocator<class std::shared_ptr<class Animator::AnimatorMeshBase>>> &)",method,Animator,GPUAttachmentModel,create_meshes,"struct aiScene const *, class ed::vector<class std::shared_ptr<class Animator::AnimatorMeshBase>, class ed::allocator<class std::shared_ptr<class Animator::AnimatorMeshBase>>> &",False,False,True,False,False,False,True
206,205,0xCD,?create_shader@CharacterModelBase@Animator@@IEAAXXZ,protected: void __cdecl Animator::CharacterModelBase::create_shader(void),method,Animator,CharacterModelBase,create_shader,void,False,False,False,False,False,False,True
207,206,0xCE,?debug_filter@Animator@@YAXAEBV?$basic_string@D@ed@@HPEBDZZ,"void __cdecl Animator::debug_filter(class ed::basic_string<char> const &, int, char const *, ...)",method,,Animator,debug_filter,"class ed::basic_string<char> const &, int, char const *, ...",False,False,False,False,False,False,True
208,207,0xCF,?deserialize_state@CharacterModelCookie@Animator@@UEAAXAEBVMessage@Mail@@@Z,public: virtual void __cdecl Animator::CharacterModelCookie::deserialize_state(class Mail::Message const &),method,Animator,CharacterModelCookie,deserialize_state,class Mail::Message const &,False,False,True,False,False,False,True
209,208,0xD0,?deserialize_state@GPUAttachmentCookie@Animator@@QEAAXAEAVReader@Mail@@@Z,public: void __cdecl Animator::GPUAttachmentCookie::deserialize_state(class Mail::Reader &),method,Animator,GPUAttachmentCookie,deserialize_state,class Mail::Reader &,False,False,False,False,False,False,True
210,209,0xD1,?deserialize_state@GPUAttachmentCookie@Animator@@UEAAXAEBVMessage@Mail@@@Z,public: virtual void __cdecl Animator::GPUAttachmentCookie::deserialize_state(class Mail::Message const &),method,Animator,GPUAttachmentCookie,deserialize_state,class Mail::Message const &,False,False,True,False,False,False,True
211,210,0xD2,?deserialize_state@GPUAttachmentModel@Animator@@QEAAXAEAVReader@Mail@@@Z,public: void __cdecl Animator::GPUAttachmentModel::deserialize_state(class Mail::Reader &),method,Animator,GPUAttachmentModel,deserialize_state,class Mail::Reader &,False,False,False,False,False,False,True
212,211,0xD3,?deserialize_state@GPUAttachmentModel@Animator@@UEAAXAEBVMessage@Mail@@@Z,public: virtual void __cdecl Animator::GPUAttachmentModel::deserialize_state(class Mail::Message const &),method,Animator,GPUAttachmentModel,deserialize_state,class Mail::Message const &,False,False,True,False,False,False,True
213,212,0xD4,?deserialize_state@GPUAttachmentModelReflection@Animator@@QEAAXAEAVReader@Mail@@@Z,public: void __cdecl Animator::GPUAttachmentModelReflection::deserialize_state(class Mail::Reader &),method,Animator,GPUAttachmentModelReflection,deserialize_state,class Mail::Reader &,False,False,False,False,False,False,True
214,213,0xD5,?deserialize_state@GPUAttachmentModelReflection@Animator@@UEAAXAEBVMessage@Mail@@@Z,public: virtual void __cdecl Animator::GPUAttachmentModelReflection::deserialize_state(class Mail::Message const &),method,Animator,GPUAttachmentModelReflection,deserialize_state,class Mail::Message const &,False,False,True,False,False,False,True
215,214,0xD6,?destroy@CharacterModelCookie@Animator@@UEAAXXZ,public: virtual void __cdecl Animator::CharacterModelCookie::destroy(void),method,Animator,CharacterModelCookie,destroy,void,False,False,True,False,False,False,True
216,215,0xD7,?destroy@GPUAttachmentCookie@Animator@@UEAAXXZ,public: virtual void __cdecl Animator::GPUAttachmentCookie::destroy(void),method,Animator,GPUAttachmentCookie,destroy,void,False,False,True,False,False,False,True
217,216,0xD8,?doRender@GPUAttachmentRenderable@Animator@@UEAAXPEBUSceneRenderContext@render@@@Z,public: virtual void __cdecl Animator::GPUAttachmentRenderable::doRender(struct render::SceneRenderContext const *),method,Animator,GPUAttachmentRenderable,doRender,struct render::SceneRenderContext const *,False,False,True,False,False,False,True
218,217,0xD9,?do_load_basic@CharacterModelBase@Animator@@MEAAXXZ,protected: virtual void __cdecl Animator::CharacterModelBase::do_load_basic(void),method,Animator,CharacterModelBase,do_load_basic,void,False,False,True,False,False,False,True
219,218,0xDA,?do_load_main@CharacterModelBase@Animator@@MEAAXXZ,protected: virtual void __cdecl Animator::CharacterModelBase::do_load_main(void),method,Animator,CharacterModelBase,do_load_main,void,False,False,True,False,False,False,True
220,219,0xDB,?draw_anim_explorer@Animator@@YAXAEAV?$vector@V?$tuple@HV?$basic_string@D@ed@@VVec3f@osg@@V34@V34@V34@VVec2f@4@@std@@V?$allocator@V?$tuple@HV?$basic_string@D@ed@@VVec3f@osg@@V34@V34@V34@VVec2f@4@@std@@@ed@@@ed@@M@Z,"void __cdecl Animator::draw_anim_explorer(class ed::vector<class std::tuple<int, class ed::basic_string<char>, class osg::Vec3f, class osg::Vec3f, class osg::Vec3f, class osg::Vec3f, class osg::Vec2f>, class ed::allocator<class std::tuple<int, class ed::basic_string<char>, class osg::Vec3f, class osg::Vec3f, class osg::Vec3f, class osg::Vec3f, class osg::Vec2f>>> &, float)",method,,Animator,draw_anim_explorer,"class ed::vector<class std::tuple<int, class ed::basic_string<char>, class osg::Vec3f, class osg::Vec3f, class osg::Vec3f, class osg::Vec3f, class osg::Vec2f>, class ed::allocator<class std::tuple<int, class ed::basic_string<char>, class osg::Vec3f, class osg::Vec3f, class osg::Vec3f, class osg::Vec3f, class osg::Vec2f>>> &, float",False,False,False,False,False,False,True
221,220,0xDC,?draw_axis@Animator@@YAXAEBVMatrixd@osg@@MI@Z,"void __cdecl Animator::draw_axis(class osg::Matrixd const &, float, unsigned int)",method,,Animator,draw_axis,"class osg::Matrixd const &, float, unsigned int",False,False,False,False,False,False,True
222,221,0xDD,?draw_inspector@AnimationManager@Animator@@QEAAXVMatrixf@osg@@PEAVCharacterModelCookie@2@_N@Z,"public: void __cdecl Animator::AnimationManager::draw_inspector(class osg::Matrixf, class Animator::CharacterModelCookie *, bool)",method,Animator,AnimationManager,draw_inspector,"class osg::Matrixf, class Animator::CharacterModelCookie *, bool",False,False,False,False,False,False,True
223,222,0xDE,?draw_node_controls@AnimationManager@Animator@@QEAA_NAEAVMatrixf@osg@@PEBD@Z,"public: bool __cdecl Animator::AnimationManager::draw_node_controls(class osg::Matrixf &, char const *)",method,Animator,AnimationManager,draw_node_controls,"class osg::Matrixf &, char const *",False,False,False,False,False,False,True
224,223,0xDF,?draw_pose_controller@AnimationManager@Animator@@QEAAXVMatrixf@osg@@@Z,public: void __cdecl Animator::AnimationManager::draw_pose_controller(class osg::Matrixf),method,Animator,AnimationManager,draw_pose_controller,class osg::Matrixf,False,False,False,False,False,False,True
225,224,0xE0,?draw_segment@Animator@@YAXAEBVVec3f@osg@@0AEBVMatrixf@3@0@Z,"void __cdecl Animator::draw_segment(class osg::Vec3f const &, class osg::Vec3f const &, class osg::Matrixf const &, class osg::Vec3f const &)",method,,Animator,draw_segment,"class osg::Vec3f const &, class osg::Vec3f const &, class osg::Matrixf const &, class osg::Vec3f const &",False,False,False,False,False,False,True
226,225,0xE1,?draw_segment@Animator@@YAXMAEBVMatrixf@osg@@AEBVVec3f@3@@Z,"void __cdecl Animator::draw_segment(float, class osg::Matrixf const &, class osg::Vec3f const &)",method,,Animator,draw_segment,"float, class osg::Matrixf const &, class osg::Vec3f const &",False,False,False,False,False,False,True
227,226,0xE2,?erase@InstanceData@Animator@@QEAAXHPEAVCharacterModelCookie@2@_N@Z,"public: void __cdecl Animator::InstanceData::erase(int, class Animator::CharacterModelCookie *, bool)",method,Animator,InstanceData,erase,"int, class Animator::CharacterModelCookie *, bool",False,False,False,False,False,False,True
228,227,0xE3,?erase_animation@CharacterModelCookie@Animator@@QEAAXAEBV?$basic_string@D@ed@@@Z,public: void __cdecl Animator::CharacterModelCookie::erase_animation(class ed::basic_string<char> const &),method,Animator,CharacterModelCookie,erase_animation,class ed::basic_string<char> const &,False,False,False,False,False,False,True
229,228,0xE4,?erase_property@PropertyHolderImpl@Animator@@UEAAXAEBV?$basic_string@D@ed@@@Z,public: virtual void __cdecl Animator::PropertyHolderImpl::erase_property(class ed::basic_string<char> const &),method,Animator,PropertyHolderImpl,erase_property,class ed::basic_string<char> const &,False,False,True,False,False,False,True
230,229,0xE5,?fill_controls@AnimationManager@Animator@@QEAAHAEAV?$basic_string@D@ed@@HAEAV?$vector@PEBDV?$allocator@PEBD@ed@@@4@@Z,"public: int __cdecl Animator::AnimationManager::fill_controls(class ed::basic_string<char> &, int, class ed::vector<char const *, class ed::allocator<char const *>> &)",method,Animator,AnimationManager,fill_controls,"class ed::basic_string<char> &, int, class ed::vector<char const *, class ed::allocator<char const *>> &",False,False,False,False,False,False,True
231,230,0xE6,?fill_nodes_list@AnimationManager@Animator@@QEAAXHAEAV?$vector@PEBDV?$allocator@PEBD@ed@@@ed@@@Z,"public: void __cdecl Animator::AnimationManager::fill_nodes_list(int, class ed::vector<char const *, class ed::allocator<char const *>> &)",method,Animator,AnimationManager,fill_nodes_list,"int, class ed::vector<char const *, class ed::allocator<char const *>> &",False,False,False,False,False,False,True
232,231,0xE7,?finish_animation@AnimationController@Animator@@QEAAMM@Z,public: float __cdecl Animator::AnimationController::finish_animation(float),method,Animator,AnimationController,finish_animation,float,False,False,False,False,False,False,True
233,232,0xE8,?finish_animation@AnimationStateMachine@Animator@@IEAAMM@Z,protected: float __cdecl Animator::AnimationStateMachine::finish_animation(float),method,Animator,AnimationStateMachine,finish_animation,float,False,False,False,False,False,False,True
234,233,0xE9,?generate_timeline@CharacterModelStatic@Animator@@QEAAMAEBV?$basic_string@D@ed@@MMAEAV?$vector@VVec3f@osg@@V?$allocator@VVec3f@osg@@@ed@@@4@AEAM_N@Z,"public: float __cdecl Animator::CharacterModelStatic::generate_timeline(class ed::basic_string<char> const &, float, float, class ed::vector<class osg::Vec3f, class ed::allocator<class osg::Vec3f>> &, float &, bool)",method,Animator,CharacterModelStatic,generate_timeline,"class ed::basic_string<char> const &, float, float, class ed::vector<class osg::Vec3f, class ed::allocator<class osg::Vec3f>> &, float &, bool",False,False,False,False,False,False,True
235,234,0xEA,?getBoundingBox@CharacterModelBase@Animator@@UEBAAEBV?$BoundingBoxImpl@VVec3f@osg@@@osg@@XZ,public: virtual class osg::BoundingBoxImpl<class osg::Vec3f> const & __cdecl Animator::CharacterModelBase::getBoundingBox(void) const,method,Animator,CharacterModelBase,getBoundingBox,void,True,False,True,False,False,False,True
236,235,0xEB,?getIModelInterface@CharacterModelBase@Animator@@UEAAPEAVIModel@model@@XZ,public: virtual class model::IModel * __cdecl Animator::CharacterModelBase::getIModelInterface(void),method,Animator,CharacterModelBase,getIModelInterface,void,False,False,True,False,False,False,True
237,236,0xEC,?getLoadState@CharacterModelBase@Animator@@UEBA?AW4LoadState@model@@XZ,public: virtual enum model::LoadState __cdecl Animator::CharacterModelBase::getLoadState(void) const,method,Animator,CharacterModelBase,getLoadState,void,True,False,True,False,False,False,True
238,237,0xED,?getMults@CharacterModelBase@Animator@@UEAA?AV?$unordered_map@V?$basic_string@D@ed@@UMultCoefs@@U?$hash@V?$basic_string@D@ed@@@std@@U?$equal_to@V?$basic_string@D@ed@@@5@V?$allocator@U?$pair@$$CBV?$basic_string@D@ed@@UMultCoefs@@@std@@@2@@std@@XZ,"public: virtual class std::unordered_map<class ed::basic_string<char>, struct MultCoefs, struct std::hash<class ed::basic_string<char>>, struct std::equal_to<class ed::basic_string<char>>, class ed::allocator<struct std::pair<class ed::basic_string<char> const, struct MultCoefs>>> __cdecl Animator::CharacterModelBase::getMults(void)",method,Animator,CharacterModelBase,getMults,void,False,False,True,False,False,False,True
239,238,0xEE,?getMultsToRegister@CharacterModelBase@Animator@@UEAAXPEAX@Z,public: virtual void __cdecl Animator::CharacterModelBase::getMultsToRegister(void *),method,Animator,CharacterModelBase,getMultsToRegister,void *,False,False,True,False,False,False,True
240,239,0xEF,?getNumArguments@CharacterModelBase@Animator@@UEBAIXZ,public: virtual unsigned int __cdecl Animator::CharacterModelBase::getNumArguments(void) const,method,Animator,CharacterModelBase,getNumArguments,void,True,False,True,False,False,False,True
241,240,0xF0,?getNumConnectors@CharacterModelBase@Animator@@UEBAIXZ,public: virtual unsigned int __cdecl Animator::CharacterModelBase::getNumConnectors(void) const,method,Animator,CharacterModelBase,getNumConnectors,void,True,False,True,False,False,False,True
242,241,0xF1,?getNumLights@CharacterModelBase@Animator@@UEBAIXZ,public: virtual unsigned int __cdecl Animator::CharacterModelBase::getNumLights(void) const,method,Animator,CharacterModelBase,getNumLights,void,True,False,True,False,False,False,True
243,242,0xF2,?getTime@Timer@Animator@@AEAANXZ,private: double __cdecl Animator::Timer::getTime(void),method,Animator,Timer,getTime,void,False,False,False,False,False,False,True
244,243,0xF3,?getType@CharacterModelCookie@Animator@@UEBA_KXZ,public: virtual unsigned __int64 __cdecl Animator::CharacterModelCookie::getType(void) const,method,Animator,CharacterModelCookie,getType,void,True,False,True,False,False,False,True
245,244,0xF4,?getType@GPUAttachmentCookie@Animator@@UEBA_KXZ,public: virtual unsigned __int64 __cdecl Animator::GPUAttachmentCookie::getType(void) const,method,Animator,GPUAttachmentCookie,getType,void,True,False,True,False,False,False,True
246,245,0xF5,?get_active_blend_spaces@CharacterModelCookie@Animator@@QEAA?AV?$vector@UShaderAnimation@Animator@@V?$allocator@UShaderAnimation@Animator@@@ed@@@ed@@M_N@Z,"public: class ed::vector<struct Animator::ShaderAnimation, class ed::allocator<struct Animator::ShaderAnimation>> __cdecl Animator::CharacterModelCookie::get_active_blend_spaces(float, bool)",method,Animator,CharacterModelCookie,get_active_blend_spaces,"float, bool",False,False,False,False,False,False,True
247,246,0xF6,?get_animation@AnimationManager@Animator@@QEAAPEAVAnimation@2@AEBUShaderAnimation@2@@Z,public: class Animator::Animation * __cdecl Animator::AnimationManager::get_animation(struct Animator::ShaderAnimation const &),method,Animator,AnimationManager,get_animation,struct Animator::ShaderAnimation const &,False,False,False,False,False,False,True
248,247,0xF7,?get_animation@AnimationManager@Animator@@QEAAPEAVAnimation@2@AEBV?$basic_string@D@ed@@@Z,public: class Animator::Animation * __cdecl Animator::AnimationManager::get_animation(class ed::basic_string<char> const &),method,Animator,AnimationManager,get_animation,class ed::basic_string<char> const &,False,False,False,False,False,False,True
249,248,0xF8,?get_animation@AnimationManager@Animator@@QEAAPEAVAnimation@2@H@Z,public: class Animator::Animation * __cdecl Animator::AnimationManager::get_animation(int),method,Animator,AnimationManager,get_animation,int,False,False,False,False,False,False,True
250,249,0xF9,?get_animation@CharacterModelCookie@Animator@@QEAAAEBUShaderAnimation@2@M@Z,public: struct Animator::ShaderAnimation const & __cdecl Animator::CharacterModelCookie::get_animation(float),method,Animator,CharacterModelCookie,get_animation,float,False,False,False,False,False,False,True
251,250,0xFA,?get_animation_desc@AnimationManager@Animator@@QEAAPEBUaiScene@@H@Z,public: struct aiScene const * __cdecl Animator::AnimationManager::get_animation_desc(int),method,Animator,AnimationManager,get_animation_desc,int,False,False,False,False,False,False,True
252,251,0xFB,?get_animation_desc@AnimationManager@Animator@@QEAAPEBUaiScene@@HAEAV?$basic_string@D@ed@@@Z,"public: struct aiScene const * __cdecl Animator::AnimationManager::get_animation_desc(int, class ed::basic_string<char> &)",method,Animator,AnimationManager,get_animation_desc,"int, class ed::basic_string<char> &",False,False,False,False,False,False,True
253,252,0xFC,?get_animation_duration@AnimationManager@Animator@@QEAAMAEBV?$basic_string@D@ed@@@Z,public: float __cdecl Animator::AnimationManager::get_animation_duration(class ed::basic_string<char> const &),method,Animator,AnimationManager,get_animation_duration,class ed::basic_string<char> const &,False,False,False,False,False,False,True
254,253,0xFD,?get_animation_duration@AnimationManager@Animator@@QEAAMH@Z,public: float __cdecl Animator::AnimationManager::get_animation_duration(int),method,Animator,AnimationManager,get_animation_duration,int,False,False,False,False,False,False,True
255,254,0xFE,?get_animation_index@AnimationManager@Animator@@QEAAGAEBV?$basic_string@D@ed@@_N@Z,"public: unsigned short __cdecl Animator::AnimationManager::get_animation_index(class ed::basic_string<char> const &, bool)",method,Animator,AnimationManager,get_animation_index,"class ed::basic_string<char> const &, bool",False,False,False,False,False,False,True
256,255,0xFF,?get_animation_manager@Animator@@YAAEAVAnimationManager@1@PEBD@Z,class Animator::AnimationManager & __cdecl Animator::get_animation_manager(char const *),method,,Animator,get_animation_manager,char const *,False,False,False,False,False,False,True
257,256,0x100,?get_animation_manager@CharacterModelBase@Animator@@QEAAPEAVAnimationManager@2@XZ,public: class Animator::AnimationManager * __cdecl Animator::CharacterModelBase::get_animation_manager(void),method,Animator,CharacterModelBase,get_animation_manager,void,False,False,False,False,False,False,True
258,257,0x101,?get_animation_name@AnimationManager@Animator@@QEAA?AV?$basic_string@D@ed@@I_N@Z,"public: class ed::basic_string<char> __cdecl Animator::AnimationManager::get_animation_name(unsigned int, bool)",method,Animator,AnimationManager,get_animation_name,"unsigned int, bool",False,False,False,False,False,False,True
259,258,0x102,?get_animation_names@AnimationManager@Animator@@QEAA?AV?$vector@PEBDV?$allocator@PEBD@ed@@@ed@@XZ,"public: class ed::vector<char const *, class ed::allocator<char const *>> __cdecl Animator::AnimationManager::get_animation_names(void)",method,Animator,AnimationManager,get_animation_names,void,False,False,False,False,False,False,True
260,259,0x103,?get_animation_root_path@AnimationStateMachine@Animator@@QEBA?AV?$vector@VVec4f@osg@@V?$allocator@VVec4f@osg@@@ed@@@ed@@XZ,"public: class ed::vector<class osg::Vec4f, class ed::allocator<class osg::Vec4f>> __cdecl Animator::AnimationStateMachine::get_animation_root_path(void) const",method,Animator,AnimationStateMachine,get_animation_root_path,void,True,False,False,False,False,False,True
261,260,0x104,?get_arg@CharacterModelCookie@Animator@@QEBAMH@Z,public: float __cdecl Animator::CharacterModelCookie::get_arg(int) const,method,Animator,CharacterModelCookie,get_arg,int,True,False,False,False,False,False,True
262,261,0x105,?get_arg@InstanceData@Animator@@QEBAMH@Z,public: float __cdecl Animator::InstanceData::get_arg(int) const,method,Animator,InstanceData,get_arg,int,True,False,False,False,False,False,True
263,262,0x106,?get_bit@CharacterModelCookie@Animator@@QEAA_NH@Z,public: bool __cdecl Animator::CharacterModelCookie::get_bit(int),method,Animator,CharacterModelCookie,get_bit,int,False,False,False,False,False,False,True
264,263,0x107,?get_blended_pose@AnimationManager@Animator@@QEAAXHMHMMAEAV?$vector@V?$aiMatrix4x4t@M@@V?$allocator@V?$aiMatrix4x4t@M@@@ed@@@ed@@@Z,"public: void __cdecl Animator::AnimationManager::get_blended_pose(int, float, int, float, float, class ed::vector<class aiMatrix4x4t<float>, class ed::allocator<class aiMatrix4x4t<float>>> &)",method,Animator,AnimationManager,get_blended_pose,"int, float, int, float, float, class ed::vector<class aiMatrix4x4t<float>, class ed::allocator<class aiMatrix4x4t<float>>> &",False,False,False,False,False,False,True
265,264,0x108,?get_blended_pose@AnimationManager@Animator@@QEAAXHMHMMAEAV?$vector@V?$aiMatrix4x4t@M@@V?$allocator@V?$aiMatrix4x4t@M@@@ed@@@ed@@AEAV?$vector@VVec3f@osg@@V?$allocator@VVec3f@osg@@@ed@@@4@@Z,"public: void __cdecl Animator::AnimationManager::get_blended_pose(int, float, int, float, float, class ed::vector<class aiMatrix4x4t<float>, class ed::allocator<class aiMatrix4x4t<float>>> &, class ed::vector<class osg::Vec3f, class ed::allocator<class osg::Vec3f>> &)",method,Animator,AnimationManager,get_blended_pose,"int, float, int, float, float, class ed::vector<class aiMatrix4x4t<float>, class ed::allocator<class aiMatrix4x4t<float>>> &, class ed::vector<class osg::Vec3f, class ed::allocator<class osg::Vec3f>> &",False,False,False,False,False,False,True
266,265,0x109,?get_blended_root@AnimationManager@Animator@@QEAA?AVMatrixf@osg@@MPEAVCharacterModelCookie@2@@Z,"public: class osg::Matrixf __cdecl Animator::AnimationManager::get_blended_root(float, class Animator::CharacterModelCookie *)",method,Animator,AnimationManager,get_blended_root,"float, class Animator::CharacterModelCookie *",False,False,False,False,False,False,True
267,266,0x10A,?get_blendspace_id@Animation@Animator@@QEAAHXZ,public: int __cdecl Animator::Animation::get_blendspace_id(void),method,Animator,Animation,get_blendspace_id,void,False,False,False,False,False,False,True
268,267,0x10B,?get_bone_transform@FabrikSolver@Animator@@QEAAAEBVMatrixf@osg@@H@Z,public: class osg::Matrixf const & __cdecl Animator::FabrikSolver::get_bone_transform(int),method,Animator,FabrikSolver,get_bone_transform,int,False,False,False,False,False,False,True
269,268,0x10C,?get_bone_transform@FabrikSolver@Animator@@QEAAXHAEAVVec3f@osg@@AEAVQuatf@4@@Z,"public: void __cdecl Animator::FabrikSolver::get_bone_transform(int, class osg::Vec3f &, class osg::Quatf &)",method,Animator,FabrikSolver,get_bone_transform,"int, class osg::Vec3f &, class osg::Quatf &",False,False,False,False,False,False,True
270,269,0x10D,?get_bone_world_pos@FabrikSolver@Animator@@QEAA?AVMatrixf@osg@@H@Z,public: class osg::Matrixf __cdecl Animator::FabrikSolver::get_bone_world_pos(int),method,Animator,FabrikSolver,get_bone_world_pos,int,False,False,False,False,False,False,True
271,270,0x10E,?get_bone_world_transform@FabrikSolver@Animator@@QEAA?AVMatrixf@osg@@H@Z,public: class osg::Matrixf __cdecl Animator::FabrikSolver::get_bone_world_transform(int),method,Animator,FabrikSolver,get_bone_world_transform,int,False,False,False,False,False,False,True
272,271,0x10F,?get_bs_id@AnimationGraph@Animator@@QEAAHAEBV?$basic_string@D@ed@@@Z,public: int __cdecl Animator::AnimationGraph::get_bs_id(class ed::basic_string<char> const &),method,Animator,AnimationGraph,get_bs_id,class ed::basic_string<char> const &,False,False,False,False,False,False,True
273,272,0x110,?get_channel_matrix@AnimationManager@Animator@@QEAA?AV?$aiMatrix4x4t@M@@PEAUaiNodeAnim@@H@Z,"public: class aiMatrix4x4t<float> __cdecl Animator::AnimationManager::get_channel_matrix(struct aiNodeAnim *, int)",method,Animator,AnimationManager,get_channel_matrix,"struct aiNodeAnim *, int",False,False,False,False,False,False,True
274,273,0x111,?get_command_stage@AnimationStateMachine@Animator@@QEBAMAEBV?$basic_string@D@ed@@@Z,public: float __cdecl Animator::AnimationStateMachine::get_command_stage(class ed::basic_string<char> const &) const,method,Animator,AnimationStateMachine,get_command_stage,class ed::basic_string<char> const &,True,False,False,False,False,False,True
275,274,0x112,?get_compute_type@CharacterModelCookie@Animator@@QEAA?AW4ANIM_COMPUTE_TYPE@InstanceData@2@XZ,public: enum Animator::InstanceData::ANIM_COMPUTE_TYPE __cdecl Animator::CharacterModelCookie::get_compute_type(void),method,Animator,CharacterModelCookie,get_compute_type,void,False,False,False,False,False,False,True
276,275,0x113,?get_compute_type@InstanceData@Animator@@QEAA?AW4ANIM_COMPUTE_TYPE@12@XZ,public: enum Animator::InstanceData::ANIM_COMPUTE_TYPE __cdecl Animator::InstanceData::get_compute_type(void),method,Animator,InstanceData,get_compute_type,void,False,False,False,False,False,False,True
277,276,0x114,?get_config_state@CharacterModelBase@Animator@@QEAAPEAUlua_State@@XZ,public: struct lua_State * __cdecl Animator::CharacterModelBase::get_config_state(void),method,Animator,CharacterModelBase,get_config_state,void,False,False,False,False,False,False,True
278,277,0x115,?get_correction@CharacterModelCookie@Animator@@QEAA?AV?$wPosition3@M@@M@Z,public: class wPosition3<float> __cdecl Animator::CharacterModelCookie::get_correction(float),method,Animator,CharacterModelCookie,get_correction,float,False,False,False,False,False,False,True
279,278,0x116,?get_current_animation@AnimationManager@Animator@@QEBAHXZ,public: int __cdecl Animator::AnimationManager::get_current_animation(void) const,method,Animator,AnimationManager,get_current_animation,void,True,False,False,False,False,False,True
280,279,0x117,?get_current_blend_space_id@CharacterModelCookie@Animator@@QEAAHM@Z,public: int __cdecl Animator::CharacterModelCookie::get_current_blend_space_id(float),method,Animator,CharacterModelCookie,get_current_blend_space_id,float,False,False,False,False,False,False,True
281,280,0x118,?get_current_state_name@AnimationController@Animator@@QEAA?AV?$basic_string@D@ed@@M@Z,public: class ed::basic_string<char> __cdecl Animator::AnimationController::get_current_state_name(float),method,Animator,AnimationController,get_current_state_name,float,False,False,False,False,False,False,True
282,281,0x119,?get_current_state_start_duration@AnimationController@Animator@@QEAA?AVVec3f@osg@@M@Z,public: class osg::Vec3f __cdecl Animator::AnimationController::get_current_state_start_duration(float),method,Animator,AnimationController,get_current_state_start_duration,float,False,False,False,False,False,False,True
283,282,0x11A,?get_cycle@AnimationGraph@Animator@@QEAA?AVVec2f@osg@@AEBV?$basic_string@D@ed@@@Z,public: class osg::Vec2f __cdecl Animator::AnimationGraph::get_cycle(class ed::basic_string<char> const &),method,Animator,AnimationGraph,get_cycle,class ed::basic_string<char> const &,False,False,False,False,False,False,True
284,283,0x11B,?get_decal_extents@CharacterModelBase@Animator@@QEAAAEBVVec2f@osg@@XZ,public: class osg::Vec2f const & __cdecl Animator::CharacterModelBase::get_decal_extents(void),method,Animator,CharacterModelBase,get_decal_extents,void,False,False,False,False,False,False,True
285,284,0x11C,?get_default_animation_id@CharacterModelBase@Animator@@QEAAHXZ,public: int __cdecl Animator::CharacterModelBase::get_default_animation_id(void),method,Animator,CharacterModelBase,get_default_animation_id,void,False,False,False,False,False,False,True
286,285,0x11D,?get_default_animation_index@AnimationManager@Animator@@QEAAHAEAV?$basic_string@D@ed@@@Z,public: int __cdecl Animator::AnimationManager::get_default_animation_index(class ed::basic_string<char> &),method,Animator,AnimationManager,get_default_animation_index,class ed::basic_string<char> &,False,False,False,False,False,False,True
287,286,0x11E,?get_default_animation_index@AnimationManager@Animator@@QEAAHXZ,public: int __cdecl Animator::AnimationManager::get_default_animation_index(void),method,Animator,AnimationManager,get_default_animation_index,void,False,False,False,False,False,False,True
288,287,0x11F,?get_default_blendspace@AnimationManager@Animator@@QEAAPEAVAnimation@2@XZ,public: class Animator::Animation * __cdecl Animator::AnimationManager::get_default_blendspace(void),method,Animator,AnimationManager,get_default_blendspace,void,False,False,False,False,False,False,True
289,288,0x120,?get_defaults@Animation@Animator@@QEBAAEBVVec2f@osg@@XZ,public: class osg::Vec2f const & __cdecl Animator::Animation::get_defaults(void) const,method,Animator,Animation,get_defaults,void,True,False,False,False,False,False,True
290,289,0x121,?get_direct_pose_control@CharacterModelCookie@Animator@@QEAA_NXZ,public: bool __cdecl Animator::CharacterModelCookie::get_direct_pose_control(void),method,Animator,CharacterModelCookie,get_direct_pose_control,void,False,False,False,False,False,False,True
291,290,0x122,?get_dirty@CharacterModelCookie@Animator@@QEAA_NXZ,public: bool __cdecl Animator::CharacterModelCookie::get_dirty(void),method,Animator,CharacterModelCookie,get_dirty,void,False,False,False,False,False,False,True
292,291,0x123,?get_dirty@GPUAttachmentCookie@Animator@@QEAA_NXZ,public: bool __cdecl Animator::GPUAttachmentCookie::get_dirty(void),method,Animator,GPUAttachmentCookie,get_dirty,void,False,False,False,False,False,False,True
293,292,0x124,?get_duration@Animation@Animator@@QEBAMAEBUShaderAnimation@2@@Z,public: float __cdecl Animator::Animation::get_duration(struct Animator::ShaderAnimation const &) const,method,Animator,Animation,get_duration,struct Animator::ShaderAnimation const &,True,False,False,False,False,False,True
294,293,0x125,?get_duration@Animation@Animator@@QEBAMAEBVVec2f@osg@@@Z,public: float __cdecl Animator::Animation::get_duration(class osg::Vec2f const &) const,method,Animator,Animation,get_duration,class osg::Vec2f const &,True,False,False,False,False,False,True
295,294,0x126,?get_duration@Animation@Animator@@QEBAMPEAVIPropertyHolder@2@@Z,public: float __cdecl Animator::Animation::get_duration(class Animator::IPropertyHolder *) const,method,Animator,Animation,get_duration,class Animator::IPropertyHolder *,True,False,False,False,False,False,True
296,295,0x127,?get_edit_mode@AnimationBlender@Animator@@QEAA_NXZ,public: bool __cdecl Animator::AnimationBlender::get_edit_mode(void),method,Animator,AnimationBlender,get_edit_mode,void,False,False,False,False,False,False,True
297,296,0x128,?get_enabled@CharacterController@Animator@@QEAA_NXZ,public: bool __cdecl Animator::CharacterController::get_enabled(void),method,Animator,CharacterController,get_enabled,void,False,False,False,False,False,False,True
298,297,0x129,?get_flags@CharacterModelCookie@Animator@@QEAAHXZ,public: int __cdecl Animator::CharacterModelCookie::get_flags(void),method,Animator,CharacterModelCookie,get_flags,void,False,False,False,False,False,False,True
299,298,0x12A,?get_graph@AnimationManager@Animator@@QEAAPEAVAnimationGraph@2@XZ,public: class Animator::AnimationGraph * __cdecl Animator::AnimationManager::get_graph(void),method,Animator,AnimationManager,get_graph,void,False,False,False,False,False,False,True
300,299,0x12B,?get_graph_path@AnimationGraph@Animator@@QEAA?AUGraphQuery@12@AEBV?$basic_string@D@ed@@0@Z,"public: struct Animator::AnimationGraph::GraphQuery __cdecl Animator::AnimationGraph::get_graph_path(class ed::basic_string<char> const &, class ed::basic_string<char> const &)",method,Animator,AnimationGraph,get_graph_path,"class ed::basic_string<char> const &, class ed::basic_string<char> const &",False,False,False,False,False,False,True
301,300,0x12C,?get_heading@Animator@@YAMAEBV?$wPosition3@M@@@Z,float __cdecl Animator::get_heading(class wPosition3<float> const &),method,,Animator,get_heading,class wPosition3<float> const &,False,False,False,False,False,False,True
302,301,0x12D,?get_heading@Animator@@YAMAEBVVec3f@osg@@@Z,float __cdecl Animator::get_heading(class osg::Vec3f const &),method,,Animator,get_heading,class osg::Vec3f const &,False,False,False,False,False,False,True
303,302,0x12E,?get_id@Animation@Animator@@QEAAHXZ,public: int __cdecl Animator::Animation::get_id(void),method,Animator,Animation,get_id,void,False,False,False,False,False,False,True
304,303,0x12F,?get_id@CharacterModelCookie@Animator@@QEAAHXZ,public: int __cdecl Animator::CharacterModelCookie::get_id(void),method,Animator,CharacterModelCookie,get_id,void,False,False,False,False,False,False,True
305,304,0x130,?get_id@GPUAttachmentCookie@Animator@@QEAAHXZ,public: int __cdecl Animator::GPUAttachmentCookie::get_id(void),method,Animator,GPUAttachmentCookie,get_id,void,False,False,False,False,False,False,True
306,305,0x131,?get_id@InstanceData@Animator@@QEAAHXZ,public: int __cdecl Animator::InstanceData::get_id(void),method,Animator,InstanceData,get_id,void,False,False,False,False,False,False,True
307,306,0x132,?get_instance_matrix@AnimationManager@Animator@@QEAA?AVMatrixf@osg@@MHAEBVVec2f@4@PEAVCharacterModelStatic@2@@Z,"public: class osg::Matrixf __cdecl Animator::AnimationManager::get_instance_matrix(float, int, class osg::Vec2f const &, class Animator::CharacterModelStatic *)",method,Animator,AnimationManager,get_instance_matrix,"float, int, class osg::Vec2f const &, class Animator::CharacterModelStatic *",False,False,False,False,False,False,True
308,307,0x133,?get_instance_matrix@AnimationManager@Animator@@QEAA?AVMatrixf@osg@@MPEAVCharacterModelCookie@2@@Z,"public: class osg::Matrixf __cdecl Animator::AnimationManager::get_instance_matrix(float, class Animator::CharacterModelCookie *)",method,Animator,AnimationManager,get_instance_matrix,"float, class Animator::CharacterModelCookie *",False,False,False,False,False,False,True
309,308,0x134,?get_instance_shift@AnimationManager@Animator@@QEAAXHM_NAEAVMatrixf@osg@@@Z,"public: void __cdecl Animator::AnimationManager::get_instance_shift(int, float, bool, class osg::Matrixf &)",method,Animator,AnimationManager,get_instance_shift,"int, float, bool, class osg::Matrixf &",False,False,False,False,False,False,True
310,309,0x135,?get_last_key_pose@AnimationManager@Animator@@QEAAXHAEAV?$vector@V?$aiMatrix4x4t@M@@V?$allocator@V?$aiMatrix4x4t@M@@@ed@@@ed@@@Z,"public: void __cdecl Animator::AnimationManager::get_last_key_pose(int, class ed::vector<class aiMatrix4x4t<float>, class ed::allocator<class aiMatrix4x4t<float>>> &)",method,Animator,AnimationManager,get_last_key_pose,"int, class ed::vector<class aiMatrix4x4t<float>, class ed::allocator<class aiMatrix4x4t<float>>> &",False,False,False,False,False,False,True
311,310,0x136,?get_last_node_position@AnimationManager@Animator@@QEAA?AV?$aiMatrix4x4t@M@@HH@Z,"public: class aiMatrix4x4t<float> __cdecl Animator::AnimationManager::get_last_node_position(int, int)",method,Animator,AnimationManager,get_last_node_position,"int, int",False,False,False,False,False,False,True
312,311,0x137,?get_line_intersection@Animator@@YA_NAEBVVec2f@osg@@000AEAV23@@Z,"bool __cdecl Animator::get_line_intersection(class osg::Vec2f const &, class osg::Vec2f const &, class osg::Vec2f const &, class osg::Vec2f const &, class osg::Vec2f &)",method,,Animator,get_line_intersection,"class osg::Vec2f const &, class osg::Vec2f const &, class osg::Vec2f const &, class osg::Vec2f const &, class osg::Vec2f &",False,False,False,False,False,False,True
313,312,0x138,?get_line_intersection@Animator@@YA_NMMMMMMMMPEAM0@Z,"bool __cdecl Animator::get_line_intersection(float, float, float, float, float, float, float, float, float *, float *)",method,,Animator,get_line_intersection,"float, float, float, float, float, float, float, float, float *, float *",False,False,False,False,False,False,True
314,313,0x139,?get_livery_index@CharacterModelBase@Animator@@QEAA?AVVec3i@osg@@I@Z,public: class osg::Vec3i __cdecl Animator::CharacterModelBase::get_livery_index(unsigned int),method,Animator,CharacterModelBase,get_livery_index,unsigned int,False,False,False,False,False,False,True
315,314,0x13A,?get_model@CharacterModelCookie@Animator@@QEAAPEAVCharacterModelStatic@2@XZ,public: class Animator::CharacterModelStatic * __cdecl Animator::CharacterModelCookie::get_model(void),method,Animator,CharacterModelCookie,get_model,void,False,False,False,False,False,False,True
316,315,0x13B,?get_model@GPUAttachmentCookie@Animator@@QEAAPEAVGPUAttachmentModel@2@XZ,public: class Animator::GPUAttachmentModel * __cdecl Animator::GPUAttachmentCookie::get_model(void),method,Animator,GPUAttachmentCookie,get_model,void,False,False,False,False,False,False,True
317,316,0x13C,?get_model_reflection@CharacterModelCookie@Animator@@UEAAPEAVIModelReflection@model@@XZ,public: virtual class model::IModelReflection * __cdecl Animator::CharacterModelCookie::get_model_reflection(void),method,Animator,CharacterModelCookie,get_model_reflection,void,False,False,True,False,False,False,True
318,317,0x13D,?get_model_reflection@GPUAttachmentCookie@Animator@@UEAAPEAVIModelReflection@model@@XZ,public: virtual class model::IModelReflection * __cdecl Animator::GPUAttachmentCookie::get_model_reflection(void),method,Animator,GPUAttachmentCookie,get_model_reflection,void,False,False,True,False,False,False,True
319,318,0x13E,?get_model_time@Animator@@YANXZ,double __cdecl Animator::get_model_time(void),method,,Animator,get_model_time,void,False,False,False,False,False,False,True
320,319,0x13F,?get_movement@AnimationManager@Animator@@IEAA?AV?$vector@VVec3f@osg@@V?$allocator@VVec3f@osg@@@ed@@@ed@@H@Z,"protected: class ed::vector<class osg::Vec3f, class ed::allocator<class osg::Vec3f>> __cdecl Animator::AnimationManager::get_movement(int)",method,Animator,AnimationManager,get_movement,int,False,False,False,False,False,False,True
321,320,0x140,?get_movement_shift@AnimationController@Animator@@QEAA?AV?$tuple@VMatrixf@osg@@V12@V12@M@std@@M@Z,"public: class std::tuple<class osg::Matrixf, class osg::Matrixf, class osg::Matrixf, float> __cdecl Animator::AnimationController::get_movement_shift(float)",method,Animator,AnimationController,get_movement_shift,float,False,False,False,False,False,False,True
322,321,0x141,?get_name@Animation@Animator@@QEAAAEBV?$basic_string@D@ed@@XZ,public: class ed::basic_string<char> const & __cdecl Animator::Animation::get_name(void),method,Animator,Animation,get_name,void,False,False,False,False,False,False,True
323,322,0x142,?get_name@CharacterModelCookie@Animator@@QEAAPEBDXZ,public: char const * __cdecl Animator::CharacterModelCookie::get_name(void),method,Animator,CharacterModelCookie,get_name,void,False,False,False,False,False,False,True
324,323,0x143,?get_name@FabrikSolver@Animator@@QEAAAEBV?$basic_string@D@ed@@XZ,public: class ed::basic_string<char> const & __cdecl Animator::FabrikSolver::get_name(void),method,Animator,FabrikSolver,get_name,void,False,False,False,False,False,False,True
325,324,0x144,?get_node_id@AnimationManager@Animator@@QEAAHAEBV?$basic_string@D@ed@@@Z,public: int __cdecl Animator::AnimationManager::get_node_id(class ed::basic_string<char> const &),method,Animator,AnimationManager,get_node_id,class ed::basic_string<char> const &,False,False,False,False,False,False,True
326,325,0x145,?get_node_id@CharacterModelCookie@Animator@@QEAAHAEBV?$basic_string@D@ed@@@Z,public: int __cdecl Animator::CharacterModelCookie::get_node_id(class ed::basic_string<char> const &),method,Animator,CharacterModelCookie,get_node_id,class ed::basic_string<char> const &,False,False,False,False,False,False,True
327,326,0x146,?get_node_matrix@Animation@Animator@@QEBA?AVMatrixf@osg@@MAEBUShaderAnimation@2@H@Z,"public: class osg::Matrixf __cdecl Animator::Animation::get_node_matrix(float, struct Animator::ShaderAnimation const &, int) const",method,Animator,Animation,get_node_matrix,"float, struct Animator::ShaderAnimation const &, int",True,False,False,False,False,False,True
328,327,0x147,?get_node_matrix@AnimationManager@Animator@@QEAA?AVMatrixf@osg@@HMPEAVCharacterModelCookie@2@@Z,"public: class osg::Matrixf __cdecl Animator::AnimationManager::get_node_matrix(int, float, class Animator::CharacterModelCookie *)",method,Animator,AnimationManager,get_node_matrix,"int, float, class Animator::CharacterModelCookie *",False,False,False,False,False,False,True
329,328,0x148,?get_node_matrix@AnimationManager@Animator@@QEAA?AVMatrixf@osg@@MHAEBVInstanceData@2@PEBUShaderAnimation@2@_N@Z,"public: class osg::Matrixf __cdecl Animator::AnimationManager::get_node_matrix(float, int, class Animator::InstanceData const &, struct Animator::ShaderAnimation const *, bool)",method,Animator,AnimationManager,get_node_matrix,"float, int, class Animator::InstanceData const &, struct Animator::ShaderAnimation const *, bool",False,False,False,False,False,False,True
330,329,0x149,?get_node_matrix@CharacterModelCookie@Animator@@QEAA?AVMatrixf@osg@@MHH@Z,"public: class osg::Matrixf __cdecl Animator::CharacterModelCookie::get_node_matrix(float, int, int)",method,Animator,CharacterModelCookie,get_node_matrix,"float, int, int",False,False,False,False,False,False,True
331,330,0x14A,?get_node_movement_shift@AnimationManager@Animator@@QEAA?AVVec3f@osg@@HH@Z,"public: class osg::Vec3f __cdecl Animator::AnimationManager::get_node_movement_shift(int, int)",method,Animator,AnimationManager,get_node_movement_shift,"int, int",False,False,False,False,False,False,True
332,331,0x14B,?get_node_name@AnimationManager@Animator@@QEAAPEBDH@Z,public: char const * __cdecl Animator::AnimationManager::get_node_name(int),method,Animator,AnimationManager,get_node_name,int,False,False,False,False,False,False,True
333,332,0x14C,?get_node_override_mask@AnimationManager@Animator@@QEAAMHH@Z,"public: float __cdecl Animator::AnimationManager::get_node_override_mask(int, int)",method,Animator,AnimationManager,get_node_override_mask,"int, int",False,False,False,False,False,False,True
334,333,0x14D,?get_node_parent@AnimationManager@Animator@@QEAAHH@Z,public: int __cdecl Animator::AnimationManager::get_node_parent(int),method,Animator,AnimationManager,get_node_parent,int,False,False,False,False,False,False,True
335,334,0x14E,?get_node_position@AnimationManager@Animator@@QEAA?AV?$aiMatrix4x4t@M@@HAEBV?$basic_string@D@ed@@M@Z,"public: class aiMatrix4x4t<float> __cdecl Animator::AnimationManager::get_node_position(int, class ed::basic_string<char> const &, float)",method,Animator,AnimationManager,get_node_position,"int, class ed::basic_string<char> const &, float",False,False,False,False,False,False,True
336,335,0x14F,?get_node_position@AnimationManager@Animator@@QEAA?AV?$aiMatrix4x4t@M@@HHM@Z,"public: class aiMatrix4x4t<float> __cdecl Animator::AnimationManager::get_node_position(int, int, float)",method,Animator,AnimationManager,get_node_position,"int, int, float",False,False,False,False,False,False,True
337,336,0x150,?get_node_transform@AnimationManager@Animator@@QEAA?AV?$aiMatrix4x4t@M@@AEBV?$basic_string@D@ed@@@Z,public: class aiMatrix4x4t<float> __cdecl Animator::AnimationManager::get_node_transform(class ed::basic_string<char> const &),method,Animator,AnimationManager,get_node_transform,class ed::basic_string<char> const &,False,False,False,False,False,False,True
338,337,0x151,?get_node_transform@AnimationManager@Animator@@QEAA?AVMatrixf@osg@@H@Z,public: class osg::Matrixf __cdecl Animator::AnimationManager::get_node_transform(int),method,Animator,AnimationManager,get_node_transform,int,False,False,False,False,False,False,True
339,338,0x152,?get_node_world_pos@AnimationManager@Animator@@QEAA?AVMatrixf@osg@@PEAVCharacterModelCookie@2@AEBV?$basic_string@D@ed@@MV34@@Z,"public: class osg::Matrixf __cdecl Animator::AnimationManager::get_node_world_pos(class Animator::CharacterModelCookie *, class ed::basic_string<char> const &, float, class osg::Matrixf)",method,Animator,AnimationManager,get_node_world_pos,"class Animator::CharacterModelCookie *, class ed::basic_string<char> const &, float, class osg::Matrixf",False,False,False,False,False,False,True
340,339,0x153,?get_num_animations@AnimationManager@Animator@@QEAAHXZ,public: int __cdecl Animator::AnimationManager::get_num_animations(void),method,Animator,AnimationManager,get_num_animations,void,False,False,False,False,False,False,True
341,340,0x154,?get_num_bones@CharacterModelBase@Animator@@QEBAHXZ,public: int __cdecl Animator::CharacterModelBase::get_num_bones(void) const,method,Animator,CharacterModelBase,get_num_bones,void,True,False,False,False,False,False,True
342,341,0x155,?get_num_bones@FabrikSolver@Animator@@QEAAHXZ,public: int __cdecl Animator::FabrikSolver::get_num_bones(void),method,Animator,FabrikSolver,get_num_bones,void,False,False,False,False,False,False,True
343,342,0x156,?get_num_cycles@Animation@Animator@@QEBAMMPEAVCharacterModelCookie@2@@Z,"public: float __cdecl Animator::Animation::get_num_cycles(float, class Animator::CharacterModelCookie *) const",method,Animator,Animation,get_num_cycles,"float, class Animator::CharacterModelCookie *",True,False,False,False,False,False,True
344,343,0x157,?get_num_liveries@CharacterModelBase@Animator@@QEAAHXZ,public: int __cdecl Animator::CharacterModelBase::get_num_liveries(void),method,Animator,CharacterModelBase,get_num_liveries,void,False,False,False,False,False,False,True
345,344,0x158,?get_num_nodes@AnimationManager@Animator@@QEAAHXZ,public: int __cdecl Animator::AnimationManager::get_num_nodes(void),method,Animator,AnimationManager,get_num_nodes,void,False,False,False,False,False,False,True
346,345,0x159,?get_num_points@Animation@Animator@@QEAAHXZ,public: int __cdecl Animator::Animation::get_num_points(void),method,Animator,Animation,get_num_points,void,False,False,False,False,False,False,True
347,346,0x15A,?get_num_timelines@CharacterModelStatic@Animator@@QEAAHXZ,public: int __cdecl Animator::CharacterModelStatic::get_num_timelines(void),method,Animator,CharacterModelStatic,get_num_timelines,void,False,False,False,False,False,False,True
348,347,0x15B,?get_override@Animation@Animator@@QEBA?AVVec3f@osg@@M@Z,public: class osg::Vec3f __cdecl Animator::Animation::get_override(float) const,method,Animator,Animation,get_override,float,True,False,False,False,False,False,True
349,348,0x15C,?get_override_animation@CharacterModelCookie@Animator@@QEAA?AVVec3f@osg@@XZ,public: class osg::Vec3f __cdecl Animator::CharacterModelCookie::get_override_animation(void),method,Animator,CharacterModelCookie,get_override_animation,void,False,False,False,False,False,False,True
350,349,0x15D,?get_overrides@AnimationManager@Animator@@QEBAAEBV?$unordered_map@V?$basic_string@D@ed@@HU?$hash@V?$basic_string@D@ed@@@std@@U?$equal_to@V?$basic_string@D@ed@@@4@V?$allocator@U?$pair@$$CBV?$basic_string@D@ed@@H@std@@@2@@std@@XZ,"public: class std::unordered_map<class ed::basic_string<char>, int, struct std::hash<class ed::basic_string<char>>, struct std::equal_to<class ed::basic_string<char>>, class ed::allocator<struct std::pair<class ed::basic_string<char> const, int>>> const & __cdecl Animator::AnimationManager::get_overrides(void) const",method,Animator,AnimationManager,get_overrides,void,True,False,False,False,False,False,True
351,350,0x15E,?get_point@Animation@Animator@@QEAA?AVVec4f@osg@@H@Z,public: class osg::Vec4f __cdecl Animator::Animation::get_point(int),method,Animator,Animation,get_point,int,False,False,False,False,False,False,True
352,351,0x15F,?get_points@CharacterController@Animator@@QEAA?AV?$vector@VVec3f@osg@@V?$allocator@VVec3f@osg@@@ed@@@ed@@XZ,"public: class ed::vector<class osg::Vec3f, class ed::allocator<class osg::Vec3f>> __cdecl Animator::CharacterController::get_points(void)",method,Animator,CharacterController,get_points,void,False,False,False,False,False,False,True
353,352,0x160,?get_pose@AnimationManager@Animator@@QEAA?AV?$vector@VMatrixf@osg@@V?$allocator@VMatrixf@osg@@@ed@@@ed@@MAEBVInstanceData@2@PEBUShaderAnimation@2@H_N@Z,"public: class ed::vector<class osg::Matrixf, class ed::allocator<class osg::Matrixf>> __cdecl Animator::AnimationManager::get_pose(float, class Animator::InstanceData const &, struct Animator::ShaderAnimation const *, int, bool)",method,Animator,AnimationManager,get_pose,"float, class Animator::InstanceData const &, struct Animator::ShaderAnimation const *, int, bool",False,False,False,False,False,False,True
354,353,0x161,?get_pose@AnimationManager@Animator@@QEAAXHMAEAV?$vector@V?$aiMatrix4x4t@M@@V?$allocator@V?$aiMatrix4x4t@M@@@ed@@@ed@@_N@Z,"public: void __cdecl Animator::AnimationManager::get_pose(int, float, class ed::vector<class aiMatrix4x4t<float>, class ed::allocator<class aiMatrix4x4t<float>>> &, bool)",method,Animator,AnimationManager,get_pose,"int, float, class ed::vector<class aiMatrix4x4t<float>, class ed::allocator<class aiMatrix4x4t<float>>> &, bool",False,False,False,False,False,False,True
355,354,0x162,?get_pose@AnimationManager@Animator@@QEAAXHMAEAV?$vector@V?$aiMatrix4x4t@M@@V?$allocator@V?$aiMatrix4x4t@M@@@ed@@@ed@@_NAEAV?$vector@VVec3f@osg@@V?$allocator@VVec3f@osg@@@ed@@@4@@Z,"public: void __cdecl Animator::AnimationManager::get_pose(int, float, class ed::vector<class aiMatrix4x4t<float>, class ed::allocator<class aiMatrix4x4t<float>>> &, bool, class ed::vector<class osg::Vec3f, class ed::allocator<class osg::Vec3f>> &)",method,Animator,AnimationManager,get_pose,"int, float, class ed::vector<class aiMatrix4x4t<float>, class ed::allocator<class aiMatrix4x4t<float>>> &, bool, class ed::vector<class osg::Vec3f, class ed::allocator<class osg::Vec3f>> &",False,False,False,False,False,False,True
356,355,0x163,?get_pose@CharacterModelCookie@Animator@@QEAA?AV?$vector@VMatrixf@osg@@V?$allocator@VMatrixf@osg@@@ed@@@ed@@MH_N@Z,"public: class ed::vector<class osg::Matrixf, class ed::allocator<class osg::Matrixf>> __cdecl Animator::CharacterModelCookie::get_pose(float, int, bool)",method,Animator,CharacterModelCookie,get_pose,"float, int, bool",False,False,False,False,False,False,True
357,356,0x164,?get_pose@CharacterModelCookie@Animator@@QEAAAEBV?$vector@VMatrixf@osg@@V?$allocator@VMatrixf@osg@@@ed@@@ed@@XZ,"public: class ed::vector<class osg::Matrixf, class ed::allocator<class osg::Matrixf>> const & __cdecl Animator::CharacterModelCookie::get_pose(void)",method,Animator,CharacterModelCookie,get_pose,void,False,False,False,False,False,False,True
358,357,0x165,?get_pose_default@AnimationManager@Animator@@QEAAXAEAV?$vector@VMatrixf@osg@@V?$allocator@VMatrixf@osg@@@ed@@@ed@@@Z,"public: void __cdecl Animator::AnimationManager::get_pose_default(class ed::vector<class osg::Matrixf, class ed::allocator<class osg::Matrixf>> &)",method,Animator,AnimationManager,get_pose_default,"class ed::vector<class osg::Matrixf, class ed::allocator<class osg::Matrixf>> &",False,False,False,False,False,False,True
359,358,0x166,?get_pose_osg@AnimationManager@Animator@@QEAA?AV?$vector@VMatrixf@osg@@V?$allocator@VMatrixf@osg@@@ed@@@ed@@AEBV?$basic_string@D@4@H@Z,"public: class ed::vector<class osg::Matrixf, class ed::allocator<class osg::Matrixf>> __cdecl Animator::AnimationManager::get_pose_osg(class ed::basic_string<char> const &, int)",method,Animator,AnimationManager,get_pose_osg,"class ed::basic_string<char> const &, int",False,False,False,False,False,False,True
360,359,0x167,?get_position@AnimationBlender2@Animator@@QEAA?AV?$wPosition3@M@@XZ,public: class wPosition3<float> __cdecl Animator::AnimationBlender2::get_position(void),method,Animator,AnimationBlender2,get_position,void,False,False,False,False,False,False,True
361,360,0x168,?get_position@AnimationStateMachine@Animator@@QEAA?AVMatrixf@osg@@XZ,public: class osg::Matrixf __cdecl Animator::AnimationStateMachine::get_position(void),method,Animator,AnimationStateMachine,get_position,void,False,False,False,False,False,False,True
362,361,0x169,?get_property@PropertyHolderImpl@Animator@@UEAAMAEBV?$basic_string@D@ed@@@Z,public: virtual float __cdecl Animator::PropertyHolderImpl::get_property(class ed::basic_string<char> const &),method,Animator,PropertyHolderImpl,get_property,class ed::basic_string<char> const &,False,False,True,False,False,False,True
363,362,0x16A,?get_random_value@CharacterModelCookie@Animator@@QEAAMXZ,public: float __cdecl Animator::CharacterModelCookie::get_random_value(void),method,Animator,CharacterModelCookie,get_random_value,void,False,False,False,False,False,False,True
364,363,0x16B,?get_reflection_model_changed@CharacterModelCookie@Animator@@QEAA_NXZ,public: bool __cdecl Animator::CharacterModelCookie::get_reflection_model_changed(void),method,Animator,CharacterModelCookie,get_reflection_model_changed,void,False,False,False,False,False,False,True
365,364,0x16C,?get_reflection_model_changed@GPUAttachmentCookie@Animator@@QEAA_NXZ,public: bool __cdecl Animator::GPUAttachmentCookie::get_reflection_model_changed(void),method,Animator,GPUAttachmentCookie,get_reflection_model_changed,void,False,False,False,False,False,False,True
366,365,0x16D,?get_remove_root@CharacterModelCookie@Animator@@QEAA_NXZ,public: bool __cdecl Animator::CharacterModelCookie::get_remove_root(void),method,Animator,CharacterModelCookie,get_remove_root,void,False,False,False,False,False,False,True
367,366,0x16E,?get_resources_path@CharacterModelBase@Animator@@QEAAAEBV?$basic_string@D@ed@@XZ,public: class ed::basic_string<char> const & __cdecl Animator::CharacterModelBase::get_resources_path(void),method,Animator,CharacterModelBase,get_resources_path,void,False,False,False,False,False,False,True
368,367,0x16F,?get_root_end@Animation@Animator@@QEBA?AVMatrixf@osg@@AEBUShaderAnimation@2@@Z,public: class osg::Matrixf __cdecl Animator::Animation::get_root_end(struct Animator::ShaderAnimation const &) const,method,Animator,Animation,get_root_end,struct Animator::ShaderAnimation const &,True,False,False,False,False,False,True
369,368,0x170,?get_root_end@Animation@Animator@@QEBA?AVMatrixf@osg@@PEAVIPropertyHolder@2@@Z,public: class osg::Matrixf __cdecl Animator::Animation::get_root_end(class Animator::IPropertyHolder *) const,method,Animator,Animation,get_root_end,class Animator::IPropertyHolder *,True,False,False,False,False,False,True
370,369,0x171,?get_root_matrix@Animation@Animator@@QEBA?AVMatrixf@osg@@MAEBUShaderAnimation@2@_N@Z,"public: class osg::Matrixf __cdecl Animator::Animation::get_root_matrix(float, struct Animator::ShaderAnimation const &, bool) const",method,Animator,Animation,get_root_matrix,"float, struct Animator::ShaderAnimation const &, bool",True,False,False,False,False,False,True
371,370,0x172,?get_root_matrix@Animation@Animator@@QEBA?AVMatrixf@osg@@MVVec2f@4@VVec3f@4@@Z,"public: class osg::Matrixf __cdecl Animator::Animation::get_root_matrix(float, class osg::Vec2f, class osg::Vec3f) const",method,Animator,Animation,get_root_matrix,"float, class osg::Vec2f, class osg::Vec3f",True,False,False,False,False,False,True
372,371,0x173,?get_root_matrix@AnimationManager@Animator@@QEAA?AV?$tuple@VMatrixf@osg@@V12@VQuatf@2@VVec3f@2@@std@@HMVVec3f@osg@@@Z,"public: class std::tuple<class osg::Matrixf, class osg::Matrixf, class osg::Quatf, class osg::Vec3f> __cdecl Animator::AnimationManager::get_root_matrix(int, float, class osg::Vec3f)",method,Animator,AnimationManager,get_root_matrix,"int, float, class osg::Vec3f",False,False,False,False,False,False,True
373,372,0x174,?get_root_matrix@CharacterModelCookie@Animator@@QEAA?AVMatrixf@osg@@MH@Z,"public: class osg::Matrixf __cdecl Animator::CharacterModelCookie::get_root_matrix(float, int)",method,Animator,CharacterModelCookie,get_root_matrix,"float, int",False,False,False,False,False,False,True
374,373,0x175,?get_root_node_id@AnimationManager@Animator@@QEAAHXZ,public: int __cdecl Animator::AnimationManager::get_root_node_id(void),method,Animator,AnimationManager,get_root_node_id,void,False,False,False,False,False,False,True
375,374,0x176,?get_root_node_name@AnimationManager@Animator@@QEAAPEBDXZ,public: char const * __cdecl Animator::AnimationManager::get_root_node_name(void),method,Animator,AnimationManager,get_root_node_name,void,False,False,False,False,False,False,True
376,375,0x177,?get_root_path@AnimationManager@Animator@@QEAA?AV?$vector@VVec4f@osg@@V?$allocator@VVec4f@osg@@@ed@@@ed@@AEBV?$basic_string@D@4@@Z,"public: class ed::vector<class osg::Vec4f, class ed::allocator<class osg::Vec4f>> __cdecl Animator::AnimationManager::get_root_path(class ed::basic_string<char> const &)",method,Animator,AnimationManager,get_root_path,class ed::basic_string<char> const &,False,False,False,False,False,False,True
377,376,0x178,?get_root_path@AnimationManager@Animator@@QEAA?AV?$vector@VVec4f@osg@@V?$allocator@VVec4f@osg@@@ed@@@ed@@H@Z,"public: class ed::vector<class osg::Vec4f, class ed::allocator<class osg::Vec4f>> __cdecl Animator::AnimationManager::get_root_path(int)",method,Animator,AnimationManager,get_root_path,int,False,False,False,False,False,False,True
378,377,0x179,?get_root_start@Animation@Animator@@QEBA?AVMatrixf@osg@@AEBUShaderAnimation@2@@Z,public: class osg::Matrixf __cdecl Animator::Animation::get_root_start(struct Animator::ShaderAnimation const &) const,method,Animator,Animation,get_root_start,struct Animator::ShaderAnimation const &,True,False,False,False,False,False,True
379,378,0x17A,?get_route_end_time@AnimationController@Animator@@QEAAMXZ,public: float __cdecl Animator::AnimationController::get_route_end_time(void),method,Animator,AnimationController,get_route_end_time,void,False,False,False,False,False,False,True
380,379,0x17B,?get_route_flag@AnimationController@Animator@@QEAA_NXZ,public: bool __cdecl Animator::AnimationController::get_route_flag(void),method,Animator,AnimationController,get_route_flag,void,False,False,False,False,False,False,True
381,380,0x17C,?get_route_plan@Animation@Animator@@QEBA?AV?$tuple@VVec3f@osg@@VVec2f@2@@std@@MM@Z,"public: class std::tuple<class osg::Vec3f, class osg::Vec2f> __cdecl Animator::Animation::get_route_plan(float, float) const",method,Animator,Animation,get_route_plan,"float, float",True,False,False,False,False,False,True
382,381,0x17D,?get_route_plan@Animation@Animator@@QEBA?AV?$tuple@VVec3f@osg@@VVec2f@2@@std@@PEAVIPropertyHolder@2@@Z,"public: class std::tuple<class osg::Vec3f, class osg::Vec2f> __cdecl Animator::Animation::get_route_plan(class Animator::IPropertyHolder *) const",method,Animator,Animation,get_route_plan,class Animator::IPropertyHolder *,True,False,False,False,False,False,True
383,382,0x17E,?get_scene@CharacterModelBase@Animator@@QEAAPEBUaiScene@@XZ,public: struct aiScene const * __cdecl Animator::CharacterModelBase::get_scene(void),method,Animator,CharacterModelBase,get_scene,void,False,False,False,False,False,False,True
384,383,0x17F,?get_server_animation_id@Animator@@YAHAEBV?$basic_string@D@ed@@H@Z,"int __cdecl Animator::get_server_animation_id(class ed::basic_string<char> const &, int)",method,,Animator,get_server_animation_id,"class ed::basic_string<char> const &, int",False,False,False,False,False,False,True
385,384,0x180,?get_skeleton@AnimationManager@Animator@@QEAA?AV?$vector@VVec3f@osg@@V?$allocator@VVec3f@osg@@@ed@@@ed@@MAEBVInstanceData@2@PEAUShaderAnimation@2@VVec3f@osg@@H_N@Z,"public: class ed::vector<class osg::Vec3f, class ed::allocator<class osg::Vec3f>> __cdecl Animator::AnimationManager::get_skeleton(float, class Animator::InstanceData const &, struct Animator::ShaderAnimation *, class osg::Vec3f, int, bool)",method,Animator,AnimationManager,get_skeleton,"float, class Animator::InstanceData const &, struct Animator::ShaderAnimation *, class osg::Vec3f, int, bool",False,False,False,False,False,False,True
386,385,0x181,?get_skeleton@CharacterModelCookie@Animator@@QEAA?AV?$vector@VVec3f@osg@@V?$allocator@VVec3f@osg@@@ed@@@ed@@MVVec3f@osg@@H_N@Z,"public: class ed::vector<class osg::Vec3f, class ed::allocator<class osg::Vec3f>> __cdecl Animator::CharacterModelCookie::get_skeleton(float, class osg::Vec3f, int, bool)",method,Animator,CharacterModelCookie,get_skeleton,"float, class osg::Vec3f, int, bool",False,False,False,False,False,False,True
387,386,0x182,?get_skeleton_type@CharacterModelBase@Animator@@QEAAPEBDXZ,public: char const * __cdecl Animator::CharacterModelBase::get_skeleton_type(void),method,Animator,CharacterModelBase,get_skeleton_type,void,False,False,False,False,False,False,True
388,387,0x183,?get_solver@AnimationManager@Animator@@QEAAPEAVFabrikSolver@2@PEBD@Z,public: class Animator::FabrikSolver * __cdecl Animator::AnimationManager::get_solver(char const *),method,Animator,AnimationManager,get_solver,char const *,False,False,False,False,False,False,True
389,388,0x184,?get_speed@Animation@Animator@@QEBA?AVVec3f@osg@@MAEBUShaderAnimation@2@@Z,"public: class osg::Vec3f __cdecl Animator::Animation::get_speed(float, struct Animator::ShaderAnimation const &) const",method,Animator,Animation,get_speed,"float, struct Animator::ShaderAnimation const &",True,False,False,False,False,False,True
390,389,0x185,?get_speed@AnimationManager@Animator@@QEAA?AVVec3f@osg@@MPEAVCharacterModelCookie@2@@Z,"public: class osg::Vec3f __cdecl Animator::AnimationManager::get_speed(float, class Animator::CharacterModelCookie *)",method,Animator,AnimationManager,get_speed,"float, class Animator::CharacterModelCookie *",False,False,False,False,False,False,True
391,390,0x186,?get_speed@AnimationStateMachine@Animator@@QEAA?AVVec3f@osg@@XZ,public: class osg::Vec3f __cdecl Animator::AnimationStateMachine::get_speed(void),method,Animator,AnimationStateMachine,get_speed,void,False,False,False,False,False,False,True
392,391,0x187,?get_speed@CharacterModelCookie@Animator@@QEAA?AVVec3f@osg@@M@Z,public: class osg::Vec3f __cdecl Animator::CharacterModelCookie::get_speed(float),method,Animator,CharacterModelCookie,get_speed,float,False,False,False,False,False,False,True
393,392,0x188,?get_speed_direction@AnimationStateMachine@Animator@@QEBA?AVVec3f@osg@@XZ,public: class osg::Vec3f __cdecl Animator::AnimationStateMachine::get_speed_direction(void) const,method,Animator,AnimationStateMachine,get_speed_direction,void,True,False,False,False,False,False,True
394,393,0x189,?get_stack@CharacterModelCookie@Animator@@QEAA?AV?$vector@UShaderAnimation@Animator@@V?$allocator@UShaderAnimation@Animator@@@ed@@@ed@@XZ,"public: class ed::vector<struct Animator::ShaderAnimation, class ed::allocator<struct Animator::ShaderAnimation>> __cdecl Animator::CharacterModelCookie::get_stack(void)",method,Animator,CharacterModelCookie,get_stack,void,False,False,False,False,False,False,True
395,394,0x18A,?get_stack_size@CharacterModelCookie@Animator@@QEAAHXZ,public: int __cdecl Animator::CharacterModelCookie::get_stack_size(void),method,Animator,CharacterModelCookie,get_stack_size,void,False,False,False,False,False,False,True
396,395,0x18B,?get_state@AnimationStateMachine@Animator@@QEBA?AV?$basic_string@D@ed@@XZ,public: class ed::basic_string<char> __cdecl Animator::AnimationStateMachine::get_state(void) const,method,Animator,AnimationStateMachine,get_state,void,True,False,False,False,False,False,True
397,396,0x18C,?get_state_changed@GPUAttachmentModelReflection@Animator@@UEAA_NXZ,public: virtual bool __cdecl Animator::GPUAttachmentModelReflection::get_state_changed(void),method,Animator,GPUAttachmentModelReflection,get_state_changed,void,False,False,True,False,False,False,True
398,397,0x18D,?get_state_name@AnimationGraph@Animator@@QEAAPEBDH@Z,public: char const * __cdecl Animator::AnimationGraph::get_state_name(int),method,Animator,AnimationGraph,get_state_name,int,False,False,False,False,False,False,True
399,398,0x18E,?get_timeline_name@CharacterModelStatic@Animator@@QEAAAEBV?$basic_string@D@ed@@H@Z,public: class ed::basic_string<char> const & __cdecl Animator::CharacterModelStatic::get_timeline_name(int),method,Animator,CharacterModelStatic,get_timeline_name,int,False,False,False,False,False,False,True
400,399,0x18F,?get_top@InstanceData@Animator@@QEAAHXZ,public: int __cdecl Animator::InstanceData::get_top(void),method,Animator,InstanceData,get_top,void,False,False,False,False,False,False,True
401,400,0x190,?get_trajectory_position@CharacterController@Animator@@QEAA?AW4RouteState@12@AEBVMatrixf@osg@@AEAVVec3f@5@AEAM@Z,"public: enum Animator::CharacterController::RouteState __cdecl Animator::CharacterController::get_trajectory_position(class osg::Matrixf const &, class osg::Vec3f &, float &)",method,Animator,CharacterController,get_trajectory_position,"class osg::Matrixf const &, class osg::Vec3f &, float &",False,False,False,False,False,False,True
402,401,0x191,?get_trajectory_position@CharacterController@Animator@@QEAA?AW4RouteState@12@MMAEAVMatrixf@osg@@@Z,"public: enum Animator::CharacterController::RouteState __cdecl Animator::CharacterController::get_trajectory_position(float, float, class osg::Matrixf &)",method,Animator,CharacterController,get_trajectory_position,"float, float, class osg::Matrixf &",False,False,False,False,False,False,True
403,402,0x192,?get_transition_duration@CharacterModelBase@Animator@@QEAAMPEBD@Z,public: float __cdecl Animator::CharacterModelBase::get_transition_duration(char const *),method,Animator,CharacterModelBase,get_transition_duration,char const *,False,False,False,False,False,False,True
404,403,0x193,?get_translation@Animator@@YA?AVVec3f@osg@@AEBV?$aiMatrix4x4t@M@@@Z,class osg::Vec3f __cdecl Animator::get_translation(class aiMatrix4x4t<float> const &),method,,Animator,get_translation,class aiMatrix4x4t<float> const &,False,False,False,False,False,False,True
405,404,0x194,?get_visible@GPUAttachmentCookie@Animator@@QEAA_NXZ,public: bool __cdecl Animator::GPUAttachmentCookie::get_visible(void),method,Animator,GPUAttachmentCookie,get_visible,void,False,False,False,False,False,False,True
406,405,0x195,?get_weights@Animation@Animator@@QEBAXMMAEAV?$small_vector_base@MV?$allocator@M@ed@@X@container@boost@@@Z,"public: void __cdecl Animator::Animation::get_weights(float, float, class boost::container::small_vector_base<float, class ed::allocator<float>, void> &) const",method,Animator,Animation,get_weights,"float, float, class boost::container::small_vector_base<float, class ed::allocator<float>, void> &",True,False,False,False,False,False,True
407,406,0x196,?get_x_axis_name@Animation@Animator@@QEBAAEBV?$basic_string@D@ed@@XZ,public: class ed::basic_string<char> const & __cdecl Animator::Animation::get_x_axis_name(void) const,method,Animator,Animation,get_x_axis_name,void,True,False,False,False,False,False,True
408,407,0x197,?get_x_bounds@Animation@Animator@@QEBAAEBVVec2f@osg@@XZ,public: class osg::Vec2f const & __cdecl Animator::Animation::get_x_bounds(void) const,method,Animator,Animation,get_x_bounds,void,True,False,False,False,False,False,True
409,408,0x198,?get_y_axis_name@Animation@Animator@@QEBAAEBV?$basic_string@D@ed@@XZ,public: class ed::basic_string<char> const & __cdecl Animator::Animation::get_y_axis_name(void) const,method,Animator,Animation,get_y_axis_name,void,True,False,False,False,False,False,True
410,409,0x199,?get_y_bounds@Animation@Animator@@QEBAAEBVVec2f@osg@@XZ,public: class osg::Vec2f const & __cdecl Animator::Animation::get_y_bounds(void) const,method,Animator,Animation,get_y_bounds,void,True,False,False,False,False,False,True
411,410,0x19A,?gui@Animation@Animator@@QEAAXPEAVCharacterModelCookie@2@@Z,public: void __cdecl Animator::Animation::gui(class Animator::CharacterModelCookie *),method,Animator,Animation,gui,class Animator::CharacterModelCookie *,False,False,False,False,False,False,True
412,411,0x19B,?gui@AnimationBlender2@Animator@@QEAAXVMatrixf@osg@@@Z,public: void __cdecl Animator::AnimationBlender2::gui(class osg::Matrixf),method,Animator,AnimationBlender2,gui,class osg::Matrixf,False,False,False,False,False,False,True
413,412,0x19C,?gui@CharacterModelBase@Animator@@SAXXZ,public: static void __cdecl Animator::CharacterModelBase::gui(void),method,Animator,CharacterModelBase,gui,void,False,True,False,False,False,False,True
414,413,0x19D,?gui@FabrikSolver@Animator@@QEAAXXZ,public: void __cdecl Animator::FabrikSolver::gui(void),method,Animator,FabrikSolver,gui,void,False,False,False,False,False,False,True
415,414,0x19E,?gui@PropertyHolderImpl@Animator@@QEAA_NXZ,public: bool __cdecl Animator::PropertyHolderImpl::gui(void),method,Animator,PropertyHolderImpl,gui,void,False,False,False,False,False,False,True
416,415,0x19F,?has_override_animation@CharacterModelCookie@Animator@@QEAA_NXZ,public: bool __cdecl Animator::CharacterModelCookie::has_override_animation(void),method,Animator,CharacterModelCookie,has_override_animation,void,False,False,False,False,False,False,True
417,416,0x1A0,?init@AnimationBlender@Animator@@QEAAXPEBD@Z,public: void __cdecl Animator::AnimationBlender::init(char const *),method,Animator,AnimationBlender,init,char const *,False,False,False,False,False,False,True
418,417,0x1A1,?init@AnimationGraph@Animator@@QEAAXAEAVConfig@Lua@@PEAVAnimationManager@2@@Z,"public: void __cdecl Animator::AnimationGraph::init(class Lua::Config &, class Animator::AnimationManager *)",method,Animator,AnimationGraph,init,"class Lua::Config &, class Animator::AnimationManager *",False,False,False,False,False,False,True
419,418,0x1A2,?init@AnimationManager@Animator@@QEAAXXZ,public: void __cdecl Animator::AnimationManager::init(void),method,Animator,AnimationManager,init,void,False,False,False,False,False,False,True
420,419,0x1A3,?init@GPUAttachmentCookie@Animator@@QEAAXHHAEBVMatrixf@osg@@@Z,"public: void __cdecl Animator::GPUAttachmentCookie::init(int, int, class osg::Matrixf const &)",method,Animator,GPUAttachmentCookie,init,"int, int, class osg::Matrixf const &",False,False,False,False,False,False,True
421,420,0x1A4,?init_animation_managers@Animator@@YAXXZ,void __cdecl Animator::init_animation_managers(void),method,,Animator,init_animation_managers,void,False,False,False,False,False,False,True
422,421,0x1A5,?initialized@AnimationBlender@Animator@@QEAA_NXZ,public: bool __cdecl Animator::AnimationBlender::initialized(void),method,Animator,AnimationBlender,initialized,void,False,False,False,False,False,False,True
423,422,0x1A6,?invert@Animator@@YA?AVMatrixf@osg@@AEBV23@@Z,class osg::Matrixf __cdecl Animator::invert(class osg::Matrixf const &),method,,Animator,invert,class osg::Matrixf const &,False,False,False,False,False,False,True
424,423,0x1A7,?lerp@Animator@@YA?AVMatrixf@osg@@AEBV23@0N@Z,"class osg::Matrixf __cdecl Animator::lerp(class osg::Matrixf const &, class osg::Matrixf const &, double)",method,,Animator,lerp,"class osg::Matrixf const &, class osg::Matrixf const &, double",False,False,False,False,False,False,True
425,424,0x1A8,?limit_vector@Animator@@YA?AVVec3f@osg@@AEBV23@M@Z,"class osg::Vec3f __cdecl Animator::limit_vector(class osg::Vec3f const &, float)",method,,Animator,limit_vector,"class osg::Vec3f const &, float",False,False,False,False,False,False,True
426,425,0x1A9,?load@Animation@Animator@@UEAAXAEAVConfig@Lua@@@Z,public: virtual void __cdecl Animator::Animation::load(class Lua::Config &),method,Animator,Animation,load,class Lua::Config &,False,False,True,False,False,False,True
427,426,0x1AA,?load_async@CharacterModelBase@Animator@@QEAAXXZ,public: void __cdecl Animator::CharacterModelBase::load_async(void),method,Animator,CharacterModelBase,load_async,void,False,False,False,False,False,False,True
428,427,0x1AB,?load_basic@CharacterModelBase@Animator@@IEAAXXZ,protected: void __cdecl Animator::CharacterModelBase::load_basic(void),method,Animator,CharacterModelBase,load_basic,void,False,False,False,False,False,False,True
429,428,0x1AC,?load_config_values@CharacterModelStatic@Animator@@SAXAEAVConfig@Lua@@@Z,public: static void __cdecl Animator::CharacterModelStatic::load_config_values(class Lua::Config &),method,Animator,CharacterModelStatic,load_config_values,class Lua::Config &,False,True,False,False,False,False,True
430,429,0x1AD,?load_main@CharacterModelBase@Animator@@IEAAXXZ,protected: void __cdecl Animator::CharacterModelBase::load_main(void),method,Animator,CharacterModelBase,load_main,void,False,False,False,False,False,False,True
431,430,0x1AE,?load_node@AnimationManager@Animator@@QEAAXAEAVConfig@Lua@@PEAUaiNode@@AEAV?$vector@PEAUaiNode@@V?$allocator@PEAUaiNode@@@ed@@@ed@@@Z,"public: void __cdecl Animator::AnimationManager::load_node(class Lua::Config &, struct aiNode *, class ed::vector<struct aiNode *, class ed::allocator<struct aiNode *>> &)",method,Animator,AnimationManager,load_node,"class Lua::Config &, struct aiNode *, class ed::vector<struct aiNode *, class ed::allocator<struct aiNode *>> &",False,False,False,False,False,False,True
432,431,0x1AF,?log@Animator@@YA?AV?$basic_string@D@ed@@PEBDZZ,"class ed::basic_string<char> __cdecl Animator::log(char const *, ...)",method,,Animator,log,"char const *, ...",False,False,False,False,False,False,True
433,432,0x1B0,?make_matrix@Animator@@YA?AVMatrixf@osg@@AEBVVec3f@3@AEBVQuatf@3@@Z,"class osg::Matrixf __cdecl Animator::make_matrix(class osg::Vec3f const &, class osg::Quatf const &)",method,,Animator,make_matrix,"class osg::Vec3f const &, class osg::Quatf const &",False,False,False,False,False,False,True
434,433,0x1B1,?max_num_channels@CharacterModelBase@Animator@@1HB,protected: static int const Animator::CharacterModelBase::max_num_channels,symbol,,,,,False,False,False,False,False,False,True
435,434,0x1B2,?model_viewer@Animator@@3_NA,bool Animator::model_viewer,symbol,,,,,False,False,False,False,False,False,True
436,435,0x1B3,?move@AnimationController@Animator@@QEAAMMMMMM@Z,"public: float __cdecl Animator::AnimationController::move(float, float, float, float, float)",method,Animator,AnimationController,move,"float, float, float, float, float",False,False,False,False,False,False,True
437,436,0x1B4,?odprintf@Animator@@YAXPEBDZZ,"void __cdecl Animator::odprintf(char const *, ...)",method,,Animator,odprintf,"char const *, ...",False,False,False,False,False,False,True
438,437,0x1B5,?on_add_instance@GPUAttachmentModel@Animator@@UEAAXPEAV12@@Z,public: virtual void __cdecl Animator::GPUAttachmentModel::on_add_instance(class Animator::GPUAttachmentModel *),method,Animator,GPUAttachmentModel,on_add_instance,class Animator::GPUAttachmentModel *,False,False,True,False,False,False,True
439,438,0x1B6,?on_add_instance@GPUAttachmentModelReflection@Animator@@UEAAXPEAVGPUAttachmentCookie@2@@Z,public: virtual void __cdecl Animator::GPUAttachmentModelReflection::on_add_instance(class Animator::GPUAttachmentCookie *),method,Animator,GPUAttachmentModelReflection,on_add_instance,class Animator::GPUAttachmentCookie *,False,False,True,False,False,False,True
440,439,0x1B7,?on_node_change@AnimationManager@Animator@@QEAAXPEBDH_NAEAV?$vector@MV?$allocator@M@ed@@@ed@@22222222@Z,"public: void __cdecl Animator::AnimationManager::on_node_change(char const *, int, bool, class ed::vector<float, class ed::allocator<float>> &, class ed::vector<float, class ed::allocator<float>> &, class ed::vector<float, class ed::allocator<float>> &, class ed::vector<float, class ed::allocator<float>> &, class ed::vector<float, class ed::allocator<float>> &, class ed::vector<float, class ed::allocator<float>> &, class ed::vector<float, class ed::allocator<float>> &, class ed::vector<float, class ed::allocator<float>> &, class ed::vector<float, class ed::allocator<float>> &)",method,Animator,AnimationManager,on_node_change,"char const *, int, bool, class ed::vector<float, class ed::allocator<float>> &, class ed::vector<float, class ed::allocator<float>> &, class ed::vector<float, class ed::allocator<float>> &, class ed::vector<float, class ed::allocator<float>> &, class ed::vector<float, class ed::allocator<float>> &, class ed::vector<float, class ed::allocator<float>> &, class ed::vector<float, class ed::allocator<float>> &, class ed::vector<float, class ed::allocator<float>> &, class ed::vector<float, class ed::allocator<float>> &",False,False,False,False,False,False,True
441,440,0x1B8,?parse@GPUAttachmentModel@Animator@@QEAAPEAUISceneRenderable@render@@PEBUCollectionInfo@4@PEAVGPUAttachmentCookie@2@AEBV?$wPosition3@M@@PEAVStructuredBuffer@4@3@Z,"public: struct render::ISceneRenderable * __cdecl Animator::GPUAttachmentModel::parse(struct render::CollectionInfo const *, class Animator::GPUAttachmentCookie *, class wPosition3<float> const &, class render::StructuredBuffer *, class render::StructuredBuffer *)",method,Animator,GPUAttachmentModel,parse,"struct render::CollectionInfo const *, class Animator::GPUAttachmentCookie *, class wPosition3<float> const &, class render::StructuredBuffer *, class render::StructuredBuffer *",False,False,False,False,False,False,True
442,441,0x1B9,?parse_attachments@CharacterModelCookie@Animator@@QEAAXPEBUCollectionInfo@render@@V?$wPosition3@M@@PEAV?$vector@PEAUISceneRenderable@render@@V?$allocator@PEAUISceneRenderable@render@@@ed@@@ed@@@Z,"public: void __cdecl Animator::CharacterModelCookie::parse_attachments(struct render::CollectionInfo const *, class wPosition3<float>, class ed::vector<struct render::ISceneRenderable *, class ed::allocator<struct render::ISceneRenderable *>> *)",method,Animator,CharacterModelCookie,parse_attachments,"struct render::CollectionInfo const *, class wPosition3<float>, class ed::vector<struct render::ISceneRenderable *, class ed::allocator<struct render::ISceneRenderable *>> *",False,False,False,False,False,False,True
443,442,0x1BA,?plot_3_values@AnimationManager@Animator@@QEAAXPEBDPEAPEBDAEAV?$vector@MV?$allocator@M@ed@@@ed@@22@Z,"public: void __cdecl Animator::AnimationManager::plot_3_values(char const *, char const **, class ed::vector<float, class ed::allocator<float>> &, class ed::vector<float, class ed::allocator<float>> &, class ed::vector<float, class ed::allocator<float>> &)",method,Animator,AnimationManager,plot_3_values,"char const *, char const **, class ed::vector<float, class ed::allocator<float>> &, class ed::vector<float, class ed::allocator<float>> &, class ed::vector<float, class ed::allocator<float>> &",False,False,False,False,False,False,True
444,443,0x1BB,?print_Vec3f@Animator@@YAXAEBVVec3f@osg@@AEBV?$basic_string@D@ed@@@Z,"void __cdecl Animator::print_Vec3f(class osg::Vec3f const &, class ed::basic_string<char> const &)",method,,Animator,print_Vec3f,"class osg::Vec3f const &, class ed::basic_string<char> const &",False,False,False,False,False,False,True
445,444,0x1BC,?print_matrix@Animator@@YAXAEBVMatrixf@osg@@AEBV?$basic_string@D@ed@@@Z,"void __cdecl Animator::print_matrix(class osg::Matrixf const &, class ed::basic_string<char> const &)",method,,Animator,print_matrix,"class osg::Matrixf const &, class ed::basic_string<char> const &",False,False,False,False,False,False,True
446,445,0x1BD,?print_stack@CharacterModelCookie@Animator@@QEAAXXZ,public: void __cdecl Animator::CharacterModelCookie::print_stack(void),method,Animator,CharacterModelCookie,print_stack,void,False,False,False,False,False,False,True
447,446,0x1BE,?process@FabrikSolver@Animator@@QEAAXXZ,public: void __cdecl Animator::FabrikSolver::process(void),method,Animator,FabrikSolver,process,void,False,False,False,False,False,False,True
448,447,0x1BF,?process_hierarchy@AnimationManager@Animator@@IEAAXPEAUaiNode@@@Z,protected: void __cdecl Animator::AnimationManager::process_hierarchy(struct aiNode *),method,Animator,AnimationManager,process_hierarchy,struct aiNode *,False,False,False,False,False,False,True
449,448,0x1C0,?process_stack@InstanceData@Animator@@AEAAXPEAVCharacterModelCookie@2@@Z,private: void __cdecl Animator::InstanceData::process_stack(class Animator::CharacterModelCookie *),method,Animator,InstanceData,process_stack,class Animator::CharacterModelCookie *,False,False,False,False,False,False,True
450,449,0x1C1,?processing_type@Animation@Animator@@QEBA?AW4EAnimationProcessingType@2@XZ,public: enum Animator::EAnimationProcessingType __cdecl Animator::Animation::processing_type(void) const,method,Animator,Animation,processing_type,void,True,False,False,False,False,False,True
451,450,0x1C2,?push@InstanceData@Animator@@QEAAXHPEAVCharacterModelCookie@2@_N@Z,"public: void __cdecl Animator::InstanceData::push(int, class Animator::CharacterModelCookie *, bool)",method,Animator,InstanceData,push,"int, class Animator::CharacterModelCookie *, bool",False,False,False,False,False,False,True
452,451,0x1C3,?push_animation@CharacterModelCookie@Animator@@QEAAXAEBUShaderAnimation@2@_N@Z,"public: void __cdecl Animator::CharacterModelCookie::push_animation(struct Animator::ShaderAnimation const &, bool)",method,Animator,CharacterModelCookie,push_animation,"struct Animator::ShaderAnimation const &, bool",False,False,False,False,False,False,True
453,452,0x1C4,?randomizer@Animator@@3VRandomObject@@A,class RandomObject Animator::randomizer,symbol,,,,,False,False,False,False,False,False,True
454,453,0x1C5,?reflection@CharacterModelCookie@Animator@@QEAAPEAVCharacterModelReflection@2@XZ,public: class Animator::CharacterModelReflection * __cdecl Animator::CharacterModelCookie::reflection(void),method,Animator,CharacterModelCookie,reflection,void,False,False,False,False,False,False,True
455,454,0x1C6,?reflection@GPUAttachmentCookie@Animator@@QEAAPEAVGPUAttachmentModelReflection@2@XZ,public: class Animator::GPUAttachmentModelReflection * __cdecl Animator::GPUAttachmentCookie::reflection(void),method,Animator,GPUAttachmentCookie,reflection,void,False,False,False,False,False,False,True
456,455,0x1C7,?reflection@GPUAttachmentModel@Animator@@QEAAPEAVGPUAttachmentModelReflection@2@XZ,public: class Animator::GPUAttachmentModelReflection * __cdecl Animator::GPUAttachmentModel::reflection(void),method,Animator,GPUAttachmentModel,reflection,void,False,False,False,False,False,False,True
457,456,0x1C8,?reg_property@PropertyHolderImpl@Animator@@UEAAXAEBV?$basic_string@D@ed@@MVVec2f@osg@@@Z,"public: virtual void __cdecl Animator::PropertyHolderImpl::reg_property(class ed::basic_string<char> const &, float, class osg::Vec2f)",method,Animator,PropertyHolderImpl,reg_property,"class ed::basic_string<char> const &, float, class osg::Vec2f",False,False,True,False,False,False,True
458,457,0x1C9,?register_callback@AnimationStateMachine@Animator@@QEAA_NAEBV?$basic_string@D@ed@@$$QEAV?$function@$$A6AXXZ@std@@@Z,"public: bool __cdecl Animator::AnimationStateMachine::register_callback(class ed::basic_string<char> const &, class std::function<void __cdecl(void)> &&)",method,Animator,AnimationStateMachine,register_callback,"class ed::basic_string<char> const &, class std::function<void __cdecl(void)> &&",False,False,False,False,False,False,True
459,458,0x1CA,?reload@CharacterModelBase@Animator@@UEAAXXZ,public: virtual void __cdecl Animator::CharacterModelBase::reload(void),method,Animator,CharacterModelBase,reload,void,False,False,True,False,False,False,True
460,459,0x1CB,?reload_config@CharacterModelBase@Animator@@QEAAXXZ,public: void __cdecl Animator::CharacterModelBase::reload_config(void),method,Animator,CharacterModelBase,reload_config,void,False,False,False,False,False,False,True
461,460,0x1CC,?remove_blend_space@CharacterModelCookie@Animator@@QEAAXH@Z,public: void __cdecl Animator::CharacterModelCookie::remove_blend_space(int),method,Animator,CharacterModelCookie,remove_blend_space,int,False,False,False,False,False,False,True
462,461,0x1CD,?remove_instance@GPUAttachmentModelReflection@Animator@@UEAAXPEAVGPUAttachmentCookie@2@@Z,public: virtual void __cdecl Animator::GPUAttachmentModelReflection::remove_instance(class Animator::GPUAttachmentCookie *),method,Animator,GPUAttachmentModelReflection,remove_instance,class Animator::GPUAttachmentCookie *,False,False,True,False,False,False,True
463,462,0x1CE,?render@AnimationBlender2@Animator@@QEAAXVMatrixf@osg@@@Z,public: void __cdecl Animator::AnimationBlender2::render(class osg::Matrixf),method,Animator,AnimationBlender2,render,class osg::Matrixf,False,False,False,False,False,False,True
464,463,0x1CF,?render@AnimationBlender@Animator@@QEAAXXZ,public: void __cdecl Animator::AnimationBlender::render(void),method,Animator,AnimationBlender,render,void,False,False,False,False,False,False,True
465,464,0x1D0,?render@CharacterController@Animator@@QEAAXVMatrixf@osg@@@Z,public: void __cdecl Animator::CharacterController::render(class osg::Matrixf),method,Animator,CharacterController,render,class osg::Matrixf,False,False,False,False,False,False,True
466,465,0x1D1,?render@GPUAttachmentModel@Animator@@QEAAXAEBV?$vector@HV?$allocator@H@ed@@@ed@@AEBVVec3f@osg@@HW4ShadingModelEnum@0@PEAVStructuredBuffer@0@3@Z,"public: void __cdecl Animator::GPUAttachmentModel::render(class ed::vector<int, class ed::allocator<int>> const &, class osg::Vec3f const &, int, enum render::ShadingModelEnum, class render::StructuredBuffer *, class render::StructuredBuffer *)",method,Animator,GPUAttachmentModel,render,"class ed::vector<int, class ed::allocator<int>> const &, class osg::Vec3f const &, int, enum render::ShadingModelEnum, class render::StructuredBuffer *, class render::StructuredBuffer *",False,False,False,False,False,False,True
467,466,0x1D2,?render_blended_skeleton@AnimationManager@Animator@@QEAAXHMHMMAEBVMatrixf@osg@@AEBVVec4f@4@@Z,"public: void __cdecl Animator::AnimationManager::render_blended_skeleton(int, float, int, float, float, class osg::Matrixf const &, class osg::Vec4f const &)",method,Animator,AnimationManager,render_blended_skeleton,"int, float, int, float, float, class osg::Matrixf const &, class osg::Vec4f const &",False,False,False,False,False,False,True
468,467,0x1D3,?render_marker@Animator@@YAXVMatrixf@osg@@AEBV23@M@Z,"void __cdecl Animator::render_marker(class osg::Matrixf, class osg::Matrixf const &, float)",method,,Animator,render_marker,"class osg::Matrixf, class osg::Matrixf const &, float",False,False,False,False,False,False,True
469,468,0x1D4,?render_marker@Animator@@YAXVMatrixf@osg@@AEBVVec3f@3@M@Z,"void __cdecl Animator::render_marker(class osg::Matrixf, class osg::Vec3f const &, float)",method,,Animator,render_marker,"class osg::Matrixf, class osg::Vec3f const &, float",False,False,False,False,False,False,True
470,469,0x1D5,?render_skeleton@AnimationBlender@Animator@@QEAAXVMatrixf@osg@@@Z,public: void __cdecl Animator::AnimationBlender::render_skeleton(class osg::Matrixf),method,Animator,AnimationBlender,render_skeleton,class osg::Matrixf,False,False,False,False,False,False,True
471,470,0x1D6,?render_skeleton@AnimationManager@Animator@@QEAAXHMAEBVMatrixf@osg@@AEBVVec4f@4@@Z,"public: void __cdecl Animator::AnimationManager::render_skeleton(int, float, class osg::Matrixf const &, class osg::Vec4f const &)",method,Animator,AnimationManager,render_skeleton,"int, float, class osg::Matrixf const &, class osg::Vec4f const &",False,False,False,False,False,False,True
472,471,0x1D7,?resample_animation@AnimationManager@Animator@@QEAA_NPEAUaiAnimation@@@Z,public: bool __cdecl Animator::AnimationManager::resample_animation(struct aiAnimation *),method,Animator,AnimationManager,resample_animation,struct aiAnimation *,False,False,False,False,False,False,True
473,472,0x1D8,?resetMults@CharacterModelBase@Animator@@UEAAXXZ,public: virtual void __cdecl Animator::CharacterModelBase::resetMults(void),method,Animator,CharacterModelBase,resetMults,void,False,False,True,False,False,False,True
474,473,0x1D9,?reset_command@AnimationStateMachine@Animator@@QEAAXXZ,public: void __cdecl Animator::AnimationStateMachine::reset_command(void),method,Animator,AnimationStateMachine,reset_command,void,False,False,False,False,False,False,True
475,474,0x1DA,?reset_ik_transforms@AnimationManager@Animator@@QEAAX_N@Z,public: void __cdecl Animator::AnimationManager::reset_ik_transforms(bool),method,Animator,AnimationManager,reset_ik_transforms,bool,False,False,False,False,False,False,True
476,475,0x1DB,?reset_modified_flag@FabrikSolver@Animator@@QEAAXXZ,public: void __cdecl Animator::FabrikSolver::reset_modified_flag(void),method,Animator,FabrikSolver,reset_modified_flag,void,False,False,False,False,False,False,True
477,476,0x1DC,?restore_model_state@CharacterModelCookie@Animator@@UEAAXAEBVMessage@Mail@@@Z,public: virtual void __cdecl Animator::CharacterModelCookie::restore_model_state(class Mail::Message const &),method,Animator,CharacterModelCookie,restore_model_state,class Mail::Message const &,False,False,True,False,False,False,True
478,477,0x1DD,?restore_model_state@GPUAttachmentCookie@Animator@@UEAAXAEBVMessage@Mail@@@Z,public: virtual void __cdecl Animator::GPUAttachmentCookie::restore_model_state(class Mail::Message const &),method,Animator,GPUAttachmentCookie,restore_model_state,class Mail::Message const &,False,False,True,False,False,False,True
479,478,0x1DE,?sample_animation@AnimationManager@Animator@@QEAA?AVMatrixf@osg@@HHMAEBVVec3f@4@PEAVQuatf@4@PEAV54@@Z,"public: class osg::Matrixf __cdecl Animator::AnimationManager::sample_animation(int, int, float, class osg::Vec3f const &, class osg::Quatf *, class osg::Vec3f *)",method,Animator,AnimationManager,sample_animation,"int, int, float, class osg::Vec3f const &, class osg::Quatf *, class osg::Vec3f *",False,False,False,False,False,False,True
480,479,0x1DF,?sceneTransitionComplete@AnimationStateMachine@Animator@@QEBA_NXZ,public: bool __cdecl Animator::AnimationStateMachine::sceneTransitionComplete(void) const,method,Animator,AnimationStateMachine,sceneTransitionComplete,void,True,False,False,False,False,False,True
481,480,0x1E0,?scene_complite_time@AnimationStateMachine@Animator@@QEBANXZ,public: double __cdecl Animator::AnimationStateMachine::scene_complite_time(void) const,method,Animator,AnimationStateMachine,scene_complite_time,void,True,False,False,False,False,False,True
482,481,0x1E1,?serialize_animation_names@Animator@@YAXAEAVWriter@Mail@@@Z,void __cdecl Animator::serialize_animation_names(class Mail::Writer &),method,,Animator,serialize_animation_names,class Mail::Writer &,False,False,False,False,False,False,True
483,482,0x1E2,?serialize_model_state@CharacterModelCookie@Animator@@QEAA?AVMessage@Mail@@XZ,public: class Mail::Message __cdecl Animator::CharacterModelCookie::serialize_model_state(void),method,Animator,CharacterModelCookie,serialize_model_state,void,False,False,False,False,False,False,True
484,483,0x1E3,?serialize_model_state@GPUAttachmentCookie@Animator@@QEAA?AVMessage@Mail@@XZ,public: class Mail::Message __cdecl Animator::GPUAttachmentCookie::serialize_model_state(void),method,Animator,GPUAttachmentCookie,serialize_model_state,void,False,False,False,False,False,False,True
485,484,0x1E4,?serialize_state@CharacterModelCookie@Animator@@UEAA?AVMessage@Mail@@XZ,public: virtual class Mail::Message __cdecl Animator::CharacterModelCookie::serialize_state(void),method,Animator,CharacterModelCookie,serialize_state,void,False,False,True,False,False,False,True
486,485,0x1E5,?serialize_state@GPUAttachmentCookie@Animator@@QEAAXAEAVWriter@Mail@@@Z,public: void __cdecl Animator::GPUAttachmentCookie::serialize_state(class Mail::Writer &),method,Animator,GPUAttachmentCookie,serialize_state,class Mail::Writer &,False,False,False,False,False,False,True
487,486,0x1E6,?serialize_state@GPUAttachmentCookie@Animator@@UEAA?AVMessage@Mail@@XZ,public: virtual class Mail::Message __cdecl Animator::GPUAttachmentCookie::serialize_state(void),method,Animator,GPUAttachmentCookie,serialize_state,void,False,False,True,False,False,False,True
488,487,0x1E7,?serialize_state@GPUAttachmentModelReflection@Animator@@UEAA?AVMessage@Mail@@XZ,public: virtual class Mail::Message __cdecl Animator::GPUAttachmentModelReflection::serialize_state(void),method,Animator,GPUAttachmentModelReflection,serialize_state,void,False,False,True,False,False,False,True
489,488,0x1E8,?serialize_state@GPUAttachmentModelReflection@Animator@@UEAAXAEAVWriter@Mail@@@Z,public: virtual void __cdecl Animator::GPUAttachmentModelReflection::serialize_state(class Mail::Writer &),method,Animator,GPUAttachmentModelReflection,serialize_state,class Mail::Writer &,False,False,True,False,False,False,True
490,489,0x1E9,?setLiveryHandle@CharacterModelCookie@Animator@@UEAAXI@Z,public: virtual void __cdecl Animator::CharacterModelCookie::setLiveryHandle(unsigned int),method,Animator,CharacterModelCookie,setLiveryHandle,unsigned int,False,False,True,False,False,False,True
491,490,0x1EA,?setLiveryHandle@GPUAttachmentCookie@Animator@@UEAAXI@Z,public: virtual void __cdecl Animator::GPUAttachmentCookie::setLiveryHandle(unsigned int),method,Animator,GPUAttachmentCookie,setLiveryHandle,unsigned int,False,False,True,False,False,False,True
492,491,0x1EB,?set_animation@CharacterModelCookie@Animator@@QEAAXAEBV?$basic_string@D@ed@@M_N1@Z,"public: void __cdecl Animator::CharacterModelCookie::set_animation(class ed::basic_string<char> const &, float, bool, bool)",method,Animator,CharacterModelCookie,set_animation,"class ed::basic_string<char> const &, float, bool, bool",False,False,False,False,False,False,True
493,492,0x1EC,?set_animation@CharacterModelCookie@Animator@@QEAAXHM_N0@Z,"public: void __cdecl Animator::CharacterModelCookie::set_animation(int, float, bool, bool)",method,Animator,CharacterModelCookie,set_animation,"int, float, bool, bool",False,False,False,False,False,False,True
494,493,0x1ED,?set_arg@CharacterModelCookie@Animator@@QEAAXHM@Z,"public: void __cdecl Animator::CharacterModelCookie::set_arg(int, float)",method,Animator,CharacterModelCookie,set_arg,"int, float",False,False,False,False,False,False,True
495,494,0x1EE,?set_arg@InstanceData@Animator@@QEAAXHM@Z,"public: void __cdecl Animator::InstanceData::set_arg(int, float)",method,Animator,InstanceData,set_arg,"int, float",False,False,False,False,False,False,True
496,495,0x1EF,?set_bit@CharacterModelCookie@Animator@@QEAAXH_N@Z,"public: void __cdecl Animator::CharacterModelCookie::set_bit(int, bool)",method,Animator,CharacterModelCookie,set_bit,"int, bool",False,False,False,False,False,False,True
497,496,0x1F0,?set_bone_local_transform@FabrikSolver@Animator@@QEAAXHAEBVMatrixf@osg@@@Z,"public: void __cdecl Animator::FabrikSolver::set_bone_local_transform(int, class osg::Matrixf const &)",method,Animator,FabrikSolver,set_bone_local_transform,"int, class osg::Matrixf const &",False,False,False,False,False,False,True
498,497,0x1F1,?set_bone_local_transform@FabrikSolver@Animator@@QEAAXHAEBVVec3f@osg@@AEBVQuatf@4@@Z,"public: void __cdecl Animator::FabrikSolver::set_bone_local_transform(int, class osg::Vec3f const &, class osg::Quatf const &)",method,Animator,FabrikSolver,set_bone_local_transform,"int, class osg::Vec3f const &, class osg::Quatf const &",False,False,False,False,False,False,True
499,498,0x1F2,?set_bone_world_transform@FabrikSolver@Animator@@QEAAXHAEBVMatrixf@osg@@@Z,"public: void __cdecl Animator::FabrikSolver::set_bone_world_transform(int, class osg::Matrixf const &)",method,Animator,FabrikSolver,set_bone_world_transform,"int, class osg::Matrixf const &",False,False,False,False,False,False,True
500,499,0x1F3,?set_buffer_shift@Animation@Animator@@QEAAXH@Z,public: void __cdecl Animator::Animation::set_buffer_shift(int),method,Animator,Animation,set_buffer_shift,int,False,False,False,False,False,False,True
501,500,0x1F4,?set_channel_matrix@AnimationManager@Animator@@QEAAXPEAUaiNodeAnim@@HAEBV?$aiMatrix4x4t@M@@@Z,"public: void __cdecl Animator::AnimationManager::set_channel_matrix(struct aiNodeAnim *, int, class aiMatrix4x4t<float> const &)",method,Animator,AnimationManager,set_channel_matrix,"struct aiNodeAnim *, int, class aiMatrix4x4t<float> const &",False,False,False,False,False,False,True
502,501,0x1F5,?set_command@AnimationStateMachine@Animator@@QEAA_NAEBV?$basic_string@D@ed@@M_N@Z,"public: bool __cdecl Animator::AnimationStateMachine::set_command(class ed::basic_string<char> const &, float, bool)",method,Animator,AnimationStateMachine,set_command,"class ed::basic_string<char> const &, float, bool",False,False,False,False,False,False,True
503,502,0x1F6,?set_compute_type@CharacterModelCookie@Animator@@QEAAXW4ANIM_COMPUTE_TYPE@InstanceData@2@@Z,public: void __cdecl Animator::CharacterModelCookie::set_compute_type(enum Animator::InstanceData::ANIM_COMPUTE_TYPE),method,Animator,CharacterModelCookie,set_compute_type,enum Animator::InstanceData::ANIM_COMPUTE_TYPE,False,False,False,False,False,False,True
504,503,0x1F7,?set_compute_type@InstanceData@Animator@@QEAAXW4ANIM_COMPUTE_TYPE@12@@Z,public: void __cdecl Animator::InstanceData::set_compute_type(enum Animator::InstanceData::ANIM_COMPUTE_TYPE),method,Animator,InstanceData,set_compute_type,enum Animator::InstanceData::ANIM_COMPUTE_TYPE,False,False,False,False,False,False,True
505,504,0x1F8,?set_cookie@AnimationBlender2@Animator@@QEAAXPEAVCharacterModelCookie@2@@Z,public: void __cdecl Animator::AnimationBlender2::set_cookie(class Animator::CharacterModelCookie *),method,Animator,AnimationBlender2,set_cookie,class Animator::CharacterModelCookie *,False,False,False,False,False,False,True
506,505,0x1F9,?set_cookie@AnimationStateMachine@Animator@@QEAAXPEAVCharacterModelCookie@2@@Z,public: void __cdecl Animator::AnimationStateMachine::set_cookie(class Animator::CharacterModelCookie *),method,Animator,AnimationStateMachine,set_cookie,class Animator::CharacterModelCookie *,False,False,False,False,False,False,True
507,506,0x1FA,?set_decal_index@CharacterModelCookie@Animator@@QEAAXEE@Z,"public: void __cdecl Animator::CharacterModelCookie::set_decal_index(unsigned char, unsigned char)",method,Animator,CharacterModelCookie,set_decal_index,"unsigned char, unsigned char",False,False,False,False,False,False,True
508,507,0x1FB,?set_direct_pose_control@CharacterModelCookie@Animator@@QEAAX_N@Z,public: void __cdecl Animator::CharacterModelCookie::set_direct_pose_control(bool),method,Animator,CharacterModelCookie,set_direct_pose_control,bool,False,False,False,False,False,False,True
509,508,0x1FC,?set_dirty@CharacterModelCookie@Animator@@QEAAX_N@Z,public: void __cdecl Animator::CharacterModelCookie::set_dirty(bool),method,Animator,CharacterModelCookie,set_dirty,bool,False,False,False,False,False,False,True
510,509,0x1FD,?set_dirty@GPUAttachmentCookie@Animator@@QEAAX_N@Z,public: void __cdecl Animator::GPUAttachmentCookie::set_dirty(bool),method,Animator,GPUAttachmentCookie,set_dirty,bool,False,False,False,False,False,False,True
511,510,0x1FE,?set_dirty@GPUAttachmentModelReflection@Animator@@QEAAXXZ,public: void __cdecl Animator::GPUAttachmentModelReflection::set_dirty(void),method,Animator,GPUAttachmentModelReflection,set_dirty,void,False,False,False,False,False,False,True
512,511,0x1FF,?set_effector@AnimationManager@Animator@@QEAAXAEBV?$basic_string@D@ed@@AEBVMatrixf@osg@@_N2@Z,"public: void __cdecl Animator::AnimationManager::set_effector(class ed::basic_string<char> const &, class osg::Matrixf const &, bool, bool)",method,Animator,AnimationManager,set_effector,"class ed::basic_string<char> const &, class osg::Matrixf const &, bool, bool",False,False,False,False,False,False,True
513,512,0x200,?set_effector_transform@FabrikSolver@Animator@@QEAAXAEBV?$basic_string@D@ed@@AEBVMatrixf@osg@@@Z,"public: void __cdecl Animator::FabrikSolver::set_effector_transform(class ed::basic_string<char> const &, class osg::Matrixf const &)",method,Animator,FabrikSolver,set_effector_transform,"class ed::basic_string<char> const &, class osg::Matrixf const &",False,False,False,False,False,False,True
514,513,0x201,?set_effector_transform@FabrikSolver@Animator@@QEAAXHAEBVMatrixf@osg@@@Z,"public: void __cdecl Animator::FabrikSolver::set_effector_transform(int, class osg::Matrixf const &)",method,Animator,FabrikSolver,set_effector_transform,"int, class osg::Matrixf const &",False,False,False,False,False,False,True
515,514,0x202,?set_effector_transform@FabrikSolver@Animator@@QEAAXHAEBVVec3f@osg@@AEBVQuatf@4@@Z,"public: void __cdecl Animator::FabrikSolver::set_effector_transform(int, class osg::Vec3f const &, class osg::Quatf const &)",method,Animator,FabrikSolver,set_effector_transform,"int, class osg::Vec3f const &, class osg::Quatf const &",False,False,False,False,False,False,True
516,515,0x203,?set_enabled@CharacterController@Animator@@QEAAX_N@Z,public: void __cdecl Animator::CharacterController::set_enabled(bool),method,Animator,CharacterController,set_enabled,bool,False,False,False,False,False,False,True
517,516,0x204,?set_flags@CharacterModelCookie@Animator@@QEAAXH@Z,public: void __cdecl Animator::CharacterModelCookie::set_flags(int),method,Animator,CharacterModelCookie,set_flags,int,False,False,False,False,False,False,True
518,517,0x205,?set_heading@Animator@@YAXAEAV?$wPosition3@M@@M@Z,"void __cdecl Animator::set_heading(class wPosition3<float> &, float)",method,,Animator,set_heading,"class wPosition3<float> &, float",False,False,False,False,False,False,True
519,518,0x206,?set_idle@CharacterModelCookie@Animator@@QEAAXMAEBV?$basic_string@D@ed@@@Z,"public: void __cdecl Animator::CharacterModelCookie::set_idle(float, class ed::basic_string<char> const &)",method,Animator,CharacterModelCookie,set_idle,"float, class ed::basic_string<char> const &",False,False,False,False,False,False,True
520,519,0x207,?set_livery_handle@GPUAttachmentCookie@Animator@@QEAAXI@Z,public: void __cdecl Animator::GPUAttachmentCookie::set_livery_handle(unsigned int),method,Animator,GPUAttachmentCookie,set_livery_handle,unsigned int,False,False,False,False,False,False,True
521,520,0x208,?set_log_callback@Animator@@YAXAEBV?$function@$$A6AXPEBD@Z@std@@@Z,void __cdecl Animator::set_log_callback(class std::function<void __cdecl(char const *)> const &),method,,Animator,set_log_callback,class std::function<void __cdecl(char const *)> const &,False,False,False,False,False,False,True
522,521,0x209,?set_loop@Timer@Animator@@QEAAXN@Z,public: void __cdecl Animator::Timer::set_loop(double),method,Animator,Timer,set_loop,double,False,False,False,False,False,False,True
523,522,0x20A,?set_name@CharacterModelCookie@Animator@@QEAAXAEBV?$basic_string@D@ed@@@Z,public: void __cdecl Animator::CharacterModelCookie::set_name(class ed::basic_string<char> const &),method,Animator,CharacterModelCookie,set_name,class ed::basic_string<char> const &,False,False,False,False,False,False,True
524,523,0x20B,?set_node_matrix@CharacterModelCookie@Animator@@QEAAXAEBV?$basic_string@D@ed@@AEBVMatrixf@osg@@@Z,"public: void __cdecl Animator::CharacterModelCookie::set_node_matrix(class ed::basic_string<char> const &, class osg::Matrixf const &)",method,Animator,CharacterModelCookie,set_node_matrix,"class ed::basic_string<char> const &, class osg::Matrixf const &",False,False,False,False,False,False,True
525,524,0x20C,?set_node_matrix@CharacterModelCookie@Animator@@QEAAXHAEBVMatrixf@osg@@@Z,"public: void __cdecl Animator::CharacterModelCookie::set_node_matrix(int, class osg::Matrixf const &)",method,Animator,CharacterModelCookie,set_node_matrix,"int, class osg::Matrixf const &",False,False,False,False,False,False,True
526,525,0x20D,?set_nodes_modified_up@FabrikSolver@Animator@@QEAAXH@Z,public: void __cdecl Animator::FabrikSolver::set_nodes_modified_up(int),method,Animator,FabrikSolver,set_nodes_modified_up,int,False,False,False,False,False,False,True
527,526,0x20E,?set_num_bones@FabrikSolver@Animator@@QEAAXH@Z,public: void __cdecl Animator::FabrikSolver::set_num_bones(int),method,Animator,FabrikSolver,set_num_bones,int,False,False,False,False,False,False,True
528,527,0x20F,?set_override_animation@CharacterModelCookie@Animator@@QEAAXAEBV?$basic_string@D@ed@@M@Z,"public: void __cdecl Animator::CharacterModelCookie::set_override_animation(class ed::basic_string<char> const &, float)",method,Animator,CharacterModelCookie,set_override_animation,"class ed::basic_string<char> const &, float",False,False,False,False,False,False,True
529,528,0x210,?set_pose@CharacterModelCookie@Animator@@QEAAXAEBV?$vector@VMatrixf@osg@@V?$allocator@VMatrixf@osg@@@ed@@@ed@@_N@Z,"public: void __cdecl Animator::CharacterModelCookie::set_pose(class ed::vector<class osg::Matrixf, class ed::allocator<class osg::Matrixf>> const &, bool)",method,Animator,CharacterModelCookie,set_pose,"class ed::vector<class osg::Matrixf, class ed::allocator<class osg::Matrixf>> const &, bool",False,False,False,False,False,False,True
530,529,0x211,?set_pose@FabrikSolver@Animator@@QEAAXAEBV?$vector@VMatrixf@osg@@V?$allocator@VMatrixf@osg@@@ed@@@ed@@@Z,"public: void __cdecl Animator::FabrikSolver::set_pose(class ed::vector<class osg::Matrixf, class ed::allocator<class osg::Matrixf>> const &)",method,Animator,FabrikSolver,set_pose,"class ed::vector<class osg::Matrixf, class ed::allocator<class osg::Matrixf>> const &",False,False,False,False,False,False,True
531,530,0x212,?set_property@PropertyHolderImpl@Animator@@UEAAXAEBV?$basic_string@D@ed@@M@Z,"public: virtual void __cdecl Animator::PropertyHolderImpl::set_property(class ed::basic_string<char> const &, float)",method,Animator,PropertyHolderImpl,set_property,"class ed::basic_string<char> const &, float",False,False,True,False,False,False,True
532,531,0x213,?set_remove_root@CharacterModelCookie@Animator@@QEAAX_N@Z,public: void __cdecl Animator::CharacterModelCookie::set_remove_root(bool),method,Animator,CharacterModelCookie,set_remove_root,bool,False,False,False,False,False,False,True
533,532,0x214,?set_render_data@CharacterModelBase@Animator@@UEAAXIQEBUCollectionInfo@render@@@Z,"public: virtual void __cdecl Animator::CharacterModelBase::set_render_data(unsigned int, struct render::CollectionInfo const *const)",method,Animator,CharacterModelBase,set_render_data,"unsigned int, struct render::CollectionInfo const *const",False,False,True,False,False,False,True
534,533,0x215,?set_route@CharacterController@Animator@@QEAAXAEBV?$vector@VVec3f@osg@@V?$allocator@VVec3f@osg@@@ed@@@ed@@AEBV?$wPosition3@M@@V?$function@$$A6AXXZ@std@@@Z,"public: void __cdecl Animator::CharacterController::set_route(class ed::vector<class osg::Vec3f, class ed::allocator<class osg::Vec3f>> const &, class wPosition3<float> const &, class std::function<void __cdecl(void)>)",method,Animator,CharacterController,set_route,"class ed::vector<class osg::Vec3f, class ed::allocator<class osg::Vec3f>> const &, class wPosition3<float> const &, class std::function<void __cdecl(void)>",False,False,False,False,False,False,True
535,534,0x216,?set_solver_pose@AnimationManager@Animator@@QEAAXAEBV?$vector@VMatrixf@osg@@V?$allocator@VMatrixf@osg@@@ed@@@ed@@_N@Z,"public: void __cdecl Animator::AnimationManager::set_solver_pose(class ed::vector<class osg::Matrixf, class ed::allocator<class osg::Matrixf>> const &, bool)",method,Animator,AnimationManager,set_solver_pose,"class ed::vector<class osg::Matrixf, class ed::allocator<class osg::Matrixf>> const &, bool",False,False,False,False,False,False,True
536,535,0x217,?set_solver_pose@AnimationManager@Animator@@QEAAXXZ,public: void __cdecl Animator::AnimationManager::set_solver_pose(void),method,Animator,AnimationManager,set_solver_pose,void,False,False,False,False,False,False,True
537,536,0x218,?set_stack@CharacterModelCookie@Animator@@QEAAXAEAV?$vector@UShaderAnimation@Animator@@V?$allocator@UShaderAnimation@Animator@@@ed@@@ed@@@Z,"public: void __cdecl Animator::CharacterModelCookie::set_stack(class ed::vector<struct Animator::ShaderAnimation, class ed::allocator<struct Animator::ShaderAnimation>> &)",method,Animator,CharacterModelCookie,set_stack,"class ed::vector<struct Animator::ShaderAnimation, class ed::allocator<struct Animator::ShaderAnimation>> &",False,False,False,False,False,False,True
538,537,0x219,?set_time_callback@Animator@@YAXAEBV?$function@$$A6ANXZ@std@@@Z,void __cdecl Animator::set_time_callback(class std::function<double __cdecl(void)> const &),method,,Animator,set_time_callback,class std::function<double __cdecl(void)> const &,False,False,False,False,False,False,True
539,538,0x21A,?set_translation@Animator@@YAXAEAV?$aiMatrix4x4t@M@@AEBVVec3f@osg@@@Z,"void __cdecl Animator::set_translation(class aiMatrix4x4t<float> &, class osg::Vec3f const &)",method,,Animator,set_translation,"class aiMatrix4x4t<float> &, class osg::Vec3f const &",False,False,False,False,False,False,True
540,539,0x21B,?set_visible@GPUAttachmentCookie@Animator@@QEAAX_N@Z,public: void __cdecl Animator::GPUAttachmentCookie::set_visible(bool),method,Animator,GPUAttachmentCookie,set_visible,bool,False,False,False,False,False,False,True
541,540,0x21C,?size@InstanceData@Animator@@QEAAHXZ,public: int __cdecl Animator::InstanceData::size(void),method,Animator,InstanceData,size,void,False,False,False,False,False,False,True
542,541,0x21D,?slerp@Animator@@YA?AVVec4f@osg@@AEBV23@0M@Z,"class osg::Vec4f __cdecl Animator::slerp(class osg::Vec4f const &, class osg::Vec4f const &, float)",method,,Animator,slerp,"class osg::Vec4f const &, class osg::Vec4f const &, float",False,False,False,False,False,False,True
543,542,0x21E,?smooth_iteration@CharacterController@Animator@@AEAAXAEBV?$vector@VVec3f@osg@@V?$allocator@VVec3f@osg@@@ed@@@ed@@AEAV34@@Z,"private: void __cdecl Animator::CharacterController::smooth_iteration(class ed::vector<class osg::Vec3f, class ed::allocator<class osg::Vec3f>> const &, class ed::vector<class osg::Vec3f, class ed::allocator<class osg::Vec3f>> &)",method,Animator,CharacterController,smooth_iteration,"class ed::vector<class osg::Vec3f, class ed::allocator<class osg::Vec3f>> const &, class ed::vector<class osg::Vec3f, class ed::allocator<class osg::Vec3f>> &",False,False,False,False,False,False,True
544,543,0x21F,?solve@FabrikSolver@Animator@@QEAA_NAEAV?$vector@VMatrixf@osg@@V?$allocator@VMatrixf@osg@@@ed@@@ed@@@Z,"public: bool __cdecl Animator::FabrikSolver::solve(class ed::vector<class osg::Matrixf, class ed::allocator<class osg::Matrixf>> &)",method,Animator,FabrikSolver,solve,"class ed::vector<class osg::Matrixf, class ed::allocator<class osg::Matrixf>> &",False,False,False,False,False,False,True
545,544,0x220,?solve_ik@AnimationManager@Animator@@QEAAXAEAV?$vector@VMatrixf@osg@@V?$allocator@VMatrixf@osg@@@ed@@@ed@@PEAV34@@Z,"public: void __cdecl Animator::AnimationManager::solve_ik(class ed::vector<class osg::Matrixf, class ed::allocator<class osg::Matrixf>> &, class ed::vector<class osg::Matrixf, class ed::allocator<class osg::Matrixf>> *)",method,Animator,AnimationManager,solve_ik,"class ed::vector<class osg::Matrixf, class ed::allocator<class osg::Matrixf>> &, class ed::vector<class osg::Matrixf, class ed::allocator<class osg::Matrixf>> *",False,False,False,False,False,False,True
546,545,0x221,?state_description@AnimationGraph@Animator@@QEBAPEBUStateDescription@2@XZ,public: struct Animator::StateDescription const * __cdecl Animator::AnimationGraph::state_description(void) const,method,Animator,AnimationGraph,state_description,void,True,False,False,False,False,False,True
547,546,0x222,?stop@AnimationController@Animator@@QEAAXM@Z,public: void __cdecl Animator::AnimationController::stop(float),method,Animator,AnimationController,stop,float,False,False,False,False,False,False,True
548,547,0x223,?stop_move@AnimationController@Animator@@QEAAXXZ,public: void __cdecl Animator::AnimationController::stop_move(void),method,Animator,AnimationController,stop_move,void,False,False,False,False,False,False,True
549,548,0x224,?stopped@Timer@Animator@@QEAA_NXZ,public: bool __cdecl Animator::Timer::stopped(void),method,Animator,Timer,stopped,void,False,False,False,False,False,False,True
550,549,0x225,?sync_phase@AnimationBlender@Animator@@QEAAXXZ,public: void __cdecl Animator::AnimationBlender::sync_phase(void),method,Animator,AnimationBlender,sync_phase,void,False,False,False,False,False,False,True
551,550,0x226,?toEulerianAngle@Animator@@YAXAEBV?$aiQuaterniont@M@@AEAM11@Z,"void __cdecl Animator::toEulerianAngle(class aiQuaterniont<float> const &, float &, float &, float &)",method,,Animator,toEulerianAngle,"class aiQuaterniont<float> const &, float &, float &, float &",False,False,False,False,False,False,True
552,551,0x227,?toEulerianAngle@Animator@@YAXAEBVQuaternion@@AEAM11@Z,"void __cdecl Animator::toEulerianAngle(class Quaternion const &, float &, float &, float &)",method,,Animator,toEulerianAngle,"class Quaternion const &, float &, float &, float &",False,False,False,False,False,False,True
553,552,0x228,?toEulerianAngle@Animator@@YAXAEBVQuatf@osg@@AEAM11@Z,"void __cdecl Animator::toEulerianAngle(class osg::Quatf const &, float &, float &, float &)",method,,Animator,toEulerianAngle,"class osg::Quatf const &, float &, float &, float &",False,False,False,False,False,False,True
554,553,0x229,?to_Matrixf@Animator@@YA?AVMatrixf@osg@@AEBV?$aiMatrix4x4t@M@@@Z,class osg::Matrixf __cdecl Animator::to_Matrixf(class aiMatrix4x4t<float> const &),method,,Animator,to_Matrixf,class aiMatrix4x4t<float> const &,False,False,False,False,False,False,True
555,554,0x22A,?to_Position3@Animator@@YA?AV?$wPosition3@M@@AEBVMatrixf@osg@@@Z,class wPosition3<float> __cdecl Animator::to_Position3(class osg::Matrixf const &),method,,Animator,to_Position3,class osg::Matrixf const &,False,False,False,False,False,False,True
556,555,0x22B,?to_Position3@Animator@@YA?AV?$wPosition3@M@@AEBVVec2f@osg@@M@Z,"class wPosition3<float> __cdecl Animator::to_Position3(class osg::Vec2f const &, float)",method,,Animator,to_Position3,"class osg::Vec2f const &, float",False,False,False,False,False,False,True
557,556,0x22C,?to_Position3@Animator@@YA?AV?$wPosition3@M@@AEBVVec3f@osg@@M@Z,"class wPosition3<float> __cdecl Animator::to_Position3(class osg::Vec3f const &, float)",method,,Animator,to_Position3,"class osg::Vec3f const &, float",False,False,False,False,False,False,True
558,557,0x22D,?to_Position3@Animator@@YA?AV?$wPosition3@M@@AEBVVec4f@osg@@@Z,class wPosition3<float> __cdecl Animator::to_Position3(class osg::Vec4f const &),method,,Animator,to_Position3,class osg::Vec4f const &,False,False,False,False,False,False,True
559,558,0x22E,?to_Vec3f@Animator@@YA?AVVec3f@osg@@AEBV?$aiVector3t@M@@@Z,class osg::Vec3f __cdecl Animator::to_Vec3f(class aiVector3t<float> const &),method,,Animator,to_Vec3f,class aiVector3t<float> const &,False,False,False,False,False,False,True
560,559,0x22F,?to_Vec3f@Animator@@YA?AVVec3f@osg@@AEBVVec2f@3@@Z,class osg::Vec3f __cdecl Animator::to_Vec3f(class osg::Vec2f const &),method,,Animator,to_Vec3f,class osg::Vec2f const &,False,False,False,False,False,False,True
561,560,0x230,?to_Vec4f@Animator@@YA?AVVec4f@osg@@AEBV?$aiQuaterniont@M@@@Z,class osg::Vec4f __cdecl Animator::to_Vec4f(class aiQuaterniont<float> const &),method,,Animator,to_Vec4f,class aiQuaterniont<float> const &,False,False,False,False,False,False,True
562,561,0x231,?to_position3@Animator@@YA?AV?$wPosition3@M@@AEBV?$aiMatrix4x4t@M@@@Z,class wPosition3<float> __cdecl Animator::to_position3(class aiMatrix4x4t<float> const &),method,,Animator,to_position3,class aiMatrix4x4t<float> const &,False,False,False,False,False,False,True
563,562,0x232,?turn@AnimationController@Animator@@QEAAMMM@Z,"public: float __cdecl Animator::AnimationController::turn(float, float)",method,Animator,AnimationController,turn,"float, float",False,False,False,False,False,False,True
564,563,0x233,?type@CharacterModelCookie@Animator@@2_KB,public: static unsigned __int64 const Animator::CharacterModelCookie::type,symbol,,,,,False,False,False,False,False,False,True
565,564,0x234,?type@GPUAttachmentCookie@Animator@@2_KB,public: static unsigned __int64 const Animator::GPUAttachmentCookie::type,symbol,,,,,False,False,False,False,False,False,True
566,565,0x235,?unset_override_animation@CharacterModelCookie@Animator@@QEAAXXZ,public: void __cdecl Animator::CharacterModelCookie::unset_override_animation(void),method,Animator,CharacterModelCookie,unset_override_animation,void,False,False,False,False,False,False,True
567,566,0x236,?update@AnimationController@Animator@@QEAA?AV?$tuple@V?$wPosition3@M@@V1@MV1@@std@@M_N@Z,"public: class std::tuple<class wPosition3<float>, class wPosition3<float>, float, class wPosition3<float>> __cdecl Animator::AnimationController::update(float, bool)",method,Animator,AnimationController,update,"float, bool",False,False,False,False,False,False,True
568,567,0x237,?update@CharacterModelCookie@Animator@@QEAAXXZ,public: void __cdecl Animator::CharacterModelCookie::update(void),method,Animator,CharacterModelCookie,update,void,False,False,False,False,False,False,True
569,568,0x238,?update@GPUAttachmentCookie@Animator@@QEAAXXZ,public: void __cdecl Animator::GPUAttachmentCookie::update(void),method,Animator,GPUAttachmentCookie,update,void,False,False,False,False,False,False,True
570,569,0x239,?updateGraphicInstance@CharacterInstanceGraphicsReflection@Animator@@QEAAXAEBV?$wPosition3@M@@AEBVVec3d@osg@@AEBVMessage@Mail@@N@Z,"public: void __cdecl Animator::CharacterInstanceGraphicsReflection::updateGraphicInstance(class wPosition3<float> const &, class osg::Vec3d const &, class Mail::Message const &, double)",method,Animator,CharacterInstanceGraphicsReflection,updateGraphicInstance,"class wPosition3<float> const &, class osg::Vec3d const &, class Mail::Message const &, double",False,False,False,False,False,False,True
571,570,0x23A,?updateGraphicModel@CharacterInstanceGraphicsReflection@Animator@@QEAAXAEBVMessage@Mail@@@Z,public: void __cdecl Animator::CharacterInstanceGraphicsReflection::updateGraphicModel(class Mail::Message const &),method,Animator,CharacterInstanceGraphicsReflection,updateGraphicModel,class Mail::Message const &,False,False,False,False,False,False,True
572,571,0x23B,?update_controls@AnimationBlender@Animator@@QEAAXXZ,public: void __cdecl Animator::AnimationBlender::update_controls(void),method,Animator,AnimationBlender,update_controls,void,False,False,False,False,False,False,True
573,572,0x23C,?update_instance@GPUAttachmentModelReflection@Animator@@UEAAXPEAVGPUAttachmentCookie@2@@Z,public: virtual void __cdecl Animator::GPUAttachmentModelReflection::update_instance(class Animator::GPUAttachmentCookie *),method,Animator,GPUAttachmentModelReflection,update_instance,class Animator::GPUAttachmentCookie *,False,False,True,False,False,False,True
574,573,0x23D,?update_pose@AnimationManager@Animator@@QEAAXXZ,public: void __cdecl Animator::AnimationManager::update_pose(void),method,Animator,AnimationManager,update_pose,void,False,False,False,False,False,False,True
575,574,0x23E,?update_pose@FabrikSolver@Animator@@QEAAXXZ,public: void __cdecl Animator::FabrikSolver::update_pose(void),method,Animator,FabrikSolver,update_pose,void,False,False,False,False,False,False,True
576,575,0x23F,?update_position@CharacterController@Animator@@QEAA?AVVec3f@osg@@AEBV34@AEAM@Z,"public: class osg::Vec3f __cdecl Animator::CharacterController::update_position(class osg::Vec3f const &, float &)",method,Animator,CharacterController,update_position,"class osg::Vec3f const &, float &",False,False,False,False,False,False,True
577,576,0x240,?update_processing_type@Animation@Animator@@QEAAXW4EAnimationProcessingType@2@H@Z,"public: void __cdecl Animator::Animation::update_processing_type(enum Animator::EAnimationProcessingType, int)",method,Animator,Animation,update_processing_type,"enum Animator::EAnimationProcessingType, int",False,False,False,False,False,False,True
578,577,0x241,?update_properties@Animation@Animator@@QEAAXMAEAUShaderAnimation@2@PEAVIPropertyHolder@2@@Z,"public: void __cdecl Animator::Animation::update_properties(float, struct Animator::ShaderAnimation &, class Animator::IPropertyHolder *)",method,Animator,Animation,update_properties,"float, struct Animator::ShaderAnimation &, class Animator::IPropertyHolder *",False,False,False,False,False,False,True
579,578,0x242,?update_properties@CharacterModelCookie@Animator@@QEAAXM@Z,public: void __cdecl Animator::CharacterModelCookie::update_properties(float),method,Animator,CharacterModelCookie,update_properties,float,False,False,False,False,False,False,True
580,579,0x243,?update_state@AnimationStateMachine@Animator@@QEAAXXZ,public: void __cdecl Animator::AnimationStateMachine::update_state(void),method,Animator,AnimationStateMachine,update_state,void,False,False,False,False,False,False,True
581,580,0x244,?validate_animation@AnimationManager@Animator@@QEAA_NPEAUaiAnimation@@@Z,public: bool __cdecl Animator::AnimationManager::validate_animation(struct aiAnimation *),method,Animator,AnimationManager,validate_animation,struct aiAnimation *,False,False,False,False,False,False,True
582,581,0x245,?validate_transition@AnimationBlender@Animator@@QEAAXXZ,public: void __cdecl Animator::AnimationBlender::validate_transition(void),method,Animator,AnimationBlender,validate_transition,void,False,False,False,False,False,False,True
583,582,0x246,?wait@AnimationManager@Animator@@IEAAXXZ,protected: void __cdecl Animator::AnimationManager::wait(void),method,Animator,AnimationManager,wait,void,False,False,False,False,False,False,True
584,583,0x247,?wait_for_basic_load@CharacterModelBase@Animator@@QEAAXXZ,public: void __cdecl Animator::CharacterModelBase::wait_for_basic_load(void),method,Animator,CharacterModelBase,wait_for_basic_load,void,False,False,False,False,False,False,True
585,584,0x248,?wait_for_main_load@CharacterModelBase@Animator@@QEAAXXZ,public: void __cdecl Animator::CharacterModelBase::wait_for_main_load(void),method,Animator,CharacterModelBase,wait_for_main_load,void,False,False,False,False,False,False,True
586,585,0x249,deinit_graphics_plugin,,unknown,,,,,False,False,False,False,False,False,False
587,586,0x24A,init_graphics_plugin,,unknown,,,,,False,False,False,False,False,False,False
