ordinal,rva,rva_hex,name,demangled,symbol_type,namespace,class_name,function_name,parameters,const,static,virtual,is_vftable,is_vbtable,is_rtti,demangle_ok
1,0,0x0,?$TSS0@?1??getBlockTypeName@InputOutputBlock@wSimulationSystemScheme@@UEBAAEBV?$basic_string@D@ed@@XZ@4HA,int `public: virtual class ed::basic_string<char> const & __cdecl wSimulationSystemScheme::InputOutputBlock::getBlockTypeName(void) const'::`2'::$TSS0,symbol,,,,,False,False,False,False,False,False,True
2,1,0x1,?$TSS0@?1??getBlockTypeName@SpecialCommandsBlock@wSimulationSystemScheme@@UEBAAEBV?$basic_string@D@ed@@XZ@4HA,int `public: virtual class ed::basic_string<char> const & __cdecl wSimulationSystemScheme::SpecialCommandsBlock::getBlockTypeName(void) const'::`2'::$TSS0,symbol,,,,,False,False,False,False,False,False,True
3,2,0x2,?$TSS0@?1??getClassName@InputOutputBlock@wSimulationSystemScheme@@UEBAAEBV?$basic_string@D@ed@@XZ@4HA,int `public: virtual class ed::basic_string<char> const & __cdecl wSimulationSystemScheme::InputOutputBlock::getClassName(void) const'::`2'::$TSS0,symbol,,,,,False,False,False,False,False,False,True
4,3,0x3,?$TSS0@?1??getClassName@SpecialCommandsBlock@wSimulationSystemScheme@@UEBAAEBV?$basic_string@D@ed@@XZ@4HA,int `public: virtual class ed::basic_string<char> const & __cdecl wSimulationSystemScheme::SpecialCommandsBlock::getClassName(void) const'::`2'::$TSS0,symbol,,,,,False,False,False,False,False,False,True
5,4,0x4,??$beginArray@H@Loader@Lua@@QEAAXH@Z,public: void __cdecl Lua::Loader::beginArray<int>(int),method,Lua,Loader,beginArray<int>,int,False,False,False,False,False,False,True
6,5,0x5,??$beginArray@PEBD@Loader@Lua@@QEAAXQEBD@Z,public: void __cdecl Lua::Loader::beginArray<char const *>(char const *const),function,,,>,char const *const,False,False,False,False,False,False,True
7,6,0x6,??$beginArray@V?$basic_string@D@ed@@@Loader@Lua@@QEAAXV?$basic_string@D@ed@@@Z,public: void __cdecl Lua::Loader::beginArray<class ed::basic_string<char>>(class ed::basic_string<char>),method,,ed,basic_string<char>>,class ed::basic_string<char>,False,False,False,False,False,False,True
8,7,0x7,??$beginSubtable@H@Loader@Lua@@QEAAXH@Z,public: void __cdecl Lua::Loader::beginSubtable<int>(int),method,Lua,Loader,beginSubtable<int>,int,False,False,False,False,False,False,True
9,8,0x8,??$beginSubtable@PEBD@Loader@Lua@@QEAAXQEBD@Z,public: void __cdecl Lua::Loader::beginSubtable<char const *>(char const *const),function,,,>,char const *const,False,False,False,False,False,False,True
10,9,0x9,??$beginSubtable@V?$basic_string@D@ed@@@Loader@Lua@@QEAAXV?$basic_string@D@ed@@@Z,public: void __cdecl Lua::Loader::beginSubtable<class ed::basic_string<char>>(class ed::basic_string<char>),method,,ed,basic_string<char>>,class ed::basic_string<char>,False,False,False,False,False,False,True
11,10,0xA,??$createSubtable@H@Loader@Lua@@QEAAXH@Z,public: void __cdecl Lua::Loader::createSubtable<int>(int),method,Lua,Loader,createSubtable<int>,int,False,False,False,False,False,False,True
12,11,0xB,??$createSubtable@PEBD@Loader@Lua@@QEAAXQEBD@Z,public: void __cdecl Lua::Loader::createSubtable<char const *>(char const *const),function,,,>,char const *const,False,False,False,False,False,False,True
13,12,0xC,??$createSubtable@V?$basic_string@D@ed@@@Loader@Lua@@QEAAXV?$basic_string@D@ed@@@Z,public: void __cdecl Lua::Loader::createSubtable<class ed::basic_string<char>>(class ed::basic_string<char>),method,,ed,basic_string<char>>,class ed::basic_string<char>,False,False,False,False,False,False,True
14,13,0xD,??$formatPath_@H@Loader@Lua@@IEAA?AV?$basic_string@D@ed@@H@Z,protected: class ed::basic_string<char> __cdecl Lua::Loader::formatPath_<int>(int),method,Lua,Loader,formatPath_<int>,int,False,False,False,False,False,False,True
15,14,0xE,??$formatPath_@PEBD@Loader@Lua@@IEAA?AV?$basic_string@D@ed@@QEBD@Z,protected: class ed::basic_string<char> __cdecl Lua::Loader::formatPath_<char const *>(char const *const),function,,,>,char const *const,False,False,False,False,False,False,True
16,15,0xF,??$formatPath_@V?$basic_string@D@ed@@@Loader@Lua@@IEAA?AV?$basic_string@D@ed@@V23@@Z,protected: class ed::basic_string<char> __cdecl Lua::Loader::formatPath_<class ed::basic_string<char>>(class ed::basic_string<char>),method,,ed,basic_string<char>>,class ed::basic_string<char>,False,False,False,False,False,False,True
17,16,0x10,??$getBoolean@H@Loader@Lua@@QEAA_NH@Z,public: bool __cdecl Lua::Loader::getBoolean<int>(int),method,Lua,Loader,getBoolean<int>,int,False,False,False,False,False,False,True
18,17,0x11,??$getBoolean@PEBD@Loader@Lua@@QEAA_NQEBD@Z,public: bool __cdecl Lua::Loader::getBoolean<char const *>(char const *const),function,,,>,char const *const,False,False,False,False,False,False,True
19,18,0x12,??$getBoolean@V?$basic_string@D@ed@@@Loader@Lua@@QEAA_NV?$basic_string@D@ed@@@Z,public: bool __cdecl Lua::Loader::getBoolean<class ed::basic_string<char>>(class ed::basic_string<char>),method,,ed,basic_string<char>>,class ed::basic_string<char>,False,False,False,False,False,False,True
20,19,0x13,??$getDouble@H@Loader@Lua@@QEAANH@Z,public: double __cdecl Lua::Loader::getDouble<int>(int),method,Lua,Loader,getDouble<int>,int,False,False,False,False,False,False,True
21,20,0x14,??$getDouble@PEBD@Loader@Lua@@QEAANQEBD@Z,public: double __cdecl Lua::Loader::getDouble<char const *>(char const *const),function,,,>,char const *const,False,False,False,False,False,False,True
22,21,0x15,??$getDouble@V?$basic_string@D@ed@@@Loader@Lua@@QEAANV?$basic_string@D@ed@@@Z,public: double __cdecl Lua::Loader::getDouble<class ed::basic_string<char>>(class ed::basic_string<char>),method,,ed,basic_string<char>>,class ed::basic_string<char>,False,False,False,False,False,False,True
23,22,0x16,??$getInt@H@Loader@Lua@@QEAAHH@Z,public: int __cdecl Lua::Loader::getInt<int>(int),method,Lua,Loader,getInt<int>,int,False,False,False,False,False,False,True
24,23,0x17,??$getInt@PEBD@Loader@Lua@@QEAAHQEBD@Z,public: int __cdecl Lua::Loader::getInt<char const *>(char const *const),function,,,>,char const *const,False,False,False,False,False,False,True
25,24,0x18,??$getInt@V?$basic_string@D@ed@@@Loader@Lua@@QEAAHV?$basic_string@D@ed@@@Z,public: int __cdecl Lua::Loader::getInt<class ed::basic_string<char>>(class ed::basic_string<char>),method,,ed,basic_string<char>>,class ed::basic_string<char>,False,False,False,False,False,False,True
26,25,0x19,??$getPointer@H@Loader@Lua@@QEAAPEAXH@Z,public: void * __cdecl Lua::Loader::getPointer<int>(int),method,Lua,Loader,getPointer<int>,int,False,False,False,False,False,False,True
27,26,0x1A,??$getPointer@PEBD@Loader@Lua@@QEAAPEAXQEBD@Z,public: void * __cdecl Lua::Loader::getPointer<char const *>(char const *const),function,,,>,char const *const,False,False,False,False,False,False,True
28,27,0x1B,??$getPointer@V?$basic_string@D@ed@@@Loader@Lua@@QEAAPEAXV?$basic_string@D@ed@@@Z,public: void * __cdecl Lua::Loader::getPointer<class ed::basic_string<char>>(class ed::basic_string<char>),method,,ed,basic_string<char>>,class ed::basic_string<char>,False,False,False,False,False,False,True
29,28,0x1C,??$getQuaternion@H@Loader@Lua@@QEAA?AU?$Rotation3@N@Math@@H@Z,public: struct Math::Rotation3<double> __cdecl Lua::Loader::getQuaternion<int>(int),method,Lua,Loader,getQuaternion<int>,int,False,False,False,False,False,False,True
30,29,0x1D,??$getQuaternion@PEBD@Loader@Lua@@QEAA?AU?$Rotation3@N@Math@@QEBD@Z,public: struct Math::Rotation3<double> __cdecl Lua::Loader::getQuaternion<char const *>(char const *const),function,,,>,char const *const,False,False,False,False,False,False,True
31,30,0x1E,??$getQuaternion@V?$basic_string@D@ed@@@Loader@Lua@@QEAA?AU?$Rotation3@N@Math@@V?$basic_string@D@ed@@@Z,public: struct Math::Rotation3<double> __cdecl Lua::Loader::getQuaternion<class ed::basic_string<char>>(class ed::basic_string<char>),method,,ed,basic_string<char>>,class ed::basic_string<char>,False,False,False,False,False,False,True
32,31,0x1F,??$getUINT32@H@Loader@Lua@@QEAAIH@Z,public: unsigned int __cdecl Lua::Loader::getUINT32<int>(int),method,Lua,Loader,getUINT32<int>,int,False,False,False,False,False,False,True
33,32,0x20,??$getUINT32@PEBD@Loader@Lua@@QEAAIQEBD@Z,public: unsigned int __cdecl Lua::Loader::getUINT32<char const *>(char const *const),function,,,>,char const *const,False,False,False,False,False,False,True
34,33,0x21,??$getUINT32@V?$basic_string@D@ed@@@Loader@Lua@@QEAAIV?$basic_string@D@ed@@@Z,public: unsigned int __cdecl Lua::Loader::getUINT32<class ed::basic_string<char>>(class ed::basic_string<char>),method,,ed,basic_string<char>>,class ed::basic_string<char>,False,False,False,False,False,False,True
35,34,0x22,??$getUINT64@H@Loader@Lua@@QEAA_KH@Z,public: unsigned __int64 __cdecl Lua::Loader::getUINT64<int>(int),method,Lua,Loader,getUINT64<int>,int,False,False,False,False,False,False,True
36,35,0x23,??$getUINT64@PEBD@Loader@Lua@@QEAA_KQEBD@Z,public: unsigned __int64 __cdecl Lua::Loader::getUINT64<char const *>(char const *const),function,,,>,char const *const,False,False,False,False,False,False,True
37,36,0x24,??$getUINT64@V?$basic_string@D@ed@@@Loader@Lua@@QEAA_KV?$basic_string@D@ed@@@Z,public: unsigned __int64 __cdecl Lua::Loader::getUINT64<class ed::basic_string<char>>(class ed::basic_string<char>),method,,ed,basic_string<char>>,class ed::basic_string<char>,False,False,False,False,False,False,True
38,37,0x25,??$hasEntry@H@Loader@Lua@@QEAA_NH@Z,public: bool __cdecl Lua::Loader::hasEntry<int>(int),method,Lua,Loader,hasEntry<int>,int,False,False,False,False,False,False,True
39,38,0x26,??$hasEntry@PEBD@Loader@Lua@@QEAA_NQEBD@Z,public: bool __cdecl Lua::Loader::hasEntry<char const *>(char const *const),function,,,>,char const *const,False,False,False,False,False,False,True
40,39,0x27,??$hasEntry@V?$basic_string@D@ed@@@Loader@Lua@@QEAA_NV?$basic_string@D@ed@@@Z,public: bool __cdecl Lua::Loader::hasEntry<class ed::basic_string<char>>(class ed::basic_string<char>),method,,ed,basic_string<char>>,class ed::basic_string<char>,False,False,False,False,False,False,True
41,40,0x28,??$setBoolean@H@Loader@Lua@@QEAAXH_N@Z,"public: void __cdecl Lua::Loader::setBoolean<int>(int, bool)",method,Lua,Loader,setBoolean<int>,"int, bool",False,False,False,False,False,False,True
42,41,0x29,??$setBoolean@PEBD@Loader@Lua@@QEAAXQEBD_N@Z,"public: void __cdecl Lua::Loader::setBoolean<char const *>(char const *const, bool)",function,,,>,"char const *const, bool",False,False,False,False,False,False,True
43,42,0x2A,??$setBoolean@V?$basic_string@D@ed@@@Loader@Lua@@QEAAXV?$basic_string@D@ed@@_N@Z,"public: void __cdecl Lua::Loader::setBoolean<class ed::basic_string<char>>(class ed::basic_string<char>, bool)",method,,ed,basic_string<char>>,"class ed::basic_string<char>, bool",False,False,False,False,False,False,True
44,43,0x2B,??$setDouble@H@Loader@Lua@@QEAAXHN@Z,"public: void __cdecl Lua::Loader::setDouble<int>(int, double)",method,Lua,Loader,setDouble<int>,"int, double",False,False,False,False,False,False,True
45,44,0x2C,??$setDouble@PEBD@Loader@Lua@@QEAAXQEBDN@Z,"public: void __cdecl Lua::Loader::setDouble<char const *>(char const *const, double)",function,,,>,"char const *const, double",False,False,False,False,False,False,True
46,45,0x2D,??$setDouble@V?$basic_string@D@ed@@@Loader@Lua@@QEAAXV?$basic_string@D@ed@@N@Z,"public: void __cdecl Lua::Loader::setDouble<class ed::basic_string<char>>(class ed::basic_string<char>, double)",method,,ed,basic_string<char>>,"class ed::basic_string<char>, double",False,False,False,False,False,False,True
47,46,0x2E,??$setInt@H@Loader@Lua@@QEAAXHH@Z,"public: void __cdecl Lua::Loader::setInt<int>(int, int)",method,Lua,Loader,setInt<int>,"int, int",False,False,False,False,False,False,True
48,47,0x2F,??$setInt@PEBD@Loader@Lua@@QEAAXQEBDH@Z,"public: void __cdecl Lua::Loader::setInt<char const *>(char const *const, int)",function,,,>,"char const *const, int",False,False,False,False,False,False,True
49,48,0x30,??$setInt@V?$basic_string@D@ed@@@Loader@Lua@@QEAAXV?$basic_string@D@ed@@H@Z,"public: void __cdecl Lua::Loader::setInt<class ed::basic_string<char>>(class ed::basic_string<char>, int)",method,,ed,basic_string<char>>,"class ed::basic_string<char>, int",False,False,False,False,False,False,True
50,49,0x31,??$setPointer@H@Loader@Lua@@QEAAXHPEAX@Z,"public: void __cdecl Lua::Loader::setPointer<int>(int, void *)",method,Lua,Loader,setPointer<int>,"int, void *",False,False,False,False,False,False,True
51,50,0x32,??$setPointer@PEBD@Loader@Lua@@QEAAXQEBDPEAX@Z,"public: void __cdecl Lua::Loader::setPointer<char const *>(char const *const, void *)",function,,,>,"char const *const, void *",False,False,False,False,False,False,True
52,51,0x33,??$setPointer@V?$basic_string@D@ed@@@Loader@Lua@@QEAAXV?$basic_string@D@ed@@PEAX@Z,"public: void __cdecl Lua::Loader::setPointer<class ed::basic_string<char>>(class ed::basic_string<char>, void *)",method,,ed,basic_string<char>>,"class ed::basic_string<char>, void *",False,False,False,False,False,False,True
53,52,0x34,??$setQuaternion@H@Loader@Lua@@QEAAXHAEBU?$Rotation3@N@Math@@@Z,"public: void __cdecl Lua::Loader::setQuaternion<int>(int, struct Math::Rotation3<double> const &)",method,Lua,Loader,setQuaternion<int>,"int, struct Math::Rotation3<double> const &",False,False,False,False,False,False,True
54,53,0x35,??$setQuaternion@PEBD@Loader@Lua@@QEAAXQEBDAEBU?$Rotation3@N@Math@@@Z,"public: void __cdecl Lua::Loader::setQuaternion<char const *>(char const *const, struct Math::Rotation3<double> const &)",function,,,>,"char const *const, struct Math::Rotation3<double> const &",False,False,False,False,False,False,True
55,54,0x36,??$setQuaternion@V?$basic_string@D@ed@@@Loader@Lua@@QEAAXV?$basic_string@D@ed@@AEBU?$Rotation3@N@Math@@@Z,"public: void __cdecl Lua::Loader::setQuaternion<class ed::basic_string<char>>(class ed::basic_string<char>, struct Math::Rotation3<double> const &)",method,,ed,basic_string<char>>,"class ed::basic_string<char>, struct Math::Rotation3<double> const &",False,False,False,False,False,False,True
56,55,0x37,??$setString@H@Loader@Lua@@QEAAXHAEBV?$basic_string@D@ed@@@Z,"public: void __cdecl Lua::Loader::setString<int>(int, class ed::basic_string<char> const &)",method,Lua,Loader,setString<int>,"int, class ed::basic_string<char> const &",False,False,False,False,False,False,True
57,56,0x38,??$setString@PEBD@Loader@Lua@@QEAAXQEBDAEBV?$basic_string@D@ed@@@Z,"public: void __cdecl Lua::Loader::setString<char const *>(char const *const, class ed::basic_string<char> const &)",function,,,>,"char const *const, class ed::basic_string<char> const &",False,False,False,False,False,False,True
58,57,0x39,??$setString@V?$basic_string@D@ed@@@Loader@Lua@@QEAAXV?$basic_string@D@ed@@AEBV23@@Z,"public: void __cdecl Lua::Loader::setString<class ed::basic_string<char>>(class ed::basic_string<char>, class ed::basic_string<char> const &)",method,,ed,basic_string<char>>,"class ed::basic_string<char>, class ed::basic_string<char> const &",False,False,False,False,False,False,True
59,58,0x3A,??$setUINT32@H@Loader@Lua@@QEAAXHI@Z,"public: void __cdecl Lua::Loader::setUINT32<int>(int, unsigned int)",method,Lua,Loader,setUINT32<int>,"int, unsigned int",False,False,False,False,False,False,True
60,59,0x3B,??$setUINT32@PEBD@Loader@Lua@@QEAAXQEBDI@Z,"public: void __cdecl Lua::Loader::setUINT32<char const *>(char const *const, unsigned int)",function,,,>,"char const *const, unsigned int",False,False,False,False,False,False,True
61,60,0x3C,??$setUINT32@V?$basic_string@D@ed@@@Loader@Lua@@QEAAXV?$basic_string@D@ed@@I@Z,"public: void __cdecl Lua::Loader::setUINT32<class ed::basic_string<char>>(class ed::basic_string<char>, unsigned int)",method,,ed,basic_string<char>>,"class ed::basic_string<char>, unsigned int",False,False,False,False,False,False,True
62,61,0x3D,??$setUINT64@H@Loader@Lua@@QEAAXH_K@Z,"public: void __cdecl Lua::Loader::setUINT64<int>(int, unsigned __int64)",method,Lua,Loader,setUINT64<int>,"int, unsigned __int64",False,False,False,False,False,False,True
63,62,0x3E,??$setUINT64@PEBD@Loader@Lua@@QEAAXQEBD_K@Z,"public: void __cdecl Lua::Loader::setUINT64<char const *>(char const *const, unsigned __int64)",function,,,>,"char const *const, unsigned __int64",False,False,False,False,False,False,True
64,63,0x3F,??$setUINT64@V?$basic_string@D@ed@@@Loader@Lua@@QEAAXV?$basic_string@D@ed@@_K@Z,"public: void __cdecl Lua::Loader::setUINT64<class ed::basic_string<char>>(class ed::basic_string<char>, unsigned __int64)",method,,ed,basic_string<char>>,"class ed::basic_string<char>, unsigned __int64",False,False,False,False,False,False,True
65,64,0x40,??$setVector@H@Loader@Lua@@QEAAXHAEBV?$Vector@$02N@Math@@@Z,"public: void __cdecl Lua::Loader::setVector<int>(int, class Math::Vector<3, double> const &)",method,Lua,Loader,setVector<int>,"int, class Math::Vector<3, double> const &",False,False,False,False,False,False,True
66,65,0x41,??$setVector@PEBD@Loader@Lua@@QEAAXQEBDAEBV?$Vector@$02N@Math@@@Z,"public: void __cdecl Lua::Loader::setVector<char const *>(char const *const, class Math::Vector<3, double> const &)",function,,,>,"char const *const, class Math::Vector<3, double> const &",False,False,False,False,False,False,True
67,66,0x42,??$setVector@V?$basic_string@D@ed@@@Loader@Lua@@QEAAXV?$basic_string@D@ed@@AEBV?$Vector@$02N@Math@@@Z,"public: void __cdecl Lua::Loader::setVector<class ed::basic_string<char>>(class ed::basic_string<char>, class Math::Vector<3, double> const &)",method,,ed,basic_string<char>>,"class ed::basic_string<char>, class Math::Vector<3, double> const &",False,False,False,False,False,False,True
68,67,0x43,??$tryBeginSubtable@H@Loader@Lua@@QEAA_NH@Z,public: bool __cdecl Lua::Loader::tryBeginSubtable<int>(int),method,Lua,Loader,tryBeginSubtable<int>,int,False,False,False,False,False,False,True
69,68,0x44,??$tryBeginSubtable@PEBD@Loader@Lua@@QEAA_NQEBD@Z,public: bool __cdecl Lua::Loader::tryBeginSubtable<char const *>(char const *const),function,,,>,char const *const,False,False,False,False,False,False,True
70,69,0x45,??$tryBeginSubtable@V?$basic_string@D@ed@@@Loader@Lua@@QEAA_NV?$basic_string@D@ed@@@Z,public: bool __cdecl Lua::Loader::tryBeginSubtable<class ed::basic_string<char>>(class ed::basic_string<char>),method,,ed,basic_string<char>>,class ed::basic_string<char>,False,False,False,False,False,False,True
71,70,0x46,??$tryGetBoolean@H@Loader@Lua@@QEAA_NHPEA_N@Z,"public: bool __cdecl Lua::Loader::tryGetBoolean<int>(int, bool *)",method,Lua,Loader,tryGetBoolean<int>,"int, bool *",False,False,False,False,False,False,True
72,71,0x47,??$tryGetBoolean@PEBD@Loader@Lua@@QEAA_NQEBDPEA_N@Z,"public: bool __cdecl Lua::Loader::tryGetBoolean<char const *>(char const *const, bool *)",function,,,>,"char const *const, bool *",False,False,False,False,False,False,True
73,72,0x48,??$tryGetBoolean@V?$basic_string@D@ed@@@Loader@Lua@@QEAA_NV?$basic_string@D@ed@@PEA_N@Z,"public: bool __cdecl Lua::Loader::tryGetBoolean<class ed::basic_string<char>>(class ed::basic_string<char>, bool *)",method,,ed,basic_string<char>>,"class ed::basic_string<char>, bool *",False,False,False,False,False,False,True
74,73,0x49,??$tryGetNumber@HH@Loader@Lua@@QEAA_NHPEAH@Z,"public: bool __cdecl Lua::Loader::tryGetNumber<int, int>(int, int *)",function,,,int>,"int, int *",False,False,False,False,False,False,True
75,74,0x4A,??$tryGetNumber@HI@Loader@Lua@@QEAA_NHPEAI@Z,"public: bool __cdecl Lua::Loader::tryGetNumber<int, unsigned int>(int, unsigned int *)",function,,,int>,"int, unsigned int *",False,False,False,False,False,False,True
76,75,0x4B,??$tryGetNumber@HM@Loader@Lua@@QEAA_NHPEAM@Z,"public: bool __cdecl Lua::Loader::tryGetNumber<int, float>(int, float *)",function,,,float>,"int, float *",False,False,False,False,False,False,True
77,76,0x4C,??$tryGetNumber@HN@Loader@Lua@@QEAA_NHPEAN@Z,"public: bool __cdecl Lua::Loader::tryGetNumber<int, double>(int, double *)",function,,,double>,"int, double *",False,False,False,False,False,False,True
78,77,0x4D,??$tryGetNumber@PEBDH@Loader@Lua@@QEAA_NQEBDPEAH@Z,"public: bool __cdecl Lua::Loader::tryGetNumber<char const *, int>(char const *const, int *)",function,,,int>,"char const *const, int *",False,False,False,False,False,False,True
79,78,0x4E,??$tryGetNumber@PEBDI@Loader@Lua@@QEAA_NQEBDPEAI@Z,"public: bool __cdecl Lua::Loader::tryGetNumber<char const *, unsigned int>(char const *const, unsigned int *)",function,,,int>,"char const *const, unsigned int *",False,False,False,False,False,False,True
80,79,0x4F,??$tryGetNumber@PEBDM@Loader@Lua@@QEAA_NQEBDPEAM@Z,"public: bool __cdecl Lua::Loader::tryGetNumber<char const *, float>(char const *const, float *)",function,,,float>,"char const *const, float *",False,False,False,False,False,False,True
81,80,0x50,??$tryGetNumber@PEBDN@Loader@Lua@@QEAA_NQEBDPEAN@Z,"public: bool __cdecl Lua::Loader::tryGetNumber<char const *, double>(char const *const, double *)",function,,,double>,"char const *const, double *",False,False,False,False,False,False,True
82,81,0x51,??$tryGetNumber@V?$basic_string@D@ed@@H@Loader@Lua@@QEAA_NV?$basic_string@D@ed@@PEAH@Z,"public: bool __cdecl Lua::Loader::tryGetNumber<class ed::basic_string<char>, int>(class ed::basic_string<char>, int *)",function,,,int>,"class ed::basic_string<char>, int *",False,False,False,False,False,False,True
83,82,0x52,??$tryGetNumber@V?$basic_string@D@ed@@I@Loader@Lua@@QEAA_NV?$basic_string@D@ed@@PEAI@Z,"public: bool __cdecl Lua::Loader::tryGetNumber<class ed::basic_string<char>, unsigned int>(class ed::basic_string<char>, unsigned int *)",function,,,int>,"class ed::basic_string<char>, unsigned int *",False,False,False,False,False,False,True
84,83,0x53,??$tryGetNumber@V?$basic_string@D@ed@@M@Loader@Lua@@QEAA_NV?$basic_string@D@ed@@PEAM@Z,"public: bool __cdecl Lua::Loader::tryGetNumber<class ed::basic_string<char>, float>(class ed::basic_string<char>, float *)",function,,,float>,"class ed::basic_string<char>, float *",False,False,False,False,False,False,True
85,84,0x54,??$tryGetNumber@V?$basic_string@D@ed@@N@Loader@Lua@@QEAA_NV?$basic_string@D@ed@@PEAN@Z,"public: bool __cdecl Lua::Loader::tryGetNumber<class ed::basic_string<char>, double>(class ed::basic_string<char>, double *)",function,,,double>,"class ed::basic_string<char>, double *",False,False,False,False,False,False,True
86,85,0x55,??$tryGetString@H@Loader@Lua@@QEAA_NHPEAV?$basic_string@D@ed@@@Z,"public: bool __cdecl Lua::Loader::tryGetString<int>(int, class ed::basic_string<char> *)",method,Lua,Loader,tryGetString<int>,"int, class ed::basic_string<char> *",False,False,False,False,False,False,True
87,86,0x56,??$tryGetString@PEBD@Loader@Lua@@QEAA_NQEBDPEAV?$basic_string@D@ed@@@Z,"public: bool __cdecl Lua::Loader::tryGetString<char const *>(char const *const, class ed::basic_string<char> *)",function,,,>,"char const *const, class ed::basic_string<char> *",False,False,False,False,False,False,True
88,87,0x57,??$tryGetString@V?$basic_string@D@ed@@@Loader@Lua@@QEAA_NV?$basic_string@D@ed@@PEAV23@@Z,"public: bool __cdecl Lua::Loader::tryGetString<class ed::basic_string<char>>(class ed::basic_string<char>, class ed::basic_string<char> *)",method,,ed,basic_string<char>>,"class ed::basic_string<char>, class ed::basic_string<char> *",False,False,False,False,False,False,True
89,88,0x58,??$tryGetVector@H@Loader@Lua@@QEAA_NHPEAV?$Vector@$02N@Math@@@Z,"public: bool __cdecl Lua::Loader::tryGetVector<int>(int, class Math::Vector<3, double> *)",method,Lua,Loader,tryGetVector<int>,"int, class Math::Vector<3, double> *",False,False,False,False,False,False,True
90,89,0x59,??$tryGetVector@PEBD@Loader@Lua@@QEAA_NQEBDPEAV?$Vector@$02N@Math@@@Z,"public: bool __cdecl Lua::Loader::tryGetVector<char const *>(char const *const, class Math::Vector<3, double> *)",function,,,>,"char const *const, class Math::Vector<3, double> *",False,False,False,False,False,False,True
91,90,0x5A,??$tryGetVector@V?$basic_string@D@ed@@@Loader@Lua@@QEAA_NV?$basic_string@D@ed@@PEAV?$Vector@$02N@Math@@@Z,"public: bool __cdecl Lua::Loader::tryGetVector<class ed::basic_string<char>>(class ed::basic_string<char>, class Math::Vector<3, double> *)",method,,ed,basic_string<char>>,"class ed::basic_string<char>, class Math::Vector<3, double> *",False,False,False,False,False,False,True
92,91,0x5B,??0?$wBlockAvgerageValDescriptor@H@@QEAA@$$QEAV0@@Z,public: __cdecl wBlockAvgerageValDescriptor<int>::wBlockAvgerageValDescriptor<int>(class wBlockAvgerageValDescriptor<int> &&),method,,wBlockAvgerageValDescriptor<int>,wBlockAvgerageValDescriptor<int>,class wBlockAvgerageValDescriptor<int> &&,False,False,False,False,False,False,True
93,92,0x5C,??0?$wBlockAvgerageValDescriptor@H@@QEAA@AEBV0@@Z,public: __cdecl wBlockAvgerageValDescriptor<int>::wBlockAvgerageValDescriptor<int>(class wBlockAvgerageValDescriptor<int> const &),method,,wBlockAvgerageValDescriptor<int>,wBlockAvgerageValDescriptor<int>,class wBlockAvgerageValDescriptor<int> const &,False,False,False,False,False,False,True
94,93,0x5D,??0?$wBlockAvgerageValDescriptor@H@@QEAA@XZ,public: __cdecl wBlockAvgerageValDescriptor<int>::wBlockAvgerageValDescriptor<int>(void),method,,wBlockAvgerageValDescriptor<int>,wBlockAvgerageValDescriptor<int>,void,False,False,False,False,False,False,True
95,94,0x5E,??0?$wBlockAvgerageValDescriptor@N@@QEAA@$$QEAV0@@Z,public: __cdecl wBlockAvgerageValDescriptor<double>::wBlockAvgerageValDescriptor<double>(class wBlockAvgerageValDescriptor<double> &&),method,,wBlockAvgerageValDescriptor<double>,wBlockAvgerageValDescriptor<double>,class wBlockAvgerageValDescriptor<double> &&,False,False,False,False,False,False,True
96,95,0x5F,??0?$wBlockAvgerageValDescriptor@N@@QEAA@AEBV0@@Z,public: __cdecl wBlockAvgerageValDescriptor<double>::wBlockAvgerageValDescriptor<double>(class wBlockAvgerageValDescriptor<double> const &),method,,wBlockAvgerageValDescriptor<double>,wBlockAvgerageValDescriptor<double>,class wBlockAvgerageValDescriptor<double> const &,False,False,False,False,False,False,True
97,96,0x60,??0?$wBlockAvgerageValDescriptor@N@@QEAA@XZ,public: __cdecl wBlockAvgerageValDescriptor<double>::wBlockAvgerageValDescriptor<double>(void),method,,wBlockAvgerageValDescriptor<double>,wBlockAvgerageValDescriptor<double>,void,False,False,False,False,False,False,True
98,97,0x61,??0?$wBlockAvgerageValDescriptor@V?$Vector@$02N@Math@@@@QEAA@$$QEAV0@@Z,"public: __cdecl wBlockAvgerageValDescriptor<class Math::Vector<3, double>>::wBlockAvgerageValDescriptor<class Math::Vector<3, double>>(class wBlockAvgerageValDescriptor<class Math::Vector<3, double>> &&)",function,,,double>>,"class wBlockAvgerageValDescriptor<class Math::Vector<3, double>> &&",False,False,False,False,False,False,True
99,98,0x62,??0?$wBlockAvgerageValDescriptor@V?$Vector@$02N@Math@@@@QEAA@AEBV0@@Z,"public: __cdecl wBlockAvgerageValDescriptor<class Math::Vector<3, double>>::wBlockAvgerageValDescriptor<class Math::Vector<3, double>>(class wBlockAvgerageValDescriptor<class Math::Vector<3, double>> const &)",function,,,double>>,"class wBlockAvgerageValDescriptor<class Math::Vector<3, double>> const &",False,False,False,False,False,False,True
100,99,0x63,??0?$wBlockAvgerageValDescriptor@V?$Vector@$02N@Math@@@@QEAA@XZ,"public: __cdecl wBlockAvgerageValDescriptor<class Math::Vector<3, double>>::wBlockAvgerageValDescriptor<class Math::Vector<3, double>>(void)",function,,,double>>,void,False,False,False,False,False,False,True
101,100,0x64,??0?$wBlockDeltaCalcDesc@H@@QEAA@$$QEAV0@@Z,public: __cdecl wBlockDeltaCalcDesc<int>::wBlockDeltaCalcDesc<int>(class wBlockDeltaCalcDesc<int> &&),method,,wBlockDeltaCalcDesc<int>,wBlockDeltaCalcDesc<int>,class wBlockDeltaCalcDesc<int> &&,False,False,False,False,False,False,True
102,101,0x65,??0?$wBlockDeltaCalcDesc@H@@QEAA@AEBV0@@Z,public: __cdecl wBlockDeltaCalcDesc<int>::wBlockDeltaCalcDesc<int>(class wBlockDeltaCalcDesc<int> const &),method,,wBlockDeltaCalcDesc<int>,wBlockDeltaCalcDesc<int>,class wBlockDeltaCalcDesc<int> const &,False,False,False,False,False,False,True
103,102,0x66,??0?$wBlockDeltaCalcDesc@H@@QEAA@XZ,public: __cdecl wBlockDeltaCalcDesc<int>::wBlockDeltaCalcDesc<int>(void),method,,wBlockDeltaCalcDesc<int>,wBlockDeltaCalcDesc<int>,void,False,False,False,False,False,False,True
104,103,0x67,??0?$wBlockDeltaCalcDesc@N@@QEAA@$$QEAV0@@Z,public: __cdecl wBlockDeltaCalcDesc<double>::wBlockDeltaCalcDesc<double>(class wBlockDeltaCalcDesc<double> &&),method,,wBlockDeltaCalcDesc<double>,wBlockDeltaCalcDesc<double>,class wBlockDeltaCalcDesc<double> &&,False,False,False,False,False,False,True
105,104,0x68,??0?$wBlockDeltaCalcDesc@N@@QEAA@AEBV0@@Z,public: __cdecl wBlockDeltaCalcDesc<double>::wBlockDeltaCalcDesc<double>(class wBlockDeltaCalcDesc<double> const &),method,,wBlockDeltaCalcDesc<double>,wBlockDeltaCalcDesc<double>,class wBlockDeltaCalcDesc<double> const &,False,False,False,False,False,False,True
106,105,0x69,??0?$wBlockDeltaCalcDesc@N@@QEAA@XZ,public: __cdecl wBlockDeltaCalcDesc<double>::wBlockDeltaCalcDesc<double>(void),method,,wBlockDeltaCalcDesc<double>,wBlockDeltaCalcDesc<double>,void,False,False,False,False,False,False,True
107,106,0x6A,??0?$wBlockDeltaCalcDesc@V?$Vector@$02N@Math@@@@QEAA@$$QEAV0@@Z,"public: __cdecl wBlockDeltaCalcDesc<class Math::Vector<3, double>>::wBlockDeltaCalcDesc<class Math::Vector<3, double>>(class wBlockDeltaCalcDesc<class Math::Vector<3, double>> &&)",function,,,double>>,"class wBlockDeltaCalcDesc<class Math::Vector<3, double>> &&",False,False,False,False,False,False,True
108,107,0x6B,??0?$wBlockDeltaCalcDesc@V?$Vector@$02N@Math@@@@QEAA@AEBV0@@Z,"public: __cdecl wBlockDeltaCalcDesc<class Math::Vector<3, double>>::wBlockDeltaCalcDesc<class Math::Vector<3, double>>(class wBlockDeltaCalcDesc<class Math::Vector<3, double>> const &)",function,,,double>>,"class wBlockDeltaCalcDesc<class Math::Vector<3, double>> const &",False,False,False,False,False,False,True
109,108,0x6C,??0?$wBlockDeltaCalcDesc@V?$Vector@$02N@Math@@@@QEAA@XZ,"public: __cdecl wBlockDeltaCalcDesc<class Math::Vector<3, double>>::wBlockDeltaCalcDesc<class Math::Vector<3, double>>(void)",function,,,double>>,void,False,False,False,False,False,False,True
110,109,0x6D,??0?$wBlockI2O@HN@@QEAA@$$QEAV0@@Z,"public: __cdecl wBlockI2O<int, double>::wBlockI2O<int, double>(class wBlockI2O<int, double> &&)",function,,,double>,"class wBlockI2O<int, double> &&",False,False,False,False,False,False,True
111,110,0x6E,??0?$wBlockI2O@HN@@QEAA@AEBV0@@Z,"public: __cdecl wBlockI2O<int, double>::wBlockI2O<int, double>(class wBlockI2O<int, double> const &)",function,,,double>,"class wBlockI2O<int, double> const &",False,False,False,False,False,False,True
112,111,0x6F,??0?$wBlockI2O@HN@@QEAA@PEAV?$wBlockI2ODescriptor@HN@@@Z,"public: __cdecl wBlockI2O<int, double>::wBlockI2O<int, double>(class wBlockI2ODescriptor<int, double> *)",function,,,double>,"class wBlockI2ODescriptor<int, double> *",False,False,False,False,False,False,True
113,112,0x70,??0?$wBlockI2O@H_N@@QEAA@$$QEAV0@@Z,"public: __cdecl wBlockI2O<int, bool>::wBlockI2O<int, bool>(class wBlockI2O<int, bool> &&)",function,,,bool>,"class wBlockI2O<int, bool> &&",False,False,False,False,False,False,True
114,113,0x71,??0?$wBlockI2O@H_N@@QEAA@AEBV0@@Z,"public: __cdecl wBlockI2O<int, bool>::wBlockI2O<int, bool>(class wBlockI2O<int, bool> const &)",function,,,bool>,"class wBlockI2O<int, bool> const &",False,False,False,False,False,False,True
115,114,0x72,??0?$wBlockI2O@H_N@@QEAA@PEAV?$wBlockI2ODescriptor@H_N@@@Z,"public: __cdecl wBlockI2O<int, bool>::wBlockI2O<int, bool>(class wBlockI2ODescriptor<int, bool> *)",function,,,bool>,"class wBlockI2ODescriptor<int, bool> *",False,False,False,False,False,False,True
116,115,0x73,??0?$wBlockI2O@N_N@@QEAA@$$QEAV0@@Z,"public: __cdecl wBlockI2O<double, bool>::wBlockI2O<double, bool>(class wBlockI2O<double, bool> &&)",function,,,bool>,"class wBlockI2O<double, bool> &&",False,False,False,False,False,False,True
117,116,0x74,??0?$wBlockI2O@N_N@@QEAA@AEBV0@@Z,"public: __cdecl wBlockI2O<double, bool>::wBlockI2O<double, bool>(class wBlockI2O<double, bool> const &)",function,,,bool>,"class wBlockI2O<double, bool> const &",False,False,False,False,False,False,True
118,117,0x75,??0?$wBlockI2O@N_N@@QEAA@PEAV?$wBlockI2ODescriptor@N_N@@@Z,"public: __cdecl wBlockI2O<double, bool>::wBlockI2O<double, bool>(class wBlockI2ODescriptor<double, bool> *)",function,,,bool>,"class wBlockI2ODescriptor<double, bool> *",False,False,False,False,False,False,True
119,118,0x76,??0?$wBlockI2O@_NH@@QEAA@$$QEAV0@@Z,"public: __cdecl wBlockI2O<bool, int>::wBlockI2O<bool, int>(class wBlockI2O<bool, int> &&)",function,,,int>,"class wBlockI2O<bool, int> &&",False,False,False,False,False,False,True
120,119,0x77,??0?$wBlockI2O@_NH@@QEAA@AEBV0@@Z,"public: __cdecl wBlockI2O<bool, int>::wBlockI2O<bool, int>(class wBlockI2O<bool, int> const &)",function,,,int>,"class wBlockI2O<bool, int> const &",False,False,False,False,False,False,True
121,120,0x78,??0?$wBlockI2O@_NH@@QEAA@PEAV?$wBlockI2ODescriptor@_NH@@@Z,"public: __cdecl wBlockI2O<bool, int>::wBlockI2O<bool, int>(class wBlockI2ODescriptor<bool, int> *)",function,,,int>,"class wBlockI2ODescriptor<bool, int> *",False,False,False,False,False,False,True
122,121,0x79,??0?$wBlockI2O@_NN@@QEAA@$$QEAV0@@Z,"public: __cdecl wBlockI2O<bool, double>::wBlockI2O<bool, double>(class wBlockI2O<bool, double> &&)",function,,,double>,"class wBlockI2O<bool, double> &&",False,False,False,False,False,False,True
123,122,0x7A,??0?$wBlockI2O@_NN@@QEAA@AEBV0@@Z,"public: __cdecl wBlockI2O<bool, double>::wBlockI2O<bool, double>(class wBlockI2O<bool, double> const &)",function,,,double>,"class wBlockI2O<bool, double> const &",False,False,False,False,False,False,True
124,123,0x7B,??0?$wBlockI2O@_NN@@QEAA@PEAV?$wBlockI2ODescriptor@_NN@@@Z,"public: __cdecl wBlockI2O<bool, double>::wBlockI2O<bool, double>(class wBlockI2ODescriptor<bool, double> *)",function,,,double>,"class wBlockI2ODescriptor<bool, double> *",False,False,False,False,False,False,True
125,124,0x7C,??0?$wBlockI2ODescriptor@HN@@QEAA@$$QEAV0@@Z,"public: __cdecl wBlockI2ODescriptor<int, double>::wBlockI2ODescriptor<int, double>(class wBlockI2ODescriptor<int, double> &&)",function,,,double>,"class wBlockI2ODescriptor<int, double> &&",False,False,False,False,False,False,True
126,125,0x7D,??0?$wBlockI2ODescriptor@HN@@QEAA@AEBV0@@Z,"public: __cdecl wBlockI2ODescriptor<int, double>::wBlockI2ODescriptor<int, double>(class wBlockI2ODescriptor<int, double> const &)",function,,,double>,"class wBlockI2ODescriptor<int, double> const &",False,False,False,False,False,False,True
127,126,0x7E,??0?$wBlockI2ODescriptor@HN@@QEAA@XZ,"public: __cdecl wBlockI2ODescriptor<int, double>::wBlockI2ODescriptor<int, double>(void)",function,,,double>,void,False,False,False,False,False,False,True
128,127,0x7F,??0?$wBlockI2ODescriptor@H_N@@QEAA@$$QEAV0@@Z,"public: __cdecl wBlockI2ODescriptor<int, bool>::wBlockI2ODescriptor<int, bool>(class wBlockI2ODescriptor<int, bool> &&)",function,,,bool>,"class wBlockI2ODescriptor<int, bool> &&",False,False,False,False,False,False,True
129,128,0x80,??0?$wBlockI2ODescriptor@H_N@@QEAA@AEBV0@@Z,"public: __cdecl wBlockI2ODescriptor<int, bool>::wBlockI2ODescriptor<int, bool>(class wBlockI2ODescriptor<int, bool> const &)",function,,,bool>,"class wBlockI2ODescriptor<int, bool> const &",False,False,False,False,False,False,True
130,129,0x81,??0?$wBlockI2ODescriptor@H_N@@QEAA@XZ,"public: __cdecl wBlockI2ODescriptor<int, bool>::wBlockI2ODescriptor<int, bool>(void)",function,,,bool>,void,False,False,False,False,False,False,True
131,130,0x82,??0?$wBlockI2ODescriptor@N_N@@QEAA@$$QEAV0@@Z,"public: __cdecl wBlockI2ODescriptor<double, bool>::wBlockI2ODescriptor<double, bool>(class wBlockI2ODescriptor<double, bool> &&)",function,,,bool>,"class wBlockI2ODescriptor<double, bool> &&",False,False,False,False,False,False,True
132,131,0x83,??0?$wBlockI2ODescriptor@N_N@@QEAA@AEBV0@@Z,"public: __cdecl wBlockI2ODescriptor<double, bool>::wBlockI2ODescriptor<double, bool>(class wBlockI2ODescriptor<double, bool> const &)",function,,,bool>,"class wBlockI2ODescriptor<double, bool> const &",False,False,False,False,False,False,True
133,132,0x84,??0?$wBlockI2ODescriptor@N_N@@QEAA@XZ,"public: __cdecl wBlockI2ODescriptor<double, bool>::wBlockI2ODescriptor<double, bool>(void)",function,,,bool>,void,False,False,False,False,False,False,True
134,133,0x85,??0?$wBlockI2ODescriptor@_NH@@QEAA@$$QEAV0@@Z,"public: __cdecl wBlockI2ODescriptor<bool, int>::wBlockI2ODescriptor<bool, int>(class wBlockI2ODescriptor<bool, int> &&)",function,,,int>,"class wBlockI2ODescriptor<bool, int> &&",False,False,False,False,False,False,True
135,134,0x86,??0?$wBlockI2ODescriptor@_NH@@QEAA@AEBV0@@Z,"public: __cdecl wBlockI2ODescriptor<bool, int>::wBlockI2ODescriptor<bool, int>(class wBlockI2ODescriptor<bool, int> const &)",function,,,int>,"class wBlockI2ODescriptor<bool, int> const &",False,False,False,False,False,False,True
136,135,0x87,??0?$wBlockI2ODescriptor@_NH@@QEAA@XZ,"public: __cdecl wBlockI2ODescriptor<bool, int>::wBlockI2ODescriptor<bool, int>(void)",function,,,int>,void,False,False,False,False,False,False,True
137,136,0x88,??0?$wBlockI2ODescriptor@_NN@@QEAA@$$QEAV0@@Z,"public: __cdecl wBlockI2ODescriptor<bool, double>::wBlockI2ODescriptor<bool, double>(class wBlockI2ODescriptor<bool, double> &&)",function,,,double>,"class wBlockI2ODescriptor<bool, double> &&",False,False,False,False,False,False,True
138,137,0x89,??0?$wBlockI2ODescriptor@_NN@@QEAA@AEBV0@@Z,"public: __cdecl wBlockI2ODescriptor<bool, double>::wBlockI2ODescriptor<bool, double>(class wBlockI2ODescriptor<bool, double> const &)",function,,,double>,"class wBlockI2ODescriptor<bool, double> const &",False,False,False,False,False,False,True
139,138,0x8A,??0?$wBlockI2ODescriptor@_NN@@QEAA@XZ,"public: __cdecl wBlockI2ODescriptor<bool, double>::wBlockI2ODescriptor<bool, double>(void)",function,,,double>,void,False,False,False,False,False,False,True
140,139,0x8B,??0?$wBlockIntegrator@N@@QEAA@$$QEAV0@@Z,public: __cdecl wBlockIntegrator<double>::wBlockIntegrator<double>(class wBlockIntegrator<double> &&),method,,wBlockIntegrator<double>,wBlockIntegrator<double>,class wBlockIntegrator<double> &&,False,False,False,False,False,False,True
141,140,0x8C,??0?$wBlockIntegrator@N@@QEAA@AEBV0@@Z,public: __cdecl wBlockIntegrator<double>::wBlockIntegrator<double>(class wBlockIntegrator<double> const &),method,,wBlockIntegrator<double>,wBlockIntegrator<double>,class wBlockIntegrator<double> const &,False,False,False,False,False,False,True
142,141,0x8D,??0?$wBlockIntegrator@N@@QEAA@PEBV?$wBlockIntegratorDescriptor@N@@@Z,public: __cdecl wBlockIntegrator<double>::wBlockIntegrator<double>(class wBlockIntegratorDescriptor<double> const *),method,,wBlockIntegrator<double>,wBlockIntegrator<double>,class wBlockIntegratorDescriptor<double> const *,False,False,False,False,False,False,True
143,142,0x8E,??0?$wBlockIntegrator@V?$Vector@$02N@Math@@@@QEAA@$$QEAV0@@Z,"public: __cdecl wBlockIntegrator<class Math::Vector<3, double>>::wBlockIntegrator<class Math::Vector<3, double>>(class wBlockIntegrator<class Math::Vector<3, double>> &&)",function,,,double>>,"class wBlockIntegrator<class Math::Vector<3, double>> &&",False,False,False,False,False,False,True
144,143,0x8F,??0?$wBlockIntegrator@V?$Vector@$02N@Math@@@@QEAA@AEBV0@@Z,"public: __cdecl wBlockIntegrator<class Math::Vector<3, double>>::wBlockIntegrator<class Math::Vector<3, double>>(class wBlockIntegrator<class Math::Vector<3, double>> const &)",function,,,double>>,"class wBlockIntegrator<class Math::Vector<3, double>> const &",False,False,False,False,False,False,True
145,144,0x90,??0?$wBlockIntegrator@V?$Vector@$02N@Math@@@@QEAA@PEBV?$wBlockIntegratorDescriptor@V?$Vector@$02N@Math@@@@@Z,"public: __cdecl wBlockIntegrator<class Math::Vector<3, double>>::wBlockIntegrator<class Math::Vector<3, double>>(class wBlockIntegratorDescriptor<class Math::Vector<3, double>> const *)",function,,,double>>,"class wBlockIntegratorDescriptor<class Math::Vector<3, double>> const *",False,False,False,False,False,False,True
146,145,0x91,??0?$wBlockIntegratorDescriptor@N@@QEAA@$$QEAV0@@Z,public: __cdecl wBlockIntegratorDescriptor<double>::wBlockIntegratorDescriptor<double>(class wBlockIntegratorDescriptor<double> &&),method,,wBlockIntegratorDescriptor<double>,wBlockIntegratorDescriptor<double>,class wBlockIntegratorDescriptor<double> &&,False,False,False,False,False,False,True
147,146,0x92,??0?$wBlockIntegratorDescriptor@N@@QEAA@AEBV0@@Z,public: __cdecl wBlockIntegratorDescriptor<double>::wBlockIntegratorDescriptor<double>(class wBlockIntegratorDescriptor<double> const &),method,,wBlockIntegratorDescriptor<double>,wBlockIntegratorDescriptor<double>,class wBlockIntegratorDescriptor<double> const &,False,False,False,False,False,False,True
148,147,0x93,??0?$wBlockIntegratorDescriptor@N@@QEAA@XZ,public: __cdecl wBlockIntegratorDescriptor<double>::wBlockIntegratorDescriptor<double>(void),method,,wBlockIntegratorDescriptor<double>,wBlockIntegratorDescriptor<double>,void,False,False,False,False,False,False,True
149,148,0x94,??0?$wBlockIntegratorDescriptor@V?$Vector@$02N@Math@@@@QEAA@$$QEAV0@@Z,"public: __cdecl wBlockIntegratorDescriptor<class Math::Vector<3, double>>::wBlockIntegratorDescriptor<class Math::Vector<3, double>>(class wBlockIntegratorDescriptor<class Math::Vector<3, double>> &&)",function,,,double>>,"class wBlockIntegratorDescriptor<class Math::Vector<3, double>> &&",False,False,False,False,False,False,True
150,149,0x95,??0?$wBlockIntegratorDescriptor@V?$Vector@$02N@Math@@@@QEAA@AEBV0@@Z,"public: __cdecl wBlockIntegratorDescriptor<class Math::Vector<3, double>>::wBlockIntegratorDescriptor<class Math::Vector<3, double>>(class wBlockIntegratorDescriptor<class Math::Vector<3, double>> const &)",function,,,double>>,"class wBlockIntegratorDescriptor<class Math::Vector<3, double>> const &",False,False,False,False,False,False,True
151,150,0x96,??0?$wBlockIntegratorDescriptor@V?$Vector@$02N@Math@@@@QEAA@XZ,"public: __cdecl wBlockIntegratorDescriptor<class Math::Vector<3, double>>::wBlockIntegratorDescriptor<class Math::Vector<3, double>>(void)",function,,,double>>,void,False,False,False,False,False,False,True
152,151,0x97,??0?$wBlockMaxValDescriptor@H@@QEAA@$$QEAV0@@Z,public: __cdecl wBlockMaxValDescriptor<int>::wBlockMaxValDescriptor<int>(class wBlockMaxValDescriptor<int> &&),method,,wBlockMaxValDescriptor<int>,wBlockMaxValDescriptor<int>,class wBlockMaxValDescriptor<int> &&,False,False,False,False,False,False,True
153,152,0x98,??0?$wBlockMaxValDescriptor@H@@QEAA@AEBV0@@Z,public: __cdecl wBlockMaxValDescriptor<int>::wBlockMaxValDescriptor<int>(class wBlockMaxValDescriptor<int> const &),method,,wBlockMaxValDescriptor<int>,wBlockMaxValDescriptor<int>,class wBlockMaxValDescriptor<int> const &,False,False,False,False,False,False,True
154,153,0x99,??0?$wBlockMaxValDescriptor@H@@QEAA@XZ,public: __cdecl wBlockMaxValDescriptor<int>::wBlockMaxValDescriptor<int>(void),method,,wBlockMaxValDescriptor<int>,wBlockMaxValDescriptor<int>,void,False,False,False,False,False,False,True
155,154,0x9A,??0?$wBlockMaxValDescriptor@N@@QEAA@$$QEAV0@@Z,public: __cdecl wBlockMaxValDescriptor<double>::wBlockMaxValDescriptor<double>(class wBlockMaxValDescriptor<double> &&),method,,wBlockMaxValDescriptor<double>,wBlockMaxValDescriptor<double>,class wBlockMaxValDescriptor<double> &&,False,False,False,False,False,False,True
156,155,0x9B,??0?$wBlockMaxValDescriptor@N@@QEAA@AEBV0@@Z,public: __cdecl wBlockMaxValDescriptor<double>::wBlockMaxValDescriptor<double>(class wBlockMaxValDescriptor<double> const &),method,,wBlockMaxValDescriptor<double>,wBlockMaxValDescriptor<double>,class wBlockMaxValDescriptor<double> const &,False,False,False,False,False,False,True
157,156,0x9C,??0?$wBlockMaxValDescriptor@N@@QEAA@XZ,public: __cdecl wBlockMaxValDescriptor<double>::wBlockMaxValDescriptor<double>(void),method,,wBlockMaxValDescriptor<double>,wBlockMaxValDescriptor<double>,void,False,False,False,False,False,False,True
158,157,0x9D,??0?$wBlockMaxValDescriptor@V?$Vector@$02N@Math@@@@QEAA@$$QEAV0@@Z,"public: __cdecl wBlockMaxValDescriptor<class Math::Vector<3, double>>::wBlockMaxValDescriptor<class Math::Vector<3, double>>(class wBlockMaxValDescriptor<class Math::Vector<3, double>> &&)",function,,,double>>,"class wBlockMaxValDescriptor<class Math::Vector<3, double>> &&",False,False,False,False,False,False,True
159,158,0x9E,??0?$wBlockMaxValDescriptor@V?$Vector@$02N@Math@@@@QEAA@AEBV0@@Z,"public: __cdecl wBlockMaxValDescriptor<class Math::Vector<3, double>>::wBlockMaxValDescriptor<class Math::Vector<3, double>>(class wBlockMaxValDescriptor<class Math::Vector<3, double>> const &)",function,,,double>>,"class wBlockMaxValDescriptor<class Math::Vector<3, double>> const &",False,False,False,False,False,False,True
160,159,0x9F,??0?$wBlockMaxValDescriptor@V?$Vector@$02N@Math@@@@QEAA@XZ,"public: __cdecl wBlockMaxValDescriptor<class Math::Vector<3, double>>::wBlockMaxValDescriptor<class Math::Vector<3, double>>(void)",function,,,double>>,void,False,False,False,False,False,False,True
161,160,0xA0,??0?$wBlockMinValDescriptor@H@@QEAA@$$QEAV0@@Z,public: __cdecl wBlockMinValDescriptor<int>::wBlockMinValDescriptor<int>(class wBlockMinValDescriptor<int> &&),method,,wBlockMinValDescriptor<int>,wBlockMinValDescriptor<int>,class wBlockMinValDescriptor<int> &&,False,False,False,False,False,False,True
162,161,0xA1,??0?$wBlockMinValDescriptor@H@@QEAA@AEBV0@@Z,public: __cdecl wBlockMinValDescriptor<int>::wBlockMinValDescriptor<int>(class wBlockMinValDescriptor<int> const &),method,,wBlockMinValDescriptor<int>,wBlockMinValDescriptor<int>,class wBlockMinValDescriptor<int> const &,False,False,False,False,False,False,True
163,162,0xA2,??0?$wBlockMinValDescriptor@H@@QEAA@XZ,public: __cdecl wBlockMinValDescriptor<int>::wBlockMinValDescriptor<int>(void),method,,wBlockMinValDescriptor<int>,wBlockMinValDescriptor<int>,void,False,False,False,False,False,False,True
164,163,0xA3,??0?$wBlockMinValDescriptor@N@@QEAA@$$QEAV0@@Z,public: __cdecl wBlockMinValDescriptor<double>::wBlockMinValDescriptor<double>(class wBlockMinValDescriptor<double> &&),method,,wBlockMinValDescriptor<double>,wBlockMinValDescriptor<double>,class wBlockMinValDescriptor<double> &&,False,False,False,False,False,False,True
165,164,0xA4,??0?$wBlockMinValDescriptor@N@@QEAA@AEBV0@@Z,public: __cdecl wBlockMinValDescriptor<double>::wBlockMinValDescriptor<double>(class wBlockMinValDescriptor<double> const &),method,,wBlockMinValDescriptor<double>,wBlockMinValDescriptor<double>,class wBlockMinValDescriptor<double> const &,False,False,False,False,False,False,True
166,165,0xA5,??0?$wBlockMinValDescriptor@N@@QEAA@XZ,public: __cdecl wBlockMinValDescriptor<double>::wBlockMinValDescriptor<double>(void),method,,wBlockMinValDescriptor<double>,wBlockMinValDescriptor<double>,void,False,False,False,False,False,False,True
167,166,0xA6,??0?$wBlockMinValDescriptor@V?$Vector@$02N@Math@@@@QEAA@$$QEAV0@@Z,"public: __cdecl wBlockMinValDescriptor<class Math::Vector<3, double>>::wBlockMinValDescriptor<class Math::Vector<3, double>>(class wBlockMinValDescriptor<class Math::Vector<3, double>> &&)",function,,,double>>,"class wBlockMinValDescriptor<class Math::Vector<3, double>> &&",False,False,False,False,False,False,True
168,167,0xA7,??0?$wBlockMinValDescriptor@V?$Vector@$02N@Math@@@@QEAA@AEBV0@@Z,"public: __cdecl wBlockMinValDescriptor<class Math::Vector<3, double>>::wBlockMinValDescriptor<class Math::Vector<3, double>>(class wBlockMinValDescriptor<class Math::Vector<3, double>> const &)",function,,,double>>,"class wBlockMinValDescriptor<class Math::Vector<3, double>> const &",False,False,False,False,False,False,True
169,168,0xA8,??0?$wBlockMinValDescriptor@V?$Vector@$02N@Math@@@@QEAA@XZ,"public: __cdecl wBlockMinValDescriptor<class Math::Vector<3, double>>::wBlockMinValDescriptor<class Math::Vector<3, double>>(void)",function,,,double>>,void,False,False,False,False,False,False,True
170,169,0xA9,??0?$wBlockP2WDesc@H@@QEAA@$$QEAV0@@Z,public: __cdecl wBlockP2WDesc<int>::wBlockP2WDesc<int>(class wBlockP2WDesc<int> &&),method,,wBlockP2WDesc<int>,wBlockP2WDesc<int>,class wBlockP2WDesc<int> &&,False,False,False,False,False,False,True
171,170,0xAA,??0?$wBlockP2WDesc@H@@QEAA@AEBV0@@Z,public: __cdecl wBlockP2WDesc<int>::wBlockP2WDesc<int>(class wBlockP2WDesc<int> const &),method,,wBlockP2WDesc<int>,wBlockP2WDesc<int>,class wBlockP2WDesc<int> const &,False,False,False,False,False,False,True
172,171,0xAB,??0?$wBlockP2WDesc@H@@QEAA@XZ,public: __cdecl wBlockP2WDesc<int>::wBlockP2WDesc<int>(void),method,,wBlockP2WDesc<int>,wBlockP2WDesc<int>,void,False,False,False,False,False,False,True
173,172,0xAC,??0?$wBlockP2WDesc@N@@QEAA@$$QEAV0@@Z,public: __cdecl wBlockP2WDesc<double>::wBlockP2WDesc<double>(class wBlockP2WDesc<double> &&),method,,wBlockP2WDesc<double>,wBlockP2WDesc<double>,class wBlockP2WDesc<double> &&,False,False,False,False,False,False,True
174,173,0xAD,??0?$wBlockP2WDesc@N@@QEAA@AEBV0@@Z,public: __cdecl wBlockP2WDesc<double>::wBlockP2WDesc<double>(class wBlockP2WDesc<double> const &),method,,wBlockP2WDesc<double>,wBlockP2WDesc<double>,class wBlockP2WDesc<double> const &,False,False,False,False,False,False,True
175,174,0xAE,??0?$wBlockP2WDesc@N@@QEAA@XZ,public: __cdecl wBlockP2WDesc<double>::wBlockP2WDesc<double>(void),method,,wBlockP2WDesc<double>,wBlockP2WDesc<double>,void,False,False,False,False,False,False,True
176,175,0xAF,??0?$wBlockP2WDesc@V?$Vector@$02N@Math@@@@QEAA@$$QEAV0@@Z,"public: __cdecl wBlockP2WDesc<class Math::Vector<3, double>>::wBlockP2WDesc<class Math::Vector<3, double>>(class wBlockP2WDesc<class Math::Vector<3, double>> &&)",function,,,double>>,"class wBlockP2WDesc<class Math::Vector<3, double>> &&",False,False,False,False,False,False,True
177,176,0xB0,??0?$wBlockP2WDesc@V?$Vector@$02N@Math@@@@QEAA@AEBV0@@Z,"public: __cdecl wBlockP2WDesc<class Math::Vector<3, double>>::wBlockP2WDesc<class Math::Vector<3, double>>(class wBlockP2WDesc<class Math::Vector<3, double>> const &)",function,,,double>>,"class wBlockP2WDesc<class Math::Vector<3, double>> const &",False,False,False,False,False,False,True
178,177,0xB1,??0?$wBlockP2WDesc@V?$Vector@$02N@Math@@@@QEAA@XZ,"public: __cdecl wBlockP2WDesc<class Math::Vector<3, double>>::wBlockP2WDesc<class Math::Vector<3, double>>(void)",function,,,double>>,void,False,False,False,False,False,False,True
179,178,0xB2,??0?$wBlockP2WDesc@_N@@QEAA@$$QEAV0@@Z,public: __cdecl wBlockP2WDesc<bool>::wBlockP2WDesc<bool>(class wBlockP2WDesc<bool> &&),method,,wBlockP2WDesc<bool>,wBlockP2WDesc<bool>,class wBlockP2WDesc<bool> &&,False,False,False,False,False,False,True
180,179,0xB3,??0?$wBlockP2WDesc@_N@@QEAA@AEBV0@@Z,public: __cdecl wBlockP2WDesc<bool>::wBlockP2WDesc<bool>(class wBlockP2WDesc<bool> const &),method,,wBlockP2WDesc<bool>,wBlockP2WDesc<bool>,class wBlockP2WDesc<bool> const &,False,False,False,False,False,False,True
181,180,0xB4,??0?$wBlockP2WDesc@_N@@QEAA@XZ,public: __cdecl wBlockP2WDesc<bool>::wBlockP2WDesc<bool>(void),method,,wBlockP2WDesc<bool>,wBlockP2WDesc<bool>,void,False,False,False,False,False,False,True
182,181,0xB5,??0?$wBlockRateCalcDesc@H@@QEAA@$$QEAV0@@Z,public: __cdecl wBlockRateCalcDesc<int>::wBlockRateCalcDesc<int>(class wBlockRateCalcDesc<int> &&),method,,wBlockRateCalcDesc<int>,wBlockRateCalcDesc<int>,class wBlockRateCalcDesc<int> &&,False,False,False,False,False,False,True
183,182,0xB6,??0?$wBlockRateCalcDesc@H@@QEAA@AEBV0@@Z,public: __cdecl wBlockRateCalcDesc<int>::wBlockRateCalcDesc<int>(class wBlockRateCalcDesc<int> const &),method,,wBlockRateCalcDesc<int>,wBlockRateCalcDesc<int>,class wBlockRateCalcDesc<int> const &,False,False,False,False,False,False,True
184,183,0xB7,??0?$wBlockRateCalcDesc@H@@QEAA@XZ,public: __cdecl wBlockRateCalcDesc<int>::wBlockRateCalcDesc<int>(void),method,,wBlockRateCalcDesc<int>,wBlockRateCalcDesc<int>,void,False,False,False,False,False,False,True
185,184,0xB8,??0?$wBlockRateCalcDesc@N@@QEAA@$$QEAV0@@Z,public: __cdecl wBlockRateCalcDesc<double>::wBlockRateCalcDesc<double>(class wBlockRateCalcDesc<double> &&),method,,wBlockRateCalcDesc<double>,wBlockRateCalcDesc<double>,class wBlockRateCalcDesc<double> &&,False,False,False,False,False,False,True
186,185,0xB9,??0?$wBlockRateCalcDesc@N@@QEAA@AEBV0@@Z,public: __cdecl wBlockRateCalcDesc<double>::wBlockRateCalcDesc<double>(class wBlockRateCalcDesc<double> const &),method,,wBlockRateCalcDesc<double>,wBlockRateCalcDesc<double>,class wBlockRateCalcDesc<double> const &,False,False,False,False,False,False,True
187,186,0xBA,??0?$wBlockRateCalcDesc@N@@QEAA@XZ,public: __cdecl wBlockRateCalcDesc<double>::wBlockRateCalcDesc<double>(void),method,,wBlockRateCalcDesc<double>,wBlockRateCalcDesc<double>,void,False,False,False,False,False,False,True
188,187,0xBB,??0?$wBlockRateCalcDesc@V?$Vector@$02N@Math@@@@QEAA@$$QEAV0@@Z,"public: __cdecl wBlockRateCalcDesc<class Math::Vector<3, double>>::wBlockRateCalcDesc<class Math::Vector<3, double>>(class wBlockRateCalcDesc<class Math::Vector<3, double>> &&)",function,,,double>>,"class wBlockRateCalcDesc<class Math::Vector<3, double>> &&",False,False,False,False,False,False,True
189,188,0xBC,??0?$wBlockRateCalcDesc@V?$Vector@$02N@Math@@@@QEAA@AEBV0@@Z,"public: __cdecl wBlockRateCalcDesc<class Math::Vector<3, double>>::wBlockRateCalcDesc<class Math::Vector<3, double>>(class wBlockRateCalcDesc<class Math::Vector<3, double>> const &)",function,,,double>>,"class wBlockRateCalcDesc<class Math::Vector<3, double>> const &",False,False,False,False,False,False,True
190,189,0xBD,??0?$wBlockRateCalcDesc@V?$Vector@$02N@Math@@@@QEAA@XZ,"public: __cdecl wBlockRateCalcDesc<class Math::Vector<3, double>>::wBlockRateCalcDesc<class Math::Vector<3, double>>(void)",function,,,double>>,void,False,False,False,False,False,False,True
191,190,0xBE,??0?$wBlockSummatorDescriptor@H@@QEAA@$$QEAV0@@Z,public: __cdecl wBlockSummatorDescriptor<int>::wBlockSummatorDescriptor<int>(class wBlockSummatorDescriptor<int> &&),method,,wBlockSummatorDescriptor<int>,wBlockSummatorDescriptor<int>,class wBlockSummatorDescriptor<int> &&,False,False,False,False,False,False,True
192,191,0xBF,??0?$wBlockSummatorDescriptor@H@@QEAA@AEBV0@@Z,public: __cdecl wBlockSummatorDescriptor<int>::wBlockSummatorDescriptor<int>(class wBlockSummatorDescriptor<int> const &),method,,wBlockSummatorDescriptor<int>,wBlockSummatorDescriptor<int>,class wBlockSummatorDescriptor<int> const &,False,False,False,False,False,False,True
193,192,0xC0,??0?$wBlockSummatorDescriptor@H@@QEAA@XZ,public: __cdecl wBlockSummatorDescriptor<int>::wBlockSummatorDescriptor<int>(void),method,,wBlockSummatorDescriptor<int>,wBlockSummatorDescriptor<int>,void,False,False,False,False,False,False,True
194,193,0xC1,??0?$wBlockSummatorDescriptor@N@@QEAA@$$QEAV0@@Z,public: __cdecl wBlockSummatorDescriptor<double>::wBlockSummatorDescriptor<double>(class wBlockSummatorDescriptor<double> &&),method,,wBlockSummatorDescriptor<double>,wBlockSummatorDescriptor<double>,class wBlockSummatorDescriptor<double> &&,False,False,False,False,False,False,True
195,194,0xC2,??0?$wBlockSummatorDescriptor@N@@QEAA@AEBV0@@Z,public: __cdecl wBlockSummatorDescriptor<double>::wBlockSummatorDescriptor<double>(class wBlockSummatorDescriptor<double> const &),method,,wBlockSummatorDescriptor<double>,wBlockSummatorDescriptor<double>,class wBlockSummatorDescriptor<double> const &,False,False,False,False,False,False,True
196,195,0xC3,??0?$wBlockSummatorDescriptor@N@@QEAA@XZ,public: __cdecl wBlockSummatorDescriptor<double>::wBlockSummatorDescriptor<double>(void),method,,wBlockSummatorDescriptor<double>,wBlockSummatorDescriptor<double>,void,False,False,False,False,False,False,True
197,196,0xC4,??0?$wBlockSummatorDescriptor@V?$Vector@$02N@Math@@@@QEAA@$$QEAV0@@Z,"public: __cdecl wBlockSummatorDescriptor<class Math::Vector<3, double>>::wBlockSummatorDescriptor<class Math::Vector<3, double>>(class wBlockSummatorDescriptor<class Math::Vector<3, double>> &&)",function,,,double>>,"class wBlockSummatorDescriptor<class Math::Vector<3, double>> &&",False,False,False,False,False,False,True
198,197,0xC5,??0?$wBlockSummatorDescriptor@V?$Vector@$02N@Math@@@@QEAA@AEBV0@@Z,"public: __cdecl wBlockSummatorDescriptor<class Math::Vector<3, double>>::wBlockSummatorDescriptor<class Math::Vector<3, double>>(class wBlockSummatorDescriptor<class Math::Vector<3, double>> const &)",function,,,double>>,"class wBlockSummatorDescriptor<class Math::Vector<3, double>> const &",False,False,False,False,False,False,True
199,198,0xC6,??0?$wBlockSummatorDescriptor@V?$Vector@$02N@Math@@@@QEAA@XZ,"public: __cdecl wBlockSummatorDescriptor<class Math::Vector<3, double>>::wBlockSummatorDescriptor<class Math::Vector<3, double>>(void)",function,,,double>>,void,False,False,False,False,False,False,True
200,199,0xC7,??0CreatingLoader@Lua@@QEAA@PEAUlua_State@@PEBD@Z,"public: __cdecl Lua::CreatingLoader::CreatingLoader(struct lua_State *, char const *)",method,Lua,CreatingLoader,CreatingLoader,"struct lua_State *, char const *",False,False,False,False,False,False,True
201,200,0xC8,??0FileLoader@Lua@@QEAA@PEBD0PEAVILuaSource@ed@@@Z,"public: __cdecl Lua::FileLoader::FileLoader(char const *, char const *, class ed::ILuaSource *)",method,Lua,FileLoader,FileLoader,"char const *, char const *, class ed::ILuaSource *",False,False,False,False,False,False,True
202,201,0xC9,??0InputOutputBlock@wSimulationSystemScheme@@QEAA@$$QEAV01@@Z,public: __cdecl wSimulationSystemScheme::InputOutputBlock::InputOutputBlock(class wSimulationSystemScheme::InputOutputBlock &&),method,wSimulationSystemScheme,InputOutputBlock,InputOutputBlock,class wSimulationSystemScheme::InputOutputBlock &&,False,False,False,False,False,False,True
203,202,0xCA,??0InputOutputBlock@wSimulationSystemScheme@@QEAA@AEBV01@@Z,public: __cdecl wSimulationSystemScheme::InputOutputBlock::InputOutputBlock(class wSimulationSystemScheme::InputOutputBlock const &),method,wSimulationSystemScheme,InputOutputBlock,InputOutputBlock,class wSimulationSystemScheme::InputOutputBlock const &,False,False,False,False,False,False,True
204,203,0xCB,??0InputOutputBlock@wSimulationSystemScheme@@QEAA@XZ,public: __cdecl wSimulationSystemScheme::InputOutputBlock::InputOutputBlock(void),method,wSimulationSystemScheme,InputOutputBlock,InputOutputBlock,void,False,False,False,False,False,False,True
205,204,0xCC,??0Loader@Lua@@QEAA@PEAUlua_State@@@Z,public: __cdecl Lua::Loader::Loader(struct lua_State *),method,Lua,Loader,Loader,struct lua_State *,False,False,False,False,False,False,True
206,205,0xCD,??0Loader@Lua@@QEAA@PEAUlua_State@@PEBD@Z,"public: __cdecl Lua::Loader::Loader(struct lua_State *, char const *)",method,Lua,Loader,Loader,"struct lua_State *, char const *",False,False,False,False,False,False,True
207,206,0xCE,??0ParamsLoader@Lua@@QEAA@XZ,public: __cdecl Lua::ParamsLoader::ParamsLoader(void),method,Lua,ParamsLoader,ParamsLoader,void,False,False,False,False,False,False,True
208,207,0xCF,??0SpecialCommandsBlock@wSimulationSystemScheme@@QEAA@$$QEAV01@@Z,public: __cdecl wSimulationSystemScheme::SpecialCommandsBlock::SpecialCommandsBlock(class wSimulationSystemScheme::SpecialCommandsBlock &&),method,wSimulationSystemScheme,SpecialCommandsBlock,SpecialCommandsBlock,class wSimulationSystemScheme::SpecialCommandsBlock &&,False,False,False,False,False,False,True
209,208,0xD0,??0SpecialCommandsBlock@wSimulationSystemScheme@@QEAA@AEBV01@@Z,public: __cdecl wSimulationSystemScheme::SpecialCommandsBlock::SpecialCommandsBlock(class wSimulationSystemScheme::SpecialCommandsBlock const &),method,wSimulationSystemScheme,SpecialCommandsBlock,SpecialCommandsBlock,class wSimulationSystemScheme::SpecialCommandsBlock const &,False,False,False,False,False,False,True
210,209,0xD1,??0SpecialCommandsBlock@wSimulationSystemScheme@@QEAA@XZ,public: __cdecl wSimulationSystemScheme::SpecialCommandsBlock::SpecialCommandsBlock(void),method,wSimulationSystemScheme,SpecialCommandsBlock,SpecialCommandsBlock,void,False,False,False,False,False,False,True
211,210,0xD2,??0TableLoader@Lua@@QEAA@AEBVLoader@1@PEBD@Z,"public: __cdecl Lua::TableLoader::TableLoader(class Lua::Loader const &, char const *)",method,Lua,TableLoader,TableLoader,"class Lua::Loader const &, char const *",False,False,False,False,False,False,True
212,211,0xD3,??0wBlockANDDescriptor@@QEAA@$$QEAV0@@Z,public: __cdecl wBlockANDDescriptor::wBlockANDDescriptor(class wBlockANDDescriptor &&),method,,wBlockANDDescriptor,wBlockANDDescriptor,class wBlockANDDescriptor &&,False,False,False,False,False,False,True
213,212,0xD4,??0wBlockANDDescriptor@@QEAA@AEBV0@@Z,public: __cdecl wBlockANDDescriptor::wBlockANDDescriptor(class wBlockANDDescriptor const &),method,,wBlockANDDescriptor,wBlockANDDescriptor,class wBlockANDDescriptor const &,False,False,False,False,False,False,True
214,213,0xD5,??0wBlockANDDescriptor@@QEAA@XZ,public: __cdecl wBlockANDDescriptor::wBlockANDDescriptor(void),method,,wBlockANDDescriptor,wBlockANDDescriptor,void,False,False,False,False,False,False,True
215,214,0xD6,??0wBlockANDtriggerDescriptor@@QEAA@$$QEAV0@@Z,public: __cdecl wBlockANDtriggerDescriptor::wBlockANDtriggerDescriptor(class wBlockANDtriggerDescriptor &&),method,,wBlockANDtriggerDescriptor,wBlockANDtriggerDescriptor,class wBlockANDtriggerDescriptor &&,False,False,False,False,False,False,True
216,215,0xD7,??0wBlockANDtriggerDescriptor@@QEAA@AEBV0@@Z,public: __cdecl wBlockANDtriggerDescriptor::wBlockANDtriggerDescriptor(class wBlockANDtriggerDescriptor const &),method,,wBlockANDtriggerDescriptor,wBlockANDtriggerDescriptor,class wBlockANDtriggerDescriptor const &,False,False,False,False,False,False,True
217,216,0xD8,??0wBlockANDtriggerDescriptor@@QEAA@XZ,public: __cdecl wBlockANDtriggerDescriptor::wBlockANDtriggerDescriptor(void),method,,wBlockANDtriggerDescriptor,wBlockANDtriggerDescriptor,void,False,False,False,False,False,False,True
218,217,0xD9,??0wBlockConstantsDescriptor@@QEAA@AEBV0@@Z,public: __cdecl wBlockConstantsDescriptor::wBlockConstantsDescriptor(class wBlockConstantsDescriptor const &),method,,wBlockConstantsDescriptor,wBlockConstantsDescriptor,class wBlockConstantsDescriptor const &,False,False,False,False,False,False,True
219,218,0xDA,??0wBlockConstantsDescriptor@@QEAA@XZ,public: __cdecl wBlockConstantsDescriptor::wBlockConstantsDescriptor(void),method,,wBlockConstantsDescriptor,wBlockConstantsDescriptor,void,False,False,False,False,False,False,True
220,219,0xDB,??0wBlockDelayTriggerDescriptor@@QEAA@$$QEAV0@@Z,public: __cdecl wBlockDelayTriggerDescriptor::wBlockDelayTriggerDescriptor(class wBlockDelayTriggerDescriptor &&),method,,wBlockDelayTriggerDescriptor,wBlockDelayTriggerDescriptor,class wBlockDelayTriggerDescriptor &&,False,False,False,False,False,False,True
221,220,0xDC,??0wBlockDelayTriggerDescriptor@@QEAA@AEBV0@@Z,public: __cdecl wBlockDelayTriggerDescriptor::wBlockDelayTriggerDescriptor(class wBlockDelayTriggerDescriptor const &),method,,wBlockDelayTriggerDescriptor,wBlockDelayTriggerDescriptor,class wBlockDelayTriggerDescriptor const &,False,False,False,False,False,False,True
222,221,0xDD,??0wBlockDelayTriggerDescriptor@@QEAA@XZ,public: __cdecl wBlockDelayTriggerDescriptor::wBlockDelayTriggerDescriptor(void),method,,wBlockDelayTriggerDescriptor,wBlockDelayTriggerDescriptor,void,False,False,False,False,False,False,True
223,222,0xDE,??0wBlockDelayTriggerMultipleDescriptor@@QEAA@$$QEAV0@@Z,public: __cdecl wBlockDelayTriggerMultipleDescriptor::wBlockDelayTriggerMultipleDescriptor(class wBlockDelayTriggerMultipleDescriptor &&),method,,wBlockDelayTriggerMultipleDescriptor,wBlockDelayTriggerMultipleDescriptor,class wBlockDelayTriggerMultipleDescriptor &&,False,False,False,False,False,False,True
224,223,0xDF,??0wBlockDelayTriggerMultipleDescriptor@@QEAA@AEBV0@@Z,public: __cdecl wBlockDelayTriggerMultipleDescriptor::wBlockDelayTriggerMultipleDescriptor(class wBlockDelayTriggerMultipleDescriptor const &),method,,wBlockDelayTriggerMultipleDescriptor,wBlockDelayTriggerMultipleDescriptor,class wBlockDelayTriggerMultipleDescriptor const &,False,False,False,False,False,False,True
225,224,0xE0,??0wBlockDelayTriggerMultipleDescriptor@@QEAA@XZ,public: __cdecl wBlockDelayTriggerMultipleDescriptor::wBlockDelayTriggerMultipleDescriptor(void),method,,wBlockDelayTriggerMultipleDescriptor,wBlockDelayTriggerMultipleDescriptor,void,False,False,False,False,False,False,True
226,225,0xE1,??0wBlockDelayTriggerWireDescriptor@@QEAA@$$QEAV0@@Z,public: __cdecl wBlockDelayTriggerWireDescriptor::wBlockDelayTriggerWireDescriptor(class wBlockDelayTriggerWireDescriptor &&),method,,wBlockDelayTriggerWireDescriptor,wBlockDelayTriggerWireDescriptor,class wBlockDelayTriggerWireDescriptor &&,False,False,False,False,False,False,True
227,226,0xE2,??0wBlockDelayTriggerWireDescriptor@@QEAA@AEBV0@@Z,public: __cdecl wBlockDelayTriggerWireDescriptor::wBlockDelayTriggerWireDescriptor(class wBlockDelayTriggerWireDescriptor const &),method,,wBlockDelayTriggerWireDescriptor,wBlockDelayTriggerWireDescriptor,class wBlockDelayTriggerWireDescriptor const &,False,False,False,False,False,False,True
228,227,0xE3,??0wBlockDelayTriggerWireDescriptor@@QEAA@XZ,public: __cdecl wBlockDelayTriggerWireDescriptor::wBlockDelayTriggerWireDescriptor(void),method,,wBlockDelayTriggerWireDescriptor,wBlockDelayTriggerWireDescriptor,void,False,False,False,False,False,False,True
229,228,0xE4,??0wBlockDoubleToVec3dTriggerDescriptor@@QEAA@$$QEAV0@@Z,public: __cdecl wBlockDoubleToVec3dTriggerDescriptor::wBlockDoubleToVec3dTriggerDescriptor(class wBlockDoubleToVec3dTriggerDescriptor &&),method,,wBlockDoubleToVec3dTriggerDescriptor,wBlockDoubleToVec3dTriggerDescriptor,class wBlockDoubleToVec3dTriggerDescriptor &&,False,False,False,False,False,False,True
230,229,0xE5,??0wBlockDoubleToVec3dTriggerDescriptor@@QEAA@AEBV0@@Z,public: __cdecl wBlockDoubleToVec3dTriggerDescriptor::wBlockDoubleToVec3dTriggerDescriptor(class wBlockDoubleToVec3dTriggerDescriptor const &),method,,wBlockDoubleToVec3dTriggerDescriptor,wBlockDoubleToVec3dTriggerDescriptor,class wBlockDoubleToVec3dTriggerDescriptor const &,False,False,False,False,False,False,True
231,230,0xE6,??0wBlockDoubleToVec3dTriggerDescriptor@@QEAA@XZ,public: __cdecl wBlockDoubleToVec3dTriggerDescriptor::wBlockDoubleToVec3dTriggerDescriptor(void),method,,wBlockDoubleToVec3dTriggerDescriptor,wBlockDoubleToVec3dTriggerDescriptor,void,False,False,False,False,False,False,True
232,231,0xE7,??0wBlockLogicalMultiinputDescriptor@@QEAA@$$QEAV0@@Z,public: __cdecl wBlockLogicalMultiinputDescriptor::wBlockLogicalMultiinputDescriptor(class wBlockLogicalMultiinputDescriptor &&),method,,wBlockLogicalMultiinputDescriptor,wBlockLogicalMultiinputDescriptor,class wBlockLogicalMultiinputDescriptor &&,False,False,False,False,False,False,True
233,232,0xE8,??0wBlockLogicalMultiinputDescriptor@@QEAA@AEBV0@@Z,public: __cdecl wBlockLogicalMultiinputDescriptor::wBlockLogicalMultiinputDescriptor(class wBlockLogicalMultiinputDescriptor const &),method,,wBlockLogicalMultiinputDescriptor,wBlockLogicalMultiinputDescriptor,class wBlockLogicalMultiinputDescriptor const &,False,False,False,False,False,False,True
234,233,0xE9,??0wBlockLogicalMultiinputDescriptor@@QEAA@XZ,public: __cdecl wBlockLogicalMultiinputDescriptor::wBlockLogicalMultiinputDescriptor(void),method,,wBlockLogicalMultiinputDescriptor,wBlockLogicalMultiinputDescriptor,void,False,False,False,False,False,False,True
235,234,0xEA,??0wBlockLuaDescriptor@@QEAA@AEBV0@@Z,public: __cdecl wBlockLuaDescriptor::wBlockLuaDescriptor(class wBlockLuaDescriptor const &),method,,wBlockLuaDescriptor,wBlockLuaDescriptor,class wBlockLuaDescriptor const &,False,False,False,False,False,False,True
236,235,0xEB,??0wBlockLuaDescriptor@@QEAA@XZ,public: __cdecl wBlockLuaDescriptor::wBlockLuaDescriptor(void),method,,wBlockLuaDescriptor,wBlockLuaDescriptor,void,False,False,False,False,False,False,True
237,236,0xEC,??0wBlockMultiplexDescriptor@@QEAA@$$QEAV0@@Z,public: __cdecl wBlockMultiplexDescriptor::wBlockMultiplexDescriptor(class wBlockMultiplexDescriptor &&),method,,wBlockMultiplexDescriptor,wBlockMultiplexDescriptor,class wBlockMultiplexDescriptor &&,False,False,False,False,False,False,True
238,237,0xED,??0wBlockMultiplexDescriptor@@QEAA@AEBV0@@Z,public: __cdecl wBlockMultiplexDescriptor::wBlockMultiplexDescriptor(class wBlockMultiplexDescriptor const &),method,,wBlockMultiplexDescriptor,wBlockMultiplexDescriptor,class wBlockMultiplexDescriptor const &,False,False,False,False,False,False,True
239,238,0xEE,??0wBlockMultiplexDescriptor@@QEAA@XZ,public: __cdecl wBlockMultiplexDescriptor::wBlockMultiplexDescriptor(void),method,,wBlockMultiplexDescriptor,wBlockMultiplexDescriptor,void,False,False,False,False,False,False,True
240,239,0xEF,??0wBlockNOTDescriptor@@QEAA@$$QEAV0@@Z,public: __cdecl wBlockNOTDescriptor::wBlockNOTDescriptor(class wBlockNOTDescriptor &&),method,,wBlockNOTDescriptor,wBlockNOTDescriptor,class wBlockNOTDescriptor &&,False,False,False,False,False,False,True
241,240,0xF0,??0wBlockNOTDescriptor@@QEAA@AEBV0@@Z,public: __cdecl wBlockNOTDescriptor::wBlockNOTDescriptor(class wBlockNOTDescriptor const &),method,,wBlockNOTDescriptor,wBlockNOTDescriptor,class wBlockNOTDescriptor const &,False,False,False,False,False,False,True
242,241,0xF1,??0wBlockNOTDescriptor@@QEAA@XZ,public: __cdecl wBlockNOTDescriptor::wBlockNOTDescriptor(void),method,,wBlockNOTDescriptor,wBlockNOTDescriptor,void,False,False,False,False,False,False,True
243,242,0xF2,??0wBlockNOTtriggerDescriptor@@QEAA@$$QEAV0@@Z,public: __cdecl wBlockNOTtriggerDescriptor::wBlockNOTtriggerDescriptor(class wBlockNOTtriggerDescriptor &&),method,,wBlockNOTtriggerDescriptor,wBlockNOTtriggerDescriptor,class wBlockNOTtriggerDescriptor &&,False,False,False,False,False,False,True
244,243,0xF3,??0wBlockNOTtriggerDescriptor@@QEAA@AEBV0@@Z,public: __cdecl wBlockNOTtriggerDescriptor::wBlockNOTtriggerDescriptor(class wBlockNOTtriggerDescriptor const &),method,,wBlockNOTtriggerDescriptor,wBlockNOTtriggerDescriptor,class wBlockNOTtriggerDescriptor const &,False,False,False,False,False,False,True
245,244,0xF4,??0wBlockNOTtriggerDescriptor@@QEAA@XZ,public: __cdecl wBlockNOTtriggerDescriptor::wBlockNOTtriggerDescriptor(void),method,,wBlockNOTtriggerDescriptor,wBlockNOTtriggerDescriptor,void,False,False,False,False,False,False,True
246,245,0xF5,??0wBlockORDescriptor@@QEAA@$$QEAV0@@Z,public: __cdecl wBlockORDescriptor::wBlockORDescriptor(class wBlockORDescriptor &&),method,,wBlockORDescriptor,wBlockORDescriptor,class wBlockORDescriptor &&,False,False,False,False,False,False,True
247,246,0xF6,??0wBlockORDescriptor@@QEAA@AEBV0@@Z,public: __cdecl wBlockORDescriptor::wBlockORDescriptor(class wBlockORDescriptor const &),method,,wBlockORDescriptor,wBlockORDescriptor,class wBlockORDescriptor const &,False,False,False,False,False,False,True
248,247,0xF7,??0wBlockORDescriptor@@QEAA@XZ,public: __cdecl wBlockORDescriptor::wBlockORDescriptor(void),method,,wBlockORDescriptor,wBlockORDescriptor,void,False,False,False,False,False,False,True
249,248,0xF8,??0wBlockORtriggerDescriptor@@QEAA@$$QEAV0@@Z,public: __cdecl wBlockORtriggerDescriptor::wBlockORtriggerDescriptor(class wBlockORtriggerDescriptor &&),method,,wBlockORtriggerDescriptor,wBlockORtriggerDescriptor,class wBlockORtriggerDescriptor &&,False,False,False,False,False,False,True
250,249,0xF9,??0wBlockORtriggerDescriptor@@QEAA@AEBV0@@Z,public: __cdecl wBlockORtriggerDescriptor::wBlockORtriggerDescriptor(class wBlockORtriggerDescriptor const &),method,,wBlockORtriggerDescriptor,wBlockORtriggerDescriptor,class wBlockORtriggerDescriptor const &,False,False,False,False,False,False,True
251,250,0xFA,??0wBlockORtriggerDescriptor@@QEAA@XZ,public: __cdecl wBlockORtriggerDescriptor::wBlockORtriggerDescriptor(void),method,,wBlockORtriggerDescriptor,wBlockORtriggerDescriptor,void,False,False,False,False,False,False,True
252,251,0xFB,??0wBlockOscilloscopeDescriptor@@QEAA@$$QEAV0@@Z,public: __cdecl wBlockOscilloscopeDescriptor::wBlockOscilloscopeDescriptor(class wBlockOscilloscopeDescriptor &&),method,,wBlockOscilloscopeDescriptor,wBlockOscilloscopeDescriptor,class wBlockOscilloscopeDescriptor &&,False,False,False,False,False,False,True
253,252,0xFC,??0wBlockOscilloscopeDescriptor@@QEAA@AEBV0@@Z,public: __cdecl wBlockOscilloscopeDescriptor::wBlockOscilloscopeDescriptor(class wBlockOscilloscopeDescriptor const &),method,,wBlockOscilloscopeDescriptor,wBlockOscilloscopeDescriptor,class wBlockOscilloscopeDescriptor const &,False,False,False,False,False,False,True
254,253,0xFD,??0wBlockOscilloscopeDescriptor@@QEAA@XZ,public: __cdecl wBlockOscilloscopeDescriptor::wBlockOscilloscopeDescriptor(void),method,,wBlockOscilloscopeDescriptor,wBlockOscilloscopeDescriptor,void,False,False,False,False,False,False,True
255,254,0xFE,??0wBlockSubsystemDescriptor@@QEAA@$$QEAV0@@Z,public: __cdecl wBlockSubsystemDescriptor::wBlockSubsystemDescriptor(class wBlockSubsystemDescriptor &&),method,,wBlockSubsystemDescriptor,wBlockSubsystemDescriptor,class wBlockSubsystemDescriptor &&,False,False,False,False,False,False,True
256,255,0xFF,??0wBlockSubsystemDescriptor@@QEAA@AEBV0@@Z,public: __cdecl wBlockSubsystemDescriptor::wBlockSubsystemDescriptor(class wBlockSubsystemDescriptor const &),method,,wBlockSubsystemDescriptor,wBlockSubsystemDescriptor,class wBlockSubsystemDescriptor const &,False,False,False,False,False,False,True
257,256,0x100,??0wBlockSubsystemDescriptor@@QEAA@XZ,public: __cdecl wBlockSubsystemDescriptor::wBlockSubsystemDescriptor(void),method,,wBlockSubsystemDescriptor,wBlockSubsystemDescriptor,void,False,False,False,False,False,False,True
258,257,0x101,??0wBlockVectorPicker@@QEAA@$$QEAV0@@Z,public: __cdecl wBlockVectorPicker::wBlockVectorPicker(class wBlockVectorPicker &&),method,,wBlockVectorPicker,wBlockVectorPicker,class wBlockVectorPicker &&,False,False,False,False,False,False,True
259,258,0x102,??0wBlockVectorPicker@@QEAA@AEBV0@@Z,public: __cdecl wBlockVectorPicker::wBlockVectorPicker(class wBlockVectorPicker const &),method,,wBlockVectorPicker,wBlockVectorPicker,class wBlockVectorPicker const &,False,False,False,False,False,False,True
260,259,0x103,??0wBlockVectorPicker@@QEAA@PEBVwBlockVectorPickerDescriptor@@@Z,public: __cdecl wBlockVectorPicker::wBlockVectorPicker(class wBlockVectorPickerDescriptor const *),method,,wBlockVectorPicker,wBlockVectorPicker,class wBlockVectorPickerDescriptor const *,False,False,False,False,False,False,True
261,260,0x104,??0wBlockVectorPickerDescriptor@@QEAA@$$QEAV0@@Z,public: __cdecl wBlockVectorPickerDescriptor::wBlockVectorPickerDescriptor(class wBlockVectorPickerDescriptor &&),method,,wBlockVectorPickerDescriptor,wBlockVectorPickerDescriptor,class wBlockVectorPickerDescriptor &&,False,False,False,False,False,False,True
262,261,0x105,??0wBlockVectorPickerDescriptor@@QEAA@AEBV0@@Z,public: __cdecl wBlockVectorPickerDescriptor::wBlockVectorPickerDescriptor(class wBlockVectorPickerDescriptor const &),method,,wBlockVectorPickerDescriptor,wBlockVectorPickerDescriptor,class wBlockVectorPickerDescriptor const &,False,False,False,False,False,False,True
263,262,0x106,??0wBlockVectorPickerDescriptor@@QEAA@XZ,public: __cdecl wBlockVectorPickerDescriptor::wBlockVectorPickerDescriptor(void),method,,wBlockVectorPickerDescriptor,wBlockVectorPickerDescriptor,void,False,False,False,False,False,False,True
264,263,0x107,??0wBlockWireDeserializerDescriptor@@QEAA@AEBV0@@Z,public: __cdecl wBlockWireDeserializerDescriptor::wBlockWireDeserializerDescriptor(class wBlockWireDeserializerDescriptor const &),method,,wBlockWireDeserializerDescriptor,wBlockWireDeserializerDescriptor,class wBlockWireDeserializerDescriptor const &,False,False,False,False,False,False,True
265,264,0x108,??0wBlockWireDeserializerDescriptor@@QEAA@XZ,public: __cdecl wBlockWireDeserializerDescriptor::wBlockWireDeserializerDescriptor(void),method,,wBlockWireDeserializerDescriptor,wBlockWireDeserializerDescriptor,void,False,False,False,False,False,False,True
266,265,0x109,??0wBlockWireSerializerDescriptor@@QEAA@AEBV0@@Z,public: __cdecl wBlockWireSerializerDescriptor::wBlockWireSerializerDescriptor(class wBlockWireSerializerDescriptor const &),method,,wBlockWireSerializerDescriptor,wBlockWireSerializerDescriptor,class wBlockWireSerializerDescriptor const &,False,False,False,False,False,False,True
267,266,0x10A,??0wBlockWireSerializerDescriptor@@QEAA@XZ,public: __cdecl wBlockWireSerializerDescriptor::wBlockWireSerializerDescriptor(void),method,,wBlockWireSerializerDescriptor,wBlockWireSerializerDescriptor,void,False,False,False,False,False,False,True
268,267,0x10B,??0wBlockWireToPortDescriptor@@QEAA@$$QEAV0@@Z,public: __cdecl wBlockWireToPortDescriptor::wBlockWireToPortDescriptor(class wBlockWireToPortDescriptor &&),method,,wBlockWireToPortDescriptor,wBlockWireToPortDescriptor,class wBlockWireToPortDescriptor &&,False,False,False,False,False,False,True
269,268,0x10C,??0wBlockWireToPortDescriptor@@QEAA@AEBV0@@Z,public: __cdecl wBlockWireToPortDescriptor::wBlockWireToPortDescriptor(class wBlockWireToPortDescriptor const &),method,,wBlockWireToPortDescriptor,wBlockWireToPortDescriptor,class wBlockWireToPortDescriptor const &,False,False,False,False,False,False,True
270,269,0x10D,??0wBlockWireToPortDescriptor@@QEAA@XZ,public: __cdecl wBlockWireToPortDescriptor::wBlockWireToPortDescriptor(void),method,,wBlockWireToPortDescriptor,wBlockWireToPortDescriptor,void,False,False,False,False,False,False,True
271,270,0x10E,??0wSimulationBlock@@AEAA@PEBVwSimulationBlockDescriptor@@@Z,private: __cdecl wSimulationBlock::wSimulationBlock(class wSimulationBlockDescriptor const *),method,,wSimulationBlock,wSimulationBlock,class wSimulationBlockDescriptor const *,False,False,False,False,False,False,True
272,271,0x10F,??0wSimulationBlock@@QEAA@AEBV0@@Z,public: __cdecl wSimulationBlock::wSimulationBlock(class wSimulationBlock const &),method,,wSimulationBlock,wSimulationBlock,class wSimulationBlock const &,False,False,False,False,False,False,True
273,272,0x110,??0wSimulationBlockDescriptor@@AEAA@XZ,private: __cdecl wSimulationBlockDescriptor::wSimulationBlockDescriptor(void),method,,wSimulationBlockDescriptor,wSimulationBlockDescriptor,void,False,False,False,False,False,False,True
274,273,0x111,??0wSimulationBlockDescriptor@@QEAA@AEBV0@@Z,public: __cdecl wSimulationBlockDescriptor::wSimulationBlockDescriptor(class wSimulationBlockDescriptor const &),method,,wSimulationBlockDescriptor,wSimulationBlockDescriptor,class wSimulationBlockDescriptor const &,False,False,False,False,False,False,True
275,274,0x112,??0wSimulationBlockDiff@@QEAA@$$QEAV0@@Z,public: __cdecl wSimulationBlockDiff::wSimulationBlockDiff(class wSimulationBlockDiff &&),method,,wSimulationBlockDiff,wSimulationBlockDiff,class wSimulationBlockDiff &&,False,False,False,False,False,False,True
276,275,0x113,??0wSimulationBlockDiff@@QEAA@AEBV0@@Z,public: __cdecl wSimulationBlockDiff::wSimulationBlockDiff(class wSimulationBlockDiff const &),method,,wSimulationBlockDiff,wSimulationBlockDiff,class wSimulationBlockDiff const &,False,False,False,False,False,False,True
277,276,0x114,??0wSimulationBlockDiff@@QEAA@PEBVwSimulationBlockDiffDescriptor@@@Z,public: __cdecl wSimulationBlockDiff::wSimulationBlockDiff(class wSimulationBlockDiffDescriptor const *),method,,wSimulationBlockDiff,wSimulationBlockDiff,class wSimulationBlockDiffDescriptor const *,False,False,False,False,False,False,True
278,277,0x115,??0wSimulationBlockDiffDescriptor@@QEAA@$$QEAV0@@Z,public: __cdecl wSimulationBlockDiffDescriptor::wSimulationBlockDiffDescriptor(class wSimulationBlockDiffDescriptor &&),method,,wSimulationBlockDiffDescriptor,wSimulationBlockDiffDescriptor,class wSimulationBlockDiffDescriptor &&,False,False,False,False,False,False,True
279,278,0x116,??0wSimulationBlockDiffDescriptor@@QEAA@AEBV0@@Z,public: __cdecl wSimulationBlockDiffDescriptor::wSimulationBlockDiffDescriptor(class wSimulationBlockDiffDescriptor const &),method,,wSimulationBlockDiffDescriptor,wSimulationBlockDiffDescriptor,class wSimulationBlockDiffDescriptor const &,False,False,False,False,False,False,True
280,279,0x117,??0wSimulationBlockDiffDescriptor@@QEAA@XZ,public: __cdecl wSimulationBlockDiffDescriptor::wSimulationBlockDiffDescriptor(void),method,,wSimulationBlockDiffDescriptor,wSimulationBlockDiffDescriptor,void,False,False,False,False,False,False,True
281,280,0x118,??0wSimulationBlockDisc@@QEAA@$$QEAV0@@Z,public: __cdecl wSimulationBlockDisc::wSimulationBlockDisc(class wSimulationBlockDisc &&),method,,wSimulationBlockDisc,wSimulationBlockDisc,class wSimulationBlockDisc &&,False,False,False,False,False,False,True
282,281,0x119,??0wSimulationBlockDisc@@QEAA@AEBV0@@Z,public: __cdecl wSimulationBlockDisc::wSimulationBlockDisc(class wSimulationBlockDisc const &),method,,wSimulationBlockDisc,wSimulationBlockDisc,class wSimulationBlockDisc const &,False,False,False,False,False,False,True
283,282,0x11A,??0wSimulationBlockDisc@@QEAA@PEBVwSimulationBlockDiscDescriptor@@PEAVwSimulationSystem@@@Z,"public: __cdecl wSimulationBlockDisc::wSimulationBlockDisc(class wSimulationBlockDiscDescriptor const *, class wSimulationSystem *)",method,,wSimulationBlockDisc,wSimulationBlockDisc,"class wSimulationBlockDiscDescriptor const *, class wSimulationSystem *",False,False,False,False,False,False,True
284,283,0x11B,??0wSimulationBlockDiscDescriptor@@QEAA@$$QEAV0@@Z,public: __cdecl wSimulationBlockDiscDescriptor::wSimulationBlockDiscDescriptor(class wSimulationBlockDiscDescriptor &&),method,,wSimulationBlockDiscDescriptor,wSimulationBlockDiscDescriptor,class wSimulationBlockDiscDescriptor &&,False,False,False,False,False,False,True
285,284,0x11C,??0wSimulationBlockDiscDescriptor@@QEAA@AEBV0@@Z,public: __cdecl wSimulationBlockDiscDescriptor::wSimulationBlockDiscDescriptor(class wSimulationBlockDiscDescriptor const &),method,,wSimulationBlockDiscDescriptor,wSimulationBlockDiscDescriptor,class wSimulationBlockDiscDescriptor const &,False,False,False,False,False,False,True
286,285,0x11D,??0wSimulationBlockDiscDescriptor@@QEAA@XZ,public: __cdecl wSimulationBlockDiscDescriptor::wSimulationBlockDiscDescriptor(void),method,,wSimulationBlockDiscDescriptor,wSimulationBlockDiscDescriptor,void,False,False,False,False,False,False,True
287,286,0x11E,??0wSimulationBlockFactory@@QEAA@$$QEAV0@@Z,public: __cdecl wSimulationBlockFactory::wSimulationBlockFactory(class wSimulationBlockFactory &&),method,,wSimulationBlockFactory,wSimulationBlockFactory,class wSimulationBlockFactory &&,False,False,False,False,False,False,True
288,287,0x11F,??0wSimulationBlockFactory@@QEAA@AEBV0@@Z,public: __cdecl wSimulationBlockFactory::wSimulationBlockFactory(class wSimulationBlockFactory const &),method,,wSimulationBlockFactory,wSimulationBlockFactory,class wSimulationBlockFactory const &,False,False,False,False,False,False,True
289,288,0x120,??0wSimulationBlockFactory@@QEAA@XZ,public: __cdecl wSimulationBlockFactory::wSimulationBlockFactory(void),method,,wSimulationBlockFactory,wSimulationBlockFactory,void,False,False,False,False,False,False,True
290,289,0x121,??0wSimulationBlockStateless@@QEAA@$$QEAV0@@Z,public: __cdecl wSimulationBlockStateless::wSimulationBlockStateless(class wSimulationBlockStateless &&),method,,wSimulationBlockStateless,wSimulationBlockStateless,class wSimulationBlockStateless &&,False,False,False,False,False,False,True
291,290,0x122,??0wSimulationBlockStateless@@QEAA@AEBV0@@Z,public: __cdecl wSimulationBlockStateless::wSimulationBlockStateless(class wSimulationBlockStateless const &),method,,wSimulationBlockStateless,wSimulationBlockStateless,class wSimulationBlockStateless const &,False,False,False,False,False,False,True
292,291,0x123,??0wSimulationBlockStateless@@QEAA@PEBVwSimulationBlockStatelessDescriptor@@@Z,public: __cdecl wSimulationBlockStateless::wSimulationBlockStateless(class wSimulationBlockStatelessDescriptor const *),method,,wSimulationBlockStateless,wSimulationBlockStateless,class wSimulationBlockStatelessDescriptor const *,False,False,False,False,False,False,True
293,292,0x124,??0wSimulationBlockStatelessDescriptor@@QEAA@$$QEAV0@@Z,public: __cdecl wSimulationBlockStatelessDescriptor::wSimulationBlockStatelessDescriptor(class wSimulationBlockStatelessDescriptor &&),method,,wSimulationBlockStatelessDescriptor,wSimulationBlockStatelessDescriptor,class wSimulationBlockStatelessDescriptor &&,False,False,False,False,False,False,True
294,293,0x125,??0wSimulationBlockStatelessDescriptor@@QEAA@AEBV0@@Z,public: __cdecl wSimulationBlockStatelessDescriptor::wSimulationBlockStatelessDescriptor(class wSimulationBlockStatelessDescriptor const &),method,,wSimulationBlockStatelessDescriptor,wSimulationBlockStatelessDescriptor,class wSimulationBlockStatelessDescriptor const &,False,False,False,False,False,False,True
295,294,0x126,??0wSimulationBlockStatelessDescriptor@@QEAA@XZ,public: __cdecl wSimulationBlockStatelessDescriptor::wSimulationBlockStatelessDescriptor(void),method,,wSimulationBlockStatelessDescriptor,wSimulationBlockStatelessDescriptor,void,False,False,False,False,False,False,True
296,295,0x127,??0wSimulationLogger@@AEAA@XZ,private: __cdecl wSimulationLogger::wSimulationLogger(void),method,,wSimulationLogger,wSimulationLogger,void,False,False,False,False,False,False,True
297,296,0x128,??0wSimulationLogger@@QEAA@AEBV0@@Z,public: __cdecl wSimulationLogger::wSimulationLogger(class wSimulationLogger const &),method,,wSimulationLogger,wSimulationLogger,class wSimulationLogger const &,False,False,False,False,False,False,True
298,297,0x129,??0wSimulationSystem@@QEAA@PEBVwSimulationSystemScheme@@PEAVLoader@Lua@@PEAE@Z,"public: __cdecl wSimulationSystem::wSimulationSystem(class wSimulationSystemScheme const *, class Lua::Loader *, unsigned char *)",method,,wSimulationSystem,wSimulationSystem,"class wSimulationSystemScheme const *, class Lua::Loader *, unsigned char *",False,False,False,False,False,False,True
299,298,0x12A,??0wSimulationSystemScheme@@QEAA@AEBV0@@Z,public: __cdecl wSimulationSystemScheme::wSimulationSystemScheme(class wSimulationSystemScheme const &),method,,wSimulationSystemScheme,wSimulationSystemScheme,class wSimulationSystemScheme const &,False,False,False,False,False,False,True
300,299,0x12B,??0wSimulationSystemScheme@@QEAA@XZ,public: __cdecl wSimulationSystemScheme::wSimulationSystemScheme(void),method,,wSimulationSystemScheme,wSimulationSystemScheme,void,False,False,False,False,False,False,True
301,300,0x12C,??1?$wBlockAvgerageValDescriptor@H@@UEAA@XZ,public: virtual __cdecl wBlockAvgerageValDescriptor<int>::~wBlockAvgerageValDescriptor<int>(void),method,,wBlockAvgerageValDescriptor<int>,~wBlockAvgerageValDescriptor<int>,void,False,False,True,False,False,False,True
302,301,0x12D,??1?$wBlockAvgerageValDescriptor@N@@UEAA@XZ,public: virtual __cdecl wBlockAvgerageValDescriptor<double>::~wBlockAvgerageValDescriptor<double>(void),method,,wBlockAvgerageValDescriptor<double>,~wBlockAvgerageValDescriptor<double>,void,False,False,True,False,False,False,True
303,302,0x12E,??1?$wBlockAvgerageValDescriptor@V?$Vector@$02N@Math@@@@UEAA@XZ,"public: virtual __cdecl wBlockAvgerageValDescriptor<class Math::Vector<3, double>>::~wBlockAvgerageValDescriptor<class Math::Vector<3, double>>(void)",function,,,double>>,void,False,False,True,False,False,False,True
304,303,0x12F,??1?$wBlockDeltaCalcDesc@H@@UEAA@XZ,public: virtual __cdecl wBlockDeltaCalcDesc<int>::~wBlockDeltaCalcDesc<int>(void),method,,wBlockDeltaCalcDesc<int>,~wBlockDeltaCalcDesc<int>,void,False,False,True,False,False,False,True
305,304,0x130,??1?$wBlockDeltaCalcDesc@N@@UEAA@XZ,public: virtual __cdecl wBlockDeltaCalcDesc<double>::~wBlockDeltaCalcDesc<double>(void),method,,wBlockDeltaCalcDesc<double>,~wBlockDeltaCalcDesc<double>,void,False,False,True,False,False,False,True
306,305,0x131,??1?$wBlockDeltaCalcDesc@V?$Vector@$02N@Math@@@@UEAA@XZ,"public: virtual __cdecl wBlockDeltaCalcDesc<class Math::Vector<3, double>>::~wBlockDeltaCalcDesc<class Math::Vector<3, double>>(void)",function,,,double>>,void,False,False,True,False,False,False,True
307,306,0x132,??1?$wBlockI2O@HN@@UEAA@XZ,"public: virtual __cdecl wBlockI2O<int, double>::~wBlockI2O<int, double>(void)",function,,,double>,void,False,False,True,False,False,False,True
308,307,0x133,??1?$wBlockI2O@H_N@@UEAA@XZ,"public: virtual __cdecl wBlockI2O<int, bool>::~wBlockI2O<int, bool>(void)",function,,,bool>,void,False,False,True,False,False,False,True
309,308,0x134,??1?$wBlockI2O@N_N@@UEAA@XZ,"public: virtual __cdecl wBlockI2O<double, bool>::~wBlockI2O<double, bool>(void)",function,,,bool>,void,False,False,True,False,False,False,True
310,309,0x135,??1?$wBlockI2O@_NH@@UEAA@XZ,"public: virtual __cdecl wBlockI2O<bool, int>::~wBlockI2O<bool, int>(void)",function,,,int>,void,False,False,True,False,False,False,True
311,310,0x136,??1?$wBlockI2O@_NN@@UEAA@XZ,"public: virtual __cdecl wBlockI2O<bool, double>::~wBlockI2O<bool, double>(void)",function,,,double>,void,False,False,True,False,False,False,True
312,311,0x137,??1?$wBlockI2ODescriptor@HN@@UEAA@XZ,"public: virtual __cdecl wBlockI2ODescriptor<int, double>::~wBlockI2ODescriptor<int, double>(void)",function,,,double>,void,False,False,True,False,False,False,True
313,312,0x138,??1?$wBlockI2ODescriptor@H_N@@UEAA@XZ,"public: virtual __cdecl wBlockI2ODescriptor<int, bool>::~wBlockI2ODescriptor<int, bool>(void)",function,,,bool>,void,False,False,True,False,False,False,True
314,313,0x139,??1?$wBlockI2ODescriptor@N_N@@UEAA@XZ,"public: virtual __cdecl wBlockI2ODescriptor<double, bool>::~wBlockI2ODescriptor<double, bool>(void)",function,,,bool>,void,False,False,True,False,False,False,True
315,314,0x13A,??1?$wBlockI2ODescriptor@_NH@@UEAA@XZ,"public: virtual __cdecl wBlockI2ODescriptor<bool, int>::~wBlockI2ODescriptor<bool, int>(void)",function,,,int>,void,False,False,True,False,False,False,True
316,315,0x13B,??1?$wBlockI2ODescriptor@_NN@@UEAA@XZ,"public: virtual __cdecl wBlockI2ODescriptor<bool, double>::~wBlockI2ODescriptor<bool, double>(void)",function,,,double>,void,False,False,True,False,False,False,True
317,316,0x13C,??1?$wBlockIntegrator@N@@UEAA@XZ,public: virtual __cdecl wBlockIntegrator<double>::~wBlockIntegrator<double>(void),method,,wBlockIntegrator<double>,~wBlockIntegrator<double>,void,False,False,True,False,False,False,True
318,317,0x13D,??1?$wBlockIntegrator@V?$Vector@$02N@Math@@@@UEAA@XZ,"public: virtual __cdecl wBlockIntegrator<class Math::Vector<3, double>>::~wBlockIntegrator<class Math::Vector<3, double>>(void)",function,,,double>>,void,False,False,True,False,False,False,True
319,318,0x13E,??1?$wBlockIntegratorDescriptor@N@@UEAA@XZ,public: virtual __cdecl wBlockIntegratorDescriptor<double>::~wBlockIntegratorDescriptor<double>(void),method,,wBlockIntegratorDescriptor<double>,~wBlockIntegratorDescriptor<double>,void,False,False,True,False,False,False,True
320,319,0x13F,??1?$wBlockIntegratorDescriptor@V?$Vector@$02N@Math@@@@UEAA@XZ,"public: virtual __cdecl wBlockIntegratorDescriptor<class Math::Vector<3, double>>::~wBlockIntegratorDescriptor<class Math::Vector<3, double>>(void)",function,,,double>>,void,False,False,True,False,False,False,True
321,320,0x140,??1?$wBlockMaxValDescriptor@H@@UEAA@XZ,public: virtual __cdecl wBlockMaxValDescriptor<int>::~wBlockMaxValDescriptor<int>(void),method,,wBlockMaxValDescriptor<int>,~wBlockMaxValDescriptor<int>,void,False,False,True,False,False,False,True
322,321,0x141,??1?$wBlockMaxValDescriptor@N@@UEAA@XZ,public: virtual __cdecl wBlockMaxValDescriptor<double>::~wBlockMaxValDescriptor<double>(void),method,,wBlockMaxValDescriptor<double>,~wBlockMaxValDescriptor<double>,void,False,False,True,False,False,False,True
323,322,0x142,??1?$wBlockMaxValDescriptor@V?$Vector@$02N@Math@@@@UEAA@XZ,"public: virtual __cdecl wBlockMaxValDescriptor<class Math::Vector<3, double>>::~wBlockMaxValDescriptor<class Math::Vector<3, double>>(void)",function,,,double>>,void,False,False,True,False,False,False,True
324,323,0x143,??1?$wBlockMinValDescriptor@H@@UEAA@XZ,public: virtual __cdecl wBlockMinValDescriptor<int>::~wBlockMinValDescriptor<int>(void),method,,wBlockMinValDescriptor<int>,~wBlockMinValDescriptor<int>,void,False,False,True,False,False,False,True
325,324,0x144,??1?$wBlockMinValDescriptor@N@@UEAA@XZ,public: virtual __cdecl wBlockMinValDescriptor<double>::~wBlockMinValDescriptor<double>(void),method,,wBlockMinValDescriptor<double>,~wBlockMinValDescriptor<double>,void,False,False,True,False,False,False,True
326,325,0x145,??1?$wBlockMinValDescriptor@V?$Vector@$02N@Math@@@@UEAA@XZ,"public: virtual __cdecl wBlockMinValDescriptor<class Math::Vector<3, double>>::~wBlockMinValDescriptor<class Math::Vector<3, double>>(void)",function,,,double>>,void,False,False,True,False,False,False,True
327,326,0x146,??1?$wBlockP2WDesc@H@@UEAA@XZ,public: virtual __cdecl wBlockP2WDesc<int>::~wBlockP2WDesc<int>(void),method,,wBlockP2WDesc<int>,~wBlockP2WDesc<int>,void,False,False,True,False,False,False,True
328,327,0x147,??1?$wBlockP2WDesc@N@@UEAA@XZ,public: virtual __cdecl wBlockP2WDesc<double>::~wBlockP2WDesc<double>(void),method,,wBlockP2WDesc<double>,~wBlockP2WDesc<double>,void,False,False,True,False,False,False,True
329,328,0x148,??1?$wBlockP2WDesc@V?$Vector@$02N@Math@@@@UEAA@XZ,"public: virtual __cdecl wBlockP2WDesc<class Math::Vector<3, double>>::~wBlockP2WDesc<class Math::Vector<3, double>>(void)",function,,,double>>,void,False,False,True,False,False,False,True
330,329,0x149,??1?$wBlockP2WDesc@_N@@UEAA@XZ,public: virtual __cdecl wBlockP2WDesc<bool>::~wBlockP2WDesc<bool>(void),method,,wBlockP2WDesc<bool>,~wBlockP2WDesc<bool>,void,False,False,True,False,False,False,True
331,330,0x14A,??1?$wBlockRateCalcDesc@H@@UEAA@XZ,public: virtual __cdecl wBlockRateCalcDesc<int>::~wBlockRateCalcDesc<int>(void),method,,wBlockRateCalcDesc<int>,~wBlockRateCalcDesc<int>,void,False,False,True,False,False,False,True
332,331,0x14B,??1?$wBlockRateCalcDesc@N@@UEAA@XZ,public: virtual __cdecl wBlockRateCalcDesc<double>::~wBlockRateCalcDesc<double>(void),method,,wBlockRateCalcDesc<double>,~wBlockRateCalcDesc<double>,void,False,False,True,False,False,False,True
333,332,0x14C,??1?$wBlockRateCalcDesc@V?$Vector@$02N@Math@@@@UEAA@XZ,"public: virtual __cdecl wBlockRateCalcDesc<class Math::Vector<3, double>>::~wBlockRateCalcDesc<class Math::Vector<3, double>>(void)",function,,,double>>,void,False,False,True,False,False,False,True
334,333,0x14D,??1?$wBlockSummatorDescriptor@H@@UEAA@XZ,public: virtual __cdecl wBlockSummatorDescriptor<int>::~wBlockSummatorDescriptor<int>(void),method,,wBlockSummatorDescriptor<int>,~wBlockSummatorDescriptor<int>,void,False,False,True,False,False,False,True
335,334,0x14E,??1?$wBlockSummatorDescriptor@N@@UEAA@XZ,public: virtual __cdecl wBlockSummatorDescriptor<double>::~wBlockSummatorDescriptor<double>(void),method,,wBlockSummatorDescriptor<double>,~wBlockSummatorDescriptor<double>,void,False,False,True,False,False,False,True
336,335,0x14F,??1?$wBlockSummatorDescriptor@V?$Vector@$02N@Math@@@@UEAA@XZ,"public: virtual __cdecl wBlockSummatorDescriptor<class Math::Vector<3, double>>::~wBlockSummatorDescriptor<class Math::Vector<3, double>>(void)",function,,,double>>,void,False,False,True,False,False,False,True
337,336,0x150,??1FileLoader@Lua@@UEAA@XZ,public: virtual __cdecl Lua::FileLoader::~FileLoader(void),method,Lua,FileLoader,~FileLoader,void,False,False,True,False,False,False,True
338,337,0x151,??1InputOutputBlock@wSimulationSystemScheme@@UEAA@XZ,public: virtual __cdecl wSimulationSystemScheme::InputOutputBlock::~InputOutputBlock(void),method,wSimulationSystemScheme,InputOutputBlock,~InputOutputBlock,void,False,False,True,False,False,False,True
339,338,0x152,??1Loader@Lua@@UEAA@XZ,public: virtual __cdecl Lua::Loader::~Loader(void),method,Lua,Loader,~Loader,void,False,False,True,False,False,False,True
340,339,0x153,??1ParamsLoader@Lua@@UEAA@XZ,public: virtual __cdecl Lua::ParamsLoader::~ParamsLoader(void),method,Lua,ParamsLoader,~ParamsLoader,void,False,False,True,False,False,False,True
341,340,0x154,??1SpecialCommandsBlock@wSimulationSystemScheme@@UEAA@XZ,public: virtual __cdecl wSimulationSystemScheme::SpecialCommandsBlock::~SpecialCommandsBlock(void),method,wSimulationSystemScheme,SpecialCommandsBlock,~SpecialCommandsBlock,void,False,False,True,False,False,False,True
342,341,0x155,??1wBlockANDDescriptor@@UEAA@XZ,public: virtual __cdecl wBlockANDDescriptor::~wBlockANDDescriptor(void),method,,wBlockANDDescriptor,~wBlockANDDescriptor,void,False,False,True,False,False,False,True
343,342,0x156,??1wBlockANDtriggerDescriptor@@UEAA@XZ,public: virtual __cdecl wBlockANDtriggerDescriptor::~wBlockANDtriggerDescriptor(void),method,,wBlockANDtriggerDescriptor,~wBlockANDtriggerDescriptor,void,False,False,True,False,False,False,True
344,343,0x157,??1wBlockConstantsDescriptor@@UEAA@XZ,public: virtual __cdecl wBlockConstantsDescriptor::~wBlockConstantsDescriptor(void),method,,wBlockConstantsDescriptor,~wBlockConstantsDescriptor,void,False,False,True,False,False,False,True
345,344,0x158,??1wBlockDelayTriggerDescriptor@@UEAA@XZ,public: virtual __cdecl wBlockDelayTriggerDescriptor::~wBlockDelayTriggerDescriptor(void),method,,wBlockDelayTriggerDescriptor,~wBlockDelayTriggerDescriptor,void,False,False,True,False,False,False,True
346,345,0x159,??1wBlockDelayTriggerMultipleDescriptor@@UEAA@XZ,public: virtual __cdecl wBlockDelayTriggerMultipleDescriptor::~wBlockDelayTriggerMultipleDescriptor(void),method,,wBlockDelayTriggerMultipleDescriptor,~wBlockDelayTriggerMultipleDescriptor,void,False,False,True,False,False,False,True
347,346,0x15A,??1wBlockDelayTriggerWireDescriptor@@UEAA@XZ,public: virtual __cdecl wBlockDelayTriggerWireDescriptor::~wBlockDelayTriggerWireDescriptor(void),method,,wBlockDelayTriggerWireDescriptor,~wBlockDelayTriggerWireDescriptor,void,False,False,True,False,False,False,True
348,347,0x15B,??1wBlockDoubleToVec3dTriggerDescriptor@@UEAA@XZ,public: virtual __cdecl wBlockDoubleToVec3dTriggerDescriptor::~wBlockDoubleToVec3dTriggerDescriptor(void),method,,wBlockDoubleToVec3dTriggerDescriptor,~wBlockDoubleToVec3dTriggerDescriptor,void,False,False,True,False,False,False,True
349,348,0x15C,??1wBlockLogicalMultiinputDescriptor@@UEAA@XZ,public: virtual __cdecl wBlockLogicalMultiinputDescriptor::~wBlockLogicalMultiinputDescriptor(void),method,,wBlockLogicalMultiinputDescriptor,~wBlockLogicalMultiinputDescriptor,void,False,False,True,False,False,False,True
350,349,0x15D,??1wBlockLuaDescriptor@@UEAA@XZ,public: virtual __cdecl wBlockLuaDescriptor::~wBlockLuaDescriptor(void),method,,wBlockLuaDescriptor,~wBlockLuaDescriptor,void,False,False,True,False,False,False,True
351,350,0x15E,??1wBlockMultiplexDescriptor@@UEAA@XZ,public: virtual __cdecl wBlockMultiplexDescriptor::~wBlockMultiplexDescriptor(void),method,,wBlockMultiplexDescriptor,~wBlockMultiplexDescriptor,void,False,False,True,False,False,False,True
352,351,0x15F,??1wBlockNOTDescriptor@@UEAA@XZ,public: virtual __cdecl wBlockNOTDescriptor::~wBlockNOTDescriptor(void),method,,wBlockNOTDescriptor,~wBlockNOTDescriptor,void,False,False,True,False,False,False,True
353,352,0x160,??1wBlockNOTtriggerDescriptor@@UEAA@XZ,public: virtual __cdecl wBlockNOTtriggerDescriptor::~wBlockNOTtriggerDescriptor(void),method,,wBlockNOTtriggerDescriptor,~wBlockNOTtriggerDescriptor,void,False,False,True,False,False,False,True
354,353,0x161,??1wBlockORDescriptor@@UEAA@XZ,public: virtual __cdecl wBlockORDescriptor::~wBlockORDescriptor(void),method,,wBlockORDescriptor,~wBlockORDescriptor,void,False,False,True,False,False,False,True
355,354,0x162,??1wBlockORtriggerDescriptor@@UEAA@XZ,public: virtual __cdecl wBlockORtriggerDescriptor::~wBlockORtriggerDescriptor(void),method,,wBlockORtriggerDescriptor,~wBlockORtriggerDescriptor,void,False,False,True,False,False,False,True
356,355,0x163,??1wBlockOscilloscopeDescriptor@@UEAA@XZ,public: virtual __cdecl wBlockOscilloscopeDescriptor::~wBlockOscilloscopeDescriptor(void),method,,wBlockOscilloscopeDescriptor,~wBlockOscilloscopeDescriptor,void,False,False,True,False,False,False,True
357,356,0x164,??1wBlockSubsystemDescriptor@@UEAA@XZ,public: virtual __cdecl wBlockSubsystemDescriptor::~wBlockSubsystemDescriptor(void),method,,wBlockSubsystemDescriptor,~wBlockSubsystemDescriptor,void,False,False,True,False,False,False,True
358,357,0x165,??1wBlockVectorPicker@@UEAA@XZ,public: virtual __cdecl wBlockVectorPicker::~wBlockVectorPicker(void),method,,wBlockVectorPicker,~wBlockVectorPicker,void,False,False,True,False,False,False,True
359,358,0x166,??1wBlockVectorPickerDescriptor@@UEAA@XZ,public: virtual __cdecl wBlockVectorPickerDescriptor::~wBlockVectorPickerDescriptor(void),method,,wBlockVectorPickerDescriptor,~wBlockVectorPickerDescriptor,void,False,False,True,False,False,False,True
360,359,0x167,??1wBlockWireDeserializerDescriptor@@UEAA@XZ,public: virtual __cdecl wBlockWireDeserializerDescriptor::~wBlockWireDeserializerDescriptor(void),method,,wBlockWireDeserializerDescriptor,~wBlockWireDeserializerDescriptor,void,False,False,True,False,False,False,True
361,360,0x168,??1wBlockWireSerializerDescriptor@@UEAA@XZ,public: virtual __cdecl wBlockWireSerializerDescriptor::~wBlockWireSerializerDescriptor(void),method,,wBlockWireSerializerDescriptor,~wBlockWireSerializerDescriptor,void,False,False,True,False,False,False,True
362,361,0x169,??1wBlockWireToPortDescriptor@@UEAA@XZ,public: virtual __cdecl wBlockWireToPortDescriptor::~wBlockWireToPortDescriptor(void),method,,wBlockWireToPortDescriptor,~wBlockWireToPortDescriptor,void,False,False,True,False,False,False,True
363,362,0x16A,??1wSimulationBlock@@UEAA@XZ,public: virtual __cdecl wSimulationBlock::~wSimulationBlock(void),method,,wSimulationBlock,~wSimulationBlock,void,False,False,True,False,False,False,True
364,363,0x16B,??1wSimulationBlockDescriptor@@UEAA@XZ,public: virtual __cdecl wSimulationBlockDescriptor::~wSimulationBlockDescriptor(void),method,,wSimulationBlockDescriptor,~wSimulationBlockDescriptor,void,False,False,True,False,False,False,True
365,364,0x16C,??1wSimulationBlockDiff@@UEAA@XZ,public: virtual __cdecl wSimulationBlockDiff::~wSimulationBlockDiff(void),method,,wSimulationBlockDiff,~wSimulationBlockDiff,void,False,False,True,False,False,False,True
366,365,0x16D,??1wSimulationBlockDiffDescriptor@@UEAA@XZ,public: virtual __cdecl wSimulationBlockDiffDescriptor::~wSimulationBlockDiffDescriptor(void),method,,wSimulationBlockDiffDescriptor,~wSimulationBlockDiffDescriptor,void,False,False,True,False,False,False,True
367,366,0x16E,??1wSimulationBlockDisc@@UEAA@XZ,public: virtual __cdecl wSimulationBlockDisc::~wSimulationBlockDisc(void),method,,wSimulationBlockDisc,~wSimulationBlockDisc,void,False,False,True,False,False,False,True
368,367,0x16F,??1wSimulationBlockDiscDescriptor@@UEAA@XZ,public: virtual __cdecl wSimulationBlockDiscDescriptor::~wSimulationBlockDiscDescriptor(void),method,,wSimulationBlockDiscDescriptor,~wSimulationBlockDiscDescriptor,void,False,False,True,False,False,False,True
369,368,0x170,??1wSimulationBlockFactory@@QEAA@XZ,public: __cdecl wSimulationBlockFactory::~wSimulationBlockFactory(void),method,,wSimulationBlockFactory,~wSimulationBlockFactory,void,False,False,False,False,False,False,True
370,369,0x171,??1wSimulationBlockStateless@@UEAA@XZ,public: virtual __cdecl wSimulationBlockStateless::~wSimulationBlockStateless(void),method,,wSimulationBlockStateless,~wSimulationBlockStateless,void,False,False,True,False,False,False,True
371,370,0x172,??1wSimulationBlockStatelessDescriptor@@UEAA@XZ,public: virtual __cdecl wSimulationBlockStatelessDescriptor::~wSimulationBlockStatelessDescriptor(void),method,,wSimulationBlockStatelessDescriptor,~wSimulationBlockStatelessDescriptor,void,False,False,True,False,False,False,True
372,371,0x173,??1wSimulationLogger@@AEAA@XZ,private: __cdecl wSimulationLogger::~wSimulationLogger(void),method,,wSimulationLogger,~wSimulationLogger,void,False,False,False,False,False,False,True
373,372,0x174,??1wSimulationSystem@@UEAA@XZ,public: virtual __cdecl wSimulationSystem::~wSimulationSystem(void),method,,wSimulationSystem,~wSimulationSystem,void,False,False,True,False,False,False,True
374,373,0x175,??1wSimulationSystemScheme@@QEAA@XZ,public: __cdecl wSimulationSystemScheme::~wSimulationSystemScheme(void),method,,wSimulationSystemScheme,~wSimulationSystemScheme,void,False,False,False,False,False,False,True
375,374,0x176,??4?$wBlockAvgerageValDescriptor@H@@QEAAAEAV0@$$QEAV0@@Z,public: class wBlockAvgerageValDescriptor<int> & __cdecl wBlockAvgerageValDescriptor<int>::operator=(class wBlockAvgerageValDescriptor<int> &&),symbol,,,,,False,False,False,False,False,False,True
376,375,0x177,??4?$wBlockAvgerageValDescriptor@H@@QEAAAEAV0@AEBV0@@Z,public: class wBlockAvgerageValDescriptor<int> & __cdecl wBlockAvgerageValDescriptor<int>::operator=(class wBlockAvgerageValDescriptor<int> const &),symbol,,,,,False,False,False,False,False,False,True
377,376,0x178,??4?$wBlockAvgerageValDescriptor@N@@QEAAAEAV0@$$QEAV0@@Z,public: class wBlockAvgerageValDescriptor<double> & __cdecl wBlockAvgerageValDescriptor<double>::operator=(class wBlockAvgerageValDescriptor<double> &&),symbol,,,,,False,False,False,False,False,False,True
378,377,0x179,??4?$wBlockAvgerageValDescriptor@N@@QEAAAEAV0@AEBV0@@Z,public: class wBlockAvgerageValDescriptor<double> & __cdecl wBlockAvgerageValDescriptor<double>::operator=(class wBlockAvgerageValDescriptor<double> const &),symbol,,,,,False,False,False,False,False,False,True
379,378,0x17A,??4?$wBlockAvgerageValDescriptor@V?$Vector@$02N@Math@@@@QEAAAEAV0@$$QEAV0@@Z,"public: class wBlockAvgerageValDescriptor<class Math::Vector<3, double>> & __cdecl wBlockAvgerageValDescriptor<class Math::Vector<3, double>>::operator=(class wBlockAvgerageValDescriptor<class Math::Vector<3, double>> &&)",symbol,,,,,False,False,False,False,False,False,True
380,379,0x17B,??4?$wBlockAvgerageValDescriptor@V?$Vector@$02N@Math@@@@QEAAAEAV0@AEBV0@@Z,"public: class wBlockAvgerageValDescriptor<class Math::Vector<3, double>> & __cdecl wBlockAvgerageValDescriptor<class Math::Vector<3, double>>::operator=(class wBlockAvgerageValDescriptor<class Math::Vector<3, double>> const &)",symbol,,,,,False,False,False,False,False,False,True
381,380,0x17C,??4?$wBlockDeltaCalcDesc@H@@QEAAAEAV0@$$QEAV0@@Z,public: class wBlockDeltaCalcDesc<int> & __cdecl wBlockDeltaCalcDesc<int>::operator=(class wBlockDeltaCalcDesc<int> &&),symbol,,,,,False,False,False,False,False,False,True
382,381,0x17D,??4?$wBlockDeltaCalcDesc@H@@QEAAAEAV0@AEBV0@@Z,public: class wBlockDeltaCalcDesc<int> & __cdecl wBlockDeltaCalcDesc<int>::operator=(class wBlockDeltaCalcDesc<int> const &),symbol,,,,,False,False,False,False,False,False,True
383,382,0x17E,??4?$wBlockDeltaCalcDesc@N@@QEAAAEAV0@$$QEAV0@@Z,public: class wBlockDeltaCalcDesc<double> & __cdecl wBlockDeltaCalcDesc<double>::operator=(class wBlockDeltaCalcDesc<double> &&),symbol,,,,,False,False,False,False,False,False,True
384,383,0x17F,??4?$wBlockDeltaCalcDesc@N@@QEAAAEAV0@AEBV0@@Z,public: class wBlockDeltaCalcDesc<double> & __cdecl wBlockDeltaCalcDesc<double>::operator=(class wBlockDeltaCalcDesc<double> const &),symbol,,,,,False,False,False,False,False,False,True
385,384,0x180,??4?$wBlockDeltaCalcDesc@V?$Vector@$02N@Math@@@@QEAAAEAV0@$$QEAV0@@Z,"public: class wBlockDeltaCalcDesc<class Math::Vector<3, double>> & __cdecl wBlockDeltaCalcDesc<class Math::Vector<3, double>>::operator=(class wBlockDeltaCalcDesc<class Math::Vector<3, double>> &&)",symbol,,,,,False,False,False,False,False,False,True
386,385,0x181,??4?$wBlockDeltaCalcDesc@V?$Vector@$02N@Math@@@@QEAAAEAV0@AEBV0@@Z,"public: class wBlockDeltaCalcDesc<class Math::Vector<3, double>> & __cdecl wBlockDeltaCalcDesc<class Math::Vector<3, double>>::operator=(class wBlockDeltaCalcDesc<class Math::Vector<3, double>> const &)",symbol,,,,,False,False,False,False,False,False,True
387,386,0x182,??4?$wBlockI2O@HN@@QEAAAEAV0@$$QEAV0@@Z,"public: class wBlockI2O<int, double> & __cdecl wBlockI2O<int, double>::operator=(class wBlockI2O<int, double> &&)",symbol,,,,,False,False,False,False,False,False,True
388,387,0x183,??4?$wBlockI2O@HN@@QEAAAEAV0@AEBV0@@Z,"public: class wBlockI2O<int, double> & __cdecl wBlockI2O<int, double>::operator=(class wBlockI2O<int, double> const &)",symbol,,,,,False,False,False,False,False,False,True
389,388,0x184,??4?$wBlockI2O@H_N@@QEAAAEAV0@$$QEAV0@@Z,"public: class wBlockI2O<int, bool> & __cdecl wBlockI2O<int, bool>::operator=(class wBlockI2O<int, bool> &&)",symbol,,,,,False,False,False,False,False,False,True
390,389,0x185,??4?$wBlockI2O@H_N@@QEAAAEAV0@AEBV0@@Z,"public: class wBlockI2O<int, bool> & __cdecl wBlockI2O<int, bool>::operator=(class wBlockI2O<int, bool> const &)",symbol,,,,,False,False,False,False,False,False,True
391,390,0x186,??4?$wBlockI2O@N_N@@QEAAAEAV0@$$QEAV0@@Z,"public: class wBlockI2O<double, bool> & __cdecl wBlockI2O<double, bool>::operator=(class wBlockI2O<double, bool> &&)",symbol,,,,,False,False,False,False,False,False,True
392,391,0x187,??4?$wBlockI2O@N_N@@QEAAAEAV0@AEBV0@@Z,"public: class wBlockI2O<double, bool> & __cdecl wBlockI2O<double, bool>::operator=(class wBlockI2O<double, bool> const &)",symbol,,,,,False,False,False,False,False,False,True
393,392,0x188,??4?$wBlockI2O@_NH@@QEAAAEAV0@$$QEAV0@@Z,"public: class wBlockI2O<bool, int> & __cdecl wBlockI2O<bool, int>::operator=(class wBlockI2O<bool, int> &&)",symbol,,,,,False,False,False,False,False,False,True
394,393,0x189,??4?$wBlockI2O@_NH@@QEAAAEAV0@AEBV0@@Z,"public: class wBlockI2O<bool, int> & __cdecl wBlockI2O<bool, int>::operator=(class wBlockI2O<bool, int> const &)",symbol,,,,,False,False,False,False,False,False,True
395,394,0x18A,??4?$wBlockI2O@_NN@@QEAAAEAV0@$$QEAV0@@Z,"public: class wBlockI2O<bool, double> & __cdecl wBlockI2O<bool, double>::operator=(class wBlockI2O<bool, double> &&)",symbol,,,,,False,False,False,False,False,False,True
396,395,0x18B,??4?$wBlockI2O@_NN@@QEAAAEAV0@AEBV0@@Z,"public: class wBlockI2O<bool, double> & __cdecl wBlockI2O<bool, double>::operator=(class wBlockI2O<bool, double> const &)",symbol,,,,,False,False,False,False,False,False,True
397,396,0x18C,??4?$wBlockI2ODescriptor@HN@@QEAAAEAV0@$$QEAV0@@Z,"public: class wBlockI2ODescriptor<int, double> & __cdecl wBlockI2ODescriptor<int, double>::operator=(class wBlockI2ODescriptor<int, double> &&)",symbol,,,,,False,False,False,False,False,False,True
398,397,0x18D,??4?$wBlockI2ODescriptor@HN@@QEAAAEAV0@AEBV0@@Z,"public: class wBlockI2ODescriptor<int, double> & __cdecl wBlockI2ODescriptor<int, double>::operator=(class wBlockI2ODescriptor<int, double> const &)",symbol,,,,,False,False,False,False,False,False,True
399,398,0x18E,??4?$wBlockI2ODescriptor@H_N@@QEAAAEAV0@$$QEAV0@@Z,"public: class wBlockI2ODescriptor<int, bool> & __cdecl wBlockI2ODescriptor<int, bool>::operator=(class wBlockI2ODescriptor<int, bool> &&)",symbol,,,,,False,False,False,False,False,False,True
400,399,0x18F,??4?$wBlockI2ODescriptor@H_N@@QEAAAEAV0@AEBV0@@Z,"public: class wBlockI2ODescriptor<int, bool> & __cdecl wBlockI2ODescriptor<int, bool>::operator=(class wBlockI2ODescriptor<int, bool> const &)",symbol,,,,,False,False,False,False,False,False,True
401,400,0x190,??4?$wBlockI2ODescriptor@N_N@@QEAAAEAV0@$$QEAV0@@Z,"public: class wBlockI2ODescriptor<double, bool> & __cdecl wBlockI2ODescriptor<double, bool>::operator=(class wBlockI2ODescriptor<double, bool> &&)",symbol,,,,,False,False,False,False,False,False,True
402,401,0x191,??4?$wBlockI2ODescriptor@N_N@@QEAAAEAV0@AEBV0@@Z,"public: class wBlockI2ODescriptor<double, bool> & __cdecl wBlockI2ODescriptor<double, bool>::operator=(class wBlockI2ODescriptor<double, bool> const &)",symbol,,,,,False,False,False,False,False,False,True
403,402,0x192,??4?$wBlockI2ODescriptor@_NH@@QEAAAEAV0@$$QEAV0@@Z,"public: class wBlockI2ODescriptor<bool, int> & __cdecl wBlockI2ODescriptor<bool, int>::operator=(class wBlockI2ODescriptor<bool, int> &&)",symbol,,,,,False,False,False,False,False,False,True
404,403,0x193,??4?$wBlockI2ODescriptor@_NH@@QEAAAEAV0@AEBV0@@Z,"public: class wBlockI2ODescriptor<bool, int> & __cdecl wBlockI2ODescriptor<bool, int>::operator=(class wBlockI2ODescriptor<bool, int> const &)",symbol,,,,,False,False,False,False,False,False,True
405,404,0x194,??4?$wBlockI2ODescriptor@_NN@@QEAAAEAV0@$$QEAV0@@Z,"public: class wBlockI2ODescriptor<bool, double> & __cdecl wBlockI2ODescriptor<bool, double>::operator=(class wBlockI2ODescriptor<bool, double> &&)",symbol,,,,,False,False,False,False,False,False,True
406,405,0x195,??4?$wBlockI2ODescriptor@_NN@@QEAAAEAV0@AEBV0@@Z,"public: class wBlockI2ODescriptor<bool, double> & __cdecl wBlockI2ODescriptor<bool, double>::operator=(class wBlockI2ODescriptor<bool, double> const &)",symbol,,,,,False,False,False,False,False,False,True
407,406,0x196,??4?$wBlockIntegrator@N@@QEAAAEAV0@$$QEAV0@@Z,public: class wBlockIntegrator<double> & __cdecl wBlockIntegrator<double>::operator=(class wBlockIntegrator<double> &&),symbol,,,,,False,False,False,False,False,False,True
408,407,0x197,??4?$wBlockIntegrator@N@@QEAAAEAV0@AEBV0@@Z,public: class wBlockIntegrator<double> & __cdecl wBlockIntegrator<double>::operator=(class wBlockIntegrator<double> const &),symbol,,,,,False,False,False,False,False,False,True
409,408,0x198,??4?$wBlockIntegrator@V?$Vector@$02N@Math@@@@QEAAAEAV0@$$QEAV0@@Z,"public: class wBlockIntegrator<class Math::Vector<3, double>> & __cdecl wBlockIntegrator<class Math::Vector<3, double>>::operator=(class wBlockIntegrator<class Math::Vector<3, double>> &&)",symbol,,,,,False,False,False,False,False,False,True
410,409,0x199,??4?$wBlockIntegrator@V?$Vector@$02N@Math@@@@QEAAAEAV0@AEBV0@@Z,"public: class wBlockIntegrator<class Math::Vector<3, double>> & __cdecl wBlockIntegrator<class Math::Vector<3, double>>::operator=(class wBlockIntegrator<class Math::Vector<3, double>> const &)",symbol,,,,,False,False,False,False,False,False,True
411,410,0x19A,??4?$wBlockIntegratorDescriptor@N@@QEAAAEAV0@$$QEAV0@@Z,public: class wBlockIntegratorDescriptor<double> & __cdecl wBlockIntegratorDescriptor<double>::operator=(class wBlockIntegratorDescriptor<double> &&),symbol,,,,,False,False,False,False,False,False,True
412,411,0x19B,??4?$wBlockIntegratorDescriptor@N@@QEAAAEAV0@AEBV0@@Z,public: class wBlockIntegratorDescriptor<double> & __cdecl wBlockIntegratorDescriptor<double>::operator=(class wBlockIntegratorDescriptor<double> const &),symbol,,,,,False,False,False,False,False,False,True
413,412,0x19C,??4?$wBlockIntegratorDescriptor@V?$Vector@$02N@Math@@@@QEAAAEAV0@$$QEAV0@@Z,"public: class wBlockIntegratorDescriptor<class Math::Vector<3, double>> & __cdecl wBlockIntegratorDescriptor<class Math::Vector<3, double>>::operator=(class wBlockIntegratorDescriptor<class Math::Vector<3, double>> &&)",symbol,,,,,False,False,False,False,False,False,True
414,413,0x19D,??4?$wBlockIntegratorDescriptor@V?$Vector@$02N@Math@@@@QEAAAEAV0@AEBV0@@Z,"public: class wBlockIntegratorDescriptor<class Math::Vector<3, double>> & __cdecl wBlockIntegratorDescriptor<class Math::Vector<3, double>>::operator=(class wBlockIntegratorDescriptor<class Math::Vector<3, double>> const &)",symbol,,,,,False,False,False,False,False,False,True
415,414,0x19E,??4?$wBlockMaxValDescriptor@H@@QEAAAEAV0@$$QEAV0@@Z,public: class wBlockMaxValDescriptor<int> & __cdecl wBlockMaxValDescriptor<int>::operator=(class wBlockMaxValDescriptor<int> &&),symbol,,,,,False,False,False,False,False,False,True
416,415,0x19F,??4?$wBlockMaxValDescriptor@H@@QEAAAEAV0@AEBV0@@Z,public: class wBlockMaxValDescriptor<int> & __cdecl wBlockMaxValDescriptor<int>::operator=(class wBlockMaxValDescriptor<int> const &),symbol,,,,,False,False,False,False,False,False,True
417,416,0x1A0,??4?$wBlockMaxValDescriptor@N@@QEAAAEAV0@$$QEAV0@@Z,public: class wBlockMaxValDescriptor<double> & __cdecl wBlockMaxValDescriptor<double>::operator=(class wBlockMaxValDescriptor<double> &&),symbol,,,,,False,False,False,False,False,False,True
418,417,0x1A1,??4?$wBlockMaxValDescriptor@N@@QEAAAEAV0@AEBV0@@Z,public: class wBlockMaxValDescriptor<double> & __cdecl wBlockMaxValDescriptor<double>::operator=(class wBlockMaxValDescriptor<double> const &),symbol,,,,,False,False,False,False,False,False,True
419,418,0x1A2,??4?$wBlockMaxValDescriptor@V?$Vector@$02N@Math@@@@QEAAAEAV0@$$QEAV0@@Z,"public: class wBlockMaxValDescriptor<class Math::Vector<3, double>> & __cdecl wBlockMaxValDescriptor<class Math::Vector<3, double>>::operator=(class wBlockMaxValDescriptor<class Math::Vector<3, double>> &&)",symbol,,,,,False,False,False,False,False,False,True
420,419,0x1A3,??4?$wBlockMaxValDescriptor@V?$Vector@$02N@Math@@@@QEAAAEAV0@AEBV0@@Z,"public: class wBlockMaxValDescriptor<class Math::Vector<3, double>> & __cdecl wBlockMaxValDescriptor<class Math::Vector<3, double>>::operator=(class wBlockMaxValDescriptor<class Math::Vector<3, double>> const &)",symbol,,,,,False,False,False,False,False,False,True
421,420,0x1A4,??4?$wBlockMinValDescriptor@H@@QEAAAEAV0@$$QEAV0@@Z,public: class wBlockMinValDescriptor<int> & __cdecl wBlockMinValDescriptor<int>::operator=(class wBlockMinValDescriptor<int> &&),symbol,,,,,False,False,False,False,False,False,True
422,421,0x1A5,??4?$wBlockMinValDescriptor@H@@QEAAAEAV0@AEBV0@@Z,public: class wBlockMinValDescriptor<int> & __cdecl wBlockMinValDescriptor<int>::operator=(class wBlockMinValDescriptor<int> const &),symbol,,,,,False,False,False,False,False,False,True
423,422,0x1A6,??4?$wBlockMinValDescriptor@N@@QEAAAEAV0@$$QEAV0@@Z,public: class wBlockMinValDescriptor<double> & __cdecl wBlockMinValDescriptor<double>::operator=(class wBlockMinValDescriptor<double> &&),symbol,,,,,False,False,False,False,False,False,True
424,423,0x1A7,??4?$wBlockMinValDescriptor@N@@QEAAAEAV0@AEBV0@@Z,public: class wBlockMinValDescriptor<double> & __cdecl wBlockMinValDescriptor<double>::operator=(class wBlockMinValDescriptor<double> const &),symbol,,,,,False,False,False,False,False,False,True
425,424,0x1A8,??4?$wBlockMinValDescriptor@V?$Vector@$02N@Math@@@@QEAAAEAV0@$$QEAV0@@Z,"public: class wBlockMinValDescriptor<class Math::Vector<3, double>> & __cdecl wBlockMinValDescriptor<class Math::Vector<3, double>>::operator=(class wBlockMinValDescriptor<class Math::Vector<3, double>> &&)",symbol,,,,,False,False,False,False,False,False,True
426,425,0x1A9,??4?$wBlockMinValDescriptor@V?$Vector@$02N@Math@@@@QEAAAEAV0@AEBV0@@Z,"public: class wBlockMinValDescriptor<class Math::Vector<3, double>> & __cdecl wBlockMinValDescriptor<class Math::Vector<3, double>>::operator=(class wBlockMinValDescriptor<class Math::Vector<3, double>> const &)",symbol,,,,,False,False,False,False,False,False,True
427,426,0x1AA,??4?$wBlockP2WDesc@H@@QEAAAEAV0@$$QEAV0@@Z,public: class wBlockP2WDesc<int> & __cdecl wBlockP2WDesc<int>::operator=(class wBlockP2WDesc<int> &&),symbol,,,,,False,False,False,False,False,False,True
428,427,0x1AB,??4?$wBlockP2WDesc@H@@QEAAAEAV0@AEBV0@@Z,public: class wBlockP2WDesc<int> & __cdecl wBlockP2WDesc<int>::operator=(class wBlockP2WDesc<int> const &),symbol,,,,,False,False,False,False,False,False,True
429,428,0x1AC,??4?$wBlockP2WDesc@N@@QEAAAEAV0@$$QEAV0@@Z,public: class wBlockP2WDesc<double> & __cdecl wBlockP2WDesc<double>::operator=(class wBlockP2WDesc<double> &&),symbol,,,,,False,False,False,False,False,False,True
430,429,0x1AD,??4?$wBlockP2WDesc@N@@QEAAAEAV0@AEBV0@@Z,public: class wBlockP2WDesc<double> & __cdecl wBlockP2WDesc<double>::operator=(class wBlockP2WDesc<double> const &),symbol,,,,,False,False,False,False,False,False,True
431,430,0x1AE,??4?$wBlockP2WDesc@V?$Vector@$02N@Math@@@@QEAAAEAV0@$$QEAV0@@Z,"public: class wBlockP2WDesc<class Math::Vector<3, double>> & __cdecl wBlockP2WDesc<class Math::Vector<3, double>>::operator=(class wBlockP2WDesc<class Math::Vector<3, double>> &&)",symbol,,,,,False,False,False,False,False,False,True
432,431,0x1AF,??4?$wBlockP2WDesc@V?$Vector@$02N@Math@@@@QEAAAEAV0@AEBV0@@Z,"public: class wBlockP2WDesc<class Math::Vector<3, double>> & __cdecl wBlockP2WDesc<class Math::Vector<3, double>>::operator=(class wBlockP2WDesc<class Math::Vector<3, double>> const &)",symbol,,,,,False,False,False,False,False,False,True
433,432,0x1B0,??4?$wBlockP2WDesc@_N@@QEAAAEAV0@$$QEAV0@@Z,public: class wBlockP2WDesc<bool> & __cdecl wBlockP2WDesc<bool>::operator=(class wBlockP2WDesc<bool> &&),symbol,,,,,False,False,False,False,False,False,True
434,433,0x1B1,??4?$wBlockP2WDesc@_N@@QEAAAEAV0@AEBV0@@Z,public: class wBlockP2WDesc<bool> & __cdecl wBlockP2WDesc<bool>::operator=(class wBlockP2WDesc<bool> const &),symbol,,,,,False,False,False,False,False,False,True
435,434,0x1B2,??4?$wBlockRateCalcDesc@H@@QEAAAEAV0@$$QEAV0@@Z,public: class wBlockRateCalcDesc<int> & __cdecl wBlockRateCalcDesc<int>::operator=(class wBlockRateCalcDesc<int> &&),symbol,,,,,False,False,False,False,False,False,True
436,435,0x1B3,??4?$wBlockRateCalcDesc@H@@QEAAAEAV0@AEBV0@@Z,public: class wBlockRateCalcDesc<int> & __cdecl wBlockRateCalcDesc<int>::operator=(class wBlockRateCalcDesc<int> const &),symbol,,,,,False,False,False,False,False,False,True
437,436,0x1B4,??4?$wBlockRateCalcDesc@N@@QEAAAEAV0@$$QEAV0@@Z,public: class wBlockRateCalcDesc<double> & __cdecl wBlockRateCalcDesc<double>::operator=(class wBlockRateCalcDesc<double> &&),symbol,,,,,False,False,False,False,False,False,True
438,437,0x1B5,??4?$wBlockRateCalcDesc@N@@QEAAAEAV0@AEBV0@@Z,public: class wBlockRateCalcDesc<double> & __cdecl wBlockRateCalcDesc<double>::operator=(class wBlockRateCalcDesc<double> const &),symbol,,,,,False,False,False,False,False,False,True
439,438,0x1B6,??4?$wBlockRateCalcDesc@V?$Vector@$02N@Math@@@@QEAAAEAV0@$$QEAV0@@Z,"public: class wBlockRateCalcDesc<class Math::Vector<3, double>> & __cdecl wBlockRateCalcDesc<class Math::Vector<3, double>>::operator=(class wBlockRateCalcDesc<class Math::Vector<3, double>> &&)",symbol,,,,,False,False,False,False,False,False,True
440,439,0x1B7,??4?$wBlockRateCalcDesc@V?$Vector@$02N@Math@@@@QEAAAEAV0@AEBV0@@Z,"public: class wBlockRateCalcDesc<class Math::Vector<3, double>> & __cdecl wBlockRateCalcDesc<class Math::Vector<3, double>>::operator=(class wBlockRateCalcDesc<class Math::Vector<3, double>> const &)",symbol,,,,,False,False,False,False,False,False,True
441,440,0x1B8,??4?$wBlockSummatorDescriptor@H@@QEAAAEAV0@$$QEAV0@@Z,public: class wBlockSummatorDescriptor<int> & __cdecl wBlockSummatorDescriptor<int>::operator=(class wBlockSummatorDescriptor<int> &&),symbol,,,,,False,False,False,False,False,False,True
442,441,0x1B9,??4?$wBlockSummatorDescriptor@H@@QEAAAEAV0@AEBV0@@Z,public: class wBlockSummatorDescriptor<int> & __cdecl wBlockSummatorDescriptor<int>::operator=(class wBlockSummatorDescriptor<int> const &),symbol,,,,,False,False,False,False,False,False,True
443,442,0x1BA,??4?$wBlockSummatorDescriptor@N@@QEAAAEAV0@$$QEAV0@@Z,public: class wBlockSummatorDescriptor<double> & __cdecl wBlockSummatorDescriptor<double>::operator=(class wBlockSummatorDescriptor<double> &&),symbol,,,,,False,False,False,False,False,False,True
444,443,0x1BB,??4?$wBlockSummatorDescriptor@N@@QEAAAEAV0@AEBV0@@Z,public: class wBlockSummatorDescriptor<double> & __cdecl wBlockSummatorDescriptor<double>::operator=(class wBlockSummatorDescriptor<double> const &),symbol,,,,,False,False,False,False,False,False,True
445,444,0x1BC,??4?$wBlockSummatorDescriptor@V?$Vector@$02N@Math@@@@QEAAAEAV0@$$QEAV0@@Z,"public: class wBlockSummatorDescriptor<class Math::Vector<3, double>> & __cdecl wBlockSummatorDescriptor<class Math::Vector<3, double>>::operator=(class wBlockSummatorDescriptor<class Math::Vector<3, double>> &&)",symbol,,,,,False,False,False,False,False,False,True
446,445,0x1BD,??4?$wBlockSummatorDescriptor@V?$Vector@$02N@Math@@@@QEAAAEAV0@AEBV0@@Z,"public: class wBlockSummatorDescriptor<class Math::Vector<3, double>> & __cdecl wBlockSummatorDescriptor<class Math::Vector<3, double>>::operator=(class wBlockSummatorDescriptor<class Math::Vector<3, double>> const &)",symbol,,,,,False,False,False,False,False,False,True
447,446,0x1BE,??4InputOutputBlock@wSimulationSystemScheme@@QEAAAEAV01@$$QEAV01@@Z,public: class wSimulationSystemScheme::InputOutputBlock & __cdecl wSimulationSystemScheme::InputOutputBlock::operator=(class wSimulationSystemScheme::InputOutputBlock &&),symbol,,,,,False,False,False,False,False,False,True
448,447,0x1BF,??4InputOutputBlock@wSimulationSystemScheme@@QEAAAEAV01@AEBV01@@Z,public: class wSimulationSystemScheme::InputOutputBlock & __cdecl wSimulationSystemScheme::InputOutputBlock::operator=(class wSimulationSystemScheme::InputOutputBlock const &),symbol,,,,,False,False,False,False,False,False,True
449,448,0x1C0,??4SpecialCommandsBlock@wSimulationSystemScheme@@QEAAAEAV01@$$QEAV01@@Z,public: class wSimulationSystemScheme::SpecialCommandsBlock & __cdecl wSimulationSystemScheme::SpecialCommandsBlock::operator=(class wSimulationSystemScheme::SpecialCommandsBlock &&),symbol,,,,,False,False,False,False,False,False,True
450,449,0x1C1,??4SpecialCommandsBlock@wSimulationSystemScheme@@QEAAAEAV01@AEBV01@@Z,public: class wSimulationSystemScheme::SpecialCommandsBlock & __cdecl wSimulationSystemScheme::SpecialCommandsBlock::operator=(class wSimulationSystemScheme::SpecialCommandsBlock const &),symbol,,,,,False,False,False,False,False,False,True
451,450,0x1C2,??4wBlockANDDescriptor@@QEAAAEAV0@$$QEAV0@@Z,public: class wBlockANDDescriptor & __cdecl wBlockANDDescriptor::operator=(class wBlockANDDescriptor &&),symbol,,,,,False,False,False,False,False,False,True
452,451,0x1C3,??4wBlockANDDescriptor@@QEAAAEAV0@AEBV0@@Z,public: class wBlockANDDescriptor & __cdecl wBlockANDDescriptor::operator=(class wBlockANDDescriptor const &),symbol,,,,,False,False,False,False,False,False,True
453,452,0x1C4,??4wBlockANDtriggerDescriptor@@QEAAAEAV0@$$QEAV0@@Z,public: class wBlockANDtriggerDescriptor & __cdecl wBlockANDtriggerDescriptor::operator=(class wBlockANDtriggerDescriptor &&),symbol,,,,,False,False,False,False,False,False,True
454,453,0x1C5,??4wBlockANDtriggerDescriptor@@QEAAAEAV0@AEBV0@@Z,public: class wBlockANDtriggerDescriptor & __cdecl wBlockANDtriggerDescriptor::operator=(class wBlockANDtriggerDescriptor const &),symbol,,,,,False,False,False,False,False,False,True
455,454,0x1C6,??4wBlockConstantsDescriptor@@QEAAAEAV0@AEBV0@@Z,public: class wBlockConstantsDescriptor & __cdecl wBlockConstantsDescriptor::operator=(class wBlockConstantsDescriptor const &),symbol,,,,,False,False,False,False,False,False,True
456,455,0x1C7,??4wBlockDelayTriggerDescriptor@@QEAAAEAV0@$$QEAV0@@Z,public: class wBlockDelayTriggerDescriptor & __cdecl wBlockDelayTriggerDescriptor::operator=(class wBlockDelayTriggerDescriptor &&),symbol,,,,,False,False,False,False,False,False,True
457,456,0x1C8,??4wBlockDelayTriggerDescriptor@@QEAAAEAV0@AEBV0@@Z,public: class wBlockDelayTriggerDescriptor & __cdecl wBlockDelayTriggerDescriptor::operator=(class wBlockDelayTriggerDescriptor const &),symbol,,,,,False,False,False,False,False,False,True
458,457,0x1C9,??4wBlockDelayTriggerMultipleDescriptor@@QEAAAEAV0@$$QEAV0@@Z,public: class wBlockDelayTriggerMultipleDescriptor & __cdecl wBlockDelayTriggerMultipleDescriptor::operator=(class wBlockDelayTriggerMultipleDescriptor &&),symbol,,,,,False,False,False,False,False,False,True
459,458,0x1CA,??4wBlockDelayTriggerMultipleDescriptor@@QEAAAEAV0@AEBV0@@Z,public: class wBlockDelayTriggerMultipleDescriptor & __cdecl wBlockDelayTriggerMultipleDescriptor::operator=(class wBlockDelayTriggerMultipleDescriptor const &),symbol,,,,,False,False,False,False,False,False,True
460,459,0x1CB,??4wBlockDelayTriggerWireDescriptor@@QEAAAEAV0@$$QEAV0@@Z,public: class wBlockDelayTriggerWireDescriptor & __cdecl wBlockDelayTriggerWireDescriptor::operator=(class wBlockDelayTriggerWireDescriptor &&),symbol,,,,,False,False,False,False,False,False,True
461,460,0x1CC,??4wBlockDelayTriggerWireDescriptor@@QEAAAEAV0@AEBV0@@Z,public: class wBlockDelayTriggerWireDescriptor & __cdecl wBlockDelayTriggerWireDescriptor::operator=(class wBlockDelayTriggerWireDescriptor const &),symbol,,,,,False,False,False,False,False,False,True
462,461,0x1CD,??4wBlockDoubleToVec3dTriggerDescriptor@@QEAAAEAV0@$$QEAV0@@Z,public: class wBlockDoubleToVec3dTriggerDescriptor & __cdecl wBlockDoubleToVec3dTriggerDescriptor::operator=(class wBlockDoubleToVec3dTriggerDescriptor &&),symbol,,,,,False,False,False,False,False,False,True
463,462,0x1CE,??4wBlockDoubleToVec3dTriggerDescriptor@@QEAAAEAV0@AEBV0@@Z,public: class wBlockDoubleToVec3dTriggerDescriptor & __cdecl wBlockDoubleToVec3dTriggerDescriptor::operator=(class wBlockDoubleToVec3dTriggerDescriptor const &),symbol,,,,,False,False,False,False,False,False,True
464,463,0x1CF,??4wBlockLogicalMultiinputDescriptor@@QEAAAEAV0@$$QEAV0@@Z,public: class wBlockLogicalMultiinputDescriptor & __cdecl wBlockLogicalMultiinputDescriptor::operator=(class wBlockLogicalMultiinputDescriptor &&),symbol,,,,,False,False,False,False,False,False,True
465,464,0x1D0,??4wBlockLogicalMultiinputDescriptor@@QEAAAEAV0@AEBV0@@Z,public: class wBlockLogicalMultiinputDescriptor & __cdecl wBlockLogicalMultiinputDescriptor::operator=(class wBlockLogicalMultiinputDescriptor const &),symbol,,,,,False,False,False,False,False,False,True
466,465,0x1D1,??4wBlockLuaDescriptor@@QEAAAEAV0@AEBV0@@Z,public: class wBlockLuaDescriptor & __cdecl wBlockLuaDescriptor::operator=(class wBlockLuaDescriptor const &),symbol,,,,,False,False,False,False,False,False,True
467,466,0x1D2,??4wBlockMultiplexDescriptor@@QEAAAEAV0@$$QEAV0@@Z,public: class wBlockMultiplexDescriptor & __cdecl wBlockMultiplexDescriptor::operator=(class wBlockMultiplexDescriptor &&),symbol,,,,,False,False,False,False,False,False,True
468,467,0x1D3,??4wBlockMultiplexDescriptor@@QEAAAEAV0@AEBV0@@Z,public: class wBlockMultiplexDescriptor & __cdecl wBlockMultiplexDescriptor::operator=(class wBlockMultiplexDescriptor const &),symbol,,,,,False,False,False,False,False,False,True
469,468,0x1D4,??4wBlockNOTDescriptor@@QEAAAEAV0@$$QEAV0@@Z,public: class wBlockNOTDescriptor & __cdecl wBlockNOTDescriptor::operator=(class wBlockNOTDescriptor &&),symbol,,,,,False,False,False,False,False,False,True
470,469,0x1D5,??4wBlockNOTDescriptor@@QEAAAEAV0@AEBV0@@Z,public: class wBlockNOTDescriptor & __cdecl wBlockNOTDescriptor::operator=(class wBlockNOTDescriptor const &),symbol,,,,,False,False,False,False,False,False,True
471,470,0x1D6,??4wBlockNOTtriggerDescriptor@@QEAAAEAV0@$$QEAV0@@Z,public: class wBlockNOTtriggerDescriptor & __cdecl wBlockNOTtriggerDescriptor::operator=(class wBlockNOTtriggerDescriptor &&),symbol,,,,,False,False,False,False,False,False,True
472,471,0x1D7,??4wBlockNOTtriggerDescriptor@@QEAAAEAV0@AEBV0@@Z,public: class wBlockNOTtriggerDescriptor & __cdecl wBlockNOTtriggerDescriptor::operator=(class wBlockNOTtriggerDescriptor const &),symbol,,,,,False,False,False,False,False,False,True
473,472,0x1D8,??4wBlockORDescriptor@@QEAAAEAV0@$$QEAV0@@Z,public: class wBlockORDescriptor & __cdecl wBlockORDescriptor::operator=(class wBlockORDescriptor &&),symbol,,,,,False,False,False,False,False,False,True
474,473,0x1D9,??4wBlockORDescriptor@@QEAAAEAV0@AEBV0@@Z,public: class wBlockORDescriptor & __cdecl wBlockORDescriptor::operator=(class wBlockORDescriptor const &),symbol,,,,,False,False,False,False,False,False,True
475,474,0x1DA,??4wBlockORtriggerDescriptor@@QEAAAEAV0@$$QEAV0@@Z,public: class wBlockORtriggerDescriptor & __cdecl wBlockORtriggerDescriptor::operator=(class wBlockORtriggerDescriptor &&),symbol,,,,,False,False,False,False,False,False,True
476,475,0x1DB,??4wBlockORtriggerDescriptor@@QEAAAEAV0@AEBV0@@Z,public: class wBlockORtriggerDescriptor & __cdecl wBlockORtriggerDescriptor::operator=(class wBlockORtriggerDescriptor const &),symbol,,,,,False,False,False,False,False,False,True
477,476,0x1DC,??4wBlockOscilloscopeDescriptor@@QEAAAEAV0@$$QEAV0@@Z,public: class wBlockOscilloscopeDescriptor & __cdecl wBlockOscilloscopeDescriptor::operator=(class wBlockOscilloscopeDescriptor &&),symbol,,,,,False,False,False,False,False,False,True
478,477,0x1DD,??4wBlockOscilloscopeDescriptor@@QEAAAEAV0@AEBV0@@Z,public: class wBlockOscilloscopeDescriptor & __cdecl wBlockOscilloscopeDescriptor::operator=(class wBlockOscilloscopeDescriptor const &),symbol,,,,,False,False,False,False,False,False,True
479,478,0x1DE,??4wBlockSubsystemDescriptor@@QEAAAEAV0@$$QEAV0@@Z,public: class wBlockSubsystemDescriptor & __cdecl wBlockSubsystemDescriptor::operator=(class wBlockSubsystemDescriptor &&),symbol,,,,,False,False,False,False,False,False,True
480,479,0x1DF,??4wBlockSubsystemDescriptor@@QEAAAEAV0@AEBV0@@Z,public: class wBlockSubsystemDescriptor & __cdecl wBlockSubsystemDescriptor::operator=(class wBlockSubsystemDescriptor const &),symbol,,,,,False,False,False,False,False,False,True
481,480,0x1E0,??4wBlockVectorPicker@@QEAAAEAV0@$$QEAV0@@Z,public: class wBlockVectorPicker & __cdecl wBlockVectorPicker::operator=(class wBlockVectorPicker &&),symbol,,,,,False,False,False,False,False,False,True
482,481,0x1E1,??4wBlockVectorPicker@@QEAAAEAV0@AEBV0@@Z,public: class wBlockVectorPicker & __cdecl wBlockVectorPicker::operator=(class wBlockVectorPicker const &),symbol,,,,,False,False,False,False,False,False,True
483,482,0x1E2,??4wBlockVectorPickerDescriptor@@QEAAAEAV0@$$QEAV0@@Z,public: class wBlockVectorPickerDescriptor & __cdecl wBlockVectorPickerDescriptor::operator=(class wBlockVectorPickerDescriptor &&),symbol,,,,,False,False,False,False,False,False,True
484,483,0x1E3,??4wBlockVectorPickerDescriptor@@QEAAAEAV0@AEBV0@@Z,public: class wBlockVectorPickerDescriptor & __cdecl wBlockVectorPickerDescriptor::operator=(class wBlockVectorPickerDescriptor const &),symbol,,,,,False,False,False,False,False,False,True
485,484,0x1E4,??4wBlockWireDeserializerDescriptor@@QEAAAEAV0@AEBV0@@Z,public: class wBlockWireDeserializerDescriptor & __cdecl wBlockWireDeserializerDescriptor::operator=(class wBlockWireDeserializerDescriptor const &),symbol,,,,,False,False,False,False,False,False,True
486,485,0x1E5,??4wBlockWireSerializerDescriptor@@QEAAAEAV0@AEBV0@@Z,public: class wBlockWireSerializerDescriptor & __cdecl wBlockWireSerializerDescriptor::operator=(class wBlockWireSerializerDescriptor const &),symbol,,,,,False,False,False,False,False,False,True
487,486,0x1E6,??4wBlockWireToPortDescriptor@@QEAAAEAV0@$$QEAV0@@Z,public: class wBlockWireToPortDescriptor & __cdecl wBlockWireToPortDescriptor::operator=(class wBlockWireToPortDescriptor &&),symbol,,,,,False,False,False,False,False,False,True
488,487,0x1E7,??4wBlockWireToPortDescriptor@@QEAAAEAV0@AEBV0@@Z,public: class wBlockWireToPortDescriptor & __cdecl wBlockWireToPortDescriptor::operator=(class wBlockWireToPortDescriptor const &),symbol,,,,,False,False,False,False,False,False,True
489,488,0x1E8,??4wSimulationBlock@@QEAAAEAV0@AEBV0@@Z,public: class wSimulationBlock & __cdecl wSimulationBlock::operator=(class wSimulationBlock const &),symbol,,,,,False,False,False,False,False,False,True
490,489,0x1E9,??4wSimulationBlockDescriptor@@QEAAAEAV0@AEBV0@@Z,public: class wSimulationBlockDescriptor & __cdecl wSimulationBlockDescriptor::operator=(class wSimulationBlockDescriptor const &),symbol,,,,,False,False,False,False,False,False,True
491,490,0x1EA,??4wSimulationBlockDiff@@QEAAAEAV0@$$QEAV0@@Z,public: class wSimulationBlockDiff & __cdecl wSimulationBlockDiff::operator=(class wSimulationBlockDiff &&),symbol,,,,,False,False,False,False,False,False,True
492,491,0x1EB,??4wSimulationBlockDiff@@QEAAAEAV0@AEBV0@@Z,public: class wSimulationBlockDiff & __cdecl wSimulationBlockDiff::operator=(class wSimulationBlockDiff const &),symbol,,,,,False,False,False,False,False,False,True
493,492,0x1EC,??4wSimulationBlockDiffDescriptor@@QEAAAEAV0@$$QEAV0@@Z,public: class wSimulationBlockDiffDescriptor & __cdecl wSimulationBlockDiffDescriptor::operator=(class wSimulationBlockDiffDescriptor &&),symbol,,,,,False,False,False,False,False,False,True
494,493,0x1ED,??4wSimulationBlockDiffDescriptor@@QEAAAEAV0@AEBV0@@Z,public: class wSimulationBlockDiffDescriptor & __cdecl wSimulationBlockDiffDescriptor::operator=(class wSimulationBlockDiffDescriptor const &),symbol,,,,,False,False,False,False,False,False,True
495,494,0x1EE,??4wSimulationBlockDisc@@QEAAAEAV0@$$QEAV0@@Z,public: class wSimulationBlockDisc & __cdecl wSimulationBlockDisc::operator=(class wSimulationBlockDisc &&),symbol,,,,,False,False,False,False,False,False,True
496,495,0x1EF,??4wSimulationBlockDisc@@QEAAAEAV0@AEBV0@@Z,public: class wSimulationBlockDisc & __cdecl wSimulationBlockDisc::operator=(class wSimulationBlockDisc const &),symbol,,,,,False,False,False,False,False,False,True
497,496,0x1F0,??4wSimulationBlockDiscDescriptor@@QEAAAEAV0@$$QEAV0@@Z,public: class wSimulationBlockDiscDescriptor & __cdecl wSimulationBlockDiscDescriptor::operator=(class wSimulationBlockDiscDescriptor &&),symbol,,,,,False,False,False,False,False,False,True
498,497,0x1F1,??4wSimulationBlockDiscDescriptor@@QEAAAEAV0@AEBV0@@Z,public: class wSimulationBlockDiscDescriptor & __cdecl wSimulationBlockDiscDescriptor::operator=(class wSimulationBlockDiscDescriptor const &),symbol,,,,,False,False,False,False,False,False,True
499,498,0x1F2,??4wSimulationBlockFactory@@QEAAAEAV0@$$QEAV0@@Z,public: class wSimulationBlockFactory & __cdecl wSimulationBlockFactory::operator=(class wSimulationBlockFactory &&),symbol,,,,,False,False,False,False,False,False,True
500,499,0x1F3,??4wSimulationBlockFactory@@QEAAAEAV0@AEBV0@@Z,public: class wSimulationBlockFactory & __cdecl wSimulationBlockFactory::operator=(class wSimulationBlockFactory const &),symbol,,,,,False,False,False,False,False,False,True
501,500,0x1F4,??4wSimulationBlockStateless@@QEAAAEAV0@$$QEAV0@@Z,public: class wSimulationBlockStateless & __cdecl wSimulationBlockStateless::operator=(class wSimulationBlockStateless &&),symbol,,,,,False,False,False,False,False,False,True
502,501,0x1F5,??4wSimulationBlockStateless@@QEAAAEAV0@AEBV0@@Z,public: class wSimulationBlockStateless & __cdecl wSimulationBlockStateless::operator=(class wSimulationBlockStateless const &),symbol,,,,,False,False,False,False,False,False,True
503,502,0x1F6,??4wSimulationBlockStatelessDescriptor@@QEAAAEAV0@$$QEAV0@@Z,public: class wSimulationBlockStatelessDescriptor & __cdecl wSimulationBlockStatelessDescriptor::operator=(class wSimulationBlockStatelessDescriptor &&),symbol,,,,,False,False,False,False,False,False,True
504,503,0x1F7,??4wSimulationBlockStatelessDescriptor@@QEAAAEAV0@AEBV0@@Z,public: class wSimulationBlockStatelessDescriptor & __cdecl wSimulationBlockStatelessDescriptor::operator=(class wSimulationBlockStatelessDescriptor const &),symbol,,,,,False,False,False,False,False,False,True
505,504,0x1F8,??4wSimulationLogger@@QEAAAEAV0@AEBV0@@Z,public: class wSimulationLogger & __cdecl wSimulationLogger::operator=(class wSimulationLogger const &),symbol,,,,,False,False,False,False,False,False,True
506,505,0x1F9,??4wSimulationSystemScheme@@QEAAAEAV0@AEBV0@@Z,public: class wSimulationSystemScheme & __cdecl wSimulationSystemScheme::operator=(class wSimulationSystemScheme const &),symbol,,,,,False,False,False,False,False,False,True
507,506,0x1FA,??6wSimulationLogger@@QEAAAEAV0@AEBVIndenter@0@@Z,public: class wSimulationLogger & __cdecl wSimulationLogger::operator<<(class wSimulationLogger::Indenter const &),method,,wSimulationLogger,operator<<,class wSimulationLogger::Indenter const &,False,False,False,False,False,False,True
508,507,0x1FB,??6wSimulationLogger@@QEAAAEAV0@P6AAEAV?$basic_ostream@DU?$char_traits@D@std@@@std@@AEAV12@@Z@Z,"public: class wSimulationLogger & __cdecl wSimulationLogger::operator<<(class std::basic_ostream<char, struct std::char_traits<char>> & (__cdecl *)(class std::basic_ostream<char, struct std::char_traits<char>> &))",method,,wSimulationLogger,operator<<,"class std::basic_ostream<char, struct std::char_traits<char>> & (__cdecl *)(class std::basic_ostream<char, struct std::char_traits<char>> &)",False,False,False,False,False,False,True
509,508,0x1FC,??RCloseState@Lua@@QEAAXPEAUlua_State@@@Z,public: void __cdecl Lua::CloseState::operator()(struct lua_State *),method,Lua,CloseState,operator,)(struct lua_State *,False,False,False,False,False,False,True
510,509,0x1FD,??_7?$wBlockAvgerageValDescriptor@H@@6B@,const wBlockAvgerageValDescriptor<int>::`vftable',vftable,,,,,False,False,False,True,False,False,True
511,510,0x1FE,??_7?$wBlockAvgerageValDescriptor@N@@6B@,const wBlockAvgerageValDescriptor<double>::`vftable',vftable,,,,,False,False,False,True,False,False,True
512,511,0x1FF,??_7?$wBlockAvgerageValDescriptor@V?$Vector@$02N@Math@@@@6B@,"const wBlockAvgerageValDescriptor<class Math::Vector<3, double>>::`vftable'",vftable,,,,,False,False,False,True,False,False,True
513,512,0x200,??_7?$wBlockDeltaCalcDesc@H@@6B@,const wBlockDeltaCalcDesc<int>::`vftable',vftable,,,,,False,False,False,True,False,False,True
514,513,0x201,??_7?$wBlockDeltaCalcDesc@N@@6B@,const wBlockDeltaCalcDesc<double>::`vftable',vftable,,,,,False,False,False,True,False,False,True
515,514,0x202,??_7?$wBlockDeltaCalcDesc@V?$Vector@$02N@Math@@@@6B@,"const wBlockDeltaCalcDesc<class Math::Vector<3, double>>::`vftable'",vftable,,,,,False,False,False,True,False,False,True
516,515,0x203,??_7?$wBlockI2O@HN@@6B@,"const wBlockI2O<int, double>::`vftable'",vftable,,,,,False,False,False,True,False,False,True
517,516,0x204,??_7?$wBlockI2O@H_N@@6B@,"const wBlockI2O<int, bool>::`vftable'",vftable,,,,,False,False,False,True,False,False,True
518,517,0x205,??_7?$wBlockI2O@N_N@@6B@,"const wBlockI2O<double, bool>::`vftable'",vftable,,,,,False,False,False,True,False,False,True
519,518,0x206,??_7?$wBlockI2O@_NH@@6B@,"const wBlockI2O<bool, int>::`vftable'",vftable,,,,,False,False,False,True,False,False,True
520,519,0x207,??_7?$wBlockI2O@_NN@@6B@,"const wBlockI2O<bool, double>::`vftable'",vftable,,,,,False,False,False,True,False,False,True
521,520,0x208,??_7?$wBlockI2ODescriptor@HN@@6B@,"const wBlockI2ODescriptor<int, double>::`vftable'",vftable,,,,,False,False,False,True,False,False,True
522,521,0x209,??_7?$wBlockI2ODescriptor@H_N@@6B@,"const wBlockI2ODescriptor<int, bool>::`vftable'",vftable,,,,,False,False,False,True,False,False,True
523,522,0x20A,??_7?$wBlockI2ODescriptor@N_N@@6B@,"const wBlockI2ODescriptor<double, bool>::`vftable'",vftable,,,,,False,False,False,True,False,False,True
524,523,0x20B,??_7?$wBlockI2ODescriptor@_NH@@6B@,"const wBlockI2ODescriptor<bool, int>::`vftable'",vftable,,,,,False,False,False,True,False,False,True
525,524,0x20C,??_7?$wBlockI2ODescriptor@_NN@@6B@,"const wBlockI2ODescriptor<bool, double>::`vftable'",vftable,,,,,False,False,False,True,False,False,True
526,525,0x20D,??_7?$wBlockIntegrator@N@@6B@,const wBlockIntegrator<double>::`vftable',vftable,,,,,False,False,False,True,False,False,True
527,526,0x20E,??_7?$wBlockIntegrator@V?$Vector@$02N@Math@@@@6B@,"const wBlockIntegrator<class Math::Vector<3, double>>::`vftable'",vftable,,,,,False,False,False,True,False,False,True
528,527,0x20F,??_7?$wBlockIntegratorDescriptor@N@@6B@,const wBlockIntegratorDescriptor<double>::`vftable',vftable,,,,,False,False,False,True,False,False,True
529,528,0x210,??_7?$wBlockIntegratorDescriptor@V?$Vector@$02N@Math@@@@6B@,"const wBlockIntegratorDescriptor<class Math::Vector<3, double>>::`vftable'",vftable,,,,,False,False,False,True,False,False,True
530,529,0x211,??_7?$wBlockMaxValDescriptor@H@@6B@,const wBlockMaxValDescriptor<int>::`vftable',vftable,,,,,False,False,False,True,False,False,True
531,530,0x212,??_7?$wBlockMaxValDescriptor@N@@6B@,const wBlockMaxValDescriptor<double>::`vftable',vftable,,,,,False,False,False,True,False,False,True
532,531,0x213,??_7?$wBlockMaxValDescriptor@V?$Vector@$02N@Math@@@@6B@,"const wBlockMaxValDescriptor<class Math::Vector<3, double>>::`vftable'",vftable,,,,,False,False,False,True,False,False,True
533,532,0x214,??_7?$wBlockMinValDescriptor@H@@6B@,const wBlockMinValDescriptor<int>::`vftable',vftable,,,,,False,False,False,True,False,False,True
534,533,0x215,??_7?$wBlockMinValDescriptor@N@@6B@,const wBlockMinValDescriptor<double>::`vftable',vftable,,,,,False,False,False,True,False,False,True
535,534,0x216,??_7?$wBlockMinValDescriptor@V?$Vector@$02N@Math@@@@6B@,"const wBlockMinValDescriptor<class Math::Vector<3, double>>::`vftable'",vftable,,,,,False,False,False,True,False,False,True
536,535,0x217,??_7?$wBlockP2WDesc@H@@6B@,const wBlockP2WDesc<int>::`vftable',vftable,,,,,False,False,False,True,False,False,True
537,536,0x218,??_7?$wBlockP2WDesc@N@@6B@,const wBlockP2WDesc<double>::`vftable',vftable,,,,,False,False,False,True,False,False,True
538,537,0x219,??_7?$wBlockP2WDesc@V?$Vector@$02N@Math@@@@6B@,"const wBlockP2WDesc<class Math::Vector<3, double>>::`vftable'",vftable,,,,,False,False,False,True,False,False,True
539,538,0x21A,??_7?$wBlockP2WDesc@_N@@6B@,const wBlockP2WDesc<bool>::`vftable',vftable,,,,,False,False,False,True,False,False,True
540,539,0x21B,??_7?$wBlockRateCalcDesc@H@@6B@,const wBlockRateCalcDesc<int>::`vftable',vftable,,,,,False,False,False,True,False,False,True
541,540,0x21C,??_7?$wBlockRateCalcDesc@N@@6B@,const wBlockRateCalcDesc<double>::`vftable',vftable,,,,,False,False,False,True,False,False,True
542,541,0x21D,??_7?$wBlockRateCalcDesc@V?$Vector@$02N@Math@@@@6B@,"const wBlockRateCalcDesc<class Math::Vector<3, double>>::`vftable'",vftable,,,,,False,False,False,True,False,False,True
543,542,0x21E,??_7?$wBlockSummatorDescriptor@H@@6B@,const wBlockSummatorDescriptor<int>::`vftable',vftable,,,,,False,False,False,True,False,False,True
544,543,0x21F,??_7?$wBlockSummatorDescriptor@N@@6B@,const wBlockSummatorDescriptor<double>::`vftable',vftable,,,,,False,False,False,True,False,False,True
545,544,0x220,??_7?$wBlockSummatorDescriptor@V?$Vector@$02N@Math@@@@6B@,"const wBlockSummatorDescriptor<class Math::Vector<3, double>>::`vftable'",vftable,,,,,False,False,False,True,False,False,True
546,545,0x221,??_7InputOutputBlock@wSimulationSystemScheme@@6B@,const wSimulationSystemScheme::InputOutputBlock::`vftable',vftable,,,,,False,False,False,True,False,False,True
547,546,0x222,??_7Loader@Lua@@6B@,const Lua::Loader::`vftable',vftable,,,,,False,False,False,True,False,False,True
548,547,0x223,??_7SpecialCommandsBlock@wSimulationSystemScheme@@6B@,const wSimulationSystemScheme::SpecialCommandsBlock::`vftable',vftable,,,,,False,False,False,True,False,False,True
549,548,0x224,??_7wBlockANDDescriptor@@6B@,const wBlockANDDescriptor::`vftable',vftable,,,,,False,False,False,True,False,False,True
550,549,0x225,??_7wBlockANDtriggerDescriptor@@6B@,const wBlockANDtriggerDescriptor::`vftable',vftable,,,,,False,False,False,True,False,False,True
551,550,0x226,??_7wBlockConstantsDescriptor@@6B@,const wBlockConstantsDescriptor::`vftable',vftable,,,,,False,False,False,True,False,False,True
552,551,0x227,??_7wBlockDelayTriggerDescriptor@@6B@,const wBlockDelayTriggerDescriptor::`vftable',vftable,,,,,False,False,False,True,False,False,True
553,552,0x228,??_7wBlockDelayTriggerMultipleDescriptor@@6B@,const wBlockDelayTriggerMultipleDescriptor::`vftable',vftable,,,,,False,False,False,True,False,False,True
554,553,0x229,??_7wBlockDelayTriggerWireDescriptor@@6B@,const wBlockDelayTriggerWireDescriptor::`vftable',vftable,,,,,False,False,False,True,False,False,True
555,554,0x22A,??_7wBlockDoubleToVec3dTriggerDescriptor@@6B@,const wBlockDoubleToVec3dTriggerDescriptor::`vftable',vftable,,,,,False,False,False,True,False,False,True
556,555,0x22B,??_7wBlockLogicalMultiinputDescriptor@@6B@,const wBlockLogicalMultiinputDescriptor::`vftable',vftable,,,,,False,False,False,True,False,False,True
557,556,0x22C,??_7wBlockLuaDescriptor@@6B@,const wBlockLuaDescriptor::`vftable',vftable,,,,,False,False,False,True,False,False,True
558,557,0x22D,??_7wBlockMultiplexDescriptor@@6B@,const wBlockMultiplexDescriptor::`vftable',vftable,,,,,False,False,False,True,False,False,True
559,558,0x22E,??_7wBlockNOTDescriptor@@6B@,const wBlockNOTDescriptor::`vftable',vftable,,,,,False,False,False,True,False,False,True
560,559,0x22F,??_7wBlockNOTtriggerDescriptor@@6B@,const wBlockNOTtriggerDescriptor::`vftable',vftable,,,,,False,False,False,True,False,False,True
561,560,0x230,??_7wBlockORDescriptor@@6B@,const wBlockORDescriptor::`vftable',vftable,,,,,False,False,False,True,False,False,True
562,561,0x231,??_7wBlockORtriggerDescriptor@@6B@,const wBlockORtriggerDescriptor::`vftable',vftable,,,,,False,False,False,True,False,False,True
563,562,0x232,??_7wBlockOscilloscopeDescriptor@@6B@,const wBlockOscilloscopeDescriptor::`vftable',vftable,,,,,False,False,False,True,False,False,True
564,563,0x233,??_7wBlockSubsystemDescriptor@@6B@,const wBlockSubsystemDescriptor::`vftable',vftable,,,,,False,False,False,True,False,False,True
565,564,0x234,??_7wBlockVectorPicker@@6B@,const wBlockVectorPicker::`vftable',vftable,,,,,False,False,False,True,False,False,True
566,565,0x235,??_7wBlockVectorPickerDescriptor@@6B@,const wBlockVectorPickerDescriptor::`vftable',vftable,,,,,False,False,False,True,False,False,True
567,566,0x236,??_7wBlockWireDeserializerDescriptor@@6B@,const wBlockWireDeserializerDescriptor::`vftable',vftable,,,,,False,False,False,True,False,False,True
568,567,0x237,??_7wBlockWireSerializerDescriptor@@6B@,const wBlockWireSerializerDescriptor::`vftable',vftable,,,,,False,False,False,True,False,False,True
569,568,0x238,??_7wBlockWireToPortDescriptor@@6B@,const wBlockWireToPortDescriptor::`vftable',vftable,,,,,False,False,False,True,False,False,True
570,569,0x239,??_7wSimulationBlock@@6B@,const wSimulationBlock::`vftable',vftable,,,,,False,False,False,True,False,False,True
571,570,0x23A,??_7wSimulationBlockDescriptor@@6B@,const wSimulationBlockDescriptor::`vftable',vftable,,,,,False,False,False,True,False,False,True
572,571,0x23B,??_7wSimulationBlockDiff@@6B@,const wSimulationBlockDiff::`vftable',vftable,,,,,False,False,False,True,False,False,True
573,572,0x23C,??_7wSimulationBlockDiffDescriptor@@6B@,const wSimulationBlockDiffDescriptor::`vftable',vftable,,,,,False,False,False,True,False,False,True
574,573,0x23D,??_7wSimulationBlockDisc@@6B@,const wSimulationBlockDisc::`vftable',vftable,,,,,False,False,False,True,False,False,True
575,574,0x23E,??_7wSimulationBlockDiscDescriptor@@6B@,const wSimulationBlockDiscDescriptor::`vftable',vftable,,,,,False,False,False,True,False,False,True
576,575,0x23F,??_7wSimulationBlockStateless@@6B@,const wSimulationBlockStateless::`vftable',vftable,,,,,False,False,False,True,False,False,True
577,576,0x240,??_7wSimulationBlockStatelessDescriptor@@6B@,const wSimulationBlockStatelessDescriptor::`vftable',vftable,,,,,False,False,False,True,False,False,True
578,577,0x241,??_7wSimulationSystem@@6B@,const wSimulationSystem::`vftable',vftable,,,,,False,False,False,True,False,False,True
579,578,0x242,?__create_instance@?$wBlockAvgerageValDescriptor@H@@SAPEAV1@XZ,public: static class wBlockAvgerageValDescriptor<int> * __cdecl wBlockAvgerageValDescriptor<int>::__create_instance(void),method,,wBlockAvgerageValDescriptor<int>,__create_instance,void,False,True,False,False,False,False,True
580,579,0x243,?__create_instance@?$wBlockAvgerageValDescriptor@N@@SAPEAV1@XZ,public: static class wBlockAvgerageValDescriptor<double> * __cdecl wBlockAvgerageValDescriptor<double>::__create_instance(void),method,,wBlockAvgerageValDescriptor<double>,__create_instance,void,False,True,False,False,False,False,True
581,580,0x244,?__create_instance@?$wBlockAvgerageValDescriptor@V?$Vector@$02N@Math@@@@SAPEAV1@XZ,"public: static class wBlockAvgerageValDescriptor<class Math::Vector<3, double>> * __cdecl wBlockAvgerageValDescriptor<class Math::Vector<3, double>>::__create_instance(void)",method,,double>>,__create_instance,void,False,True,False,False,False,False,True
582,581,0x245,?__create_instance@?$wBlockDeltaCalcDesc@H@@SAPEAV1@XZ,public: static class wBlockDeltaCalcDesc<int> * __cdecl wBlockDeltaCalcDesc<int>::__create_instance(void),method,,wBlockDeltaCalcDesc<int>,__create_instance,void,False,True,False,False,False,False,True
583,582,0x246,?__create_instance@?$wBlockDeltaCalcDesc@N@@SAPEAV1@XZ,public: static class wBlockDeltaCalcDesc<double> * __cdecl wBlockDeltaCalcDesc<double>::__create_instance(void),method,,wBlockDeltaCalcDesc<double>,__create_instance,void,False,True,False,False,False,False,True
584,583,0x247,?__create_instance@?$wBlockDeltaCalcDesc@V?$Vector@$02N@Math@@@@SAPEAV1@XZ,"public: static class wBlockDeltaCalcDesc<class Math::Vector<3, double>> * __cdecl wBlockDeltaCalcDesc<class Math::Vector<3, double>>::__create_instance(void)",method,,double>>,__create_instance,void,False,True,False,False,False,False,True
585,584,0x248,?__create_instance@?$wBlockI2ODescriptor@HN@@SAPEAV1@XZ,"public: static class wBlockI2ODescriptor<int, double> * __cdecl wBlockI2ODescriptor<int, double>::__create_instance(void)",method,,double>,__create_instance,void,False,True,False,False,False,False,True
586,585,0x249,?__create_instance@?$wBlockI2ODescriptor@H_N@@SAPEAV1@XZ,"public: static class wBlockI2ODescriptor<int, bool> * __cdecl wBlockI2ODescriptor<int, bool>::__create_instance(void)",method,,bool>,__create_instance,void,False,True,False,False,False,False,True
587,586,0x24A,?__create_instance@?$wBlockI2ODescriptor@N_N@@SAPEAV1@XZ,"public: static class wBlockI2ODescriptor<double, bool> * __cdecl wBlockI2ODescriptor<double, bool>::__create_instance(void)",method,,bool>,__create_instance,void,False,True,False,False,False,False,True
588,587,0x24B,?__create_instance@?$wBlockI2ODescriptor@_NH@@SAPEAV1@XZ,"public: static class wBlockI2ODescriptor<bool, int> * __cdecl wBlockI2ODescriptor<bool, int>::__create_instance(void)",method,,int>,__create_instance,void,False,True,False,False,False,False,True
589,588,0x24C,?__create_instance@?$wBlockI2ODescriptor@_NN@@SAPEAV1@XZ,"public: static class wBlockI2ODescriptor<bool, double> * __cdecl wBlockI2ODescriptor<bool, double>::__create_instance(void)",method,,double>,__create_instance,void,False,True,False,False,False,False,True
590,589,0x24D,?__create_instance@?$wBlockIntegratorDescriptor@N@@SAPEAV1@XZ,public: static class wBlockIntegratorDescriptor<double> * __cdecl wBlockIntegratorDescriptor<double>::__create_instance(void),method,,wBlockIntegratorDescriptor<double>,__create_instance,void,False,True,False,False,False,False,True
591,590,0x24E,?__create_instance@?$wBlockIntegratorDescriptor@V?$Vector@$02N@Math@@@@SAPEAV1@XZ,"public: static class wBlockIntegratorDescriptor<class Math::Vector<3, double>> * __cdecl wBlockIntegratorDescriptor<class Math::Vector<3, double>>::__create_instance(void)",method,,double>>,__create_instance,void,False,True,False,False,False,False,True
592,591,0x24F,?__create_instance@?$wBlockMaxValDescriptor@H@@SAPEAV1@XZ,public: static class wBlockMaxValDescriptor<int> * __cdecl wBlockMaxValDescriptor<int>::__create_instance(void),method,,wBlockMaxValDescriptor<int>,__create_instance,void,False,True,False,False,False,False,True
593,592,0x250,?__create_instance@?$wBlockMaxValDescriptor@N@@SAPEAV1@XZ,public: static class wBlockMaxValDescriptor<double> * __cdecl wBlockMaxValDescriptor<double>::__create_instance(void),method,,wBlockMaxValDescriptor<double>,__create_instance,void,False,True,False,False,False,False,True
594,593,0x251,?__create_instance@?$wBlockMaxValDescriptor@V?$Vector@$02N@Math@@@@SAPEAV1@XZ,"public: static class wBlockMaxValDescriptor<class Math::Vector<3, double>> * __cdecl wBlockMaxValDescriptor<class Math::Vector<3, double>>::__create_instance(void)",method,,double>>,__create_instance,void,False,True,False,False,False,False,True
595,594,0x252,?__create_instance@?$wBlockMinValDescriptor@H@@SAPEAV1@XZ,public: static class wBlockMinValDescriptor<int> * __cdecl wBlockMinValDescriptor<int>::__create_instance(void),method,,wBlockMinValDescriptor<int>,__create_instance,void,False,True,False,False,False,False,True
596,595,0x253,?__create_instance@?$wBlockMinValDescriptor@N@@SAPEAV1@XZ,public: static class wBlockMinValDescriptor<double> * __cdecl wBlockMinValDescriptor<double>::__create_instance(void),method,,wBlockMinValDescriptor<double>,__create_instance,void,False,True,False,False,False,False,True
597,596,0x254,?__create_instance@?$wBlockMinValDescriptor@V?$Vector@$02N@Math@@@@SAPEAV1@XZ,"public: static class wBlockMinValDescriptor<class Math::Vector<3, double>> * __cdecl wBlockMinValDescriptor<class Math::Vector<3, double>>::__create_instance(void)",method,,double>>,__create_instance,void,False,True,False,False,False,False,True
598,597,0x255,?__create_instance@?$wBlockP2WDesc@H@@SAPEAV1@XZ,public: static class wBlockP2WDesc<int> * __cdecl wBlockP2WDesc<int>::__create_instance(void),method,,wBlockP2WDesc<int>,__create_instance,void,False,True,False,False,False,False,True
599,598,0x256,?__create_instance@?$wBlockP2WDesc@N@@SAPEAV1@XZ,public: static class wBlockP2WDesc<double> * __cdecl wBlockP2WDesc<double>::__create_instance(void),method,,wBlockP2WDesc<double>,__create_instance,void,False,True,False,False,False,False,True
600,599,0x257,?__create_instance@?$wBlockP2WDesc@V?$Vector@$02N@Math@@@@SAPEAV1@XZ,"public: static class wBlockP2WDesc<class Math::Vector<3, double>> * __cdecl wBlockP2WDesc<class Math::Vector<3, double>>::__create_instance(void)",method,,double>>,__create_instance,void,False,True,False,False,False,False,True
601,600,0x258,?__create_instance@?$wBlockP2WDesc@_N@@SAPEAV1@XZ,public: static class wBlockP2WDesc<bool> * __cdecl wBlockP2WDesc<bool>::__create_instance(void),method,,wBlockP2WDesc<bool>,__create_instance,void,False,True,False,False,False,False,True
602,601,0x259,?__create_instance@?$wBlockRateCalcDesc@H@@SAPEAV1@XZ,public: static class wBlockRateCalcDesc<int> * __cdecl wBlockRateCalcDesc<int>::__create_instance(void),method,,wBlockRateCalcDesc<int>,__create_instance,void,False,True,False,False,False,False,True
603,602,0x25A,?__create_instance@?$wBlockRateCalcDesc@N@@SAPEAV1@XZ,public: static class wBlockRateCalcDesc<double> * __cdecl wBlockRateCalcDesc<double>::__create_instance(void),method,,wBlockRateCalcDesc<double>,__create_instance,void,False,True,False,False,False,False,True
604,603,0x25B,?__create_instance@?$wBlockRateCalcDesc@V?$Vector@$02N@Math@@@@SAPEAV1@XZ,"public: static class wBlockRateCalcDesc<class Math::Vector<3, double>> * __cdecl wBlockRateCalcDesc<class Math::Vector<3, double>>::__create_instance(void)",method,,double>>,__create_instance,void,False,True,False,False,False,False,True
605,604,0x25C,?__create_instance@?$wBlockSummatorDescriptor@H@@SAPEAV1@XZ,public: static class wBlockSummatorDescriptor<int> * __cdecl wBlockSummatorDescriptor<int>::__create_instance(void),method,,wBlockSummatorDescriptor<int>,__create_instance,void,False,True,False,False,False,False,True
606,605,0x25D,?__create_instance@?$wBlockSummatorDescriptor@N@@SAPEAV1@XZ,public: static class wBlockSummatorDescriptor<double> * __cdecl wBlockSummatorDescriptor<double>::__create_instance(void),method,,wBlockSummatorDescriptor<double>,__create_instance,void,False,True,False,False,False,False,True
607,606,0x25E,?__create_instance@?$wBlockSummatorDescriptor@V?$Vector@$02N@Math@@@@SAPEAV1@XZ,"public: static class wBlockSummatorDescriptor<class Math::Vector<3, double>> * __cdecl wBlockSummatorDescriptor<class Math::Vector<3, double>>::__create_instance(void)",method,,double>>,__create_instance,void,False,True,False,False,False,False,True
608,607,0x25F,?__create_instance@wBlockANDDescriptor@@SAPEAV1@XZ,public: static class wBlockANDDescriptor * __cdecl wBlockANDDescriptor::__create_instance(void),method,,wBlockANDDescriptor,__create_instance,void,False,True,False,False,False,False,True
609,608,0x260,?__create_instance@wBlockANDtriggerDescriptor@@SAPEAV1@XZ,public: static class wBlockANDtriggerDescriptor * __cdecl wBlockANDtriggerDescriptor::__create_instance(void),method,,wBlockANDtriggerDescriptor,__create_instance,void,False,True,False,False,False,False,True
610,609,0x261,?__create_instance@wBlockConstantsDescriptor@@SAPEAV1@XZ,public: static class wBlockConstantsDescriptor * __cdecl wBlockConstantsDescriptor::__create_instance(void),method,,wBlockConstantsDescriptor,__create_instance,void,False,True,False,False,False,False,True
611,610,0x262,?__create_instance@wBlockDelayTriggerDescriptor@@SAPEAV1@XZ,public: static class wBlockDelayTriggerDescriptor * __cdecl wBlockDelayTriggerDescriptor::__create_instance(void),method,,wBlockDelayTriggerDescriptor,__create_instance,void,False,True,False,False,False,False,True
612,611,0x263,?__create_instance@wBlockDelayTriggerMultipleDescriptor@@SAPEAV1@XZ,public: static class wBlockDelayTriggerMultipleDescriptor * __cdecl wBlockDelayTriggerMultipleDescriptor::__create_instance(void),method,,wBlockDelayTriggerMultipleDescriptor,__create_instance,void,False,True,False,False,False,False,True
613,612,0x264,?__create_instance@wBlockDelayTriggerWireDescriptor@@SAPEAV1@XZ,public: static class wBlockDelayTriggerWireDescriptor * __cdecl wBlockDelayTriggerWireDescriptor::__create_instance(void),method,,wBlockDelayTriggerWireDescriptor,__create_instance,void,False,True,False,False,False,False,True
614,613,0x265,?__create_instance@wBlockDoubleToVec3dTriggerDescriptor@@SAPEAV1@XZ,public: static class wBlockDoubleToVec3dTriggerDescriptor * __cdecl wBlockDoubleToVec3dTriggerDescriptor::__create_instance(void),method,,wBlockDoubleToVec3dTriggerDescriptor,__create_instance,void,False,True,False,False,False,False,True
615,614,0x266,?__create_instance@wBlockLuaDescriptor@@SAPEAV1@XZ,public: static class wBlockLuaDescriptor * __cdecl wBlockLuaDescriptor::__create_instance(void),method,,wBlockLuaDescriptor,__create_instance,void,False,True,False,False,False,False,True
616,615,0x267,?__create_instance@wBlockMultiplexDescriptor@@SAPEAV1@XZ,public: static class wBlockMultiplexDescriptor * __cdecl wBlockMultiplexDescriptor::__create_instance(void),method,,wBlockMultiplexDescriptor,__create_instance,void,False,True,False,False,False,False,True
617,616,0x268,?__create_instance@wBlockNOTDescriptor@@SAPEAV1@XZ,public: static class wBlockNOTDescriptor * __cdecl wBlockNOTDescriptor::__create_instance(void),method,,wBlockNOTDescriptor,__create_instance,void,False,True,False,False,False,False,True
618,617,0x269,?__create_instance@wBlockNOTtriggerDescriptor@@SAPEAV1@XZ,public: static class wBlockNOTtriggerDescriptor * __cdecl wBlockNOTtriggerDescriptor::__create_instance(void),method,,wBlockNOTtriggerDescriptor,__create_instance,void,False,True,False,False,False,False,True
619,618,0x26A,?__create_instance@wBlockORDescriptor@@SAPEAV1@XZ,public: static class wBlockORDescriptor * __cdecl wBlockORDescriptor::__create_instance(void),method,,wBlockORDescriptor,__create_instance,void,False,True,False,False,False,False,True
620,619,0x26B,?__create_instance@wBlockORtriggerDescriptor@@SAPEAV1@XZ,public: static class wBlockORtriggerDescriptor * __cdecl wBlockORtriggerDescriptor::__create_instance(void),method,,wBlockORtriggerDescriptor,__create_instance,void,False,True,False,False,False,False,True
621,620,0x26C,?__create_instance@wBlockOscilloscopeDescriptor@@SAPEAV1@XZ,public: static class wBlockOscilloscopeDescriptor * __cdecl wBlockOscilloscopeDescriptor::__create_instance(void),method,,wBlockOscilloscopeDescriptor,__create_instance,void,False,True,False,False,False,False,True
622,621,0x26D,?__create_instance@wBlockSubsystemDescriptor@@SAPEAV1@XZ,public: static class wBlockSubsystemDescriptor * __cdecl wBlockSubsystemDescriptor::__create_instance(void),method,,wBlockSubsystemDescriptor,__create_instance,void,False,True,False,False,False,False,True
623,622,0x26E,?__create_instance@wBlockVectorPickerDescriptor@@SAPEAV1@XZ,public: static class wBlockVectorPickerDescriptor * __cdecl wBlockVectorPickerDescriptor::__create_instance(void),method,,wBlockVectorPickerDescriptor,__create_instance,void,False,True,False,False,False,False,True
624,623,0x26F,?__create_instance@wBlockWireDeserializerDescriptor@@SAPEAV1@XZ,public: static class wBlockWireDeserializerDescriptor * __cdecl wBlockWireDeserializerDescriptor::__create_instance(void),method,,wBlockWireDeserializerDescriptor,__create_instance,void,False,True,False,False,False,False,True
625,624,0x270,?__create_instance@wBlockWireSerializerDescriptor@@SAPEAV1@XZ,public: static class wBlockWireSerializerDescriptor * __cdecl wBlockWireSerializerDescriptor::__create_instance(void),method,,wBlockWireSerializerDescriptor,__create_instance,void,False,True,False,False,False,False,True
626,625,0x271,?__create_instance@wBlockWireToPortDescriptor@@SAPEAV1@XZ,public: static class wBlockWireToPortDescriptor * __cdecl wBlockWireToPortDescriptor::__create_instance(void),method,,wBlockWireToPortDescriptor,__create_instance,void,False,True,False,False,False,False,True
627,626,0x272,?__getInputPorts@?$wBlockI2O@HN@@SAAEBV?$vector@U__inputPortsDesc@?$wBlockI2O@HN@@V?$allocator@U__inputPortsDesc@?$wBlockI2O@HN@@@ed@@@ed@@XZ,"public: static class ed::vector<struct wBlockI2O<int, double>::__inputPortsDesc, class ed::allocator<struct wBlockI2O<int, double>::__inputPortsDesc>> const & __cdecl wBlockI2O<int, double>::__getInputPorts(void)",method,,double>,__getInputPorts,void,False,True,False,False,False,False,True
628,627,0x273,?__getInputPorts@?$wBlockI2O@H_N@@SAAEBV?$vector@U__inputPortsDesc@?$wBlockI2O@H_N@@V?$allocator@U__inputPortsDesc@?$wBlockI2O@H_N@@@ed@@@ed@@XZ,"public: static class ed::vector<struct wBlockI2O<int, bool>::__inputPortsDesc, class ed::allocator<struct wBlockI2O<int, bool>::__inputPortsDesc>> const & __cdecl wBlockI2O<int, bool>::__getInputPorts(void)",method,,bool>,__getInputPorts,void,False,True,False,False,False,False,True
629,628,0x274,?__getInputPorts@?$wBlockI2O@N_N@@SAAEBV?$vector@U__inputPortsDesc@?$wBlockI2O@N_N@@V?$allocator@U__inputPortsDesc@?$wBlockI2O@N_N@@@ed@@@ed@@XZ,"public: static class ed::vector<struct wBlockI2O<double, bool>::__inputPortsDesc, class ed::allocator<struct wBlockI2O<double, bool>::__inputPortsDesc>> const & __cdecl wBlockI2O<double, bool>::__getInputPorts(void)",method,,bool>,__getInputPorts,void,False,True,False,False,False,False,True
630,629,0x275,?__getInputPorts@?$wBlockI2O@_NH@@SAAEBV?$vector@U__inputPortsDesc@?$wBlockI2O@_NH@@V?$allocator@U__inputPortsDesc@?$wBlockI2O@_NH@@@ed@@@ed@@XZ,"public: static class ed::vector<struct wBlockI2O<bool, int>::__inputPortsDesc, class ed::allocator<struct wBlockI2O<bool, int>::__inputPortsDesc>> const & __cdecl wBlockI2O<bool, int>::__getInputPorts(void)",method,,int>,__getInputPorts,void,False,True,False,False,False,False,True
631,630,0x276,?__getInputPorts@?$wBlockI2O@_NN@@SAAEBV?$vector@U__inputPortsDesc@?$wBlockI2O@_NN@@V?$allocator@U__inputPortsDesc@?$wBlockI2O@_NN@@@ed@@@ed@@XZ,"public: static class ed::vector<struct wBlockI2O<bool, double>::__inputPortsDesc, class ed::allocator<struct wBlockI2O<bool, double>::__inputPortsDesc>> const & __cdecl wBlockI2O<bool, double>::__getInputPorts(void)",method,,double>,__getInputPorts,void,False,True,False,False,False,False,True
632,631,0x277,?__getInputPorts@?$wBlockIntegrator@N@@SAAEBV?$vector@U__inputPortsDesc@?$wBlockIntegrator@N@@V?$allocator@U__inputPortsDesc@?$wBlockIntegrator@N@@@ed@@@ed@@XZ,"public: static class ed::vector<struct wBlockIntegrator<double>::__inputPortsDesc, class ed::allocator<struct wBlockIntegrator<double>::__inputPortsDesc>> const & __cdecl wBlockIntegrator<double>::__getInputPorts(void)",method,,wBlockIntegrator<double>,__getInputPorts,void,False,True,False,False,False,False,True
633,632,0x278,?__getInputPorts@?$wBlockIntegrator@V?$Vector@$02N@Math@@@@SAAEBV?$vector@U__inputPortsDesc@?$wBlockIntegrator@V?$Vector@$02N@Math@@@@V?$allocator@U__inputPortsDesc@?$wBlockIntegrator@V?$Vector@$02N@Math@@@@@ed@@@ed@@XZ,"public: static class ed::vector<struct wBlockIntegrator<class Math::Vector<3, double>>::__inputPortsDesc, class ed::allocator<struct wBlockIntegrator<class Math::Vector<3, double>>::__inputPortsDesc>> const & __cdecl wBlockIntegrator<class Math::Vector<3, double>>::__getInputPorts(void)",method,,double>>,__getInputPorts,void,False,True,False,False,False,False,True
634,633,0x279,?__getInputPorts@wBlockVectorPicker@@SAAEBV?$vector@U__inputPortsDesc@wBlockVectorPicker@@V?$allocator@U__inputPortsDesc@wBlockVectorPicker@@@ed@@@ed@@XZ,"public: static class ed::vector<struct wBlockVectorPicker::__inputPortsDesc, class ed::allocator<struct wBlockVectorPicker::__inputPortsDesc>> const & __cdecl wBlockVectorPicker::__getInputPorts(void)",method,,wBlockVectorPicker,__getInputPorts,void,False,True,False,False,False,False,True
635,634,0x27A,?__getOutputPorts@?$wBlockI2O@HN@@SAAEBV?$vector@U__outputPortsDesc@?$wBlockI2O@HN@@V?$allocator@U__outputPortsDesc@?$wBlockI2O@HN@@@ed@@@ed@@XZ,"public: static class ed::vector<struct wBlockI2O<int, double>::__outputPortsDesc, class ed::allocator<struct wBlockI2O<int, double>::__outputPortsDesc>> const & __cdecl wBlockI2O<int, double>::__getOutputPorts(void)",method,,double>,__getOutputPorts,void,False,True,False,False,False,False,True
636,635,0x27B,?__getOutputPorts@?$wBlockI2O@H_N@@SAAEBV?$vector@U__outputPortsDesc@?$wBlockI2O@H_N@@V?$allocator@U__outputPortsDesc@?$wBlockI2O@H_N@@@ed@@@ed@@XZ,"public: static class ed::vector<struct wBlockI2O<int, bool>::__outputPortsDesc, class ed::allocator<struct wBlockI2O<int, bool>::__outputPortsDesc>> const & __cdecl wBlockI2O<int, bool>::__getOutputPorts(void)",method,,bool>,__getOutputPorts,void,False,True,False,False,False,False,True
637,636,0x27C,?__getOutputPorts@?$wBlockI2O@N_N@@SAAEBV?$vector@U__outputPortsDesc@?$wBlockI2O@N_N@@V?$allocator@U__outputPortsDesc@?$wBlockI2O@N_N@@@ed@@@ed@@XZ,"public: static class ed::vector<struct wBlockI2O<double, bool>::__outputPortsDesc, class ed::allocator<struct wBlockI2O<double, bool>::__outputPortsDesc>> const & __cdecl wBlockI2O<double, bool>::__getOutputPorts(void)",method,,bool>,__getOutputPorts,void,False,True,False,False,False,False,True
638,637,0x27D,?__getOutputPorts@?$wBlockI2O@_NH@@SAAEBV?$vector@U__outputPortsDesc@?$wBlockI2O@_NH@@V?$allocator@U__outputPortsDesc@?$wBlockI2O@_NH@@@ed@@@ed@@XZ,"public: static class ed::vector<struct wBlockI2O<bool, int>::__outputPortsDesc, class ed::allocator<struct wBlockI2O<bool, int>::__outputPortsDesc>> const & __cdecl wBlockI2O<bool, int>::__getOutputPorts(void)",method,,int>,__getOutputPorts,void,False,True,False,False,False,False,True
639,638,0x27E,?__getOutputPorts@?$wBlockI2O@_NN@@SAAEBV?$vector@U__outputPortsDesc@?$wBlockI2O@_NN@@V?$allocator@U__outputPortsDesc@?$wBlockI2O@_NN@@@ed@@@ed@@XZ,"public: static class ed::vector<struct wBlockI2O<bool, double>::__outputPortsDesc, class ed::allocator<struct wBlockI2O<bool, double>::__outputPortsDesc>> const & __cdecl wBlockI2O<bool, double>::__getOutputPorts(void)",method,,double>,__getOutputPorts,void,False,True,False,False,False,False,True
640,639,0x27F,?__getOutputPorts@?$wBlockIntegrator@N@@SAAEBV?$vector@U__outputPortsDesc@?$wBlockIntegrator@N@@V?$allocator@U__outputPortsDesc@?$wBlockIntegrator@N@@@ed@@@ed@@XZ,"public: static class ed::vector<struct wBlockIntegrator<double>::__outputPortsDesc, class ed::allocator<struct wBlockIntegrator<double>::__outputPortsDesc>> const & __cdecl wBlockIntegrator<double>::__getOutputPorts(void)",method,,wBlockIntegrator<double>,__getOutputPorts,void,False,True,False,False,False,False,True
641,640,0x280,?__getOutputPorts@?$wBlockIntegrator@V?$Vector@$02N@Math@@@@SAAEBV?$vector@U__outputPortsDesc@?$wBlockIntegrator@V?$Vector@$02N@Math@@@@V?$allocator@U__outputPortsDesc@?$wBlockIntegrator@V?$Vector@$02N@Math@@@@@ed@@@ed@@XZ,"public: static class ed::vector<struct wBlockIntegrator<class Math::Vector<3, double>>::__outputPortsDesc, class ed::allocator<struct wBlockIntegrator<class Math::Vector<3, double>>::__outputPortsDesc>> const & __cdecl wBlockIntegrator<class Math::Vector<3, double>>::__getOutputPorts(void)",method,,double>>,__getOutputPorts,void,False,True,False,False,False,False,True
642,641,0x281,?__getOutputPorts@wBlockVectorPicker@@SAAEBV?$vector@U__outputPortsDesc@wBlockVectorPicker@@V?$allocator@U__outputPortsDesc@wBlockVectorPicker@@@ed@@@ed@@XZ,"public: static class ed::vector<struct wBlockVectorPicker::__outputPortsDesc, class ed::allocator<struct wBlockVectorPicker::__outputPortsDesc>> const & __cdecl wBlockVectorPicker::__getOutputPorts(void)",method,,wBlockVectorPicker,__getOutputPorts,void,False,True,False,False,False,False,True
643,642,0x282,?acquire@CachedLoader@Lua@@AEAAPEAUlua_State@@PEBD@Z,private: struct lua_State * __cdecl Lua::CachedLoader::acquire(char const *),method,Lua,CachedLoader,acquire,char const *,False,False,False,False,False,False,True
644,643,0x283,?addBlock@wSimulationSystemScheme@@QEAAXPEAVwSimulationBlockDescriptor@@@Z,public: void __cdecl wSimulationSystemScheme::addBlock(class wSimulationBlockDescriptor *),method,,wSimulationSystemScheme,addBlock,class wSimulationBlockDescriptor *,False,False,False,False,False,False,True
645,644,0x284,?addConnection@wSimulationSystemScheme@@QEAAXAEBUConnection@1@@Z,public: void __cdecl wSimulationSystemScheme::addConnection(struct wSimulationSystemScheme::Connection const &),method,,wSimulationSystemScheme,addConnection,struct wSimulationSystemScheme::Connection const &,False,False,False,False,False,False,True
646,645,0x285,?addIOLead@wSimulationSystemScheme@@QEAAX_N0AEBV?$basic_string@D@ed@@W4eLeadType@@@Z,"public: void __cdecl wSimulationSystemScheme::addIOLead(bool, bool, class ed::basic_string<char> const &, enum eLeadType)",method,,wSimulationSystemScheme,addIOLead,"bool, bool, class ed::basic_string<char> const &, enum eLeadType",False,False,False,False,False,False,True
647,646,0x286,?addIndent@wSimulationLogger@@QEAAXH@Z,public: void __cdecl wSimulationLogger::addIndent(int),method,,wSimulationLogger,addIndent,int,False,False,False,False,False,False,True
648,647,0x287,?addLead@InputOutputBlock@wSimulationSystemScheme@@QEAAX_N0AEBV?$basic_string@D@ed@@W4eLeadType@@@Z,"public: void __cdecl wSimulationSystemScheme::InputOutputBlock::addLead(bool, bool, class ed::basic_string<char> const &, enum eLeadType)",method,wSimulationSystemScheme,InputOutputBlock,addLead,"bool, bool, class ed::basic_string<char> const &, enum eLeadType",False,False,False,False,False,False,True
649,648,0x288,?addParameter_@wBlockSubsystemDescriptor@@IEAAXPEAVLoader@Lua@@AEBV?$basic_string@D@ed@@AEAVwBlockParameterContainer@@@Z,"protected: void __cdecl wBlockSubsystemDescriptor::addParameter_(class Lua::Loader *, class ed::basic_string<char> const &, class wBlockParameterContainer &)",method,,wBlockSubsystemDescriptor,addParameter_,"class Lua::Loader *, class ed::basic_string<char> const &, class wBlockParameterContainer &",False,False,False,False,False,False,True
650,649,0x289,?advanceDifferential_@wSimulationSystem@@IEAANNN@Z,"protected: double __cdecl wSimulationSystem::advanceDifferential_(double, double)",method,,wSimulationSystem,advanceDifferential_,"double, double",False,False,False,False,False,False,True
651,650,0x28A,?beginArray@Loader@Lua@@QEAAXXZ,public: void __cdecl Lua::Loader::beginArray(void),method,Lua,Loader,beginArray,void,False,False,False,False,False,False,True
652,651,0x28B,?beginMetatable@Loader@Lua@@QEAAXXZ,public: void __cdecl Lua::Loader::beginMetatable(void),method,Lua,Loader,beginMetatable,void,False,False,False,False,False,False,True
653,652,0x28C,?beginSubtables@Loader@Lua@@QEAAXXZ,public: void __cdecl Lua::Loader::beginSubtables(void),method,Lua,Loader,beginSubtables,void,False,False,False,False,False,False,True
654,653,0x28D,?blockHasStateData@wSimulationBlockDisc@@QEBA_NXZ,public: bool __cdecl wSimulationBlockDisc::blockHasStateData(void) const,method,,wSimulationBlockDisc,blockHasStateData,void,True,False,False,False,False,False,True
655,654,0x28E,?buildGraph_@wSimulationSystemScheme@@IEAA?AV?$vector@V?$vector@HV?$allocator@H@ed@@@ed@@V?$allocator@V?$vector@HV?$allocator@H@ed@@@ed@@@2@@ed@@H@Z,"protected: class ed::vector<class ed::vector<int, class ed::allocator<int>>, class ed::allocator<class ed::vector<int, class ed::allocator<int>>>> __cdecl wSimulationSystemScheme::buildGraph_(int)",method,,wSimulationSystemScheme,buildGraph_,int,False,False,False,False,False,False,True
656,655,0x28F,?calcDiffRhs@wSimulationSystem@@QEAAXNPEAN@Z,"public: void __cdecl wSimulationSystem::calcDiffRhs(double, double *)",method,,wSimulationSystem,calcDiffRhs,"double, double *",False,False,False,False,False,False,True
657,656,0x290,?calculate_dy@?$wBlockIntegrator@N@@UEAAXNPEAE0@Z,"public: virtual void __cdecl wBlockIntegrator<double>::calculate_dy(double, unsigned char *, unsigned char *)",method,,wBlockIntegrator<double>,calculate_dy,"double, unsigned char *, unsigned char *",False,False,True,False,False,False,True
658,657,0x291,?calculate_dy@?$wBlockIntegrator@V?$Vector@$02N@Math@@@@UEAAXNPEAE0@Z,"public: virtual void __cdecl wBlockIntegrator<class Math::Vector<3, double>>::calculate_dy(double, unsigned char *, unsigned char *)",method,,double>>,calculate_dy,"double, unsigned char *, unsigned char *",False,False,True,False,False,False,True
659,658,0x292,?clone@?$wBlockAvgerageValDescriptor@H@@UEBAPEAVwSimulationBlockDescriptor@@XZ,public: virtual class wSimulationBlockDescriptor * __cdecl wBlockAvgerageValDescriptor<int>::clone(void) const,method,,wBlockAvgerageValDescriptor<int>,clone,void,True,False,True,False,False,False,True
660,659,0x293,?clone@?$wBlockAvgerageValDescriptor@N@@UEBAPEAVwSimulationBlockDescriptor@@XZ,public: virtual class wSimulationBlockDescriptor * __cdecl wBlockAvgerageValDescriptor<double>::clone(void) const,method,,wBlockAvgerageValDescriptor<double>,clone,void,True,False,True,False,False,False,True
661,660,0x294,?clone@?$wBlockAvgerageValDescriptor@V?$Vector@$02N@Math@@@@UEBAPEAVwSimulationBlockDescriptor@@XZ,"public: virtual class wSimulationBlockDescriptor * __cdecl wBlockAvgerageValDescriptor<class Math::Vector<3, double>>::clone(void) const",method,,double>>,clone,void,True,False,True,False,False,False,True
662,661,0x295,?clone@?$wBlockDeltaCalcDesc@H@@UEBAPEAVwSimulationBlockDescriptor@@XZ,public: virtual class wSimulationBlockDescriptor * __cdecl wBlockDeltaCalcDesc<int>::clone(void) const,method,,wBlockDeltaCalcDesc<int>,clone,void,True,False,True,False,False,False,True
663,662,0x296,?clone@?$wBlockDeltaCalcDesc@N@@UEBAPEAVwSimulationBlockDescriptor@@XZ,public: virtual class wSimulationBlockDescriptor * __cdecl wBlockDeltaCalcDesc<double>::clone(void) const,method,,wBlockDeltaCalcDesc<double>,clone,void,True,False,True,False,False,False,True
664,663,0x297,?clone@?$wBlockDeltaCalcDesc@V?$Vector@$02N@Math@@@@UEBAPEAVwSimulationBlockDescriptor@@XZ,"public: virtual class wSimulationBlockDescriptor * __cdecl wBlockDeltaCalcDesc<class Math::Vector<3, double>>::clone(void) const",method,,double>>,clone,void,True,False,True,False,False,False,True
665,664,0x298,?clone@?$wBlockI2ODescriptor@HN@@UEBAPEAVwSimulationBlockDescriptor@@XZ,"public: virtual class wSimulationBlockDescriptor * __cdecl wBlockI2ODescriptor<int, double>::clone(void) const",method,,double>,clone,void,True,False,True,False,False,False,True
666,665,0x299,?clone@?$wBlockI2ODescriptor@H_N@@UEBAPEAVwSimulationBlockDescriptor@@XZ,"public: virtual class wSimulationBlockDescriptor * __cdecl wBlockI2ODescriptor<int, bool>::clone(void) const",method,,bool>,clone,void,True,False,True,False,False,False,True
667,666,0x29A,?clone@?$wBlockI2ODescriptor@N_N@@UEBAPEAVwSimulationBlockDescriptor@@XZ,"public: virtual class wSimulationBlockDescriptor * __cdecl wBlockI2ODescriptor<double, bool>::clone(void) const",method,,bool>,clone,void,True,False,True,False,False,False,True
668,667,0x29B,?clone@?$wBlockI2ODescriptor@_NH@@UEBAPEAVwSimulationBlockDescriptor@@XZ,"public: virtual class wSimulationBlockDescriptor * __cdecl wBlockI2ODescriptor<bool, int>::clone(void) const",method,,int>,clone,void,True,False,True,False,False,False,True
669,668,0x29C,?clone@?$wBlockI2ODescriptor@_NN@@UEBAPEAVwSimulationBlockDescriptor@@XZ,"public: virtual class wSimulationBlockDescriptor * __cdecl wBlockI2ODescriptor<bool, double>::clone(void) const",method,,double>,clone,void,True,False,True,False,False,False,True
670,669,0x29D,?clone@?$wBlockIntegratorDescriptor@N@@UEBAPEAVwSimulationBlockDescriptor@@XZ,public: virtual class wSimulationBlockDescriptor * __cdecl wBlockIntegratorDescriptor<double>::clone(void) const,method,,wBlockIntegratorDescriptor<double>,clone,void,True,False,True,False,False,False,True
671,670,0x29E,?clone@?$wBlockIntegratorDescriptor@V?$Vector@$02N@Math@@@@UEBAPEAVwSimulationBlockDescriptor@@XZ,"public: virtual class wSimulationBlockDescriptor * __cdecl wBlockIntegratorDescriptor<class Math::Vector<3, double>>::clone(void) const",method,,double>>,clone,void,True,False,True,False,False,False,True
672,671,0x29F,?clone@?$wBlockMaxValDescriptor@H@@UEBAPEAVwSimulationBlockDescriptor@@XZ,public: virtual class wSimulationBlockDescriptor * __cdecl wBlockMaxValDescriptor<int>::clone(void) const,method,,wBlockMaxValDescriptor<int>,clone,void,True,False,True,False,False,False,True
673,672,0x2A0,?clone@?$wBlockMaxValDescriptor@N@@UEBAPEAVwSimulationBlockDescriptor@@XZ,public: virtual class wSimulationBlockDescriptor * __cdecl wBlockMaxValDescriptor<double>::clone(void) const,method,,wBlockMaxValDescriptor<double>,clone,void,True,False,True,False,False,False,True
674,673,0x2A1,?clone@?$wBlockMaxValDescriptor@V?$Vector@$02N@Math@@@@UEBAPEAVwSimulationBlockDescriptor@@XZ,"public: virtual class wSimulationBlockDescriptor * __cdecl wBlockMaxValDescriptor<class Math::Vector<3, double>>::clone(void) const",method,,double>>,clone,void,True,False,True,False,False,False,True
675,674,0x2A2,?clone@?$wBlockMinValDescriptor@H@@UEBAPEAVwSimulationBlockDescriptor@@XZ,public: virtual class wSimulationBlockDescriptor * __cdecl wBlockMinValDescriptor<int>::clone(void) const,method,,wBlockMinValDescriptor<int>,clone,void,True,False,True,False,False,False,True
676,675,0x2A3,?clone@?$wBlockMinValDescriptor@N@@UEBAPEAVwSimulationBlockDescriptor@@XZ,public: virtual class wSimulationBlockDescriptor * __cdecl wBlockMinValDescriptor<double>::clone(void) const,method,,wBlockMinValDescriptor<double>,clone,void,True,False,True,False,False,False,True
677,676,0x2A4,?clone@?$wBlockMinValDescriptor@V?$Vector@$02N@Math@@@@UEBAPEAVwSimulationBlockDescriptor@@XZ,"public: virtual class wSimulationBlockDescriptor * __cdecl wBlockMinValDescriptor<class Math::Vector<3, double>>::clone(void) const",method,,double>>,clone,void,True,False,True,False,False,False,True
678,677,0x2A5,?clone@?$wBlockP2WDesc@H@@UEBAPEAVwSimulationBlockDescriptor@@XZ,public: virtual class wSimulationBlockDescriptor * __cdecl wBlockP2WDesc<int>::clone(void) const,method,,wBlockP2WDesc<int>,clone,void,True,False,True,False,False,False,True
679,678,0x2A6,?clone@?$wBlockP2WDesc@N@@UEBAPEAVwSimulationBlockDescriptor@@XZ,public: virtual class wSimulationBlockDescriptor * __cdecl wBlockP2WDesc<double>::clone(void) const,method,,wBlockP2WDesc<double>,clone,void,True,False,True,False,False,False,True
680,679,0x2A7,?clone@?$wBlockP2WDesc@V?$Vector@$02N@Math@@@@UEBAPEAVwSimulationBlockDescriptor@@XZ,"public: virtual class wSimulationBlockDescriptor * __cdecl wBlockP2WDesc<class Math::Vector<3, double>>::clone(void) const",method,,double>>,clone,void,True,False,True,False,False,False,True
681,680,0x2A8,?clone@?$wBlockP2WDesc@_N@@UEBAPEAVwSimulationBlockDescriptor@@XZ,public: virtual class wSimulationBlockDescriptor * __cdecl wBlockP2WDesc<bool>::clone(void) const,method,,wBlockP2WDesc<bool>,clone,void,True,False,True,False,False,False,True
682,681,0x2A9,?clone@?$wBlockRateCalcDesc@H@@UEBAPEAVwSimulationBlockDescriptor@@XZ,public: virtual class wSimulationBlockDescriptor * __cdecl wBlockRateCalcDesc<int>::clone(void) const,method,,wBlockRateCalcDesc<int>,clone,void,True,False,True,False,False,False,True
683,682,0x2AA,?clone@?$wBlockRateCalcDesc@N@@UEBAPEAVwSimulationBlockDescriptor@@XZ,public: virtual class wSimulationBlockDescriptor * __cdecl wBlockRateCalcDesc<double>::clone(void) const,method,,wBlockRateCalcDesc<double>,clone,void,True,False,True,False,False,False,True
684,683,0x2AB,?clone@?$wBlockRateCalcDesc@V?$Vector@$02N@Math@@@@UEBAPEAVwSimulationBlockDescriptor@@XZ,"public: virtual class wSimulationBlockDescriptor * __cdecl wBlockRateCalcDesc<class Math::Vector<3, double>>::clone(void) const",method,,double>>,clone,void,True,False,True,False,False,False,True
685,684,0x2AC,?clone@?$wBlockSummatorDescriptor@H@@UEBAPEAVwSimulationBlockDescriptor@@XZ,public: virtual class wSimulationBlockDescriptor * __cdecl wBlockSummatorDescriptor<int>::clone(void) const,method,,wBlockSummatorDescriptor<int>,clone,void,True,False,True,False,False,False,True
686,685,0x2AD,?clone@?$wBlockSummatorDescriptor@N@@UEBAPEAVwSimulationBlockDescriptor@@XZ,public: virtual class wSimulationBlockDescriptor * __cdecl wBlockSummatorDescriptor<double>::clone(void) const,method,,wBlockSummatorDescriptor<double>,clone,void,True,False,True,False,False,False,True
687,686,0x2AE,?clone@?$wBlockSummatorDescriptor@V?$Vector@$02N@Math@@@@UEBAPEAVwSimulationBlockDescriptor@@XZ,"public: virtual class wSimulationBlockDescriptor * __cdecl wBlockSummatorDescriptor<class Math::Vector<3, double>>::clone(void) const",method,,double>>,clone,void,True,False,True,False,False,False,True
688,687,0x2AF,?clone@InputOutputBlock@wSimulationSystemScheme@@UEBAPEAVwSimulationBlockDescriptor@@XZ,public: virtual class wSimulationBlockDescriptor * __cdecl wSimulationSystemScheme::InputOutputBlock::clone(void) const,method,wSimulationSystemScheme,InputOutputBlock,clone,void,True,False,True,False,False,False,True
689,688,0x2B0,?clone@SpecialCommandsBlock@wSimulationSystemScheme@@UEBAPEAVwSimulationBlockDescriptor@@XZ,public: virtual class wSimulationBlockDescriptor * __cdecl wSimulationSystemScheme::SpecialCommandsBlock::clone(void) const,method,wSimulationSystemScheme,SpecialCommandsBlock,clone,void,True,False,True,False,False,False,True
690,689,0x2B1,?clone@wBlockANDDescriptor@@UEBAPEAVwSimulationBlockDescriptor@@XZ,public: virtual class wSimulationBlockDescriptor * __cdecl wBlockANDDescriptor::clone(void) const,method,,wBlockANDDescriptor,clone,void,True,False,True,False,False,False,True
691,690,0x2B2,?clone@wBlockANDtriggerDescriptor@@UEBAPEAVwSimulationBlockDescriptor@@XZ,public: virtual class wSimulationBlockDescriptor * __cdecl wBlockANDtriggerDescriptor::clone(void) const,method,,wBlockANDtriggerDescriptor,clone,void,True,False,True,False,False,False,True
692,691,0x2B3,?clone@wBlockConstantsDescriptor@@UEBAPEAVwSimulationBlockDescriptor@@XZ,public: virtual class wSimulationBlockDescriptor * __cdecl wBlockConstantsDescriptor::clone(void) const,method,,wBlockConstantsDescriptor,clone,void,True,False,True,False,False,False,True
693,692,0x2B4,?clone@wBlockDelayTriggerDescriptor@@UEBAPEAVwSimulationBlockDescriptor@@XZ,public: virtual class wSimulationBlockDescriptor * __cdecl wBlockDelayTriggerDescriptor::clone(void) const,method,,wBlockDelayTriggerDescriptor,clone,void,True,False,True,False,False,False,True
694,693,0x2B5,?clone@wBlockDelayTriggerMultipleDescriptor@@UEBAPEAVwSimulationBlockDescriptor@@XZ,public: virtual class wSimulationBlockDescriptor * __cdecl wBlockDelayTriggerMultipleDescriptor::clone(void) const,method,,wBlockDelayTriggerMultipleDescriptor,clone,void,True,False,True,False,False,False,True
695,694,0x2B6,?clone@wBlockDelayTriggerWireDescriptor@@UEBAPEAVwSimulationBlockDescriptor@@XZ,public: virtual class wSimulationBlockDescriptor * __cdecl wBlockDelayTriggerWireDescriptor::clone(void) const,method,,wBlockDelayTriggerWireDescriptor,clone,void,True,False,True,False,False,False,True
696,695,0x2B7,?clone@wBlockDoubleToVec3dTriggerDescriptor@@UEBAPEAVwSimulationBlockDescriptor@@XZ,public: virtual class wSimulationBlockDescriptor * __cdecl wBlockDoubleToVec3dTriggerDescriptor::clone(void) const,method,,wBlockDoubleToVec3dTriggerDescriptor,clone,void,True,False,True,False,False,False,True
697,696,0x2B8,?clone@wBlockLuaDescriptor@@UEBAPEAVwSimulationBlockDescriptor@@XZ,public: virtual class wSimulationBlockDescriptor * __cdecl wBlockLuaDescriptor::clone(void) const,method,,wBlockLuaDescriptor,clone,void,True,False,True,False,False,False,True
698,697,0x2B9,?clone@wBlockMultiplexDescriptor@@UEBAPEAVwSimulationBlockDescriptor@@XZ,public: virtual class wSimulationBlockDescriptor * __cdecl wBlockMultiplexDescriptor::clone(void) const,method,,wBlockMultiplexDescriptor,clone,void,True,False,True,False,False,False,True
699,698,0x2BA,?clone@wBlockNOTDescriptor@@UEBAPEAVwSimulationBlockDescriptor@@XZ,public: virtual class wSimulationBlockDescriptor * __cdecl wBlockNOTDescriptor::clone(void) const,method,,wBlockNOTDescriptor,clone,void,True,False,True,False,False,False,True
700,699,0x2BB,?clone@wBlockNOTtriggerDescriptor@@UEBAPEAVwSimulationBlockDescriptor@@XZ,public: virtual class wSimulationBlockDescriptor * __cdecl wBlockNOTtriggerDescriptor::clone(void) const,method,,wBlockNOTtriggerDescriptor,clone,void,True,False,True,False,False,False,True
701,700,0x2BC,?clone@wBlockORDescriptor@@UEBAPEAVwSimulationBlockDescriptor@@XZ,public: virtual class wSimulationBlockDescriptor * __cdecl wBlockORDescriptor::clone(void) const,method,,wBlockORDescriptor,clone,void,True,False,True,False,False,False,True
702,701,0x2BD,?clone@wBlockORtriggerDescriptor@@UEBAPEAVwSimulationBlockDescriptor@@XZ,public: virtual class wSimulationBlockDescriptor * __cdecl wBlockORtriggerDescriptor::clone(void) const,method,,wBlockORtriggerDescriptor,clone,void,True,False,True,False,False,False,True
703,702,0x2BE,?clone@wBlockOscilloscopeDescriptor@@UEBAPEAVwSimulationBlockDescriptor@@XZ,public: virtual class wSimulationBlockDescriptor * __cdecl wBlockOscilloscopeDescriptor::clone(void) const,method,,wBlockOscilloscopeDescriptor,clone,void,True,False,True,False,False,False,True
704,703,0x2BF,?clone@wBlockSubsystemDescriptor@@UEBAPEAVwSimulationBlockDescriptor@@XZ,public: virtual class wSimulationBlockDescriptor * __cdecl wBlockSubsystemDescriptor::clone(void) const,method,,wBlockSubsystemDescriptor,clone,void,True,False,True,False,False,False,True
705,704,0x2C0,?clone@wBlockVectorPickerDescriptor@@UEBAPEAVwSimulationBlockDescriptor@@XZ,public: virtual class wSimulationBlockDescriptor * __cdecl wBlockVectorPickerDescriptor::clone(void) const,method,,wBlockVectorPickerDescriptor,clone,void,True,False,True,False,False,False,True
706,705,0x2C1,?clone@wBlockWireDeserializerDescriptor@@UEBAPEAVwSimulationBlockDescriptor@@XZ,public: virtual class wSimulationBlockDescriptor * __cdecl wBlockWireDeserializerDescriptor::clone(void) const,method,,wBlockWireDeserializerDescriptor,clone,void,True,False,True,False,False,False,True
707,706,0x2C2,?clone@wBlockWireSerializerDescriptor@@UEBAPEAVwSimulationBlockDescriptor@@XZ,public: virtual class wSimulationBlockDescriptor * __cdecl wBlockWireSerializerDescriptor::clone(void) const,method,,wBlockWireSerializerDescriptor,clone,void,True,False,True,False,False,False,True
708,707,0x2C3,?clone@wBlockWireToPortDescriptor@@UEBAPEAVwSimulationBlockDescriptor@@XZ,public: virtual class wSimulationBlockDescriptor * __cdecl wBlockWireToPortDescriptor::clone(void) const,method,,wBlockWireToPortDescriptor,clone,void,True,False,True,False,False,False,True
709,708,0x2C4,?clone@wSimulationSystemScheme@@QEBAPEAV1@XZ,public: class wSimulationSystemScheme * __cdecl wSimulationSystemScheme::clone(void) const,method,,wSimulationSystemScheme,clone,void,True,False,False,False,False,False,True
710,709,0x2C5,?component@wBlockVectorPickerDescriptor@@QEBAHXZ,public: int __cdecl wBlockVectorPickerDescriptor::component(void) const,method,,wBlockVectorPickerDescriptor,component,void,True,False,False,False,False,False,True
711,710,0x2C6,?convertToWireType_@wBlockConstantsDescriptor@@IEAA?AW4eLeadType@@W4eParameterType@@@Z,protected: enum eLeadType __cdecl wBlockConstantsDescriptor::convertToWireType_(enum eParameterType),method,,wBlockConstantsDescriptor,convertToWireType_,enum eParameterType,False,False,False,False,False,False,True
712,711,0x2C7,?create@?$wBlockAvgerageValDescriptor@H@@UEAAPEAV?$wBlockAvgVal@H@@PEAVLoader@Lua@@@Z,public: virtual class wBlockAvgVal<int> * __cdecl wBlockAvgerageValDescriptor<int>::create(class Lua::Loader *),method,,wBlockAvgerageValDescriptor<int>,create,class Lua::Loader *,False,False,True,False,False,False,True
713,712,0x2C8,?create@?$wBlockAvgerageValDescriptor@N@@UEAAPEAV?$wBlockAvgVal@N@@PEAVLoader@Lua@@@Z,public: virtual class wBlockAvgVal<double> * __cdecl wBlockAvgerageValDescriptor<double>::create(class Lua::Loader *),method,,wBlockAvgerageValDescriptor<double>,create,class Lua::Loader *,False,False,True,False,False,False,True
714,713,0x2C9,?create@?$wBlockAvgerageValDescriptor@V?$Vector@$02N@Math@@@@UEAAPEAV?$wBlockAvgVal@V?$Vector@$02N@Math@@@@PEAVLoader@Lua@@@Z,"public: virtual class wBlockAvgVal<class Math::Vector<3, double>> * __cdecl wBlockAvgerageValDescriptor<class Math::Vector<3, double>>::create(class Lua::Loader *)",method,,double>>,create,class Lua::Loader *,False,False,True,False,False,False,True
715,714,0x2CA,?create@?$wBlockDeltaCalcDesc@H@@UEAAPEAV?$wBlockDeltaCalc@H@@PEAVLoader@Lua@@PEAVwSimulationSystem@@@Z,"public: virtual class wBlockDeltaCalc<int> * __cdecl wBlockDeltaCalcDesc<int>::create(class Lua::Loader *, class wSimulationSystem *)",method,,wBlockDeltaCalcDesc<int>,create,"class Lua::Loader *, class wSimulationSystem *",False,False,True,False,False,False,True
716,715,0x2CB,?create@?$wBlockDeltaCalcDesc@N@@UEAAPEAV?$wBlockDeltaCalc@N@@PEAVLoader@Lua@@PEAVwSimulationSystem@@@Z,"public: virtual class wBlockDeltaCalc<double> * __cdecl wBlockDeltaCalcDesc<double>::create(class Lua::Loader *, class wSimulationSystem *)",method,,wBlockDeltaCalcDesc<double>,create,"class Lua::Loader *, class wSimulationSystem *",False,False,True,False,False,False,True
717,716,0x2CC,?create@?$wBlockDeltaCalcDesc@V?$Vector@$02N@Math@@@@UEAAPEAV?$wBlockDeltaCalc@V?$Vector@$02N@Math@@@@PEAVLoader@Lua@@PEAVwSimulationSystem@@@Z,"public: virtual class wBlockDeltaCalc<class Math::Vector<3, double>> * __cdecl wBlockDeltaCalcDesc<class Math::Vector<3, double>>::create(class Lua::Loader *, class wSimulationSystem *)",method,,double>>,create,"class Lua::Loader *, class wSimulationSystem *",False,False,True,False,False,False,True
718,717,0x2CD,?create@?$wBlockI2ODescriptor@HN@@UEAAPEAV?$wBlockI2O@HN@@PEAVLoader@Lua@@@Z,"public: virtual class wBlockI2O<int, double> * __cdecl wBlockI2ODescriptor<int, double>::create(class Lua::Loader *)",method,,double>,create,class Lua::Loader *,False,False,True,False,False,False,True
719,718,0x2CE,?create@?$wBlockI2ODescriptor@H_N@@UEAAPEAV?$wBlockI2O@H_N@@PEAVLoader@Lua@@@Z,"public: virtual class wBlockI2O<int, bool> * __cdecl wBlockI2ODescriptor<int, bool>::create(class Lua::Loader *)",method,,bool>,create,class Lua::Loader *,False,False,True,False,False,False,True
720,719,0x2CF,?create@?$wBlockI2ODescriptor@N_N@@UEAAPEAV?$wBlockI2O@N_N@@PEAVLoader@Lua@@@Z,"public: virtual class wBlockI2O<double, bool> * __cdecl wBlockI2ODescriptor<double, bool>::create(class Lua::Loader *)",method,,bool>,create,class Lua::Loader *,False,False,True,False,False,False,True
721,720,0x2D0,?create@?$wBlockI2ODescriptor@_NH@@UEAAPEAV?$wBlockI2O@_NH@@PEAVLoader@Lua@@@Z,"public: virtual class wBlockI2O<bool, int> * __cdecl wBlockI2ODescriptor<bool, int>::create(class Lua::Loader *)",method,,int>,create,class Lua::Loader *,False,False,True,False,False,False,True
722,721,0x2D1,?create@?$wBlockI2ODescriptor@_NN@@UEAAPEAV?$wBlockI2O@_NN@@PEAVLoader@Lua@@@Z,"public: virtual class wBlockI2O<bool, double> * __cdecl wBlockI2ODescriptor<bool, double>::create(class Lua::Loader *)",method,,double>,create,class Lua::Loader *,False,False,True,False,False,False,True
723,722,0x2D2,?create@?$wBlockIntegratorDescriptor@N@@UEAAPEAV?$wBlockIntegrator@N@@PEAVLoader@Lua@@@Z,public: virtual class wBlockIntegrator<double> * __cdecl wBlockIntegratorDescriptor<double>::create(class Lua::Loader *),method,,wBlockIntegratorDescriptor<double>,create,class Lua::Loader *,False,False,True,False,False,False,True
724,723,0x2D3,?create@?$wBlockIntegratorDescriptor@V?$Vector@$02N@Math@@@@UEAAPEAV?$wBlockIntegrator@V?$Vector@$02N@Math@@@@PEAVLoader@Lua@@@Z,"public: virtual class wBlockIntegrator<class Math::Vector<3, double>> * __cdecl wBlockIntegratorDescriptor<class Math::Vector<3, double>>::create(class Lua::Loader *)",method,,double>>,create,class Lua::Loader *,False,False,True,False,False,False,True
725,724,0x2D4,?create@?$wBlockMaxValDescriptor@H@@UEAAPEAV?$wBlockMaxVal@H@@PEAVLoader@Lua@@@Z,public: virtual class wBlockMaxVal<int> * __cdecl wBlockMaxValDescriptor<int>::create(class Lua::Loader *),method,,wBlockMaxValDescriptor<int>,create,class Lua::Loader *,False,False,True,False,False,False,True
726,725,0x2D5,?create@?$wBlockMaxValDescriptor@N@@UEAAPEAV?$wBlockMaxVal@N@@PEAVLoader@Lua@@@Z,public: virtual class wBlockMaxVal<double> * __cdecl wBlockMaxValDescriptor<double>::create(class Lua::Loader *),method,,wBlockMaxValDescriptor<double>,create,class Lua::Loader *,False,False,True,False,False,False,True
727,726,0x2D6,?create@?$wBlockMaxValDescriptor@V?$Vector@$02N@Math@@@@UEAAPEAV?$wBlockMaxVal@V?$Vector@$02N@Math@@@@PEAVLoader@Lua@@@Z,"public: virtual class wBlockMaxVal<class Math::Vector<3, double>> * __cdecl wBlockMaxValDescriptor<class Math::Vector<3, double>>::create(class Lua::Loader *)",method,,double>>,create,class Lua::Loader *,False,False,True,False,False,False,True
728,727,0x2D7,?create@?$wBlockMinValDescriptor@H@@UEAAPEAV?$wBlockMinVal@H@@PEAVLoader@Lua@@@Z,public: virtual class wBlockMinVal<int> * __cdecl wBlockMinValDescriptor<int>::create(class Lua::Loader *),method,,wBlockMinValDescriptor<int>,create,class Lua::Loader *,False,False,True,False,False,False,True
729,728,0x2D8,?create@?$wBlockMinValDescriptor@N@@UEAAPEAV?$wBlockMinVal@N@@PEAVLoader@Lua@@@Z,public: virtual class wBlockMinVal<double> * __cdecl wBlockMinValDescriptor<double>::create(class Lua::Loader *),method,,wBlockMinValDescriptor<double>,create,class Lua::Loader *,False,False,True,False,False,False,True
730,729,0x2D9,?create@?$wBlockMinValDescriptor@V?$Vector@$02N@Math@@@@UEAAPEAV?$wBlockMinVal@V?$Vector@$02N@Math@@@@PEAVLoader@Lua@@@Z,"public: virtual class wBlockMinVal<class Math::Vector<3, double>> * __cdecl wBlockMinValDescriptor<class Math::Vector<3, double>>::create(class Lua::Loader *)",method,,double>>,create,class Lua::Loader *,False,False,True,False,False,False,True
731,730,0x2DA,?create@?$wBlockP2WDesc@H@@UEAAPEAV?$wBlockP2W@H@@PEAVLoader@Lua@@PEAVwSimulationSystem@@@Z,"public: virtual class wBlockP2W<int> * __cdecl wBlockP2WDesc<int>::create(class Lua::Loader *, class wSimulationSystem *)",method,,wBlockP2WDesc<int>,create,"class Lua::Loader *, class wSimulationSystem *",False,False,True,False,False,False,True
732,731,0x2DB,?create@?$wBlockP2WDesc@N@@UEAAPEAV?$wBlockP2W@N@@PEAVLoader@Lua@@PEAVwSimulationSystem@@@Z,"public: virtual class wBlockP2W<double> * __cdecl wBlockP2WDesc<double>::create(class Lua::Loader *, class wSimulationSystem *)",method,,wBlockP2WDesc<double>,create,"class Lua::Loader *, class wSimulationSystem *",False,False,True,False,False,False,True
733,732,0x2DC,?create@?$wBlockP2WDesc@V?$Vector@$02N@Math@@@@UEAAPEAV?$wBlockP2W@V?$Vector@$02N@Math@@@@PEAVLoader@Lua@@PEAVwSimulationSystem@@@Z,"public: virtual class wBlockP2W<class Math::Vector<3, double>> * __cdecl wBlockP2WDesc<class Math::Vector<3, double>>::create(class Lua::Loader *, class wSimulationSystem *)",method,,double>>,create,"class Lua::Loader *, class wSimulationSystem *",False,False,True,False,False,False,True
734,733,0x2DD,?create@?$wBlockP2WDesc@_N@@UEAAPEAV?$wBlockP2W@_N@@PEAVLoader@Lua@@PEAVwSimulationSystem@@@Z,"public: virtual class wBlockP2W<bool> * __cdecl wBlockP2WDesc<bool>::create(class Lua::Loader *, class wSimulationSystem *)",method,,wBlockP2WDesc<bool>,create,"class Lua::Loader *, class wSimulationSystem *",False,False,True,False,False,False,True
735,734,0x2DE,?create@?$wBlockRateCalcDesc@H@@UEAAPEAV?$wBlockRateCalc@H@@PEAVLoader@Lua@@PEAVwSimulationSystem@@@Z,"public: virtual class wBlockRateCalc<int> * __cdecl wBlockRateCalcDesc<int>::create(class Lua::Loader *, class wSimulationSystem *)",method,,wBlockRateCalcDesc<int>,create,"class Lua::Loader *, class wSimulationSystem *",False,False,True,False,False,False,True
736,735,0x2DF,?create@?$wBlockRateCalcDesc@N@@UEAAPEAV?$wBlockRateCalc@N@@PEAVLoader@Lua@@PEAVwSimulationSystem@@@Z,"public: virtual class wBlockRateCalc<double> * __cdecl wBlockRateCalcDesc<double>::create(class Lua::Loader *, class wSimulationSystem *)",method,,wBlockRateCalcDesc<double>,create,"class Lua::Loader *, class wSimulationSystem *",False,False,True,False,False,False,True
737,736,0x2E0,?create@?$wBlockRateCalcDesc@V?$Vector@$02N@Math@@@@UEAAPEAV?$wBlockRateCalc@V?$Vector@$02N@Math@@@@PEAVLoader@Lua@@PEAVwSimulationSystem@@@Z,"public: virtual class wBlockRateCalc<class Math::Vector<3, double>> * __cdecl wBlockRateCalcDesc<class Math::Vector<3, double>>::create(class Lua::Loader *, class wSimulationSystem *)",method,,double>>,create,"class Lua::Loader *, class wSimulationSystem *",False,False,True,False,False,False,True
738,737,0x2E1,?create@?$wBlockSummatorDescriptor@H@@UEAAPEAV?$wBlockSummator@H@@PEAVLoader@Lua@@@Z,public: virtual class wBlockSummator<int> * __cdecl wBlockSummatorDescriptor<int>::create(class Lua::Loader *),method,,wBlockSummatorDescriptor<int>,create,class Lua::Loader *,False,False,True,False,False,False,True
739,738,0x2E2,?create@?$wBlockSummatorDescriptor@N@@UEAAPEAV?$wBlockSummator@N@@PEAVLoader@Lua@@@Z,public: virtual class wBlockSummator<double> * __cdecl wBlockSummatorDescriptor<double>::create(class Lua::Loader *),method,,wBlockSummatorDescriptor<double>,create,class Lua::Loader *,False,False,True,False,False,False,True
740,739,0x2E3,?create@?$wBlockSummatorDescriptor@V?$Vector@$02N@Math@@@@UEAAPEAV?$wBlockSummator@V?$Vector@$02N@Math@@@@PEAVLoader@Lua@@@Z,"public: virtual class wBlockSummator<class Math::Vector<3, double>> * __cdecl wBlockSummatorDescriptor<class Math::Vector<3, double>>::create(class Lua::Loader *)",method,,double>>,create,class Lua::Loader *,False,False,True,False,False,False,True
741,740,0x2E4,?create@InputOutputBlock@wSimulationSystemScheme@@UEAAPEAVwSimulationBlockDisc@@PEAVLoader@Lua@@PEAVwSimulationSystem@@@Z,"public: virtual class wSimulationBlockDisc * __cdecl wSimulationSystemScheme::InputOutputBlock::create(class Lua::Loader *, class wSimulationSystem *)",method,wSimulationSystemScheme,InputOutputBlock,create,"class Lua::Loader *, class wSimulationSystem *",False,False,True,False,False,False,True
742,741,0x2E5,?create@SpecialCommandsBlock@wSimulationSystemScheme@@UEAAPEAVwSimulationBlockStateless@@PEAVLoader@Lua@@@Z,public: virtual class wSimulationBlockStateless * __cdecl wSimulationSystemScheme::SpecialCommandsBlock::create(class Lua::Loader *),method,wSimulationSystemScheme,SpecialCommandsBlock,create,class Lua::Loader *,False,False,True,False,False,False,True
743,742,0x2E6,?create@wBlockANDDescriptor@@UEAAPEAVwBlockAND@@PEAVLoader@Lua@@@Z,public: virtual class wBlockAND * __cdecl wBlockANDDescriptor::create(class Lua::Loader *),method,,wBlockANDDescriptor,create,class Lua::Loader *,False,False,True,False,False,False,True
744,743,0x2E7,?create@wBlockANDtriggerDescriptor@@UEAAPEAVwBlockANDtrigger@@PEAVLoader@Lua@@@Z,public: virtual class wBlockANDtrigger * __cdecl wBlockANDtriggerDescriptor::create(class Lua::Loader *),method,,wBlockANDtriggerDescriptor,create,class Lua::Loader *,False,False,True,False,False,False,True
745,744,0x2E8,?create@wBlockConstantsDescriptor@@UEAAPEAVwBlockConstants@@PEAVLoader@Lua@@PEAVwSimulationSystem@@@Z,"public: virtual class wBlockConstants * __cdecl wBlockConstantsDescriptor::create(class Lua::Loader *, class wSimulationSystem *)",method,,wBlockConstantsDescriptor,create,"class Lua::Loader *, class wSimulationSystem *",False,False,True,False,False,False,True
746,745,0x2E9,?create@wBlockDelayTriggerDescriptor@@UEAAPEAVwBlockDelayTrigger@@PEAVLoader@Lua@@PEAVwSimulationSystem@@@Z,"public: virtual class wBlockDelayTrigger * __cdecl wBlockDelayTriggerDescriptor::create(class Lua::Loader *, class wSimulationSystem *)",method,,wBlockDelayTriggerDescriptor,create,"class Lua::Loader *, class wSimulationSystem *",False,False,True,False,False,False,True
747,746,0x2EA,?create@wBlockDelayTriggerMultipleDescriptor@@UEAAPEAVwBlockDelayTriggerMultiple@@PEAVLoader@Lua@@PEAVwSimulationSystem@@@Z,"public: virtual class wBlockDelayTriggerMultiple * __cdecl wBlockDelayTriggerMultipleDescriptor::create(class Lua::Loader *, class wSimulationSystem *)",method,,wBlockDelayTriggerMultipleDescriptor,create,"class Lua::Loader *, class wSimulationSystem *",False,False,True,False,False,False,True
748,747,0x2EB,?create@wBlockDelayTriggerWireDescriptor@@UEAAPEAVwBlockDelayTriggerWire@@PEAVLoader@Lua@@PEAVwSimulationSystem@@@Z,"public: virtual class wBlockDelayTriggerWire * __cdecl wBlockDelayTriggerWireDescriptor::create(class Lua::Loader *, class wSimulationSystem *)",method,,wBlockDelayTriggerWireDescriptor,create,"class Lua::Loader *, class wSimulationSystem *",False,False,True,False,False,False,True
749,748,0x2EC,?create@wBlockDoubleToVec3dTriggerDescriptor@@UEAAPEAVwBlockDoubleToVec3dTrigger@@PEAVLoader@Lua@@@Z,public: virtual class wBlockDoubleToVec3dTrigger * __cdecl wBlockDoubleToVec3dTriggerDescriptor::create(class Lua::Loader *),method,,wBlockDoubleToVec3dTriggerDescriptor,create,class Lua::Loader *,False,False,True,False,False,False,True
750,749,0x2ED,?create@wBlockLuaDescriptor@@UEAAPEAVwBlockLua@@PEAVLoader@Lua@@PEAVwSimulationSystem@@@Z,"public: virtual class wBlockLua * __cdecl wBlockLuaDescriptor::create(class Lua::Loader *, class wSimulationSystem *)",method,,wBlockLuaDescriptor,create,"class Lua::Loader *, class wSimulationSystem *",False,False,True,False,False,False,True
751,750,0x2EE,?create@wBlockMultiplexDescriptor@@UEAAPEAVwBlockMultiplex@@PEAVLoader@Lua@@@Z,public: virtual class wBlockMultiplex * __cdecl wBlockMultiplexDescriptor::create(class Lua::Loader *),method,,wBlockMultiplexDescriptor,create,class Lua::Loader *,False,False,True,False,False,False,True
752,751,0x2EF,?create@wBlockNOTDescriptor@@UEAAPEAVwBlockNOT@@PEAVLoader@Lua@@@Z,public: virtual class wBlockNOT * __cdecl wBlockNOTDescriptor::create(class Lua::Loader *),method,,wBlockNOTDescriptor,create,class Lua::Loader *,False,False,True,False,False,False,True
753,752,0x2F0,?create@wBlockNOTtriggerDescriptor@@UEAAPEAVwBlockNOTtrigger@@PEAVLoader@Lua@@@Z,public: virtual class wBlockNOTtrigger * __cdecl wBlockNOTtriggerDescriptor::create(class Lua::Loader *),method,,wBlockNOTtriggerDescriptor,create,class Lua::Loader *,False,False,True,False,False,False,True
754,753,0x2F1,?create@wBlockORDescriptor@@UEAAPEAVwBlockOR@@PEAVLoader@Lua@@@Z,public: virtual class wBlockOR * __cdecl wBlockORDescriptor::create(class Lua::Loader *),method,,wBlockORDescriptor,create,class Lua::Loader *,False,False,True,False,False,False,True
755,754,0x2F2,?create@wBlockORtriggerDescriptor@@UEAAPEAVwBlockORtrigger@@PEAVLoader@Lua@@@Z,public: virtual class wBlockORtrigger * __cdecl wBlockORtriggerDescriptor::create(class Lua::Loader *),method,,wBlockORtriggerDescriptor,create,class Lua::Loader *,False,False,True,False,False,False,True
756,755,0x2F3,?create@wBlockOscilloscopeDescriptor@@UEAAPEAVwBlockOscilloscope@@PEAVLoader@Lua@@PEAVwSimulationSystem@@@Z,"public: virtual class wBlockOscilloscope * __cdecl wBlockOscilloscopeDescriptor::create(class Lua::Loader *, class wSimulationSystem *)",method,,wBlockOscilloscopeDescriptor,create,"class Lua::Loader *, class wSimulationSystem *",False,False,True,False,False,False,True
757,756,0x2F4,?create@wBlockSubsystemDescriptor@@UEAAPEAVwBlockSubsystem@@PEAVLoader@Lua@@PEAVwSimulationSystem@@@Z,"public: virtual class wBlockSubsystem * __cdecl wBlockSubsystemDescriptor::create(class Lua::Loader *, class wSimulationSystem *)",method,,wBlockSubsystemDescriptor,create,"class Lua::Loader *, class wSimulationSystem *",False,False,True,False,False,False,True
758,757,0x2F5,?create@wBlockVectorPickerDescriptor@@UEAAPEAVwBlockVectorPicker@@PEAVLoader@Lua@@@Z,public: virtual class wBlockVectorPicker * __cdecl wBlockVectorPickerDescriptor::create(class Lua::Loader *),method,,wBlockVectorPickerDescriptor,create,class Lua::Loader *,False,False,True,False,False,False,True
759,758,0x2F6,?create@wBlockWireDeserializerDescriptor@@UEAAPEAVwBlockWireDeserializer@@PEAVLoader@Lua@@PEAVwSimulationSystem@@@Z,"public: virtual class wBlockWireDeserializer * __cdecl wBlockWireDeserializerDescriptor::create(class Lua::Loader *, class wSimulationSystem *)",method,,wBlockWireDeserializerDescriptor,create,"class Lua::Loader *, class wSimulationSystem *",False,False,True,False,False,False,True
760,759,0x2F7,?create@wBlockWireSerializerDescriptor@@UEAAPEAVwBlockWireSerializer@@PEAVLoader@Lua@@PEAVwSimulationSystem@@@Z,"public: virtual class wBlockWireSerializer * __cdecl wBlockWireSerializerDescriptor::create(class Lua::Loader *, class wSimulationSystem *)",method,,wBlockWireSerializerDescriptor,create,"class Lua::Loader *, class wSimulationSystem *",False,False,True,False,False,False,True
761,760,0x2F8,?create@wBlockWireToPortDescriptor@@UEAAPEAVwBlockWireToPort@@PEAVLoader@Lua@@PEAVwSimulationSystem@@@Z,"public: virtual class wBlockWireToPort * __cdecl wBlockWireToPortDescriptor::create(class Lua::Loader *, class wSimulationSystem *)",method,,wBlockWireToPortDescriptor,create,"class Lua::Loader *, class wSimulationSystem *",False,False,True,False,False,False,True
762,761,0x2F9,?debug_dump@wBlockSubsystemDescriptor@@UEAAXXZ,public: virtual void __cdecl wBlockSubsystemDescriptor::debug_dump(void),method,,wBlockSubsystemDescriptor,debug_dump,void,False,False,True,False,False,False,True
763,762,0x2FA,?debug_dump@wSimulationBlockDescriptor@@UEAAXXZ,public: virtual void __cdecl wSimulationBlockDescriptor::debug_dump(void),method,,wSimulationBlockDescriptor,debug_dump,void,False,False,True,False,False,False,True
764,763,0x2FB,?debug_dump@wSimulationSystemScheme@@QEAAXXZ,public: void __cdecl wSimulationSystemScheme::debug_dump(void),method,,wSimulationSystemScheme,debug_dump,void,False,False,False,False,False,False,True
765,764,0x2FC,?decSchemeQueueTime@wSimulationSystem@@QEAAXN@Z,public: void __cdecl wSimulationSystem::decSchemeQueueTime(double),method,,wSimulationSystem,decSchemeQueueTime,double,False,False,False,False,False,False,True
766,765,0x2FD,?endMetatable@Loader@Lua@@QEAAXXZ,public: void __cdecl Lua::Loader::endMetatable(void),method,Lua,Loader,endMetatable,void,False,False,False,False,False,False,True
767,766,0x2FE,?endSubtable@Loader@Lua@@QEAAXXZ,public: void __cdecl Lua::Loader::endSubtable(void),method,Lua,Loader,endSubtable,void,False,False,False,False,False,False,True
768,767,0x2FF,?extractPath_@Loader@Lua@@IEAA?AV?$basic_string@D@ed@@AEBV34@@Z,protected: class ed::basic_string<char> __cdecl Lua::Loader::extractPath_(class ed::basic_string<char> const &),method,Lua,Loader,extractPath_,class ed::basic_string<char> const &,False,False,False,False,False,False,True
769,768,0x300,?findInputConnection_@wSimulationSystemScheme@@IEAA_NPEBVwSimulationBlockDescriptor@@AEBV?$basic_string@D@ed@@@Z,"protected: bool __cdecl wSimulationSystemScheme::findInputConnection_(class wSimulationBlockDescriptor const *, class ed::basic_string<char> const &)",method,,wSimulationSystemScheme,findInputConnection_,"class wSimulationBlockDescriptor const *, class ed::basic_string<char> const &",False,False,False,False,False,False,True
770,769,0x301,?generate@wSimulationBlockFactory@@QEAAPEAVwSimulationBlockDescriptor@@AEBV?$basic_string@D@ed@@@Z,public: class wSimulationBlockDescriptor * __cdecl wSimulationBlockFactory::generate(class ed::basic_string<char> const &),method,,wSimulationBlockFactory,generate,class ed::basic_string<char> const &,False,False,False,False,False,False,True
771,770,0x302,?getBlockByIndex@wSimulationSystemScheme@@QEAAPEAVwSimulationBlockDescriptor@@H@Z,public: class wSimulationBlockDescriptor * __cdecl wSimulationSystemScheme::getBlockByIndex(int),method,,wSimulationSystemScheme,getBlockByIndex,int,False,False,False,False,False,False,True
772,771,0x303,?getBlockByName@wSimulationSystemScheme@@QEAAPEAVwSimulationBlockDescriptor@@AEBV?$basic_string@D@ed@@@Z,public: class wSimulationBlockDescriptor * __cdecl wSimulationSystemScheme::getBlockByName(class ed::basic_string<char> const &),method,,wSimulationSystemScheme,getBlockByName,class ed::basic_string<char> const &,False,False,False,False,False,False,True
773,772,0x304,?getBlockByName@wSimulationSystemScheme@@QEBAPEBVwSimulationBlockDescriptor@@AEBV?$basic_string@D@ed@@@Z,public: class wSimulationBlockDescriptor const * __cdecl wSimulationSystemScheme::getBlockByName(class ed::basic_string<char> const &) const,method,,wSimulationSystemScheme,getBlockByName,class ed::basic_string<char> const &,True,False,False,False,False,False,True
774,773,0x305,?getBlockClassNameS@?$wBlockAvgerageValDescriptor@H@@SAAEBV?$basic_string@D@ed@@XZ,public: static class ed::basic_string<char> const & __cdecl wBlockAvgerageValDescriptor<int>::getBlockClassNameS(void),method,,wBlockAvgerageValDescriptor<int>,getBlockClassNameS,void,False,True,False,False,False,False,True
775,774,0x306,?getBlockClassNameS@?$wBlockAvgerageValDescriptor@N@@SAAEBV?$basic_string@D@ed@@XZ,public: static class ed::basic_string<char> const & __cdecl wBlockAvgerageValDescriptor<double>::getBlockClassNameS(void),method,,wBlockAvgerageValDescriptor<double>,getBlockClassNameS,void,False,True,False,False,False,False,True
776,775,0x307,?getBlockClassNameS@?$wBlockAvgerageValDescriptor@V?$Vector@$02N@Math@@@@SAAEBV?$basic_string@D@ed@@XZ,"public: static class ed::basic_string<char> const & __cdecl wBlockAvgerageValDescriptor<class Math::Vector<3, double>>::getBlockClassNameS(void)",method,,double>>,getBlockClassNameS,void,False,True,False,False,False,False,True
777,776,0x308,?getBlockClassNameS@?$wBlockDeltaCalcDesc@H@@SAAEBV?$basic_string@D@ed@@XZ,public: static class ed::basic_string<char> const & __cdecl wBlockDeltaCalcDesc<int>::getBlockClassNameS(void),method,,wBlockDeltaCalcDesc<int>,getBlockClassNameS,void,False,True,False,False,False,False,True
778,777,0x309,?getBlockClassNameS@?$wBlockDeltaCalcDesc@N@@SAAEBV?$basic_string@D@ed@@XZ,public: static class ed::basic_string<char> const & __cdecl wBlockDeltaCalcDesc<double>::getBlockClassNameS(void),method,,wBlockDeltaCalcDesc<double>,getBlockClassNameS,void,False,True,False,False,False,False,True
779,778,0x30A,?getBlockClassNameS@?$wBlockDeltaCalcDesc@V?$Vector@$02N@Math@@@@SAAEBV?$basic_string@D@ed@@XZ,"public: static class ed::basic_string<char> const & __cdecl wBlockDeltaCalcDesc<class Math::Vector<3, double>>::getBlockClassNameS(void)",method,,double>>,getBlockClassNameS,void,False,True,False,False,False,False,True
780,779,0x30B,?getBlockClassNameS@?$wBlockI2ODescriptor@HN@@SAAEBV?$basic_string@D@ed@@XZ,"public: static class ed::basic_string<char> const & __cdecl wBlockI2ODescriptor<int, double>::getBlockClassNameS(void)",method,,double>,getBlockClassNameS,void,False,True,False,False,False,False,True
781,780,0x30C,?getBlockClassNameS@?$wBlockI2ODescriptor@H_N@@SAAEBV?$basic_string@D@ed@@XZ,"public: static class ed::basic_string<char> const & __cdecl wBlockI2ODescriptor<int, bool>::getBlockClassNameS(void)",method,,bool>,getBlockClassNameS,void,False,True,False,False,False,False,True
782,781,0x30D,?getBlockClassNameS@?$wBlockI2ODescriptor@N_N@@SAAEBV?$basic_string@D@ed@@XZ,"public: static class ed::basic_string<char> const & __cdecl wBlockI2ODescriptor<double, bool>::getBlockClassNameS(void)",method,,bool>,getBlockClassNameS,void,False,True,False,False,False,False,True
783,782,0x30E,?getBlockClassNameS@?$wBlockI2ODescriptor@_NH@@SAAEBV?$basic_string@D@ed@@XZ,"public: static class ed::basic_string<char> const & __cdecl wBlockI2ODescriptor<bool, int>::getBlockClassNameS(void)",method,,int>,getBlockClassNameS,void,False,True,False,False,False,False,True
784,783,0x30F,?getBlockClassNameS@?$wBlockI2ODescriptor@_NN@@SAAEBV?$basic_string@D@ed@@XZ,"public: static class ed::basic_string<char> const & __cdecl wBlockI2ODescriptor<bool, double>::getBlockClassNameS(void)",method,,double>,getBlockClassNameS,void,False,True,False,False,False,False,True
785,784,0x310,?getBlockClassNameS@?$wBlockIntegratorDescriptor@N@@SAAEBV?$basic_string@D@ed@@XZ,public: static class ed::basic_string<char> const & __cdecl wBlockIntegratorDescriptor<double>::getBlockClassNameS(void),method,,wBlockIntegratorDescriptor<double>,getBlockClassNameS,void,False,True,False,False,False,False,True
786,785,0x311,?getBlockClassNameS@?$wBlockIntegratorDescriptor@V?$Vector@$02N@Math@@@@SAAEBV?$basic_string@D@ed@@XZ,"public: static class ed::basic_string<char> const & __cdecl wBlockIntegratorDescriptor<class Math::Vector<3, double>>::getBlockClassNameS(void)",method,,double>>,getBlockClassNameS,void,False,True,False,False,False,False,True
787,786,0x312,?getBlockClassNameS@?$wBlockMaxValDescriptor@H@@SAAEBV?$basic_string@D@ed@@XZ,public: static class ed::basic_string<char> const & __cdecl wBlockMaxValDescriptor<int>::getBlockClassNameS(void),method,,wBlockMaxValDescriptor<int>,getBlockClassNameS,void,False,True,False,False,False,False,True
788,787,0x313,?getBlockClassNameS@?$wBlockMaxValDescriptor@N@@SAAEBV?$basic_string@D@ed@@XZ,public: static class ed::basic_string<char> const & __cdecl wBlockMaxValDescriptor<double>::getBlockClassNameS(void),method,,wBlockMaxValDescriptor<double>,getBlockClassNameS,void,False,True,False,False,False,False,True
789,788,0x314,?getBlockClassNameS@?$wBlockMaxValDescriptor@V?$Vector@$02N@Math@@@@SAAEBV?$basic_string@D@ed@@XZ,"public: static class ed::basic_string<char> const & __cdecl wBlockMaxValDescriptor<class Math::Vector<3, double>>::getBlockClassNameS(void)",method,,double>>,getBlockClassNameS,void,False,True,False,False,False,False,True
790,789,0x315,?getBlockClassNameS@?$wBlockMinValDescriptor@H@@SAAEBV?$basic_string@D@ed@@XZ,public: static class ed::basic_string<char> const & __cdecl wBlockMinValDescriptor<int>::getBlockClassNameS(void),method,,wBlockMinValDescriptor<int>,getBlockClassNameS,void,False,True,False,False,False,False,True
791,790,0x316,?getBlockClassNameS@?$wBlockMinValDescriptor@N@@SAAEBV?$basic_string@D@ed@@XZ,public: static class ed::basic_string<char> const & __cdecl wBlockMinValDescriptor<double>::getBlockClassNameS(void),method,,wBlockMinValDescriptor<double>,getBlockClassNameS,void,False,True,False,False,False,False,True
792,791,0x317,?getBlockClassNameS@?$wBlockMinValDescriptor@V?$Vector@$02N@Math@@@@SAAEBV?$basic_string@D@ed@@XZ,"public: static class ed::basic_string<char> const & __cdecl wBlockMinValDescriptor<class Math::Vector<3, double>>::getBlockClassNameS(void)",method,,double>>,getBlockClassNameS,void,False,True,False,False,False,False,True
793,792,0x318,?getBlockClassNameS@?$wBlockP2WDesc@H@@SAAEBV?$basic_string@D@ed@@XZ,public: static class ed::basic_string<char> const & __cdecl wBlockP2WDesc<int>::getBlockClassNameS(void),method,,wBlockP2WDesc<int>,getBlockClassNameS,void,False,True,False,False,False,False,True
794,793,0x319,?getBlockClassNameS@?$wBlockP2WDesc@N@@SAAEBV?$basic_string@D@ed@@XZ,public: static class ed::basic_string<char> const & __cdecl wBlockP2WDesc<double>::getBlockClassNameS(void),method,,wBlockP2WDesc<double>,getBlockClassNameS,void,False,True,False,False,False,False,True
795,794,0x31A,?getBlockClassNameS@?$wBlockP2WDesc@V?$Vector@$02N@Math@@@@SAAEBV?$basic_string@D@ed@@XZ,"public: static class ed::basic_string<char> const & __cdecl wBlockP2WDesc<class Math::Vector<3, double>>::getBlockClassNameS(void)",method,,double>>,getBlockClassNameS,void,False,True,False,False,False,False,True
796,795,0x31B,?getBlockClassNameS@?$wBlockP2WDesc@_N@@SAAEBV?$basic_string@D@ed@@XZ,public: static class ed::basic_string<char> const & __cdecl wBlockP2WDesc<bool>::getBlockClassNameS(void),method,,wBlockP2WDesc<bool>,getBlockClassNameS,void,False,True,False,False,False,False,True
797,796,0x31C,?getBlockClassNameS@?$wBlockRateCalcDesc@H@@SAAEBV?$basic_string@D@ed@@XZ,public: static class ed::basic_string<char> const & __cdecl wBlockRateCalcDesc<int>::getBlockClassNameS(void),method,,wBlockRateCalcDesc<int>,getBlockClassNameS,void,False,True,False,False,False,False,True
798,797,0x31D,?getBlockClassNameS@?$wBlockRateCalcDesc@N@@SAAEBV?$basic_string@D@ed@@XZ,public: static class ed::basic_string<char> const & __cdecl wBlockRateCalcDesc<double>::getBlockClassNameS(void),method,,wBlockRateCalcDesc<double>,getBlockClassNameS,void,False,True,False,False,False,False,True
799,798,0x31E,?getBlockClassNameS@?$wBlockRateCalcDesc@V?$Vector@$02N@Math@@@@SAAEBV?$basic_string@D@ed@@XZ,"public: static class ed::basic_string<char> const & __cdecl wBlockRateCalcDesc<class Math::Vector<3, double>>::getBlockClassNameS(void)",method,,double>>,getBlockClassNameS,void,False,True,False,False,False,False,True
800,799,0x31F,?getBlockClassNameS@?$wBlockSummatorDescriptor@H@@SAAEBV?$basic_string@D@ed@@XZ,public: static class ed::basic_string<char> const & __cdecl wBlockSummatorDescriptor<int>::getBlockClassNameS(void),method,,wBlockSummatorDescriptor<int>,getBlockClassNameS,void,False,True,False,False,False,False,True
801,800,0x320,?getBlockClassNameS@?$wBlockSummatorDescriptor@N@@SAAEBV?$basic_string@D@ed@@XZ,public: static class ed::basic_string<char> const & __cdecl wBlockSummatorDescriptor<double>::getBlockClassNameS(void),method,,wBlockSummatorDescriptor<double>,getBlockClassNameS,void,False,True,False,False,False,False,True
802,801,0x321,?getBlockClassNameS@?$wBlockSummatorDescriptor@V?$Vector@$02N@Math@@@@SAAEBV?$basic_string@D@ed@@XZ,"public: static class ed::basic_string<char> const & __cdecl wBlockSummatorDescriptor<class Math::Vector<3, double>>::getBlockClassNameS(void)",method,,double>>,getBlockClassNameS,void,False,True,False,False,False,False,True
803,802,0x322,?getBlockClassNameS@wBlockANDDescriptor@@SAAEBV?$basic_string@D@ed@@XZ,public: static class ed::basic_string<char> const & __cdecl wBlockANDDescriptor::getBlockClassNameS(void),method,,wBlockANDDescriptor,getBlockClassNameS,void,False,True,False,False,False,False,True
804,803,0x323,?getBlockClassNameS@wBlockANDtriggerDescriptor@@SAAEBV?$basic_string@D@ed@@XZ,public: static class ed::basic_string<char> const & __cdecl wBlockANDtriggerDescriptor::getBlockClassNameS(void),method,,wBlockANDtriggerDescriptor,getBlockClassNameS,void,False,True,False,False,False,False,True
805,804,0x324,?getBlockClassNameS@wBlockConstantsDescriptor@@SAAEBV?$basic_string@D@ed@@XZ,public: static class ed::basic_string<char> const & __cdecl wBlockConstantsDescriptor::getBlockClassNameS(void),method,,wBlockConstantsDescriptor,getBlockClassNameS,void,False,True,False,False,False,False,True
806,805,0x325,?getBlockClassNameS@wBlockDelayTriggerDescriptor@@SAAEBV?$basic_string@D@ed@@XZ,public: static class ed::basic_string<char> const & __cdecl wBlockDelayTriggerDescriptor::getBlockClassNameS(void),method,,wBlockDelayTriggerDescriptor,getBlockClassNameS,void,False,True,False,False,False,False,True
807,806,0x326,?getBlockClassNameS@wBlockDelayTriggerMultipleDescriptor@@SAAEBV?$basic_string@D@ed@@XZ,public: static class ed::basic_string<char> const & __cdecl wBlockDelayTriggerMultipleDescriptor::getBlockClassNameS(void),method,,wBlockDelayTriggerMultipleDescriptor,getBlockClassNameS,void,False,True,False,False,False,False,True
808,807,0x327,?getBlockClassNameS@wBlockDelayTriggerWireDescriptor@@SAAEBV?$basic_string@D@ed@@XZ,public: static class ed::basic_string<char> const & __cdecl wBlockDelayTriggerWireDescriptor::getBlockClassNameS(void),method,,wBlockDelayTriggerWireDescriptor,getBlockClassNameS,void,False,True,False,False,False,False,True
809,808,0x328,?getBlockClassNameS@wBlockDoubleToVec3dTriggerDescriptor@@SAAEBV?$basic_string@D@ed@@XZ,public: static class ed::basic_string<char> const & __cdecl wBlockDoubleToVec3dTriggerDescriptor::getBlockClassNameS(void),method,,wBlockDoubleToVec3dTriggerDescriptor,getBlockClassNameS,void,False,True,False,False,False,False,True
810,809,0x329,?getBlockClassNameS@wBlockLuaDescriptor@@SAAEBV?$basic_string@D@ed@@XZ,public: static class ed::basic_string<char> const & __cdecl wBlockLuaDescriptor::getBlockClassNameS(void),method,,wBlockLuaDescriptor,getBlockClassNameS,void,False,True,False,False,False,False,True
811,810,0x32A,?getBlockClassNameS@wBlockMultiplexDescriptor@@SAAEBV?$basic_string@D@ed@@XZ,public: static class ed::basic_string<char> const & __cdecl wBlockMultiplexDescriptor::getBlockClassNameS(void),method,,wBlockMultiplexDescriptor,getBlockClassNameS,void,False,True,False,False,False,False,True
812,811,0x32B,?getBlockClassNameS@wBlockNOTDescriptor@@SAAEBV?$basic_string@D@ed@@XZ,public: static class ed::basic_string<char> const & __cdecl wBlockNOTDescriptor::getBlockClassNameS(void),method,,wBlockNOTDescriptor,getBlockClassNameS,void,False,True,False,False,False,False,True
813,812,0x32C,?getBlockClassNameS@wBlockNOTtriggerDescriptor@@SAAEBV?$basic_string@D@ed@@XZ,public: static class ed::basic_string<char> const & __cdecl wBlockNOTtriggerDescriptor::getBlockClassNameS(void),method,,wBlockNOTtriggerDescriptor,getBlockClassNameS,void,False,True,False,False,False,False,True
814,813,0x32D,?getBlockClassNameS@wBlockORDescriptor@@SAAEBV?$basic_string@D@ed@@XZ,public: static class ed::basic_string<char> const & __cdecl wBlockORDescriptor::getBlockClassNameS(void),method,,wBlockORDescriptor,getBlockClassNameS,void,False,True,False,False,False,False,True
815,814,0x32E,?getBlockClassNameS@wBlockORtriggerDescriptor@@SAAEBV?$basic_string@D@ed@@XZ,public: static class ed::basic_string<char> const & __cdecl wBlockORtriggerDescriptor::getBlockClassNameS(void),method,,wBlockORtriggerDescriptor,getBlockClassNameS,void,False,True,False,False,False,False,True
816,815,0x32F,?getBlockClassNameS@wBlockOscilloscopeDescriptor@@SAAEBV?$basic_string@D@ed@@XZ,public: static class ed::basic_string<char> const & __cdecl wBlockOscilloscopeDescriptor::getBlockClassNameS(void),method,,wBlockOscilloscopeDescriptor,getBlockClassNameS,void,False,True,False,False,False,False,True
817,816,0x330,?getBlockClassNameS@wBlockSubsystemDescriptor@@SAAEBV?$basic_string@D@ed@@XZ,public: static class ed::basic_string<char> const & __cdecl wBlockSubsystemDescriptor::getBlockClassNameS(void),method,,wBlockSubsystemDescriptor,getBlockClassNameS,void,False,True,False,False,False,False,True
818,817,0x331,?getBlockClassNameS@wBlockVectorPickerDescriptor@@SAAEBV?$basic_string@D@ed@@XZ,public: static class ed::basic_string<char> const & __cdecl wBlockVectorPickerDescriptor::getBlockClassNameS(void),method,,wBlockVectorPickerDescriptor,getBlockClassNameS,void,False,True,False,False,False,False,True
819,818,0x332,?getBlockClassNameS@wBlockWireDeserializerDescriptor@@SAAEBV?$basic_string@D@ed@@XZ,public: static class ed::basic_string<char> const & __cdecl wBlockWireDeserializerDescriptor::getBlockClassNameS(void),method,,wBlockWireDeserializerDescriptor,getBlockClassNameS,void,False,True,False,False,False,False,True
820,819,0x333,?getBlockClassNameS@wBlockWireSerializerDescriptor@@SAAEBV?$basic_string@D@ed@@XZ,public: static class ed::basic_string<char> const & __cdecl wBlockWireSerializerDescriptor::getBlockClassNameS(void),method,,wBlockWireSerializerDescriptor,getBlockClassNameS,void,False,True,False,False,False,False,True
821,820,0x334,?getBlockClassNameS@wBlockWireToPortDescriptor@@SAAEBV?$basic_string@D@ed@@XZ,public: static class ed::basic_string<char> const & __cdecl wBlockWireToPortDescriptor::getBlockClassNameS(void),method,,wBlockWireToPortDescriptor,getBlockClassNameS,void,False,True,False,False,False,False,True
822,821,0x335,?getBlockOrder@wSimulationSystemScheme@@QEAAHPEAVwSimulationBlockDescriptor@@@Z,public: int __cdecl wSimulationSystemScheme::getBlockOrder(class wSimulationBlockDescriptor *),method,,wSimulationSystemScheme,getBlockOrder,class wSimulationBlockDescriptor *,False,False,False,False,False,False,True
823,822,0x336,?getBlockStateData@wSimulationBlockDisc@@UEAAXPEAE@Z,public: virtual void __cdecl wSimulationBlockDisc::getBlockStateData(unsigned char *),method,,wSimulationBlockDisc,getBlockStateData,unsigned char *,False,False,True,False,False,False,True
824,823,0x337,?getBlockStateDataSize@wSimulationBlockDisc@@UEAAHXZ,public: virtual int __cdecl wSimulationBlockDisc::getBlockStateDataSize(void),method,,wSimulationBlockDisc,getBlockStateDataSize,void,False,False,True,False,False,False,True
825,824,0x338,?getBlockTypeName@?$wBlockAvgerageValDescriptor@H@@UEBAAEBV?$basic_string@D@ed@@XZ,public: virtual class ed::basic_string<char> const & __cdecl wBlockAvgerageValDescriptor<int>::getBlockTypeName(void) const,method,,wBlockAvgerageValDescriptor<int>,getBlockTypeName,void,True,False,True,False,False,False,True
826,825,0x339,?getBlockTypeName@?$wBlockAvgerageValDescriptor@N@@UEBAAEBV?$basic_string@D@ed@@XZ,public: virtual class ed::basic_string<char> const & __cdecl wBlockAvgerageValDescriptor<double>::getBlockTypeName(void) const,method,,wBlockAvgerageValDescriptor<double>,getBlockTypeName,void,True,False,True,False,False,False,True
827,826,0x33A,?getBlockTypeName@?$wBlockAvgerageValDescriptor@V?$Vector@$02N@Math@@@@UEBAAEBV?$basic_string@D@ed@@XZ,"public: virtual class ed::basic_string<char> const & __cdecl wBlockAvgerageValDescriptor<class Math::Vector<3, double>>::getBlockTypeName(void) const",method,,double>>,getBlockTypeName,void,True,False,True,False,False,False,True
828,827,0x33B,?getBlockTypeName@?$wBlockDeltaCalcDesc@H@@UEBAAEBV?$basic_string@D@ed@@XZ,public: virtual class ed::basic_string<char> const & __cdecl wBlockDeltaCalcDesc<int>::getBlockTypeName(void) const,method,,wBlockDeltaCalcDesc<int>,getBlockTypeName,void,True,False,True,False,False,False,True
829,828,0x33C,?getBlockTypeName@?$wBlockDeltaCalcDesc@N@@UEBAAEBV?$basic_string@D@ed@@XZ,public: virtual class ed::basic_string<char> const & __cdecl wBlockDeltaCalcDesc<double>::getBlockTypeName(void) const,method,,wBlockDeltaCalcDesc<double>,getBlockTypeName,void,True,False,True,False,False,False,True
830,829,0x33D,?getBlockTypeName@?$wBlockDeltaCalcDesc@V?$Vector@$02N@Math@@@@UEBAAEBV?$basic_string@D@ed@@XZ,"public: virtual class ed::basic_string<char> const & __cdecl wBlockDeltaCalcDesc<class Math::Vector<3, double>>::getBlockTypeName(void) const",method,,double>>,getBlockTypeName,void,True,False,True,False,False,False,True
831,830,0x33E,?getBlockTypeName@?$wBlockI2ODescriptor@HN@@UEBAAEBV?$basic_string@D@ed@@XZ,"public: virtual class ed::basic_string<char> const & __cdecl wBlockI2ODescriptor<int, double>::getBlockTypeName(void) const",method,,double>,getBlockTypeName,void,True,False,True,False,False,False,True
832,831,0x33F,?getBlockTypeName@?$wBlockI2ODescriptor@H_N@@UEBAAEBV?$basic_string@D@ed@@XZ,"public: virtual class ed::basic_string<char> const & __cdecl wBlockI2ODescriptor<int, bool>::getBlockTypeName(void) const",method,,bool>,getBlockTypeName,void,True,False,True,False,False,False,True
833,832,0x340,?getBlockTypeName@?$wBlockI2ODescriptor@N_N@@UEBAAEBV?$basic_string@D@ed@@XZ,"public: virtual class ed::basic_string<char> const & __cdecl wBlockI2ODescriptor<double, bool>::getBlockTypeName(void) const",method,,bool>,getBlockTypeName,void,True,False,True,False,False,False,True
834,833,0x341,?getBlockTypeName@?$wBlockI2ODescriptor@_NH@@UEBAAEBV?$basic_string@D@ed@@XZ,"public: virtual class ed::basic_string<char> const & __cdecl wBlockI2ODescriptor<bool, int>::getBlockTypeName(void) const",method,,int>,getBlockTypeName,void,True,False,True,False,False,False,True
835,834,0x342,?getBlockTypeName@?$wBlockI2ODescriptor@_NN@@UEBAAEBV?$basic_string@D@ed@@XZ,"public: virtual class ed::basic_string<char> const & __cdecl wBlockI2ODescriptor<bool, double>::getBlockTypeName(void) const",method,,double>,getBlockTypeName,void,True,False,True,False,False,False,True
836,835,0x343,?getBlockTypeName@?$wBlockIntegratorDescriptor@N@@UEBAAEBV?$basic_string@D@ed@@XZ,public: virtual class ed::basic_string<char> const & __cdecl wBlockIntegratorDescriptor<double>::getBlockTypeName(void) const,method,,wBlockIntegratorDescriptor<double>,getBlockTypeName,void,True,False,True,False,False,False,True
837,836,0x344,?getBlockTypeName@?$wBlockIntegratorDescriptor@V?$Vector@$02N@Math@@@@UEBAAEBV?$basic_string@D@ed@@XZ,"public: virtual class ed::basic_string<char> const & __cdecl wBlockIntegratorDescriptor<class Math::Vector<3, double>>::getBlockTypeName(void) const",method,,double>>,getBlockTypeName,void,True,False,True,False,False,False,True
838,837,0x345,?getBlockTypeName@?$wBlockMaxValDescriptor@H@@UEBAAEBV?$basic_string@D@ed@@XZ,public: virtual class ed::basic_string<char> const & __cdecl wBlockMaxValDescriptor<int>::getBlockTypeName(void) const,method,,wBlockMaxValDescriptor<int>,getBlockTypeName,void,True,False,True,False,False,False,True
839,838,0x346,?getBlockTypeName@?$wBlockMaxValDescriptor@N@@UEBAAEBV?$basic_string@D@ed@@XZ,public: virtual class ed::basic_string<char> const & __cdecl wBlockMaxValDescriptor<double>::getBlockTypeName(void) const,method,,wBlockMaxValDescriptor<double>,getBlockTypeName,void,True,False,True,False,False,False,True
840,839,0x347,?getBlockTypeName@?$wBlockMaxValDescriptor@V?$Vector@$02N@Math@@@@UEBAAEBV?$basic_string@D@ed@@XZ,"public: virtual class ed::basic_string<char> const & __cdecl wBlockMaxValDescriptor<class Math::Vector<3, double>>::getBlockTypeName(void) const",method,,double>>,getBlockTypeName,void,True,False,True,False,False,False,True
841,840,0x348,?getBlockTypeName@?$wBlockMinValDescriptor@H@@UEBAAEBV?$basic_string@D@ed@@XZ,public: virtual class ed::basic_string<char> const & __cdecl wBlockMinValDescriptor<int>::getBlockTypeName(void) const,method,,wBlockMinValDescriptor<int>,getBlockTypeName,void,True,False,True,False,False,False,True
842,841,0x349,?getBlockTypeName@?$wBlockMinValDescriptor@N@@UEBAAEBV?$basic_string@D@ed@@XZ,public: virtual class ed::basic_string<char> const & __cdecl wBlockMinValDescriptor<double>::getBlockTypeName(void) const,method,,wBlockMinValDescriptor<double>,getBlockTypeName,void,True,False,True,False,False,False,True
843,842,0x34A,?getBlockTypeName@?$wBlockMinValDescriptor@V?$Vector@$02N@Math@@@@UEBAAEBV?$basic_string@D@ed@@XZ,"public: virtual class ed::basic_string<char> const & __cdecl wBlockMinValDescriptor<class Math::Vector<3, double>>::getBlockTypeName(void) const",method,,double>>,getBlockTypeName,void,True,False,True,False,False,False,True
844,843,0x34B,?getBlockTypeName@?$wBlockP2WDesc@H@@UEBAAEBV?$basic_string@D@ed@@XZ,public: virtual class ed::basic_string<char> const & __cdecl wBlockP2WDesc<int>::getBlockTypeName(void) const,method,,wBlockP2WDesc<int>,getBlockTypeName,void,True,False,True,False,False,False,True
845,844,0x34C,?getBlockTypeName@?$wBlockP2WDesc@N@@UEBAAEBV?$basic_string@D@ed@@XZ,public: virtual class ed::basic_string<char> const & __cdecl wBlockP2WDesc<double>::getBlockTypeName(void) const,method,,wBlockP2WDesc<double>,getBlockTypeName,void,True,False,True,False,False,False,True
846,845,0x34D,?getBlockTypeName@?$wBlockP2WDesc@V?$Vector@$02N@Math@@@@UEBAAEBV?$basic_string@D@ed@@XZ,"public: virtual class ed::basic_string<char> const & __cdecl wBlockP2WDesc<class Math::Vector<3, double>>::getBlockTypeName(void) const",method,,double>>,getBlockTypeName,void,True,False,True,False,False,False,True
847,846,0x34E,?getBlockTypeName@?$wBlockP2WDesc@_N@@UEBAAEBV?$basic_string@D@ed@@XZ,public: virtual class ed::basic_string<char> const & __cdecl wBlockP2WDesc<bool>::getBlockTypeName(void) const,method,,wBlockP2WDesc<bool>,getBlockTypeName,void,True,False,True,False,False,False,True
848,847,0x34F,?getBlockTypeName@?$wBlockRateCalcDesc@H@@UEBAAEBV?$basic_string@D@ed@@XZ,public: virtual class ed::basic_string<char> const & __cdecl wBlockRateCalcDesc<int>::getBlockTypeName(void) const,method,,wBlockRateCalcDesc<int>,getBlockTypeName,void,True,False,True,False,False,False,True
849,848,0x350,?getBlockTypeName@?$wBlockRateCalcDesc@N@@UEBAAEBV?$basic_string@D@ed@@XZ,public: virtual class ed::basic_string<char> const & __cdecl wBlockRateCalcDesc<double>::getBlockTypeName(void) const,method,,wBlockRateCalcDesc<double>,getBlockTypeName,void,True,False,True,False,False,False,True
850,849,0x351,?getBlockTypeName@?$wBlockRateCalcDesc@V?$Vector@$02N@Math@@@@UEBAAEBV?$basic_string@D@ed@@XZ,"public: virtual class ed::basic_string<char> const & __cdecl wBlockRateCalcDesc<class Math::Vector<3, double>>::getBlockTypeName(void) const",method,,double>>,getBlockTypeName,void,True,False,True,False,False,False,True
851,850,0x352,?getBlockTypeName@?$wBlockSummatorDescriptor@H@@UEBAAEBV?$basic_string@D@ed@@XZ,public: virtual class ed::basic_string<char> const & __cdecl wBlockSummatorDescriptor<int>::getBlockTypeName(void) const,method,,wBlockSummatorDescriptor<int>,getBlockTypeName,void,True,False,True,False,False,False,True
852,851,0x353,?getBlockTypeName@?$wBlockSummatorDescriptor@N@@UEBAAEBV?$basic_string@D@ed@@XZ,public: virtual class ed::basic_string<char> const & __cdecl wBlockSummatorDescriptor<double>::getBlockTypeName(void) const,method,,wBlockSummatorDescriptor<double>,getBlockTypeName,void,True,False,True,False,False,False,True
853,852,0x354,?getBlockTypeName@?$wBlockSummatorDescriptor@V?$Vector@$02N@Math@@@@UEBAAEBV?$basic_string@D@ed@@XZ,"public: virtual class ed::basic_string<char> const & __cdecl wBlockSummatorDescriptor<class Math::Vector<3, double>>::getBlockTypeName(void) const",method,,double>>,getBlockTypeName,void,True,False,True,False,False,False,True
854,853,0x355,?getBlockTypeName@InputOutputBlock@wSimulationSystemScheme@@UEBAAEBV?$basic_string@D@ed@@XZ,public: virtual class ed::basic_string<char> const & __cdecl wSimulationSystemScheme::InputOutputBlock::getBlockTypeName(void) const,method,wSimulationSystemScheme,InputOutputBlock,getBlockTypeName,void,True,False,True,False,False,False,True
855,854,0x356,?getBlockTypeName@SpecialCommandsBlock@wSimulationSystemScheme@@UEBAAEBV?$basic_string@D@ed@@XZ,public: virtual class ed::basic_string<char> const & __cdecl wSimulationSystemScheme::SpecialCommandsBlock::getBlockTypeName(void) const,method,wSimulationSystemScheme,SpecialCommandsBlock,getBlockTypeName,void,True,False,True,False,False,False,True
856,855,0x357,?getBlockTypeName@wBlockANDDescriptor@@UEBAAEBV?$basic_string@D@ed@@XZ,public: virtual class ed::basic_string<char> const & __cdecl wBlockANDDescriptor::getBlockTypeName(void) const,method,,wBlockANDDescriptor,getBlockTypeName,void,True,False,True,False,False,False,True
857,856,0x358,?getBlockTypeName@wBlockANDtriggerDescriptor@@UEBAAEBV?$basic_string@D@ed@@XZ,public: virtual class ed::basic_string<char> const & __cdecl wBlockANDtriggerDescriptor::getBlockTypeName(void) const,method,,wBlockANDtriggerDescriptor,getBlockTypeName,void,True,False,True,False,False,False,True
858,857,0x359,?getBlockTypeName@wBlockConstantsDescriptor@@UEBAAEBV?$basic_string@D@ed@@XZ,public: virtual class ed::basic_string<char> const & __cdecl wBlockConstantsDescriptor::getBlockTypeName(void) const,method,,wBlockConstantsDescriptor,getBlockTypeName,void,True,False,True,False,False,False,True
859,858,0x35A,?getBlockTypeName@wBlockDelayTriggerDescriptor@@UEBAAEBV?$basic_string@D@ed@@XZ,public: virtual class ed::basic_string<char> const & __cdecl wBlockDelayTriggerDescriptor::getBlockTypeName(void) const,method,,wBlockDelayTriggerDescriptor,getBlockTypeName,void,True,False,True,False,False,False,True
860,859,0x35B,?getBlockTypeName@wBlockDelayTriggerMultipleDescriptor@@UEBAAEBV?$basic_string@D@ed@@XZ,public: virtual class ed::basic_string<char> const & __cdecl wBlockDelayTriggerMultipleDescriptor::getBlockTypeName(void) const,method,,wBlockDelayTriggerMultipleDescriptor,getBlockTypeName,void,True,False,True,False,False,False,True
861,860,0x35C,?getBlockTypeName@wBlockDelayTriggerWireDescriptor@@UEBAAEBV?$basic_string@D@ed@@XZ,public: virtual class ed::basic_string<char> const & __cdecl wBlockDelayTriggerWireDescriptor::getBlockTypeName(void) const,method,,wBlockDelayTriggerWireDescriptor,getBlockTypeName,void,True,False,True,False,False,False,True
862,861,0x35D,?getBlockTypeName@wBlockDoubleToVec3dTriggerDescriptor@@UEBAAEBV?$basic_string@D@ed@@XZ,public: virtual class ed::basic_string<char> const & __cdecl wBlockDoubleToVec3dTriggerDescriptor::getBlockTypeName(void) const,method,,wBlockDoubleToVec3dTriggerDescriptor,getBlockTypeName,void,True,False,True,False,False,False,True
863,862,0x35E,?getBlockTypeName@wBlockLuaDescriptor@@UEBAAEBV?$basic_string@D@ed@@XZ,public: virtual class ed::basic_string<char> const & __cdecl wBlockLuaDescriptor::getBlockTypeName(void) const,method,,wBlockLuaDescriptor,getBlockTypeName,void,True,False,True,False,False,False,True
864,863,0x35F,?getBlockTypeName@wBlockMultiplexDescriptor@@UEBAAEBV?$basic_string@D@ed@@XZ,public: virtual class ed::basic_string<char> const & __cdecl wBlockMultiplexDescriptor::getBlockTypeName(void) const,method,,wBlockMultiplexDescriptor,getBlockTypeName,void,True,False,True,False,False,False,True
865,864,0x360,?getBlockTypeName@wBlockNOTDescriptor@@UEBAAEBV?$basic_string@D@ed@@XZ,public: virtual class ed::basic_string<char> const & __cdecl wBlockNOTDescriptor::getBlockTypeName(void) const,method,,wBlockNOTDescriptor,getBlockTypeName,void,True,False,True,False,False,False,True
866,865,0x361,?getBlockTypeName@wBlockNOTtriggerDescriptor@@UEBAAEBV?$basic_string@D@ed@@XZ,public: virtual class ed::basic_string<char> const & __cdecl wBlockNOTtriggerDescriptor::getBlockTypeName(void) const,method,,wBlockNOTtriggerDescriptor,getBlockTypeName,void,True,False,True,False,False,False,True
867,866,0x362,?getBlockTypeName@wBlockORDescriptor@@UEBAAEBV?$basic_string@D@ed@@XZ,public: virtual class ed::basic_string<char> const & __cdecl wBlockORDescriptor::getBlockTypeName(void) const,method,,wBlockORDescriptor,getBlockTypeName,void,True,False,True,False,False,False,True
868,867,0x363,?getBlockTypeName@wBlockORtriggerDescriptor@@UEBAAEBV?$basic_string@D@ed@@XZ,public: virtual class ed::basic_string<char> const & __cdecl wBlockORtriggerDescriptor::getBlockTypeName(void) const,method,,wBlockORtriggerDescriptor,getBlockTypeName,void,True,False,True,False,False,False,True
869,868,0x364,?getBlockTypeName@wBlockOscilloscopeDescriptor@@UEBAAEBV?$basic_string@D@ed@@XZ,public: virtual class ed::basic_string<char> const & __cdecl wBlockOscilloscopeDescriptor::getBlockTypeName(void) const,method,,wBlockOscilloscopeDescriptor,getBlockTypeName,void,True,False,True,False,False,False,True
870,869,0x365,?getBlockTypeName@wBlockSubsystemDescriptor@@UEBAAEBV?$basic_string@D@ed@@XZ,public: virtual class ed::basic_string<char> const & __cdecl wBlockSubsystemDescriptor::getBlockTypeName(void) const,method,,wBlockSubsystemDescriptor,getBlockTypeName,void,True,False,True,False,False,False,True
871,870,0x366,?getBlockTypeName@wBlockVectorPickerDescriptor@@UEBAAEBV?$basic_string@D@ed@@XZ,public: virtual class ed::basic_string<char> const & __cdecl wBlockVectorPickerDescriptor::getBlockTypeName(void) const,method,,wBlockVectorPickerDescriptor,getBlockTypeName,void,True,False,True,False,False,False,True
872,871,0x367,?getBlockTypeName@wBlockWireDeserializerDescriptor@@UEBAAEBV?$basic_string@D@ed@@XZ,public: virtual class ed::basic_string<char> const & __cdecl wBlockWireDeserializerDescriptor::getBlockTypeName(void) const,method,,wBlockWireDeserializerDescriptor,getBlockTypeName,void,True,False,True,False,False,False,True
873,872,0x368,?getBlockTypeName@wBlockWireSerializerDescriptor@@UEBAAEBV?$basic_string@D@ed@@XZ,public: virtual class ed::basic_string<char> const & __cdecl wBlockWireSerializerDescriptor::getBlockTypeName(void) const,method,,wBlockWireSerializerDescriptor,getBlockTypeName,void,True,False,True,False,False,False,True
874,873,0x369,?getBlockTypeName@wBlockWireToPortDescriptor@@UEBAAEBV?$basic_string@D@ed@@XZ,public: virtual class ed::basic_string<char> const & __cdecl wBlockWireToPortDescriptor::getBlockTypeName(void) const,method,,wBlockWireToPortDescriptor,getBlockTypeName,void,True,False,True,False,False,False,True
875,874,0x36A,?getBlockTypeNameS@?$wBlockAvgerageValDescriptor@H@@SAAEBV?$basic_string@D@ed@@XZ,public: static class ed::basic_string<char> const & __cdecl wBlockAvgerageValDescriptor<int>::getBlockTypeNameS(void),method,,wBlockAvgerageValDescriptor<int>,getBlockTypeNameS,void,False,True,False,False,False,False,True
876,875,0x36B,?getBlockTypeNameS@?$wBlockAvgerageValDescriptor@N@@SAAEBV?$basic_string@D@ed@@XZ,public: static class ed::basic_string<char> const & __cdecl wBlockAvgerageValDescriptor<double>::getBlockTypeNameS(void),method,,wBlockAvgerageValDescriptor<double>,getBlockTypeNameS,void,False,True,False,False,False,False,True
877,876,0x36C,?getBlockTypeNameS@?$wBlockAvgerageValDescriptor@V?$Vector@$02N@Math@@@@SAAEBV?$basic_string@D@ed@@XZ,"public: static class ed::basic_string<char> const & __cdecl wBlockAvgerageValDescriptor<class Math::Vector<3, double>>::getBlockTypeNameS(void)",method,,double>>,getBlockTypeNameS,void,False,True,False,False,False,False,True
878,877,0x36D,?getBlockTypeNameS@?$wBlockDeltaCalcDesc@H@@SAAEBV?$basic_string@D@ed@@XZ,public: static class ed::basic_string<char> const & __cdecl wBlockDeltaCalcDesc<int>::getBlockTypeNameS(void),method,,wBlockDeltaCalcDesc<int>,getBlockTypeNameS,void,False,True,False,False,False,False,True
879,878,0x36E,?getBlockTypeNameS@?$wBlockDeltaCalcDesc@N@@SAAEBV?$basic_string@D@ed@@XZ,public: static class ed::basic_string<char> const & __cdecl wBlockDeltaCalcDesc<double>::getBlockTypeNameS(void),method,,wBlockDeltaCalcDesc<double>,getBlockTypeNameS,void,False,True,False,False,False,False,True
880,879,0x36F,?getBlockTypeNameS@?$wBlockDeltaCalcDesc@V?$Vector@$02N@Math@@@@SAAEBV?$basic_string@D@ed@@XZ,"public: static class ed::basic_string<char> const & __cdecl wBlockDeltaCalcDesc<class Math::Vector<3, double>>::getBlockTypeNameS(void)",method,,double>>,getBlockTypeNameS,void,False,True,False,False,False,False,True
881,880,0x370,?getBlockTypeNameS@?$wBlockI2ODescriptor@HN@@SAAEBV?$basic_string@D@ed@@XZ,"public: static class ed::basic_string<char> const & __cdecl wBlockI2ODescriptor<int, double>::getBlockTypeNameS(void)",method,,double>,getBlockTypeNameS,void,False,True,False,False,False,False,True
882,881,0x371,?getBlockTypeNameS@?$wBlockI2ODescriptor@H_N@@SAAEBV?$basic_string@D@ed@@XZ,"public: static class ed::basic_string<char> const & __cdecl wBlockI2ODescriptor<int, bool>::getBlockTypeNameS(void)",method,,bool>,getBlockTypeNameS,void,False,True,False,False,False,False,True
883,882,0x372,?getBlockTypeNameS@?$wBlockI2ODescriptor@N_N@@SAAEBV?$basic_string@D@ed@@XZ,"public: static class ed::basic_string<char> const & __cdecl wBlockI2ODescriptor<double, bool>::getBlockTypeNameS(void)",method,,bool>,getBlockTypeNameS,void,False,True,False,False,False,False,True
884,883,0x373,?getBlockTypeNameS@?$wBlockI2ODescriptor@_NH@@SAAEBV?$basic_string@D@ed@@XZ,"public: static class ed::basic_string<char> const & __cdecl wBlockI2ODescriptor<bool, int>::getBlockTypeNameS(void)",method,,int>,getBlockTypeNameS,void,False,True,False,False,False,False,True
885,884,0x374,?getBlockTypeNameS@?$wBlockI2ODescriptor@_NN@@SAAEBV?$basic_string@D@ed@@XZ,"public: static class ed::basic_string<char> const & __cdecl wBlockI2ODescriptor<bool, double>::getBlockTypeNameS(void)",method,,double>,getBlockTypeNameS,void,False,True,False,False,False,False,True
886,885,0x375,?getBlockTypeNameS@?$wBlockIntegratorDescriptor@N@@SAAEBV?$basic_string@D@ed@@XZ,public: static class ed::basic_string<char> const & __cdecl wBlockIntegratorDescriptor<double>::getBlockTypeNameS(void),method,,wBlockIntegratorDescriptor<double>,getBlockTypeNameS,void,False,True,False,False,False,False,True
887,886,0x376,?getBlockTypeNameS@?$wBlockIntegratorDescriptor@V?$Vector@$02N@Math@@@@SAAEBV?$basic_string@D@ed@@XZ,"public: static class ed::basic_string<char> const & __cdecl wBlockIntegratorDescriptor<class Math::Vector<3, double>>::getBlockTypeNameS(void)",method,,double>>,getBlockTypeNameS,void,False,True,False,False,False,False,True
888,887,0x377,?getBlockTypeNameS@?$wBlockMaxValDescriptor@H@@SAAEBV?$basic_string@D@ed@@XZ,public: static class ed::basic_string<char> const & __cdecl wBlockMaxValDescriptor<int>::getBlockTypeNameS(void),method,,wBlockMaxValDescriptor<int>,getBlockTypeNameS,void,False,True,False,False,False,False,True
889,888,0x378,?getBlockTypeNameS@?$wBlockMaxValDescriptor@N@@SAAEBV?$basic_string@D@ed@@XZ,public: static class ed::basic_string<char> const & __cdecl wBlockMaxValDescriptor<double>::getBlockTypeNameS(void),method,,wBlockMaxValDescriptor<double>,getBlockTypeNameS,void,False,True,False,False,False,False,True
890,889,0x379,?getBlockTypeNameS@?$wBlockMaxValDescriptor@V?$Vector@$02N@Math@@@@SAAEBV?$basic_string@D@ed@@XZ,"public: static class ed::basic_string<char> const & __cdecl wBlockMaxValDescriptor<class Math::Vector<3, double>>::getBlockTypeNameS(void)",method,,double>>,getBlockTypeNameS,void,False,True,False,False,False,False,True
891,890,0x37A,?getBlockTypeNameS@?$wBlockMinValDescriptor@H@@SAAEBV?$basic_string@D@ed@@XZ,public: static class ed::basic_string<char> const & __cdecl wBlockMinValDescriptor<int>::getBlockTypeNameS(void),method,,wBlockMinValDescriptor<int>,getBlockTypeNameS,void,False,True,False,False,False,False,True
892,891,0x37B,?getBlockTypeNameS@?$wBlockMinValDescriptor@N@@SAAEBV?$basic_string@D@ed@@XZ,public: static class ed::basic_string<char> const & __cdecl wBlockMinValDescriptor<double>::getBlockTypeNameS(void),method,,wBlockMinValDescriptor<double>,getBlockTypeNameS,void,False,True,False,False,False,False,True
893,892,0x37C,?getBlockTypeNameS@?$wBlockMinValDescriptor@V?$Vector@$02N@Math@@@@SAAEBV?$basic_string@D@ed@@XZ,"public: static class ed::basic_string<char> const & __cdecl wBlockMinValDescriptor<class Math::Vector<3, double>>::getBlockTypeNameS(void)",method,,double>>,getBlockTypeNameS,void,False,True,False,False,False,False,True
894,893,0x37D,?getBlockTypeNameS@?$wBlockP2WDesc@H@@SAAEBV?$basic_string@D@ed@@XZ,public: static class ed::basic_string<char> const & __cdecl wBlockP2WDesc<int>::getBlockTypeNameS(void),method,,wBlockP2WDesc<int>,getBlockTypeNameS,void,False,True,False,False,False,False,True
895,894,0x37E,?getBlockTypeNameS@?$wBlockP2WDesc@N@@SAAEBV?$basic_string@D@ed@@XZ,public: static class ed::basic_string<char> const & __cdecl wBlockP2WDesc<double>::getBlockTypeNameS(void),method,,wBlockP2WDesc<double>,getBlockTypeNameS,void,False,True,False,False,False,False,True
896,895,0x37F,?getBlockTypeNameS@?$wBlockP2WDesc@V?$Vector@$02N@Math@@@@SAAEBV?$basic_string@D@ed@@XZ,"public: static class ed::basic_string<char> const & __cdecl wBlockP2WDesc<class Math::Vector<3, double>>::getBlockTypeNameS(void)",method,,double>>,getBlockTypeNameS,void,False,True,False,False,False,False,True
897,896,0x380,?getBlockTypeNameS@?$wBlockP2WDesc@_N@@SAAEBV?$basic_string@D@ed@@XZ,public: static class ed::basic_string<char> const & __cdecl wBlockP2WDesc<bool>::getBlockTypeNameS(void),method,,wBlockP2WDesc<bool>,getBlockTypeNameS,void,False,True,False,False,False,False,True
898,897,0x381,?getBlockTypeNameS@?$wBlockRateCalcDesc@H@@SAAEBV?$basic_string@D@ed@@XZ,public: static class ed::basic_string<char> const & __cdecl wBlockRateCalcDesc<int>::getBlockTypeNameS(void),method,,wBlockRateCalcDesc<int>,getBlockTypeNameS,void,False,True,False,False,False,False,True
899,898,0x382,?getBlockTypeNameS@?$wBlockRateCalcDesc@N@@SAAEBV?$basic_string@D@ed@@XZ,public: static class ed::basic_string<char> const & __cdecl wBlockRateCalcDesc<double>::getBlockTypeNameS(void),method,,wBlockRateCalcDesc<double>,getBlockTypeNameS,void,False,True,False,False,False,False,True
900,899,0x383,?getBlockTypeNameS@?$wBlockRateCalcDesc@V?$Vector@$02N@Math@@@@SAAEBV?$basic_string@D@ed@@XZ,"public: static class ed::basic_string<char> const & __cdecl wBlockRateCalcDesc<class Math::Vector<3, double>>::getBlockTypeNameS(void)",method,,double>>,getBlockTypeNameS,void,False,True,False,False,False,False,True
901,900,0x384,?getBlockTypeNameS@?$wBlockSummatorDescriptor@H@@SAAEBV?$basic_string@D@ed@@XZ,public: static class ed::basic_string<char> const & __cdecl wBlockSummatorDescriptor<int>::getBlockTypeNameS(void),method,,wBlockSummatorDescriptor<int>,getBlockTypeNameS,void,False,True,False,False,False,False,True
902,901,0x385,?getBlockTypeNameS@?$wBlockSummatorDescriptor@N@@SAAEBV?$basic_string@D@ed@@XZ,public: static class ed::basic_string<char> const & __cdecl wBlockSummatorDescriptor<double>::getBlockTypeNameS(void),method,,wBlockSummatorDescriptor<double>,getBlockTypeNameS,void,False,True,False,False,False,False,True
903,902,0x386,?getBlockTypeNameS@?$wBlockSummatorDescriptor@V?$Vector@$02N@Math@@@@SAAEBV?$basic_string@D@ed@@XZ,"public: static class ed::basic_string<char> const & __cdecl wBlockSummatorDescriptor<class Math::Vector<3, double>>::getBlockTypeNameS(void)",method,,double>>,getBlockTypeNameS,void,False,True,False,False,False,False,True
904,903,0x387,?getBlockTypeNameS@wBlockANDDescriptor@@SAAEBV?$basic_string@D@ed@@XZ,public: static class ed::basic_string<char> const & __cdecl wBlockANDDescriptor::getBlockTypeNameS(void),method,,wBlockANDDescriptor,getBlockTypeNameS,void,False,True,False,False,False,False,True
905,904,0x388,?getBlockTypeNameS@wBlockANDtriggerDescriptor@@SAAEBV?$basic_string@D@ed@@XZ,public: static class ed::basic_string<char> const & __cdecl wBlockANDtriggerDescriptor::getBlockTypeNameS(void),method,,wBlockANDtriggerDescriptor,getBlockTypeNameS,void,False,True,False,False,False,False,True
906,905,0x389,?getBlockTypeNameS@wBlockConstantsDescriptor@@SAAEBV?$basic_string@D@ed@@XZ,public: static class ed::basic_string<char> const & __cdecl wBlockConstantsDescriptor::getBlockTypeNameS(void),method,,wBlockConstantsDescriptor,getBlockTypeNameS,void,False,True,False,False,False,False,True
907,906,0x38A,?getBlockTypeNameS@wBlockDelayTriggerDescriptor@@SAAEBV?$basic_string@D@ed@@XZ,public: static class ed::basic_string<char> const & __cdecl wBlockDelayTriggerDescriptor::getBlockTypeNameS(void),method,,wBlockDelayTriggerDescriptor,getBlockTypeNameS,void,False,True,False,False,False,False,True
908,907,0x38B,?getBlockTypeNameS@wBlockDelayTriggerMultipleDescriptor@@SAAEBV?$basic_string@D@ed@@XZ,public: static class ed::basic_string<char> const & __cdecl wBlockDelayTriggerMultipleDescriptor::getBlockTypeNameS(void),method,,wBlockDelayTriggerMultipleDescriptor,getBlockTypeNameS,void,False,True,False,False,False,False,True
909,908,0x38C,?getBlockTypeNameS@wBlockDelayTriggerWireDescriptor@@SAAEBV?$basic_string@D@ed@@XZ,public: static class ed::basic_string<char> const & __cdecl wBlockDelayTriggerWireDescriptor::getBlockTypeNameS(void),method,,wBlockDelayTriggerWireDescriptor,getBlockTypeNameS,void,False,True,False,False,False,False,True
910,909,0x38D,?getBlockTypeNameS@wBlockDoubleToVec3dTriggerDescriptor@@SAAEBV?$basic_string@D@ed@@XZ,public: static class ed::basic_string<char> const & __cdecl wBlockDoubleToVec3dTriggerDescriptor::getBlockTypeNameS(void),method,,wBlockDoubleToVec3dTriggerDescriptor,getBlockTypeNameS,void,False,True,False,False,False,False,True
911,910,0x38E,?getBlockTypeNameS@wBlockLuaDescriptor@@SAAEBV?$basic_string@D@ed@@XZ,public: static class ed::basic_string<char> const & __cdecl wBlockLuaDescriptor::getBlockTypeNameS(void),method,,wBlockLuaDescriptor,getBlockTypeNameS,void,False,True,False,False,False,False,True
912,911,0x38F,?getBlockTypeNameS@wBlockMultiplexDescriptor@@SAAEBV?$basic_string@D@ed@@XZ,public: static class ed::basic_string<char> const & __cdecl wBlockMultiplexDescriptor::getBlockTypeNameS(void),method,,wBlockMultiplexDescriptor,getBlockTypeNameS,void,False,True,False,False,False,False,True
913,912,0x390,?getBlockTypeNameS@wBlockNOTDescriptor@@SAAEBV?$basic_string@D@ed@@XZ,public: static class ed::basic_string<char> const & __cdecl wBlockNOTDescriptor::getBlockTypeNameS(void),method,,wBlockNOTDescriptor,getBlockTypeNameS,void,False,True,False,False,False,False,True
914,913,0x391,?getBlockTypeNameS@wBlockNOTtriggerDescriptor@@SAAEBV?$basic_string@D@ed@@XZ,public: static class ed::basic_string<char> const & __cdecl wBlockNOTtriggerDescriptor::getBlockTypeNameS(void),method,,wBlockNOTtriggerDescriptor,getBlockTypeNameS,void,False,True,False,False,False,False,True
915,914,0x392,?getBlockTypeNameS@wBlockORDescriptor@@SAAEBV?$basic_string@D@ed@@XZ,public: static class ed::basic_string<char> const & __cdecl wBlockORDescriptor::getBlockTypeNameS(void),method,,wBlockORDescriptor,getBlockTypeNameS,void,False,True,False,False,False,False,True
916,915,0x393,?getBlockTypeNameS@wBlockORtriggerDescriptor@@SAAEBV?$basic_string@D@ed@@XZ,public: static class ed::basic_string<char> const & __cdecl wBlockORtriggerDescriptor::getBlockTypeNameS(void),method,,wBlockORtriggerDescriptor,getBlockTypeNameS,void,False,True,False,False,False,False,True
917,916,0x394,?getBlockTypeNameS@wBlockOscilloscopeDescriptor@@SAAEBV?$basic_string@D@ed@@XZ,public: static class ed::basic_string<char> const & __cdecl wBlockOscilloscopeDescriptor::getBlockTypeNameS(void),method,,wBlockOscilloscopeDescriptor,getBlockTypeNameS,void,False,True,False,False,False,False,True
918,917,0x395,?getBlockTypeNameS@wBlockSubsystemDescriptor@@SAAEBV?$basic_string@D@ed@@XZ,public: static class ed::basic_string<char> const & __cdecl wBlockSubsystemDescriptor::getBlockTypeNameS(void),method,,wBlockSubsystemDescriptor,getBlockTypeNameS,void,False,True,False,False,False,False,True
919,918,0x396,?getBlockTypeNameS@wBlockVectorPickerDescriptor@@SAAEBV?$basic_string@D@ed@@XZ,public: static class ed::basic_string<char> const & __cdecl wBlockVectorPickerDescriptor::getBlockTypeNameS(void),method,,wBlockVectorPickerDescriptor,getBlockTypeNameS,void,False,True,False,False,False,False,True
920,919,0x397,?getBlockTypeNameS@wBlockWireDeserializerDescriptor@@SAAEBV?$basic_string@D@ed@@XZ,public: static class ed::basic_string<char> const & __cdecl wBlockWireDeserializerDescriptor::getBlockTypeNameS(void),method,,wBlockWireDeserializerDescriptor,getBlockTypeNameS,void,False,True,False,False,False,False,True
921,920,0x398,?getBlockTypeNameS@wBlockWireSerializerDescriptor@@SAAEBV?$basic_string@D@ed@@XZ,public: static class ed::basic_string<char> const & __cdecl wBlockWireSerializerDescriptor::getBlockTypeNameS(void),method,,wBlockWireSerializerDescriptor,getBlockTypeNameS,void,False,True,False,False,False,False,True
922,921,0x399,?getBlockTypeNameS@wBlockWireToPortDescriptor@@SAAEBV?$basic_string@D@ed@@XZ,public: static class ed::basic_string<char> const & __cdecl wBlockWireToPortDescriptor::getBlockTypeNameS(void),method,,wBlockWireToPortDescriptor,getBlockTypeNameS,void,False,True,False,False,False,False,True
923,922,0x39A,?getBlocks@wSimulationSystemScheme@@QEBAAEBV?$vector@PEAVwSimulationBlockDescriptor@@V?$allocator@PEAVwSimulationBlockDescriptor@@@ed@@@ed@@XZ,"public: class ed::vector<class wSimulationBlockDescriptor *, class ed::allocator<class wSimulationBlockDescriptor *>> const & __cdecl wSimulationSystemScheme::getBlocks(void) const",method,,wSimulationSystemScheme,getBlocks,void,True,False,False,False,False,False,True
924,923,0x39B,?getBlocksCount@wSimulationSystemScheme@@QEBAHXZ,public: int __cdecl wSimulationSystemScheme::getBlocksCount(void) const,method,,wSimulationSystemScheme,getBlocksCount,void,True,False,False,False,False,False,True
925,924,0x39C,?getClassName@?$wBlockAvgerageValDescriptor@H@@UEBAAEBV?$basic_string@D@ed@@XZ,public: virtual class ed::basic_string<char> const & __cdecl wBlockAvgerageValDescriptor<int>::getClassName(void) const,method,,wBlockAvgerageValDescriptor<int>,getClassName,void,True,False,True,False,False,False,True
926,925,0x39D,?getClassName@?$wBlockAvgerageValDescriptor@N@@UEBAAEBV?$basic_string@D@ed@@XZ,public: virtual class ed::basic_string<char> const & __cdecl wBlockAvgerageValDescriptor<double>::getClassName(void) const,method,,wBlockAvgerageValDescriptor<double>,getClassName,void,True,False,True,False,False,False,True
927,926,0x39E,?getClassName@?$wBlockAvgerageValDescriptor@V?$Vector@$02N@Math@@@@UEBAAEBV?$basic_string@D@ed@@XZ,"public: virtual class ed::basic_string<char> const & __cdecl wBlockAvgerageValDescriptor<class Math::Vector<3, double>>::getClassName(void) const",method,,double>>,getClassName,void,True,False,True,False,False,False,True
928,927,0x39F,?getClassName@?$wBlockDeltaCalcDesc@H@@UEBAAEBV?$basic_string@D@ed@@XZ,public: virtual class ed::basic_string<char> const & __cdecl wBlockDeltaCalcDesc<int>::getClassName(void) const,method,,wBlockDeltaCalcDesc<int>,getClassName,void,True,False,True,False,False,False,True
929,928,0x3A0,?getClassName@?$wBlockDeltaCalcDesc@N@@UEBAAEBV?$basic_string@D@ed@@XZ,public: virtual class ed::basic_string<char> const & __cdecl wBlockDeltaCalcDesc<double>::getClassName(void) const,method,,wBlockDeltaCalcDesc<double>,getClassName,void,True,False,True,False,False,False,True
930,929,0x3A1,?getClassName@?$wBlockDeltaCalcDesc@V?$Vector@$02N@Math@@@@UEBAAEBV?$basic_string@D@ed@@XZ,"public: virtual class ed::basic_string<char> const & __cdecl wBlockDeltaCalcDesc<class Math::Vector<3, double>>::getClassName(void) const",method,,double>>,getClassName,void,True,False,True,False,False,False,True
931,930,0x3A2,?getClassName@?$wBlockI2ODescriptor@HN@@UEBAAEBV?$basic_string@D@ed@@XZ,"public: virtual class ed::basic_string<char> const & __cdecl wBlockI2ODescriptor<int, double>::getClassName(void) const",method,,double>,getClassName,void,True,False,True,False,False,False,True
932,931,0x3A3,?getClassName@?$wBlockI2ODescriptor@H_N@@UEBAAEBV?$basic_string@D@ed@@XZ,"public: virtual class ed::basic_string<char> const & __cdecl wBlockI2ODescriptor<int, bool>::getClassName(void) const",method,,bool>,getClassName,void,True,False,True,False,False,False,True
933,932,0x3A4,?getClassName@?$wBlockI2ODescriptor@N_N@@UEBAAEBV?$basic_string@D@ed@@XZ,"public: virtual class ed::basic_string<char> const & __cdecl wBlockI2ODescriptor<double, bool>::getClassName(void) const",method,,bool>,getClassName,void,True,False,True,False,False,False,True
934,933,0x3A5,?getClassName@?$wBlockI2ODescriptor@_NH@@UEBAAEBV?$basic_string@D@ed@@XZ,"public: virtual class ed::basic_string<char> const & __cdecl wBlockI2ODescriptor<bool, int>::getClassName(void) const",method,,int>,getClassName,void,True,False,True,False,False,False,True
935,934,0x3A6,?getClassName@?$wBlockI2ODescriptor@_NN@@UEBAAEBV?$basic_string@D@ed@@XZ,"public: virtual class ed::basic_string<char> const & __cdecl wBlockI2ODescriptor<bool, double>::getClassName(void) const",method,,double>,getClassName,void,True,False,True,False,False,False,True
936,935,0x3A7,?getClassName@?$wBlockIntegratorDescriptor@N@@UEBAAEBV?$basic_string@D@ed@@XZ,public: virtual class ed::basic_string<char> const & __cdecl wBlockIntegratorDescriptor<double>::getClassName(void) const,method,,wBlockIntegratorDescriptor<double>,getClassName,void,True,False,True,False,False,False,True
937,936,0x3A8,?getClassName@?$wBlockIntegratorDescriptor@V?$Vector@$02N@Math@@@@UEBAAEBV?$basic_string@D@ed@@XZ,"public: virtual class ed::basic_string<char> const & __cdecl wBlockIntegratorDescriptor<class Math::Vector<3, double>>::getClassName(void) const",method,,double>>,getClassName,void,True,False,True,False,False,False,True
938,937,0x3A9,?getClassName@?$wBlockMaxValDescriptor@H@@UEBAAEBV?$basic_string@D@ed@@XZ,public: virtual class ed::basic_string<char> const & __cdecl wBlockMaxValDescriptor<int>::getClassName(void) const,method,,wBlockMaxValDescriptor<int>,getClassName,void,True,False,True,False,False,False,True
939,938,0x3AA,?getClassName@?$wBlockMaxValDescriptor@N@@UEBAAEBV?$basic_string@D@ed@@XZ,public: virtual class ed::basic_string<char> const & __cdecl wBlockMaxValDescriptor<double>::getClassName(void) const,method,,wBlockMaxValDescriptor<double>,getClassName,void,True,False,True,False,False,False,True
940,939,0x3AB,?getClassName@?$wBlockMaxValDescriptor@V?$Vector@$02N@Math@@@@UEBAAEBV?$basic_string@D@ed@@XZ,"public: virtual class ed::basic_string<char> const & __cdecl wBlockMaxValDescriptor<class Math::Vector<3, double>>::getClassName(void) const",method,,double>>,getClassName,void,True,False,True,False,False,False,True
941,940,0x3AC,?getClassName@?$wBlockMinValDescriptor@H@@UEBAAEBV?$basic_string@D@ed@@XZ,public: virtual class ed::basic_string<char> const & __cdecl wBlockMinValDescriptor<int>::getClassName(void) const,method,,wBlockMinValDescriptor<int>,getClassName,void,True,False,True,False,False,False,True
942,941,0x3AD,?getClassName@?$wBlockMinValDescriptor@N@@UEBAAEBV?$basic_string@D@ed@@XZ,public: virtual class ed::basic_string<char> const & __cdecl wBlockMinValDescriptor<double>::getClassName(void) const,method,,wBlockMinValDescriptor<double>,getClassName,void,True,False,True,False,False,False,True
943,942,0x3AE,?getClassName@?$wBlockMinValDescriptor@V?$Vector@$02N@Math@@@@UEBAAEBV?$basic_string@D@ed@@XZ,"public: virtual class ed::basic_string<char> const & __cdecl wBlockMinValDescriptor<class Math::Vector<3, double>>::getClassName(void) const",method,,double>>,getClassName,void,True,False,True,False,False,False,True
944,943,0x3AF,?getClassName@?$wBlockP2WDesc@H@@UEBAAEBV?$basic_string@D@ed@@XZ,public: virtual class ed::basic_string<char> const & __cdecl wBlockP2WDesc<int>::getClassName(void) const,method,,wBlockP2WDesc<int>,getClassName,void,True,False,True,False,False,False,True
945,944,0x3B0,?getClassName@?$wBlockP2WDesc@N@@UEBAAEBV?$basic_string@D@ed@@XZ,public: virtual class ed::basic_string<char> const & __cdecl wBlockP2WDesc<double>::getClassName(void) const,method,,wBlockP2WDesc<double>,getClassName,void,True,False,True,False,False,False,True
946,945,0x3B1,?getClassName@?$wBlockP2WDesc@V?$Vector@$02N@Math@@@@UEBAAEBV?$basic_string@D@ed@@XZ,"public: virtual class ed::basic_string<char> const & __cdecl wBlockP2WDesc<class Math::Vector<3, double>>::getClassName(void) const",method,,double>>,getClassName,void,True,False,True,False,False,False,True
947,946,0x3B2,?getClassName@?$wBlockP2WDesc@_N@@UEBAAEBV?$basic_string@D@ed@@XZ,public: virtual class ed::basic_string<char> const & __cdecl wBlockP2WDesc<bool>::getClassName(void) const,method,,wBlockP2WDesc<bool>,getClassName,void,True,False,True,False,False,False,True
948,947,0x3B3,?getClassName@?$wBlockRateCalcDesc@H@@UEBAAEBV?$basic_string@D@ed@@XZ,public: virtual class ed::basic_string<char> const & __cdecl wBlockRateCalcDesc<int>::getClassName(void) const,method,,wBlockRateCalcDesc<int>,getClassName,void,True,False,True,False,False,False,True
949,948,0x3B4,?getClassName@?$wBlockRateCalcDesc@N@@UEBAAEBV?$basic_string@D@ed@@XZ,public: virtual class ed::basic_string<char> const & __cdecl wBlockRateCalcDesc<double>::getClassName(void) const,method,,wBlockRateCalcDesc<double>,getClassName,void,True,False,True,False,False,False,True
950,949,0x3B5,?getClassName@?$wBlockRateCalcDesc@V?$Vector@$02N@Math@@@@UEBAAEBV?$basic_string@D@ed@@XZ,"public: virtual class ed::basic_string<char> const & __cdecl wBlockRateCalcDesc<class Math::Vector<3, double>>::getClassName(void) const",method,,double>>,getClassName,void,True,False,True,False,False,False,True
951,950,0x3B6,?getClassName@?$wBlockSummatorDescriptor@H@@UEBAAEBV?$basic_string@D@ed@@XZ,public: virtual class ed::basic_string<char> const & __cdecl wBlockSummatorDescriptor<int>::getClassName(void) const,method,,wBlockSummatorDescriptor<int>,getClassName,void,True,False,True,False,False,False,True
952,951,0x3B7,?getClassName@?$wBlockSummatorDescriptor@N@@UEBAAEBV?$basic_string@D@ed@@XZ,public: virtual class ed::basic_string<char> const & __cdecl wBlockSummatorDescriptor<double>::getClassName(void) const,method,,wBlockSummatorDescriptor<double>,getClassName,void,True,False,True,False,False,False,True
953,952,0x3B8,?getClassName@?$wBlockSummatorDescriptor@V?$Vector@$02N@Math@@@@UEBAAEBV?$basic_string@D@ed@@XZ,"public: virtual class ed::basic_string<char> const & __cdecl wBlockSummatorDescriptor<class Math::Vector<3, double>>::getClassName(void) const",method,,double>>,getClassName,void,True,False,True,False,False,False,True
954,953,0x3B9,?getClassName@InputOutputBlock@wSimulationSystemScheme@@UEBAAEBV?$basic_string@D@ed@@XZ,public: virtual class ed::basic_string<char> const & __cdecl wSimulationSystemScheme::InputOutputBlock::getClassName(void) const,method,wSimulationSystemScheme,InputOutputBlock,getClassName,void,True,False,True,False,False,False,True
955,954,0x3BA,?getClassName@SpecialCommandsBlock@wSimulationSystemScheme@@UEBAAEBV?$basic_string@D@ed@@XZ,public: virtual class ed::basic_string<char> const & __cdecl wSimulationSystemScheme::SpecialCommandsBlock::getClassName(void) const,method,wSimulationSystemScheme,SpecialCommandsBlock,getClassName,void,True,False,True,False,False,False,True
956,955,0x3BB,?getClassName@wBlockANDDescriptor@@UEBAAEBV?$basic_string@D@ed@@XZ,public: virtual class ed::basic_string<char> const & __cdecl wBlockANDDescriptor::getClassName(void) const,method,,wBlockANDDescriptor,getClassName,void,True,False,True,False,False,False,True
957,956,0x3BC,?getClassName@wBlockANDtriggerDescriptor@@UEBAAEBV?$basic_string@D@ed@@XZ,public: virtual class ed::basic_string<char> const & __cdecl wBlockANDtriggerDescriptor::getClassName(void) const,method,,wBlockANDtriggerDescriptor,getClassName,void,True,False,True,False,False,False,True
958,957,0x3BD,?getClassName@wBlockConstantsDescriptor@@UEBAAEBV?$basic_string@D@ed@@XZ,public: virtual class ed::basic_string<char> const & __cdecl wBlockConstantsDescriptor::getClassName(void) const,method,,wBlockConstantsDescriptor,getClassName,void,True,False,True,False,False,False,True
959,958,0x3BE,?getClassName@wBlockDelayTriggerDescriptor@@UEBAAEBV?$basic_string@D@ed@@XZ,public: virtual class ed::basic_string<char> const & __cdecl wBlockDelayTriggerDescriptor::getClassName(void) const,method,,wBlockDelayTriggerDescriptor,getClassName,void,True,False,True,False,False,False,True
960,959,0x3BF,?getClassName@wBlockDelayTriggerMultipleDescriptor@@UEBAAEBV?$basic_string@D@ed@@XZ,public: virtual class ed::basic_string<char> const & __cdecl wBlockDelayTriggerMultipleDescriptor::getClassName(void) const,method,,wBlockDelayTriggerMultipleDescriptor,getClassName,void,True,False,True,False,False,False,True
961,960,0x3C0,?getClassName@wBlockDelayTriggerWireDescriptor@@UEBAAEBV?$basic_string@D@ed@@XZ,public: virtual class ed::basic_string<char> const & __cdecl wBlockDelayTriggerWireDescriptor::getClassName(void) const,method,,wBlockDelayTriggerWireDescriptor,getClassName,void,True,False,True,False,False,False,True
962,961,0x3C1,?getClassName@wBlockDoubleToVec3dTriggerDescriptor@@UEBAAEBV?$basic_string@D@ed@@XZ,public: virtual class ed::basic_string<char> const & __cdecl wBlockDoubleToVec3dTriggerDescriptor::getClassName(void) const,method,,wBlockDoubleToVec3dTriggerDescriptor,getClassName,void,True,False,True,False,False,False,True
963,962,0x3C2,?getClassName@wBlockLuaDescriptor@@UEBAAEBV?$basic_string@D@ed@@XZ,public: virtual class ed::basic_string<char> const & __cdecl wBlockLuaDescriptor::getClassName(void) const,method,,wBlockLuaDescriptor,getClassName,void,True,False,True,False,False,False,True
964,963,0x3C3,?getClassName@wBlockMultiplexDescriptor@@UEBAAEBV?$basic_string@D@ed@@XZ,public: virtual class ed::basic_string<char> const & __cdecl wBlockMultiplexDescriptor::getClassName(void) const,method,,wBlockMultiplexDescriptor,getClassName,void,True,False,True,False,False,False,True
965,964,0x3C4,?getClassName@wBlockNOTDescriptor@@UEBAAEBV?$basic_string@D@ed@@XZ,public: virtual class ed::basic_string<char> const & __cdecl wBlockNOTDescriptor::getClassName(void) const,method,,wBlockNOTDescriptor,getClassName,void,True,False,True,False,False,False,True
966,965,0x3C5,?getClassName@wBlockNOTtriggerDescriptor@@UEBAAEBV?$basic_string@D@ed@@XZ,public: virtual class ed::basic_string<char> const & __cdecl wBlockNOTtriggerDescriptor::getClassName(void) const,method,,wBlockNOTtriggerDescriptor,getClassName,void,True,False,True,False,False,False,True
967,966,0x3C6,?getClassName@wBlockORDescriptor@@UEBAAEBV?$basic_string@D@ed@@XZ,public: virtual class ed::basic_string<char> const & __cdecl wBlockORDescriptor::getClassName(void) const,method,,wBlockORDescriptor,getClassName,void,True,False,True,False,False,False,True
968,967,0x3C7,?getClassName@wBlockORtriggerDescriptor@@UEBAAEBV?$basic_string@D@ed@@XZ,public: virtual class ed::basic_string<char> const & __cdecl wBlockORtriggerDescriptor::getClassName(void) const,method,,wBlockORtriggerDescriptor,getClassName,void,True,False,True,False,False,False,True
969,968,0x3C8,?getClassName@wBlockOscilloscopeDescriptor@@UEBAAEBV?$basic_string@D@ed@@XZ,public: virtual class ed::basic_string<char> const & __cdecl wBlockOscilloscopeDescriptor::getClassName(void) const,method,,wBlockOscilloscopeDescriptor,getClassName,void,True,False,True,False,False,False,True
970,969,0x3C9,?getClassName@wBlockSubsystemDescriptor@@UEBAAEBV?$basic_string@D@ed@@XZ,public: virtual class ed::basic_string<char> const & __cdecl wBlockSubsystemDescriptor::getClassName(void) const,method,,wBlockSubsystemDescriptor,getClassName,void,True,False,True,False,False,False,True
971,970,0x3CA,?getClassName@wBlockVectorPickerDescriptor@@UEBAAEBV?$basic_string@D@ed@@XZ,public: virtual class ed::basic_string<char> const & __cdecl wBlockVectorPickerDescriptor::getClassName(void) const,method,,wBlockVectorPickerDescriptor,getClassName,void,True,False,True,False,False,False,True
972,971,0x3CB,?getClassName@wBlockWireDeserializerDescriptor@@UEBAAEBV?$basic_string@D@ed@@XZ,public: virtual class ed::basic_string<char> const & __cdecl wBlockWireDeserializerDescriptor::getClassName(void) const,method,,wBlockWireDeserializerDescriptor,getClassName,void,True,False,True,False,False,False,True
973,972,0x3CC,?getClassName@wBlockWireSerializerDescriptor@@UEBAAEBV?$basic_string@D@ed@@XZ,public: virtual class ed::basic_string<char> const & __cdecl wBlockWireSerializerDescriptor::getClassName(void) const,method,,wBlockWireSerializerDescriptor,getClassName,void,True,False,True,False,False,False,True
974,973,0x3CD,?getClassName@wBlockWireToPortDescriptor@@UEBAAEBV?$basic_string@D@ed@@XZ,public: virtual class ed::basic_string<char> const & __cdecl wBlockWireToPortDescriptor::getClassName(void) const,method,,wBlockWireToPortDescriptor,getClassName,void,True,False,True,False,False,False,True
975,974,0x3CE,?getCoeffs@?$wBlockSummatorDescriptor@H@@QEBAAEBV?$vector@HV?$allocator@H@ed@@@ed@@XZ,"public: class ed::vector<int, class ed::allocator<int>> const & __cdecl wBlockSummatorDescriptor<int>::getCoeffs(void) const",method,,wBlockSummatorDescriptor<int>,getCoeffs,void,True,False,False,False,False,False,True
976,975,0x3CF,?getCoeffs@?$wBlockSummatorDescriptor@N@@QEBAAEBV?$vector@NV?$allocator@N@ed@@@ed@@XZ,"public: class ed::vector<double, class ed::allocator<double>> const & __cdecl wBlockSummatorDescriptor<double>::getCoeffs(void) const",method,,wBlockSummatorDescriptor<double>,getCoeffs,void,True,False,False,False,False,False,True
977,976,0x3D0,?getCoeffs@?$wBlockSummatorDescriptor@V?$Vector@$02N@Math@@@@QEBAAEBV?$vector@NV?$allocator@N@ed@@@ed@@XZ,"public: class ed::vector<double, class ed::allocator<double>> const & __cdecl wBlockSummatorDescriptor<class Math::Vector<3, double>>::getCoeffs(void) const",method,,double>>,getCoeffs,void,True,False,False,False,False,False,True
978,977,0x3D1,?getConnections@wSimulationSystemScheme@@QEBAAEBV?$vector@UConnection@wSimulationSystemScheme@@V?$allocator@UConnection@wSimulationSystemScheme@@@ed@@@ed@@XZ,"public: class ed::vector<struct wSimulationSystemScheme::Connection, class ed::allocator<struct wSimulationSystemScheme::Connection>> const & __cdecl wSimulationSystemScheme::getConnections(void) const",method,,wSimulationSystemScheme,getConnections,void,True,False,False,False,False,False,True
979,978,0x3D2,?getCurrentPath@Loader@Lua@@QEBA?AV?$basic_string@D@ed@@H@Z,public: class ed::basic_string<char> __cdecl Lua::Loader::getCurrentPath(int) const,method,Lua,Loader,getCurrentPath,int,True,False,False,False,False,False,True
980,979,0x3D3,?getDataPtr@wSimulationSystem@@QEAAPEAEXZ,public: unsigned char * __cdecl wSimulationSystem::getDataPtr(void),method,,wSimulationSystem,getDataPtr,void,False,False,False,False,False,False,True
981,980,0x3D4,?getDesc_@wBlockVectorPicker@@IEAAPEBVwBlockVectorPickerDescriptor@@XZ,protected: class wBlockVectorPickerDescriptor const * __cdecl wBlockVectorPicker::getDesc_(void),method,,wBlockVectorPicker,getDesc_,void,False,False,False,False,False,False,True
982,981,0x3D5,?getDiffBlockIndex@wSimulationSystemScheme@@QEBAHH@Z,public: int __cdecl wSimulationSystemScheme::getDiffBlockIndex(int) const,method,,wSimulationSystemScheme,getDiffBlockIndex,int,True,False,False,False,False,False,True
983,982,0x3D6,?getDiffBlocksCount@wSimulationSystemScheme@@QEBAHXZ,public: int __cdecl wSimulationSystemScheme::getDiffBlocksCount(void) const,method,,wSimulationSystemScheme,getDiffBlocksCount,void,True,False,False,False,False,False,True
984,983,0x3D7,?getDiffMemoryOffset@wSimulationSystemScheme@@QEBAHXZ,public: int __cdecl wSimulationSystemScheme::getDiffMemoryOffset(void) const,method,,wSimulationSystemScheme,getDiffMemoryOffset,void,True,False,False,False,False,False,True
985,984,0x3D8,?getDiffMemorySize@wSimulationSystemScheme@@QEBAHXZ,public: int __cdecl wSimulationSystemScheme::getDiffMemorySize(void) const,method,,wSimulationSystemScheme,getDiffMemorySize,void,True,False,False,False,False,False,True
986,985,0x3D9,?getDiffState@wSimulationSystem@@QEAAPEANXZ,public: double * __cdecl wSimulationSystem::getDiffState(void),method,,wSimulationSystem,getDiffState,void,False,False,False,False,False,False,True
987,986,0x3DA,?getDiffStateSize@wSimulationSystem@@QEAAHXZ,public: int __cdecl wSimulationSystem::getDiffStateSize(void),method,,wSimulationSystem,getDiffStateSize,void,False,False,False,False,False,False,True
988,987,0x3DB,?getDiscreteBlockIndex@wSimulationSystemScheme@@QEBAHH@Z,public: int __cdecl wSimulationSystemScheme::getDiscreteBlockIndex(int) const,method,,wSimulationSystemScheme,getDiscreteBlockIndex,int,True,False,False,False,False,False,True
989,988,0x3DC,?getDiscreteBlocksCount@wSimulationSystemScheme@@QEBAHXZ,public: int __cdecl wSimulationSystemScheme::getDiscreteBlocksCount(void) const,method,,wSimulationSystemScheme,getDiscreteBlocksCount,void,True,False,False,False,False,False,True
990,989,0x3DD,?getDtMultiplier@wSimulationSystem@@QEBANXZ,public: double __cdecl wSimulationSystem::getDtMultiplier(void) const,method,,wSimulationSystem,getDtMultiplier,void,True,False,False,False,False,False,True
991,990,0x3DE,?getFileName@wBlockOscilloscopeDescriptor@@QEBAAEBV?$basic_string@D@ed@@XZ,public: class ed::basic_string<char> const & __cdecl wBlockOscilloscopeDescriptor::getFileName(void) const,method,,wBlockOscilloscopeDescriptor,getFileName,void,True,False,False,False,False,False,True
992,991,0x3DF,?getIOBlock@wSimulationSystemScheme@@QEAAPEAVwSimulationBlockDescriptor@@XZ,public: class wSimulationBlockDescriptor * __cdecl wSimulationSystemScheme::getIOBlock(void),method,,wSimulationSystemScheme,getIOBlock,void,False,False,False,False,False,False,True
993,992,0x3E0,?getIOBlock@wSimulationSystemScheme@@QEBAPEBVwSimulationBlockDescriptor@@XZ,public: class wSimulationBlockDescriptor const * __cdecl wSimulationSystemScheme::getIOBlock(void) const,method,,wSimulationSystemScheme,getIOBlock,void,True,False,False,False,False,False,True
994,993,0x3E1,?getIOLeads@wSimulationSystemScheme@@QEBAAEBV?$small_vector@UwLeadDescription@@$0BA@V?$allocator@UwLeadDescription@@@ed@@X@container@boost@@_N0@Z,"public: class boost::container::small_vector<struct wLeadDescription, 16, class ed::allocator<struct wLeadDescription>, void> const & __cdecl wSimulationSystemScheme::getIOLeads(bool, bool) const",method,,wSimulationSystemScheme,getIOLeads,"bool, bool",True,False,False,False,False,False,True
995,994,0x3E2,?getIndent@wSimulationLogger@@QEAAHXZ,public: int __cdecl wSimulationLogger::getIndent(void),method,,wSimulationLogger,getIndent,void,False,False,False,False,False,False,True
996,995,0x3E3,?getInput@wBlockLogicalMultiinputDescriptor@@QEBAAEBV?$small_vector@UwLeadDescription@@$0BA@V?$allocator@UwLeadDescription@@@ed@@X@container@boost@@XZ,"public: class boost::container::small_vector<struct wLeadDescription, 16, class ed::allocator<struct wLeadDescription>, void> const & __cdecl wBlockLogicalMultiinputDescriptor::getInput(void) const",method,,wBlockLogicalMultiinputDescriptor,getInput,void,True,False,False,False,False,False,True
997,996,0x3E4,?getInputData@wSimulationSystem@@QEAAXPEAV?$vector@EV?$allocator@E@ed@@@ed@@@Z,"public: void __cdecl wSimulationSystem::getInputData(class ed::vector<unsigned char, class ed::allocator<unsigned char>> *)",method,,wSimulationSystem,getInputData,"class ed::vector<unsigned char, class ed::allocator<unsigned char>> *",False,False,False,False,False,False,True
998,997,0x3E5,?getInputPort@?$wBlockI2O@HN@@UEAAPEAVwInputPortBase@@AEBV?$basic_string@D@ed@@@Z,"public: virtual class wInputPortBase * __cdecl wBlockI2O<int, double>::getInputPort(class ed::basic_string<char> const &)",method,,double>,getInputPort,class ed::basic_string<char> const &,False,False,True,False,False,False,True
999,998,0x3E6,?getInputPort@?$wBlockI2O@H_N@@UEAAPEAVwInputPortBase@@AEBV?$basic_string@D@ed@@@Z,"public: virtual class wInputPortBase * __cdecl wBlockI2O<int, bool>::getInputPort(class ed::basic_string<char> const &)",method,,bool>,getInputPort,class ed::basic_string<char> const &,False,False,True,False,False,False,True
1000,999,0x3E7,?getInputPort@?$wBlockI2O@N_N@@UEAAPEAVwInputPortBase@@AEBV?$basic_string@D@ed@@@Z,"public: virtual class wInputPortBase * __cdecl wBlockI2O<double, bool>::getInputPort(class ed::basic_string<char> const &)",method,,bool>,getInputPort,class ed::basic_string<char> const &,False,False,True,False,False,False,True
1001,1000,0x3E8,?getInputPort@?$wBlockI2O@_NH@@UEAAPEAVwInputPortBase@@AEBV?$basic_string@D@ed@@@Z,"public: virtual class wInputPortBase * __cdecl wBlockI2O<bool, int>::getInputPort(class ed::basic_string<char> const &)",method,,int>,getInputPort,class ed::basic_string<char> const &,False,False,True,False,False,False,True
1002,1001,0x3E9,?getInputPort@?$wBlockI2O@_NN@@UEAAPEAVwInputPortBase@@AEBV?$basic_string@D@ed@@@Z,"public: virtual class wInputPortBase * __cdecl wBlockI2O<bool, double>::getInputPort(class ed::basic_string<char> const &)",method,,double>,getInputPort,class ed::basic_string<char> const &,False,False,True,False,False,False,True
1003,1002,0x3EA,?getInputPort@?$wBlockIntegrator@N@@UEAAPEAVwInputPortBase@@AEBV?$basic_string@D@ed@@@Z,public: virtual class wInputPortBase * __cdecl wBlockIntegrator<double>::getInputPort(class ed::basic_string<char> const &),method,,wBlockIntegrator<double>,getInputPort,class ed::basic_string<char> const &,False,False,True,False,False,False,True
1004,1003,0x3EB,?getInputPort@?$wBlockIntegrator@V?$Vector@$02N@Math@@@@UEAAPEAVwInputPortBase@@AEBV?$basic_string@D@ed@@@Z,"public: virtual class wInputPortBase * __cdecl wBlockIntegrator<class Math::Vector<3, double>>::getInputPort(class ed::basic_string<char> const &)",method,,double>>,getInputPort,class ed::basic_string<char> const &,False,False,True,False,False,False,True
1005,1004,0x3EC,?getInputPort@wBlockVectorPicker@@UEAAPEAVwInputPortBase@@AEBV?$basic_string@D@ed@@@Z,public: virtual class wInputPortBase * __cdecl wBlockVectorPicker::getInputPort(class ed::basic_string<char> const &),method,,wBlockVectorPicker,getInputPort,class ed::basic_string<char> const &,False,False,True,False,False,False,True
1006,1005,0x3ED,?getInputPort@wSimulationBlock@@UEAAPEAVwInputPortBase@@AEBV?$basic_string@D@ed@@@Z,public: virtual class wInputPortBase * __cdecl wSimulationBlock::getInputPort(class ed::basic_string<char> const &),method,,wSimulationBlock,getInputPort,class ed::basic_string<char> const &,False,False,True,False,False,False,True
1007,1006,0x3EE,?getInputPort@wSimulationSystem@@QEAAPEAVwInputPortBase@@AEBV?$basic_string@D@ed@@_N@Z,"public: class wInputPortBase * __cdecl wSimulationSystem::getInputPort(class ed::basic_string<char> const &, bool)",method,,wSimulationSystem,getInputPort,"class ed::basic_string<char> const &, bool",False,False,False,False,False,False,True
1008,1007,0x3EF,?getInputPortSafe@wSimulationSystem@@QEAA?AV?$optional@V?$variant@PEAV?$wInputPort@H@@PEAV?$wInputPort@_N@@PEAV?$wInputPort@N@@PEAV?$wInputPort@V?$Vector@$02N@Math@@@@PEAV?$wInputPort@U?$Rotation3@N@Math@@@@PEAV?$wInputPort@I@@@std@@@std@@AEBV?$basic_string@D@ed@@@Z,"public: class std::optional<class std::variant<class wInputPort<int> *, class wInputPort<bool> *, class wInputPort<double> *, class wInputPort<class Math::Vector<3, double>> *, class wInputPort<struct Math::Rotation3<double>> *, class wInputPort<unsigned int> *>> __cdecl wSimulationSystem::getInputPortSafe(class ed::basic_string<char> const &)",method,,wSimulationSystem,getInputPortSafe,class ed::basic_string<char> const &,False,False,False,False,False,False,True
1009,1008,0x3F0,?getInputPortType@wSimulationBlockDescriptor@@QEBA?AW4eLeadType@@AEBV?$basic_string@D@ed@@@Z,public: enum eLeadType __cdecl wSimulationBlockDescriptor::getInputPortType(class ed::basic_string<char> const &) const,method,,wSimulationBlockDescriptor,getInputPortType,class ed::basic_string<char> const &,True,False,False,False,False,False,True
1010,1009,0x3F1,?getInputPortTypeSafe@wSimulationSystem@@QEAA?AW4eLeadType@@AEBV?$basic_string@D@ed@@@Z,public: enum eLeadType __cdecl wSimulationSystem::getInputPortTypeSafe(class ed::basic_string<char> const &),method,,wSimulationSystem,getInputPortTypeSafe,class ed::basic_string<char> const &,False,False,False,False,False,False,True
1011,1010,0x3F2,?getInputPortValueSafe@wSimulationSystem@@QEAA?AV?$optional@V?$variant@H_NNV?$Vector@$02N@Math@@U?$Rotation3@N@2@I@std@@@std@@AEBV?$basic_string@D@ed@@@Z,"public: class std::optional<class std::variant<int, bool, double, class Math::Vector<3, double>, struct Math::Rotation3<double>, unsigned int>> __cdecl wSimulationSystem::getInputPortValueSafe(class ed::basic_string<char> const &)",method,,wSimulationSystem,getInputPortValueSafe,class ed::basic_string<char> const &,False,False,False,False,False,False,True
1012,1011,0x3F3,?getInputPorts@wSimulationBlockDescriptor@@UEBAAEBV?$small_vector@UwLeadDescription@@$0BA@V?$allocator@UwLeadDescription@@@ed@@X@container@boost@@XZ,"public: virtual class boost::container::small_vector<struct wLeadDescription, 16, class ed::allocator<struct wLeadDescription>, void> const & __cdecl wSimulationBlockDescriptor::getInputPorts(void) const",method,,wSimulationBlockDescriptor,getInputPorts,void,True,False,True,False,False,False,True
1013,1012,0x3F4,?getInputPorts_@?$wBlockAvgerageValDescriptor@H@@MEBAAEBV?$small_vector@UwLeadDescription@@$0BA@V?$allocator@UwLeadDescription@@@ed@@X@container@boost@@XZ,"protected: virtual class boost::container::small_vector<struct wLeadDescription, 16, class ed::allocator<struct wLeadDescription>, void> const & __cdecl wBlockAvgerageValDescriptor<int>::getInputPorts_(void) const",method,,wBlockAvgerageValDescriptor<int>,getInputPorts_,void,True,False,True,False,False,False,True
1014,1013,0x3F5,?getInputPorts_@?$wBlockAvgerageValDescriptor@N@@MEBAAEBV?$small_vector@UwLeadDescription@@$0BA@V?$allocator@UwLeadDescription@@@ed@@X@container@boost@@XZ,"protected: virtual class boost::container::small_vector<struct wLeadDescription, 16, class ed::allocator<struct wLeadDescription>, void> const & __cdecl wBlockAvgerageValDescriptor<double>::getInputPorts_(void) const",method,,wBlockAvgerageValDescriptor<double>,getInputPorts_,void,True,False,True,False,False,False,True
1015,1014,0x3F6,?getInputPorts_@?$wBlockAvgerageValDescriptor@V?$Vector@$02N@Math@@@@MEBAAEBV?$small_vector@UwLeadDescription@@$0BA@V?$allocator@UwLeadDescription@@@ed@@X@container@boost@@XZ,"protected: virtual class boost::container::small_vector<struct wLeadDescription, 16, class ed::allocator<struct wLeadDescription>, void> const & __cdecl wBlockAvgerageValDescriptor<class Math::Vector<3, double>>::getInputPorts_(void) const",method,,double>>,getInputPorts_,void,True,False,True,False,False,False,True
1016,1015,0x3F7,?getInputPorts_@?$wBlockDeltaCalcDesc@H@@MEBAAEBV?$small_vector@UwLeadDescription@@$0BA@V?$allocator@UwLeadDescription@@@ed@@X@container@boost@@XZ,"protected: virtual class boost::container::small_vector<struct wLeadDescription, 16, class ed::allocator<struct wLeadDescription>, void> const & __cdecl wBlockDeltaCalcDesc<int>::getInputPorts_(void) const",method,,wBlockDeltaCalcDesc<int>,getInputPorts_,void,True,False,True,False,False,False,True
1017,1016,0x3F8,?getInputPorts_@?$wBlockDeltaCalcDesc@N@@MEBAAEBV?$small_vector@UwLeadDescription@@$0BA@V?$allocator@UwLeadDescription@@@ed@@X@container@boost@@XZ,"protected: virtual class boost::container::small_vector<struct wLeadDescription, 16, class ed::allocator<struct wLeadDescription>, void> const & __cdecl wBlockDeltaCalcDesc<double>::getInputPorts_(void) const",method,,wBlockDeltaCalcDesc<double>,getInputPorts_,void,True,False,True,False,False,False,True
1018,1017,0x3F9,?getInputPorts_@?$wBlockDeltaCalcDesc@V?$Vector@$02N@Math@@@@MEBAAEBV?$small_vector@UwLeadDescription@@$0BA@V?$allocator@UwLeadDescription@@@ed@@X@container@boost@@XZ,"protected: virtual class boost::container::small_vector<struct wLeadDescription, 16, class ed::allocator<struct wLeadDescription>, void> const & __cdecl wBlockDeltaCalcDesc<class Math::Vector<3, double>>::getInputPorts_(void) const",method,,double>>,getInputPorts_,void,True,False,True,False,False,False,True
1019,1018,0x3FA,?getInputPorts_@?$wBlockI2ODescriptor@HN@@MEBAAEBV?$small_vector@UwLeadDescription@@$0BA@V?$allocator@UwLeadDescription@@@ed@@X@container@boost@@XZ,"protected: virtual class boost::container::small_vector<struct wLeadDescription, 16, class ed::allocator<struct wLeadDescription>, void> const & __cdecl wBlockI2ODescriptor<int, double>::getInputPorts_(void) const",method,,double>,getInputPorts_,void,True,False,True,False,False,False,True
1020,1019,0x3FB,?getInputPorts_@?$wBlockI2ODescriptor@H_N@@MEBAAEBV?$small_vector@UwLeadDescription@@$0BA@V?$allocator@UwLeadDescription@@@ed@@X@container@boost@@XZ,"protected: virtual class boost::container::small_vector<struct wLeadDescription, 16, class ed::allocator<struct wLeadDescription>, void> const & __cdecl wBlockI2ODescriptor<int, bool>::getInputPorts_(void) const",method,,bool>,getInputPorts_,void,True,False,True,False,False,False,True
1021,1020,0x3FC,?getInputPorts_@?$wBlockI2ODescriptor@N_N@@MEBAAEBV?$small_vector@UwLeadDescription@@$0BA@V?$allocator@UwLeadDescription@@@ed@@X@container@boost@@XZ,"protected: virtual class boost::container::small_vector<struct wLeadDescription, 16, class ed::allocator<struct wLeadDescription>, void> const & __cdecl wBlockI2ODescriptor<double, bool>::getInputPorts_(void) const",method,,bool>,getInputPorts_,void,True,False,True,False,False,False,True
1022,1021,0x3FD,?getInputPorts_@?$wBlockI2ODescriptor@_NH@@MEBAAEBV?$small_vector@UwLeadDescription@@$0BA@V?$allocator@UwLeadDescription@@@ed@@X@container@boost@@XZ,"protected: virtual class boost::container::small_vector<struct wLeadDescription, 16, class ed::allocator<struct wLeadDescription>, void> const & __cdecl wBlockI2ODescriptor<bool, int>::getInputPorts_(void) const",method,,int>,getInputPorts_,void,True,False,True,False,False,False,True
1023,1022,0x3FE,?getInputPorts_@?$wBlockI2ODescriptor@_NN@@MEBAAEBV?$small_vector@UwLeadDescription@@$0BA@V?$allocator@UwLeadDescription@@@ed@@X@container@boost@@XZ,"protected: virtual class boost::container::small_vector<struct wLeadDescription, 16, class ed::allocator<struct wLeadDescription>, void> const & __cdecl wBlockI2ODescriptor<bool, double>::getInputPorts_(void) const",method,,double>,getInputPorts_,void,True,False,True,False,False,False,True
1024,1023,0x3FF,?getInputPorts_@?$wBlockIntegratorDescriptor@N@@MEBAAEBV?$small_vector@UwLeadDescription@@$0BA@V?$allocator@UwLeadDescription@@@ed@@X@container@boost@@XZ,"protected: virtual class boost::container::small_vector<struct wLeadDescription, 16, class ed::allocator<struct wLeadDescription>, void> const & __cdecl wBlockIntegratorDescriptor<double>::getInputPorts_(void) const",method,,wBlockIntegratorDescriptor<double>,getInputPorts_,void,True,False,True,False,False,False,True
1025,1024,0x400,?getInputPorts_@?$wBlockIntegratorDescriptor@V?$Vector@$02N@Math@@@@MEBAAEBV?$small_vector@UwLeadDescription@@$0BA@V?$allocator@UwLeadDescription@@@ed@@X@container@boost@@XZ,"protected: virtual class boost::container::small_vector<struct wLeadDescription, 16, class ed::allocator<struct wLeadDescription>, void> const & __cdecl wBlockIntegratorDescriptor<class Math::Vector<3, double>>::getInputPorts_(void) const",method,,double>>,getInputPorts_,void,True,False,True,False,False,False,True
1026,1025,0x401,?getInputPorts_@?$wBlockMaxValDescriptor@H@@MEBAAEBV?$small_vector@UwLeadDescription@@$0BA@V?$allocator@UwLeadDescription@@@ed@@X@container@boost@@XZ,"protected: virtual class boost::container::small_vector<struct wLeadDescription, 16, class ed::allocator<struct wLeadDescription>, void> const & __cdecl wBlockMaxValDescriptor<int>::getInputPorts_(void) const",method,,wBlockMaxValDescriptor<int>,getInputPorts_,void,True,False,True,False,False,False,True
1027,1026,0x402,?getInputPorts_@?$wBlockMaxValDescriptor@N@@MEBAAEBV?$small_vector@UwLeadDescription@@$0BA@V?$allocator@UwLeadDescription@@@ed@@X@container@boost@@XZ,"protected: virtual class boost::container::small_vector<struct wLeadDescription, 16, class ed::allocator<struct wLeadDescription>, void> const & __cdecl wBlockMaxValDescriptor<double>::getInputPorts_(void) const",method,,wBlockMaxValDescriptor<double>,getInputPorts_,void,True,False,True,False,False,False,True
1028,1027,0x403,?getInputPorts_@?$wBlockMaxValDescriptor@V?$Vector@$02N@Math@@@@MEBAAEBV?$small_vector@UwLeadDescription@@$0BA@V?$allocator@UwLeadDescription@@@ed@@X@container@boost@@XZ,"protected: virtual class boost::container::small_vector<struct wLeadDescription, 16, class ed::allocator<struct wLeadDescription>, void> const & __cdecl wBlockMaxValDescriptor<class Math::Vector<3, double>>::getInputPorts_(void) const",method,,double>>,getInputPorts_,void,True,False,True,False,False,False,True
1029,1028,0x404,?getInputPorts_@?$wBlockMinValDescriptor@H@@MEBAAEBV?$small_vector@UwLeadDescription@@$0BA@V?$allocator@UwLeadDescription@@@ed@@X@container@boost@@XZ,"protected: virtual class boost::container::small_vector<struct wLeadDescription, 16, class ed::allocator<struct wLeadDescription>, void> const & __cdecl wBlockMinValDescriptor<int>::getInputPorts_(void) const",method,,wBlockMinValDescriptor<int>,getInputPorts_,void,True,False,True,False,False,False,True
1030,1029,0x405,?getInputPorts_@?$wBlockMinValDescriptor@N@@MEBAAEBV?$small_vector@UwLeadDescription@@$0BA@V?$allocator@UwLeadDescription@@@ed@@X@container@boost@@XZ,"protected: virtual class boost::container::small_vector<struct wLeadDescription, 16, class ed::allocator<struct wLeadDescription>, void> const & __cdecl wBlockMinValDescriptor<double>::getInputPorts_(void) const",method,,wBlockMinValDescriptor<double>,getInputPorts_,void,True,False,True,False,False,False,True
1031,1030,0x406,?getInputPorts_@?$wBlockMinValDescriptor@V?$Vector@$02N@Math@@@@MEBAAEBV?$small_vector@UwLeadDescription@@$0BA@V?$allocator@UwLeadDescription@@@ed@@X@container@boost@@XZ,"protected: virtual class boost::container::small_vector<struct wLeadDescription, 16, class ed::allocator<struct wLeadDescription>, void> const & __cdecl wBlockMinValDescriptor<class Math::Vector<3, double>>::getInputPorts_(void) const",method,,double>>,getInputPorts_,void,True,False,True,False,False,False,True
1032,1031,0x407,?getInputPorts_@?$wBlockP2WDesc@H@@MEBAAEBV?$small_vector@UwLeadDescription@@$0BA@V?$allocator@UwLeadDescription@@@ed@@X@container@boost@@XZ,"protected: virtual class boost::container::small_vector<struct wLeadDescription, 16, class ed::allocator<struct wLeadDescription>, void> const & __cdecl wBlockP2WDesc<int>::getInputPorts_(void) const",method,,wBlockP2WDesc<int>,getInputPorts_,void,True,False,True,False,False,False,True
1033,1032,0x408,?getInputPorts_@?$wBlockP2WDesc@N@@MEBAAEBV?$small_vector@UwLeadDescription@@$0BA@V?$allocator@UwLeadDescription@@@ed@@X@container@boost@@XZ,"protected: virtual class boost::container::small_vector<struct wLeadDescription, 16, class ed::allocator<struct wLeadDescription>, void> const & __cdecl wBlockP2WDesc<double>::getInputPorts_(void) const",method,,wBlockP2WDesc<double>,getInputPorts_,void,True,False,True,False,False,False,True
1034,1033,0x409,?getInputPorts_@?$wBlockP2WDesc@V?$Vector@$02N@Math@@@@MEBAAEBV?$small_vector@UwLeadDescription@@$0BA@V?$allocator@UwLeadDescription@@@ed@@X@container@boost@@XZ,"protected: virtual class boost::container::small_vector<struct wLeadDescription, 16, class ed::allocator<struct wLeadDescription>, void> const & __cdecl wBlockP2WDesc<class Math::Vector<3, double>>::getInputPorts_(void) const",method,,double>>,getInputPorts_,void,True,False,True,False,False,False,True
1035,1034,0x40A,?getInputPorts_@?$wBlockP2WDesc@_N@@MEBAAEBV?$small_vector@UwLeadDescription@@$0BA@V?$allocator@UwLeadDescription@@@ed@@X@container@boost@@XZ,"protected: virtual class boost::container::small_vector<struct wLeadDescription, 16, class ed::allocator<struct wLeadDescription>, void> const & __cdecl wBlockP2WDesc<bool>::getInputPorts_(void) const",method,,wBlockP2WDesc<bool>,getInputPorts_,void,True,False,True,False,False,False,True
1036,1035,0x40B,?getInputPorts_@?$wBlockRateCalcDesc@H@@MEBAAEBV?$small_vector@UwLeadDescription@@$0BA@V?$allocator@UwLeadDescription@@@ed@@X@container@boost@@XZ,"protected: virtual class boost::container::small_vector<struct wLeadDescription, 16, class ed::allocator<struct wLeadDescription>, void> const & __cdecl wBlockRateCalcDesc<int>::getInputPorts_(void) const",method,,wBlockRateCalcDesc<int>,getInputPorts_,void,True,False,True,False,False,False,True
1037,1036,0x40C,?getInputPorts_@?$wBlockRateCalcDesc@N@@MEBAAEBV?$small_vector@UwLeadDescription@@$0BA@V?$allocator@UwLeadDescription@@@ed@@X@container@boost@@XZ,"protected: virtual class boost::container::small_vector<struct wLeadDescription, 16, class ed::allocator<struct wLeadDescription>, void> const & __cdecl wBlockRateCalcDesc<double>::getInputPorts_(void) const",method,,wBlockRateCalcDesc<double>,getInputPorts_,void,True,False,True,False,False,False,True
1038,1037,0x40D,?getInputPorts_@?$wBlockRateCalcDesc@V?$Vector@$02N@Math@@@@MEBAAEBV?$small_vector@UwLeadDescription@@$0BA@V?$allocator@UwLeadDescription@@@ed@@X@container@boost@@XZ,"protected: virtual class boost::container::small_vector<struct wLeadDescription, 16, class ed::allocator<struct wLeadDescription>, void> const & __cdecl wBlockRateCalcDesc<class Math::Vector<3, double>>::getInputPorts_(void) const",method,,double>>,getInputPorts_,void,True,False,True,False,False,False,True
1039,1038,0x40E,?getInputPorts_@?$wBlockSummatorDescriptor@H@@MEBAAEBV?$small_vector@UwLeadDescription@@$0BA@V?$allocator@UwLeadDescription@@@ed@@X@container@boost@@XZ,"protected: virtual class boost::container::small_vector<struct wLeadDescription, 16, class ed::allocator<struct wLeadDescription>, void> const & __cdecl wBlockSummatorDescriptor<int>::getInputPorts_(void) const",method,,wBlockSummatorDescriptor<int>,getInputPorts_,void,True,False,True,False,False,False,True
1040,1039,0x40F,?getInputPorts_@?$wBlockSummatorDescriptor@N@@MEBAAEBV?$small_vector@UwLeadDescription@@$0BA@V?$allocator@UwLeadDescription@@@ed@@X@container@boost@@XZ,"protected: virtual class boost::container::small_vector<struct wLeadDescription, 16, class ed::allocator<struct wLeadDescription>, void> const & __cdecl wBlockSummatorDescriptor<double>::getInputPorts_(void) const",method,,wBlockSummatorDescriptor<double>,getInputPorts_,void,True,False,True,False,False,False,True
1041,1040,0x410,?getInputPorts_@?$wBlockSummatorDescriptor@V?$Vector@$02N@Math@@@@MEBAAEBV?$small_vector@UwLeadDescription@@$0BA@V?$allocator@UwLeadDescription@@@ed@@X@container@boost@@XZ,"protected: virtual class boost::container::small_vector<struct wLeadDescription, 16, class ed::allocator<struct wLeadDescription>, void> const & __cdecl wBlockSummatorDescriptor<class Math::Vector<3, double>>::getInputPorts_(void) const",method,,double>>,getInputPorts_,void,True,False,True,False,False,False,True
1042,1041,0x411,?getInputPorts_@InputOutputBlock@wSimulationSystemScheme@@MEBAAEBV?$small_vector@UwLeadDescription@@$0BA@V?$allocator@UwLeadDescription@@@ed@@X@container@boost@@XZ,"protected: virtual class boost::container::small_vector<struct wLeadDescription, 16, class ed::allocator<struct wLeadDescription>, void> const & __cdecl wSimulationSystemScheme::InputOutputBlock::getInputPorts_(void) const",method,wSimulationSystemScheme,InputOutputBlock,getInputPorts_,void,True,False,True,False,False,False,True
1043,1042,0x412,?getInputPorts_@SpecialCommandsBlock@wSimulationSystemScheme@@MEBAAEBV?$small_vector@UwLeadDescription@@$0BA@V?$allocator@UwLeadDescription@@@ed@@X@container@boost@@XZ,"protected: virtual class boost::container::small_vector<struct wLeadDescription, 16, class ed::allocator<struct wLeadDescription>, void> const & __cdecl wSimulationSystemScheme::SpecialCommandsBlock::getInputPorts_(void) const",method,wSimulationSystemScheme,SpecialCommandsBlock,getInputPorts_,void,True,False,True,False,False,False,True
1044,1043,0x413,?getInputPorts_@wBlockANDDescriptor@@MEBAAEBV?$small_vector@UwLeadDescription@@$0BA@V?$allocator@UwLeadDescription@@@ed@@X@container@boost@@XZ,"protected: virtual class boost::container::small_vector<struct wLeadDescription, 16, class ed::allocator<struct wLeadDescription>, void> const & __cdecl wBlockANDDescriptor::getInputPorts_(void) const",method,,wBlockANDDescriptor,getInputPorts_,void,True,False,True,False,False,False,True
1045,1044,0x414,?getInputPorts_@wBlockANDtriggerDescriptor@@MEBAAEBV?$small_vector@UwLeadDescription@@$0BA@V?$allocator@UwLeadDescription@@@ed@@X@container@boost@@XZ,"protected: virtual class boost::container::small_vector<struct wLeadDescription, 16, class ed::allocator<struct wLeadDescription>, void> const & __cdecl wBlockANDtriggerDescriptor::getInputPorts_(void) const",method,,wBlockANDtriggerDescriptor,getInputPorts_,void,True,False,True,False,False,False,True
1046,1045,0x415,?getInputPorts_@wBlockConstantsDescriptor@@MEBAAEBV?$small_vector@UwLeadDescription@@$0BA@V?$allocator@UwLeadDescription@@@ed@@X@container@boost@@XZ,"protected: virtual class boost::container::small_vector<struct wLeadDescription, 16, class ed::allocator<struct wLeadDescription>, void> const & __cdecl wBlockConstantsDescriptor::getInputPorts_(void) const",method,,wBlockConstantsDescriptor,getInputPorts_,void,True,False,True,False,False,False,True
1047,1046,0x416,?getInputPorts_@wBlockDelayTriggerDescriptor@@MEBAAEBV?$small_vector@UwLeadDescription@@$0BA@V?$allocator@UwLeadDescription@@@ed@@X@container@boost@@XZ,"protected: virtual class boost::container::small_vector<struct wLeadDescription, 16, class ed::allocator<struct wLeadDescription>, void> const & __cdecl wBlockDelayTriggerDescriptor::getInputPorts_(void) const",method,,wBlockDelayTriggerDescriptor,getInputPorts_,void,True,False,True,False,False,False,True
1048,1047,0x417,?getInputPorts_@wBlockDelayTriggerMultipleDescriptor@@MEBAAEBV?$small_vector@UwLeadDescription@@$0BA@V?$allocator@UwLeadDescription@@@ed@@X@container@boost@@XZ,"protected: virtual class boost::container::small_vector<struct wLeadDescription, 16, class ed::allocator<struct wLeadDescription>, void> const & __cdecl wBlockDelayTriggerMultipleDescriptor::getInputPorts_(void) const",method,,wBlockDelayTriggerMultipleDescriptor,getInputPorts_,void,True,False,True,False,False,False,True
1049,1048,0x418,?getInputPorts_@wBlockDelayTriggerWireDescriptor@@MEBAAEBV?$small_vector@UwLeadDescription@@$0BA@V?$allocator@UwLeadDescription@@@ed@@X@container@boost@@XZ,"protected: virtual class boost::container::small_vector<struct wLeadDescription, 16, class ed::allocator<struct wLeadDescription>, void> const & __cdecl wBlockDelayTriggerWireDescriptor::getInputPorts_(void) const",method,,wBlockDelayTriggerWireDescriptor,getInputPorts_,void,True,False,True,False,False,False,True
1050,1049,0x419,?getInputPorts_@wBlockDoubleToVec3dTriggerDescriptor@@MEBAAEBV?$small_vector@UwLeadDescription@@$0BA@V?$allocator@UwLeadDescription@@@ed@@X@container@boost@@XZ,"protected: virtual class boost::container::small_vector<struct wLeadDescription, 16, class ed::allocator<struct wLeadDescription>, void> const & __cdecl wBlockDoubleToVec3dTriggerDescriptor::getInputPorts_(void) const",method,,wBlockDoubleToVec3dTriggerDescriptor,getInputPorts_,void,True,False,True,False,False,False,True
1051,1050,0x41A,?getInputPorts_@wBlockLuaDescriptor@@MEBAAEBV?$small_vector@UwLeadDescription@@$0BA@V?$allocator@UwLeadDescription@@@ed@@X@container@boost@@XZ,"protected: virtual class boost::container::small_vector<struct wLeadDescription, 16, class ed::allocator<struct wLeadDescription>, void> const & __cdecl wBlockLuaDescriptor::getInputPorts_(void) const",method,,wBlockLuaDescriptor,getInputPorts_,void,True,False,True,False,False,False,True
1052,1051,0x41B,?getInputPorts_@wBlockMultiplexDescriptor@@MEBAAEBV?$small_vector@UwLeadDescription@@$0BA@V?$allocator@UwLeadDescription@@@ed@@X@container@boost@@XZ,"protected: virtual class boost::container::small_vector<struct wLeadDescription, 16, class ed::allocator<struct wLeadDescription>, void> const & __cdecl wBlockMultiplexDescriptor::getInputPorts_(void) const",method,,wBlockMultiplexDescriptor,getInputPorts_,void,True,False,True,False,False,False,True
1053,1052,0x41C,?getInputPorts_@wBlockNOTDescriptor@@MEBAAEBV?$small_vector@UwLeadDescription@@$0BA@V?$allocator@UwLeadDescription@@@ed@@X@container@boost@@XZ,"protected: virtual class boost::container::small_vector<struct wLeadDescription, 16, class ed::allocator<struct wLeadDescription>, void> const & __cdecl wBlockNOTDescriptor::getInputPorts_(void) const",method,,wBlockNOTDescriptor,getInputPorts_,void,True,False,True,False,False,False,True
1054,1053,0x41D,?getInputPorts_@wBlockNOTtriggerDescriptor@@MEBAAEBV?$small_vector@UwLeadDescription@@$0BA@V?$allocator@UwLeadDescription@@@ed@@X@container@boost@@XZ,"protected: virtual class boost::container::small_vector<struct wLeadDescription, 16, class ed::allocator<struct wLeadDescription>, void> const & __cdecl wBlockNOTtriggerDescriptor::getInputPorts_(void) const",method,,wBlockNOTtriggerDescriptor,getInputPorts_,void,True,False,True,False,False,False,True
1055,1054,0x41E,?getInputPorts_@wBlockORDescriptor@@MEBAAEBV?$small_vector@UwLeadDescription@@$0BA@V?$allocator@UwLeadDescription@@@ed@@X@container@boost@@XZ,"protected: virtual class boost::container::small_vector<struct wLeadDescription, 16, class ed::allocator<struct wLeadDescription>, void> const & __cdecl wBlockORDescriptor::getInputPorts_(void) const",method,,wBlockORDescriptor,getInputPorts_,void,True,False,True,False,False,False,True
1056,1055,0x41F,?getInputPorts_@wBlockORtriggerDescriptor@@MEBAAEBV?$small_vector@UwLeadDescription@@$0BA@V?$allocator@UwLeadDescription@@@ed@@X@container@boost@@XZ,"protected: virtual class boost::container::small_vector<struct wLeadDescription, 16, class ed::allocator<struct wLeadDescription>, void> const & __cdecl wBlockORtriggerDescriptor::getInputPorts_(void) const",method,,wBlockORtriggerDescriptor,getInputPorts_,void,True,False,True,False,False,False,True
1057,1056,0x420,?getInputPorts_@wBlockOscilloscopeDescriptor@@MEBAAEBV?$small_vector@UwLeadDescription@@$0BA@V?$allocator@UwLeadDescription@@@ed@@X@container@boost@@XZ,"protected: virtual class boost::container::small_vector<struct wLeadDescription, 16, class ed::allocator<struct wLeadDescription>, void> const & __cdecl wBlockOscilloscopeDescriptor::getInputPorts_(void) const",method,,wBlockOscilloscopeDescriptor,getInputPorts_,void,True,False,True,False,False,False,True
1058,1057,0x421,?getInputPorts_@wBlockSubsystemDescriptor@@MEBAAEBV?$small_vector@UwLeadDescription@@$0BA@V?$allocator@UwLeadDescription@@@ed@@X@container@boost@@XZ,"protected: virtual class boost::container::small_vector<struct wLeadDescription, 16, class ed::allocator<struct wLeadDescription>, void> const & __cdecl wBlockSubsystemDescriptor::getInputPorts_(void) const",method,,wBlockSubsystemDescriptor,getInputPorts_,void,True,False,True,False,False,False,True
1059,1058,0x422,?getInputPorts_@wBlockVectorPickerDescriptor@@MEBAAEBV?$small_vector@UwLeadDescription@@$0BA@V?$allocator@UwLeadDescription@@@ed@@X@container@boost@@XZ,"protected: virtual class boost::container::small_vector<struct wLeadDescription, 16, class ed::allocator<struct wLeadDescription>, void> const & __cdecl wBlockVectorPickerDescriptor::getInputPorts_(void) const",method,,wBlockVectorPickerDescriptor,getInputPorts_,void,True,False,True,False,False,False,True
1060,1059,0x423,?getInputPorts_@wBlockWireDeserializerDescriptor@@MEBAAEBV?$small_vector@UwLeadDescription@@$0BA@V?$allocator@UwLeadDescription@@@ed@@X@container@boost@@XZ,"protected: virtual class boost::container::small_vector<struct wLeadDescription, 16, class ed::allocator<struct wLeadDescription>, void> const & __cdecl wBlockWireDeserializerDescriptor::getInputPorts_(void) const",method,,wBlockWireDeserializerDescriptor,getInputPorts_,void,True,False,True,False,False,False,True
1061,1060,0x424,?getInputPorts_@wBlockWireSerializerDescriptor@@MEBAAEBV?$small_vector@UwLeadDescription@@$0BA@V?$allocator@UwLeadDescription@@@ed@@X@container@boost@@XZ,"protected: virtual class boost::container::small_vector<struct wLeadDescription, 16, class ed::allocator<struct wLeadDescription>, void> const & __cdecl wBlockWireSerializerDescriptor::getInputPorts_(void) const",method,,wBlockWireSerializerDescriptor,getInputPorts_,void,True,False,True,False,False,False,True
1062,1061,0x425,?getInputPorts_@wBlockWireToPortDescriptor@@MEBAAEBV?$small_vector@UwLeadDescription@@$0BA@V?$allocator@UwLeadDescription@@@ed@@X@container@boost@@XZ,"protected: virtual class boost::container::small_vector<struct wLeadDescription, 16, class ed::allocator<struct wLeadDescription>, void> const & __cdecl wBlockWireToPortDescriptor::getInputPorts_(void) const",method,,wBlockWireToPortDescriptor,getInputPorts_,void,True,False,True,False,False,False,True
1063,1062,0x426,?getInputPorts_@wSimulationBlockDescriptor@@MEBAAEBV?$small_vector@UwLeadDescription@@$0BA@V?$allocator@UwLeadDescription@@@ed@@X@container@boost@@XZ,"protected: virtual class boost::container::small_vector<struct wLeadDescription, 16, class ed::allocator<struct wLeadDescription>, void> const & __cdecl wSimulationBlockDescriptor::getInputPorts_(void) const",method,,wSimulationBlockDescriptor,getInputPorts_,void,True,False,True,False,False,False,True
1064,1063,0x427,?getInputType@wSimulationBlockDescriptor@@QEBA?AW4eLeadType@@AEBV?$basic_string@D@ed@@@Z,public: enum eLeadType __cdecl wSimulationBlockDescriptor::getInputType(class ed::basic_string<char> const &) const,method,,wSimulationBlockDescriptor,getInputType,class ed::basic_string<char> const &,True,False,False,False,False,False,True
1065,1064,0x428,?getInputWire@wSimulationSystem@@QEBAPEBUwLeadDescription@@AEBV?$basic_string@D@ed@@@Z,public: struct wLeadDescription const * __cdecl wSimulationSystem::getInputWire(class ed::basic_string<char> const &) const,method,,wSimulationSystem,getInputWire,class ed::basic_string<char> const &,True,False,False,False,False,False,True
1066,1065,0x429,?getInputWireOffset@wSimulationBlockDescriptor@@QEBAHH@Z,public: int __cdecl wSimulationBlockDescriptor::getInputWireOffset(int) const,method,,wSimulationBlockDescriptor,getInputWireOffset,int,True,False,False,False,False,False,True
1067,1066,0x42A,?getInputWires@wSimulationBlockDescriptor@@UEBAAEBV?$small_vector@UwLeadDescription@@$0BA@V?$allocator@UwLeadDescription@@@ed@@X@container@boost@@XZ,"public: virtual class boost::container::small_vector<struct wLeadDescription, 16, class ed::allocator<struct wLeadDescription>, void> const & __cdecl wSimulationBlockDescriptor::getInputWires(void) const",method,,wSimulationBlockDescriptor,getInputWires,void,True,False,True,False,False,False,True
1068,1067,0x42B,?getInputWires@wSimulationBlockDiffDescriptor@@UEBAAEBV?$small_vector@UwLeadDescription@@$0BA@V?$allocator@UwLeadDescription@@@ed@@X@container@boost@@XZ,"public: virtual class boost::container::small_vector<struct wLeadDescription, 16, class ed::allocator<struct wLeadDescription>, void> const & __cdecl wSimulationBlockDiffDescriptor::getInputWires(void) const",method,,wSimulationBlockDiffDescriptor,getInputWires,void,True,False,True,False,False,False,True
1069,1068,0x42C,?getInputWires_@?$wBlockAvgerageValDescriptor@H@@MEBAAEBV?$small_vector@UwLeadDescription@@$0BA@V?$allocator@UwLeadDescription@@@ed@@X@container@boost@@XZ,"protected: virtual class boost::container::small_vector<struct wLeadDescription, 16, class ed::allocator<struct wLeadDescription>, void> const & __cdecl wBlockAvgerageValDescriptor<int>::getInputWires_(void) const",method,,wBlockAvgerageValDescriptor<int>,getInputWires_,void,True,False,True,False,False,False,True
1070,1069,0x42D,?getInputWires_@?$wBlockAvgerageValDescriptor@N@@MEBAAEBV?$small_vector@UwLeadDescription@@$0BA@V?$allocator@UwLeadDescription@@@ed@@X@container@boost@@XZ,"protected: virtual class boost::container::small_vector<struct wLeadDescription, 16, class ed::allocator<struct wLeadDescription>, void> const & __cdecl wBlockAvgerageValDescriptor<double>::getInputWires_(void) const",method,,wBlockAvgerageValDescriptor<double>,getInputWires_,void,True,False,True,False,False,False,True
1071,1070,0x42E,?getInputWires_@?$wBlockAvgerageValDescriptor@V?$Vector@$02N@Math@@@@MEBAAEBV?$small_vector@UwLeadDescription@@$0BA@V?$allocator@UwLeadDescription@@@ed@@X@container@boost@@XZ,"protected: virtual class boost::container::small_vector<struct wLeadDescription, 16, class ed::allocator<struct wLeadDescription>, void> const & __cdecl wBlockAvgerageValDescriptor<class Math::Vector<3, double>>::getInputWires_(void) const",method,,double>>,getInputWires_,void,True,False,True,False,False,False,True
1072,1071,0x42F,?getInputWires_@?$wBlockDeltaCalcDesc@H@@MEBAAEBV?$small_vector@UwLeadDescription@@$0BA@V?$allocator@UwLeadDescription@@@ed@@X@container@boost@@XZ,"protected: virtual class boost::container::small_vector<struct wLeadDescription, 16, class ed::allocator<struct wLeadDescription>, void> const & __cdecl wBlockDeltaCalcDesc<int>::getInputWires_(void) const",method,,wBlockDeltaCalcDesc<int>,getInputWires_,void,True,False,True,False,False,False,True
1073,1072,0x430,?getInputWires_@?$wBlockDeltaCalcDesc@N@@MEBAAEBV?$small_vector@UwLeadDescription@@$0BA@V?$allocator@UwLeadDescription@@@ed@@X@container@boost@@XZ,"protected: virtual class boost::container::small_vector<struct wLeadDescription, 16, class ed::allocator<struct wLeadDescription>, void> const & __cdecl wBlockDeltaCalcDesc<double>::getInputWires_(void) const",method,,wBlockDeltaCalcDesc<double>,getInputWires_,void,True,False,True,False,False,False,True
1074,1073,0x431,?getInputWires_@?$wBlockDeltaCalcDesc@V?$Vector@$02N@Math@@@@MEBAAEBV?$small_vector@UwLeadDescription@@$0BA@V?$allocator@UwLeadDescription@@@ed@@X@container@boost@@XZ,"protected: virtual class boost::container::small_vector<struct wLeadDescription, 16, class ed::allocator<struct wLeadDescription>, void> const & __cdecl wBlockDeltaCalcDesc<class Math::Vector<3, double>>::getInputWires_(void) const",method,,double>>,getInputWires_,void,True,False,True,False,False,False,True
1075,1074,0x432,?getInputWires_@?$wBlockI2ODescriptor@HN@@MEBAAEBV?$small_vector@UwLeadDescription@@$0BA@V?$allocator@UwLeadDescription@@@ed@@X@container@boost@@XZ,"protected: virtual class boost::container::small_vector<struct wLeadDescription, 16, class ed::allocator<struct wLeadDescription>, void> const & __cdecl wBlockI2ODescriptor<int, double>::getInputWires_(void) const",method,,double>,getInputWires_,void,True,False,True,False,False,False,True
1076,1075,0x433,?getInputWires_@?$wBlockI2ODescriptor@H_N@@MEBAAEBV?$small_vector@UwLeadDescription@@$0BA@V?$allocator@UwLeadDescription@@@ed@@X@container@boost@@XZ,"protected: virtual class boost::container::small_vector<struct wLeadDescription, 16, class ed::allocator<struct wLeadDescription>, void> const & __cdecl wBlockI2ODescriptor<int, bool>::getInputWires_(void) const",method,,bool>,getInputWires_,void,True,False,True,False,False,False,True
1077,1076,0x434,?getInputWires_@?$wBlockI2ODescriptor@N_N@@MEBAAEBV?$small_vector@UwLeadDescription@@$0BA@V?$allocator@UwLeadDescription@@@ed@@X@container@boost@@XZ,"protected: virtual class boost::container::small_vector<struct wLeadDescription, 16, class ed::allocator<struct wLeadDescription>, void> const & __cdecl wBlockI2ODescriptor<double, bool>::getInputWires_(void) const",method,,bool>,getInputWires_,void,True,False,True,False,False,False,True
1078,1077,0x435,?getInputWires_@?$wBlockI2ODescriptor@_NH@@MEBAAEBV?$small_vector@UwLeadDescription@@$0BA@V?$allocator@UwLeadDescription@@@ed@@X@container@boost@@XZ,"protected: virtual class boost::container::small_vector<struct wLeadDescription, 16, class ed::allocator<struct wLeadDescription>, void> const & __cdecl wBlockI2ODescriptor<bool, int>::getInputWires_(void) const",method,,int>,getInputWires_,void,True,False,True,False,False,False,True
1079,1078,0x436,?getInputWires_@?$wBlockI2ODescriptor@_NN@@MEBAAEBV?$small_vector@UwLeadDescription@@$0BA@V?$allocator@UwLeadDescription@@@ed@@X@container@boost@@XZ,"protected: virtual class boost::container::small_vector<struct wLeadDescription, 16, class ed::allocator<struct wLeadDescription>, void> const & __cdecl wBlockI2ODescriptor<bool, double>::getInputWires_(void) const",method,,double>,getInputWires_,void,True,False,True,False,False,False,True
1080,1079,0x437,?getInputWires_@?$wBlockIntegratorDescriptor@N@@MEBAAEBV?$small_vector@UwLeadDescription@@$0BA@V?$allocator@UwLeadDescription@@@ed@@X@container@boost@@XZ,"protected: virtual class boost::container::small_vector<struct wLeadDescription, 16, class ed::allocator<struct wLeadDescription>, void> const & __cdecl wBlockIntegratorDescriptor<double>::getInputWires_(void) const",method,,wBlockIntegratorDescriptor<double>,getInputWires_,void,True,False,True,False,False,False,True
1081,1080,0x438,?getInputWires_@?$wBlockIntegratorDescriptor@V?$Vector@$02N@Math@@@@MEBAAEBV?$small_vector@UwLeadDescription@@$0BA@V?$allocator@UwLeadDescription@@@ed@@X@container@boost@@XZ,"protected: virtual class boost::container::small_vector<struct wLeadDescription, 16, class ed::allocator<struct wLeadDescription>, void> const & __cdecl wBlockIntegratorDescriptor<class Math::Vector<3, double>>::getInputWires_(void) const",method,,double>>,getInputWires_,void,True,False,True,False,False,False,True
1082,1081,0x439,?getInputWires_@?$wBlockMaxValDescriptor@H@@MEBAAEBV?$small_vector@UwLeadDescription@@$0BA@V?$allocator@UwLeadDescription@@@ed@@X@container@boost@@XZ,"protected: virtual class boost::container::small_vector<struct wLeadDescription, 16, class ed::allocator<struct wLeadDescription>, void> const & __cdecl wBlockMaxValDescriptor<int>::getInputWires_(void) const",method,,wBlockMaxValDescriptor<int>,getInputWires_,void,True,False,True,False,False,False,True
1083,1082,0x43A,?getInputWires_@?$wBlockMaxValDescriptor@N@@MEBAAEBV?$small_vector@UwLeadDescription@@$0BA@V?$allocator@UwLeadDescription@@@ed@@X@container@boost@@XZ,"protected: virtual class boost::container::small_vector<struct wLeadDescription, 16, class ed::allocator<struct wLeadDescription>, void> const & __cdecl wBlockMaxValDescriptor<double>::getInputWires_(void) const",method,,wBlockMaxValDescriptor<double>,getInputWires_,void,True,False,True,False,False,False,True
1084,1083,0x43B,?getInputWires_@?$wBlockMaxValDescriptor@V?$Vector@$02N@Math@@@@MEBAAEBV?$small_vector@UwLeadDescription@@$0BA@V?$allocator@UwLeadDescription@@@ed@@X@container@boost@@XZ,"protected: virtual class boost::container::small_vector<struct wLeadDescription, 16, class ed::allocator<struct wLeadDescription>, void> const & __cdecl wBlockMaxValDescriptor<class Math::Vector<3, double>>::getInputWires_(void) const",method,,double>>,getInputWires_,void,True,False,True,False,False,False,True
1085,1084,0x43C,?getInputWires_@?$wBlockMinValDescriptor@H@@MEBAAEBV?$small_vector@UwLeadDescription@@$0BA@V?$allocator@UwLeadDescription@@@ed@@X@container@boost@@XZ,"protected: virtual class boost::container::small_vector<struct wLeadDescription, 16, class ed::allocator<struct wLeadDescription>, void> const & __cdecl wBlockMinValDescriptor<int>::getInputWires_(void) const",method,,wBlockMinValDescriptor<int>,getInputWires_,void,True,False,True,False,False,False,True
1086,1085,0x43D,?getInputWires_@?$wBlockMinValDescriptor@N@@MEBAAEBV?$small_vector@UwLeadDescription@@$0BA@V?$allocator@UwLeadDescription@@@ed@@X@container@boost@@XZ,"protected: virtual class boost::container::small_vector<struct wLeadDescription, 16, class ed::allocator<struct wLeadDescription>, void> const & __cdecl wBlockMinValDescriptor<double>::getInputWires_(void) const",method,,wBlockMinValDescriptor<double>,getInputWires_,void,True,False,True,False,False,False,True
1087,1086,0x43E,?getInputWires_@?$wBlockMinValDescriptor@V?$Vector@$02N@Math@@@@MEBAAEBV?$small_vector@UwLeadDescription@@$0BA@V?$allocator@UwLeadDescription@@@ed@@X@container@boost@@XZ,"protected: virtual class boost::container::small_vector<struct wLeadDescription, 16, class ed::allocator<struct wLeadDescription>, void> const & __cdecl wBlockMinValDescriptor<class Math::Vector<3, double>>::getInputWires_(void) const",method,,double>>,getInputWires_,void,True,False,True,False,False,False,True
1088,1087,0x43F,?getInputWires_@?$wBlockP2WDesc@H@@MEBAAEBV?$small_vector@UwLeadDescription@@$0BA@V?$allocator@UwLeadDescription@@@ed@@X@container@boost@@XZ,"protected: virtual class boost::container::small_vector<struct wLeadDescription, 16, class ed::allocator<struct wLeadDescription>, void> const & __cdecl wBlockP2WDesc<int>::getInputWires_(void) const",method,,wBlockP2WDesc<int>,getInputWires_,void,True,False,True,False,False,False,True
1089,1088,0x440,?getInputWires_@?$wBlockP2WDesc@N@@MEBAAEBV?$small_vector@UwLeadDescription@@$0BA@V?$allocator@UwLeadDescription@@@ed@@X@container@boost@@XZ,"protected: virtual class boost::container::small_vector<struct wLeadDescription, 16, class ed::allocator<struct wLeadDescription>, void> const & __cdecl wBlockP2WDesc<double>::getInputWires_(void) const",method,,wBlockP2WDesc<double>,getInputWires_,void,True,False,True,False,False,False,True
1090,1089,0x441,?getInputWires_@?$wBlockP2WDesc@V?$Vector@$02N@Math@@@@MEBAAEBV?$small_vector@UwLeadDescription@@$0BA@V?$allocator@UwLeadDescription@@@ed@@X@container@boost@@XZ,"protected: virtual class boost::container::small_vector<struct wLeadDescription, 16, class ed::allocator<struct wLeadDescription>, void> const & __cdecl wBlockP2WDesc<class Math::Vector<3, double>>::getInputWires_(void) const",method,,double>>,getInputWires_,void,True,False,True,False,False,False,True
1091,1090,0x442,?getInputWires_@?$wBlockP2WDesc@_N@@MEBAAEBV?$small_vector@UwLeadDescription@@$0BA@V?$allocator@UwLeadDescription@@@ed@@X@container@boost@@XZ,"protected: virtual class boost::container::small_vector<struct wLeadDescription, 16, class ed::allocator<struct wLeadDescription>, void> const & __cdecl wBlockP2WDesc<bool>::getInputWires_(void) const",method,,wBlockP2WDesc<bool>,getInputWires_,void,True,False,True,False,False,False,True
1092,1091,0x443,?getInputWires_@?$wBlockRateCalcDesc@H@@MEBAAEBV?$small_vector@UwLeadDescription@@$0BA@V?$allocator@UwLeadDescription@@@ed@@X@container@boost@@XZ,"protected: virtual class boost::container::small_vector<struct wLeadDescription, 16, class ed::allocator<struct wLeadDescription>, void> const & __cdecl wBlockRateCalcDesc<int>::getInputWires_(void) const",method,,wBlockRateCalcDesc<int>,getInputWires_,void,True,False,True,False,False,False,True
1093,1092,0x444,?getInputWires_@?$wBlockRateCalcDesc@N@@MEBAAEBV?$small_vector@UwLeadDescription@@$0BA@V?$allocator@UwLeadDescription@@@ed@@X@container@boost@@XZ,"protected: virtual class boost::container::small_vector<struct wLeadDescription, 16, class ed::allocator<struct wLeadDescription>, void> const & __cdecl wBlockRateCalcDesc<double>::getInputWires_(void) const",method,,wBlockRateCalcDesc<double>,getInputWires_,void,True,False,True,False,False,False,True
1094,1093,0x445,?getInputWires_@?$wBlockRateCalcDesc@V?$Vector@$02N@Math@@@@MEBAAEBV?$small_vector@UwLeadDescription@@$0BA@V?$allocator@UwLeadDescription@@@ed@@X@container@boost@@XZ,"protected: virtual class boost::container::small_vector<struct wLeadDescription, 16, class ed::allocator<struct wLeadDescription>, void> const & __cdecl wBlockRateCalcDesc<class Math::Vector<3, double>>::getInputWires_(void) const",method,,double>>,getInputWires_,void,True,False,True,False,False,False,True
1095,1094,0x446,?getInputWires_@?$wBlockSummatorDescriptor@H@@MEBAAEBV?$small_vector@UwLeadDescription@@$0BA@V?$allocator@UwLeadDescription@@@ed@@X@container@boost@@XZ,"protected: virtual class boost::container::small_vector<struct wLeadDescription, 16, class ed::allocator<struct wLeadDescription>, void> const & __cdecl wBlockSummatorDescriptor<int>::getInputWires_(void) const",method,,wBlockSummatorDescriptor<int>,getInputWires_,void,True,False,True,False,False,False,True
1096,1095,0x447,?getInputWires_@?$wBlockSummatorDescriptor@N@@MEBAAEBV?$small_vector@UwLeadDescription@@$0BA@V?$allocator@UwLeadDescription@@@ed@@X@container@boost@@XZ,"protected: virtual class boost::container::small_vector<struct wLeadDescription, 16, class ed::allocator<struct wLeadDescription>, void> const & __cdecl wBlockSummatorDescriptor<double>::getInputWires_(void) const",method,,wBlockSummatorDescriptor<double>,getInputWires_,void,True,False,True,False,False,False,True
1097,1096,0x448,?getInputWires_@?$wBlockSummatorDescriptor@V?$Vector@$02N@Math@@@@MEBAAEBV?$small_vector@UwLeadDescription@@$0BA@V?$allocator@UwLeadDescription@@@ed@@X@container@boost@@XZ,"protected: virtual class boost::container::small_vector<struct wLeadDescription, 16, class ed::allocator<struct wLeadDescription>, void> const & __cdecl wBlockSummatorDescriptor<class Math::Vector<3, double>>::getInputWires_(void) const",method,,double>>,getInputWires_,void,True,False,True,False,False,False,True
1098,1097,0x449,?getInputWires_@InputOutputBlock@wSimulationSystemScheme@@MEBAAEBV?$small_vector@UwLeadDescription@@$0BA@V?$allocator@UwLeadDescription@@@ed@@X@container@boost@@XZ,"protected: virtual class boost::container::small_vector<struct wLeadDescription, 16, class ed::allocator<struct wLeadDescription>, void> const & __cdecl wSimulationSystemScheme::InputOutputBlock::getInputWires_(void) const",method,wSimulationSystemScheme,InputOutputBlock,getInputWires_,void,True,False,True,False,False,False,True
1099,1098,0x44A,?getInputWires_@wBlockANDDescriptor@@MEBAAEBV?$small_vector@UwLeadDescription@@$0BA@V?$allocator@UwLeadDescription@@@ed@@X@container@boost@@XZ,"protected: virtual class boost::container::small_vector<struct wLeadDescription, 16, class ed::allocator<struct wLeadDescription>, void> const & __cdecl wBlockANDDescriptor::getInputWires_(void) const",method,,wBlockANDDescriptor,getInputWires_,void,True,False,True,False,False,False,True
1100,1099,0x44B,?getInputWires_@wBlockANDtriggerDescriptor@@MEBAAEBV?$small_vector@UwLeadDescription@@$0BA@V?$allocator@UwLeadDescription@@@ed@@X@container@boost@@XZ,"protected: virtual class boost::container::small_vector<struct wLeadDescription, 16, class ed::allocator<struct wLeadDescription>, void> const & __cdecl wBlockANDtriggerDescriptor::getInputWires_(void) const",method,,wBlockANDtriggerDescriptor,getInputWires_,void,True,False,True,False,False,False,True
1101,1100,0x44C,?getInputWires_@wBlockConstantsDescriptor@@MEBAAEBV?$small_vector@UwLeadDescription@@$0BA@V?$allocator@UwLeadDescription@@@ed@@X@container@boost@@XZ,"protected: virtual class boost::container::small_vector<struct wLeadDescription, 16, class ed::allocator<struct wLeadDescription>, void> const & __cdecl wBlockConstantsDescriptor::getInputWires_(void) const",method,,wBlockConstantsDescriptor,getInputWires_,void,True,False,True,False,False,False,True
1102,1101,0x44D,?getInputWires_@wBlockDelayTriggerDescriptor@@MEBAAEBV?$small_vector@UwLeadDescription@@$0BA@V?$allocator@UwLeadDescription@@@ed@@X@container@boost@@XZ,"protected: virtual class boost::container::small_vector<struct wLeadDescription, 16, class ed::allocator<struct wLeadDescription>, void> const & __cdecl wBlockDelayTriggerDescriptor::getInputWires_(void) const",method,,wBlockDelayTriggerDescriptor,getInputWires_,void,True,False,True,False,False,False,True
1103,1102,0x44E,?getInputWires_@wBlockDelayTriggerMultipleDescriptor@@MEBAAEBV?$small_vector@UwLeadDescription@@$0BA@V?$allocator@UwLeadDescription@@@ed@@X@container@boost@@XZ,"protected: virtual class boost::container::small_vector<struct wLeadDescription, 16, class ed::allocator<struct wLeadDescription>, void> const & __cdecl wBlockDelayTriggerMultipleDescriptor::getInputWires_(void) const",method,,wBlockDelayTriggerMultipleDescriptor,getInputWires_,void,True,False,True,False,False,False,True
1104,1103,0x44F,?getInputWires_@wBlockDelayTriggerWireDescriptor@@MEBAAEBV?$small_vector@UwLeadDescription@@$0BA@V?$allocator@UwLeadDescription@@@ed@@X@container@boost@@XZ,"protected: virtual class boost::container::small_vector<struct wLeadDescription, 16, class ed::allocator<struct wLeadDescription>, void> const & __cdecl wBlockDelayTriggerWireDescriptor::getInputWires_(void) const",method,,wBlockDelayTriggerWireDescriptor,getInputWires_,void,True,False,True,False,False,False,True
1105,1104,0x450,?getInputWires_@wBlockDoubleToVec3dTriggerDescriptor@@MEBAAEBV?$small_vector@UwLeadDescription@@$0BA@V?$allocator@UwLeadDescription@@@ed@@X@container@boost@@XZ,"protected: virtual class boost::container::small_vector<struct wLeadDescription, 16, class ed::allocator<struct wLeadDescription>, void> const & __cdecl wBlockDoubleToVec3dTriggerDescriptor::getInputWires_(void) const",method,,wBlockDoubleToVec3dTriggerDescriptor,getInputWires_,void,True,False,True,False,False,False,True
1106,1105,0x451,?getInputWires_@wBlockLuaDescriptor@@MEBAAEBV?$small_vector@UwLeadDescription@@$0BA@V?$allocator@UwLeadDescription@@@ed@@X@container@boost@@XZ,"protected: virtual class boost::container::small_vector<struct wLeadDescription, 16, class ed::allocator<struct wLeadDescription>, void> const & __cdecl wBlockLuaDescriptor::getInputWires_(void) const",method,,wBlockLuaDescriptor,getInputWires_,void,True,False,True,False,False,False,True
1107,1106,0x452,?getInputWires_@wBlockMultiplexDescriptor@@MEBAAEBV?$small_vector@UwLeadDescription@@$0BA@V?$allocator@UwLeadDescription@@@ed@@X@container@boost@@XZ,"protected: virtual class boost::container::small_vector<struct wLeadDescription, 16, class ed::allocator<struct wLeadDescription>, void> const & __cdecl wBlockMultiplexDescriptor::getInputWires_(void) const",method,,wBlockMultiplexDescriptor,getInputWires_,void,True,False,True,False,False,False,True
1108,1107,0x453,?getInputWires_@wBlockNOTDescriptor@@MEBAAEBV?$small_vector@UwLeadDescription@@$0BA@V?$allocator@UwLeadDescription@@@ed@@X@container@boost@@XZ,"protected: virtual class boost::container::small_vector<struct wLeadDescription, 16, class ed::allocator<struct wLeadDescription>, void> const & __cdecl wBlockNOTDescriptor::getInputWires_(void) const",method,,wBlockNOTDescriptor,getInputWires_,void,True,False,True,False,False,False,True
1109,1108,0x454,?getInputWires_@wBlockNOTtriggerDescriptor@@MEBAAEBV?$small_vector@UwLeadDescription@@$0BA@V?$allocator@UwLeadDescription@@@ed@@X@container@boost@@XZ,"protected: virtual class boost::container::small_vector<struct wLeadDescription, 16, class ed::allocator<struct wLeadDescription>, void> const & __cdecl wBlockNOTtriggerDescriptor::getInputWires_(void) const",method,,wBlockNOTtriggerDescriptor,getInputWires_,void,True,False,True,False,False,False,True
1110,1109,0x455,?getInputWires_@wBlockORDescriptor@@MEBAAEBV?$small_vector@UwLeadDescription@@$0BA@V?$allocator@UwLeadDescription@@@ed@@X@container@boost@@XZ,"protected: virtual class boost::container::small_vector<struct wLeadDescription, 16, class ed::allocator<struct wLeadDescription>, void> const & __cdecl wBlockORDescriptor::getInputWires_(void) const",method,,wBlockORDescriptor,getInputWires_,void,True,False,True,False,False,False,True
1111,1110,0x456,?getInputWires_@wBlockORtriggerDescriptor@@MEBAAEBV?$small_vector@UwLeadDescription@@$0BA@V?$allocator@UwLeadDescription@@@ed@@X@container@boost@@XZ,"protected: virtual class boost::container::small_vector<struct wLeadDescription, 16, class ed::allocator<struct wLeadDescription>, void> const & __cdecl wBlockORtriggerDescriptor::getInputWires_(void) const",method,,wBlockORtriggerDescriptor,getInputWires_,void,True,False,True,False,False,False,True
1112,1111,0x457,?getInputWires_@wBlockOscilloscopeDescriptor@@MEBAAEBV?$small_vector@UwLeadDescription@@$0BA@V?$allocator@UwLeadDescription@@@ed@@X@container@boost@@XZ,"protected: virtual class boost::container::small_vector<struct wLeadDescription, 16, class ed::allocator<struct wLeadDescription>, void> const & __cdecl wBlockOscilloscopeDescriptor::getInputWires_(void) const",method,,wBlockOscilloscopeDescriptor,getInputWires_,void,True,False,True,False,False,False,True
1113,1112,0x458,?getInputWires_@wBlockSubsystemDescriptor@@MEBAAEBV?$small_vector@UwLeadDescription@@$0BA@V?$allocator@UwLeadDescription@@@ed@@X@container@boost@@XZ,"protected: virtual class boost::container::small_vector<struct wLeadDescription, 16, class ed::allocator<struct wLeadDescription>, void> const & __cdecl wBlockSubsystemDescriptor::getInputWires_(void) const",method,,wBlockSubsystemDescriptor,getInputWires_,void,True,False,True,False,False,False,True
1114,1113,0x459,?getInputWires_@wBlockVectorPickerDescriptor@@MEBAAEBV?$small_vector@UwLeadDescription@@$0BA@V?$allocator@UwLeadDescription@@@ed@@X@container@boost@@XZ,"protected: virtual class boost::container::small_vector<struct wLeadDescription, 16, class ed::allocator<struct wLeadDescription>, void> const & __cdecl wBlockVectorPickerDescriptor::getInputWires_(void) const",method,,wBlockVectorPickerDescriptor,getInputWires_,void,True,False,True,False,False,False,True
1115,1114,0x45A,?getInputWires_@wBlockWireDeserializerDescriptor@@MEBAAEBV?$small_vector@UwLeadDescription@@$0BA@V?$allocator@UwLeadDescription@@@ed@@X@container@boost@@XZ,"protected: virtual class boost::container::small_vector<struct wLeadDescription, 16, class ed::allocator<struct wLeadDescription>, void> const & __cdecl wBlockWireDeserializerDescriptor::getInputWires_(void) const",method,,wBlockWireDeserializerDescriptor,getInputWires_,void,True,False,True,False,False,False,True
1116,1115,0x45B,?getInputWires_@wBlockWireSerializerDescriptor@@MEBAAEBV?$small_vector@UwLeadDescription@@$0BA@V?$allocator@UwLeadDescription@@@ed@@X@container@boost@@XZ,"protected: virtual class boost::container::small_vector<struct wLeadDescription, 16, class ed::allocator<struct wLeadDescription>, void> const & __cdecl wBlockWireSerializerDescriptor::getInputWires_(void) const",method,,wBlockWireSerializerDescriptor,getInputWires_,void,True,False,True,False,False,False,True
1117,1116,0x45C,?getInputWires_@wBlockWireToPortDescriptor@@MEBAAEBV?$small_vector@UwLeadDescription@@$0BA@V?$allocator@UwLeadDescription@@@ed@@X@container@boost@@XZ,"protected: virtual class boost::container::small_vector<struct wLeadDescription, 16, class ed::allocator<struct wLeadDescription>, void> const & __cdecl wBlockWireToPortDescriptor::getInputWires_(void) const",method,,wBlockWireToPortDescriptor,getInputWires_,void,True,False,True,False,False,False,True
1118,1117,0x45D,?getInputWires_@wSimulationBlockDescriptor@@MEBAAEBV?$small_vector@UwLeadDescription@@$0BA@V?$allocator@UwLeadDescription@@@ed@@X@container@boost@@XZ,"protected: virtual class boost::container::small_vector<struct wLeadDescription, 16, class ed::allocator<struct wLeadDescription>, void> const & __cdecl wSimulationBlockDescriptor::getInputWires_(void) const",method,,wSimulationBlockDescriptor,getInputWires_,void,True,False,True,False,False,False,True
1119,1118,0x45E,?getInversions@wBlockLogicalMultiinputDescriptor@@QEBAAEBV?$small_vector@_N$0BA@V?$allocator@_N@ed@@X@container@boost@@XZ,"public: class boost::container::small_vector<bool, 16, class ed::allocator<bool>, void> const & __cdecl wBlockLogicalMultiinputDescriptor::getInversions(void) const",method,,wBlockLogicalMultiinputDescriptor,getInversions,void,True,False,False,False,False,False,True
1120,1119,0x45F,?getKeysDescriptions@wOdeSolversFactory@@QEBAAEBV?$vector@U?$pair@V?$basic_string@D@ed@@V12@@std@@V?$allocator@U?$pair@V?$basic_string@D@ed@@V12@@std@@@ed@@@ed@@XZ,"public: class ed::vector<struct std::pair<class ed::basic_string<char>, class ed::basic_string<char>>, class ed::allocator<struct std::pair<class ed::basic_string<char>, class ed::basic_string<char>>>> const & __cdecl wOdeSolversFactory::getKeysDescriptions(void) const",method,,wOdeSolversFactory,getKeysDescriptions,void,True,False,False,False,False,False,True
1121,1120,0x460,?getKeysDescriptions@wSimulationBlockFactory@@QEBA?AV?$vector@U?$pair@V?$basic_string@D@ed@@V12@@std@@V?$allocator@U?$pair@V?$basic_string@D@ed@@V12@@std@@@ed@@@ed@@XZ,"public: class ed::vector<struct std::pair<class ed::basic_string<char>, class ed::basic_string<char>>, class ed::allocator<struct std::pair<class ed::basic_string<char>, class ed::basic_string<char>>>> __cdecl wSimulationBlockFactory::getKeysDescriptions(void) const",method,,wSimulationBlockFactory,getKeysDescriptions,void,True,False,False,False,False,False,True
1122,1121,0x461,?getLeadIndex@wSimulationBlockDescriptor@@QEBAH_N0AEBV?$basic_string@D@ed@@0@Z,"public: int __cdecl wSimulationBlockDescriptor::getLeadIndex(bool, bool, class ed::basic_string<char> const &, bool) const",method,,wSimulationBlockDescriptor,getLeadIndex,"bool, bool, class ed::basic_string<char> const &, bool",True,False,False,False,False,False,True
1123,1122,0x462,?getLeadType@wSimulationBlockDescriptor@@QEBA?AW4eLeadType@@_N0AEBV?$basic_string@D@ed@@@Z,"public: enum eLeadType __cdecl wSimulationBlockDescriptor::getLeadType(bool, bool, class ed::basic_string<char> const &) const",method,,wSimulationBlockDescriptor,getLeadType,"bool, bool, class ed::basic_string<char> const &",True,False,False,False,False,False,True
1124,1123,0x463,?getLeads@wSimulationBlockDescriptor@@QEBAAEBV?$small_vector@UwLeadDescription@@$0BA@V?$allocator@UwLeadDescription@@@ed@@X@container@boost@@_N0@Z,"public: class boost::container::small_vector<struct wLeadDescription, 16, class ed::allocator<struct wLeadDescription>, void> const & __cdecl wSimulationBlockDescriptor::getLeads(bool, bool) const",method,,wSimulationBlockDescriptor,getLeads,"bool, bool",True,False,False,False,False,False,True
1125,1124,0x464,?getLevel@wSimulationLogger@@QEAA?AW4weSimulationLogLevel@@XZ,public: enum weSimulationLogLevel __cdecl wSimulationLogger::getLevel(void),method,,wSimulationLogger,getLevel,void,False,False,False,False,False,False,True
1126,1125,0x465,?getLuaState@Loader@Lua@@QEBAPEAUlua_State@@XZ,public: struct lua_State * __cdecl Lua::Loader::getLuaState(void) const,method,Lua,Loader,getLuaState,void,True,False,False,False,False,False,True
1127,1126,0x466,?getLuaState_@wBlockLuaDescriptor@@IEBAPEAUlua_State@@XZ,protected: struct lua_State * __cdecl wBlockLuaDescriptor::getLuaState_(void) const,method,,wBlockLuaDescriptor,getLuaState_,void,True,False,False,False,False,False,True
1128,1127,0x467,?getMasElemCount@wSimulationBlockDisc@@AEAAHPEAXH@Z,"private: int __cdecl wSimulationBlockDisc::getMasElemCount(void *, int)",method,,wSimulationBlockDisc,getMasElemCount,"void *, int",False,False,False,False,False,False,True
1129,1128,0x468,?getMemorySize@wSimulationSystemScheme@@QEBAHXZ,public: int __cdecl wSimulationSystemScheme::getMemorySize(void) const,method,,wSimulationSystemScheme,getMemorySize,void,True,False,False,False,False,False,True
1130,1129,0x469,?getName@wSimulationBlockDescriptor@@QEBAAEBV?$basic_string@D@ed@@XZ,public: class ed::basic_string<char> const & __cdecl wSimulationBlockDescriptor::getName(void) const,method,,wSimulationBlockDescriptor,getName,void,True,False,False,False,False,False,True
1131,1130,0x46A,?getOdeSolverDescriptor@wSimulationSystemScheme@@QEBAPEBVwOdeSolverDescriptor@@XZ,public: class wOdeSolverDescriptor const * __cdecl wSimulationSystemScheme::getOdeSolverDescriptor(void) const,method,,wSimulationSystemScheme,getOdeSolverDescriptor,void,True,False,False,False,False,False,True
1132,1131,0x46B,?getOutputPort@?$wBlockI2O@HN@@UEAAPEAVwOutputPortBase@@AEBV?$basic_string@D@ed@@@Z,"public: virtual class wOutputPortBase * __cdecl wBlockI2O<int, double>::getOutputPort(class ed::basic_string<char> const &)",method,,double>,getOutputPort,class ed::basic_string<char> const &,False,False,True,False,False,False,True
1133,1132,0x46C,?getOutputPort@?$wBlockI2O@H_N@@UEAAPEAVwOutputPortBase@@AEBV?$basic_string@D@ed@@@Z,"public: virtual class wOutputPortBase * __cdecl wBlockI2O<int, bool>::getOutputPort(class ed::basic_string<char> const &)",method,,bool>,getOutputPort,class ed::basic_string<char> const &,False,False,True,False,False,False,True
1134,1133,0x46D,?getOutputPort@?$wBlockI2O@N_N@@UEAAPEAVwOutputPortBase@@AEBV?$basic_string@D@ed@@@Z,"public: virtual class wOutputPortBase * __cdecl wBlockI2O<double, bool>::getOutputPort(class ed::basic_string<char> const &)",method,,bool>,getOutputPort,class ed::basic_string<char> const &,False,False,True,False,False,False,True
1135,1134,0x46E,?getOutputPort@?$wBlockI2O@_NH@@UEAAPEAVwOutputPortBase@@AEBV?$basic_string@D@ed@@@Z,"public: virtual class wOutputPortBase * __cdecl wBlockI2O<bool, int>::getOutputPort(class ed::basic_string<char> const &)",method,,int>,getOutputPort,class ed::basic_string<char> const &,False,False,True,False,False,False,True
1136,1135,0x46F,?getOutputPort@?$wBlockI2O@_NN@@UEAAPEAVwOutputPortBase@@AEBV?$basic_string@D@ed@@@Z,"public: virtual class wOutputPortBase * __cdecl wBlockI2O<bool, double>::getOutputPort(class ed::basic_string<char> const &)",method,,double>,getOutputPort,class ed::basic_string<char> const &,False,False,True,False,False,False,True
1137,1136,0x470,?getOutputPort@?$wBlockIntegrator@N@@UEAAPEAVwOutputPortBase@@AEBV?$basic_string@D@ed@@@Z,public: virtual class wOutputPortBase * __cdecl wBlockIntegrator<double>::getOutputPort(class ed::basic_string<char> const &),method,,wBlockIntegrator<double>,getOutputPort,class ed::basic_string<char> const &,False,False,True,False,False,False,True
1138,1137,0x471,?getOutputPort@?$wBlockIntegrator@V?$Vector@$02N@Math@@@@UEAAPEAVwOutputPortBase@@AEBV?$basic_string@D@ed@@@Z,"public: virtual class wOutputPortBase * __cdecl wBlockIntegrator<class Math::Vector<3, double>>::getOutputPort(class ed::basic_string<char> const &)",method,,double>>,getOutputPort,class ed::basic_string<char> const &,False,False,True,False,False,False,True
1139,1138,0x472,?getOutputPort@wBlockVectorPicker@@UEAAPEAVwOutputPortBase@@AEBV?$basic_string@D@ed@@@Z,public: virtual class wOutputPortBase * __cdecl wBlockVectorPicker::getOutputPort(class ed::basic_string<char> const &),method,,wBlockVectorPicker,getOutputPort,class ed::basic_string<char> const &,False,False,True,False,False,False,True
1140,1139,0x473,?getOutputPort@wSimulationBlock@@UEAAPEAVwOutputPortBase@@AEBV?$basic_string@D@ed@@@Z,public: virtual class wOutputPortBase * __cdecl wSimulationBlock::getOutputPort(class ed::basic_string<char> const &),method,,wSimulationBlock,getOutputPort,class ed::basic_string<char> const &,False,False,True,False,False,False,True
1141,1140,0x474,?getOutputPort@wSimulationSystem@@QEAAPEAVwOutputPortBase@@AEBV?$basic_string@D@ed@@_N@Z,"public: class wOutputPortBase * __cdecl wSimulationSystem::getOutputPort(class ed::basic_string<char> const &, bool)",method,,wSimulationSystem,getOutputPort,"class ed::basic_string<char> const &, bool",False,False,False,False,False,False,True
1142,1141,0x475,?getOutputPortType@wSimulationBlockDescriptor@@QEBA?AW4eLeadType@@AEBV?$basic_string@D@ed@@@Z,public: enum eLeadType __cdecl wSimulationBlockDescriptor::getOutputPortType(class ed::basic_string<char> const &) const,method,,wSimulationBlockDescriptor,getOutputPortType,class ed::basic_string<char> const &,True,False,False,False,False,False,True
1143,1142,0x476,?getOutputPorts@wSimulationBlockDescriptor@@UEBAAEBV?$small_vector@UwLeadDescription@@$0BA@V?$allocator@UwLeadDescription@@@ed@@X@container@boost@@XZ,"public: virtual class boost::container::small_vector<struct wLeadDescription, 16, class ed::allocator<struct wLeadDescription>, void> const & __cdecl wSimulationBlockDescriptor::getOutputPorts(void) const",method,,wSimulationBlockDescriptor,getOutputPorts,void,True,False,True,False,False,False,True
1144,1143,0x477,?getOutputPorts_@?$wBlockAvgerageValDescriptor@H@@MEBAAEBV?$small_vector@UwLeadDescription@@$0BA@V?$allocator@UwLeadDescription@@@ed@@X@container@boost@@XZ,"protected: virtual class boost::container::small_vector<struct wLeadDescription, 16, class ed::allocator<struct wLeadDescription>, void> const & __cdecl wBlockAvgerageValDescriptor<int>::getOutputPorts_(void) const",method,,wBlockAvgerageValDescriptor<int>,getOutputPorts_,void,True,False,True,False,False,False,True
1145,1144,0x478,?getOutputPorts_@?$wBlockAvgerageValDescriptor@N@@MEBAAEBV?$small_vector@UwLeadDescription@@$0BA@V?$allocator@UwLeadDescription@@@ed@@X@container@boost@@XZ,"protected: virtual class boost::container::small_vector<struct wLeadDescription, 16, class ed::allocator<struct wLeadDescription>, void> const & __cdecl wBlockAvgerageValDescriptor<double>::getOutputPorts_(void) const",method,,wBlockAvgerageValDescriptor<double>,getOutputPorts_,void,True,False,True,False,False,False,True
1146,1145,0x479,?getOutputPorts_@?$wBlockAvgerageValDescriptor@V?$Vector@$02N@Math@@@@MEBAAEBV?$small_vector@UwLeadDescription@@$0BA@V?$allocator@UwLeadDescription@@@ed@@X@container@boost@@XZ,"protected: virtual class boost::container::small_vector<struct wLeadDescription, 16, class ed::allocator<struct wLeadDescription>, void> const & __cdecl wBlockAvgerageValDescriptor<class Math::Vector<3, double>>::getOutputPorts_(void) const",method,,double>>,getOutputPorts_,void,True,False,True,False,False,False,True
1147,1146,0x47A,?getOutputPorts_@?$wBlockDeltaCalcDesc@H@@MEBAAEBV?$small_vector@UwLeadDescription@@$0BA@V?$allocator@UwLeadDescription@@@ed@@X@container@boost@@XZ,"protected: virtual class boost::container::small_vector<struct wLeadDescription, 16, class ed::allocator<struct wLeadDescription>, void> const & __cdecl wBlockDeltaCalcDesc<int>::getOutputPorts_(void) const",method,,wBlockDeltaCalcDesc<int>,getOutputPorts_,void,True,False,True,False,False,False,True
1148,1147,0x47B,?getOutputPorts_@?$wBlockDeltaCalcDesc@N@@MEBAAEBV?$small_vector@UwLeadDescription@@$0BA@V?$allocator@UwLeadDescription@@@ed@@X@container@boost@@XZ,"protected: virtual class boost::container::small_vector<struct wLeadDescription, 16, class ed::allocator<struct wLeadDescription>, void> const & __cdecl wBlockDeltaCalcDesc<double>::getOutputPorts_(void) const",method,,wBlockDeltaCalcDesc<double>,getOutputPorts_,void,True,False,True,False,False,False,True
1149,1148,0x47C,?getOutputPorts_@?$wBlockDeltaCalcDesc@V?$Vector@$02N@Math@@@@MEBAAEBV?$small_vector@UwLeadDescription@@$0BA@V?$allocator@UwLeadDescription@@@ed@@X@container@boost@@XZ,"protected: virtual class boost::container::small_vector<struct wLeadDescription, 16, class ed::allocator<struct wLeadDescription>, void> const & __cdecl wBlockDeltaCalcDesc<class Math::Vector<3, double>>::getOutputPorts_(void) const",method,,double>>,getOutputPorts_,void,True,False,True,False,False,False,True
1150,1149,0x47D,?getOutputPorts_@?$wBlockI2ODescriptor@HN@@MEBAAEBV?$small_vector@UwLeadDescription@@$0BA@V?$allocator@UwLeadDescription@@@ed@@X@container@boost@@XZ,"protected: virtual class boost::container::small_vector<struct wLeadDescription, 16, class ed::allocator<struct wLeadDescription>, void> const & __cdecl wBlockI2ODescriptor<int, double>::getOutputPorts_(void) const",method,,double>,getOutputPorts_,void,True,False,True,False,False,False,True
1151,1150,0x47E,?getOutputPorts_@?$wBlockI2ODescriptor@H_N@@MEBAAEBV?$small_vector@UwLeadDescription@@$0BA@V?$allocator@UwLeadDescription@@@ed@@X@container@boost@@XZ,"protected: virtual class boost::container::small_vector<struct wLeadDescription, 16, class ed::allocator<struct wLeadDescription>, void> const & __cdecl wBlockI2ODescriptor<int, bool>::getOutputPorts_(void) const",method,,bool>,getOutputPorts_,void,True,False,True,False,False,False,True
1152,1151,0x47F,?getOutputPorts_@?$wBlockI2ODescriptor@N_N@@MEBAAEBV?$small_vector@UwLeadDescription@@$0BA@V?$allocator@UwLeadDescription@@@ed@@X@container@boost@@XZ,"protected: virtual class boost::container::small_vector<struct wLeadDescription, 16, class ed::allocator<struct wLeadDescription>, void> const & __cdecl wBlockI2ODescriptor<double, bool>::getOutputPorts_(void) const",method,,bool>,getOutputPorts_,void,True,False,True,False,False,False,True
1153,1152,0x480,?getOutputPorts_@?$wBlockI2ODescriptor@_NH@@MEBAAEBV?$small_vector@UwLeadDescription@@$0BA@V?$allocator@UwLeadDescription@@@ed@@X@container@boost@@XZ,"protected: virtual class boost::container::small_vector<struct wLeadDescription, 16, class ed::allocator<struct wLeadDescription>, void> const & __cdecl wBlockI2ODescriptor<bool, int>::getOutputPorts_(void) const",method,,int>,getOutputPorts_,void,True,False,True,False,False,False,True
1154,1153,0x481,?getOutputPorts_@?$wBlockI2ODescriptor@_NN@@MEBAAEBV?$small_vector@UwLeadDescription@@$0BA@V?$allocator@UwLeadDescription@@@ed@@X@container@boost@@XZ,"protected: virtual class boost::container::small_vector<struct wLeadDescription, 16, class ed::allocator<struct wLeadDescription>, void> const & __cdecl wBlockI2ODescriptor<bool, double>::getOutputPorts_(void) const",method,,double>,getOutputPorts_,void,True,False,True,False,False,False,True
1155,1154,0x482,?getOutputPorts_@?$wBlockIntegratorDescriptor@N@@MEBAAEBV?$small_vector@UwLeadDescription@@$0BA@V?$allocator@UwLeadDescription@@@ed@@X@container@boost@@XZ,"protected: virtual class boost::container::small_vector<struct wLeadDescription, 16, class ed::allocator<struct wLeadDescription>, void> const & __cdecl wBlockIntegratorDescriptor<double>::getOutputPorts_(void) const",method,,wBlockIntegratorDescriptor<double>,getOutputPorts_,void,True,False,True,False,False,False,True
1156,1155,0x483,?getOutputPorts_@?$wBlockIntegratorDescriptor@V?$Vector@$02N@Math@@@@MEBAAEBV?$small_vector@UwLeadDescription@@$0BA@V?$allocator@UwLeadDescription@@@ed@@X@container@boost@@XZ,"protected: virtual class boost::container::small_vector<struct wLeadDescription, 16, class ed::allocator<struct wLeadDescription>, void> const & __cdecl wBlockIntegratorDescriptor<class Math::Vector<3, double>>::getOutputPorts_(void) const",method,,double>>,getOutputPorts_,void,True,False,True,False,False,False,True
1157,1156,0x484,?getOutputPorts_@?$wBlockMaxValDescriptor@H@@MEBAAEBV?$small_vector@UwLeadDescription@@$0BA@V?$allocator@UwLeadDescription@@@ed@@X@container@boost@@XZ,"protected: virtual class boost::container::small_vector<struct wLeadDescription, 16, class ed::allocator<struct wLeadDescription>, void> const & __cdecl wBlockMaxValDescriptor<int>::getOutputPorts_(void) const",method,,wBlockMaxValDescriptor<int>,getOutputPorts_,void,True,False,True,False,False,False,True
1158,1157,0x485,?getOutputPorts_@?$wBlockMaxValDescriptor@N@@MEBAAEBV?$small_vector@UwLeadDescription@@$0BA@V?$allocator@UwLeadDescription@@@ed@@X@container@boost@@XZ,"protected: virtual class boost::container::small_vector<struct wLeadDescription, 16, class ed::allocator<struct wLeadDescription>, void> const & __cdecl wBlockMaxValDescriptor<double>::getOutputPorts_(void) const",method,,wBlockMaxValDescriptor<double>,getOutputPorts_,void,True,False,True,False,False,False,True
1159,1158,0x486,?getOutputPorts_@?$wBlockMaxValDescriptor@V?$Vector@$02N@Math@@@@MEBAAEBV?$small_vector@UwLeadDescription@@$0BA@V?$allocator@UwLeadDescription@@@ed@@X@container@boost@@XZ,"protected: virtual class boost::container::small_vector<struct wLeadDescription, 16, class ed::allocator<struct wLeadDescription>, void> const & __cdecl wBlockMaxValDescriptor<class Math::Vector<3, double>>::getOutputPorts_(void) const",method,,double>>,getOutputPorts_,void,True,False,True,False,False,False,True
1160,1159,0x487,?getOutputPorts_@?$wBlockMinValDescriptor@H@@MEBAAEBV?$small_vector@UwLeadDescription@@$0BA@V?$allocator@UwLeadDescription@@@ed@@X@container@boost@@XZ,"protected: virtual class boost::container::small_vector<struct wLeadDescription, 16, class ed::allocator<struct wLeadDescription>, void> const & __cdecl wBlockMinValDescriptor<int>::getOutputPorts_(void) const",method,,wBlockMinValDescriptor<int>,getOutputPorts_,void,True,False,True,False,False,False,True
1161,1160,0x488,?getOutputPorts_@?$wBlockMinValDescriptor@N@@MEBAAEBV?$small_vector@UwLeadDescription@@$0BA@V?$allocator@UwLeadDescription@@@ed@@X@container@boost@@XZ,"protected: virtual class boost::container::small_vector<struct wLeadDescription, 16, class ed::allocator<struct wLeadDescription>, void> const & __cdecl wBlockMinValDescriptor<double>::getOutputPorts_(void) const",method,,wBlockMinValDescriptor<double>,getOutputPorts_,void,True,False,True,False,False,False,True
1162,1161,0x489,?getOutputPorts_@?$wBlockMinValDescriptor@V?$Vector@$02N@Math@@@@MEBAAEBV?$small_vector@UwLeadDescription@@$0BA@V?$allocator@UwLeadDescription@@@ed@@X@container@boost@@XZ,"protected: virtual class boost::container::small_vector<struct wLeadDescription, 16, class ed::allocator<struct wLeadDescription>, void> const & __cdecl wBlockMinValDescriptor<class Math::Vector<3, double>>::getOutputPorts_(void) const",method,,double>>,getOutputPorts_,void,True,False,True,False,False,False,True
1163,1162,0x48A,?getOutputPorts_@?$wBlockP2WDesc@H@@MEBAAEBV?$small_vector@UwLeadDescription@@$0BA@V?$allocator@UwLeadDescription@@@ed@@X@container@boost@@XZ,"protected: virtual class boost::container::small_vector<struct wLeadDescription, 16, class ed::allocator<struct wLeadDescription>, void> const & __cdecl wBlockP2WDesc<int>::getOutputPorts_(void) const",method,,wBlockP2WDesc<int>,getOutputPorts_,void,True,False,True,False,False,False,True
1164,1163,0x48B,?getOutputPorts_@?$wBlockP2WDesc@N@@MEBAAEBV?$small_vector@UwLeadDescription@@$0BA@V?$allocator@UwLeadDescription@@@ed@@X@container@boost@@XZ,"protected: virtual class boost::container::small_vector<struct wLeadDescription, 16, class ed::allocator<struct wLeadDescription>, void> const & __cdecl wBlockP2WDesc<double>::getOutputPorts_(void) const",method,,wBlockP2WDesc<double>,getOutputPorts_,void,True,False,True,False,False,False,True
1165,1164,0x48C,?getOutputPorts_@?$wBlockP2WDesc@V?$Vector@$02N@Math@@@@MEBAAEBV?$small_vector@UwLeadDescription@@$0BA@V?$allocator@UwLeadDescription@@@ed@@X@container@boost@@XZ,"protected: virtual class boost::container::small_vector<struct wLeadDescription, 16, class ed::allocator<struct wLeadDescription>, void> const & __cdecl wBlockP2WDesc<class Math::Vector<3, double>>::getOutputPorts_(void) const",method,,double>>,getOutputPorts_,void,True,False,True,False,False,False,True
1166,1165,0x48D,?getOutputPorts_@?$wBlockP2WDesc@_N@@MEBAAEBV?$small_vector@UwLeadDescription@@$0BA@V?$allocator@UwLeadDescription@@@ed@@X@container@boost@@XZ,"protected: virtual class boost::container::small_vector<struct wLeadDescription, 16, class ed::allocator<struct wLeadDescription>, void> const & __cdecl wBlockP2WDesc<bool>::getOutputPorts_(void) const",method,,wBlockP2WDesc<bool>,getOutputPorts_,void,True,False,True,False,False,False,True
1167,1166,0x48E,?getOutputPorts_@?$wBlockRateCalcDesc@H@@MEBAAEBV?$small_vector@UwLeadDescription@@$0BA@V?$allocator@UwLeadDescription@@@ed@@X@container@boost@@XZ,"protected: virtual class boost::container::small_vector<struct wLeadDescription, 16, class ed::allocator<struct wLeadDescription>, void> const & __cdecl wBlockRateCalcDesc<int>::getOutputPorts_(void) const",method,,wBlockRateCalcDesc<int>,getOutputPorts_,void,True,False,True,False,False,False,True
1168,1167,0x48F,?getOutputPorts_@?$wBlockRateCalcDesc@N@@MEBAAEBV?$small_vector@UwLeadDescription@@$0BA@V?$allocator@UwLeadDescription@@@ed@@X@container@boost@@XZ,"protected: virtual class boost::container::small_vector<struct wLeadDescription, 16, class ed::allocator<struct wLeadDescription>, void> const & __cdecl wBlockRateCalcDesc<double>::getOutputPorts_(void) const",method,,wBlockRateCalcDesc<double>,getOutputPorts_,void,True,False,True,False,False,False,True
1169,1168,0x490,?getOutputPorts_@?$wBlockRateCalcDesc@V?$Vector@$02N@Math@@@@MEBAAEBV?$small_vector@UwLeadDescription@@$0BA@V?$allocator@UwLeadDescription@@@ed@@X@container@boost@@XZ,"protected: virtual class boost::container::small_vector<struct wLeadDescription, 16, class ed::allocator<struct wLeadDescription>, void> const & __cdecl wBlockRateCalcDesc<class Math::Vector<3, double>>::getOutputPorts_(void) const",method,,double>>,getOutputPorts_,void,True,False,True,False,False,False,True
1170,1169,0x491,?getOutputPorts_@?$wBlockSummatorDescriptor@H@@MEBAAEBV?$small_vector@UwLeadDescription@@$0BA@V?$allocator@UwLeadDescription@@@ed@@X@container@boost@@XZ,"protected: virtual class boost::container::small_vector<struct wLeadDescription, 16, class ed::allocator<struct wLeadDescription>, void> const & __cdecl wBlockSummatorDescriptor<int>::getOutputPorts_(void) const",method,,wBlockSummatorDescriptor<int>,getOutputPorts_,void,True,False,True,False,False,False,True
1171,1170,0x492,?getOutputPorts_@?$wBlockSummatorDescriptor@N@@MEBAAEBV?$small_vector@UwLeadDescription@@$0BA@V?$allocator@UwLeadDescription@@@ed@@X@container@boost@@XZ,"protected: virtual class boost::container::small_vector<struct wLeadDescription, 16, class ed::allocator<struct wLeadDescription>, void> const & __cdecl wBlockSummatorDescriptor<double>::getOutputPorts_(void) const",method,,wBlockSummatorDescriptor<double>,getOutputPorts_,void,True,False,True,False,False,False,True
1172,1171,0x493,?getOutputPorts_@?$wBlockSummatorDescriptor@V?$Vector@$02N@Math@@@@MEBAAEBV?$small_vector@UwLeadDescription@@$0BA@V?$allocator@UwLeadDescription@@@ed@@X@container@boost@@XZ,"protected: virtual class boost::container::small_vector<struct wLeadDescription, 16, class ed::allocator<struct wLeadDescription>, void> const & __cdecl wBlockSummatorDescriptor<class Math::Vector<3, double>>::getOutputPorts_(void) const",method,,double>>,getOutputPorts_,void,True,False,True,False,False,False,True
1173,1172,0x494,?getOutputPorts_@InputOutputBlock@wSimulationSystemScheme@@MEBAAEBV?$small_vector@UwLeadDescription@@$0BA@V?$allocator@UwLeadDescription@@@ed@@X@container@boost@@XZ,"protected: virtual class boost::container::small_vector<struct wLeadDescription, 16, class ed::allocator<struct wLeadDescription>, void> const & __cdecl wSimulationSystemScheme::InputOutputBlock::getOutputPorts_(void) const",method,wSimulationSystemScheme,InputOutputBlock,getOutputPorts_,void,True,False,True,False,False,False,True
1174,1173,0x495,?getOutputPorts_@wBlockANDDescriptor@@MEBAAEBV?$small_vector@UwLeadDescription@@$0BA@V?$allocator@UwLeadDescription@@@ed@@X@container@boost@@XZ,"protected: virtual class boost::container::small_vector<struct wLeadDescription, 16, class ed::allocator<struct wLeadDescription>, void> const & __cdecl wBlockANDDescriptor::getOutputPorts_(void) const",method,,wBlockANDDescriptor,getOutputPorts_,void,True,False,True,False,False,False,True
1175,1174,0x496,?getOutputPorts_@wBlockANDtriggerDescriptor@@MEBAAEBV?$small_vector@UwLeadDescription@@$0BA@V?$allocator@UwLeadDescription@@@ed@@X@container@boost@@XZ,"protected: virtual class boost::container::small_vector<struct wLeadDescription, 16, class ed::allocator<struct wLeadDescription>, void> const & __cdecl wBlockANDtriggerDescriptor::getOutputPorts_(void) const",method,,wBlockANDtriggerDescriptor,getOutputPorts_,void,True,False,True,False,False,False,True
1176,1175,0x497,?getOutputPorts_@wBlockConstantsDescriptor@@MEBAAEBV?$small_vector@UwLeadDescription@@$0BA@V?$allocator@UwLeadDescription@@@ed@@X@container@boost@@XZ,"protected: virtual class boost::container::small_vector<struct wLeadDescription, 16, class ed::allocator<struct wLeadDescription>, void> const & __cdecl wBlockConstantsDescriptor::getOutputPorts_(void) const",method,,wBlockConstantsDescriptor,getOutputPorts_,void,True,False,True,False,False,False,True
1177,1176,0x498,?getOutputPorts_@wBlockDelayTriggerDescriptor@@MEBAAEBV?$small_vector@UwLeadDescription@@$0BA@V?$allocator@UwLeadDescription@@@ed@@X@container@boost@@XZ,"protected: virtual class boost::container::small_vector<struct wLeadDescription, 16, class ed::allocator<struct wLeadDescription>, void> const & __cdecl wBlockDelayTriggerDescriptor::getOutputPorts_(void) const",method,,wBlockDelayTriggerDescriptor,getOutputPorts_,void,True,False,True,False,False,False,True
1178,1177,0x499,?getOutputPorts_@wBlockDelayTriggerMultipleDescriptor@@MEBAAEBV?$small_vector@UwLeadDescription@@$0BA@V?$allocator@UwLeadDescription@@@ed@@X@container@boost@@XZ,"protected: virtual class boost::container::small_vector<struct wLeadDescription, 16, class ed::allocator<struct wLeadDescription>, void> const & __cdecl wBlockDelayTriggerMultipleDescriptor::getOutputPorts_(void) const",method,,wBlockDelayTriggerMultipleDescriptor,getOutputPorts_,void,True,False,True,False,False,False,True
1179,1178,0x49A,?getOutputPorts_@wBlockDelayTriggerWireDescriptor@@MEBAAEBV?$small_vector@UwLeadDescription@@$0BA@V?$allocator@UwLeadDescription@@@ed@@X@container@boost@@XZ,"protected: virtual class boost::container::small_vector<struct wLeadDescription, 16, class ed::allocator<struct wLeadDescription>, void> const & __cdecl wBlockDelayTriggerWireDescriptor::getOutputPorts_(void) const",method,,wBlockDelayTriggerWireDescriptor,getOutputPorts_,void,True,False,True,False,False,False,True
1180,1179,0x49B,?getOutputPorts_@wBlockDoubleToVec3dTriggerDescriptor@@MEBAAEBV?$small_vector@UwLeadDescription@@$0BA@V?$allocator@UwLeadDescription@@@ed@@X@container@boost@@XZ,"protected: virtual class boost::container::small_vector<struct wLeadDescription, 16, class ed::allocator<struct wLeadDescription>, void> const & __cdecl wBlockDoubleToVec3dTriggerDescriptor::getOutputPorts_(void) const",method,,wBlockDoubleToVec3dTriggerDescriptor,getOutputPorts_,void,True,False,True,False,False,False,True
1181,1180,0x49C,?getOutputPorts_@wBlockLuaDescriptor@@MEBAAEBV?$small_vector@UwLeadDescription@@$0BA@V?$allocator@UwLeadDescription@@@ed@@X@container@boost@@XZ,"protected: virtual class boost::container::small_vector<struct wLeadDescription, 16, class ed::allocator<struct wLeadDescription>, void> const & __cdecl wBlockLuaDescriptor::getOutputPorts_(void) const",method,,wBlockLuaDescriptor,getOutputPorts_,void,True,False,True,False,False,False,True
1182,1181,0x49D,?getOutputPorts_@wBlockMultiplexDescriptor@@MEBAAEBV?$small_vector@UwLeadDescription@@$0BA@V?$allocator@UwLeadDescription@@@ed@@X@container@boost@@XZ,"protected: virtual class boost::container::small_vector<struct wLeadDescription, 16, class ed::allocator<struct wLeadDescription>, void> const & __cdecl wBlockMultiplexDescriptor::getOutputPorts_(void) const",method,,wBlockMultiplexDescriptor,getOutputPorts_,void,True,False,True,False,False,False,True
1183,1182,0x49E,?getOutputPorts_@wBlockNOTDescriptor@@MEBAAEBV?$small_vector@UwLeadDescription@@$0BA@V?$allocator@UwLeadDescription@@@ed@@X@container@boost@@XZ,"protected: virtual class boost::container::small_vector<struct wLeadDescription, 16, class ed::allocator<struct wLeadDescription>, void> const & __cdecl wBlockNOTDescriptor::getOutputPorts_(void) const",method,,wBlockNOTDescriptor,getOutputPorts_,void,True,False,True,False,False,False,True
1184,1183,0x49F,?getOutputPorts_@wBlockNOTtriggerDescriptor@@MEBAAEBV?$small_vector@UwLeadDescription@@$0BA@V?$allocator@UwLeadDescription@@@ed@@X@container@boost@@XZ,"protected: virtual class boost::container::small_vector<struct wLeadDescription, 16, class ed::allocator<struct wLeadDescription>, void> const & __cdecl wBlockNOTtriggerDescriptor::getOutputPorts_(void) const",method,,wBlockNOTtriggerDescriptor,getOutputPorts_,void,True,False,True,False,False,False,True
1185,1184,0x4A0,?getOutputPorts_@wBlockORDescriptor@@MEBAAEBV?$small_vector@UwLeadDescription@@$0BA@V?$allocator@UwLeadDescription@@@ed@@X@container@boost@@XZ,"protected: virtual class boost::container::small_vector<struct wLeadDescription, 16, class ed::allocator<struct wLeadDescription>, void> const & __cdecl wBlockORDescriptor::getOutputPorts_(void) const",method,,wBlockORDescriptor,getOutputPorts_,void,True,False,True,False,False,False,True
1186,1185,0x4A1,?getOutputPorts_@wBlockORtriggerDescriptor@@MEBAAEBV?$small_vector@UwLeadDescription@@$0BA@V?$allocator@UwLeadDescription@@@ed@@X@container@boost@@XZ,"protected: virtual class boost::container::small_vector<struct wLeadDescription, 16, class ed::allocator<struct wLeadDescription>, void> const & __cdecl wBlockORtriggerDescriptor::getOutputPorts_(void) const",method,,wBlockORtriggerDescriptor,getOutputPorts_,void,True,False,True,False,False,False,True
1187,1186,0x4A2,?getOutputPorts_@wBlockOscilloscopeDescriptor@@MEBAAEBV?$small_vector@UwLeadDescription@@$0BA@V?$allocator@UwLeadDescription@@@ed@@X@container@boost@@XZ,"protected: virtual class boost::container::small_vector<struct wLeadDescription, 16, class ed::allocator<struct wLeadDescription>, void> const & __cdecl wBlockOscilloscopeDescriptor::getOutputPorts_(void) const",method,,wBlockOscilloscopeDescriptor,getOutputPorts_,void,True,False,True,False,False,False,True
1188,1187,0x4A3,?getOutputPorts_@wBlockSubsystemDescriptor@@MEBAAEBV?$small_vector@UwLeadDescription@@$0BA@V?$allocator@UwLeadDescription@@@ed@@X@container@boost@@XZ,"protected: virtual class boost::container::small_vector<struct wLeadDescription, 16, class ed::allocator<struct wLeadDescription>, void> const & __cdecl wBlockSubsystemDescriptor::getOutputPorts_(void) const",method,,wBlockSubsystemDescriptor,getOutputPorts_,void,True,False,True,False,False,False,True
1189,1188,0x4A4,?getOutputPorts_@wBlockVectorPickerDescriptor@@MEBAAEBV?$small_vector@UwLeadDescription@@$0BA@V?$allocator@UwLeadDescription@@@ed@@X@container@boost@@XZ,"protected: virtual class boost::container::small_vector<struct wLeadDescription, 16, class ed::allocator<struct wLeadDescription>, void> const & __cdecl wBlockVectorPickerDescriptor::getOutputPorts_(void) const",method,,wBlockVectorPickerDescriptor,getOutputPorts_,void,True,False,True,False,False,False,True
1190,1189,0x4A5,?getOutputPorts_@wBlockWireDeserializerDescriptor@@MEBAAEBV?$small_vector@UwLeadDescription@@$0BA@V?$allocator@UwLeadDescription@@@ed@@X@container@boost@@XZ,"protected: virtual class boost::container::small_vector<struct wLeadDescription, 16, class ed::allocator<struct wLeadDescription>, void> const & __cdecl wBlockWireDeserializerDescriptor::getOutputPorts_(void) const",method,,wBlockWireDeserializerDescriptor,getOutputPorts_,void,True,False,True,False,False,False,True
1191,1190,0x4A6,?getOutputPorts_@wBlockWireSerializerDescriptor@@MEBAAEBV?$small_vector@UwLeadDescription@@$0BA@V?$allocator@UwLeadDescription@@@ed@@X@container@boost@@XZ,"protected: virtual class boost::container::small_vector<struct wLeadDescription, 16, class ed::allocator<struct wLeadDescription>, void> const & __cdecl wBlockWireSerializerDescriptor::getOutputPorts_(void) const",method,,wBlockWireSerializerDescriptor,getOutputPorts_,void,True,False,True,False,False,False,True
1192,1191,0x4A7,?getOutputPorts_@wBlockWireToPortDescriptor@@MEBAAEBV?$small_vector@UwLeadDescription@@$0BA@V?$allocator@UwLeadDescription@@@ed@@X@container@boost@@XZ,"protected: virtual class boost::container::small_vector<struct wLeadDescription, 16, class ed::allocator<struct wLeadDescription>, void> const & __cdecl wBlockWireToPortDescriptor::getOutputPorts_(void) const",method,,wBlockWireToPortDescriptor,getOutputPorts_,void,True,False,True,False,False,False,True
1193,1192,0x4A8,?getOutputPorts_@wSimulationBlockDescriptor@@MEBAAEBV?$small_vector@UwLeadDescription@@$0BA@V?$allocator@UwLeadDescription@@@ed@@X@container@boost@@XZ,"protected: virtual class boost::container::small_vector<struct wLeadDescription, 16, class ed::allocator<struct wLeadDescription>, void> const & __cdecl wSimulationBlockDescriptor::getOutputPorts_(void) const",method,,wSimulationBlockDescriptor,getOutputPorts_,void,True,False,True,False,False,False,True
1194,1193,0x4A9,?getOutputType@wSimulationBlockDescriptor@@QEBA?AW4eLeadType@@AEBV?$basic_string@D@ed@@@Z,public: enum eLeadType __cdecl wSimulationBlockDescriptor::getOutputType(class ed::basic_string<char> const &) const,method,,wSimulationBlockDescriptor,getOutputType,class ed::basic_string<char> const &,True,False,False,False,False,False,True
1195,1194,0x4AA,?getOutputWire@wSimulationSystem@@QEBAPEBUwLeadDescription@@AEBV?$basic_string@D@ed@@@Z,public: struct wLeadDescription const * __cdecl wSimulationSystem::getOutputWire(class ed::basic_string<char> const &) const,method,,wSimulationSystem,getOutputWire,class ed::basic_string<char> const &,True,False,False,False,False,False,True
1196,1195,0x4AB,?getOutputWireOffset@wSimulationBlockDescriptor@@QEBAHH@Z,public: int __cdecl wSimulationBlockDescriptor::getOutputWireOffset(int) const,method,,wSimulationBlockDescriptor,getOutputWireOffset,int,True,False,False,False,False,False,True
1197,1196,0x4AC,?getOutputWires@wSimulationBlockDescriptor@@UEBAAEBV?$small_vector@UwLeadDescription@@$0BA@V?$allocator@UwLeadDescription@@@ed@@X@container@boost@@XZ,"public: virtual class boost::container::small_vector<struct wLeadDescription, 16, class ed::allocator<struct wLeadDescription>, void> const & __cdecl wSimulationBlockDescriptor::getOutputWires(void) const",method,,wSimulationBlockDescriptor,getOutputWires,void,True,False,True,False,False,False,True
1198,1197,0x4AD,?getOutputWires_@?$wBlockAvgerageValDescriptor@H@@MEBAAEBV?$small_vector@UwLeadDescription@@$0BA@V?$allocator@UwLeadDescription@@@ed@@X@container@boost@@XZ,"protected: virtual class boost::container::small_vector<struct wLeadDescription, 16, class ed::allocator<struct wLeadDescription>, void> const & __cdecl wBlockAvgerageValDescriptor<int>::getOutputWires_(void) const",method,,wBlockAvgerageValDescriptor<int>,getOutputWires_,void,True,False,True,False,False,False,True
1199,1198,0x4AE,?getOutputWires_@?$wBlockAvgerageValDescriptor@N@@MEBAAEBV?$small_vector@UwLeadDescription@@$0BA@V?$allocator@UwLeadDescription@@@ed@@X@container@boost@@XZ,"protected: virtual class boost::container::small_vector<struct wLeadDescription, 16, class ed::allocator<struct wLeadDescription>, void> const & __cdecl wBlockAvgerageValDescriptor<double>::getOutputWires_(void) const",method,,wBlockAvgerageValDescriptor<double>,getOutputWires_,void,True,False,True,False,False,False,True
1200,1199,0x4AF,?getOutputWires_@?$wBlockAvgerageValDescriptor@V?$Vector@$02N@Math@@@@MEBAAEBV?$small_vector@UwLeadDescription@@$0BA@V?$allocator@UwLeadDescription@@@ed@@X@container@boost@@XZ,"protected: virtual class boost::container::small_vector<struct wLeadDescription, 16, class ed::allocator<struct wLeadDescription>, void> const & __cdecl wBlockAvgerageValDescriptor<class Math::Vector<3, double>>::getOutputWires_(void) const",method,,double>>,getOutputWires_,void,True,False,True,False,False,False,True
1201,1200,0x4B0,?getOutputWires_@?$wBlockDeltaCalcDesc@H@@MEBAAEBV?$small_vector@UwLeadDescription@@$0BA@V?$allocator@UwLeadDescription@@@ed@@X@container@boost@@XZ,"protected: virtual class boost::container::small_vector<struct wLeadDescription, 16, class ed::allocator<struct wLeadDescription>, void> const & __cdecl wBlockDeltaCalcDesc<int>::getOutputWires_(void) const",method,,wBlockDeltaCalcDesc<int>,getOutputWires_,void,True,False,True,False,False,False,True
1202,1201,0x4B1,?getOutputWires_@?$wBlockDeltaCalcDesc@N@@MEBAAEBV?$small_vector@UwLeadDescription@@$0BA@V?$allocator@UwLeadDescription@@@ed@@X@container@boost@@XZ,"protected: virtual class boost::container::small_vector<struct wLeadDescription, 16, class ed::allocator<struct wLeadDescription>, void> const & __cdecl wBlockDeltaCalcDesc<double>::getOutputWires_(void) const",method,,wBlockDeltaCalcDesc<double>,getOutputWires_,void,True,False,True,False,False,False,True
1203,1202,0x4B2,?getOutputWires_@?$wBlockDeltaCalcDesc@V?$Vector@$02N@Math@@@@MEBAAEBV?$small_vector@UwLeadDescription@@$0BA@V?$allocator@UwLeadDescription@@@ed@@X@container@boost@@XZ,"protected: virtual class boost::container::small_vector<struct wLeadDescription, 16, class ed::allocator<struct wLeadDescription>, void> const & __cdecl wBlockDeltaCalcDesc<class Math::Vector<3, double>>::getOutputWires_(void) const",method,,double>>,getOutputWires_,void,True,False,True,False,False,False,True
1204,1203,0x4B3,?getOutputWires_@?$wBlockI2ODescriptor@HN@@MEBAAEBV?$small_vector@UwLeadDescription@@$0BA@V?$allocator@UwLeadDescription@@@ed@@X@container@boost@@XZ,"protected: virtual class boost::container::small_vector<struct wLeadDescription, 16, class ed::allocator<struct wLeadDescription>, void> const & __cdecl wBlockI2ODescriptor<int, double>::getOutputWires_(void) const",method,,double>,getOutputWires_,void,True,False,True,False,False,False,True
1205,1204,0x4B4,?getOutputWires_@?$wBlockI2ODescriptor@H_N@@MEBAAEBV?$small_vector@UwLeadDescription@@$0BA@V?$allocator@UwLeadDescription@@@ed@@X@container@boost@@XZ,"protected: virtual class boost::container::small_vector<struct wLeadDescription, 16, class ed::allocator<struct wLeadDescription>, void> const & __cdecl wBlockI2ODescriptor<int, bool>::getOutputWires_(void) const",method,,bool>,getOutputWires_,void,True,False,True,False,False,False,True
1206,1205,0x4B5,?getOutputWires_@?$wBlockI2ODescriptor@N_N@@MEBAAEBV?$small_vector@UwLeadDescription@@$0BA@V?$allocator@UwLeadDescription@@@ed@@X@container@boost@@XZ,"protected: virtual class boost::container::small_vector<struct wLeadDescription, 16, class ed::allocator<struct wLeadDescription>, void> const & __cdecl wBlockI2ODescriptor<double, bool>::getOutputWires_(void) const",method,,bool>,getOutputWires_,void,True,False,True,False,False,False,True
1207,1206,0x4B6,?getOutputWires_@?$wBlockI2ODescriptor@_NH@@MEBAAEBV?$small_vector@UwLeadDescription@@$0BA@V?$allocator@UwLeadDescription@@@ed@@X@container@boost@@XZ,"protected: virtual class boost::container::small_vector<struct wLeadDescription, 16, class ed::allocator<struct wLeadDescription>, void> const & __cdecl wBlockI2ODescriptor<bool, int>::getOutputWires_(void) const",method,,int>,getOutputWires_,void,True,False,True,False,False,False,True
1208,1207,0x4B7,?getOutputWires_@?$wBlockI2ODescriptor@_NN@@MEBAAEBV?$small_vector@UwLeadDescription@@$0BA@V?$allocator@UwLeadDescription@@@ed@@X@container@boost@@XZ,"protected: virtual class boost::container::small_vector<struct wLeadDescription, 16, class ed::allocator<struct wLeadDescription>, void> const & __cdecl wBlockI2ODescriptor<bool, double>::getOutputWires_(void) const",method,,double>,getOutputWires_,void,True,False,True,False,False,False,True
1209,1208,0x4B8,?getOutputWires_@?$wBlockIntegratorDescriptor@N@@MEBAAEBV?$small_vector@UwLeadDescription@@$0BA@V?$allocator@UwLeadDescription@@@ed@@X@container@boost@@XZ,"protected: virtual class boost::container::small_vector<struct wLeadDescription, 16, class ed::allocator<struct wLeadDescription>, void> const & __cdecl wBlockIntegratorDescriptor<double>::getOutputWires_(void) const",method,,wBlockIntegratorDescriptor<double>,getOutputWires_,void,True,False,True,False,False,False,True
1210,1209,0x4B9,?getOutputWires_@?$wBlockIntegratorDescriptor@V?$Vector@$02N@Math@@@@MEBAAEBV?$small_vector@UwLeadDescription@@$0BA@V?$allocator@UwLeadDescription@@@ed@@X@container@boost@@XZ,"protected: virtual class boost::container::small_vector<struct wLeadDescription, 16, class ed::allocator<struct wLeadDescription>, void> const & __cdecl wBlockIntegratorDescriptor<class Math::Vector<3, double>>::getOutputWires_(void) const",method,,double>>,getOutputWires_,void,True,False,True,False,False,False,True
1211,1210,0x4BA,?getOutputWires_@?$wBlockMaxValDescriptor@H@@MEBAAEBV?$small_vector@UwLeadDescription@@$0BA@V?$allocator@UwLeadDescription@@@ed@@X@container@boost@@XZ,"protected: virtual class boost::container::small_vector<struct wLeadDescription, 16, class ed::allocator<struct wLeadDescription>, void> const & __cdecl wBlockMaxValDescriptor<int>::getOutputWires_(void) const",method,,wBlockMaxValDescriptor<int>,getOutputWires_,void,True,False,True,False,False,False,True
1212,1211,0x4BB,?getOutputWires_@?$wBlockMaxValDescriptor@N@@MEBAAEBV?$small_vector@UwLeadDescription@@$0BA@V?$allocator@UwLeadDescription@@@ed@@X@container@boost@@XZ,"protected: virtual class boost::container::small_vector<struct wLeadDescription, 16, class ed::allocator<struct wLeadDescription>, void> const & __cdecl wBlockMaxValDescriptor<double>::getOutputWires_(void) const",method,,wBlockMaxValDescriptor<double>,getOutputWires_,void,True,False,True,False,False,False,True
1213,1212,0x4BC,?getOutputWires_@?$wBlockMaxValDescriptor@V?$Vector@$02N@Math@@@@MEBAAEBV?$small_vector@UwLeadDescription@@$0BA@V?$allocator@UwLeadDescription@@@ed@@X@container@boost@@XZ,"protected: virtual class boost::container::small_vector<struct wLeadDescription, 16, class ed::allocator<struct wLeadDescription>, void> const & __cdecl wBlockMaxValDescriptor<class Math::Vector<3, double>>::getOutputWires_(void) const",method,,double>>,getOutputWires_,void,True,False,True,False,False,False,True
1214,1213,0x4BD,?getOutputWires_@?$wBlockMinValDescriptor@H@@MEBAAEBV?$small_vector@UwLeadDescription@@$0BA@V?$allocator@UwLeadDescription@@@ed@@X@container@boost@@XZ,"protected: virtual class boost::container::small_vector<struct wLeadDescription, 16, class ed::allocator<struct wLeadDescription>, void> const & __cdecl wBlockMinValDescriptor<int>::getOutputWires_(void) const",method,,wBlockMinValDescriptor<int>,getOutputWires_,void,True,False,True,False,False,False,True
1215,1214,0x4BE,?getOutputWires_@?$wBlockMinValDescriptor@N@@MEBAAEBV?$small_vector@UwLeadDescription@@$0BA@V?$allocator@UwLeadDescription@@@ed@@X@container@boost@@XZ,"protected: virtual class boost::container::small_vector<struct wLeadDescription, 16, class ed::allocator<struct wLeadDescription>, void> const & __cdecl wBlockMinValDescriptor<double>::getOutputWires_(void) const",method,,wBlockMinValDescriptor<double>,getOutputWires_,void,True,False,True,False,False,False,True
1216,1215,0x4BF,?getOutputWires_@?$wBlockMinValDescriptor@V?$Vector@$02N@Math@@@@MEBAAEBV?$small_vector@UwLeadDescription@@$0BA@V?$allocator@UwLeadDescription@@@ed@@X@container@boost@@XZ,"protected: virtual class boost::container::small_vector<struct wLeadDescription, 16, class ed::allocator<struct wLeadDescription>, void> const & __cdecl wBlockMinValDescriptor<class Math::Vector<3, double>>::getOutputWires_(void) const",method,,double>>,getOutputWires_,void,True,False,True,False,False,False,True
1217,1216,0x4C0,?getOutputWires_@?$wBlockP2WDesc@H@@MEBAAEBV?$small_vector@UwLeadDescription@@$0BA@V?$allocator@UwLeadDescription@@@ed@@X@container@boost@@XZ,"protected: virtual class boost::container::small_vector<struct wLeadDescription, 16, class ed::allocator<struct wLeadDescription>, void> const & __cdecl wBlockP2WDesc<int>::getOutputWires_(void) const",method,,wBlockP2WDesc<int>,getOutputWires_,void,True,False,True,False,False,False,True
1218,1217,0x4C1,?getOutputWires_@?$wBlockP2WDesc@N@@MEBAAEBV?$small_vector@UwLeadDescription@@$0BA@V?$allocator@UwLeadDescription@@@ed@@X@container@boost@@XZ,"protected: virtual class boost::container::small_vector<struct wLeadDescription, 16, class ed::allocator<struct wLeadDescription>, void> const & __cdecl wBlockP2WDesc<double>::getOutputWires_(void) const",method,,wBlockP2WDesc<double>,getOutputWires_,void,True,False,True,False,False,False,True
1219,1218,0x4C2,?getOutputWires_@?$wBlockP2WDesc@V?$Vector@$02N@Math@@@@MEBAAEBV?$small_vector@UwLeadDescription@@$0BA@V?$allocator@UwLeadDescription@@@ed@@X@container@boost@@XZ,"protected: virtual class boost::container::small_vector<struct wLeadDescription, 16, class ed::allocator<struct wLeadDescription>, void> const & __cdecl wBlockP2WDesc<class Math::Vector<3, double>>::getOutputWires_(void) const",method,,double>>,getOutputWires_,void,True,False,True,False,False,False,True
1220,1219,0x4C3,?getOutputWires_@?$wBlockP2WDesc@_N@@MEBAAEBV?$small_vector@UwLeadDescription@@$0BA@V?$allocator@UwLeadDescription@@@ed@@X@container@boost@@XZ,"protected: virtual class boost::container::small_vector<struct wLeadDescription, 16, class ed::allocator<struct wLeadDescription>, void> const & __cdecl wBlockP2WDesc<bool>::getOutputWires_(void) const",method,,wBlockP2WDesc<bool>,getOutputWires_,void,True,False,True,False,False,False,True
1221,1220,0x4C4,?getOutputWires_@?$wBlockRateCalcDesc@H@@MEBAAEBV?$small_vector@UwLeadDescription@@$0BA@V?$allocator@UwLeadDescription@@@ed@@X@container@boost@@XZ,"protected: virtual class boost::container::small_vector<struct wLeadDescription, 16, class ed::allocator<struct wLeadDescription>, void> const & __cdecl wBlockRateCalcDesc<int>::getOutputWires_(void) const",method,,wBlockRateCalcDesc<int>,getOutputWires_,void,True,False,True,False,False,False,True
1222,1221,0x4C5,?getOutputWires_@?$wBlockRateCalcDesc@N@@MEBAAEBV?$small_vector@UwLeadDescription@@$0BA@V?$allocator@UwLeadDescription@@@ed@@X@container@boost@@XZ,"protected: virtual class boost::container::small_vector<struct wLeadDescription, 16, class ed::allocator<struct wLeadDescription>, void> const & __cdecl wBlockRateCalcDesc<double>::getOutputWires_(void) const",method,,wBlockRateCalcDesc<double>,getOutputWires_,void,True,False,True,False,False,False,True
1223,1222,0x4C6,?getOutputWires_@?$wBlockRateCalcDesc@V?$Vector@$02N@Math@@@@MEBAAEBV?$small_vector@UwLeadDescription@@$0BA@V?$allocator@UwLeadDescription@@@ed@@X@container@boost@@XZ,"protected: virtual class boost::container::small_vector<struct wLeadDescription, 16, class ed::allocator<struct wLeadDescription>, void> const & __cdecl wBlockRateCalcDesc<class Math::Vector<3, double>>::getOutputWires_(void) const",method,,double>>,getOutputWires_,void,True,False,True,False,False,False,True
1224,1223,0x4C7,?getOutputWires_@?$wBlockSummatorDescriptor@H@@MEBAAEBV?$small_vector@UwLeadDescription@@$0BA@V?$allocator@UwLeadDescription@@@ed@@X@container@boost@@XZ,"protected: virtual class boost::container::small_vector<struct wLeadDescription, 16, class ed::allocator<struct wLeadDescription>, void> const & __cdecl wBlockSummatorDescriptor<int>::getOutputWires_(void) const",method,,wBlockSummatorDescriptor<int>,getOutputWires_,void,True,False,True,False,False,False,True
1225,1224,0x4C8,?getOutputWires_@?$wBlockSummatorDescriptor@N@@MEBAAEBV?$small_vector@UwLeadDescription@@$0BA@V?$allocator@UwLeadDescription@@@ed@@X@container@boost@@XZ,"protected: virtual class boost::container::small_vector<struct wLeadDescription, 16, class ed::allocator<struct wLeadDescription>, void> const & __cdecl wBlockSummatorDescriptor<double>::getOutputWires_(void) const",method,,wBlockSummatorDescriptor<double>,getOutputWires_,void,True,False,True,False,False,False,True
1226,1225,0x4C9,?getOutputWires_@?$wBlockSummatorDescriptor@V?$Vector@$02N@Math@@@@MEBAAEBV?$small_vector@UwLeadDescription@@$0BA@V?$allocator@UwLeadDescription@@@ed@@X@container@boost@@XZ,"protected: virtual class boost::container::small_vector<struct wLeadDescription, 16, class ed::allocator<struct wLeadDescription>, void> const & __cdecl wBlockSummatorDescriptor<class Math::Vector<3, double>>::getOutputWires_(void) const",method,,double>>,getOutputWires_,void,True,False,True,False,False,False,True
1227,1226,0x4CA,?getOutputWires_@InputOutputBlock@wSimulationSystemScheme@@MEBAAEBV?$small_vector@UwLeadDescription@@$0BA@V?$allocator@UwLeadDescription@@@ed@@X@container@boost@@XZ,"protected: virtual class boost::container::small_vector<struct wLeadDescription, 16, class ed::allocator<struct wLeadDescription>, void> const & __cdecl wSimulationSystemScheme::InputOutputBlock::getOutputWires_(void) const",method,wSimulationSystemScheme,InputOutputBlock,getOutputWires_,void,True,False,True,False,False,False,True
1228,1227,0x4CB,?getOutputWires_@wBlockANDDescriptor@@MEBAAEBV?$small_vector@UwLeadDescription@@$0BA@V?$allocator@UwLeadDescription@@@ed@@X@container@boost@@XZ,"protected: virtual class boost::container::small_vector<struct wLeadDescription, 16, class ed::allocator<struct wLeadDescription>, void> const & __cdecl wBlockANDDescriptor::getOutputWires_(void) const",method,,wBlockANDDescriptor,getOutputWires_,void,True,False,True,False,False,False,True
1229,1228,0x4CC,?getOutputWires_@wBlockANDtriggerDescriptor@@MEBAAEBV?$small_vector@UwLeadDescription@@$0BA@V?$allocator@UwLeadDescription@@@ed@@X@container@boost@@XZ,"protected: virtual class boost::container::small_vector<struct wLeadDescription, 16, class ed::allocator<struct wLeadDescription>, void> const & __cdecl wBlockANDtriggerDescriptor::getOutputWires_(void) const",method,,wBlockANDtriggerDescriptor,getOutputWires_,void,True,False,True,False,False,False,True
1230,1229,0x4CD,?getOutputWires_@wBlockConstantsDescriptor@@MEBAAEBV?$small_vector@UwLeadDescription@@$0BA@V?$allocator@UwLeadDescription@@@ed@@X@container@boost@@XZ,"protected: virtual class boost::container::small_vector<struct wLeadDescription, 16, class ed::allocator<struct wLeadDescription>, void> const & __cdecl wBlockConstantsDescriptor::getOutputWires_(void) const",method,,wBlockConstantsDescriptor,getOutputWires_,void,True,False,True,False,False,False,True
1231,1230,0x4CE,?getOutputWires_@wBlockDelayTriggerDescriptor@@MEBAAEBV?$small_vector@UwLeadDescription@@$0BA@V?$allocator@UwLeadDescription@@@ed@@X@container@boost@@XZ,"protected: virtual class boost::container::small_vector<struct wLeadDescription, 16, class ed::allocator<struct wLeadDescription>, void> const & __cdecl wBlockDelayTriggerDescriptor::getOutputWires_(void) const",method,,wBlockDelayTriggerDescriptor,getOutputWires_,void,True,False,True,False,False,False,True
1232,1231,0x4CF,?getOutputWires_@wBlockDelayTriggerMultipleDescriptor@@MEBAAEBV?$small_vector@UwLeadDescription@@$0BA@V?$allocator@UwLeadDescription@@@ed@@X@container@boost@@XZ,"protected: virtual class boost::container::small_vector<struct wLeadDescription, 16, class ed::allocator<struct wLeadDescription>, void> const & __cdecl wBlockDelayTriggerMultipleDescriptor::getOutputWires_(void) const",method,,wBlockDelayTriggerMultipleDescriptor,getOutputWires_,void,True,False,True,False,False,False,True
1233,1232,0x4D0,?getOutputWires_@wBlockDelayTriggerWireDescriptor@@MEBAAEBV?$small_vector@UwLeadDescription@@$0BA@V?$allocator@UwLeadDescription@@@ed@@X@container@boost@@XZ,"protected: virtual class boost::container::small_vector<struct wLeadDescription, 16, class ed::allocator<struct wLeadDescription>, void> const & __cdecl wBlockDelayTriggerWireDescriptor::getOutputWires_(void) const",method,,wBlockDelayTriggerWireDescriptor,getOutputWires_,void,True,False,True,False,False,False,True
1234,1233,0x4D1,?getOutputWires_@wBlockDoubleToVec3dTriggerDescriptor@@MEBAAEBV?$small_vector@UwLeadDescription@@$0BA@V?$allocator@UwLeadDescription@@@ed@@X@container@boost@@XZ,"protected: virtual class boost::container::small_vector<struct wLeadDescription, 16, class ed::allocator<struct wLeadDescription>, void> const & __cdecl wBlockDoubleToVec3dTriggerDescriptor::getOutputWires_(void) const",method,,wBlockDoubleToVec3dTriggerDescriptor,getOutputWires_,void,True,False,True,False,False,False,True
1235,1234,0x4D2,?getOutputWires_@wBlockLuaDescriptor@@MEBAAEBV?$small_vector@UwLeadDescription@@$0BA@V?$allocator@UwLeadDescription@@@ed@@X@container@boost@@XZ,"protected: virtual class boost::container::small_vector<struct wLeadDescription, 16, class ed::allocator<struct wLeadDescription>, void> const & __cdecl wBlockLuaDescriptor::getOutputWires_(void) const",method,,wBlockLuaDescriptor,getOutputWires_,void,True,False,True,False,False,False,True
1236,1235,0x4D3,?getOutputWires_@wBlockMultiplexDescriptor@@MEBAAEBV?$small_vector@UwLeadDescription@@$0BA@V?$allocator@UwLeadDescription@@@ed@@X@container@boost@@XZ,"protected: virtual class boost::container::small_vector<struct wLeadDescription, 16, class ed::allocator<struct wLeadDescription>, void> const & __cdecl wBlockMultiplexDescriptor::getOutputWires_(void) const",method,,wBlockMultiplexDescriptor,getOutputWires_,void,True,False,True,False,False,False,True
1237,1236,0x4D4,?getOutputWires_@wBlockNOTDescriptor@@MEBAAEBV?$small_vector@UwLeadDescription@@$0BA@V?$allocator@UwLeadDescription@@@ed@@X@container@boost@@XZ,"protected: virtual class boost::container::small_vector<struct wLeadDescription, 16, class ed::allocator<struct wLeadDescription>, void> const & __cdecl wBlockNOTDescriptor::getOutputWires_(void) const",method,,wBlockNOTDescriptor,getOutputWires_,void,True,False,True,False,False,False,True
1238,1237,0x4D5,?getOutputWires_@wBlockNOTtriggerDescriptor@@MEBAAEBV?$small_vector@UwLeadDescription@@$0BA@V?$allocator@UwLeadDescription@@@ed@@X@container@boost@@XZ,"protected: virtual class boost::container::small_vector<struct wLeadDescription, 16, class ed::allocator<struct wLeadDescription>, void> const & __cdecl wBlockNOTtriggerDescriptor::getOutputWires_(void) const",method,,wBlockNOTtriggerDescriptor,getOutputWires_,void,True,False,True,False,False,False,True
1239,1238,0x4D6,?getOutputWires_@wBlockORDescriptor@@MEBAAEBV?$small_vector@UwLeadDescription@@$0BA@V?$allocator@UwLeadDescription@@@ed@@X@container@boost@@XZ,"protected: virtual class boost::container::small_vector<struct wLeadDescription, 16, class ed::allocator<struct wLeadDescription>, void> const & __cdecl wBlockORDescriptor::getOutputWires_(void) const",method,,wBlockORDescriptor,getOutputWires_,void,True,False,True,False,False,False,True
1240,1239,0x4D7,?getOutputWires_@wBlockORtriggerDescriptor@@MEBAAEBV?$small_vector@UwLeadDescription@@$0BA@V?$allocator@UwLeadDescription@@@ed@@X@container@boost@@XZ,"protected: virtual class boost::container::small_vector<struct wLeadDescription, 16, class ed::allocator<struct wLeadDescription>, void> const & __cdecl wBlockORtriggerDescriptor::getOutputWires_(void) const",method,,wBlockORtriggerDescriptor,getOutputWires_,void,True,False,True,False,False,False,True
1241,1240,0x4D8,?getOutputWires_@wBlockOscilloscopeDescriptor@@MEBAAEBV?$small_vector@UwLeadDescription@@$0BA@V?$allocator@UwLeadDescription@@@ed@@X@container@boost@@XZ,"protected: virtual class boost::container::small_vector<struct wLeadDescription, 16, class ed::allocator<struct wLeadDescription>, void> const & __cdecl wBlockOscilloscopeDescriptor::getOutputWires_(void) const",method,,wBlockOscilloscopeDescriptor,getOutputWires_,void,True,False,True,False,False,False,True
1242,1241,0x4D9,?getOutputWires_@wBlockSubsystemDescriptor@@MEBAAEBV?$small_vector@UwLeadDescription@@$0BA@V?$allocator@UwLeadDescription@@@ed@@X@container@boost@@XZ,"protected: virtual class boost::container::small_vector<struct wLeadDescription, 16, class ed::allocator<struct wLeadDescription>, void> const & __cdecl wBlockSubsystemDescriptor::getOutputWires_(void) const",method,,wBlockSubsystemDescriptor,getOutputWires_,void,True,False,True,False,False,False,True
1243,1242,0x4DA,?getOutputWires_@wBlockVectorPickerDescriptor@@MEBAAEBV?$small_vector@UwLeadDescription@@$0BA@V?$allocator@UwLeadDescription@@@ed@@X@container@boost@@XZ,"protected: virtual class boost::container::small_vector<struct wLeadDescription, 16, class ed::allocator<struct wLeadDescription>, void> const & __cdecl wBlockVectorPickerDescriptor::getOutputWires_(void) const",method,,wBlockVectorPickerDescriptor,getOutputWires_,void,True,False,True,False,False,False,True
1244,1243,0x4DB,?getOutputWires_@wBlockWireDeserializerDescriptor@@MEBAAEBV?$small_vector@UwLeadDescription@@$0BA@V?$allocator@UwLeadDescription@@@ed@@X@container@boost@@XZ,"protected: virtual class boost::container::small_vector<struct wLeadDescription, 16, class ed::allocator<struct wLeadDescription>, void> const & __cdecl wBlockWireDeserializerDescriptor::getOutputWires_(void) const",method,,wBlockWireDeserializerDescriptor,getOutputWires_,void,True,False,True,False,False,False,True
1245,1244,0x4DC,?getOutputWires_@wBlockWireSerializerDescriptor@@MEBAAEBV?$small_vector@UwLeadDescription@@$0BA@V?$allocator@UwLeadDescription@@@ed@@X@container@boost@@XZ,"protected: virtual class boost::container::small_vector<struct wLeadDescription, 16, class ed::allocator<struct wLeadDescription>, void> const & __cdecl wBlockWireSerializerDescriptor::getOutputWires_(void) const",method,,wBlockWireSerializerDescriptor,getOutputWires_,void,True,False,True,False,False,False,True
1246,1245,0x4DD,?getOutputWires_@wBlockWireToPortDescriptor@@MEBAAEBV?$small_vector@UwLeadDescription@@$0BA@V?$allocator@UwLeadDescription@@@ed@@X@container@boost@@XZ,"protected: virtual class boost::container::small_vector<struct wLeadDescription, 16, class ed::allocator<struct wLeadDescription>, void> const & __cdecl wBlockWireToPortDescriptor::getOutputWires_(void) const",method,,wBlockWireToPortDescriptor,getOutputWires_,void,True,False,True,False,False,False,True
1247,1246,0x4DE,?getOutputWires_@wSimulationBlockDescriptor@@MEBAAEBV?$small_vector@UwLeadDescription@@$0BA@V?$allocator@UwLeadDescription@@@ed@@X@container@boost@@XZ,"protected: virtual class boost::container::small_vector<struct wLeadDescription, 16, class ed::allocator<struct wLeadDescription>, void> const & __cdecl wSimulationBlockDescriptor::getOutputWires_(void) const",method,,wSimulationBlockDescriptor,getOutputWires_,void,True,False,True,False,False,False,True
1248,1247,0x4DF,?getParamValue_@wBlockLuaDescriptor@@IEAA_NAEBV?$basic_string@D@ed@@AEAV23@@Z,"protected: bool __cdecl wBlockLuaDescriptor::getParamValue_(class ed::basic_string<char> const &, class ed::basic_string<char> &)",method,,wBlockLuaDescriptor,getParamValue_,"class ed::basic_string<char> const &, class ed::basic_string<char> &",False,False,False,False,False,False,True
1249,1248,0x4E0,?getParametersList@?$wBlockAvgerageValDescriptor@H@@UEAA?AV?$vector@VwBlockParameterContainer@@V?$allocator@VwBlockParameterContainer@@@ed@@@ed@@XZ,"public: virtual class ed::vector<class wBlockParameterContainer, class ed::allocator<class wBlockParameterContainer>> __cdecl wBlockAvgerageValDescriptor<int>::getParametersList(void)",method,,wBlockAvgerageValDescriptor<int>,getParametersList,void,False,False,True,False,False,False,True
1250,1249,0x4E1,?getParametersList@?$wBlockAvgerageValDescriptor@N@@UEAA?AV?$vector@VwBlockParameterContainer@@V?$allocator@VwBlockParameterContainer@@@ed@@@ed@@XZ,"public: virtual class ed::vector<class wBlockParameterContainer, class ed::allocator<class wBlockParameterContainer>> __cdecl wBlockAvgerageValDescriptor<double>::getParametersList(void)",method,,wBlockAvgerageValDescriptor<double>,getParametersList,void,False,False,True,False,False,False,True
1251,1250,0x4E2,?getParametersList@?$wBlockAvgerageValDescriptor@V?$Vector@$02N@Math@@@@UEAA?AV?$vector@VwBlockParameterContainer@@V?$allocator@VwBlockParameterContainer@@@ed@@@ed@@XZ,"public: virtual class ed::vector<class wBlockParameterContainer, class ed::allocator<class wBlockParameterContainer>> __cdecl wBlockAvgerageValDescriptor<class Math::Vector<3, double>>::getParametersList(void)",method,,double>>,getParametersList,void,False,False,True,False,False,False,True
1252,1251,0x4E3,?getParametersList@?$wBlockDeltaCalcDesc@H@@UEAA?AV?$vector@VwBlockParameterContainer@@V?$allocator@VwBlockParameterContainer@@@ed@@@ed@@XZ,"public: virtual class ed::vector<class wBlockParameterContainer, class ed::allocator<class wBlockParameterContainer>> __cdecl wBlockDeltaCalcDesc<int>::getParametersList(void)",method,,wBlockDeltaCalcDesc<int>,getParametersList,void,False,False,True,False,False,False,True
1253,1252,0x4E4,?getParametersList@?$wBlockDeltaCalcDesc@N@@UEAA?AV?$vector@VwBlockParameterContainer@@V?$allocator@VwBlockParameterContainer@@@ed@@@ed@@XZ,"public: virtual class ed::vector<class wBlockParameterContainer, class ed::allocator<class wBlockParameterContainer>> __cdecl wBlockDeltaCalcDesc<double>::getParametersList(void)",method,,wBlockDeltaCalcDesc<double>,getParametersList,void,False,False,True,False,False,False,True
1254,1253,0x4E5,?getParametersList@?$wBlockDeltaCalcDesc@V?$Vector@$02N@Math@@@@UEAA?AV?$vector@VwBlockParameterContainer@@V?$allocator@VwBlockParameterContainer@@@ed@@@ed@@XZ,"public: virtual class ed::vector<class wBlockParameterContainer, class ed::allocator<class wBlockParameterContainer>> __cdecl wBlockDeltaCalcDesc<class Math::Vector<3, double>>::getParametersList(void)",method,,double>>,getParametersList,void,False,False,True,False,False,False,True
1255,1254,0x4E6,?getParametersList@?$wBlockI2ODescriptor@HN@@UEAA?AV?$vector@VwBlockParameterContainer@@V?$allocator@VwBlockParameterContainer@@@ed@@@ed@@XZ,"public: virtual class ed::vector<class wBlockParameterContainer, class ed::allocator<class wBlockParameterContainer>> __cdecl wBlockI2ODescriptor<int, double>::getParametersList(void)",method,,double>,getParametersList,void,False,False,True,False,False,False,True
1256,1255,0x4E7,?getParametersList@?$wBlockI2ODescriptor@H_N@@UEAA?AV?$vector@VwBlockParameterContainer@@V?$allocator@VwBlockParameterContainer@@@ed@@@ed@@XZ,"public: virtual class ed::vector<class wBlockParameterContainer, class ed::allocator<class wBlockParameterContainer>> __cdecl wBlockI2ODescriptor<int, bool>::getParametersList(void)",method,,bool>,getParametersList,void,False,False,True,False,False,False,True
1257,1256,0x4E8,?getParametersList@?$wBlockI2ODescriptor@N_N@@UEAA?AV?$vector@VwBlockParameterContainer@@V?$allocator@VwBlockParameterContainer@@@ed@@@ed@@XZ,"public: virtual class ed::vector<class wBlockParameterContainer, class ed::allocator<class wBlockParameterContainer>> __cdecl wBlockI2ODescriptor<double, bool>::getParametersList(void)",method,,bool>,getParametersList,void,False,False,True,False,False,False,True
1258,1257,0x4E9,?getParametersList@?$wBlockI2ODescriptor@_NH@@UEAA?AV?$vector@VwBlockParameterContainer@@V?$allocator@VwBlockParameterContainer@@@ed@@@ed@@XZ,"public: virtual class ed::vector<class wBlockParameterContainer, class ed::allocator<class wBlockParameterContainer>> __cdecl wBlockI2ODescriptor<bool, int>::getParametersList(void)",method,,int>,getParametersList,void,False,False,True,False,False,False,True
1259,1258,0x4EA,?getParametersList@?$wBlockI2ODescriptor@_NN@@UEAA?AV?$vector@VwBlockParameterContainer@@V?$allocator@VwBlockParameterContainer@@@ed@@@ed@@XZ,"public: virtual class ed::vector<class wBlockParameterContainer, class ed::allocator<class wBlockParameterContainer>> __cdecl wBlockI2ODescriptor<bool, double>::getParametersList(void)",method,,double>,getParametersList,void,False,False,True,False,False,False,True
1260,1259,0x4EB,?getParametersList@?$wBlockIntegratorDescriptor@N@@UEAA?AV?$vector@VwBlockParameterContainer@@V?$allocator@VwBlockParameterContainer@@@ed@@@ed@@XZ,"public: virtual class ed::vector<class wBlockParameterContainer, class ed::allocator<class wBlockParameterContainer>> __cdecl wBlockIntegratorDescriptor<double>::getParametersList(void)",method,,wBlockIntegratorDescriptor<double>,getParametersList,void,False,False,True,False,False,False,True
1261,1260,0x4EC,?getParametersList@?$wBlockIntegratorDescriptor@V?$Vector@$02N@Math@@@@UEAA?AV?$vector@VwBlockParameterContainer@@V?$allocator@VwBlockParameterContainer@@@ed@@@ed@@XZ,"public: virtual class ed::vector<class wBlockParameterContainer, class ed::allocator<class wBlockParameterContainer>> __cdecl wBlockIntegratorDescriptor<class Math::Vector<3, double>>::getParametersList(void)",method,,double>>,getParametersList,void,False,False,True,False,False,False,True
1262,1261,0x4ED,?getParametersList@?$wBlockMaxValDescriptor@H@@UEAA?AV?$vector@VwBlockParameterContainer@@V?$allocator@VwBlockParameterContainer@@@ed@@@ed@@XZ,"public: virtual class ed::vector<class wBlockParameterContainer, class ed::allocator<class wBlockParameterContainer>> __cdecl wBlockMaxValDescriptor<int>::getParametersList(void)",method,,wBlockMaxValDescriptor<int>,getParametersList,void,False,False,True,False,False,False,True
1263,1262,0x4EE,?getParametersList@?$wBlockMaxValDescriptor@N@@UEAA?AV?$vector@VwBlockParameterContainer@@V?$allocator@VwBlockParameterContainer@@@ed@@@ed@@XZ,"public: virtual class ed::vector<class wBlockParameterContainer, class ed::allocator<class wBlockParameterContainer>> __cdecl wBlockMaxValDescriptor<double>::getParametersList(void)",method,,wBlockMaxValDescriptor<double>,getParametersList,void,False,False,True,False,False,False,True
1264,1263,0x4EF,?getParametersList@?$wBlockMaxValDescriptor@V?$Vector@$02N@Math@@@@UEAA?AV?$vector@VwBlockParameterContainer@@V?$allocator@VwBlockParameterContainer@@@ed@@@ed@@XZ,"public: virtual class ed::vector<class wBlockParameterContainer, class ed::allocator<class wBlockParameterContainer>> __cdecl wBlockMaxValDescriptor<class Math::Vector<3, double>>::getParametersList(void)",method,,double>>,getParametersList,void,False,False,True,False,False,False,True
1265,1264,0x4F0,?getParametersList@?$wBlockMinValDescriptor@H@@UEAA?AV?$vector@VwBlockParameterContainer@@V?$allocator@VwBlockParameterContainer@@@ed@@@ed@@XZ,"public: virtual class ed::vector<class wBlockParameterContainer, class ed::allocator<class wBlockParameterContainer>> __cdecl wBlockMinValDescriptor<int>::getParametersList(void)",method,,wBlockMinValDescriptor<int>,getParametersList,void,False,False,True,False,False,False,True
1266,1265,0x4F1,?getParametersList@?$wBlockMinValDescriptor@N@@UEAA?AV?$vector@VwBlockParameterContainer@@V?$allocator@VwBlockParameterContainer@@@ed@@@ed@@XZ,"public: virtual class ed::vector<class wBlockParameterContainer, class ed::allocator<class wBlockParameterContainer>> __cdecl wBlockMinValDescriptor<double>::getParametersList(void)",method,,wBlockMinValDescriptor<double>,getParametersList,void,False,False,True,False,False,False,True
1267,1266,0x4F2,?getParametersList@?$wBlockMinValDescriptor@V?$Vector@$02N@Math@@@@UEAA?AV?$vector@VwBlockParameterContainer@@V?$allocator@VwBlockParameterContainer@@@ed@@@ed@@XZ,"public: virtual class ed::vector<class wBlockParameterContainer, class ed::allocator<class wBlockParameterContainer>> __cdecl wBlockMinValDescriptor<class Math::Vector<3, double>>::getParametersList(void)",method,,double>>,getParametersList,void,False,False,True,False,False,False,True
1268,1267,0x4F3,?getParametersList@?$wBlockP2WDesc@H@@UEAA?AV?$vector@VwBlockParameterContainer@@V?$allocator@VwBlockParameterContainer@@@ed@@@ed@@XZ,"public: virtual class ed::vector<class wBlockParameterContainer, class ed::allocator<class wBlockParameterContainer>> __cdecl wBlockP2WDesc<int>::getParametersList(void)",method,,wBlockP2WDesc<int>,getParametersList,void,False,False,True,False,False,False,True
1269,1268,0x4F4,?getParametersList@?$wBlockP2WDesc@N@@UEAA?AV?$vector@VwBlockParameterContainer@@V?$allocator@VwBlockParameterContainer@@@ed@@@ed@@XZ,"public: virtual class ed::vector<class wBlockParameterContainer, class ed::allocator<class wBlockParameterContainer>> __cdecl wBlockP2WDesc<double>::getParametersList(void)",method,,wBlockP2WDesc<double>,getParametersList,void,False,False,True,False,False,False,True
1270,1269,0x4F5,?getParametersList@?$wBlockP2WDesc@V?$Vector@$02N@Math@@@@UEAA?AV?$vector@VwBlockParameterContainer@@V?$allocator@VwBlockParameterContainer@@@ed@@@ed@@XZ,"public: virtual class ed::vector<class wBlockParameterContainer, class ed::allocator<class wBlockParameterContainer>> __cdecl wBlockP2WDesc<class Math::Vector<3, double>>::getParametersList(void)",method,,double>>,getParametersList,void,False,False,True,False,False,False,True
1271,1270,0x4F6,?getParametersList@?$wBlockP2WDesc@_N@@UEAA?AV?$vector@VwBlockParameterContainer@@V?$allocator@VwBlockParameterContainer@@@ed@@@ed@@XZ,"public: virtual class ed::vector<class wBlockParameterContainer, class ed::allocator<class wBlockParameterContainer>> __cdecl wBlockP2WDesc<bool>::getParametersList(void)",method,,wBlockP2WDesc<bool>,getParametersList,void,False,False,True,False,False,False,True
1272,1271,0x4F7,?getParametersList@?$wBlockRateCalcDesc@H@@UEAA?AV?$vector@VwBlockParameterContainer@@V?$allocator@VwBlockParameterContainer@@@ed@@@ed@@XZ,"public: virtual class ed::vector<class wBlockParameterContainer, class ed::allocator<class wBlockParameterContainer>> __cdecl wBlockRateCalcDesc<int>::getParametersList(void)",method,,wBlockRateCalcDesc<int>,getParametersList,void,False,False,True,False,False,False,True
1273,1272,0x4F8,?getParametersList@?$wBlockRateCalcDesc@N@@UEAA?AV?$vector@VwBlockParameterContainer@@V?$allocator@VwBlockParameterContainer@@@ed@@@ed@@XZ,"public: virtual class ed::vector<class wBlockParameterContainer, class ed::allocator<class wBlockParameterContainer>> __cdecl wBlockRateCalcDesc<double>::getParametersList(void)",method,,wBlockRateCalcDesc<double>,getParametersList,void,False,False,True,False,False,False,True
1274,1273,0x4F9,?getParametersList@?$wBlockRateCalcDesc@V?$Vector@$02N@Math@@@@UEAA?AV?$vector@VwBlockParameterContainer@@V?$allocator@VwBlockParameterContainer@@@ed@@@ed@@XZ,"public: virtual class ed::vector<class wBlockParameterContainer, class ed::allocator<class wBlockParameterContainer>> __cdecl wBlockRateCalcDesc<class Math::Vector<3, double>>::getParametersList(void)",method,,double>>,getParametersList,void,False,False,True,False,False,False,True
1275,1274,0x4FA,?getParametersList@?$wBlockSummatorDescriptor@H@@UEAA?AV?$vector@VwBlockParameterContainer@@V?$allocator@VwBlockParameterContainer@@@ed@@@ed@@XZ,"public: virtual class ed::vector<class wBlockParameterContainer, class ed::allocator<class wBlockParameterContainer>> __cdecl wBlockSummatorDescriptor<int>::getParametersList(void)",method,,wBlockSummatorDescriptor<int>,getParametersList,void,False,False,True,False,False,False,True
1276,1275,0x4FB,?getParametersList@?$wBlockSummatorDescriptor@N@@UEAA?AV?$vector@VwBlockParameterContainer@@V?$allocator@VwBlockParameterContainer@@@ed@@@ed@@XZ,"public: virtual class ed::vector<class wBlockParameterContainer, class ed::allocator<class wBlockParameterContainer>> __cdecl wBlockSummatorDescriptor<double>::getParametersList(void)",method,,wBlockSummatorDescriptor<double>,getParametersList,void,False,False,True,False,False,False,True
1277,1276,0x4FC,?getParametersList@?$wBlockSummatorDescriptor@V?$Vector@$02N@Math@@@@UEAA?AV?$vector@VwBlockParameterContainer@@V?$allocator@VwBlockParameterContainer@@@ed@@@ed@@XZ,"public: virtual class ed::vector<class wBlockParameterContainer, class ed::allocator<class wBlockParameterContainer>> __cdecl wBlockSummatorDescriptor<class Math::Vector<3, double>>::getParametersList(void)",method,,double>>,getParametersList,void,False,False,True,False,False,False,True
1278,1277,0x4FD,?getParametersList@wBlockANDDescriptor@@UEAA?AV?$vector@VwBlockParameterContainer@@V?$allocator@VwBlockParameterContainer@@@ed@@@ed@@XZ,"public: virtual class ed::vector<class wBlockParameterContainer, class ed::allocator<class wBlockParameterContainer>> __cdecl wBlockANDDescriptor::getParametersList(void)",method,,wBlockANDDescriptor,getParametersList,void,False,False,True,False,False,False,True
1279,1278,0x4FE,?getParametersList@wBlockANDtriggerDescriptor@@UEAA?AV?$vector@VwBlockParameterContainer@@V?$allocator@VwBlockParameterContainer@@@ed@@@ed@@XZ,"public: virtual class ed::vector<class wBlockParameterContainer, class ed::allocator<class wBlockParameterContainer>> __cdecl wBlockANDtriggerDescriptor::getParametersList(void)",method,,wBlockANDtriggerDescriptor,getParametersList,void,False,False,True,False,False,False,True
1280,1279,0x4FF,?getParametersList@wBlockConstantsDescriptor@@UEAA?AV?$vector@VwBlockParameterContainer@@V?$allocator@VwBlockParameterContainer@@@ed@@@ed@@XZ,"public: virtual class ed::vector<class wBlockParameterContainer, class ed::allocator<class wBlockParameterContainer>> __cdecl wBlockConstantsDescriptor::getParametersList(void)",method,,wBlockConstantsDescriptor,getParametersList,void,False,False,True,False,False,False,True
1281,1280,0x500,?getParametersList@wBlockDelayTriggerDescriptor@@UEAA?AV?$vector@VwBlockParameterContainer@@V?$allocator@VwBlockParameterContainer@@@ed@@@ed@@XZ,"public: virtual class ed::vector<class wBlockParameterContainer, class ed::allocator<class wBlockParameterContainer>> __cdecl wBlockDelayTriggerDescriptor::getParametersList(void)",method,,wBlockDelayTriggerDescriptor,getParametersList,void,False,False,True,False,False,False,True
1282,1281,0x501,?getParametersList@wBlockDelayTriggerMultipleDescriptor@@UEAA?AV?$vector@VwBlockParameterContainer@@V?$allocator@VwBlockParameterContainer@@@ed@@@ed@@XZ,"public: virtual class ed::vector<class wBlockParameterContainer, class ed::allocator<class wBlockParameterContainer>> __cdecl wBlockDelayTriggerMultipleDescriptor::getParametersList(void)",method,,wBlockDelayTriggerMultipleDescriptor,getParametersList,void,False,False,True,False,False,False,True
1283,1282,0x502,?getParametersList@wBlockDelayTriggerWireDescriptor@@UEAA?AV?$vector@VwBlockParameterContainer@@V?$allocator@VwBlockParameterContainer@@@ed@@@ed@@XZ,"public: virtual class ed::vector<class wBlockParameterContainer, class ed::allocator<class wBlockParameterContainer>> __cdecl wBlockDelayTriggerWireDescriptor::getParametersList(void)",method,,wBlockDelayTriggerWireDescriptor,getParametersList,void,False,False,True,False,False,False,True
1284,1283,0x503,?getParametersList@wBlockDoubleToVec3dTriggerDescriptor@@UEAA?AV?$vector@VwBlockParameterContainer@@V?$allocator@VwBlockParameterContainer@@@ed@@@ed@@XZ,"public: virtual class ed::vector<class wBlockParameterContainer, class ed::allocator<class wBlockParameterContainer>> __cdecl wBlockDoubleToVec3dTriggerDescriptor::getParametersList(void)",method,,wBlockDoubleToVec3dTriggerDescriptor,getParametersList,void,False,False,True,False,False,False,True
1285,1284,0x504,?getParametersList@wBlockLuaDescriptor@@UEAA?AV?$vector@VwBlockParameterContainer@@V?$allocator@VwBlockParameterContainer@@@ed@@@ed@@XZ,"public: virtual class ed::vector<class wBlockParameterContainer, class ed::allocator<class wBlockParameterContainer>> __cdecl wBlockLuaDescriptor::getParametersList(void)",method,,wBlockLuaDescriptor,getParametersList,void,False,False,True,False,False,False,True
1286,1285,0x505,?getParametersList@wBlockMultiplexDescriptor@@UEAA?AV?$vector@VwBlockParameterContainer@@V?$allocator@VwBlockParameterContainer@@@ed@@@ed@@XZ,"public: virtual class ed::vector<class wBlockParameterContainer, class ed::allocator<class wBlockParameterContainer>> __cdecl wBlockMultiplexDescriptor::getParametersList(void)",method,,wBlockMultiplexDescriptor,getParametersList,void,False,False,True,False,False,False,True
1287,1286,0x506,?getParametersList@wBlockNOTDescriptor@@UEAA?AV?$vector@VwBlockParameterContainer@@V?$allocator@VwBlockParameterContainer@@@ed@@@ed@@XZ,"public: virtual class ed::vector<class wBlockParameterContainer, class ed::allocator<class wBlockParameterContainer>> __cdecl wBlockNOTDescriptor::getParametersList(void)",method,,wBlockNOTDescriptor,getParametersList,void,False,False,True,False,False,False,True
1288,1287,0x507,?getParametersList@wBlockNOTtriggerDescriptor@@UEAA?AV?$vector@VwBlockParameterContainer@@V?$allocator@VwBlockParameterContainer@@@ed@@@ed@@XZ,"public: virtual class ed::vector<class wBlockParameterContainer, class ed::allocator<class wBlockParameterContainer>> __cdecl wBlockNOTtriggerDescriptor::getParametersList(void)",method,,wBlockNOTtriggerDescriptor,getParametersList,void,False,False,True,False,False,False,True
1289,1288,0x508,?getParametersList@wBlockORDescriptor@@UEAA?AV?$vector@VwBlockParameterContainer@@V?$allocator@VwBlockParameterContainer@@@ed@@@ed@@XZ,"public: virtual class ed::vector<class wBlockParameterContainer, class ed::allocator<class wBlockParameterContainer>> __cdecl wBlockORDescriptor::getParametersList(void)",method,,wBlockORDescriptor,getParametersList,void,False,False,True,False,False,False,True
1290,1289,0x509,?getParametersList@wBlockORtriggerDescriptor@@UEAA?AV?$vector@VwBlockParameterContainer@@V?$allocator@VwBlockParameterContainer@@@ed@@@ed@@XZ,"public: virtual class ed::vector<class wBlockParameterContainer, class ed::allocator<class wBlockParameterContainer>> __cdecl wBlockORtriggerDescriptor::getParametersList(void)",method,,wBlockORtriggerDescriptor,getParametersList,void,False,False,True,False,False,False,True
1291,1290,0x50A,?getParametersList@wBlockOscilloscopeDescriptor@@UEAA?AV?$vector@VwBlockParameterContainer@@V?$allocator@VwBlockParameterContainer@@@ed@@@ed@@XZ,"public: virtual class ed::vector<class wBlockParameterContainer, class ed::allocator<class wBlockParameterContainer>> __cdecl wBlockOscilloscopeDescriptor::getParametersList(void)",method,,wBlockOscilloscopeDescriptor,getParametersList,void,False,False,True,False,False,False,True
1292,1291,0x50B,?getParametersList@wBlockSubsystemDescriptor@@UEAA?AV?$vector@VwBlockParameterContainer@@V?$allocator@VwBlockParameterContainer@@@ed@@@ed@@XZ,"public: virtual class ed::vector<class wBlockParameterContainer, class ed::allocator<class wBlockParameterContainer>> __cdecl wBlockSubsystemDescriptor::getParametersList(void)",method,,wBlockSubsystemDescriptor,getParametersList,void,False,False,True,False,False,False,True
1293,1292,0x50C,?getParametersList@wBlockVectorPickerDescriptor@@UEAA?AV?$vector@VwBlockParameterContainer@@V?$allocator@VwBlockParameterContainer@@@ed@@@ed@@XZ,"public: virtual class ed::vector<class wBlockParameterContainer, class ed::allocator<class wBlockParameterContainer>> __cdecl wBlockVectorPickerDescriptor::getParametersList(void)",method,,wBlockVectorPickerDescriptor,getParametersList,void,False,False,True,False,False,False,True
1294,1293,0x50D,?getParametersList@wBlockWireDeserializerDescriptor@@UEAA?AV?$vector@VwBlockParameterContainer@@V?$allocator@VwBlockParameterContainer@@@ed@@@ed@@XZ,"public: virtual class ed::vector<class wBlockParameterContainer, class ed::allocator<class wBlockParameterContainer>> __cdecl wBlockWireDeserializerDescriptor::getParametersList(void)",method,,wBlockWireDeserializerDescriptor,getParametersList,void,False,False,True,False,False,False,True
1295,1294,0x50E,?getParametersList@wBlockWireSerializerDescriptor@@UEAA?AV?$vector@VwBlockParameterContainer@@V?$allocator@VwBlockParameterContainer@@@ed@@@ed@@XZ,"public: virtual class ed::vector<class wBlockParameterContainer, class ed::allocator<class wBlockParameterContainer>> __cdecl wBlockWireSerializerDescriptor::getParametersList(void)",method,,wBlockWireSerializerDescriptor,getParametersList,void,False,False,True,False,False,False,True
1296,1295,0x50F,?getParametersList@wBlockWireToPortDescriptor@@UEAA?AV?$vector@VwBlockParameterContainer@@V?$allocator@VwBlockParameterContainer@@@ed@@@ed@@XZ,"public: virtual class ed::vector<class wBlockParameterContainer, class ed::allocator<class wBlockParameterContainer>> __cdecl wBlockWireToPortDescriptor::getParametersList(void)",method,,wBlockWireToPortDescriptor,getParametersList,void,False,False,True,False,False,False,True
1297,1296,0x510,?getParametersList@wSimulationBlockDescriptor@@UEAA?AV?$vector@VwBlockParameterContainer@@V?$allocator@VwBlockParameterContainer@@@ed@@@ed@@XZ,"public: virtual class ed::vector<class wBlockParameterContainer, class ed::allocator<class wBlockParameterContainer>> __cdecl wSimulationBlockDescriptor::getParametersList(void)",method,,wSimulationBlockDescriptor,getParametersList,void,False,False,True,False,False,False,True
1298,1297,0x511,?getRootDir@Loader@Lua@@QEBAAEBV?$basic_string@D@ed@@XZ,public: class ed::basic_string<char> const & __cdecl Lua::Loader::getRootDir(void) const,method,Lua,Loader,getRootDir,void,True,False,False,False,False,False,True
1299,1298,0x512,?getRootDir@wSimulationSystemScheme@@QEAAAEBV?$basic_string@D@ed@@XZ,public: class ed::basic_string<char> const & __cdecl wSimulationSystemScheme::getRootDir(void),method,,wSimulationSystemScheme,getRootDir,void,False,False,False,False,False,False,True
1300,1299,0x513,?getScheme@wBlockSubsystemDescriptor@@QEAAPEAVwSimulationSystemScheme@@XZ,public: class wSimulationSystemScheme * __cdecl wBlockSubsystemDescriptor::getScheme(void),method,,wBlockSubsystemDescriptor,getScheme,void,False,False,False,False,False,False,True
1301,1300,0x514,?getSchemeQueueTime@wSimulationSystem@@QEAANXZ,public: double __cdecl wSimulationSystem::getSchemeQueueTime(void),method,,wSimulationSystem,getSchemeQueueTime,void,False,False,False,False,False,False,True
1302,1301,0x515,?getSchemeStateData@wSimulationSystem@@QEAA_NPEAV?$vector@EV?$allocator@E@ed@@@ed@@@Z,"public: bool __cdecl wSimulationSystem::getSchemeStateData(class ed::vector<unsigned char, class ed::allocator<unsigned char>> *)",method,,wSimulationSystem,getSchemeStateData,"class ed::vector<unsigned char, class ed::allocator<unsigned char>> *",False,False,False,False,False,False,True
1303,1302,0x516,?getSchemeStateDataSize@wSimulationSystem@@QEAAHXZ,public: int __cdecl wSimulationSystem::getSchemeStateDataSize(void),method,,wSimulationSystem,getSchemeStateDataSize,void,False,False,False,False,False,False,True
1304,1303,0x517,?getSleepTimeRem@wSimulationSystem@@QEAA?BNXZ,public: double const __cdecl wSimulationSystem::getSleepTimeRem(void),method,,wSimulationSystem,getSleepTimeRem,void,False,False,False,False,False,False,True
1305,1304,0x518,?getSpecialCmdsBlock@wSimulationSystemScheme@@QEAAPEAVwSimulationBlockDescriptor@@XZ,public: class wSimulationBlockDescriptor * __cdecl wSimulationSystemScheme::getSpecialCmdsBlock(void),method,,wSimulationSystemScheme,getSpecialCmdsBlock,void,False,False,False,False,False,False,True
1306,1305,0x519,?getSpecialCmdsBlock@wSimulationSystemScheme@@QEBAPEBVwSimulationBlockDescriptor@@XZ,public: class wSimulationBlockDescriptor const * __cdecl wSimulationSystemScheme::getSpecialCmdsBlock(void) const,method,,wSimulationSystemScheme,getSpecialCmdsBlock,void,True,False,False,False,False,False,True
1307,1306,0x51A,?getStatelessBlockIndex@wSimulationSystemScheme@@QEBAHH@Z,public: int __cdecl wSimulationSystemScheme::getStatelessBlockIndex(int) const,method,,wSimulationSystemScheme,getStatelessBlockIndex,int,True,False,False,False,False,False,True
1308,1307,0x51B,?getStatelessBlocksCount@wSimulationSystemScheme@@QEBAHXZ,public: int __cdecl wSimulationSystemScheme::getStatelessBlocksCount(void) const,method,,wSimulationSystemScheme,getStatelessBlocksCount,void,True,False,False,False,False,False,True
1309,1308,0x51C,?getStatelessBlocksInDiff@wSimulationSystemScheme@@QEBAAEBV?$vector@HV?$allocator@H@ed@@@ed@@XZ,"public: class ed::vector<int, class ed::allocator<int>> const & __cdecl wSimulationSystemScheme::getStatelessBlocksInDiff(void) const",method,,wSimulationSystemScheme,getStatelessBlocksInDiff,void,True,False,False,False,False,False,True
1310,1309,0x51D,?getStatelessBlocksOnDiffInput@wSimulationSystemScheme@@QEBAAEBV?$vector@HV?$allocator@H@ed@@@ed@@XZ,"public: class ed::vector<int, class ed::allocator<int>> const & __cdecl wSimulationSystemScheme::getStatelessBlocksOnDiffInput(void) const",method,,wSimulationSystemScheme,getStatelessBlocksOnDiffInput,void,True,False,False,False,False,False,True
1311,1310,0x51E,?getStatelessBlocksOnInput@wSimulationSystemScheme@@QEBAAEBV?$vector@HV?$allocator@H@ed@@@ed@@H@Z,"public: class ed::vector<int, class ed::allocator<int>> const & __cdecl wSimulationSystemScheme::getStatelessBlocksOnInput(int) const",method,,wSimulationSystemScheme,getStatelessBlocksOnInput,int,True,False,False,False,False,False,True
1312,1311,0x51F,?getStatelessBlocksOnOutput@wSimulationSystemScheme@@QEBAAEBV?$vector@HV?$allocator@H@ed@@@ed@@H@Z,"public: class ed::vector<int, class ed::allocator<int>> const & __cdecl wSimulationSystemScheme::getStatelessBlocksOnOutput(int) const",method,,wSimulationSystemScheme,getStatelessBlocksOnOutput,int,True,False,False,False,False,False,True
1313,1312,0x520,?getStatelessBlocksOnSchemeInput@wSimulationSystemScheme@@QEBAAEBV?$vector@HV?$allocator@H@ed@@@ed@@XZ,"public: class ed::vector<int, class ed::allocator<int>> const & __cdecl wSimulationSystemScheme::getStatelessBlocksOnSchemeInput(void) const",method,,wSimulationSystemScheme,getStatelessBlocksOnSchemeInput,void,True,False,False,False,False,False,True
1314,1313,0x521,?getStatelessBlocksOnSchemeOutput@wSimulationSystemScheme@@QEBAAEBV?$vector@HV?$allocator@H@ed@@@ed@@XZ,"public: class ed::vector<int, class ed::allocator<int>> const & __cdecl wSimulationSystemScheme::getStatelessBlocksOnSchemeOutput(void) const",method,,wSimulationSystemScheme,getStatelessBlocksOnSchemeOutput,void,True,False,False,False,False,False,True
1315,1314,0x522,?getWires@wBlockWireDeserializerDescriptor@@QEBAAEBV?$small_vector@UwLeadDescription@@$0BA@V?$allocator@UwLeadDescription@@@ed@@X@container@boost@@XZ,"public: class boost::container::small_vector<struct wLeadDescription, 16, class ed::allocator<struct wLeadDescription>, void> const & __cdecl wBlockWireDeserializerDescriptor::getWires(void) const",method,,wBlockWireDeserializerDescriptor,getWires,void,True,False,False,False,False,False,True
1316,1315,0x523,?getWires@wBlockWireSerializerDescriptor@@QEBAAEBV?$small_vector@UwLeadDescription@@$0BA@V?$allocator@UwLeadDescription@@@ed@@X@container@boost@@XZ,"public: class boost::container::small_vector<struct wLeadDescription, 16, class ed::allocator<struct wLeadDescription>, void> const & __cdecl wBlockWireSerializerDescriptor::getWires(void) const",method,,wBlockWireSerializerDescriptor,getWires,void,True,False,False,False,False,False,True
1317,1316,0x524,?hasInputPort@wSimulationBlockDescriptor@@QEBA_NAEBV?$basic_string@D@ed@@@Z,public: bool __cdecl wSimulationBlockDescriptor::hasInputPort(class ed::basic_string<char> const &) const,method,,wSimulationBlockDescriptor,hasInputPort,class ed::basic_string<char> const &,True,False,False,False,False,False,True
1318,1317,0x525,?hasInputWire@wSimulationBlockDescriptor@@QEBA_NAEBV?$basic_string@D@ed@@@Z,public: bool __cdecl wSimulationBlockDescriptor::hasInputWire(class ed::basic_string<char> const &) const,method,,wSimulationBlockDescriptor,hasInputWire,class ed::basic_string<char> const &,True,False,False,False,False,False,True
1319,1318,0x526,?hasLead@wSimulationBlockDescriptor@@QEBA_N_N0AEBV?$basic_string@D@ed@@@Z,"public: bool __cdecl wSimulationBlockDescriptor::hasLead(bool, bool, class ed::basic_string<char> const &) const",method,,wSimulationBlockDescriptor,hasLead,"bool, bool, class ed::basic_string<char> const &",True,False,False,False,False,False,True
1320,1319,0x527,?hasOutputPort@wSimulationBlockDescriptor@@QEBA_NAEBV?$basic_string@D@ed@@@Z,public: bool __cdecl wSimulationBlockDescriptor::hasOutputPort(class ed::basic_string<char> const &) const,method,,wSimulationBlockDescriptor,hasOutputPort,class ed::basic_string<char> const &,True,False,False,False,False,False,True
1321,1320,0x528,?hasOutputWire@wSimulationBlockDescriptor@@QEBA_NAEBV?$basic_string@D@ed@@@Z,public: bool __cdecl wSimulationBlockDescriptor::hasOutputWire(class ed::basic_string<char> const &) const,method,,wSimulationBlockDescriptor,hasOutputWire,class ed::basic_string<char> const &,True,False,False,False,False,False,True
1322,1321,0x529,?indexOfBlock@wSimulationSystemScheme@@QEBAHPEBVwSimulationBlockDescriptor@@@Z,public: int __cdecl wSimulationSystemScheme::indexOfBlock(class wSimulationBlockDescriptor const *) const,method,,wSimulationSystemScheme,indexOfBlock,class wSimulationBlockDescriptor const *,True,False,False,False,False,False,True
1323,1322,0x52A,?indexOfConnection@wSimulationSystemScheme@@QEAAHAEBUConnection@1@@Z,public: int __cdecl wSimulationSystemScheme::indexOfConnection(struct wSimulationSystemScheme::Connection const &),method,,wSimulationSystemScheme,indexOfConnection,struct wSimulationSystemScheme::Connection const &,False,False,False,False,False,False,True
1324,1323,0x52B,?indexOfConnection_@wSimulationSystemScheme@@IEAAHAEBUConnection@1@@Z,protected: int __cdecl wSimulationSystemScheme::indexOfConnection_(struct wSimulationSystemScheme::Connection const &),method,,wSimulationSystemScheme,indexOfConnection_,struct wSimulationSystemScheme::Connection const &,False,False,False,False,False,False,True
1325,1324,0x52C,?init_@wSimulationSystem@@IEAAXPEAVLoader@Lua@@@Z,protected: void __cdecl wSimulationSystem::init_(class Lua::Loader *),method,,wSimulationSystem,init_,class Lua::Loader *,False,False,False,False,False,False,True
1326,1325,0x52D,?instance@wOdeSolversFactory@@SAPEAV1@XZ,public: static class wOdeSolversFactory * __cdecl wOdeSolversFactory::instance(void),method,,wOdeSolversFactory,instance,void,False,True,False,False,False,False,True
1327,1326,0x52E,?instance@wSimulationBlockFactory@@SAPEAV1@XZ,public: static class wSimulationBlockFactory * __cdecl wSimulationBlockFactory::instance(void),method,,wSimulationBlockFactory,instance,void,False,True,False,False,False,False,True
1328,1327,0x52F,?instance@wSimulationLogger@@SAAEAV1@XZ,public: static class wSimulationLogger & __cdecl wSimulationLogger::instance(void),method,,wSimulationLogger,instance,void,False,True,False,False,False,False,True
1329,1328,0x530,?instantiate@wSimulationSystemScheme@@QEBAPEAVwSimulationSystem@@PEAVLoader@Lua@@PEAE@Z,"public: class wSimulationSystem * __cdecl wSimulationSystemScheme::instantiate(class Lua::Loader *, unsigned char *) const",method,,wSimulationSystemScheme,instantiate,"class Lua::Loader *, unsigned char *",True,False,False,False,False,False,True
1330,1329,0x531,?isOfType@wBlockSubsystemDescriptor@@UEBA_NW4weBlockType@@@Z,public: virtual bool __cdecl wBlockSubsystemDescriptor::isOfType(enum weBlockType) const,method,,wBlockSubsystemDescriptor,isOfType,enum weBlockType,True,False,True,False,False,False,True
1331,1330,0x532,?isOfType@wSimulationBlock@@QEBA_NW4weBlockType@@@Z,public: bool __cdecl wSimulationBlock::isOfType(enum weBlockType) const,method,,wSimulationBlock,isOfType,enum weBlockType,True,False,False,False,False,False,True
1332,1331,0x533,?isOfType@wSimulationBlockDescriptor@@UEBA_NW4weBlockType@@@Z,public: virtual bool __cdecl wSimulationBlockDescriptor::isOfType(enum weBlockType) const,method,,wSimulationBlockDescriptor,isOfType,enum weBlockType,True,False,True,False,False,False,True
1333,1332,0x534,?isOfType@wSimulationBlockDiffDescriptor@@UEBA_NW4weBlockType@@@Z,public: virtual bool __cdecl wSimulationBlockDiffDescriptor::isOfType(enum weBlockType) const,method,,wSimulationBlockDiffDescriptor,isOfType,enum weBlockType,True,False,True,False,False,False,True
1334,1333,0x535,?isOfType@wSimulationBlockDiscDescriptor@@UEBA_NW4weBlockType@@@Z,public: virtual bool __cdecl wSimulationBlockDiscDescriptor::isOfType(enum weBlockType) const,method,,wSimulationBlockDiscDescriptor,isOfType,enum weBlockType,True,False,True,False,False,False,True
1335,1334,0x536,?isOfType@wSimulationBlockStatelessDescriptor@@UEBA_NW4weBlockType@@@Z,public: virtual bool __cdecl wSimulationBlockStatelessDescriptor::isOfType(enum weBlockType) const,method,,wSimulationBlockStatelessDescriptor,isOfType,enum weBlockType,True,False,True,False,False,False,True
1336,1335,0x537,?load@InputOutputBlock@wSimulationSystemScheme@@UEAAXAEAVLoader@Lua@@@Z,public: virtual void __cdecl wSimulationSystemScheme::InputOutputBlock::load(class Lua::Loader &),method,wSimulationSystemScheme,InputOutputBlock,load,class Lua::Loader &,False,False,True,False,False,False,True
1337,1336,0x538,?load@SpecialCommandsBlock@wSimulationSystemScheme@@UEAAXAEAVLoader@Lua@@@Z,public: virtual void __cdecl wSimulationSystemScheme::SpecialCommandsBlock::load(class Lua::Loader &),method,wSimulationSystemScheme,SpecialCommandsBlock,load,class Lua::Loader &,False,False,True,False,False,False,True
1338,1337,0x539,?loadForEdit@wSimulationSystemScheme@@QEAAXAEBV?$basic_string@D@ed@@AEAV?$vector@HV?$allocator@H@ed@@@3@_N@Z,"public: void __cdecl wSimulationSystemScheme::loadForEdit(class ed::basic_string<char> const &, class ed::vector<int, class ed::allocator<int>> &, bool)",method,,wSimulationSystemScheme,loadForEdit,"class ed::basic_string<char> const &, class ed::vector<int, class ed::allocator<int>> &, bool",False,False,False,False,False,False,True
1339,1338,0x53A,?loadForRuntime@wSimulationSystemScheme@@QEAAXAEBV?$basic_string@D@ed@@PEAVLoader@Lua@@_NPEAVILuaSource@3@@Z,"public: void __cdecl wSimulationSystemScheme::loadForRuntime(class ed::basic_string<char> const &, class Lua::Loader *, bool, class ed::ILuaSource *)",method,,wSimulationSystemScheme,loadForRuntime,"class ed::basic_string<char> const &, class Lua::Loader *, bool, class ed::ILuaSource *",False,False,False,False,False,False,True
1340,1339,0x53B,?loadLeads_@InputOutputBlock@wSimulationSystemScheme@@IEAAXAEAVLoader@Lua@@AEAV?$small_vector@UwLeadDescription@@$0BA@V?$allocator@UwLeadDescription@@@ed@@X@container@boost@@@Z,"protected: void __cdecl wSimulationSystemScheme::InputOutputBlock::loadLeads_(class Lua::Loader &, class boost::container::small_vector<struct wLeadDescription, 16, class ed::allocator<struct wLeadDescription>, void> &)",method,wSimulationSystemScheme,InputOutputBlock,loadLeads_,"class Lua::Loader &, class boost::container::small_vector<struct wLeadDescription, 16, class ed::allocator<struct wLeadDescription>, void> &",False,False,False,False,False,False,True
1341,1340,0x53C,?loadScript_@wBlockLuaDescriptor@@IEAAXAEAVwBlockSerializer@@@Z,protected: void __cdecl wBlockLuaDescriptor::loadScript_(class wBlockSerializer &),method,,wBlockLuaDescriptor,loadScript_,class wBlockSerializer &,False,False,False,False,False,False,True
1342,1341,0x53D,?load_@wSimulationSystemScheme@@IEAAXAEBV?$basic_string@D@ed@@PEAVLoader@Lua@@PEAV?$vector@HV?$allocator@H@ed@@@3@_NPEAVILuaSource@3@@Z,"protected: void __cdecl wSimulationSystemScheme::load_(class ed::basic_string<char> const &, class Lua::Loader *, class ed::vector<int, class ed::allocator<int>> *, bool, class ed::ILuaSource *)",method,,wSimulationSystemScheme,load_,"class ed::basic_string<char> const &, class Lua::Loader *, class ed::vector<int, class ed::allocator<int>> *, bool, class ed::ILuaSource *",False,False,False,False,False,False,True
1343,1342,0x53E,?masClear@wSimulationBlockDisc@@AEAAXPEAXH@Z,"private: void __cdecl wSimulationBlockDisc::masClear(void *, int)",method,,wSimulationBlockDisc,masClear,"void *, int",False,False,False,False,False,False,True
1344,1343,0x53F,?masElemPtrByType@wSimulationBlockDisc@@AEAAPEAEPEAXHH@Z,"private: unsigned char * __cdecl wSimulationBlockDisc::masElemPtrByType(void *, int, int)",method,,wSimulationBlockDisc,masElemPtrByType,"void *, int, int",False,False,False,False,False,False,True
1345,1344,0x540,?masResize@wSimulationBlockDisc@@AEAAXPEAXHH@Z,"private: void __cdecl wSimulationBlockDisc::masResize(void *, int, int)",method,,wSimulationBlockDisc,masResize,"void *, int, int",False,False,False,False,False,False,True
1346,1345,0x541,?masSizeByType@wSimulationBlockDisc@@AEAAHH@Z,private: int __cdecl wSimulationBlockDisc::masSizeByType(int),method,,wSimulationBlockDisc,masSizeByType,int,False,False,False,False,False,False,True
1347,1346,0x542,?newMetatable@Loader@Lua@@QEAAXXZ,public: void __cdecl Lua::Loader::newMetatable(void),method,Lua,Loader,newMetatable,void,False,False,False,False,False,False,True
1348,1347,0x543,?nextArray@Loader@Lua@@QEAA_NXZ,public: bool __cdecl Lua::Loader::nextArray(void),method,Lua,Loader,nextArray,void,False,False,False,False,False,False,True
1349,1348,0x544,?nextSubelementKey@Loader@Lua@@QEAA_NAEAV?$basic_string@D@ed@@@Z,public: bool __cdecl Lua::Loader::nextSubelementKey(class ed::basic_string<char> &),method,Lua,Loader,nextSubelementKey,class ed::basic_string<char> &,False,False,False,False,False,False,True
1350,1349,0x545,?nextSubtable@Loader@Lua@@QEAA_NAEAV?$basic_string@D@ed@@@Z,public: bool __cdecl Lua::Loader::nextSubtable(class ed::basic_string<char> &),method,Lua,Loader,nextSubtable,class ed::basic_string<char> &,False,False,False,False,False,False,True
1351,1350,0x546,?paramGenerators@@3PAPEAUwParameterCreatorBase@@A,struct wParameterCreatorBase **paramGenerators,symbol,,,,,False,False,False,False,False,False,True
1352,1351,0x547,?postLoad_@wSimulationSystemScheme@@IEAAX_N@Z,protected: void __cdecl wSimulationSystemScheme::postLoad_(bool),method,,wSimulationSystemScheme,postLoad_,bool,False,False,False,False,False,False,True
1353,1352,0x548,?reg1@wSimulationBlockStateless@@UEAAXXZ,public: virtual void __cdecl wSimulationBlockStateless::reg1(void),method,,wSimulationBlockStateless,reg1,void,False,False,True,False,False,False,True
1354,1353,0x549,?regStr@wSimulationBlockDisc@@IEAAXPEAV?$basic_string@D@ed@@@Z,protected: void __cdecl wSimulationBlockDisc::regStr(class ed::basic_string<char> *),method,,wSimulationBlockDisc,regStr,class ed::basic_string<char> *,False,False,False,False,False,False,True
1355,1354,0x54A,?registerStateData@wSimulationBlockDisc@@UEAAXXZ,public: virtual void __cdecl wSimulationBlockDisc::registerStateData(void),method,,wSimulationBlockDisc,registerStateData,void,False,False,True,False,False,False,True
1356,1355,0x54B,?register_descriptor@wOdeSolversFactory@@QEAAXAEBV?$basic_string@D@ed@@AEBV?$Functor@PEAVwOdeSolverDescriptor@@U?$TypeList@VNullType@CoreMeta@@V12@@CoreMeta@@@CoreMeta@@0@Z,"public: void __cdecl wOdeSolversFactory::register_descriptor(class ed::basic_string<char> const &, class CoreMeta::Functor<class wOdeSolverDescriptor *, struct CoreMeta::TypeList<class CoreMeta::NullType, class CoreMeta::NullType>> const &, class ed::basic_string<char> const &)",method,,wOdeSolversFactory,register_descriptor,"class ed::basic_string<char> const &, class CoreMeta::Functor<class wOdeSolverDescriptor *, struct CoreMeta::TypeList<class CoreMeta::NullType, class CoreMeta::NullType>> const &, class ed::basic_string<char> const &",False,False,False,False,False,False,True
1357,1356,0x54C,?register_descriptor@wSimulationBlockFactory@@QEAAXAEBV?$basic_string@D@ed@@AEBV?$Functor@PEAVwSimulationBlockDescriptor@@U?$TypeList@VNullType@CoreMeta@@V12@@CoreMeta@@@CoreMeta@@0@Z,"public: void __cdecl wSimulationBlockFactory::register_descriptor(class ed::basic_string<char> const &, class CoreMeta::Functor<class wSimulationBlockDescriptor *, struct CoreMeta::TypeList<class CoreMeta::NullType, class CoreMeta::NullType>> const &, class ed::basic_string<char> const &)",method,,wSimulationBlockFactory,register_descriptor,"class ed::basic_string<char> const &, class CoreMeta::Functor<class wSimulationBlockDescriptor *, struct CoreMeta::TypeList<class CoreMeta::NullType, class CoreMeta::NullType>> const &, class ed::basic_string<char> const &",False,False,False,False,False,False,True
1358,1357,0x54D,?release@CachedLoader@Lua@@AEAAXPEAUlua_State@@@Z,private: void __cdecl Lua::CachedLoader::release(struct lua_State *),method,Lua,CachedLoader,release,struct lua_State *,False,False,False,False,False,False,True
1359,1358,0x54E,?removeBlock@wSimulationSystemScheme@@QEAAXPEAVwSimulationBlockDescriptor@@@Z,public: void __cdecl wSimulationSystemScheme::removeBlock(class wSimulationBlockDescriptor *),method,,wSimulationSystemScheme,removeBlock,class wSimulationBlockDescriptor *,False,False,False,False,False,False,True
1360,1359,0x54F,?removeConnection@wSimulationSystemScheme@@QEAAXAEBUConnection@1@@Z,public: void __cdecl wSimulationSystemScheme::removeConnection(struct wSimulationSystemScheme::Connection const &),method,,wSimulationSystemScheme,removeConnection,struct wSimulationSystemScheme::Connection const &,False,False,False,False,False,False,True
1361,1360,0x550,?removeIOLead@wSimulationSystemScheme@@QEAAX_N0AEBV?$basic_string@D@ed@@@Z,"public: void __cdecl wSimulationSystemScheme::removeIOLead(bool, bool, class ed::basic_string<char> const &)",method,,wSimulationSystemScheme,removeIOLead,"bool, bool, class ed::basic_string<char> const &",False,False,False,False,False,False,True
1362,1361,0x551,?removeLead@InputOutputBlock@wSimulationSystemScheme@@QEAAX_N0AEBV?$basic_string@D@ed@@@Z,"public: void __cdecl wSimulationSystemScheme::InputOutputBlock::removeLead(bool, bool, class ed::basic_string<char> const &)",method,wSimulationSystemScheme,InputOutputBlock,removeLead,"bool, bool, class ed::basic_string<char> const &",False,False,False,False,False,False,True
1363,1362,0x552,?renameBlock@wSimulationSystemScheme@@QEAAXPEAVwSimulationBlockDescriptor@@AEBV?$basic_string@D@ed@@@Z,"public: void __cdecl wSimulationSystemScheme::renameBlock(class wSimulationBlockDescriptor *, class ed::basic_string<char> const &)",method,,wSimulationSystemScheme,renameBlock,"class wSimulationBlockDescriptor *, class ed::basic_string<char> const &",False,False,False,False,False,False,True
1364,1363,0x553,?renameIOLead@wSimulationSystemScheme@@QEAAX_N0AEBV?$basic_string@D@ed@@1@Z,"public: void __cdecl wSimulationSystemScheme::renameIOLead(bool, bool, class ed::basic_string<char> const &, class ed::basic_string<char> const &)",method,,wSimulationSystemScheme,renameIOLead,"bool, bool, class ed::basic_string<char> const &, class ed::basic_string<char> const &",False,False,False,False,False,False,True
1365,1364,0x554,?renameLead@InputOutputBlock@wSimulationSystemScheme@@QEAAX_N0AEBV?$basic_string@D@ed@@1@Z,"public: void __cdecl wSimulationSystemScheme::InputOutputBlock::renameLead(bool, bool, class ed::basic_string<char> const &, class ed::basic_string<char> const &)",method,wSimulationSystemScheme,InputOutputBlock,renameLead,"bool, bool, class ed::basic_string<char> const &, class ed::basic_string<char> const &",False,False,False,False,False,False,True
1366,1365,0x555,?reorderBlock@wSimulationSystemScheme@@QEAAXPEAVwSimulationBlockDescriptor@@H@Z,"public: void __cdecl wSimulationSystemScheme::reorderBlock(class wSimulationBlockDescriptor *, int)",method,,wSimulationSystemScheme,reorderBlock,"class wSimulationBlockDescriptor *, int",False,False,False,False,False,False,True
1367,1366,0x556,?reset@wSimulationBlockDisc@@UEAAXXZ,public: virtual void __cdecl wSimulationBlockDisc::reset(void),method,,wSimulationBlockDisc,reset,void,False,False,True,False,False,False,True
1368,1367,0x557,?reset@wSimulationSystem@@UEAAXXZ,public: virtual void __cdecl wSimulationSystem::reset(void),method,,wSimulationSystem,reset,void,False,False,True,False,False,False,True
1369,1368,0x558,?resetDiff_@wSimulationSystem@@IEAAX_N@Z,protected: void __cdecl wSimulationSystem::resetDiff_(bool),method,,wSimulationSystem,resetDiff_,bool,False,False,False,False,False,False,True
1370,1369,0x559,?resetState@wSimulationBlockDiff@@QEAAXPEAE@Z,public: void __cdecl wSimulationBlockDiff::resetState(unsigned char *),method,,wSimulationBlockDiff,resetState,unsigned char *,False,False,False,False,False,False,True
1371,1370,0x55A,?save@InputOutputBlock@wSimulationSystemScheme@@UEAAXAEAVLoader@Lua@@@Z,public: virtual void __cdecl wSimulationSystemScheme::InputOutputBlock::save(class Lua::Loader &),method,wSimulationSystemScheme,InputOutputBlock,save,class Lua::Loader &,False,False,True,False,False,False,True
1372,1371,0x55B,?save@SpecialCommandsBlock@wSimulationSystemScheme@@UEAAXAEAVLoader@Lua@@@Z,public: virtual void __cdecl wSimulationSystemScheme::SpecialCommandsBlock::save(class Lua::Loader &),method,wSimulationSystemScheme,SpecialCommandsBlock,save,class Lua::Loader &,False,False,True,False,False,False,True
1373,1372,0x55C,?save@wSimulationSystemScheme@@QEAAXAEBV?$basic_string@D@ed@@@Z,public: void __cdecl wSimulationSystemScheme::save(class ed::basic_string<char> const &),method,,wSimulationSystemScheme,save,class ed::basic_string<char> const &,False,False,False,False,False,False,True
1374,1373,0x55D,?saveLeads_@InputOutputBlock@wSimulationSystemScheme@@IEAAXAEAVLoader@Lua@@AEAV?$small_vector@UwLeadDescription@@$0BA@V?$allocator@UwLeadDescription@@@ed@@X@container@boost@@@Z,"protected: void __cdecl wSimulationSystemScheme::InputOutputBlock::saveLeads_(class Lua::Loader &, class boost::container::small_vector<struct wLeadDescription, 16, class ed::allocator<struct wLeadDescription>, void> &)",method,wSimulationSystemScheme,InputOutputBlock,saveLeads_,"class Lua::Loader &, class boost::container::small_vector<struct wLeadDescription, 16, class ed::allocator<struct wLeadDescription>, void> &",False,False,False,False,False,False,True
1375,1374,0x55E,?schemeGetIOBlock@wSimulationSystem@@IEBAPEBVwSimulationBlockDescriptor@@XZ,protected: class wSimulationBlockDescriptor const * __cdecl wSimulationSystem::schemeGetIOBlock(void) const,method,,wSimulationSystem,schemeGetIOBlock,void,True,False,False,False,False,False,True
1376,1375,0x55F,?serialize@?$wBlockAvgerageValDescriptor@H@@UEAAXAEAVwBlockSerializer@@@Z,public: virtual void __cdecl wBlockAvgerageValDescriptor<int>::serialize(class wBlockSerializer &),method,,wBlockAvgerageValDescriptor<int>,serialize,class wBlockSerializer &,False,False,True,False,False,False,True
1377,1376,0x560,?serialize@?$wBlockAvgerageValDescriptor@N@@UEAAXAEAVwBlockSerializer@@@Z,public: virtual void __cdecl wBlockAvgerageValDescriptor<double>::serialize(class wBlockSerializer &),method,,wBlockAvgerageValDescriptor<double>,serialize,class wBlockSerializer &,False,False,True,False,False,False,True
1378,1377,0x561,?serialize@?$wBlockAvgerageValDescriptor@V?$Vector@$02N@Math@@@@UEAAXAEAVwBlockSerializer@@@Z,"public: virtual void __cdecl wBlockAvgerageValDescriptor<class Math::Vector<3, double>>::serialize(class wBlockSerializer &)",method,,double>>,serialize,class wBlockSerializer &,False,False,True,False,False,False,True
1379,1378,0x562,?serialize@?$wBlockMaxValDescriptor@H@@UEAAXAEAVwBlockSerializer@@@Z,public: virtual void __cdecl wBlockMaxValDescriptor<int>::serialize(class wBlockSerializer &),method,,wBlockMaxValDescriptor<int>,serialize,class wBlockSerializer &,False,False,True,False,False,False,True
1380,1379,0x563,?serialize@?$wBlockMaxValDescriptor@N@@UEAAXAEAVwBlockSerializer@@@Z,public: virtual void __cdecl wBlockMaxValDescriptor<double>::serialize(class wBlockSerializer &),method,,wBlockMaxValDescriptor<double>,serialize,class wBlockSerializer &,False,False,True,False,False,False,True
1381,1380,0x564,?serialize@?$wBlockMaxValDescriptor@V?$Vector@$02N@Math@@@@UEAAXAEAVwBlockSerializer@@@Z,"public: virtual void __cdecl wBlockMaxValDescriptor<class Math::Vector<3, double>>::serialize(class wBlockSerializer &)",method,,double>>,serialize,class wBlockSerializer &,False,False,True,False,False,False,True
1382,1381,0x565,?serialize@?$wBlockMinValDescriptor@H@@UEAAXAEAVwBlockSerializer@@@Z,public: virtual void __cdecl wBlockMinValDescriptor<int>::serialize(class wBlockSerializer &),method,,wBlockMinValDescriptor<int>,serialize,class wBlockSerializer &,False,False,True,False,False,False,True
1383,1382,0x566,?serialize@?$wBlockMinValDescriptor@N@@UEAAXAEAVwBlockSerializer@@@Z,public: virtual void __cdecl wBlockMinValDescriptor<double>::serialize(class wBlockSerializer &),method,,wBlockMinValDescriptor<double>,serialize,class wBlockSerializer &,False,False,True,False,False,False,True
1384,1383,0x567,?serialize@?$wBlockMinValDescriptor@V?$Vector@$02N@Math@@@@UEAAXAEAVwBlockSerializer@@@Z,"public: virtual void __cdecl wBlockMinValDescriptor<class Math::Vector<3, double>>::serialize(class wBlockSerializer &)",method,,double>>,serialize,class wBlockSerializer &,False,False,True,False,False,False,True
1385,1384,0x568,?serialize@?$wBlockSummatorDescriptor@H@@UEAAXAEAVwBlockSerializer@@@Z,public: virtual void __cdecl wBlockSummatorDescriptor<int>::serialize(class wBlockSerializer &),method,,wBlockSummatorDescriptor<int>,serialize,class wBlockSerializer &,False,False,True,False,False,False,True
1386,1385,0x569,?serialize@?$wBlockSummatorDescriptor@N@@UEAAXAEAVwBlockSerializer@@@Z,public: virtual void __cdecl wBlockSummatorDescriptor<double>::serialize(class wBlockSerializer &),method,,wBlockSummatorDescriptor<double>,serialize,class wBlockSerializer &,False,False,True,False,False,False,True
1387,1386,0x56A,?serialize@?$wBlockSummatorDescriptor@V?$Vector@$02N@Math@@@@UEAAXAEAVwBlockSerializer@@@Z,"public: virtual void __cdecl wBlockSummatorDescriptor<class Math::Vector<3, double>>::serialize(class wBlockSerializer &)",method,,double>>,serialize,class wBlockSerializer &,False,False,True,False,False,False,True
1388,1387,0x56B,?serialize@wBlockConstantsDescriptor@@UEAAXAEAVwBlockSerializer@@@Z,public: virtual void __cdecl wBlockConstantsDescriptor::serialize(class wBlockSerializer &),method,,wBlockConstantsDescriptor,serialize,class wBlockSerializer &,False,False,True,False,False,False,True
1389,1388,0x56C,?serialize@wBlockLogicalMultiinputDescriptor@@UEAAXAEAVwBlockSerializer@@@Z,public: virtual void __cdecl wBlockLogicalMultiinputDescriptor::serialize(class wBlockSerializer &),method,,wBlockLogicalMultiinputDescriptor,serialize,class wBlockSerializer &,False,False,True,False,False,False,True
1390,1389,0x56D,?serialize@wBlockLuaDescriptor@@UEAAXAEAVwBlockSerializer@@@Z,public: virtual void __cdecl wBlockLuaDescriptor::serialize(class wBlockSerializer &),method,,wBlockLuaDescriptor,serialize,class wBlockSerializer &,False,False,True,False,False,False,True
1391,1390,0x56E,?serialize@wBlockMultiplexDescriptor@@UEAAXAEAVwBlockSerializer@@@Z,public: virtual void __cdecl wBlockMultiplexDescriptor::serialize(class wBlockSerializer &),method,,wBlockMultiplexDescriptor,serialize,class wBlockSerializer &,False,False,True,False,False,False,True
1392,1391,0x56F,?serialize@wBlockOscilloscopeDescriptor@@UEAAXAEAVwBlockSerializer@@@Z,public: virtual void __cdecl wBlockOscilloscopeDescriptor::serialize(class wBlockSerializer &),method,,wBlockOscilloscopeDescriptor,serialize,class wBlockSerializer &,False,False,True,False,False,False,True
1393,1392,0x570,?serialize@wBlockSubsystemDescriptor@@UEAAXAEAVwBlockSerializer@@@Z,public: virtual void __cdecl wBlockSubsystemDescriptor::serialize(class wBlockSerializer &),method,,wBlockSubsystemDescriptor,serialize,class wBlockSerializer &,False,False,True,False,False,False,True
1394,1393,0x571,?serialize@wBlockWireDeserializerDescriptor@@UEAAXAEAVwBlockSerializer@@@Z,public: virtual void __cdecl wBlockWireDeserializerDescriptor::serialize(class wBlockSerializer &),method,,wBlockWireDeserializerDescriptor,serialize,class wBlockSerializer &,False,False,True,False,False,False,True
1395,1394,0x572,?serialize@wBlockWireSerializerDescriptor@@UEAAXAEAVwBlockSerializer@@@Z,public: virtual void __cdecl wBlockWireSerializerDescriptor::serialize(class wBlockSerializer &),method,,wBlockWireSerializerDescriptor,serialize,class wBlockSerializer &,False,False,True,False,False,False,True
1396,1395,0x573,?serialize@wBlockWireToPortDescriptor@@UEAAXAEAVwBlockSerializer@@@Z,public: virtual void __cdecl wBlockWireToPortDescriptor::serialize(class wBlockSerializer &),method,,wBlockWireToPortDescriptor,serialize,class wBlockSerializer &,False,False,True,False,False,False,True
1397,1396,0x574,?serialize@wSimulationBlockDescriptor@@UEAAXAEAVwBlockSerializer@@@Z,public: virtual void __cdecl wSimulationBlockDescriptor::serialize(class wBlockSerializer &),method,,wSimulationBlockDescriptor,serialize,class wBlockSerializer &,False,False,True,False,False,False,True
1398,1397,0x575,?set@?$wBlockAvgerageValDescriptor@H@@QEAAXAEBV?$vector@V?$basic_string@D@ed@@V?$allocator@V?$basic_string@D@ed@@@2@@ed@@@Z,"public: void __cdecl wBlockAvgerageValDescriptor<int>::set(class ed::vector<class ed::basic_string<char>, class ed::allocator<class ed::basic_string<char>>> const &)",method,,wBlockAvgerageValDescriptor<int>,set,"class ed::vector<class ed::basic_string<char>, class ed::allocator<class ed::basic_string<char>>> const &",False,False,False,False,False,False,True
1399,1398,0x576,?set@?$wBlockAvgerageValDescriptor@N@@QEAAXAEBV?$vector@V?$basic_string@D@ed@@V?$allocator@V?$basic_string@D@ed@@@2@@ed@@@Z,"public: void __cdecl wBlockAvgerageValDescriptor<double>::set(class ed::vector<class ed::basic_string<char>, class ed::allocator<class ed::basic_string<char>>> const &)",method,,wBlockAvgerageValDescriptor<double>,set,"class ed::vector<class ed::basic_string<char>, class ed::allocator<class ed::basic_string<char>>> const &",False,False,False,False,False,False,True
1400,1399,0x577,?set@?$wBlockAvgerageValDescriptor@V?$Vector@$02N@Math@@@@QEAAXAEBV?$vector@V?$basic_string@D@ed@@V?$allocator@V?$basic_string@D@ed@@@2@@ed@@@Z,"public: void __cdecl wBlockAvgerageValDescriptor<class Math::Vector<3, double>>::set(class ed::vector<class ed::basic_string<char>, class ed::allocator<class ed::basic_string<char>>> const &)",method,,double>>,set,"class ed::vector<class ed::basic_string<char>, class ed::allocator<class ed::basic_string<char>>> const &",False,False,False,False,False,False,True
1401,1400,0x578,?set@?$wBlockMaxValDescriptor@H@@QEAAXAEBV?$vector@V?$basic_string@D@ed@@V?$allocator@V?$basic_string@D@ed@@@2@@ed@@@Z,"public: void __cdecl wBlockMaxValDescriptor<int>::set(class ed::vector<class ed::basic_string<char>, class ed::allocator<class ed::basic_string<char>>> const &)",method,,wBlockMaxValDescriptor<int>,set,"class ed::vector<class ed::basic_string<char>, class ed::allocator<class ed::basic_string<char>>> const &",False,False,False,False,False,False,True
1402,1401,0x579,?set@?$wBlockMaxValDescriptor@N@@QEAAXAEBV?$vector@V?$basic_string@D@ed@@V?$allocator@V?$basic_string@D@ed@@@2@@ed@@@Z,"public: void __cdecl wBlockMaxValDescriptor<double>::set(class ed::vector<class ed::basic_string<char>, class ed::allocator<class ed::basic_string<char>>> const &)",method,,wBlockMaxValDescriptor<double>,set,"class ed::vector<class ed::basic_string<char>, class ed::allocator<class ed::basic_string<char>>> const &",False,False,False,False,False,False,True
1403,1402,0x57A,?set@?$wBlockMaxValDescriptor@V?$Vector@$02N@Math@@@@QEAAXAEBV?$vector@V?$basic_string@D@ed@@V?$allocator@V?$basic_string@D@ed@@@2@@ed@@@Z,"public: void __cdecl wBlockMaxValDescriptor<class Math::Vector<3, double>>::set(class ed::vector<class ed::basic_string<char>, class ed::allocator<class ed::basic_string<char>>> const &)",method,,double>>,set,"class ed::vector<class ed::basic_string<char>, class ed::allocator<class ed::basic_string<char>>> const &",False,False,False,False,False,False,True
1404,1403,0x57B,?set@?$wBlockMinValDescriptor@H@@QEAAXAEBV?$vector@V?$basic_string@D@ed@@V?$allocator@V?$basic_string@D@ed@@@2@@ed@@@Z,"public: void __cdecl wBlockMinValDescriptor<int>::set(class ed::vector<class ed::basic_string<char>, class ed::allocator<class ed::basic_string<char>>> const &)",method,,wBlockMinValDescriptor<int>,set,"class ed::vector<class ed::basic_string<char>, class ed::allocator<class ed::basic_string<char>>> const &",False,False,False,False,False,False,True
1405,1404,0x57C,?set@?$wBlockMinValDescriptor@N@@QEAAXAEBV?$vector@V?$basic_string@D@ed@@V?$allocator@V?$basic_string@D@ed@@@2@@ed@@@Z,"public: void __cdecl wBlockMinValDescriptor<double>::set(class ed::vector<class ed::basic_string<char>, class ed::allocator<class ed::basic_string<char>>> const &)",method,,wBlockMinValDescriptor<double>,set,"class ed::vector<class ed::basic_string<char>, class ed::allocator<class ed::basic_string<char>>> const &",False,False,False,False,False,False,True
1406,1405,0x57D,?set@?$wBlockMinValDescriptor@V?$Vector@$02N@Math@@@@QEAAXAEBV?$vector@V?$basic_string@D@ed@@V?$allocator@V?$basic_string@D@ed@@@2@@ed@@@Z,"public: void __cdecl wBlockMinValDescriptor<class Math::Vector<3, double>>::set(class ed::vector<class ed::basic_string<char>, class ed::allocator<class ed::basic_string<char>>> const &)",method,,double>>,set,"class ed::vector<class ed::basic_string<char>, class ed::allocator<class ed::basic_string<char>>> const &",False,False,False,False,False,False,True
1407,1406,0x57E,?set@?$wBlockSummatorDescriptor@H@@QEAAXAEBV?$vector@V?$basic_string@D@ed@@V?$allocator@V?$basic_string@D@ed@@@2@@ed@@AEBV?$vector@HV?$allocator@H@ed@@@3@@Z,"public: void __cdecl wBlockSummatorDescriptor<int>::set(class ed::vector<class ed::basic_string<char>, class ed::allocator<class ed::basic_string<char>>> const &, class ed::vector<int, class ed::allocator<int>> const &)",method,,wBlockSummatorDescriptor<int>,set,"class ed::vector<class ed::basic_string<char>, class ed::allocator<class ed::basic_string<char>>> const &, class ed::vector<int, class ed::allocator<int>> const &",False,False,False,False,False,False,True
1408,1407,0x57F,?set@?$wBlockSummatorDescriptor@N@@QEAAXAEBV?$vector@V?$basic_string@D@ed@@V?$allocator@V?$basic_string@D@ed@@@2@@ed@@AEBV?$vector@NV?$allocator@N@ed@@@3@@Z,"public: void __cdecl wBlockSummatorDescriptor<double>::set(class ed::vector<class ed::basic_string<char>, class ed::allocator<class ed::basic_string<char>>> const &, class ed::vector<double, class ed::allocator<double>> const &)",method,,wBlockSummatorDescriptor<double>,set,"class ed::vector<class ed::basic_string<char>, class ed::allocator<class ed::basic_string<char>>> const &, class ed::vector<double, class ed::allocator<double>> const &",False,False,False,False,False,False,True
1409,1408,0x580,?set@?$wBlockSummatorDescriptor@V?$Vector@$02N@Math@@@@QEAAXAEBV?$vector@V?$basic_string@D@ed@@V?$allocator@V?$basic_string@D@ed@@@2@@ed@@AEBV?$vector@NV?$allocator@N@ed@@@3@@Z,"public: void __cdecl wBlockSummatorDescriptor<class Math::Vector<3, double>>::set(class ed::vector<class ed::basic_string<char>, class ed::allocator<class ed::basic_string<char>>> const &, class ed::vector<double, class ed::allocator<double>> const &)",method,,double>>,set,"class ed::vector<class ed::basic_string<char>, class ed::allocator<class ed::basic_string<char>>> const &, class ed::vector<double, class ed::allocator<double>> const &",False,False,False,False,False,False,True
1410,1409,0x581,?set@wBlockLogicalMultiinputDescriptor@@QEAAXAEBV?$vector@V?$basic_string@D@ed@@V?$allocator@V?$basic_string@D@ed@@@2@@ed@@AEBV?$vector@_NV?$allocator@_N@ed@@@3@@Z,"public: void __cdecl wBlockLogicalMultiinputDescriptor::set(class ed::vector<class ed::basic_string<char>, class ed::allocator<class ed::basic_string<char>>> const &, class ed::vector<bool, class ed::allocator<bool>> const &)",method,,wBlockLogicalMultiinputDescriptor,set,"class ed::vector<class ed::basic_string<char>, class ed::allocator<class ed::basic_string<char>>> const &, class ed::vector<bool, class ed::allocator<bool>> const &",False,False,False,False,False,False,True
1411,1410,0x582,?set@wBlockMultiplexDescriptor@@QEAAXAEBV?$small_vector@UwLeadDescription@@$0BA@V?$allocator@UwLeadDescription@@@ed@@X@container@boost@@0@Z,"public: void __cdecl wBlockMultiplexDescriptor::set(class boost::container::small_vector<struct wLeadDescription, 16, class ed::allocator<struct wLeadDescription>, void> const &, class boost::container::small_vector<struct wLeadDescription, 16, class ed::allocator<struct wLeadDescription>, void> const &)",method,,wBlockMultiplexDescriptor,set,"class boost::container::small_vector<struct wLeadDescription, 16, class ed::allocator<struct wLeadDescription>, void> const &, class boost::container::small_vector<struct wLeadDescription, 16, class ed::allocator<struct wLeadDescription>, void> const &",False,False,False,False,False,False,True
1412,1411,0x583,?set@wBlockWireDeserializerDescriptor@@QEAAXAEBV?$small_vector@UwLeadDescription@@$0BA@V?$allocator@UwLeadDescription@@@ed@@X@container@boost@@@Z,"public: void __cdecl wBlockWireDeserializerDescriptor::set(class boost::container::small_vector<struct wLeadDescription, 16, class ed::allocator<struct wLeadDescription>, void> const &)",method,,wBlockWireDeserializerDescriptor,set,"class boost::container::small_vector<struct wLeadDescription, 16, class ed::allocator<struct wLeadDescription>, void> const &",False,False,False,False,False,False,True
1413,1412,0x584,?set@wBlockWireSerializerDescriptor@@QEAAXAEBV?$small_vector@UwLeadDescription@@$0BA@V?$allocator@UwLeadDescription@@@ed@@X@container@boost@@@Z,"public: void __cdecl wBlockWireSerializerDescriptor::set(class boost::container::small_vector<struct wLeadDescription, 16, class ed::allocator<struct wLeadDescription>, void> const &)",method,,wBlockWireSerializerDescriptor,set,"class boost::container::small_vector<struct wLeadDescription, 16, class ed::allocator<struct wLeadDescription>, void> const &",False,False,False,False,False,False,True
1414,1413,0x585,?set@wBlockWireToPortDescriptor@@QEAAXAEBV?$small_vector@UwLeadDescription@@$0BA@V?$allocator@UwLeadDescription@@@ed@@X@container@boost@@@Z,"public: void __cdecl wBlockWireToPortDescriptor::set(class boost::container::small_vector<struct wLeadDescription, 16, class ed::allocator<struct wLeadDescription>, void> const &)",method,,wBlockWireToPortDescriptor,set,"class boost::container::small_vector<struct wLeadDescription, 16, class ed::allocator<struct wLeadDescription>, void> const &",False,False,False,False,False,False,True
1415,1414,0x586,?setBlockStateDataByPtr@wSimulationBlockDisc@@UEAAHPEBE@Z,public: virtual int __cdecl wSimulationBlockDisc::setBlockStateDataByPtr(unsigned char const *),method,,wSimulationBlockDisc,setBlockStateDataByPtr,unsigned char const *,False,False,True,False,False,False,True
1416,1415,0x587,?setDirty_@wSimulationSystem@@IEAAXAEBV?$vector@HV?$allocator@H@ed@@@ed@@@Z,"protected: void __cdecl wSimulationSystem::setDirty_(class ed::vector<int, class ed::allocator<int>> const &)",method,,wSimulationSystem,setDirty_,"class ed::vector<int, class ed::allocator<int>> const &",False,False,False,False,False,False,True
1417,1416,0x588,?setIndent@wSimulationLogger@@QEAAXH@Z,public: void __cdecl wSimulationLogger::setIndent(int),method,,wSimulationLogger,setIndent,int,False,False,False,False,False,False,True
1418,1417,0x589,?setInputPorts@wBlockLuaDescriptor@@QEAAXAEBV?$small_vector@UwLeadDescription@@$0BA@V?$allocator@UwLeadDescription@@@ed@@X@container@boost@@@Z,"public: void __cdecl wBlockLuaDescriptor::setInputPorts(class boost::container::small_vector<struct wLeadDescription, 16, class ed::allocator<struct wLeadDescription>, void> const &)",method,,wBlockLuaDescriptor,setInputPorts,"class boost::container::small_vector<struct wLeadDescription, 16, class ed::allocator<struct wLeadDescription>, void> const &",False,False,False,False,False,False,True
1419,1418,0x58A,?setInputWireOffsets@wSimulationBlockDescriptor@@QEAAXPEAH@Z,public: void __cdecl wSimulationBlockDescriptor::setInputWireOffsets(int *),method,,wSimulationBlockDescriptor,setInputWireOffsets,int *,False,False,False,False,False,False,True
1420,1419,0x58B,?setInputs@wBlockLuaDescriptor@@QEAAXAEBV?$small_vector@UwLeadDescription@@$0BA@V?$allocator@UwLeadDescription@@@ed@@X@container@boost@@@Z,"public: void __cdecl wBlockLuaDescriptor::setInputs(class boost::container::small_vector<struct wLeadDescription, 16, class ed::allocator<struct wLeadDescription>, void> const &)",method,,wBlockLuaDescriptor,setInputs,"class boost::container::small_vector<struct wLeadDescription, 16, class ed::allocator<struct wLeadDescription>, void> const &",False,False,False,False,False,False,True
1421,1420,0x58C,?setInputs@wBlockOscilloscopeDescriptor@@QEAAXAEBV?$small_vector@UwLeadDescription@@$0BA@V?$allocator@UwLeadDescription@@@ed@@X@container@boost@@@Z,"public: void __cdecl wBlockOscilloscopeDescriptor::setInputs(class boost::container::small_vector<struct wLeadDescription, 16, class ed::allocator<struct wLeadDescription>, void> const &)",method,,wBlockOscilloscopeDescriptor,setInputs,"class boost::container::small_vector<struct wLeadDescription, 16, class ed::allocator<struct wLeadDescription>, void> const &",False,False,False,False,False,False,True
1422,1421,0x58D,?setLevel@wSimulationLogger@@QEAAXW4weSimulationLogLevel@@@Z,public: void __cdecl wSimulationLogger::setLevel(enum weSimulationLogLevel),method,,wSimulationLogger,setLevel,enum weSimulationLogLevel,False,False,False,False,False,False,True
1423,1422,0x58E,?setName@wSimulationBlockDescriptor@@QEAAXAEBV?$basic_string@D@ed@@@Z,public: void __cdecl wSimulationBlockDescriptor::setName(class ed::basic_string<char> const &),method,,wSimulationBlockDescriptor,setName,class ed::basic_string<char> const &,False,False,False,False,False,False,True
1424,1423,0x58F,?setOdeSolverDescriptor@wSimulationSystemScheme@@QEAAXPEAVwOdeSolverDescriptor@@@Z,public: void __cdecl wSimulationSystemScheme::setOdeSolverDescriptor(class wOdeSolverDescriptor *),method,,wSimulationSystemScheme,setOdeSolverDescriptor,class wOdeSolverDescriptor *,False,False,False,False,False,False,True
1425,1424,0x590,?setOutPorts@wBlockLuaDescriptor@@QEAAXAEBV?$small_vector@UwLeadDescription@@$0BA@V?$allocator@UwLeadDescription@@@ed@@X@container@boost@@@Z,"public: void __cdecl wBlockLuaDescriptor::setOutPorts(class boost::container::small_vector<struct wLeadDescription, 16, class ed::allocator<struct wLeadDescription>, void> const &)",method,,wBlockLuaDescriptor,setOutPorts,"class boost::container::small_vector<struct wLeadDescription, 16, class ed::allocator<struct wLeadDescription>, void> const &",False,False,False,False,False,False,True
1426,1425,0x591,?setOutputWireOffsets@wSimulationBlockDescriptor@@QEAAXPEAH@Z,public: void __cdecl wSimulationBlockDescriptor::setOutputWireOffsets(int *),method,,wSimulationBlockDescriptor,setOutputWireOffsets,int *,False,False,False,False,False,False,True
1427,1426,0x592,?setOutputs@wBlockLuaDescriptor@@QEAAXAEBV?$small_vector@UwLeadDescription@@$0BA@V?$allocator@UwLeadDescription@@@ed@@X@container@boost@@@Z,"public: void __cdecl wBlockLuaDescriptor::setOutputs(class boost::container::small_vector<struct wLeadDescription, 16, class ed::allocator<struct wLeadDescription>, void> const &)",method,,wBlockLuaDescriptor,setOutputs,"class boost::container::small_vector<struct wLeadDescription, 16, class ed::allocator<struct wLeadDescription>, void> const &",False,False,False,False,False,False,True
1428,1427,0x593,?setParameters@wBlockConstantsDescriptor@@QEAAXAEBV?$vector@VwBlockParameterContainer@@V?$allocator@VwBlockParameterContainer@@@ed@@@ed@@@Z,"public: void __cdecl wBlockConstantsDescriptor::setParameters(class ed::vector<class wBlockParameterContainer, class ed::allocator<class wBlockParameterContainer>> const &)",method,,wBlockConstantsDescriptor,setParameters,"class ed::vector<class wBlockParameterContainer, class ed::allocator<class wBlockParameterContainer>> const &",False,False,False,False,False,False,True
1429,1428,0x594,?setParameters@wBlockLuaDescriptor@@QEAAXAEBV?$vector@VwBlockParameterContainer@@V?$allocator@VwBlockParameterContainer@@@ed@@@ed@@@Z,"public: void __cdecl wBlockLuaDescriptor::setParameters(class ed::vector<class wBlockParameterContainer, class ed::allocator<class wBlockParameterContainer>> const &)",method,,wBlockLuaDescriptor,setParameters,"class ed::vector<class wBlockParameterContainer, class ed::allocator<class wBlockParameterContainer>> const &",False,False,False,False,False,False,True
1430,1429,0x595,?setParameters@wBlockSubsystemDescriptor@@QEAAXAEBV?$vector@VwBlockParameterContainer@@V?$allocator@VwBlockParameterContainer@@@ed@@@ed@@@Z,"public: void __cdecl wBlockSubsystemDescriptor::setParameters(class ed::vector<class wBlockParameterContainer, class ed::allocator<class wBlockParameterContainer>> const &)",method,,wBlockSubsystemDescriptor,setParameters,"class ed::vector<class wBlockParameterContainer, class ed::allocator<class wBlockParameterContainer>> const &",False,False,False,False,False,False,True
1431,1430,0x596,?setScheme@wSimulationBlockDescriptor@@QEAAXPEAVwSimulationSystemScheme@@@Z,public: void __cdecl wSimulationBlockDescriptor::setScheme(class wSimulationSystemScheme *),method,,wSimulationBlockDescriptor,setScheme,class wSimulationSystemScheme *,False,False,False,False,False,False,True
1432,1431,0x597,?setSchemeQueueTime@wSimulationSystem@@QEAAXN@Z,public: void __cdecl wSimulationSystem::setSchemeQueueTime(double),method,,wSimulationSystem,setSchemeQueueTime,double,False,False,False,False,False,False,True
1433,1432,0x598,?setSchemeStateData@wSimulationSystem@@QEAAXPEBV?$vector@EV?$allocator@E@ed@@@ed@@@Z,"public: void __cdecl wSimulationSystem::setSchemeStateData(class ed::vector<unsigned char, class ed::allocator<unsigned char>> const *)",method,,wSimulationSystem,setSchemeStateData,"class ed::vector<unsigned char, class ed::allocator<unsigned char>> const *",False,False,False,False,False,False,True
1434,1433,0x599,?setSimSysDtMultiplier@wSimulationSystem@@QEAAXN@Z,public: void __cdecl wSimulationSystem::setSimSysDtMultiplier(double),method,,wSimulationSystem,setSimSysDtMultiplier,double,False,False,False,False,False,False,True
1435,1434,0x59A,?setStream@wSimulationLogger@@QEAAXPEAV?$basic_ostream@DU?$char_traits@D@std@@@std@@@Z,"public: void __cdecl wSimulationLogger::setStream(class std::basic_ostream<char, struct std::char_traits<char>> *)",method,,wSimulationLogger,setStream,"class std::basic_ostream<char, struct std::char_traits<char>> *",False,False,False,False,False,False,True
1436,1435,0x59B,?setValueToLeadData_@wBlockConstantsDescriptor@@IEAAXAEBVwBlockParameterContainer@@PEAE@Z,"protected: void __cdecl wBlockConstantsDescriptor::setValueToLeadData_(class wBlockParameterContainer const &, unsigned char *)",method,,wBlockConstantsDescriptor,setValueToLeadData_,"class wBlockParameterContainer const &, unsigned char *",False,False,False,False,False,False,True
1437,1436,0x59C,?simulate@wSimulationSystem@@QEAANN@Z,public: double __cdecl wSimulationSystem::simulate(double),method,,wSimulationSystem,simulate,double,False,False,False,False,False,False,True
1438,1437,0x59D,?sleepFor@wSimulationSystem@@QEAAXN@Z,public: void __cdecl wSimulationSystem::sleepFor(double),method,,wSimulationSystem,sleepFor,double,False,False,False,False,False,False,True
1439,1438,0x59E,?sortStateless_@wSimulationSystemScheme@@IEAAXXZ,protected: void __cdecl wSimulationSystemScheme::sortStateless_(void),method,,wSimulationSystemScheme,sortStateless_,void,False,False,False,False,False,False,True
1440,1439,0x59F,?str@?1??getBlockTypeName@InputOutputBlock@wSimulationSystemScheme@@UEBAAEBV?$basic_string@D@ed@@XZ@4V45@A,class ed::basic_string<char> `public: virtual class ed::basic_string<char> const & __cdecl wSimulationSystemScheme::InputOutputBlock::getBlockTypeName(void) const'::`2'::str,symbol,,,,,False,False,False,False,False,False,True
1441,1440,0x5A0,?str@?1??getBlockTypeName@SpecialCommandsBlock@wSimulationSystemScheme@@UEBAAEBV?$basic_string@D@ed@@XZ@4V45@A,class ed::basic_string<char> `public: virtual class ed::basic_string<char> const & __cdecl wSimulationSystemScheme::SpecialCommandsBlock::getBlockTypeName(void) const'::`2'::str,symbol,,,,,False,False,False,False,False,False,True
1442,1441,0x5A1,?str@?1??getClassName@InputOutputBlock@wSimulationSystemScheme@@UEBAAEBV?$basic_string@D@ed@@XZ@4V45@A,class ed::basic_string<char> `public: virtual class ed::basic_string<char> const & __cdecl wSimulationSystemScheme::InputOutputBlock::getClassName(void) const'::`2'::str,symbol,,,,,False,False,False,False,False,False,True
1443,1442,0x5A2,?str@?1??getClassName@SpecialCommandsBlock@wSimulationSystemScheme@@UEBAAEBV?$basic_string@D@ed@@XZ@4V45@A,class ed::basic_string<char> `public: virtual class ed::basic_string<char> const & __cdecl wSimulationSystemScheme::SpecialCommandsBlock::getClassName(void) const'::`2'::str,symbol,,,,,False,False,False,False,False,False,True
1444,1443,0x5A3,?update@?$wBlockI2O@HN@@UEAAXNPEAE@Z,"public: virtual void __cdecl wBlockI2O<int, double>::update(double, unsigned char *)",method,,double>,update,"double, unsigned char *",False,False,True,False,False,False,True
1445,1444,0x5A4,?update@?$wBlockI2O@H_N@@UEAAXNPEAE@Z,"public: virtual void __cdecl wBlockI2O<int, bool>::update(double, unsigned char *)",method,,bool>,update,"double, unsigned char *",False,False,True,False,False,False,True
1446,1445,0x5A5,?update@?$wBlockI2O@N_N@@UEAAXNPEAE@Z,"public: virtual void __cdecl wBlockI2O<double, bool>::update(double, unsigned char *)",method,,bool>,update,"double, unsigned char *",False,False,True,False,False,False,True
1447,1446,0x5A6,?update@?$wBlockI2O@_NH@@UEAAXNPEAE@Z,"public: virtual void __cdecl wBlockI2O<bool, int>::update(double, unsigned char *)",method,,int>,update,"double, unsigned char *",False,False,True,False,False,False,True
1448,1447,0x5A7,?update@?$wBlockI2O@_NN@@UEAAXNPEAE@Z,"public: virtual void __cdecl wBlockI2O<bool, double>::update(double, unsigned char *)",method,,double>,update,"double, unsigned char *",False,False,True,False,False,False,True
1449,1448,0x5A8,?update@?$wVectorPickerImpl@$00@@UEAAXNPEAE@Z,"public: virtual void __cdecl wVectorPickerImpl<1>::update(double, unsigned char *)",method,,wVectorPickerImpl<1>,update,"double, unsigned char *",False,False,True,False,False,False,True
1450,1449,0x5A9,?update@?$wVectorPickerImpl@$01@@UEAAXNPEAE@Z,"public: virtual void __cdecl wVectorPickerImpl<2>::update(double, unsigned char *)",method,,wVectorPickerImpl<2>,update,"double, unsigned char *",False,False,True,False,False,False,True
1451,1450,0x5AA,?update@?$wVectorPickerImpl@$0A@@@UEAAXNPEAE@Z,"public: virtual void __cdecl wVectorPickerImpl<0>::update(double, unsigned char *)",method,,wVectorPickerImpl<0>,update,"double, unsigned char *",False,False,True,False,False,False,True
1452,1451,0x5AB,?update@wBlockSubsystemDescriptor@@QEAAXXZ,public: void __cdecl wBlockSubsystemDescriptor::update(void),method,,wBlockSubsystemDescriptor,update,void,False,False,False,False,False,False,True
1453,1452,0x5AC,?updateDirty_@wSimulationSystem@@IEAAXAEBV?$vector@HV?$allocator@H@ed@@@ed@@N@Z,"protected: void __cdecl wSimulationSystem::updateDirty_(class ed::vector<int, class ed::allocator<int>> const &, double)",method,,wSimulationSystem,updateDirty_,"class ed::vector<int, class ed::allocator<int>> const &, double",False,False,False,False,False,False,True
1454,1453,0x5AD,?updateWiresList_@wBlockConstantsDescriptor@@IEAAXXZ,protected: void __cdecl wBlockConstantsDescriptor::updateWiresList_(void),method,,wBlockConstantsDescriptor,updateWiresList_,void,False,False,False,False,False,False,True
1455,1454,0x5AE,?update_@wBlockMultiplexDescriptor@@IEBAXXZ,protected: void __cdecl wBlockMultiplexDescriptor::update_(void) const,method,,wBlockMultiplexDescriptor,update_,void,True,False,False,False,False,False,True
