ordinal,rva,rva_hex,name,demangled,symbol_type,namespace,class_name,function_name,parameters,const,static,virtual,is_vftable,is_vbtable,is_rtti,demangle_ok
1,0,0x0,??0?$wActivityGroupEnvelope@VwShellGroup@@VwShell@@@@QEAA@N@Z,"public: __cdecl wActivityGroupEnvelope<class wShellGroup, class wShell>::wActivityGroupEnvelope<class wShellGroup, class wShell>(double)",function,,,wShell>,double,False,False,False,False,False,False,True
2,1,0x1,??0CxInterpolator@@QEAA@NNNNN@Z,"public: __cdecl CxInterpolator::CxInterpolator(double, double, double, double, double)",method,,CxInterpolator,CxInterpolator,"double, double, double, double, double",False,False,False,False,False,False,True
3,2,0x2,??0CxInterpolator@@QEAA@PEBN@Z,public: __cdecl CxInterpolator::CxInterpolator(double const *),method,,CxInterpolator,CxInterpolator,double const *,False,False,False,False,False,False,True
4,3,0x3,??0CxInterpolator@@QEAA@XZ,public: __cdecl CxInterpolator::CxInterpolator(void),method,,CxInterpolator,CxInterpolator,void,False,False,False,False,False,False,True
5,4,0x4,??0FragmentationBlastHandler@FragmentationDamage@@QEAA@XZ,public: __cdecl FragmentationDamage::FragmentationBlastHandler::FragmentationBlastHandler(void),method,FragmentationDamage,FragmentationBlastHandler,FragmentationBlastHandler,void,False,False,False,False,False,False,True
6,5,0x5,??0LARBuilder@@QEAA@AEBV0@@Z,public: __cdecl LARBuilder::LARBuilder(class LARBuilder const &),method,,LARBuilder,LARBuilder,class LARBuilder const &,False,False,False,False,False,False,True
7,6,0x6,??0LARBuilder@@QEAA@XZ,public: __cdecl LARBuilder::LARBuilder(void),method,,LARBuilder,LARBuilder,void,False,False,False,False,False,False,True
8,7,0x7,??0TOFEstimator@@QEAA@XZ,public: __cdecl TOFEstimator::TOFEstimator(void),method,,TOFEstimator,TOFEstimator,void,False,False,False,False,False,False,True
9,8,0x8,??0WARBuilder@@QEAA@AEBV0@@Z,public: __cdecl WARBuilder::WARBuilder(class WARBuilder const &),method,,WARBuilder,WARBuilder,class WARBuilder const &,False,False,False,False,False,False,True
10,9,0x9,??0WARBuilder@@QEAA@XZ,public: __cdecl WARBuilder::WARBuilder(void),method,,WARBuilder,WARBuilder,void,False,False,False,False,False,False,True
11,10,0xA,??0wActivityGroup@@QEAA@N@Z,public: __cdecl wActivityGroup::wActivityGroup(double),method,,wActivityGroup,wActivityGroup,double,False,False,False,False,False,False,True
12,11,0xB,??0wActivityGroupMember@@QEAA@AEBV0@@Z,public: __cdecl wActivityGroupMember::wActivityGroupMember(class wActivityGroupMember const &),method,,wActivityGroupMember,wActivityGroupMember,class wActivityGroupMember const &,False,False,False,False,False,False,True
13,12,0xC,??0wActivityGroupMember@@QEAA@XZ,public: __cdecl wActivityGroupMember::wActivityGroupMember(void),method,,wActivityGroupMember,wActivityGroupMember,void,False,False,False,False,False,False,True
14,13,0xD,??0wAircraftGunMount@@QEAA@AEBV0@@Z,public: __cdecl wAircraftGunMount::wAircraftGunMount(class wAircraftGunMount const &),method,,wAircraftGunMount,wAircraftGunMount,class wAircraftGunMount const &,False,False,False,False,False,False,True
15,14,0xE,??0wAircraftGunMount@@QEAA@PEAVIwoLA@@CPEBVwAircraftGunMountDescriptor@@PEAVLoader@Lua@@@Z,"public: __cdecl wAircraftGunMount::wAircraftGunMount(class IwoLA *, signed char, class wAircraftGunMountDescriptor const *, class Lua::Loader *)",method,,wAircraftGunMount,wAircraftGunMount,"class IwoLA *, signed char, class wAircraftGunMountDescriptor const *, class Lua::Loader *",False,False,False,False,False,False,True
16,15,0xF,??0wAircraftGunMount@@QEAA@PEAVIwoLA@@PEAVIwoAIPilon@@CPEBVwAircraftGunMountDescriptor@@PEAVLoader@Lua@@@Z,"public: __cdecl wAircraftGunMount::wAircraftGunMount(class IwoLA *, class IwoAIPilon *, signed char, class wAircraftGunMountDescriptor const *, class Lua::Loader *)",method,,wAircraftGunMount,wAircraftGunMount,"class IwoLA *, class IwoAIPilon *, signed char, class wAircraftGunMountDescriptor const *, class Lua::Loader *",False,False,False,False,False,False,True
17,16,0x10,??0wAircraftGunMountDescriptor@@QEAA@AEBV0@@Z,public: __cdecl wAircraftGunMountDescriptor::wAircraftGunMountDescriptor(class wAircraftGunMountDescriptor const &),method,,wAircraftGunMountDescriptor,wAircraftGunMountDescriptor,class wAircraftGunMountDescriptor const &,False,False,False,False,False,False,True
18,17,0x11,??0wAircraftGunMountDescriptor@@QEAA@AEBV?$basic_string@D@ed@@@Z,public: __cdecl wAircraftGunMountDescriptor::wAircraftGunMountDescriptor(class ed::basic_string<char> const &),method,,wAircraftGunMountDescriptor,wAircraftGunMountDescriptor,class ed::basic_string<char> const &,False,False,False,False,False,False,True
19,18,0x12,??0wAircraftGunpodEquipmentDescriptor@@QEAA@AEBV?$basic_string@D@ed@@@Z,public: __cdecl wAircraftGunpodEquipmentDescriptor::wAircraftGunpodEquipmentDescriptor(class ed::basic_string<char> const &),method,,wAircraftGunpodEquipmentDescriptor,wAircraftGunpodEquipmentDescriptor,class ed::basic_string<char> const &,False,False,False,False,False,False,True
20,19,0x13,??0wAmmoSupply@@QEAA@AEBV0@@Z,public: __cdecl wAmmoSupply::wAmmoSupply(class wAmmoSupply const &),method,,wAmmoSupply,wAmmoSupply,class wAmmoSupply const &,False,False,False,False,False,False,True
21,20,0x14,??0wAmmoSupply@@QEAA@XZ,public: __cdecl wAmmoSupply::wAmmoSupply(void),method,,wAmmoSupply,wAmmoSupply,void,False,False,False,False,False,False,True
22,21,0x15,??0wAmmoSupplyDual@@QEAA@AEBV0@@Z,public: __cdecl wAmmoSupplyDual::wAmmoSupplyDual(class wAmmoSupplyDual const &),method,,wAmmoSupplyDual,wAmmoSupplyDual,class wAmmoSupplyDual const &,False,False,False,False,False,False,True
23,22,0x16,??0wAmmoSupplyDual@@QEAA@PEBVwAmmoSupplyDualDescriptor@@PEAVLoader@Lua@@@Z,"public: __cdecl wAmmoSupplyDual::wAmmoSupplyDual(class wAmmoSupplyDualDescriptor const *, class Lua::Loader *)",method,,wAmmoSupplyDual,wAmmoSupplyDual,"class wAmmoSupplyDualDescriptor const *, class Lua::Loader *",False,False,False,False,False,False,True
24,23,0x17,??0wAmmunition@@QEAA@XZ,public: __cdecl wAmmunition::wAmmunition(void),method,,wAmmunition,wAmmunition,void,False,False,False,False,False,False,True
25,24,0x18,??0wAmmunitionDescriptor@@QEAA@AEBV0@@Z,public: __cdecl wAmmunitionDescriptor::wAmmunitionDescriptor(class wAmmunitionDescriptor const &),method,,wAmmunitionDescriptor,wAmmunitionDescriptor,class wAmmunitionDescriptor const &,False,False,False,False,False,False,True
26,25,0x19,??0wAmmunitionDescriptor@@QEAA@AEBV?$basic_string@D@ed@@@Z,public: __cdecl wAmmunitionDescriptor::wAmmunitionDescriptor(class ed::basic_string<char> const &),method,,wAmmunitionDescriptor,wAmmunitionDescriptor,class ed::basic_string<char> const &,False,False,False,False,False,False,True
27,26,0x1A,??0wAmmunition_viHeavyObject@@QEAA@XZ,public: __cdecl wAmmunition_viHeavyObject::wAmmunition_viHeavyObject(void),method,,wAmmunition_viHeavyObject,wAmmunition_viHeavyObject,void,False,False,False,False,False,False,True
28,27,0x1B,??0wBombSight@@QEAA@XZ,public: __cdecl wBombSight::wBombSight(void),method,,wBombSight,wBombSight,void,False,False,False,False,False,False,True
29,28,0x1C,??0wBombSightAdv@@QEAA@XZ,public: __cdecl wBombSightAdv::wBombSightAdv(void),method,,wBombSightAdv,wBombSightAdv,void,False,False,False,False,False,False,True
30,29,0x1D,??0wBombSightDataDescriptor@@QEAA@$$QEAV0@@Z,public: __cdecl wBombSightDataDescriptor::wBombSightDataDescriptor(class wBombSightDataDescriptor &&),method,,wBombSightDataDescriptor,wBombSightDataDescriptor,class wBombSightDataDescriptor &&,False,False,False,False,False,False,True
31,30,0x1E,??0wBombSightDataDescriptor@@QEAA@AEBV0@@Z,public: __cdecl wBombSightDataDescriptor::wBombSightDataDescriptor(class wBombSightDataDescriptor const &),method,,wBombSightDataDescriptor,wBombSightDataDescriptor,class wBombSightDataDescriptor const &,False,False,False,False,False,False,True
32,31,0x1F,??0wBombSightDataDescriptor@@QEAA@AEBV?$basic_string@D@ed@@@Z,public: __cdecl wBombSightDataDescriptor::wBombSightDataDescriptor(class ed::basic_string<char> const &),method,,wBombSightDataDescriptor,wBombSightDataDescriptor,class ed::basic_string<char> const &,False,False,False,False,False,False,True
33,32,0x20,??0wDatabase@@QEAA@XZ,public: __cdecl wDatabase::wDatabase(void),method,,wDatabase,wDatabase,void,False,False,False,False,False,False,True
34,33,0x21,??0wDatabaseLoader@@QEAA@PEAVwDatabase@@PEAUlua_State@@@Z,"public: __cdecl wDatabaseLoader::wDatabaseLoader(class wDatabase *, struct lua_State *)",method,,wDatabaseLoader,wDatabaseLoader,"class wDatabase *, struct lua_State *",False,False,False,False,False,False,True
35,34,0x22,??0wDescriptorFactory@@AEAA@XZ,private: __cdecl wDescriptorFactory::wDescriptorFactory(void),method,,wDescriptorFactory,wDescriptorFactory,void,False,False,False,False,False,False,True
36,35,0x23,??0wDescriptorFactory@@QEAA@AEBV0@@Z,public: __cdecl wDescriptorFactory::wDescriptorFactory(class wDescriptorFactory const &),method,,wDescriptorFactory,wDescriptorFactory,class wDescriptorFactory const &,False,False,False,False,False,False,True
37,36,0x24,??0wGun@weapons_gun@@QEAA@AEBV01@@Z,public: __cdecl weapons_gun::wGun::wGun(class weapons_gun::wGun const &),method,weapons_gun,wGun,wGun,class weapons_gun::wGun const &,False,False,False,False,False,False,True
38,37,0x25,??0wGun@weapons_gun@@QEAA@AEBVwGunDescriptor@1@PEAVwIGunCarriage@@PEAVwAmmoSupply@@_N@Z,"public: __cdecl weapons_gun::wGun::wGun(class weapons_gun::wGunDescriptor const &, class wIGunCarriage *, class wAmmoSupply *, bool)",method,weapons_gun,wGun,wGun,"class weapons_gun::wGunDescriptor const &, class wIGunCarriage *, class wAmmoSupply *, bool",False,False,False,False,False,False,True
39,38,0x26,??0wGunDescriptor@weapons_gun@@QEAA@AEBV01@@Z,public: __cdecl weapons_gun::wGunDescriptor::wGunDescriptor(class weapons_gun::wGunDescriptor const &),method,weapons_gun,wGunDescriptor,wGunDescriptor,class weapons_gun::wGunDescriptor const &,False,False,False,False,False,False,True
40,39,0x27,??0wGunDescriptor@weapons_gun@@QEAA@AEBV?$basic_string@D@ed@@@Z,public: __cdecl weapons_gun::wGunDescriptor::wGunDescriptor(class ed::basic_string<char> const &),method,weapons_gun,wGunDescriptor,wGunDescriptor,class ed::basic_string<char> const &,False,False,False,False,False,False,True
41,40,0x28,??0wLAGunCarriage@@QEAA@$$QEAV0@@Z,public: __cdecl wLAGunCarriage::wLAGunCarriage(class wLAGunCarriage &&),method,,wLAGunCarriage,wLAGunCarriage,class wLAGunCarriage &&,False,False,False,False,False,False,True
42,41,0x29,??0wLAGunCarriage@@QEAA@AEBV0@@Z,public: __cdecl wLAGunCarriage::wLAGunCarriage(class wLAGunCarriage const &),method,,wLAGunCarriage,wLAGunCarriage,class wLAGunCarriage const &,False,False,False,False,False,False,True
43,42,0x2A,??0wLAGunCarriage@@QEAA@PEAVIwoLA@@C@Z,"public: __cdecl wLAGunCarriage::wLAGunCarriage(class IwoLA *, signed char)",method,,wLAGunCarriage,wLAGunCarriage,"class IwoLA *, signed char",False,False,False,False,False,False,True
44,43,0x2B,??0wLAGunpodCarriage@@QEAA@$$QEAV0@@Z,public: __cdecl wLAGunpodCarriage::wLAGunpodCarriage(class wLAGunpodCarriage &&),method,,wLAGunpodCarriage,wLAGunpodCarriage,class wLAGunpodCarriage &&,False,False,False,False,False,False,True
45,44,0x2C,??0wLAGunpodCarriage@@QEAA@AEBV0@@Z,public: __cdecl wLAGunpodCarriage::wLAGunpodCarriage(class wLAGunpodCarriage const &),method,,wLAGunpodCarriage,wLAGunpodCarriage,class wLAGunpodCarriage const &,False,False,False,False,False,False,True
46,45,0x2D,??0wLAGunpodCarriage@@QEAA@PEAVIwoLA@@PEAVIwoAIPilon@@C@Z,"public: __cdecl wLAGunpodCarriage::wLAGunpodCarriage(class IwoLA *, class IwoAIPilon *, signed char)",method,,wLAGunpodCarriage,wLAGunpodCarriage,"class IwoLA *, class IwoAIPilon *, signed char",False,False,False,False,False,False,True
47,46,0x2E,??0wMovingObjectProxy@@QEAA@XZ,public: __cdecl wMovingObjectProxy::wMovingObjectProxy(void),method,,wMovingObjectProxy,wMovingObjectProxy,void,False,False,False,False,False,False,True
48,47,0x2F,??0wNURSSight@@QEAA@AEBV0@@Z,public: __cdecl wNURSSight::wNURSSight(class wNURSSight const &),method,,wNURSSight,wNURSSight,class wNURSSight const &,False,False,False,False,False,False,True
49,48,0x30,??0wNURSSight@@QEAA@XZ,public: __cdecl wNURSSight::wNURSSight(void),method,,wNURSSight,wNURSSight,void,False,False,False,False,False,False,True
50,49,0x31,??0wNURSSightV2@@QEAA@AEBV0@@Z,public: __cdecl wNURSSightV2::wNURSSightV2(class wNURSSightV2 const &),method,,wNURSSightV2,wNURSSightV2,class wNURSSightV2 const &,False,False,False,False,False,False,True
51,50,0x32,??0wNURSSightV2@@QEAA@XZ,public: __cdecl wNURSSightV2::wNURSSightV2(void),method,,wNURSSightV2,wNURSSightV2,void,False,False,False,False,False,False,True
52,51,0x33,??0wRocketSight@@QEAA@AEBV0@@Z,public: __cdecl wRocketSight::wRocketSight(class wRocketSight const &),method,,wRocketSight,wRocketSight,class wRocketSight const &,False,False,False,False,False,False,True
53,52,0x34,??0wRocketSight@@QEAA@XZ,public: __cdecl wRocketSight::wRocketSight(void),method,,wRocketSight,wRocketSight,void,False,False,False,False,False,False,True
54,53,0x35,??0wRocketSightDataDescriptor@@QEAA@$$QEAV0@@Z,public: __cdecl wRocketSightDataDescriptor::wRocketSightDataDescriptor(class wRocketSightDataDescriptor &&),method,,wRocketSightDataDescriptor,wRocketSightDataDescriptor,class wRocketSightDataDescriptor &&,False,False,False,False,False,False,True
55,54,0x36,??0wRocketSightDataDescriptor@@QEAA@AEBV0@@Z,public: __cdecl wRocketSightDataDescriptor::wRocketSightDataDescriptor(class wRocketSightDataDescriptor const &),method,,wRocketSightDataDescriptor,wRocketSightDataDescriptor,class wRocketSightDataDescriptor const &,False,False,False,False,False,False,True
56,55,0x37,??0wRocketSightDataDescriptor@@QEAA@AEBV?$basic_string@D@ed@@@Z,public: __cdecl wRocketSightDataDescriptor::wRocketSightDataDescriptor(class ed::basic_string<char> const &),method,,wRocketSightDataDescriptor,wRocketSightDataDescriptor,class ed::basic_string<char> const &,False,False,False,False,False,False,True
57,56,0x38,??0wShell@@QEAA@XZ,public: __cdecl wShell::wShell(void),method,,wShell,wShell,void,False,False,False,False,False,False,True
58,57,0x39,??0wShellAimingTableDescriptor@@QEAA@$$QEAV0@@Z,public: __cdecl wShellAimingTableDescriptor::wShellAimingTableDescriptor(class wShellAimingTableDescriptor &&),method,,wShellAimingTableDescriptor,wShellAimingTableDescriptor,class wShellAimingTableDescriptor &&,False,False,False,False,False,False,True
59,58,0x3A,??0wShellAimingTableDescriptor@@QEAA@AEBV0@@Z,public: __cdecl wShellAimingTableDescriptor::wShellAimingTableDescriptor(class wShellAimingTableDescriptor const &),method,,wShellAimingTableDescriptor,wShellAimingTableDescriptor,class wShellAimingTableDescriptor const &,False,False,False,False,False,False,True
60,59,0x3B,??0wShellAimingTableDescriptor@@QEAA@AEBV?$basic_string@D@ed@@@Z,public: __cdecl wShellAimingTableDescriptor::wShellAimingTableDescriptor(class ed::basic_string<char> const &),method,,wShellAimingTableDescriptor,wShellAimingTableDescriptor,class ed::basic_string<char> const &,False,False,False,False,False,False,True
61,60,0x3C,??0wShellDescriptor@@QEAA@$$QEAV0@@Z,public: __cdecl wShellDescriptor::wShellDescriptor(class wShellDescriptor &&),method,,wShellDescriptor,wShellDescriptor,class wShellDescriptor &&,False,False,False,False,False,False,True
62,61,0x3D,??0wShellDescriptor@@QEAA@AEBV0@@Z,public: __cdecl wShellDescriptor::wShellDescriptor(class wShellDescriptor const &),method,,wShellDescriptor,wShellDescriptor,class wShellDescriptor const &,False,False,False,False,False,False,True
63,62,0x3E,??0wShellDescriptor@@QEAA@AEBV?$basic_string@D@ed@@@Z,public: __cdecl wShellDescriptor::wShellDescriptor(class ed::basic_string<char> const &),method,,wShellDescriptor,wShellDescriptor,class ed::basic_string<char> const &,False,False,False,False,False,False,True
64,63,0x3F,??0wShellExplosionListener@@QEAA@$$QEAV0@@Z,public: __cdecl wShellExplosionListener::wShellExplosionListener(class wShellExplosionListener &&),method,,wShellExplosionListener,wShellExplosionListener,class wShellExplosionListener &&,False,False,False,False,False,False,True
65,64,0x40,??0wShellExplosionListener@@QEAA@AEBV0@@Z,public: __cdecl wShellExplosionListener::wShellExplosionListener(class wShellExplosionListener const &),method,,wShellExplosionListener,wShellExplosionListener,class wShellExplosionListener const &,False,False,False,False,False,False,True
66,65,0x41,??0wShellExplosionListener@@QEAA@XZ,public: __cdecl wShellExplosionListener::wShellExplosionListener(void),method,,wShellExplosionListener,wShellExplosionListener,void,False,False,False,False,False,False,True
67,66,0x42,??0wShellGroup@@QEAA@N@Z,public: __cdecl wShellGroup::wShellGroup(double),method,,wShellGroup,wShellGroup,double,False,False,False,False,False,False,True
68,67,0x43,??0wShellGroup@@QEAA@NPEAVwShellExplosionListener@@@Z,"public: __cdecl wShellGroup::wShellGroup(double, class wShellExplosionListener *)",method,,wShellGroup,wShellGroup,"double, class wShellExplosionListener *",False,False,False,False,False,False,True
69,68,0x44,??0wWorldCollider@@QEAA@XZ,public: __cdecl wWorldCollider::wWorldCollider(void),method,,wWorldCollider,wWorldCollider,void,False,False,False,False,False,False,True
70,69,0x45,??1?$wActivityGroupEnvelope@VwShellGroup@@VwShell@@@@UEAA@XZ,"public: virtual __cdecl wActivityGroupEnvelope<class wShellGroup, class wShell>::~wActivityGroupEnvelope<class wShellGroup, class wShell>(void)",function,,,wShell>,void,False,False,True,False,False,False,True
71,70,0x46,??1CxInterpolator@@QEAA@XZ,public: __cdecl CxInterpolator::~CxInterpolator(void),method,,CxInterpolator,~CxInterpolator,void,False,False,False,False,False,False,True
72,71,0x47,??1FragmentationBlastHandler@FragmentationDamage@@QEAA@XZ,public: __cdecl FragmentationDamage::FragmentationBlastHandler::~FragmentationBlastHandler(void),method,FragmentationDamage,FragmentationBlastHandler,~FragmentationBlastHandler,void,False,False,False,False,False,False,True
73,72,0x48,??1LARBuilder@@QEAA@XZ,public: __cdecl LARBuilder::~LARBuilder(void),method,,LARBuilder,~LARBuilder,void,False,False,False,False,False,False,True
74,73,0x49,??1TOFEstimator@@QEAA@XZ,public: __cdecl TOFEstimator::~TOFEstimator(void),method,,TOFEstimator,~TOFEstimator,void,False,False,False,False,False,False,True
75,74,0x4A,??1WARBuilder@@QEAA@XZ,public: __cdecl WARBuilder::~WARBuilder(void),method,,WARBuilder,~WARBuilder,void,False,False,False,False,False,False,True
76,75,0x4B,??1wActivityGroup@@UEAA@XZ,public: virtual __cdecl wActivityGroup::~wActivityGroup(void),method,,wActivityGroup,~wActivityGroup,void,False,False,True,False,False,False,True
77,76,0x4C,??1wActivityGroupMember@@UEAA@XZ,public: virtual __cdecl wActivityGroupMember::~wActivityGroupMember(void),method,,wActivityGroupMember,~wActivityGroupMember,void,False,False,True,False,False,False,True
78,77,0x4D,??1wAircraftGunMount@@QEAA@XZ,public: __cdecl wAircraftGunMount::~wAircraftGunMount(void),method,,wAircraftGunMount,~wAircraftGunMount,void,False,False,False,False,False,False,True
79,78,0x4E,??1wAircraftGunMountDescriptor@@UEAA@XZ,public: virtual __cdecl wAircraftGunMountDescriptor::~wAircraftGunMountDescriptor(void),method,,wAircraftGunMountDescriptor,~wAircraftGunMountDescriptor,void,False,False,True,False,False,False,True
80,79,0x4F,??1wAmmoSupply@@UEAA@XZ,public: virtual __cdecl wAmmoSupply::~wAmmoSupply(void),method,,wAmmoSupply,~wAmmoSupply,void,False,False,True,False,False,False,True
81,80,0x50,??1wAmmoSupplyDual@@UEAA@XZ,public: virtual __cdecl wAmmoSupplyDual::~wAmmoSupplyDual(void),method,,wAmmoSupplyDual,~wAmmoSupplyDual,void,False,False,True,False,False,False,True
82,81,0x51,??1wAmmunition@@UEAA@XZ,public: virtual __cdecl wAmmunition::~wAmmunition(void),method,,wAmmunition,~wAmmunition,void,False,False,True,False,False,False,True
83,82,0x52,??1wAmmunitionDescriptor@@UEAA@XZ,public: virtual __cdecl wAmmunitionDescriptor::~wAmmunitionDescriptor(void),method,,wAmmunitionDescriptor,~wAmmunitionDescriptor,void,False,False,True,False,False,False,True
84,83,0x53,??1wAmmunition_viHeavyObject@@UEAA@XZ,public: virtual __cdecl wAmmunition_viHeavyObject::~wAmmunition_viHeavyObject(void),method,,wAmmunition_viHeavyObject,~wAmmunition_viHeavyObject,void,False,False,True,False,False,False,True
85,84,0x54,??1wBombSight@@QEAA@XZ,public: __cdecl wBombSight::~wBombSight(void),method,,wBombSight,~wBombSight,void,False,False,False,False,False,False,True
86,85,0x55,??1wBombSightAdv@@QEAA@XZ,public: __cdecl wBombSightAdv::~wBombSightAdv(void),method,,wBombSightAdv,~wBombSightAdv,void,False,False,False,False,False,False,True
87,86,0x56,??1wBombSightDataDescriptor@@UEAA@XZ,public: virtual __cdecl wBombSightDataDescriptor::~wBombSightDataDescriptor(void),method,,wBombSightDataDescriptor,~wBombSightDataDescriptor,void,False,False,True,False,False,False,True
88,87,0x57,??1wDatabase@@QEAA@XZ,public: __cdecl wDatabase::~wDatabase(void),method,,wDatabase,~wDatabase,void,False,False,False,False,False,False,True
89,88,0x58,??1wDatabaseLoader@@UEAA@XZ,public: virtual __cdecl wDatabaseLoader::~wDatabaseLoader(void),method,,wDatabaseLoader,~wDatabaseLoader,void,False,False,True,False,False,False,True
90,89,0x59,??1wDescriptorFactory@@AEAA@XZ,private: __cdecl wDescriptorFactory::~wDescriptorFactory(void),method,,wDescriptorFactory,~wDescriptorFactory,void,False,False,False,False,False,False,True
91,90,0x5A,??1wGun@weapons_gun@@UEAA@XZ,public: virtual __cdecl weapons_gun::wGun::~wGun(void),method,weapons_gun,wGun,~wGun,void,False,False,True,False,False,False,True
92,91,0x5B,??1wGunDescriptor@weapons_gun@@UEAA@XZ,public: virtual __cdecl weapons_gun::wGunDescriptor::~wGunDescriptor(void),method,weapons_gun,wGunDescriptor,~wGunDescriptor,void,False,False,True,False,False,False,True
93,92,0x5C,??1wLAGunCarriage@@UEAA@XZ,public: virtual __cdecl wLAGunCarriage::~wLAGunCarriage(void),method,,wLAGunCarriage,~wLAGunCarriage,void,False,False,True,False,False,False,True
94,93,0x5D,??1wLAGunpodCarriage@@UEAA@XZ,public: virtual __cdecl wLAGunpodCarriage::~wLAGunpodCarriage(void),method,,wLAGunpodCarriage,~wLAGunpodCarriage,void,False,False,True,False,False,False,True
95,94,0x5E,??1wMovingObjectProxy@@UEAA@XZ,public: virtual __cdecl wMovingObjectProxy::~wMovingObjectProxy(void),method,,wMovingObjectProxy,~wMovingObjectProxy,void,False,False,True,False,False,False,True
96,95,0x5F,??1wNURSSight@@QEAA@XZ,public: __cdecl wNURSSight::~wNURSSight(void),method,,wNURSSight,~wNURSSight,void,False,False,False,False,False,False,True
97,96,0x60,??1wNURSSightV2@@QEAA@XZ,public: __cdecl wNURSSightV2::~wNURSSightV2(void),method,,wNURSSightV2,~wNURSSightV2,void,False,False,False,False,False,False,True
98,97,0x61,??1wRocketSight@@QEAA@XZ,public: __cdecl wRocketSight::~wRocketSight(void),method,,wRocketSight,~wRocketSight,void,False,False,False,False,False,False,True
99,98,0x62,??1wRocketSightDataDescriptor@@UEAA@XZ,public: virtual __cdecl wRocketSightDataDescriptor::~wRocketSightDataDescriptor(void),method,,wRocketSightDataDescriptor,~wRocketSightDataDescriptor,void,False,False,True,False,False,False,True
100,99,0x63,??1wShell@@UEAA@XZ,public: virtual __cdecl wShell::~wShell(void),method,,wShell,~wShell,void,False,False,True,False,False,False,True
101,100,0x64,??1wShellAimingTableDescriptor@@UEAA@XZ,public: virtual __cdecl wShellAimingTableDescriptor::~wShellAimingTableDescriptor(void),method,,wShellAimingTableDescriptor,~wShellAimingTableDescriptor,void,False,False,True,False,False,False,True
102,101,0x65,??1wShellDescriptor@@UEAA@XZ,public: virtual __cdecl wShellDescriptor::~wShellDescriptor(void),method,,wShellDescriptor,~wShellDescriptor,void,False,False,True,False,False,False,True
103,102,0x66,??1wShellGroup@@UEAA@XZ,public: virtual __cdecl wShellGroup::~wShellGroup(void),method,,wShellGroup,~wShellGroup,void,False,False,True,False,False,False,True
104,103,0x67,??1wWorldCollider@@QEAA@XZ,public: __cdecl wWorldCollider::~wWorldCollider(void),method,,wWorldCollider,~wWorldCollider,void,False,False,False,False,False,False,True
105,104,0x68,??4CxInterpolator@@QEAAAEAV0@AEBV0@@Z,public: class CxInterpolator & __cdecl CxInterpolator::operator=(class CxInterpolator const &),symbol,,,,,False,False,False,False,False,False,True
106,105,0x69,??4LARBuilder@@QEAAAEAV0@AEBV0@@Z,public: class LARBuilder & __cdecl LARBuilder::operator=(class LARBuilder const &),symbol,,,,,False,False,False,False,False,False,True
107,106,0x6A,??4TOFEstimator@@QEAAAEAV0@AEBV0@@Z,public: class TOFEstimator & __cdecl TOFEstimator::operator=(class TOFEstimator const &),symbol,,,,,False,False,False,False,False,False,True
108,107,0x6B,??4wActivityGroupMember@@QEAAAEAV0@AEBV0@@Z,public: class wActivityGroupMember & __cdecl wActivityGroupMember::operator=(class wActivityGroupMember const &),symbol,,,,,False,False,False,False,False,False,True
109,108,0x6C,??4wAircraftGunMount@@QEAAAEAV0@AEBV0@@Z,public: class wAircraftGunMount & __cdecl wAircraftGunMount::operator=(class wAircraftGunMount const &),symbol,,,,,False,False,False,False,False,False,True
110,109,0x6D,??4wAircraftGunMountDescriptor@@QEAAAEAV0@AEBV0@@Z,public: class wAircraftGunMountDescriptor & __cdecl wAircraftGunMountDescriptor::operator=(class wAircraftGunMountDescriptor const &),symbol,,,,,False,False,False,False,False,False,True
111,110,0x6E,??4wAmmoSupply@@QEAAAEAV0@AEBV0@@Z,public: class wAmmoSupply & __cdecl wAmmoSupply::operator=(class wAmmoSupply const &),symbol,,,,,False,False,False,False,False,False,True
112,111,0x6F,??4wAmmoSupplyDual@@QEAAAEAV0@AEBV0@@Z,public: class wAmmoSupplyDual & __cdecl wAmmoSupplyDual::operator=(class wAmmoSupplyDual const &),symbol,,,,,False,False,False,False,False,False,True
113,112,0x70,??4wAmmunitionDescriptor@@QEAAAEAV0@AEBV0@@Z,public: class wAmmunitionDescriptor & __cdecl wAmmunitionDescriptor::operator=(class wAmmunitionDescriptor const &),symbol,,,,,False,False,False,False,False,False,True
114,113,0x71,??4wBombSight@@QEAAAEAV0@AEBV0@@Z,public: class wBombSight & __cdecl wBombSight::operator=(class wBombSight const &),symbol,,,,,False,False,False,False,False,False,True
115,114,0x72,??4wBombSightAdv@@QEAAAEAV0@AEBV0@@Z,public: class wBombSightAdv & __cdecl wBombSightAdv::operator=(class wBombSightAdv const &),symbol,,,,,False,False,False,False,False,False,True
116,115,0x73,??4wBombSightDataDescriptor@@QEAAAEAV0@$$QEAV0@@Z,public: class wBombSightDataDescriptor & __cdecl wBombSightDataDescriptor::operator=(class wBombSightDataDescriptor &&),symbol,,,,,False,False,False,False,False,False,True
117,116,0x74,??4wBombSightDataDescriptor@@QEAAAEAV0@AEBV0@@Z,public: class wBombSightDataDescriptor & __cdecl wBombSightDataDescriptor::operator=(class wBombSightDataDescriptor const &),symbol,,,,,False,False,False,False,False,False,True
118,117,0x75,??4wDescriptorFactory@@QEAAAEAV0@AEBV0@@Z,public: class wDescriptorFactory & __cdecl wDescriptorFactory::operator=(class wDescriptorFactory const &),symbol,,,,,False,False,False,False,False,False,True
119,118,0x76,??4wGunDescriptor@weapons_gun@@QEAAAEAV01@AEBV01@@Z,public: class weapons_gun::wGunDescriptor & __cdecl weapons_gun::wGunDescriptor::operator=(class weapons_gun::wGunDescriptor const &),symbol,,,,,False,False,False,False,False,False,True
120,119,0x77,??4wLAGunCarriage@@QEAAAEAV0@$$QEAV0@@Z,public: class wLAGunCarriage & __cdecl wLAGunCarriage::operator=(class wLAGunCarriage &&),symbol,,,,,False,False,False,False,False,False,True
121,120,0x78,??4wLAGunCarriage@@QEAAAEAV0@AEBV0@@Z,public: class wLAGunCarriage & __cdecl wLAGunCarriage::operator=(class wLAGunCarriage const &),symbol,,,,,False,False,False,False,False,False,True
122,121,0x79,??4wLAGunpodCarriage@@QEAAAEAV0@$$QEAV0@@Z,public: class wLAGunpodCarriage & __cdecl wLAGunpodCarriage::operator=(class wLAGunpodCarriage &&),symbol,,,,,False,False,False,False,False,False,True
123,122,0x7A,??4wLAGunpodCarriage@@QEAAAEAV0@AEBV0@@Z,public: class wLAGunpodCarriage & __cdecl wLAGunpodCarriage::operator=(class wLAGunpodCarriage const &),symbol,,,,,False,False,False,False,False,False,True
124,123,0x7B,??4wNURSSight@@QEAAAEAV0@AEBV0@@Z,public: class wNURSSight & __cdecl wNURSSight::operator=(class wNURSSight const &),symbol,,,,,False,False,False,False,False,False,True
125,124,0x7C,??4wNURSSightV2@@QEAAAEAV0@AEBV0@@Z,public: class wNURSSightV2 & __cdecl wNURSSightV2::operator=(class wNURSSightV2 const &),symbol,,,,,False,False,False,False,False,False,True
126,125,0x7D,??4wRocketSight@@QEAAAEAV0@AEBV0@@Z,public: class wRocketSight & __cdecl wRocketSight::operator=(class wRocketSight const &),symbol,,,,,False,False,False,False,False,False,True
127,126,0x7E,??4wRocketSightDataDescriptor@@QEAAAEAV0@$$QEAV0@@Z,public: class wRocketSightDataDescriptor & __cdecl wRocketSightDataDescriptor::operator=(class wRocketSightDataDescriptor &&),symbol,,,,,False,False,False,False,False,False,True
128,127,0x7F,??4wRocketSightDataDescriptor@@QEAAAEAV0@AEBV0@@Z,public: class wRocketSightDataDescriptor & __cdecl wRocketSightDataDescriptor::operator=(class wRocketSightDataDescriptor const &),symbol,,,,,False,False,False,False,False,False,True
129,128,0x80,??4wShellAimingTableDescriptor@@QEAAAEAV0@$$QEAV0@@Z,public: class wShellAimingTableDescriptor & __cdecl wShellAimingTableDescriptor::operator=(class wShellAimingTableDescriptor &&),symbol,,,,,False,False,False,False,False,False,True
130,129,0x81,??4wShellAimingTableDescriptor@@QEAAAEAV0@AEBV0@@Z,public: class wShellAimingTableDescriptor & __cdecl wShellAimingTableDescriptor::operator=(class wShellAimingTableDescriptor const &),symbol,,,,,False,False,False,False,False,False,True
131,130,0x82,??4wShellDescriptor@@QEAAAEAV0@$$QEAV0@@Z,public: class wShellDescriptor & __cdecl wShellDescriptor::operator=(class wShellDescriptor &&),symbol,,,,,False,False,False,False,False,False,True
132,131,0x83,??4wShellDescriptor@@QEAAAEAV0@AEBV0@@Z,public: class wShellDescriptor & __cdecl wShellDescriptor::operator=(class wShellDescriptor const &),symbol,,,,,False,False,False,False,False,False,True
133,132,0x84,??4wShellExplosionListener@@QEAAAEAV0@$$QEAV0@@Z,public: class wShellExplosionListener & __cdecl wShellExplosionListener::operator=(class wShellExplosionListener &&),symbol,,,,,False,False,False,False,False,False,True
134,133,0x85,??4wShellExplosionListener@@QEAAAEAV0@AEBV0@@Z,public: class wShellExplosionListener & __cdecl wShellExplosionListener::operator=(class wShellExplosionListener const &),symbol,,,,,False,False,False,False,False,False,True
135,134,0x86,??4wWorldCollider@@QEAAAEAV0@AEBV0@@Z,public: class wWorldCollider & __cdecl wWorldCollider::operator=(class wWorldCollider const &),symbol,,,,,False,False,False,False,False,False,True
136,135,0x87,??5@YAAEAVStream@Mail@@AEAV01@AEAUGuidedWeaponNetMessage@@@Z,"class Mail::Stream & __cdecl operator>>(class Mail::Stream &, struct GuidedWeaponNetMessage &)",function,,,operator>>,"class Mail::Stream &, struct GuidedWeaponNetMessage &",False,False,False,False,False,False,True
137,136,0x88,??5Mail@@YAAEAVStream@0@AEAV10@AEAUwAircraftGunMountNetState@@@Z,"class Mail::Stream & __cdecl Mail::operator>>(class Mail::Stream &, struct wAircraftGunMountNetState &)",method,,Mail,operator>>,"class Mail::Stream &, struct wAircraftGunMountNetState &",False,False,False,False,False,False,True
138,137,0x89,??_7?$wActivityGroupEnvelope@VwShellGroup@@VwShell@@@@6B@,"const wActivityGroupEnvelope<class wShellGroup, class wShell>::`vftable'",vftable,,,,,False,False,False,True,False,False,True
139,138,0x8A,??_7wActivityGroup@@6B@,const wActivityGroup::`vftable',vftable,,,,,False,False,False,True,False,False,True
140,139,0x8B,??_7wActivityGroupMember@@6B@,const wActivityGroupMember::`vftable',vftable,,,,,False,False,False,True,False,False,True
141,140,0x8C,??_7wAircraftGunMountDescriptor@@6B@,const wAircraftGunMountDescriptor::`vftable',vftable,,,,,False,False,False,True,False,False,True
142,141,0x8D,??_7wAmmoSupply@@6B@,const wAmmoSupply::`vftable',vftable,,,,,False,False,False,True,False,False,True
143,142,0x8E,??_7wAmmoSupplyDual@@6B@,const wAmmoSupplyDual::`vftable',vftable,,,,,False,False,False,True,False,False,True
144,143,0x8F,??_7wAmmunition@@6BISceneObject@@@,const wAmmunition::`vftable'{for `ISceneObject'},vftable,,,,,False,False,False,True,False,False,True
145,144,0x90,??_7wAmmunition@@6BIwNetObject@@@,const wAmmunition::`vftable'{for `IwNetObject'},vftable,,,,,False,False,False,True,False,False,True
146,145,0x91,??_7wAmmunition@@6BIwWeapon@@@,const wAmmunition::`vftable'{for `IwWeapon'},vftable,,,,,False,False,False,True,False,False,True
147,146,0x92,??_7wAmmunition@@6BModelInstance@Graphics@@@,const wAmmunition::`vftable'{for `Graphics::ModelInstance'},vftable,,,,,False,False,False,True,False,False,True
148,147,0x93,??_7wAmmunition@@6BSuicide@@@,const wAmmunition::`vftable'{for `Suicide'},vftable,,,,,False,False,False,True,False,False,True
149,148,0x94,??_7wAmmunition@@6BviObject@@@,const wAmmunition::`vftable'{for `viObject'},vftable,,,,,False,False,False,True,False,False,True
150,149,0x95,??_7wAmmunition@@6BwMovingObjectProxy@@@,const wAmmunition::`vftable'{for `wMovingObjectProxy'},vftable,,,,,False,False,False,True,False,False,True
151,150,0x96,??_7wAmmunitionDescriptor@@6BwDescriptorBase@@@,const wAmmunitionDescriptor::`vftable'{for `wDescriptorBase'},vftable,,,,,False,False,False,True,False,False,True
152,151,0x97,??_7wAmmunitionDescriptor@@6BwNamedAmmunitionDescriptor@@@,const wAmmunitionDescriptor::`vftable'{for `wNamedAmmunitionDescriptor'},vftable,,,,,False,False,False,True,False,False,True
153,152,0x98,??_7wAmmunition_viHeavyObject@@6BISceneObject@@@,const wAmmunition_viHeavyObject::`vftable'{for `ISceneObject'},vftable,,,,,False,False,False,True,False,False,True
154,153,0x99,??_7wAmmunition_viHeavyObject@@6BIwNetObject@@@,const wAmmunition_viHeavyObject::`vftable'{for `IwNetObject'},vftable,,,,,False,False,False,True,False,False,True
155,154,0x9A,??_7wAmmunition_viHeavyObject@@6BIwWeapon@@@,const wAmmunition_viHeavyObject::`vftable'{for `IwWeapon'},vftable,,,,,False,False,False,True,False,False,True
156,155,0x9B,??_7wAmmunition_viHeavyObject@@6BModelInstance@Graphics@@@,const wAmmunition_viHeavyObject::`vftable'{for `Graphics::ModelInstance'},vftable,,,,,False,False,False,True,False,False,True
157,156,0x9C,??_7wAmmunition_viHeavyObject@@6BSuicide@@@,const wAmmunition_viHeavyObject::`vftable'{for `Suicide'},vftable,,,,,False,False,False,True,False,False,True
158,157,0x9D,??_7wAmmunition_viHeavyObject@@6BviObject@@@,const wAmmunition_viHeavyObject::`vftable'{for `viObject'},vftable,,,,,False,False,False,True,False,False,True
159,158,0x9E,??_7wAmmunition_viHeavyObject@@6BwMovingObjectProxy@@@,const wAmmunition_viHeavyObject::`vftable'{for `wMovingObjectProxy'},vftable,,,,,False,False,False,True,False,False,True
160,159,0x9F,??_7wBombSightDataDescriptor@@6B@,const wBombSightDataDescriptor::`vftable',vftable,,,,,False,False,False,True,False,False,True
161,160,0xA0,??_7wDatabaseLoader@@6B@,const wDatabaseLoader::`vftable',vftable,,,,,False,False,False,True,False,False,True
162,161,0xA1,??_7wGun@weapons_gun@@6B@,const weapons_gun::wGun::`vftable',vftable,,,,,False,False,False,True,False,False,True
163,162,0xA2,??_7wGunDescriptor@weapons_gun@@6B@,const weapons_gun::wGunDescriptor::`vftable',vftable,,,,,False,False,False,True,False,False,True
164,163,0xA3,??_7wLAGunCarriage@@6BwGunModelProxy@@@,const wLAGunCarriage::`vftable'{for `wGunModelProxy'},vftable,,,,,False,False,False,True,False,False,True
165,164,0xA4,??_7wLAGunCarriage@@6BwIGunCarriage@@@,const wLAGunCarriage::`vftable'{for `wIGunCarriage'},vftable,,,,,False,False,False,True,False,False,True
166,165,0xA5,??_7wLAGunpodCarriage@@6BwGunModelProxy@@@,const wLAGunpodCarriage::`vftable'{for `wGunModelProxy'},vftable,,,,,False,False,False,True,False,False,True
167,166,0xA6,??_7wLAGunpodCarriage@@6BwIGunCarriage@@@,const wLAGunpodCarriage::`vftable'{for `wIGunCarriage'},vftable,,,,,False,False,False,True,False,False,True
168,167,0xA7,??_7wMovingObjectProxy@@6B@,const wMovingObjectProxy::`vftable',vftable,,,,,False,False,False,True,False,False,True
169,168,0xA8,??_7wMovingObjectProxy@@6BISceneObject@@@,const wMovingObjectProxy::`vftable'{for `ISceneObject'},vftable,,,,,False,False,False,True,False,False,True
170,169,0xA9,??_7wMovingObjectProxy@@6BIwNetObject@@@,const wMovingObjectProxy::`vftable'{for `IwNetObject'},vftable,,,,,False,False,False,True,False,False,True
171,170,0xAA,??_7wMovingObjectProxy@@6BModelInstance@Graphics@@@,const wMovingObjectProxy::`vftable'{for `Graphics::ModelInstance'},vftable,,,,,False,False,False,True,False,False,True
172,171,0xAB,??_7wMovingObjectProxy@@6BSuicide@@@,const wMovingObjectProxy::`vftable'{for `Suicide'},vftable,,,,,False,False,False,True,False,False,True
173,172,0xAC,??_7wMovingObjectProxy@@6BviObject@@@,const wMovingObjectProxy::`vftable'{for `viObject'},vftable,,,,,False,False,False,True,False,False,True
174,173,0xAD,??_7wRocketSightDataDescriptor@@6B@,const wRocketSightDataDescriptor::`vftable',vftable,,,,,False,False,False,True,False,False,True
175,174,0xAE,??_7wShell@@6BISceneObject@@@,const wShell::`vftable'{for `ISceneObject'},vftable,,,,,False,False,False,True,False,False,True
176,175,0xAF,??_7wShell@@6BIwNetObject@@@,const wShell::`vftable'{for `IwNetObject'},vftable,,,,,False,False,False,True,False,False,True
177,176,0xB0,??_7wShell@@6BIwWeapon@@@,const wShell::`vftable'{for `IwWeapon'},vftable,,,,,False,False,False,True,False,False,True
178,177,0xB1,??_7wShell@@6BModelInstance@Graphics@@@,const wShell::`vftable'{for `Graphics::ModelInstance'},vftable,,,,,False,False,False,True,False,False,True
179,178,0xB2,??_7wShell@@6BSuicide@@@,const wShell::`vftable'{for `Suicide'},vftable,,,,,False,False,False,True,False,False,True
180,179,0xB3,??_7wShell@@6BviObject@@@,const wShell::`vftable'{for `viObject'},vftable,,,,,False,False,False,True,False,False,True
181,180,0xB4,??_7wShell@@6BwActivityGroupMember@@@,const wShell::`vftable'{for `wActivityGroupMember'},vftable,,,,,False,False,False,True,False,False,True
182,181,0xB5,??_7wShellAimingTableDescriptor@@6B@,const wShellAimingTableDescriptor::`vftable',vftable,,,,,False,False,False,True,False,False,True
183,182,0xB6,??_7wShellDescriptor@@6BwDescriptorBase@@@,const wShellDescriptor::`vftable'{for `wDescriptorBase'},vftable,,,,,False,False,False,True,False,False,True
184,183,0xB7,??_7wShellDescriptor@@6BwNamedAmmunitionDescriptor@@@,const wShellDescriptor::`vftable'{for `wNamedAmmunitionDescriptor'},vftable,,,,,False,False,False,True,False,False,True
185,184,0xB8,??_7wShellExplosionListener@@6B@,const wShellExplosionListener::`vftable',vftable,,,,,False,False,False,True,False,False,True
186,185,0xB9,??_7wShellGroup@@6B@,const wShellGroup::`vftable',vftable,,,,,False,False,False,True,False,False,True
187,186,0xBA,?AccountForTargetShielding@@YAXAEAMAEBM111_N@Z,"void __cdecl AccountForTargetShielding(float &, float const &, float const &, float const &, float const &, bool)",function,,,AccountForTargetShielding,"float &, float const &, float const &, float const &, float const &, bool",False,False,False,False,False,False,True
188,187,0xBB,?Class@wAmmunition@@UEBAHXZ,public: virtual int __cdecl wAmmunition::Class(void) const,method,,wAmmunition,Class,void,True,False,True,False,False,False,True
189,188,0xBC,?Class@wMovingObjectProxy@@UEBAHXZ,public: virtual int __cdecl wMovingObjectProxy::Class(void) const,method,,wMovingObjectProxy,Class,void,True,False,True,False,False,False,True
190,189,0xBD,?GetDrawArguments@wMovingObjectProxy@@UEAAAEBV?$vector@MV?$allocator128@M@ed@@@ed@@XZ,"public: virtual class ed::vector<float, class ed::allocator128<float>> const & __cdecl wMovingObjectProxy::GetDrawArguments(void)",method,,wMovingObjectProxy,GetDrawArguments,void,False,False,True,False,False,False,True
191,190,0xBE,?GetPoint@wMovingObjectProxy@@UEAA?AVVec3d@osg@@XZ,public: virtual class osg::Vec3d __cdecl wMovingObjectProxy::GetPoint(void),method,,wMovingObjectProxy,GetPoint,void,False,False,True,False,False,False,True
192,191,0xBF,?GetPosition@wMovingObjectProxy@@UEAAAEBV?$wPosition3@M@@XZ,public: virtual class wPosition3<float> const & __cdecl wMovingObjectProxy::GetPosition(void),method,,wMovingObjectProxy,GetPosition,void,False,False,True,False,False,False,True
193,192,0xC0,?GunId@wAmmunition@@UEBAIXZ,public: virtual unsigned int __cdecl wAmmunition::GunId(void) const,method,,wAmmunition,GunId,void,True,False,True,False,False,False,True
194,193,0xC1,?Hrad@wMovingObjectProxy@@UEAA?BMXZ,public: virtual float const __cdecl wMovingObjectProxy::Hrad(void),method,,wMovingObjectProxy,Hrad,void,False,False,True,False,False,False,True
195,194,0xC2,?In_Air_@wAmmunition@@UEBA?B_NXZ,public: virtual bool const __cdecl wAmmunition::In_Air_(void) const,method,,wAmmunition,In_Air_,void,True,False,True,False,False,False,True
196,195,0xC3,?LocalBox@wMovingObjectProxy@@UEAAAEBUgBox@@N@Z,public: virtual struct gBox const & __cdecl wMovingObjectProxy::LocalBox(double),method,,wMovingObjectProxy,LocalBox,double,False,False,True,False,False,False,True
197,196,0xC4,?NO_DATA@WARBuilder@@2NB,public: static double const WARBuilder::NO_DATA,symbol,,,,,False,False,False,False,False,False,True
198,197,0xC5,?NextEvent@wActivityGroup@@MEAAXXZ,protected: virtual void __cdecl wActivityGroup::NextEvent(void),method,,wActivityGroup,NextEvent,void,False,False,True,False,False,False,True
199,198,0xC6,?OnParentDeath@wMovingObjectProxy@@UEAAXXZ,public: virtual void __cdecl wMovingObjectProxy::OnParentDeath(void),method,,wMovingObjectProxy,OnParentDeath,void,False,False,True,False,False,False,True
200,199,0xC7,?Position@wMovingObjectProxy@@UEAAAEBV?$wPosition3@M@@N@Z,public: virtual class wPosition3<float> const & __cdecl wMovingObjectProxy::Position(double),method,,wMovingObjectProxy,Position,double,False,False,True,False,False,False,True
201,200,0xC8,?PostCollisionProcessing@wAmmunition@@UEAAXPEAUwsCollisionData@@@Z,public: virtual void __cdecl wAmmunition::PostCollisionProcessing(struct wsCollisionData *),method,,wAmmunition,PostCollisionProcessing,struct wsCollisionData *,False,False,True,False,False,False,True
202,201,0xC9,?UseChildren@wMovingObjectProxy@@UEAA_NNW4viArgumentPurpose@@@Z,"public: virtual bool __cdecl wMovingObjectProxy::UseChildren(double, enum viArgumentPurpose)",method,,wMovingObjectProxy,UseChildren,"double, enum viArgumentPurpose",False,False,True,False,False,False,True
203,202,0xCA,?add@?$wActivityGroupEnvelope@VwShellGroup@@VwShell@@@@QEAAXPEAVwShell@@@Z,"public: void __cdecl wActivityGroupEnvelope<class wShellGroup, class wShell>::add(class wShell *)",method,,wShell>,add,class wShell *,False,False,False,False,False,False,True
204,203,0xCB,?addDescriptor@wDatabase@@QEAAXPEAVwDescriptorBase@@@Z,public: void __cdecl wDatabase::addDescriptor(class wDescriptorBase *),method,,wDatabase,addDescriptor,class wDescriptorBase *,False,False,False,False,False,False,True
205,204,0xCC,?add_@wActivityGroup@@IEAAXPEAVwActivityGroupMember@@@Z,protected: void __cdecl wActivityGroup::add_(class wActivityGroupMember *),method,,wActivityGroup,add_,class wActivityGroupMember *,False,False,False,False,False,False,True
206,205,0xCD,?advance_@wActivityGroupMember@@IEAAXN@Z,protected: void __cdecl wActivityGroupMember::advance_(double),method,,wActivityGroupMember,advance_,double,False,False,False,False,False,False,True
207,206,0xCE,?agm65d_FinsTau@WeaponsDebug@@3NA,double WeaponsDebug::agm65d_FinsTau,symbol,,,,,False,False,False,False,False,False,True
208,207,0xCF,?agm65d_K@WeaponsDebug@@3NA,double WeaponsDebug::agm65d_K,symbol,,,,,False,False,False,False,False,False,True
209,208,0xD0,?agm65d_K_GBias@WeaponsDebug@@3NA,double WeaponsDebug::agm65d_K_GBias,symbol,,,,,False,False,False,False,False,False,True
210,209,0xD1,?agm65d_Ka@WeaponsDebug@@3NA,double WeaponsDebug::agm65d_Ka,symbol,,,,,False,False,False,False,False,False,True
211,210,0xD2,?agm65d_Kg@WeaponsDebug@@3NA,double WeaponsDebug::agm65d_Kg,symbol,,,,,False,False,False,False,False,False,True
212,211,0xD3,?agm65d_Ki@WeaponsDebug@@3NA,double WeaponsDebug::agm65d_Ki,symbol,,,,,False,False,False,False,False,False,True
213,212,0xD4,?aim@wBombSight@@QEAA_NNNNAEBV?$Vector@$02N@Math@@NNNNNAEANAEAV23@@Z,"public: bool __cdecl wBombSight::aim(double, double, double, class Math::Vector<3, double> const &, double, double, double, double, double, double &, class Math::Vector<3, double> &)",method,,wBombSight,aim,"double, double, double, class Math::Vector<3, double> const &, double, double, double, double, double, double &, class Math::Vector<3, double> &",False,False,False,False,False,False,True
214,213,0xD5,?aim@wBombSight@@QEAA_NNNNAEBV?$Vector@$02N@Math@@NNNNNAEANAEAV23@N@Z,"public: bool __cdecl wBombSight::aim(double, double, double, class Math::Vector<3, double> const &, double, double, double, double, double, double &, class Math::Vector<3, double> &, double)",method,,wBombSight,aim,"double, double, double, class Math::Vector<3, double> const &, double, double, double, double, double, double &, class Math::Vector<3, double> &, double",False,False,False,False,False,False,True
215,214,0xD6,?aim@wBombSightAdv@@QEAA_NNNAEBV?$Vector@$02N@Math@@0AEBU?$Rotation3@N@3@AEANAEAV23@QEAV?$IWindTable@MV?$Vector@$02M@Math@@@weapon_base@@N@Z,"public: bool __cdecl wBombSightAdv::aim(double, double, class Math::Vector<3, double> const &, class Math::Vector<3, double> const &, struct Math::Rotation3<double> const &, double &, class Math::Vector<3, double> &, class weapon_base::IWindTable<float, class Math::Vector<3, float>> *const, double)",method,,wBombSightAdv,aim,"double, double, class Math::Vector<3, double> const &, class Math::Vector<3, double> const &, struct Math::Rotation3<double> const &, double &, class Math::Vector<3, double> &, class weapon_base::IWindTable<float, class Math::Vector<3, float>> *const, double",False,False,False,False,False,False,True
216,215,0xD7,?aim@wBombSightAdv@@QEAA_NNNAEBV?$Vector@$02N@Math@@AEBU?$Rotation3@N@3@AEANAEAV23@QEAV?$IWindTable@MV?$Vector@$02M@Math@@@weapon_base@@@Z,"public: bool __cdecl wBombSightAdv::aim(double, double, class Math::Vector<3, double> const &, struct Math::Rotation3<double> const &, double &, class Math::Vector<3, double> &, class weapon_base::IWindTable<float, class Math::Vector<3, float>> *const)",method,,wBombSightAdv,aim,"double, double, class Math::Vector<3, double> const &, struct Math::Rotation3<double> const &, double &, class Math::Vector<3, double> &, class weapon_base::IWindTable<float, class Math::Vector<3, float>> *const",False,False,False,False,False,False,True
217,216,0xD8,?applyExplosionPointResult@@YAXAEAUExplosionInfo@@AEBUvExPointRes@@@Z,"void __cdecl applyExplosionPointResult(struct ExplosionInfo &, struct vExPointRes const &)",function,,,applyExplosionPointResult,"struct ExplosionInfo &, struct vExPointRes const &",False,False,False,False,False,False,True
218,217,0xD9,?assignTargetPoint@wAmmunition@@UEAAXAEBVVec3f@osg@@@Z,public: virtual void __cdecl wAmmunition::assignTargetPoint(class osg::Vec3f const &),method,,wAmmunition,assignTargetPoint,class osg::Vec3f const &,False,False,True,False,False,False,True
219,218,0xDA,?beginBurst@wAircraftGunMount@@QEAAXAEAVStream@Mail@@@Z,public: void __cdecl wAircraftGunMount::beginBurst(class Mail::Stream &),method,,wAircraftGunMount,beginBurst,class Mail::Stream &,False,False,False,False,False,False,True
220,219,0xDB,?beginBurst@wGun@weapons_gun@@QEAAXAEAVStream@Mail@@@Z,public: void __cdecl weapons_gun::wGun::beginBurst(class Mail::Stream &),method,weapons_gun,wGun,beginBurst,class Mail::Stream &,False,False,False,False,False,False,True
221,220,0xDC,?cachePosition_@wLAGunCarriage@@MEAAXXZ,protected: virtual void __cdecl wLAGunCarriage::cachePosition_(void),method,,wLAGunCarriage,cachePosition_,void,False,False,True,False,False,False,True
222,221,0xDD,?cachePosition_@wLAGunpodCarriage@@MEAAXXZ,protected: virtual void __cdecl wLAGunpodCarriage::cachePosition_(void),method,,wLAGunpodCarriage,cachePosition_,void,False,False,True,False,False,False,True
223,222,0xDE,?calcBombPath@LARBuilder@@AEAAXXZ,private: void __cdecl LARBuilder::calcBombPath(void),method,,LARBuilder,calcBombPath,void,False,False,False,False,False,False,True
224,223,0xDF,?calcCx@CxInterpolator@@QEBANN@Z,public: double __cdecl CxInterpolator::calcCx(double) const,method,,CxInterpolator,calcCx,double,True,False,False,False,False,False,True
225,224,0xE0,?calcForce@wBombSightAdv@@IEAA?AV?$Vector@$02N@Math@@AEAV?$Position@$02NN@3@AEAV23@1NN@Z,"protected: class Math::Vector<3, double> __cdecl wBombSightAdv::calcForce(class Math::Position<3, double, double> &, class Math::Vector<3, double> &, class Math::Vector<3, double> &, double, double)",method,,wBombSightAdv,calcForce,"class Math::Position<3, double, double> &, class Math::Vector<3, double> &, class Math::Vector<3, double> &, double, double",False,False,False,False,False,False,True
226,225,0xE1,?calcForce@wNURSSight@@IEAA?AV?$Vector@$02N@Math@@AEAV?$Position@$02NN@3@AEAV23@1NN@Z,"protected: class Math::Vector<3, double> __cdecl wNURSSight::calcForce(class Math::Position<3, double, double> &, class Math::Vector<3, double> &, class Math::Vector<3, double> &, double, double)",method,,wNURSSight,calcForce,"class Math::Position<3, double, double> &, class Math::Vector<3, double> &, class Math::Vector<3, double> &, double, double",False,False,False,False,False,False,True
227,226,0xE2,?calcForce@wRocketSight@@IEAA?AV?$Vector@$02N@Math@@AEAV?$Position@$02NN@3@AEAV23@1NN@Z,"protected: class Math::Vector<3, double> __cdecl wRocketSight::calcForce(class Math::Position<3, double, double> &, class Math::Vector<3, double> &, class Math::Vector<3, double> &, double, double)",method,,wRocketSight,calcForce,"class Math::Position<3, double, double> &, class Math::Vector<3, double> &, class Math::Vector<3, double> &, double, double",False,False,False,False,False,False,True
228,227,0xE3,?calcIyz@wBombSightAdv@@IEAAXNNN@Z,"protected: void __cdecl wBombSightAdv::calcIyz(double, double, double)",method,,wBombSightAdv,calcIyz,"double, double, double",False,False,False,False,False,False,True
229,228,0xE4,?calcMa@wBombSightAdv@@IEAAXNNNN@Z,"protected: void __cdecl wBombSightAdv::calcMa(double, double, double, double)",method,,wBombSightAdv,calcMa,"double, double, double, double",False,False,False,False,False,False,True
230,229,0xE5,?calcMw@wBombSightAdv@@IEAAXNNN@Z,"protected: void __cdecl wBombSightAdv::calcMw(double, double, double)",method,,wBombSightAdv,calcMw,"double, double, double",False,False,False,False,False,False,True
231,230,0xE6,?calcTorque@wBombSightAdv@@IEAA?AV?$Vector@$02N@Math@@AEAV23@0NN@Z,"protected: class Math::Vector<3, double> __cdecl wBombSightAdv::calcTorque(class Math::Vector<3, double> &, class Math::Vector<3, double> &, double, double)",method,,wBombSightAdv,calcTorque,"class Math::Vector<3, double> &, class Math::Vector<3, double> &, double, double",False,False,False,False,False,False,True
232,231,0xE7,?calcTorque@wNURSSight@@IEAA?AV?$Vector@$02N@Math@@AEAV23@0NN@Z,"protected: class Math::Vector<3, double> __cdecl wNURSSight::calcTorque(class Math::Vector<3, double> &, class Math::Vector<3, double> &, double, double)",method,,wNURSSight,calcTorque,"class Math::Vector<3, double> &, class Math::Vector<3, double> &, double, double",False,False,False,False,False,False,True
233,232,0xE8,?calcTorque@wRocketSight@@IEAA?AV?$Vector@$02N@Math@@AEAV23@0NN@Z,"protected: class Math::Vector<3, double> __cdecl wRocketSight::calcTorque(class Math::Vector<3, double> &, class Math::Vector<3, double> &, double, double)",method,,wRocketSight,calcTorque,"class Math::Vector<3, double> &, class Math::Vector<3, double> &, double, double",False,False,False,False,False,False,True
234,233,0xE9,?calc_Force_loc_v@wBombSightAdv@@IEAA?AV?$Vector@$02N@Math@@AEAV23@0NNNN@Z,"protected: class Math::Vector<3, double> __cdecl wBombSightAdv::calc_Force_loc_v(class Math::Vector<3, double> &, class Math::Vector<3, double> &, double, double, double, double)",method,,wBombSightAdv,calc_Force_loc_v,"class Math::Vector<3, double> &, class Math::Vector<3, double> &, double, double, double, double",False,False,False,False,False,False,True
235,234,0xEA,?calc_Force_loc_v@wNURSSight@@IEAA?AV?$Vector@$02N@Math@@AEAV23@0NNNN@Z,"protected: class Math::Vector<3, double> __cdecl wNURSSight::calc_Force_loc_v(class Math::Vector<3, double> &, class Math::Vector<3, double> &, double, double, double, double)",method,,wNURSSight,calc_Force_loc_v,"class Math::Vector<3, double> &, class Math::Vector<3, double> &, double, double, double, double",False,False,False,False,False,False,True
236,235,0xEB,?calc_Force_loc_v@wRocketSight@@IEAA?AV?$Vector@$02N@Math@@AEAV23@0NNNN@Z,"protected: class Math::Vector<3, double> __cdecl wRocketSight::calc_Force_loc_v(class Math::Vector<3, double> &, class Math::Vector<3, double> &, double, double, double, double)",method,,wRocketSight,calc_Force_loc_v,"class Math::Vector<3, double> &, class Math::Vector<3, double> &, double, double, double, double",False,False,False,False,False,False,True
237,236,0xEC,?calculateImpactPoint@wNURSSight@@QEAA_NNAEBU?$Rotation3@N@Math@@AEBV?$Vector@$02N@3@W4AimType@1@NNAEAV43@AEANQEAV?$IWindTable@MV?$Vector@$02M@Math@@@weapon_base@@N_NPEAUtargeting_data@1@@Z,"public: bool __cdecl wNURSSight::calculateImpactPoint(double, struct Math::Rotation3<double> const &, class Math::Vector<3, double> const &, enum wNURSSight::AimType, double, double, class Math::Vector<3, double> &, double &, class weapon_base::IWindTable<float, class Math::Vector<3, float>> *const, double, bool, struct wNURSSight::targeting_data *)",method,,wNURSSight,calculateImpactPoint,"double, struct Math::Rotation3<double> const &, class Math::Vector<3, double> const &, enum wNURSSight::AimType, double, double, class Math::Vector<3, double> &, double &, class weapon_base::IWindTable<float, class Math::Vector<3, float>> *const, double, bool, struct wNURSSight::targeting_data *",False,False,False,False,False,False,True
238,237,0xED,?calculateImpactPoint@wNURSSightV2@@QEAA_NNAEBU?$Rotation3@N@Math@@AEBV?$Vector@$02N@3@W4AimType@wNURSSight@@NNAEAV43@AEANQEAV?$IWindTable@MV?$Vector@$02M@Math@@@weapon_base@@N_NPEAUtargeting_data@6@@Z,"public: bool __cdecl wNURSSightV2::calculateImpactPoint(double, struct Math::Rotation3<double> const &, class Math::Vector<3, double> const &, enum wNURSSight::AimType, double, double, class Math::Vector<3, double> &, double &, class weapon_base::IWindTable<float, class Math::Vector<3, float>> *const, double, bool, struct wNURSSight::targeting_data *)",method,,wNURSSightV2,calculateImpactPoint,"double, struct Math::Rotation3<double> const &, class Math::Vector<3, double> const &, enum wNURSSight::AimType, double, double, class Math::Vector<3, double> &, double &, class weapon_base::IWindTable<float, class Math::Vector<3, float>> *const, double, bool, struct wNURSSight::targeting_data *",False,False,False,False,False,False,True
239,238,0xEE,?calculateImpactPoint@wRocketSight@@QEAA_NNAEBU?$Rotation3@N@Math@@AEBV?$Vector@$02N@3@W4AimType@1@NNAEAV43@AEANQEAV?$IWindTable@MV?$Vector@$02M@Math@@@weapon_base@@N_N@Z,"public: bool __cdecl wRocketSight::calculateImpactPoint(double, struct Math::Rotation3<double> const &, class Math::Vector<3, double> const &, enum wRocketSight::AimType, double, double, class Math::Vector<3, double> &, double &, class weapon_base::IWindTable<float, class Math::Vector<3, float>> *const, double, bool)",method,,wRocketSight,calculateImpactPoint,"double, struct Math::Rotation3<double> const &, class Math::Vector<3, double> const &, enum wRocketSight::AimType, double, double, class Math::Vector<3, double> &, double &, class weapon_base::IWindTable<float, class Math::Vector<3, float>> *const, double, bool",False,False,False,False,False,False,True
240,239,0xEF,?canBeDefenciveTurret@wAircraftGunMount@@QEBA_NXZ,public: bool __cdecl wAircraftGunMount::canBeDefenciveTurret(void) const,method,,wAircraftGunMount,canBeDefenciveTurret,void,True,False,False,False,False,False,True
241,240,0xF0,?check@wWorldCollider@@QEAA_NNIIHPEBV?$Vector@$02N@Math@@0PEAIPEANPEAV23@3QEAPEBDNI_N@Z,"public: bool __cdecl wWorldCollider::check(double, unsigned int, unsigned int, int, class Math::Vector<3, double> const *, class Math::Vector<3, double> const *, unsigned int *, double *, class Math::Vector<3, double> *, class Math::Vector<3, double> *, char const **const, double, unsigned int, bool)",method,,wWorldCollider,check,"double, unsigned int, unsigned int, int, class Math::Vector<3, double> const *, class Math::Vector<3, double> const *, unsigned int *, double *, class Math::Vector<3, double> *, class Math::Vector<3, double> *, char const **const, double, unsigned int, bool",False,False,False,False,False,False,True
242,241,0xF1,?checkOneAccur@wWorldCollider@@QEAA_NNIIPEBV?$Vector@$02N@Math@@0PEAIPEANPEAV23@3QEAPEBDNIV23@H@Z,"public: bool __cdecl wWorldCollider::checkOneAccur(double, unsigned int, unsigned int, class Math::Vector<3, double> const *, class Math::Vector<3, double> const *, unsigned int *, double *, class Math::Vector<3, double> *, class Math::Vector<3, double> *, char const **const, double, unsigned int, class Math::Vector<3, double>, int)",method,,wWorldCollider,checkOneAccur,"double, unsigned int, unsigned int, class Math::Vector<3, double> const *, class Math::Vector<3, double> const *, unsigned int *, double *, class Math::Vector<3, double> *, class Math::Vector<3, double> *, char const **const, double, unsigned int, class Math::Vector<3, double>, int",False,False,False,False,False,False,True
243,242,0xF2,?checkVisibilityMissionObjects@@YA_NAEBVVec3f@osg@@0PEAVMovingObject@@1_N@Z,"bool __cdecl checkVisibilityMissionObjects(class osg::Vec3f const &, class osg::Vec3f const &, class MovingObject *, class MovingObject *, bool)",function,,,checkVisibilityMissionObjects,"class osg::Vec3f const &, class osg::Vec3f const &, class MovingObject *, class MovingObject *, bool",False,False,False,False,False,False,True
244,243,0xF3,?checkVisibilityObjects@@YA_NAEBVVec3f@osg@@0PEAVMovingObject@@1_N@Z,"bool __cdecl checkVisibilityObjects(class osg::Vec3f const &, class osg::Vec3f const &, class MovingObject *, class MovingObject *, bool)",function,,,checkVisibilityObjects,"class osg::Vec3f const &, class osg::Vec3f const &, class MovingObject *, class MovingObject *, bool",False,False,False,False,False,False,True
245,244,0xF4,?chute_aim@wBombSight@@QEAA_NNNNAEBV?$Vector@$02N@Math@@NNNNNNNNAEANAEAV23@@Z,"public: bool __cdecl wBombSight::chute_aim(double, double, double, class Math::Vector<3, double> const &, double, double, double, double, double, double, double, double, double &, class Math::Vector<3, double> &)",method,,wBombSight,chute_aim,"double, double, double, class Math::Vector<3, double> const &, double, double, double, double, double, double, double, double, double &, class Math::Vector<3, double> &",False,False,False,False,False,False,True
246,245,0xF5,?chute_aim@wBombSight@@QEAA_NNNNAEBV?$Vector@$02N@Math@@NNNNNNNNAEANAEAV23@N@Z,"public: bool __cdecl wBombSight::chute_aim(double, double, double, class Math::Vector<3, double> const &, double, double, double, double, double, double, double, double, double &, class Math::Vector<3, double> &, double)",method,,wBombSight,chute_aim,"double, double, double, class Math::Vector<3, double> const &, double, double, double, double, double, double, double, double, double &, class Math::Vector<3, double> &, double",False,False,False,False,False,False,True
247,246,0xF6,?chute_cluster_simple_aim@wBombSight@@QEAA_NNNAEBV?$Vector@$02N@Math@@NNNNNNNNNN_N1AEAN2AEAV23@QEAV?$IWindTable@MV?$Vector@$02M@Math@@@weapon_base@@N@Z,"public: bool __cdecl wBombSight::chute_cluster_simple_aim(double, double, class Math::Vector<3, double> const &, double, double, double, double, double, double, double, double, double, double, bool, bool, double &, double &, class Math::Vector<3, double> &, class weapon_base::IWindTable<float, class Math::Vector<3, float>> *const, double)",method,,wBombSight,chute_cluster_simple_aim,"double, double, class Math::Vector<3, double> const &, double, double, double, double, double, double, double, double, double, double, bool, bool, double &, double &, class Math::Vector<3, double> &, class weapon_base::IWindTable<float, class Math::Vector<3, float>> *const, double",False,False,False,False,False,False,True
248,247,0xF7,?chute_cluster_simple_aim@wBombSight@@QEAA_NNNAEBV?$Vector@$02N@Math@@NNNNNNNNNN_N1AEAN2AEAV23@QEAV?$IWindTable@MV?$Vector@$02M@Math@@@weapon_base@@NN@Z,"public: bool __cdecl wBombSight::chute_cluster_simple_aim(double, double, class Math::Vector<3, double> const &, double, double, double, double, double, double, double, double, double, double, bool, bool, double &, double &, class Math::Vector<3, double> &, class weapon_base::IWindTable<float, class Math::Vector<3, float>> *const, double, double)",method,,wBombSight,chute_cluster_simple_aim,"double, double, class Math::Vector<3, double> const &, double, double, double, double, double, double, double, double, double, double, bool, bool, double &, double &, class Math::Vector<3, double> &, class weapon_base::IWindTable<float, class Math::Vector<3, float>> *const, double, double",False,False,False,False,False,False,True
249,248,0xF8,?chute_simple_aim@wBombSight@@QEAA_NNNAEBV?$Vector@$02N@Math@@NNNNAEANAEAV23@QEAV?$IWindTable@MV?$Vector@$02M@Math@@@weapon_base@@@Z,"public: bool __cdecl wBombSight::chute_simple_aim(double, double, class Math::Vector<3, double> const &, double, double, double, double, double &, class Math::Vector<3, double> &, class weapon_base::IWindTable<float, class Math::Vector<3, float>> *const)",method,,wBombSight,chute_simple_aim,"double, double, class Math::Vector<3, double> const &, double, double, double, double, double &, class Math::Vector<3, double> &, class weapon_base::IWindTable<float, class Math::Vector<3, float>> *const",False,False,False,False,False,False,True
250,249,0xF9,?chute_simple_aim@wBombSight@@QEAA_NNNAEBV?$Vector@$02N@Math@@NNNNAEANAEAV23@QEAV?$IWindTable@MV?$Vector@$02M@Math@@@weapon_base@@N@Z,"public: bool __cdecl wBombSight::chute_simple_aim(double, double, class Math::Vector<3, double> const &, double, double, double, double, double &, class Math::Vector<3, double> &, class weapon_base::IWindTable<float, class Math::Vector<3, float>> *const, double)",method,,wBombSight,chute_simple_aim,"double, double, class Math::Vector<3, double> const &, double, double, double, double, double &, class Math::Vector<3, double> &, class weapon_base::IWindTable<float, class Math::Vector<3, float>> *const, double",False,False,False,False,False,False,True
251,250,0xFA,?cluster_aim@wBombSight@@QEAA_NNNNAEBV?$Vector@$02N@Math@@NNNNNNNAEANAEAV23@N@Z,"public: bool __cdecl wBombSight::cluster_aim(double, double, double, class Math::Vector<3, double> const &, double, double, double, double, double, double, double, double &, class Math::Vector<3, double> &, double)",method,,wBombSight,cluster_aim,"double, double, double, class Math::Vector<3, double> const &, double, double, double, double, double, double, double, double &, class Math::Vector<3, double> &, double",False,False,False,False,False,False,True
252,251,0xFB,?cluster_aim@wBombSight@@QEAA_NNNNAEBV?$Vector@$02N@Math@@NNNNNNNAEANAEAV23@NN@Z,"public: bool __cdecl wBombSight::cluster_aim(double, double, double, class Math::Vector<3, double> const &, double, double, double, double, double, double, double, double &, class Math::Vector<3, double> &, double, double)",method,,wBombSight,cluster_aim,"double, double, double, class Math::Vector<3, double> const &, double, double, double, double, double, double, double, double &, class Math::Vector<3, double> &, double, double",False,False,False,False,False,False,True
253,252,0xFC,?cluster_aim@wBombSight@@QEAA_NNNNAEBV?$Vector@$02N@Math@@NNNNNNNNNAEANAEAV23@NN@Z,"public: bool __cdecl wBombSight::cluster_aim(double, double, double, class Math::Vector<3, double> const &, double, double, double, double, double, double, double, double, double, double &, class Math::Vector<3, double> &, double, double)",method,,wBombSight,cluster_aim,"double, double, double, class Math::Vector<3, double> const &, double, double, double, double, double, double, double, double, double, double &, class Math::Vector<3, double> &, double, double",False,False,False,False,False,False,True
254,253,0xFD,?cluster_aim@wBombSightAdv@@QEAA_NNNAEBV?$Vector@$02N@Math@@0AEBU?$Rotation3@N@3@NN_N2NAEAN3AEAV23@QEAV?$IWindTable@MV?$Vector@$02M@Math@@@weapon_base@@NN@Z,"public: bool __cdecl wBombSightAdv::cluster_aim(double, double, class Math::Vector<3, double> const &, class Math::Vector<3, double> const &, struct Math::Rotation3<double> const &, double, double, bool, bool, double, double &, double &, class Math::Vector<3, double> &, class weapon_base::IWindTable<float, class Math::Vector<3, float>> *const, double, double)",method,,wBombSightAdv,cluster_aim,"double, double, class Math::Vector<3, double> const &, class Math::Vector<3, double> const &, struct Math::Rotation3<double> const &, double, double, bool, bool, double, double &, double &, class Math::Vector<3, double> &, class weapon_base::IWindTable<float, class Math::Vector<3, float>> *const, double, double",False,False,False,False,False,False,True
255,254,0xFE,?cluster_simple_aim@wBombSight@@QEAA_NNNAEBV?$Vector@$02N@Math@@NNNAEANAEAV23@QEAV?$IWindTable@MV?$Vector@$02M@Math@@@weapon_base@@N@Z,"public: bool __cdecl wBombSight::cluster_simple_aim(double, double, class Math::Vector<3, double> const &, double, double, double, double &, class Math::Vector<3, double> &, class weapon_base::IWindTable<float, class Math::Vector<3, float>> *const, double)",method,,wBombSight,cluster_simple_aim,"double, double, class Math::Vector<3, double> const &, double, double, double, double &, class Math::Vector<3, double> &, class weapon_base::IWindTable<float, class Math::Vector<3, float>> *const, double",False,False,False,False,False,False,True
256,255,0xFF,?cluster_simple_aim@wBombSight@@QEAA_NNNAEBV?$Vector@$02N@Math@@NNNAEANAEAV23@QEAV?$IWindTable@MV?$Vector@$02M@Math@@@weapon_base@@NN@Z,"public: bool __cdecl wBombSight::cluster_simple_aim(double, double, class Math::Vector<3, double> const &, double, double, double, double &, class Math::Vector<3, double> &, class weapon_base::IWindTable<float, class Math::Vector<3, float>> *const, double, double)",method,,wBombSight,cluster_simple_aim,"double, double, class Math::Vector<3, double> const &, double, double, double, double &, class Math::Vector<3, double> &, class weapon_base::IWindTable<float, class Math::Vector<3, float>> *const, double, double",False,False,False,False,False,False,True
257,256,0x100,?cluster_simple_aim@wBombSightAdv@@QEAA_NNNAEBV?$Vector@$02N@Math@@NNNAEANAEAV23@QEAV?$IWindTable@MV?$Vector@$02M@Math@@@weapon_base@@NNN_N@Z,"public: bool __cdecl wBombSightAdv::cluster_simple_aim(double, double, class Math::Vector<3, double> const &, double, double, double, double &, class Math::Vector<3, double> &, class weapon_base::IWindTable<float, class Math::Vector<3, float>> *const, double, double, double, bool)",method,,wBombSightAdv,cluster_simple_aim,"double, double, class Math::Vector<3, double> const &, double, double, double, double &, class Math::Vector<3, double> &, class weapon_base::IWindTable<float, class Math::Vector<3, float>> *const, double, double, double, bool",False,False,False,False,False,False,True
258,257,0x101,?create@wAircraftGunMountDescriptor@@QEBAPEAVwAircraftGunMount@@PEAVIwoLA@@CPEAVLoader@Lua@@@Z,"public: class wAircraftGunMount * __cdecl wAircraftGunMountDescriptor::create(class IwoLA *, signed char, class Lua::Loader *) const",method,,wAircraftGunMountDescriptor,create,"class IwoLA *, signed char, class Lua::Loader *",True,False,False,False,False,False,True
259,258,0x102,?create@wAircraftGunMountDescriptor@@QEBAPEAVwAircraftGunMount@@PEAVIwoLA@@PEAVIwoAIPilon@@CPEAVLoader@Lua@@@Z,"public: class wAircraftGunMount * __cdecl wAircraftGunMountDescriptor::create(class IwoLA *, class IwoAIPilon *, signed char, class Lua::Loader *) const",method,,wAircraftGunMountDescriptor,create,"class IwoLA *, class IwoAIPilon *, signed char, class Lua::Loader *",True,False,False,False,False,False,True
260,259,0x103,?create@wGunDescriptor@weapons_gun@@UEBAPEAVwGun@2@PEAVwIGunCarriage@@PEAVwAmmoSupply@@_N@Z,"public: virtual class weapons_gun::wGun * __cdecl weapons_gun::wGunDescriptor::create(class wIGunCarriage *, class wAmmoSupply *, bool) const",method,weapons_gun,wGunDescriptor,create,"class wIGunCarriage *, class wAmmoSupply *, bool",True,False,True,False,False,False,True
261,260,0x104,?createClient@wAmmunitionDescriptor@@UEBAPEAVwAmmunition@@PEAVMovingObject@@IPEAVLoader@Lua@@@Z,"public: virtual class wAmmunition * __cdecl wAmmunitionDescriptor::createClient(class MovingObject *, unsigned int, class Lua::Loader *) const",method,,wAmmunitionDescriptor,createClient,"class MovingObject *, unsigned int, class Lua::Loader *",True,False,True,False,False,False,True
262,261,0x105,?createDescriptor@wDescriptorFactory@@QEBAPEAVwDescriptorBase@@AEBV?$basic_string@D@ed@@0@Z,"public: class wDescriptorBase * __cdecl wDescriptorFactory::createDescriptor(class ed::basic_string<char> const &, class ed::basic_string<char> const &) const",method,,wDescriptorFactory,createDescriptor,"class ed::basic_string<char> const &, class ed::basic_string<char> const &",True,False,False,False,False,False,True
263,262,0x106,?createGunpod@wAircraftGunpodEquipmentDescriptor@@QEAAXPEAVIwoLA@@PEAVIwoAIPilon@@PEAVLoader@Lua@@AEAV?$vector@PEAVwAircraftGunMount@@V?$allocator@PEAVwAircraftGunMount@@@ed@@@ed@@@Z,"public: void __cdecl wAircraftGunpodEquipmentDescriptor::createGunpod(class IwoLA *, class IwoAIPilon *, class Lua::Loader *, class ed::vector<class wAircraftGunMount *, class ed::allocator<class wAircraftGunMount *>> &)",method,,wAircraftGunpodEquipmentDescriptor,createGunpod,"class IwoLA *, class IwoAIPilon *, class Lua::Loader *, class ed::vector<class wAircraftGunMount *, class ed::allocator<class wAircraftGunMount *>> &",False,False,False,False,False,False,True
264,263,0x107,?createGunpodsByType@@YAXPEAVIwoLA@@PEAVIwoAIPilon@@PEAVLoader@Lua@@AEAV?$vector@PEAVwAircraftGunMount@@V?$allocator@PEAVwAircraftGunMount@@@ed@@@ed@@@Z,"void __cdecl createGunpodsByType(class IwoLA *, class IwoAIPilon *, class Lua::Loader *, class ed::vector<class wAircraftGunMount *, class ed::allocator<class wAircraftGunMount *>> &)",function,,,createGunpodsByType,"class IwoLA *, class IwoAIPilon *, class Lua::Loader *, class ed::vector<class wAircraftGunMount *, class ed::allocator<class wAircraftGunMount *>> &",False,False,False,False,False,False,True
265,264,0x108,?createGuns@wAircraftGunEquipmentDescriptor@@QEBAXPEAVIwoLA@@PEAVLoader@Lua@@AEAV?$vector@PEAVwAircraftGunMount@@V?$allocator@PEAVwAircraftGunMount@@@ed@@@ed@@@Z,"public: void __cdecl wAircraftGunEquipmentDescriptor::createGuns(class IwoLA *, class Lua::Loader *, class ed::vector<class wAircraftGunMount *, class ed::allocator<class wAircraftGunMount *>> &) const",method,,wAircraftGunEquipmentDescriptor,createGuns,"class IwoLA *, class Lua::Loader *, class ed::vector<class wAircraftGunMount *, class ed::allocator<class wAircraftGunMount *>> &",True,False,False,False,False,False,True
266,265,0x109,?createServer@wAmmunitionDescriptor@@UEBAPEAVwAmmunition@@PEAVMovingObject@@PEAVLoader@Lua@@@Z,"public: virtual class wAmmunition * __cdecl wAmmunitionDescriptor::createServer(class MovingObject *, class Lua::Loader *) const",method,,wAmmunitionDescriptor,createServer,"class MovingObject *, class Lua::Loader *",True,False,True,False,False,False,True
267,266,0x10A,?create_@wAmmunitionDescriptor@@MEBAPEAVwAmmunition@@XZ,protected: virtual class wAmmunition * __cdecl wAmmunitionDescriptor::create_(void) const,method,,wAmmunitionDescriptor,create_,void,True,False,True,False,False,False,True
268,267,0x10B,?ct_simulate_@wBombSightAdv@@IEAAXNNAEAV?$Vector@$02N@Math@@0AEBV23@@Z,"protected: void __cdecl wBombSightAdv::ct_simulate_(double, double, class Math::Vector<3, double> &, class Math::Vector<3, double> &, class Math::Vector<3, double> const &)",method,,wBombSightAdv,ct_simulate_,"double, double, class Math::Vector<3, double> &, class Math::Vector<3, double> &, class Math::Vector<3, double> const &",False,False,False,False,False,False,True
269,268,0x10C,?damagePrey@FragmentationBlastHandler@FragmentationDamage@@QEAAXPEAVMovingObject@@PEAUwsCollisionData@@@Z,"public: void __cdecl FragmentationDamage::FragmentationBlastHandler::damagePrey(class MovingObject *, struct wsCollisionData *)",method,FragmentationDamage,FragmentationBlastHandler,damagePrey,"class MovingObject *, struct wsCollisionData *",False,False,False,False,False,False,True
270,269,0x10D,?destroy@wAmmunition@@UEAAX_N@Z,public: virtual void __cdecl wAmmunition::destroy(bool),method,,wAmmunition,destroy,bool,False,False,True,False,False,False,True
271,270,0x10E,?die_@wAmmunition@@IEAAX_N@Z,protected: void __cdecl wAmmunition::die_(bool),method,,wAmmunition,die_,bool,False,False,False,False,False,False,True
272,271,0x10F,?discharge@wAircraftGunMount@@QEAAXXZ,public: void __cdecl wAircraftGunMount::discharge(void),method,,wAircraftGunMount,discharge,void,False,False,False,False,False,False,True
273,272,0x110,?discharge@wAmmoSupplyDual@@UEAAXXZ,public: virtual void __cdecl wAmmoSupplyDual::discharge(void),method,,wAmmoSupplyDual,discharge,void,False,False,True,False,False,False,True
274,273,0x111,?dismount@wAircraftGunMount@@QEAAX_N@Z,public: void __cdecl wAircraftGunMount::dismount(bool),method,,wAircraftGunMount,dismount,bool,False,False,False,False,False,False,True
275,274,0x112,?dismounted@wAircraftGunMount@@QEBA_NXZ,public: bool __cdecl wAircraftGunMount::dismounted(void) const,method,,wAircraftGunMount,dismounted,void,True,False,False,False,False,False,True
276,275,0x113,?endBurst@wAircraftGunMount@@QEAAXAEAVStream@Mail@@@Z,public: void __cdecl wAircraftGunMount::endBurst(class Mail::Stream &),method,,wAircraftGunMount,endBurst,class Mail::Stream &,False,False,False,False,False,False,True
277,276,0x114,?endBurst@wGun@weapons_gun@@QEAAXXZ,public: void __cdecl weapons_gun::wGun::endBurst(void),method,weapons_gun,wGun,endBurst,void,False,False,False,False,False,False,True
278,277,0x115,?equation3@@YA_NAEAUInputEquation3@@AEAV?$vector@V?$complex@N@std@@V?$allocator@V?$complex@N@std@@@ed@@@ed@@@Z,"bool __cdecl equation3(struct InputEquation3 &, class ed::vector<class std::complex<double>, class ed::allocator<class std::complex<double>>> &)",function,,,equation3,"struct InputEquation3 &, class ed::vector<class std::complex<double>, class ed::allocator<class std::complex<double>>> &",False,False,False,False,False,False,True
279,278,0x116,?equation4@@YA_NAEAUInputEquation4@@AEAV?$vector@NV?$allocator@N@ed@@@ed@@@Z,"bool __cdecl equation4(struct InputEquation4 &, class ed::vector<double, class ed::allocator<double>> &)",function,,,equation4,"struct InputEquation4 &, class ed::vector<double, class ed::allocator<double>> &",False,False,False,False,False,False,True
280,279,0x117,?explode@@YA?AUDamageFromWarhead@@AEBUWarhead@@@Z,struct DamageFromWarhead __cdecl explode(struct Warhead const &),function,,,explode,struct Warhead const &,False,False,False,False,False,False,True
281,280,0x118,?fill_shell_coeffs@wGun@weapons_gun@@QEAAXXZ,public: void __cdecl weapons_gun::wGun::fill_shell_coeffs(void),method,weapons_gun,wGun,fill_shell_coeffs,void,False,False,False,False,False,False,True
282,281,0x119,?findDescriptorByName_@wDatabase@@MEAAPEAVwDescriptorBase@@AEBV?$basic_string@D@ed@@@Z,protected: virtual class wDescriptorBase * __cdecl wDatabase::findDescriptorByName_(class ed::basic_string<char> const &),method,,wDatabase,findDescriptorByName_,class ed::basic_string<char> const &,False,False,True,False,False,False,True
283,282,0x11A,?flagAll@wWorldCollider@@2IB,public: static unsigned int const wWorldCollider::flagAll,symbol,,,,,False,False,False,False,False,False,True
284,283,0x11B,?flagDynamic@wWorldCollider@@2IB,public: static unsigned int const wWorldCollider::flagDynamic,symbol,,,,,False,False,False,False,False,False,True
285,284,0x11C,?flagStatic@wWorldCollider@@2IB,public: static unsigned int const wWorldCollider::flagStatic,symbol,,,,,False,False,False,False,False,False,True
286,285,0x11D,?freeTable_@wDatabase@@IEAAXXZ,protected: void __cdecl wDatabase::freeTable_(void),method,,wDatabase,freeTable_,void,False,False,False,False,False,False,True
287,286,0x11E,?getA@wRocketSightDataDescriptor@@QEAANXZ,public: double __cdecl wRocketSightDataDescriptor::getA(void),method,,wRocketSightDataDescriptor,getA,void,False,False,False,False,False,False,True
288,287,0x11F,?getAAMTOF@TOFEstimator@@QEAANNNNNNNNNNPEANW4AAM@TOFE@@_N@Z,"public: double __cdecl TOFEstimator::getAAMTOF(double, double, double, double, double, double, double, double, double, double *, enum TOFE::AAM, bool)",method,,TOFEstimator,getAAMTOF,"double, double, double, double, double, double, double, double, double, double *, enum TOFE::AAM, bool",False,False,False,False,False,False,True
289,288,0x120,?getAGM114TOF@TOFEstimator@@QEAANNNNNNH@Z,"public: double __cdecl TOFEstimator::getAGM114TOF(double, double, double, double, double, int)",method,,TOFEstimator,getAGM114TOF,"double, double, double, double, double, int",False,False,False,False,False,False,True
290,289,0x121,?getAftGunMount@wAircraftGunMount@@QEBA_NXZ,public: bool __cdecl wAircraftGunMount::getAftGunMount(void) const,method,,wAircraftGunMount,getAftGunMount,void,True,False,False,False,False,False,True
291,290,0x122,?getAftGunMount@wAircraftGunMountDescriptor@@QEBA_NXZ,public: bool __cdecl wAircraftGunMountDescriptor::getAftGunMount(void) const,method,,wAircraftGunMountDescriptor,getAftGunMount,void,True,False,False,False,False,False,True
292,291,0x123,?getAimPoint@wAmmunition@@UEAA?AVVec3d@osg@@XZ,public: virtual class osg::Vec3d __cdecl wAmmunition::getAimPoint(void),method,,wAmmunition,getAimPoint,void,False,False,True,False,False,False,True
293,292,0x124,?getAimPoint@wShell@@UEAA?AVVec3d@osg@@XZ,public: virtual class osg::Vec3d __cdecl wShell::getAimPoint(void),method,,wShell,getAimPoint,void,False,False,True,False,False,False,True
294,293,0x125,?getAirDensity@LARBuilder@@AEAANN@Z,private: double __cdecl LARBuilder::getAirDensity(double),method,,LARBuilder,getAirDensity,double,False,False,False,False,False,False,True
295,294,0x126,?getAirDensity@WARBuilder@@AEAANN@Z,private: double __cdecl WARBuilder::getAirDensity(double),method,,WARBuilder,getAirDensity,double,False,False,False,False,False,False,True
296,295,0x127,?getAmmoRoundsCount@wAircraftGunMount@@QEBAHXZ,public: int __cdecl wAircraftGunMount::getAmmoRoundsCount(void) const,method,,wAircraftGunMount,getAmmoRoundsCount,void,True,False,False,False,False,False,True
297,296,0x128,?getAmmoRoundsInitialCount@wAircraftGunMount@@QEBAHXZ,public: int __cdecl wAircraftGunMount::getAmmoRoundsInitialCount(void) const,method,,wAircraftGunMount,getAmmoRoundsInitialCount,void,True,False,False,False,False,False,True
298,297,0x129,?getAmmoSupply@wAircraftGunMount@@QEAAPEAVwAmmoSupply@@XZ,public: class wAmmoSupply * __cdecl wAircraftGunMount::getAmmoSupply(void),method,,wAircraftGunMount,getAmmoSupply,void,False,False,False,False,False,False,True
299,298,0x12A,?getAmmoSupplyDescriptor@wAircraftGunMountDescriptor@@QEBAPEBVwAmmoSupplyDescriptor@@XZ,public: class wAmmoSupplyDescriptor const * __cdecl wAircraftGunMountDescriptor::getAmmoSupplyDescriptor(void) const,method,,wAircraftGunMountDescriptor,getAmmoSupplyDescriptor,void,True,False,False,False,False,False,True
300,299,0x12B,?getAmmoSupplyMass@wAircraftGunMount@@QEBANXZ,public: double __cdecl wAircraftGunMount::getAmmoSupplyMass(void) const,method,,wAircraftGunMount,getAmmoSupplyMass,void,True,False,False,False,False,False,True
301,300,0x12C,?getAmmoSupplyMassEmpty@wAircraftGunMount@@QEBANXZ,public: double __cdecl wAircraftGunMount::getAmmoSupplyMassEmpty(void) const,method,,wAircraftGunMount,getAmmoSupplyMassEmpty,void,True,False,False,False,False,False,True
302,301,0x12D,?getAmmoSupplyMassInitial@wAircraftGunMount@@QEBANXZ,public: double __cdecl wAircraftGunMount::getAmmoSupplyMassInitial(void) const,method,,wAircraftGunMount,getAmmoSupplyMassInitial,void,True,False,False,False,False,False,True
303,302,0x12E,?getAmmoSupplyPosition@wAircraftGunMount@@QEBA?AV?$Vector@$02N@Math@@XZ,"public: class Math::Vector<3, double> __cdecl wAircraftGunMount::getAmmoSupplyPosition(void) const",method,,wAircraftGunMount,getAmmoSupplyPosition,void,True,False,False,False,False,False,True
304,303,0x12F,?getAmmoSupplyPosition@wAircraftGunMountDescriptor@@QEBAAEBV?$Vector@$02N@Math@@XZ,"public: class Math::Vector<3, double> const & __cdecl wAircraftGunMountDescriptor::getAmmoSupplyPosition(void) const",method,,wAircraftGunMountDescriptor,getAmmoSupplyPosition,void,True,False,False,False,False,False,True
305,304,0x130,?getAmmoType@wAircraftGunMount@@QEBAIXZ,public: unsigned int __cdecl wAircraftGunMount::getAmmoType(void) const,method,,wAircraftGunMount,getAmmoType,void,True,False,False,False,False,False,True
306,305,0x131,?getAmmoType@wAmmoSupply@@UEBAIXZ,public: virtual unsigned int __cdecl wAmmoSupply::getAmmoType(void) const,method,,wAmmoSupply,getAmmoType,void,True,False,True,False,False,False,True
307,306,0x132,?getAmmunitionHotJoinData@wAmmunition@@QEBA_NAEAUAmmunitionHotJoinData@@@Z,public: bool __cdecl wAmmunition::getAmmunitionHotJoinData(struct AmmunitionHotJoinData &) const,method,,wAmmunition,getAmmunitionHotJoinData,struct AmmunitionHotJoinData &,True,False,False,False,False,False,True
308,307,0x133,?getAnimDesc@wShellDescriptor@@QEBAAEBUSharedParamsAnimInfo@@XZ,public: struct SharedParamsAnimInfo const & __cdecl wShellDescriptor::getAnimDesc(void) const,method,,wShellDescriptor,getAnimDesc,void,True,False,False,False,False,False,True
309,308,0x134,?getAttributes@wAmmunitionDescriptor@@QEBAAEBV?$vector@V?$basic_string@D@ed@@V?$allocator@V?$basic_string@D@ed@@@2@@ed@@XZ,"public: class ed::vector<class ed::basic_string<char>, class ed::allocator<class ed::basic_string<char>>> const & __cdecl wAmmunitionDescriptor::getAttributes(void) const",method,,wAmmunitionDescriptor,getAttributes,void,True,False,False,False,False,False,True
310,309,0x135,?getAvailableAccel@LARBuilder@@AEAANNNN@Z,"private: double __cdecl LARBuilder::getAvailableAccel(double, double, double)",method,,LARBuilder,getAvailableAccel,"double, double, double",False,False,False,False,False,False,True
311,310,0x136,?getAzimuth@wAircraftGunMount@@QEBANXZ,public: double __cdecl wAircraftGunMount::getAzimuth(void) const,method,,wAircraftGunMount,getAzimuth,void,True,False,False,False,False,False,True
312,311,0x137,?getAzimuthInitial@wAircraftGunMountDescriptor@@QEBANXZ,public: double __cdecl wAircraftGunMountDescriptor::getAzimuthInitial(void) const,method,,wAircraftGunMountDescriptor,getAzimuthInitial,void,True,False,False,False,False,False,True
313,312,0x138,?getBarrelCircularError@wAircraftGunMountDescriptor@@QEBAMXZ,public: float __cdecl wAircraftGunMountDescriptor::getBarrelCircularError(void) const,method,,wAircraftGunMountDescriptor,getBarrelCircularError,void,True,False,False,False,False,False,True
314,313,0x139,?getBaseAmmunitionHotJoinData@wAmmunition@@QEBA_NAEAUBaseAmmoHotJoinData@@@Z,public: bool __cdecl wAmmunition::getBaseAmmunitionHotJoinData(struct BaseAmmoHotJoinData &) const,method,,wAmmunition,getBaseAmmunitionHotJoinData,struct BaseAmmoHotJoinData &,True,False,False,False,False,False,True
315,314,0x13A,?getBombSightDataByWsType@@YAPEAVwBombSightDataDescriptor@@AEBVwsType@@@Z,class wBombSightDataDescriptor * __cdecl getBombSightDataByWsType(class wsType const &),function,,,getBombSightDataByWsType,class wsType const &,False,False,False,False,False,False,True
316,315,0x13B,?getBombletCharTime@wBombSightDataDescriptor@@QEAANXZ,public: double __cdecl wBombSightDataDescriptor::getBombletCharTime(void),method,,wBombSightDataDescriptor,getBombletCharTime,void,False,False,False,False,False,False,True
317,316,0x13C,?getBurstCutoff@wGunDescriptor@weapons_gun@@QEBAHXZ,public: int __cdecl weapons_gun::wGunDescriptor::getBurstCutoff(void) const,method,weapons_gun,wGunDescriptor,getBurstCutoff,void,True,False,False,False,False,False,True
318,317,0x13D,?getBurstIsMaster@wAircraftGunMount@@QEBA_NXZ,public: bool __cdecl wAircraftGunMount::getBurstIsMaster(void) const,method,,wAircraftGunMount,getBurstIsMaster,void,True,False,False,False,False,False,True
319,318,0x13E,?getBurstIsMaster@wGun@weapons_gun@@QEBA_NXZ,public: bool __cdecl weapons_gun::wGun::getBurstIsMaster(void) const,method,weapons_gun,wGun,getBurstIsMaster,void,True,False,False,False,False,False,True
320,319,0x13F,?getBurstLength@wAircraftGunMount@@QEBAHXZ,public: int __cdecl wAircraftGunMount::getBurstLength(void) const,method,,wAircraftGunMount,getBurstLength,void,True,False,False,False,False,False,True
321,320,0x140,?getBurstLength@wGun@weapons_gun@@QEBAHXZ,public: int __cdecl weapons_gun::wGun::getBurstLength(void) const,method,weapons_gun,wGun,getBurstLength,void,True,False,False,False,False,False,True
322,321,0x141,?getCaliber@wAmmunition@@QEBAMXZ,public: float __cdecl wAmmunition::getCaliber(void) const,method,,wAmmunition,getCaliber,void,True,False,False,False,False,False,True
323,322,0x142,?getCaliber@wAmmunitionDescriptor@@QEBANXZ,public: double __cdecl wAmmunitionDescriptor::getCaliber(void) const,method,,wAmmunitionDescriptor,getCaliber,void,True,False,False,False,False,False,True
324,323,0x143,?getCarriage@wAircraftGunMount@@QEBAPEAVwGunCarriageBase@@XZ,public: class wGunCarriageBase * __cdecl wAircraftGunMount::getCarriage(void) const,method,,wAircraftGunMount,getCarriage,void,True,False,False,False,False,False,True
325,324,0x144,?getCenterOfMass@wAmmoSupplyDual@@UEAA?AV?$Vector@$02N@Math@@XZ,"public: virtual class Math::Vector<3, double> __cdecl wAmmoSupplyDual::getCenterOfMass(void)",method,,wAmmoSupplyDual,getCenterOfMass,void,False,False,True,False,False,False,True
326,325,0x145,?getChain@wAmmoSupplyDual@@QEBAHXZ,public: int __cdecl wAmmoSupplyDual::getChain(void) const,method,,wAmmoSupplyDual,getChain,void,True,False,False,False,False,False,True
327,326,0x146,?getChainAmmoMass@wAmmoSupplyDual@@IEBANII@Z,"protected: double __cdecl wAmmoSupplyDual::getChainAmmoMass(unsigned int, unsigned int) const",method,,wAmmoSupplyDual,getChainAmmoMass,"unsigned int, unsigned int",True,False,False,False,False,False,True
328,327,0x147,?getCharTime@wBombSightDataDescriptor@@QEAANNN@Z,"public: double __cdecl wBombSightDataDescriptor::getCharTime(double, double)",method,,wBombSightDataDescriptor,getCharTime,"double, double",False,False,False,False,False,False,True
329,328,0x148,?getChuteCharTime@wBombSightDataDescriptor@@QEAANXZ,public: double __cdecl wBombSightDataDescriptor::getChuteCharTime(void),method,,wBombSightDataDescriptor,getChuteCharTime,void,False,False,False,False,False,False,True
330,329,0x149,?getChuteCutTime@wBombSightDataDescriptor@@QEAANXZ,public: double __cdecl wBombSightDataDescriptor::getChuteCutTime(void),method,,wBombSightDataDescriptor,getChuteCutTime,void,False,False,False,False,False,False,True
331,330,0x14A,?getChuteOpenTime@wBombSightDataDescriptor@@QEAANXZ,public: double __cdecl wBombSightDataDescriptor::getChuteOpenTime(void),method,,wBombSightDataDescriptor,getChuteOpenTime,void,False,False,False,False,False,False,True
332,331,0x14B,?getConnectorName@wAircraftGunMountDescriptor@@QEBAAEBV?$basic_string@D@ed@@XZ,public: class ed::basic_string<char> const & __cdecl wAircraftGunMountDescriptor::getConnectorName(void) const,method,,wAircraftGunMountDescriptor,getConnectorName,void,True,False,False,False,False,False,True
333,332,0x14C,?getCrewMemberInCommandIdx@wAircraftGunMount@@QEBAHXZ,public: int __cdecl wAircraftGunMount::getCrewMemberInCommandIdx(void) const,method,,wAircraftGunMount,getCrewMemberInCommandIdx,void,True,False,False,False,False,False,True
334,333,0x14D,?getCurrentShell@wAmmoSupplyDual@@UEBAPEBVwShellDescriptor@@XZ,public: virtual class wShellDescriptor const * __cdecl wAmmoSupplyDual::getCurrentShell(void) const,method,,wAmmoSupplyDual,getCurrentShell,void,True,False,True,False,False,False,True
335,334,0x14E,?getCurrent_wsType@wNURSSight@@QEBAAEBVwsType@@XZ,public: class wsType const & __cdecl wNURSSight::getCurrent_wsType(void) const,method,,wNURSSight,getCurrent_wsType,void,True,False,False,False,False,False,True
336,335,0x14F,?getCurrent_wsType@wRocketSight@@QEBAAEBVwsType@@XZ,public: class wsType const & __cdecl wRocketSight::getCurrent_wsType(void) const,method,,wRocketSight,getCurrent_wsType,void,True,False,False,False,False,False,True
337,336,0x150,?getCx0@LARBuilder@@AEAANN@Z,private: double __cdecl LARBuilder::getCx0(double),method,,LARBuilder,getCx0,double,False,False,False,False,False,False,True
338,337,0x151,?getCx0@wNURSSightV2@@IEAANN@Z,protected: double __cdecl wNURSSightV2::getCx0(double),method,,wNURSSightV2,getCx0,double,False,False,False,False,False,False,True
339,338,0x152,?getCxCoeff@wAmmunitionDescriptor@@QEBAPEBV?$vector@NV?$allocator@N@ed@@@ed@@XZ,"public: class ed::vector<double, class ed::allocator<double>> const * __cdecl wAmmunitionDescriptor::getCxCoeff(void) const",method,,wAmmunitionDescriptor,getCxCoeff,void,True,False,False,False,False,False,True
340,339,0x153,?getCy@wBombSightAdv@@IEAANNNN@Z,"protected: double __cdecl wBombSightAdv::getCy(double, double, double)",method,,wBombSightAdv,getCy,"double, double, double",False,False,False,False,False,False,True
341,340,0x154,?getCy@wNURSSight@@IEAANNNN@Z,"protected: double __cdecl wNURSSight::getCy(double, double, double)",method,,wNURSSight,getCy,"double, double, double",False,False,False,False,False,False,True
342,341,0x155,?getCy@wRocketSight@@IEAANNNN@Z,"protected: double __cdecl wRocketSight::getCy(double, double, double)",method,,wRocketSight,getCy,"double, double, double",False,False,False,False,False,False,True
343,342,0x156,?getDefenciveTurret@wAircraftGunMount@@QEAAPEAUDefenciveTurret@1@XZ,public: struct wAircraftGunMount::DefenciveTurret * __cdecl wAircraftGunMount::getDefenciveTurret(void),method,,wAircraftGunMount,getDefenciveTurret,void,False,False,False,False,False,False,True
344,343,0x157,?getDefenciveTurret@wAircraftGunMountDescriptor@@QEBAPEBUDefenciveTurret@1@XZ,public: struct wAircraftGunMountDescriptor::DefenciveTurret const * __cdecl wAircraftGunMountDescriptor::getDefenciveTurret(void) const,method,,wAircraftGunMountDescriptor,getDefenciveTurret,void,True,False,False,False,False,False,True
345,344,0x158,?getDefenciveTurretParams@wAircraftGunMount@@QEBA_NAEAH0AEAM11111@Z,"public: bool __cdecl wAircraftGunMount::getDefenciveTurretParams(int &, int &, float &, float &, float &, float &, float &, float &) const",method,,wAircraftGunMount,getDefenciveTurretParams,"int &, int &, float &, float &, float &, float &, float &, float &",True,False,False,False,False,False,True
346,345,0x159,?getDescriptor@wAmmunition@@QEBAPEBVwAmmunitionDescriptor@@XZ,public: class wAmmunitionDescriptor const * __cdecl wAmmunition::getDescriptor(void) const,method,,wAmmunition,getDescriptor,void,True,False,False,False,False,False,True
347,346,0x15A,?getDetectable@wMovingObjectProxy@@UEAAPEAVwDetectable@@XZ,public: virtual class wDetectable * __cdecl wMovingObjectProxy::getDetectable(void),method,,wMovingObjectProxy,getDetectable,void,False,False,True,False,False,False,True
348,347,0x15B,?getDirectAimingDataByAngle@wShellAimingTableDescriptor@@QEBA_NNAEAUtargeting_data@1@@Z,"public: bool __cdecl wShellAimingTableDescriptor::getDirectAimingDataByAngle(double, struct wShellAimingTableDescriptor::targeting_data &) const",method,,wShellAimingTableDescriptor,getDirectAimingDataByAngle,"double, struct wShellAimingTableDescriptor::targeting_data &",True,False,False,False,False,False,True
349,348,0x15C,?getDirectAimingDataByDist@wShellAimingTableDescriptor@@QEBA_NNHAEAUtargeting_data@1@@Z,"public: bool __cdecl wShellAimingTableDescriptor::getDirectAimingDataByDist(double, int, struct wShellAimingTableDescriptor::targeting_data &) const",method,,wShellAimingTableDescriptor,getDirectAimingDataByDist,"double, int, struct wShellAimingTableDescriptor::targeting_data &",True,False,False,False,False,False,True
350,349,0x15D,?getDisplayName@wAircraftGunMount@@QEBAAEBV?$basic_string@D@ed@@XZ,public: class ed::basic_string<char> const & __cdecl wAircraftGunMount::getDisplayName(void) const,method,,wAircraftGunMount,getDisplayName,void,True,False,False,False,False,False,True
351,350,0x15E,?getDisplayName@wAircraftGunMountDescriptor@@QEBAAEBV?$basic_string@D@ed@@XZ,public: class ed::basic_string<char> const & __cdecl wAircraftGunMountDescriptor::getDisplayName(void) const,method,,wAircraftGunMountDescriptor,getDisplayName,void,True,False,False,False,False,False,True
352,351,0x15F,?getDoorArg@wAircraftGunMount@@QEBAHXZ,public: int __cdecl wAircraftGunMount::getDoorArg(void) const,method,,wAircraftGunMount,getDoorArg,void,True,False,False,False,False,False,True
353,352,0x160,?getDrawArgs@wAmmunitionDescriptor@@QEBAAEBV?$vector@HV?$allocator@H@ed@@@ed@@_N@Z,"public: class ed::vector<int, class ed::allocator<int>> const & __cdecl wAmmunitionDescriptor::getDrawArgs(bool) const",method,,wAmmunitionDescriptor,getDrawArgs,bool,True,False,False,False,False,False,True
354,353,0x161,?getDropCartridge@wAircraftGunMount@@QEBAGXZ,public: unsigned short __cdecl wAircraftGunMount::getDropCartridge(void) const,method,,wAircraftGunMount,getDropCartridge,void,True,False,False,False,False,False,True
355,354,0x162,?getDropCartridge@wAircraftGunMountDescriptor@@QEBAGXZ,public: unsigned short __cdecl wAircraftGunMountDescriptor::getDropCartridge(void) const,method,,wAircraftGunMountDescriptor,getDropCartridge,void,True,False,False,False,False,False,True
356,355,0x163,?getEffectiveFireDistance@wAircraftGunMount@@QEBANXZ,public: double __cdecl wAircraftGunMount::getEffectiveFireDistance(void) const,method,,wAircraftGunMount,getEffectiveFireDistance,void,True,False,False,False,False,False,True
357,356,0x164,?getEffectiveFireDistance@wAircraftGunMountDescriptor@@QEBANXZ,public: double __cdecl wAircraftGunMountDescriptor::getEffectiveFireDistance(void) const,method,,wAircraftGunMountDescriptor,getEffectiveFireDistance,void,True,False,False,False,False,False,True
358,357,0x165,?getEjectVelocity@wBombSightDataDescriptor@@QEAANXZ,public: double __cdecl wBombSightDataDescriptor::getEjectVelocity(void),method,,wBombSightDataDescriptor,getEjectVelocity,void,False,False,False,False,False,False,True
359,358,0x166,?getEjectorConnectorName@wAircraftGunMountDescriptor@@QEBAAEBV?$basic_string@D@ed@@XZ,public: class ed::basic_string<char> const & __cdecl wAircraftGunMountDescriptor::getEjectorConnectorName(void) const,method,,wAircraftGunMountDescriptor,getEjectorConnectorName,void,True,False,False,False,False,False,True
360,359,0x167,?getEjectorDir@wAircraftGunMount@@QEBAAEBVVec3f@osg@@XZ,public: class osg::Vec3f const & __cdecl wAircraftGunMount::getEjectorDir(void) const,method,,wAircraftGunMount,getEjectorDir,void,True,False,False,False,False,False,True
361,360,0x168,?getEjectorDir@wAircraftGunMountDescriptor@@QEBAAEBV?$Vector@$02N@Math@@XZ,"public: class Math::Vector<3, double> const & __cdecl wAircraftGunMountDescriptor::getEjectorDir(void) const",method,,wAircraftGunMountDescriptor,getEjectorDir,void,True,False,False,False,False,False,True
362,361,0x169,?getEjectorPosition@wAircraftGunMount@@QEBAAEBV?$wPosition3@M@@XZ,public: class wPosition3<float> const & __cdecl wAircraftGunMount::getEjectorPosition(void) const,method,,wAircraftGunMount,getEjectorPosition,void,True,False,False,False,False,False,True
363,362,0x16A,?getEjectorPosition@wAircraftGunMountDescriptor@@QEBAAEBV?$Vector@$02N@Math@@XZ,"public: class Math::Vector<3, double> const & __cdecl wAircraftGunMountDescriptor::getEjectorPosition(void) const",method,,wAircraftGunMountDescriptor,getEjectorPosition,void,True,False,False,False,False,False,True
364,363,0x16B,?getElevation@wAircraftGunMount@@QEBANXZ,public: double __cdecl wAircraftGunMount::getElevation(void) const,method,,wAircraftGunMount,getElevation,void,True,False,False,False,False,False,True
365,364,0x16C,?getElevationInitial@wAircraftGunMountDescriptor@@QEBANXZ,public: double __cdecl wAircraftGunMountDescriptor::getElevationInitial(void) const,method,,wAircraftGunMountDescriptor,getElevationInitial,void,True,False,False,False,False,False,True
366,365,0x16D,?getEngineParameters@wRocketSightDataDescriptor@@QEAA_NPEAN000@Z,"public: bool __cdecl wRocketSightDataDescriptor::getEngineParameters(double *, double *, double *, double *)",method,,wRocketSightDataDescriptor,getEngineParameters,"double *, double *, double *, double *",False,False,False,False,False,False,True
367,366,0x16E,?getEngineParameters@wRocketSightDataDescriptor@@QEAA_NPEAUrocketEngineData@@@Z,public: bool __cdecl wRocketSightDataDescriptor::getEngineParameters(struct rocketEngineData *),method,,wRocketSightDataDescriptor,getEngineParameters,struct rocketEngineData *,False,False,False,False,False,False,True
368,367,0x16F,?getEngineTime@wRocketSightDataDescriptor@@QEAANXZ,public: double __cdecl wRocketSightDataDescriptor::getEngineTime(void),method,,wRocketSightDataDescriptor,getEngineTime,void,False,False,False,False,False,False,True
369,368,0x170,?getFMParameters@wRocketSightDataDescriptor@@QEAA_NPEAUafmGW2Data@@@Z,public: bool __cdecl wRocketSightDataDescriptor::getFMParameters(struct afmGW2Data *),method,,wRocketSightDataDescriptor,getFMParameters,struct afmGW2Data *,False,False,False,False,False,False,True
370,369,0x171,?getFMParams@wBombSightAdv@@IEAAXAEAV?$Vector@$02N@Math@@NPEAN111@Z,"protected: void __cdecl wBombSightAdv::getFMParams(class Math::Vector<3, double> &, double, double *, double *, double *, double *)",method,,wBombSightAdv,getFMParams,"class Math::Vector<3, double> &, double, double *, double *, double *, double *",False,False,False,False,False,False,True
371,370,0x172,?getFMParams@wNURSSight@@IEAAXAEAV?$Vector@$02N@Math@@NPEAN111@Z,"protected: void __cdecl wNURSSight::getFMParams(class Math::Vector<3, double> &, double, double *, double *, double *, double *)",method,,wNURSSight,getFMParams,"class Math::Vector<3, double> &, double, double *, double *, double *, double *",False,False,False,False,False,False,True
372,371,0x173,?getFMParams@wNURSSightV2@@IEAAXAEAV?$Vector@$02N@Math@@NPEAN111@Z,"protected: void __cdecl wNURSSightV2::getFMParams(class Math::Vector<3, double> &, double, double *, double *, double *, double *)",method,,wNURSSightV2,getFMParams,"class Math::Vector<3, double> &, double, double *, double *, double *, double *",False,False,False,False,False,False,True
373,372,0x174,?getFMParams@wRocketSight@@IEAAXAEAV?$Vector@$02N@Math@@NPEAN111@Z,"protected: void __cdecl wRocketSight::getFMParams(class Math::Vector<3, double> &, double, double *, double *, double *, double *)",method,,wRocketSight,getFMParams,"class Math::Vector<3, double> &, double, double *, double *, double *, double *",False,False,False,False,False,False,True
374,373,0x175,?getFailure@wAircraftGunMount@@QEBA_NXZ,public: bool __cdecl wAircraftGunMount::getFailure(void) const,method,,wAircraftGunMount,getFailure,void,True,False,False,False,False,False,True
375,374,0x176,?getFireDelay@wGunDescriptor@weapons_gun@@QEBANH@Z,public: double __cdecl weapons_gun::wGunDescriptor::getFireDelay(int) const,method,weapons_gun,wGunDescriptor,getFireDelay,int,True,False,False,False,False,False,True
376,375,0x177,?getFireRate@wGun@weapons_gun@@QEBANXZ,public: double __cdecl weapons_gun::wGun::getFireRate(void) const,method,weapons_gun,wGun,getFireRate,void,True,False,False,False,False,False,True
377,376,0x178,?getFireRate@wGunDescriptor@weapons_gun@@QEBANH@Z,public: double __cdecl weapons_gun::wGunDescriptor::getFireRate(int) const,method,weapons_gun,wGunDescriptor,getFireRate,int,True,False,False,False,False,False,True
378,377,0x179,?getFireRateIndex@wGun@weapons_gun@@QEBAHXZ,public: int __cdecl weapons_gun::wGun::getFireRateIndex(void) const,method,weapons_gun,wGun,getFireRateIndex,void,True,False,False,False,False,False,True
379,378,0x17A,?getFuelMass@wRocketSightDataDescriptor@@QEAANXZ,public: double __cdecl wRocketSightDataDescriptor::getFuelMass(void),method,,wRocketSightDataDescriptor,getFuelMass,void,False,False,False,False,False,False,True
380,379,0x17B,?getFuelRate@wRocketSightDataDescriptor@@QEAANXZ,public: double __cdecl wRocketSightDataDescriptor::getFuelRate(void),method,,wRocketSightDataDescriptor,getFuelRate,void,False,False,False,False,False,False,True
381,380,0x17C,?getGBU24TOF@TOFEstimator@@QEAANNNNNN@Z,"public: double __cdecl TOFEstimator::getGBU24TOF(double, double, double, double, double)",method,,TOFEstimator,getGBU24TOF,"double, double, double, double, double",False,False,False,False,False,False,True
382,381,0x17D,?getGW2Parameters@wRocketSightDataDescriptor@@QEAA_NPEAUminGW2Data@@@Z,public: bool __cdecl wRocketSightDataDescriptor::getGW2Parameters(struct minGW2Data *),method,,wRocketSightDataDescriptor,getGW2Parameters,struct minGW2Data *,False,False,False,False,False,False,True
383,382,0x17E,?getGun@wAircraftGunMount@@QEBAPEAVwGun@weapons_gun@@XZ,public: class weapons_gun::wGun * __cdecl wAircraftGunMount::getGun(void) const,method,,wAircraftGunMount,getGun,void,True,False,False,False,False,False,True
384,383,0x17F,?getGunDescriptor@wAircraftGunMountDescriptor@@QEBAPEBVwGunDescriptor@weapons_gun@@XZ,public: class weapons_gun::wGunDescriptor const * __cdecl wAircraftGunMountDescriptor::getGunDescriptor(void) const,method,,wAircraftGunMountDescriptor,getGunDescriptor,void,True,False,False,False,False,False,True
385,384,0x180,?getGw2Parameters@wRocketSightDataDescriptor@@QEAA_NPEAN0000@Z,"public: bool __cdecl wRocketSightDataDescriptor::getGw2Parameters(double *, double *, double *, double *, double *)",method,,wRocketSightDataDescriptor,getGw2Parameters,"double *, double *, double *, double *, double *",False,False,False,False,False,False,True
386,385,0x181,?getHARMApexAlt@WARBuilder@@AEAANNNNN@Z,"private: double __cdecl WARBuilder::getHARMApexAlt(double, double, double, double)",method,,WARBuilder,getHARMApexAlt,"double, double, double, double",False,False,False,False,False,False,True
387,386,0x182,?getHARMLoftPitch@WARBuilder@@AEAANNNN@Z,"private: double __cdecl WARBuilder::getHARMLoftPitch(double, double, double)",method,,WARBuilder,getHARMLoftPitch,"double, double, double",False,False,False,False,False,False,True
388,387,0x183,?getHARMMinPitch@WARBuilder@@AEAANNN@Z,"private: double __cdecl WARBuilder::getHARMMinPitch(double, double)",method,,WARBuilder,getHARMMinPitch,"double, double",False,False,False,False,False,False,True
389,388,0x184,?getHARMTOF@TOFEstimator@@QEAANNNNNN@Z,"public: double __cdecl TOFEstimator::getHARMTOF(double, double, double, double, double)",method,,TOFEstimator,getHARMTOF,"double, double, double, double, double",False,False,False,False,False,False,True
390,389,0x185,?getHARMTOF@WARBuilder@@QEAANNNNNN@Z,"public: double __cdecl WARBuilder::getHARMTOF(double, double, double, double, double)",method,,WARBuilder,getHARMTOF,"double, double, double, double, double",False,False,False,False,False,False,True
391,390,0x186,?getHARMTTR@WARBuilder@@AEAANNNN@Z,"private: double __cdecl WARBuilder::getHARMTTR(double, double, double)",method,,WARBuilder,getHARMTTR,"double, double, double",False,False,False,False,False,False,True
392,391,0x187,?getHost@wAmmunition@@UEBAPEAVMovingObject@@XZ,public: virtual class MovingObject * __cdecl wAmmunition::getHost(void) const,method,,wAmmunition,getHost,void,True,False,True,False,False,False,True
393,392,0x188,?getI@wAmmunitionDescriptor@@QEBANXZ,public: double __cdecl wAmmunitionDescriptor::getI(void) const,method,,wAmmunitionDescriptor,getI,void,True,False,False,False,False,False,True
394,393,0x189,?getI@wRocketSightDataDescriptor@@QEAANXZ,public: double __cdecl wRocketSightDataDescriptor::getI(void),method,,wRocketSightDataDescriptor,getI,void,False,False,False,False,False,False,True
395,394,0x18A,?getID@wLAGunpodCarriage@@UEBAIXZ,public: virtual unsigned int __cdecl wLAGunpodCarriage::getID(void) const,method,,wLAGunpodCarriage,getID,void,True,False,True,False,False,False,True
396,395,0x18B,?getIRTargetRelockProbability@@YAMPEAVMovingObject@@0AEBVVec3f@osg@@AEBM@Z,"float __cdecl getIRTargetRelockProbability(class MovingObject *, class MovingObject *, class osg::Vec3f const &, float const &)",function,,,getIRTargetRelockProbability,"class MovingObject *, class MovingObject *, class osg::Vec3f const &, float const &",False,False,False,False,False,False,True
397,396,0x18C,?getIllumination@wAmmunition@@UEBAMAEBVVec3f@osg@@@Z,public: virtual float __cdecl wAmmunition::getIllumination(class osg::Vec3f const &) const,method,,wAmmunition,getIllumination,class osg::Vec3f const &,True,False,True,False,False,False,True
398,397,0x18D,?getImpulseVectorRot@wGunDescriptor@weapons_gun@@QEBAAEBV?$Vector@$02N@Math@@XZ,"public: class Math::Vector<3, double> const & __cdecl weapons_gun::wGunDescriptor::getImpulseVectorRot(void) const",method,weapons_gun,wGunDescriptor,getImpulseVectorRot,void,True,False,False,False,False,False,True
399,398,0x18E,?getIndexByFireDelay@wGunDescriptor@weapons_gun@@QEBAHN@Z,public: int __cdecl weapons_gun::wGunDescriptor::getIndexByFireDelay(double) const,method,weapons_gun,wGunDescriptor,getIndexByFireDelay,double,True,False,False,False,False,False,True
400,399,0x18F,?getInitialMass@wAmmoSupplyDual@@UEBANXZ,public: virtual double __cdecl wAmmoSupplyDual::getInitialMass(void) const,method,,wAmmoSupplyDual,getInitialMass,void,True,False,True,False,False,False,True
401,400,0x190,?getInitialRoundsCount@wAmmoSupplyDual@@UEBAHXZ,public: virtual int __cdecl wAmmoSupplyDual::getInitialRoundsCount(void) const,method,,wAmmoSupplyDual,getInitialRoundsCount,void,True,False,True,False,False,False,True
402,401,0x191,?getJDAMTOF@LARBuilder@@QEAANNNNNNNNNNNW4JDAM_Type@1@@Z,"public: double __cdecl LARBuilder::getJDAMTOF(double, double, double, double, double, double, double, double, double, double, enum LARBuilder::JDAM_Type)",method,,LARBuilder,getJDAMTOF,"double, double, double, double, double, double, double, double, double, double, enum LARBuilder::JDAM_Type",False,False,False,False,False,False,True
403,402,0x192,?getL@wRocketSightDataDescriptor@@QEAANXZ,public: double __cdecl wRocketSightDataDescriptor::getL(void),method,,wRocketSightDataDescriptor,getL,void,False,False,False,False,False,False,True
404,403,0x193,?getLength@wAmmunitionDescriptor@@QEBANXZ,public: double __cdecl wAmmunitionDescriptor::getLength(void) const,method,,wAmmunitionDescriptor,getLength,void,True,False,False,False,False,False,True
405,404,0x194,?getMa@wRocketSightDataDescriptor@@QEAANXZ,public: double __cdecl wRocketSightDataDescriptor::getMa(void),method,,wRocketSightDataDescriptor,getMa,void,False,False,False,False,False,False,True
406,405,0x195,?getMass@wAmmoSupplyDual@@UEBANXZ,public: virtual double __cdecl wAmmoSupplyDual::getMass(void) const,method,,wAmmoSupplyDual,getMass,void,True,False,True,False,False,False,True
407,406,0x196,?getMass@wAmmunitionDescriptor@@QEBANXZ,public: double __cdecl wAmmunitionDescriptor::getMass(void) const,method,,wAmmunitionDescriptor,getMass,void,True,False,False,False,False,False,True
408,407,0x197,?getMass@wRocketSightDataDescriptor@@QEAANXZ,public: double __cdecl wRocketSightDataDescriptor::getMass(void),method,,wRocketSightDataDescriptor,getMass,void,False,False,False,False,False,False,True
409,408,0x198,?getMassEmpty@wAmmoSupplyDual@@UEBANXZ,public: virtual double __cdecl wAmmoSupplyDual::getMassEmpty(void) const,method,,wAmmoSupplyDual,getMassEmpty,void,True,False,True,False,False,False,True
410,409,0x199,?getMaxDistance@wShellAimingTableDescriptor@@QEBANXZ,public: double __cdecl wShellAimingTableDescriptor::getMaxDistance(void) const,method,,wShellAimingTableDescriptor,getMaxDistance,void,True,False,False,False,False,False,True
411,410,0x19A,?getModel@wAmmunitionDescriptor@@QEBAAEBV?$basic_string@D@ed@@XZ,public: class ed::basic_string<char> const & __cdecl wAmmunitionDescriptor::getModel(void) const,method,,wAmmunitionDescriptor,getModel,void,True,False,False,False,False,False,True
412,411,0x19B,?getModel@wShellDescriptor@@QEBA?AVModelPtr@Graphics@@XZ,public: class Graphics::ModelPtr __cdecl wShellDescriptor::getModel(void) const,method,,wShellDescriptor,getModel,void,True,False,False,False,False,False,True
413,412,0x19C,?getMostProbableTarget@@YAIAEAV?$vector@UProbableTarget@@V?$allocator@UProbableTarget@@@ed@@@ed@@AEBIPEAVRandomObject@@@Z,"unsigned int __cdecl getMostProbableTarget(class ed::vector<struct ProbableTarget, class ed::allocator<struct ProbableTarget>> &, unsigned int const &, class RandomObject *)",function,,,getMostProbableTarget,"class ed::vector<struct ProbableTarget, class ed::allocator<struct ProbableTarget>> &, unsigned int const &, class RandomObject *",False,False,False,False,False,False,True
414,413,0x19D,?getMuzzleBoreSightPosition@wLAGunCarriage@@UEBA?AV?$wPosition3@M@@XZ,public: virtual class wPosition3<float> __cdecl wLAGunCarriage::getMuzzleBoreSightPosition(void) const,method,,wLAGunCarriage,getMuzzleBoreSightPosition,void,True,False,True,False,False,False,True
415,414,0x19E,?getMuzzleBoreSightPosition@wLAGunpodCarriage@@UEBA?AV?$wPosition3@M@@XZ,public: virtual class wPosition3<float> __cdecl wLAGunpodCarriage::getMuzzleBoreSightPosition(void) const,method,,wLAGunpodCarriage,getMuzzleBoreSightPosition,void,True,False,True,False,False,False,True
416,415,0x19F,?getMuzzlePosition@wAircraftGunMount@@QEBAAEBV?$wPosition3@M@@XZ,public: class wPosition3<float> const & __cdecl wAircraftGunMount::getMuzzlePosition(void) const,method,,wAircraftGunMount,getMuzzlePosition,void,True,False,False,False,False,False,True
417,416,0x1A0,?getMuzzlePosition@wAircraftGunMountDescriptor@@QEBAAEBV?$Vector@$02N@Math@@XZ,"public: class Math::Vector<3, double> const & __cdecl wAircraftGunMountDescriptor::getMuzzlePosition(void) const",method,,wAircraftGunMountDescriptor,getMuzzlePosition,void,True,False,False,False,False,False,True
418,417,0x1A1,?getMuzzlePositionBoreSight@wAircraftGunMount@@QEBA?AV?$wPosition3@M@@XZ,public: class wPosition3<float> __cdecl wAircraftGunMount::getMuzzlePositionBoreSight(void) const,method,,wAircraftGunMount,getMuzzlePositionBoreSight,void,True,False,False,False,False,False,True
419,418,0x1A2,?getMuzzlePositionLocal@wAircraftGunMount@@QEBAAEBV?$wPosition3@M@@XZ,public: class wPosition3<float> const & __cdecl wAircraftGunMount::getMuzzlePositionLocal(void) const,method,,wAircraftGunMount,getMuzzlePositionLocal,void,True,False,False,False,False,False,True
420,419,0x1A3,?getMw@wRocketSightDataDescriptor@@QEAANXZ,public: double __cdecl wRocketSightDataDescriptor::getMw(void),method,,wRocketSightDataDescriptor,getMw,void,False,False,False,False,False,False,True
421,420,0x1A4,?getName@wAircraftGunMount@@QEBAAEBV?$basic_string@D@ed@@XZ,public: class ed::basic_string<char> const & __cdecl wAircraftGunMount::getName(void) const,method,,wAircraftGunMount,getName,void,True,False,False,False,False,False,True
422,421,0x1A5,?getNameDescriptor@wAmmunition@@UEBAPEBVwINamedAmmunitionDescriptor@@XZ,public: virtual class wINamedAmmunitionDescriptor const * __cdecl wAmmunition::getNameDescriptor(void) const,method,,wAmmunition,getNameDescriptor,void,True,False,True,False,False,False,True
423,422,0x1A6,?getNetState@wAircraftGunMount@@QEAA?AUwAircraftGunMountNetState@@XZ,public: struct wAircraftGunMountNetState __cdecl wAircraftGunMount::getNetState(void),method,,wAircraftGunMount,getNetState,void,False,False,False,False,False,False,True
424,423,0x1A7,?getParent@wMovingObjectProxy@@QEAAPEAVviMovingObject@@XZ,public: class viMovingObject * __cdecl wMovingObjectProxy::getParent(void),method,,wMovingObjectProxy,getParent,void,False,False,False,False,False,False,True
425,424,0x1A8,?getParkingArg@wAircraftGunMount@@QEBAHXZ,public: int __cdecl wAircraftGunMount::getParkingArg(void) const,method,,wAircraftGunMount,getParkingArg,void,True,False,False,False,False,False,True
426,425,0x1A9,?getPitchToLAL@WARBuilder@@AEAANNNNN_N@Z,"private: double __cdecl WARBuilder::getPitchToLAL(double, double, double, double, bool)",method,,WARBuilder,getPitchToLAL,"double, double, double, double, bool",False,False,False,False,False,False,True
427,426,0x1AA,?getRCS@wAmmunition@@UEBAMMAEBVVec3f@osg@@@Z,"public: virtual float __cdecl wAmmunition::getRCS(float, class osg::Vec3f const &) const",method,,wAmmunition,getRCS,"float, class osg::Vec3f const &",True,False,True,False,False,False,True
428,427,0x1AB,?getRCS@wAmmunitionDescriptor@@QEBANXZ,public: double __cdecl wAmmunitionDescriptor::getRCS(void) const,method,,wAmmunitionDescriptor,getRCS,void,True,False,False,False,False,False,True
429,428,0x1AC,?getRawCx@CxInterpolator@@QEBAPEBNXZ,public: double const * __cdecl CxInterpolator::getRawCx(void) const,method,,CxInterpolator,getRawCx,void,True,False,False,False,False,False,True
430,429,0x1AD,?getRecoilCoeff@wGunDescriptor@weapons_gun@@QEBANXZ,public: double __cdecl weapons_gun::wGunDescriptor::getRecoilCoeff(void) const,method,weapons_gun,wGunDescriptor,getRecoilCoeff,void,True,False,False,False,False,False,True
431,430,0x1AE,?getReloadEveryCount@wAmmoSupply@@UEBAHXZ,public: virtual int __cdecl wAmmoSupply::getReloadEveryCount(void) const,method,,wAmmoSupply,getReloadEveryCount,void,True,False,True,False,False,False,True
432,431,0x1AF,?getReloadTime@wAmmoSupply@@UEAAHXZ,public: virtual int __cdecl wAmmoSupply::getReloadTime(void),method,,wAmmoSupply,getReloadTime,void,False,False,True,False,False,False,True
433,432,0x1B0,?getReloadingArg@wAmmoSupply@@UEAAHXZ,public: virtual int __cdecl wAmmoSupply::getReloadingArg(void),method,,wAmmoSupply,getReloadingArg,void,False,False,True,False,False,False,True
434,433,0x1B1,?getRocketSightDataByWsType@@YAPEAVwRocketSightDataDescriptor@@AEBVwsType@@@Z,class wRocketSightDataDescriptor * __cdecl getRocketSightDataByWsType(class wsType const &),function,,,getRocketSightDataByWsType,class wsType const &,False,False,False,False,False,False,True
435,434,0x1B2,?getRoundsCount@wAmmoSupplyDual@@UEBAHXZ,public: virtual int __cdecl wAmmoSupplyDual::getRoundsCount(void) const,method,,wAmmoSupplyDual,getRoundsCount,void,True,False,True,False,False,False,True
436,435,0x1B3,?getRoundsCountInChain@wAmmoSupplyDual@@QEBAHH@Z,public: int __cdecl wAmmoSupplyDual::getRoundsCountInChain(int) const,method,,wAmmoSupplyDual,getRoundsCountInChain,int,True,False,False,False,False,False,True
437,436,0x1B4,?getShellByName@wAmmoSupplyDual@@UEBAPEBVwShellDescriptor@@AEBV?$basic_string@D@ed@@@Z,public: virtual class wShellDescriptor const * __cdecl wAmmoSupplyDual::getShellByName(class ed::basic_string<char> const &) const,method,,wAmmoSupplyDual,getShellByName,class ed::basic_string<char> const &,True,False,True,False,False,False,True
438,437,0x1B5,?getShellDescriptor@wAmmoSupplyDual@@QEBAPEBVwShellDescriptor@@H@Z,public: class wShellDescriptor const * __cdecl wAmmoSupplyDual::getShellDescriptor(int) const,method,,wAmmoSupplyDual,getShellDescriptor,int,True,False,False,False,False,False,True
439,438,0x1B6,?getShellForSight@wAmmoSupply@@UEBAPEBVwShellDescriptor@@XZ,public: virtual class wShellDescriptor const * __cdecl wAmmoSupply::getShellForSight(void) const,method,,wAmmoSupply,getShellForSight,void,True,False,True,False,False,False,True
440,439,0x1B7,?getShortName@wAircraftGunMount@@QEBAAEBV?$basic_string@D@ed@@XZ,public: class ed::basic_string<char> const & __cdecl wAircraftGunMount::getShortName(void) const,method,,wAircraftGunMount,getShortName,void,True,False,False,False,False,False,True
441,440,0x1B8,?getShortName@wAircraftGunMountDescriptor@@QEBAAEBV?$basic_string@D@ed@@XZ,public: class ed::basic_string<char> const & __cdecl wAircraftGunMountDescriptor::getShortName(void) const,method,,wAircraftGunMountDescriptor,getShortName,void,True,False,False,False,False,False,True
442,441,0x1B9,?getShotTime@wAmmunition@@UEBANXZ,public: virtual double __cdecl wAmmunition::getShotTime(void) const,method,,wAmmunition,getShotTime,void,True,False,True,False,False,False,True
443,442,0x1BA,?getSkinArgVal@wAmmunitionDescriptor@@QEBANXZ,public: double __cdecl wAmmunitionDescriptor::getSkinArgVal(void) const,method,,wAmmunitionDescriptor,getSkinArgVal,void,True,False,False,False,False,False,True
444,443,0x1BB,?getSm@wRocketSightDataDescriptor@@QEAANXZ,public: double __cdecl wRocketSightDataDescriptor::getSm(void),method,,wRocketSightDataDescriptor,getSm,void,False,False,False,False,False,False,True
445,444,0x1BC,?getSounderName@wAmmunitionDescriptor@@QEBAAEBV?$basic_string@D@ed@@XZ,public: class ed::basic_string<char> const & __cdecl wAmmunitionDescriptor::getSounderName(void) const,method,,wAmmunitionDescriptor,getSounderName,void,True,False,False,False,False,False,True
446,445,0x1BD,?getSource@wDatabaseLoader@@QEBAPEAVILuaSource@ed@@XZ,public: class ed::ILuaSource * __cdecl wDatabaseLoader::getSource(void) const,method,,wDatabaseLoader,getSource,void,True,False,False,False,False,False,True
447,446,0x1BE,?getSw@wRocketSightDataDescriptor@@QEAANXZ,public: double __cdecl wRocketSightDataDescriptor::getSw(void),method,,wRocketSightDataDescriptor,getSw,void,False,False,False,False,False,False,True
448,447,0x1BF,?getSystem@wAmmunition@@QEAAPEAVwSimulationSystem@@XZ,public: class wSimulationSystem * __cdecl wAmmunition::getSystem(void),method,,wAmmunition,getSystem,void,False,False,False,False,False,False,True
449,448,0x1C0,?getSystemScheme@wAmmunitionDescriptor@@QEBAPEBVwSimulationSystemScheme@@_N@Z,public: class wSimulationSystemScheme const * __cdecl wAmmunitionDescriptor::getSystemScheme(bool) const,method,,wAmmunitionDescriptor,getSystemScheme,bool,True,False,False,False,False,False,True
450,449,0x1C1,?getTemperature@wAmmunition@@UEBAMAEBVVec3f@osg@@@Z,public: virtual float __cdecl wAmmunition::getTemperature(class osg::Vec3f const &) const,method,,wAmmunition,getTemperature,class osg::Vec3f const &,True,False,True,False,False,False,True
451,450,0x1C2,?getTemperature@wAmmunition@@UEBAMM@Z,public: virtual float __cdecl wAmmunition::getTemperature(float) const,method,,wAmmunition,getTemperature,float,True,False,True,False,False,False,True
452,451,0x1C3,?getThrust@wRocketSightDataDescriptor@@QEAANXZ,public: double __cdecl wRocketSightDataDescriptor::getThrust(void),method,,wRocketSightDataDescriptor,getThrust,void,False,False,False,False,False,False,True
453,452,0x1C4,?getTimeToImpact@@YAMAEBVVec3f@osg@@0AEBM@Z,"float __cdecl getTimeToImpact(class osg::Vec3f const &, class osg::Vec3f const &, float const &)",function,,,getTimeToImpact,"class osg::Vec3f const &, class osg::Vec3f const &, float const &",False,False,False,False,False,False,True
454,453,0x1C5,?getTurnToLAL@WARBuilder@@AEAANNN@Z,"private: double __cdecl WARBuilder::getTurnToLAL(double, double)",method,,WARBuilder,getTurnToLAL,"double, double",False,False,False,False,False,False,True
455,454,0x1C6,?getType@wAmmunitionDescriptor@@QEBAAEBVwsType@@XZ,public: class wsType const & __cdecl wAmmunitionDescriptor::getType(void) const,method,,wAmmunitionDescriptor,getType,void,True,False,False,False,False,False,True
456,455,0x1C7,?getType@wBombSightDataDescriptor@@QEAA?AVwsType@@XZ,public: class wsType __cdecl wBombSightDataDescriptor::getType(void),method,,wBombSightDataDescriptor,getType,void,False,False,False,False,False,False,True
457,456,0x1C8,?getType@wRocketSightDataDescriptor@@QEAA?AVwsType@@XZ,public: class wsType __cdecl wRocketSightDataDescriptor::getType(void),method,,wRocketSightDataDescriptor,getType,void,False,False,False,False,False,False,True
458,457,0x1C9,?getUptodateTime@wActivityGroupMember@@QEBANXZ,public: double __cdecl wActivityGroupMember::getUptodateTime(void) const,method,,wActivityGroupMember,getUptodateTime,void,True,False,False,False,False,False,True
459,458,0x1CA,?getViFlag@wAmmunition@@UEAAIXZ,public: virtual unsigned int __cdecl wAmmunition::getViFlag(void),method,,wAmmunition,getViFlag,void,False,False,True,False,False,False,True
460,459,0x1CB,?getViFlag@wAmmunition_viHeavyObject@@UEAAIXZ,public: virtual unsigned int __cdecl wAmmunition_viHeavyObject::getViFlag(void),method,,wAmmunition_viHeavyObject,getViFlag,void,False,False,True,False,False,False,True
461,460,0x1CC,?getVolumeEffectBox@wAmmunition@@UEBA_NPEAV?$Box@$01M@Math@@@Z,"public: virtual bool __cdecl wAmmunition::getVolumeEffectBox(class Math::Box<2, float> *) const",method,,wAmmunition,getVolumeEffectBox,"class Math::Box<2, float> *",True,False,True,False,False,False,True
462,461,0x1CD,?getWARForAILoft@WARBuilder@@QEAAXNNNAEAN00@Z,"public: void __cdecl WARBuilder::getWARForAILoft(double, double, double, double &, double &, double &)",method,,WARBuilder,getWARForAILoft,"double, double, double, double &, double &, double &",False,False,False,False,False,False,True
463,462,0x1CE,?getWARForAILoft@WARBuilder@@QEAAXNNNNNAEAN00AEAH@Z,"public: void __cdecl WARBuilder::getWARForAILoft(double, double, double, double, double, double &, double &, double &, int &)",method,,WARBuilder,getWARForAILoft,"double, double, double, double, double, double &, double &, double &, int &",False,False,False,False,False,False,True
464,463,0x1CF,?getWARForBallisticLoft@WARBuilder@@QEAAXNNNAEAN00@Z,"public: void __cdecl WARBuilder::getWARForBallisticLoft(double, double, double, double &, double &, double &)",method,,WARBuilder,getWARForBallisticLoft,"double, double, double, double &, double &, double &",False,False,False,False,False,False,True
465,464,0x1D0,?getWARForBallisticLoft@WARBuilder@@QEAAXNNNNNAEAN00AEAH@Z,"public: void __cdecl WARBuilder::getWARForBallisticLoft(double, double, double, double, double, double &, double &, double &, int &)",method,,WARBuilder,getWARForBallisticLoft,"double, double, double, double, double, double &, double &, double &, int &",False,False,False,False,False,False,True
466,465,0x1D1,?getWARcover@WARBuilder@@QEAAXNNNN_NAEAN111AEA_N@Z,"public: void __cdecl WARBuilder::getWARcover(double, double, double, double, bool, double &, double &, double &, double &, bool &)",method,,WARBuilder,getWARcover,"double, double, double, double, bool, double &, double &, double &, double &, bool &",False,False,False,False,False,False,True
467,466,0x1D2,?getWARcoverHARM16@WARBuilder@@QEAAXNNNNN_NAEAN111111111AEA_N@Z,"public: void __cdecl WARBuilder::getWARcoverHARM16(double, double, double, double, double, bool, double &, double &, double &, double &, double &, double &, double &, double &, double &, double &, bool &)",method,,WARBuilder,getWARcoverHARM16,"double, double, double, double, double, bool, double &, double &, double &, double &, double &, double &, double &, double &, double &, double &, bool &",False,False,False,False,False,False,True
468,467,0x1D3,?getWARcoverHARM18@WARBuilder@@QEAAXNNNNAEAN0000AEA_N1@Z,"public: void __cdecl WARBuilder::getWARcoverHARM18(double, double, double, double, double &, double &, double &, double &, double &, bool &, bool &)",method,,WARBuilder,getWARcoverHARM18,"double, double, double, double, double &, double &, double &, double &, double &, bool &, bool &",False,False,False,False,False,False,True
469,468,0x1D4,?getWARedgeArray2@WARBuilder@@QEAAXNNN_NPEAV?$vector@VVec2d@osg@@V?$allocator@VVec2d@osg@@@ed@@@ed@@1@Z,"public: void __cdecl WARBuilder::getWARedgeArray2(double, double, double, bool, class ed::vector<class osg::Vec2d, class ed::allocator<class osg::Vec2d>> *, class ed::vector<class osg::Vec2d, class ed::allocator<class osg::Vec2d>> *)",method,,WARBuilder,getWARedgeArray2,"double, double, double, bool, class ed::vector<class osg::Vec2d, class ed::allocator<class osg::Vec2d>> *, class ed::vector<class osg::Vec2d, class ed::allocator<class osg::Vec2d>> *",False,False,False,False,False,False,True
470,469,0x1D5,?getWARedgeArray@WARBuilder@@QEAAXNN_NPEAV?$vector@VVec2d@osg@@V?$allocator@VVec2d@osg@@@ed@@@ed@@1@Z,"public: void __cdecl WARBuilder::getWARedgeArray(double, double, bool, class ed::vector<class osg::Vec2d, class ed::allocator<class osg::Vec2d>> *, class ed::vector<class osg::Vec2d, class ed::allocator<class osg::Vec2d>> *)",method,,WARBuilder,getWARedgeArray,"double, double, bool, class ed::vector<class osg::Vec2d, class ed::allocator<class osg::Vec2d>> *, class ed::vector<class osg::Vec2d, class ed::allocator<class osg::Vec2d>> *",False,False,False,False,False,False,True
471,470,0x1D6,?getWARedgeArrays@WARBuilder@@AEAAXNNN_NPEAV?$vector@VVec2d@osg@@V?$allocator@VVec2d@osg@@@ed@@@ed@@10@Z,"private: void __cdecl WARBuilder::getWARedgeArrays(double, double, double, bool, class ed::vector<class osg::Vec2d, class ed::allocator<class osg::Vec2d>> *, class ed::vector<class osg::Vec2d, class ed::allocator<class osg::Vec2d>> *, bool)",method,,WARBuilder,getWARedgeArrays,"double, double, double, bool, class ed::vector<class osg::Vec2d, class ed::allocator<class osg::Vec2d>> *, class ed::vector<class osg::Vec2d, class ed::allocator<class osg::Vec2d>> *, bool",False,False,False,False,False,False,True
472,471,0x1D7,?getWARedgePoint2@WARBuilder@@QEAAXNNNN_NAEAN1@Z,"public: void __cdecl WARBuilder::getWARedgePoint2(double, double, double, double, bool, double &, double &)",method,,WARBuilder,getWARedgePoint2,"double, double, double, double, bool, double &, double &",False,False,False,False,False,False,True
473,472,0x1D8,?getWARedgePoint@WARBuilder@@QEAAXNNN_NAEAN1@Z,"public: void __cdecl WARBuilder::getWARedgePoint(double, double, double, bool, double &, double &)",method,,WARBuilder,getWARedgePoint,"double, double, double, bool, double &, double &",False,False,False,False,False,False,True
474,473,0x1D9,?getWARedgePointBallistic@WARBuilder@@QEAAXNNNAEAN00@Z,"public: void __cdecl WARBuilder::getWARedgePointBallistic(double, double, double, double &, double &, double &)",method,,WARBuilder,getWARedgePointBallistic,"double, double, double, double &, double &, double &",False,False,False,False,False,False,True
475,474,0x1DA,?getWindCoefficient@wBombSightDataDescriptor@@QEAANXZ,public: double __cdecl wBombSightDataDescriptor::getWindCoefficient(void),method,,wBombSightDataDescriptor,getWindCoefficient,void,False,False,False,False,False,False,True
476,475,0x1DB,?get_AA_AimingDataByHeightAndDist@wShellAimingTableDescriptor@@QEBA_NNNAEAUtargeting_data_aa@1@@Z,"public: bool __cdecl wShellAimingTableDescriptor::get_AA_AimingDataByHeightAndDist(double, double, struct wShellAimingTableDescriptor::targeting_data_aa &) const",method,,wShellAimingTableDescriptor,get_AA_AimingDataByHeightAndDist,"double, double, struct wShellAimingTableDescriptor::targeting_data_aa &",True,False,False,False,False,False,True
477,476,0x1DC,?get_AA_maxDistanceByHeight@wShellAimingTableDescriptor@@QEBA_NNAEAUtargeting_data_aa@1@@Z,"public: bool __cdecl wShellAimingTableDescriptor::get_AA_maxDistanceByHeight(double, struct wShellAimingTableDescriptor::targeting_data_aa &) const",method,,wShellAimingTableDescriptor,get_AA_maxDistanceByHeight,"double, struct wShellAimingTableDescriptor::targeting_data_aa &",True,False,False,False,False,False,True
478,477,0x1DD,?get_descriptor@wAircraftGunMount@@QEBAPEBVwAircraftGunMountDescriptor@@XZ,public: class wAircraftGunMountDescriptor const * __cdecl wAircraftGunMount::get_descriptor(void) const,method,,wAircraftGunMount,get_descriptor,void,True,False,False,False,False,False,True
479,478,0x1DE,?get_descriptor@wGun@weapons_gun@@QEBAAEBVwGunDescriptor@2@XZ,public: class weapons_gun::wGunDescriptor const & __cdecl weapons_gun::wGun::get_descriptor(void) const,method,weapons_gun,wGun,get_descriptor,void,True,False,False,False,False,False,True
480,479,0x1DF,?get_flags@wGun@weapons_gun@@QEBAEXZ,public: unsigned char __cdecl weapons_gun::wGun::get_flags(void) const,method,weapons_gun,wGun,get_flags,void,True,False,False,False,False,False,True
481,480,0x1E0,?get_object@wLAGunCarriage@@MEBAPEAVviObjectNode@@XZ,protected: virtual class viObjectNode * __cdecl wLAGunCarriage::get_object(void) const,method,,wLAGunCarriage,get_object,void,True,False,True,False,False,False,True
482,481,0x1E1,?get_object@wLAGunpodCarriage@@MEBAPEAVviObjectNode@@XZ,protected: virtual class viObjectNode * __cdecl wLAGunpodCarriage::get_object(void) const,method,,wLAGunpodCarriage,get_object,void,True,False,True,False,False,False,True
483,482,0x1E2,?get_property_table@wGun@weapons_gun@@QEAAAEAV?$PropertyTable_@N@@XZ,public: class PropertyTable_<double> & __cdecl weapons_gun::wGun::get_property_table(void),method,weapons_gun,wGun,get_property_table,void,False,False,False,False,False,False,True
484,483,0x1E3,?get_shell_wakeup_time@wGun@weapons_gun@@QEBANXZ,public: double __cdecl weapons_gun::wGun::get_shell_wakeup_time(void) const,method,weapons_gun,wGun,get_shell_wakeup_time,void,True,False,False,False,False,False,True
485,484,0x1E4,?get_this_burst_shells_fired@wGun@weapons_gun@@QEBAIXZ,public: unsigned int __cdecl weapons_gun::wGun::get_this_burst_shells_fired(void) const,method,weapons_gun,wGun,get_this_burst_shells_fired,void,True,False,False,False,False,False,True
486,485,0x1E5,?getdCydA0@wRocketSightDataDescriptor@@QEAANXZ,public: double __cdecl wRocketSightDataDescriptor::getdCydA0(void),method,,wRocketSightDataDescriptor,getdCydA0,void,False,False,False,False,False,False,True
487,486,0x1E6,?getdCydA1@wRocketSightDataDescriptor@@QEAANXZ,public: double __cdecl wRocketSightDataDescriptor::getdCydA1(void),method,,wRocketSightDataDescriptor,getdCydA1,void,False,False,False,False,False,False,True
488,487,0x1E7,?getmaxAoA@wRocketSightDataDescriptor@@QEAANXZ,public: double __cdecl wRocketSightDataDescriptor::getmaxAoA(void),method,,wRocketSightDataDescriptor,getmaxAoA,void,False,False,False,False,False,False,True
489,488,0x1E8,?hitArmoredObject@@YA?AUDamageFromWarhead@@AEBUWarhead@@NNAEBUArmorData@wIArmoredTarget@@@Z,"struct DamageFromWarhead __cdecl hitArmoredObject(struct Warhead const &, double, double, struct wIArmoredTarget::ArmorData const &)",function,,,hitArmoredObject,"struct Warhead const &, double, double, struct wIArmoredTarget::ArmorData const &",False,False,False,False,False,False,True
490,489,0x1E9,?hitObject@@YA?AUDamageFromWarhead@@AEBUWarhead@@N@Z,"struct DamageFromWarhead __cdecl hitObject(struct Warhead const &, double)",function,,,hitObject,"struct Warhead const &, double",False,False,False,False,False,False,True
491,490,0x1EA,?init@CxInterpolator@@QEAAXPEBN@Z,public: void __cdecl CxInterpolator::init(double const *),method,,CxInterpolator,init,double const *,False,False,False,False,False,False,True
492,491,0x1EB,?initClient@wAmmunition@@QEAAXPEAVMovingObject@@PEBVwAmmunitionDescriptor@@PEAVLoader@Lua@@AEBUwNetCreateInfo@@AEAVStream@Mail@@@Z,"public: void __cdecl wAmmunition::initClient(class MovingObject *, class wAmmunitionDescriptor const *, class Lua::Loader *, struct wNetCreateInfo const &, class Mail::Stream &)",method,,wAmmunition,initClient,"class MovingObject *, class wAmmunitionDescriptor const *, class Lua::Loader *, struct wNetCreateInfo const &, class Mail::Stream &",False,False,False,False,False,False,True
493,492,0x1EC,?initCluster@wBombSightAdv@@QEAAXN@Z,public: void __cdecl wBombSightAdv::initCluster(double),method,,wBombSightAdv,initCluster,double,False,False,False,False,False,False,True
494,493,0x1ED,?initCommon_@wAmmunition@@MEAAXPEAVMovingObject@@PEBVwAmmunitionDescriptor@@@Z,"protected: virtual void __cdecl wAmmunition::initCommon_(class MovingObject *, class wAmmunitionDescriptor const *)",method,,wAmmunition,initCommon_,"class MovingObject *, class wAmmunitionDescriptor const *",False,False,True,False,False,False,True
495,494,0x1EE,?initDrawArgs_@wAmmunition@@IEAAXAEBV?$vector@HV?$allocator@H@ed@@@ed@@@Z,"protected: void __cdecl wAmmunition::initDrawArgs_(class ed::vector<int, class ed::allocator<int>> const &)",method,,wAmmunition,initDrawArgs_,"class ed::vector<int, class ed::allocator<int>> const &",False,False,False,False,False,False,True
496,495,0x1EF,?initDrawArgs_@wAmmunitionDescriptor@@AEAAXPEBVwSimulationSystemScheme@@AEAV?$vector@HV?$allocator@H@ed@@@ed@@@Z,"private: void __cdecl wAmmunitionDescriptor::initDrawArgs_(class wSimulationSystemScheme const *, class ed::vector<int, class ed::allocator<int>> &)",method,,wAmmunitionDescriptor,initDrawArgs_,"class wSimulationSystemScheme const *, class ed::vector<int, class ed::allocator<int>> &",False,False,False,False,False,False,True
497,496,0x1F0,?initNet@wAmmunition@@AEAAXPEAVMovingObject@@PEBVwAmmunitionDescriptor@@PEAVLoader@Lua@@I@Z,"private: void __cdecl wAmmunition::initNet(class MovingObject *, class wAmmunitionDescriptor const *, class Lua::Loader *, unsigned int)",method,,wAmmunition,initNet,"class MovingObject *, class wAmmunitionDescriptor const *, class Lua::Loader *, unsigned int",False,False,False,False,False,False,True
498,497,0x1F1,?initServer@wAmmunition@@QEAAXPEAVMovingObject@@PEBVwAmmunitionDescriptor@@PEAVLoader@Lua@@@Z,"public: void __cdecl wAmmunition::initServer(class MovingObject *, class wAmmunitionDescriptor const *, class Lua::Loader *)",method,,wAmmunition,initServer,"class MovingObject *, class wAmmunitionDescriptor const *, class Lua::Loader *",False,False,False,False,False,False,True
499,498,0x1F2,?initTOFState@LARBuilder@@AEAAXXZ,private: void __cdecl LARBuilder::initTOFState(void),method,,LARBuilder,initTOFState,void,False,False,False,False,False,False,True
500,499,0x1F3,?initTable_@wDatabase@@IEAAXPEAUlua_State@@@Z,protected: void __cdecl wDatabase::initTable_(struct lua_State *),method,,wDatabase,initTable_,struct lua_State *,False,False,False,False,False,False,True
501,500,0x1F4,?init_randoms@?$wShellImpl@$00@@SAXH@Z,public: static void __cdecl wShellImpl<1>::init_randoms(int),method,,wShellImpl<1>,init_randoms,int,False,True,False,False,False,False,True
502,501,0x1F5,?init_randoms@?$wShellImpl@$0A@@@SAXH@Z,public: static void __cdecl wShellImpl<0>::init_randoms(int),method,,wShellImpl<0>,init_randoms,int,False,True,False,False,False,False,True
503,502,0x1F6,?initialize2@WARBuilder@@QEAAXPEAV?$vector@NV?$allocator@N@ed@@@ed@@00@Z,"public: void __cdecl WARBuilder::initialize2(class ed::vector<double, class ed::allocator<double>> *, class ed::vector<double, class ed::allocator<double>> *, class ed::vector<double, class ed::allocator<double>> *)",method,,WARBuilder,initialize2,"class ed::vector<double, class ed::allocator<double>> *, class ed::vector<double, class ed::allocator<double>> *, class ed::vector<double, class ed::allocator<double>> *",False,False,False,False,False,False,True
504,503,0x1F7,?initialize@WARBuilder@@QEAAXPEAV?$vector@NV?$allocator@N@ed@@@ed@@00@Z,"public: void __cdecl WARBuilder::initialize(class ed::vector<double, class ed::allocator<double>> *, class ed::vector<double, class ed::allocator<double>> *, class ed::vector<double, class ed::allocator<double>> *)",method,,WARBuilder,initialize,"class ed::vector<double, class ed::allocator<double>> *, class ed::vector<double, class ed::allocator<double>> *, class ed::vector<double, class ed::allocator<double>> *",False,False,False,False,False,False,True
505,504,0x1F8,?initialize@wAircraftGunMount@@IEAAXPEAVLoader@Lua@@@Z,protected: void __cdecl wAircraftGunMount::initialize(class Lua::Loader *),method,,wAircraftGunMount,initialize,class Lua::Loader *,False,False,False,False,False,False,True
506,505,0x1F9,?instance@wBombSight@@SAPEAV1@XZ,public: static class wBombSight * __cdecl wBombSight::instance(void),method,,wBombSight,instance,void,False,True,False,False,False,False,True
507,506,0x1FA,?instance@wBombSightAdv@@SAPEAV1@XZ,public: static class wBombSightAdv * __cdecl wBombSightAdv::instance(void),method,,wBombSightAdv,instance,void,False,True,False,False,False,False,True
508,507,0x1FB,?instance@wDatabase@@SAPEAV1@XZ,public: static class wDatabase * __cdecl wDatabase::instance(void),method,,wDatabase,instance,void,False,True,False,False,False,False,True
509,508,0x1FC,?instance@wDescriptorFactory@@SAPEAV1@XZ,public: static class wDescriptorFactory * __cdecl wDescriptorFactory::instance(void),method,,wDescriptorFactory,instance,void,False,True,False,False,False,False,True
510,509,0x1FD,?intersect_@wBombSight@@IEAA_NNAEBV?$Vector@$02N@Math@@AEAV23@@Z,"protected: bool __cdecl wBombSight::intersect_(double, class Math::Vector<3, double> const &, class Math::Vector<3, double> &)",method,,wBombSight,intersect_,"double, class Math::Vector<3, double> const &, class Math::Vector<3, double> &",False,False,False,False,False,False,True
511,510,0x1FE,?intersect_@wBombSightAdv@@IEAA_NNAEBV?$Vector@$02N@Math@@AEAV23@@Z,"protected: bool __cdecl wBombSightAdv::intersect_(double, class Math::Vector<3, double> const &, class Math::Vector<3, double> &)",method,,wBombSightAdv,intersect_,"double, class Math::Vector<3, double> const &, class Math::Vector<3, double> &",False,False,False,False,False,False,True
512,511,0x1FF,?isActive@wAircraftGunMount@@QEBA_NXZ,public: bool __cdecl wAircraftGunMount::isActive(void) const,method,,wAircraftGunMount,isActive,void,True,False,False,False,False,False,True
513,512,0x200,?isActive@wGun@weapons_gun@@QEBA_NXZ,public: bool __cdecl weapons_gun::wGun::isActive(void) const,method,weapons_gun,wGun,isActive,void,True,False,False,False,False,False,True
514,513,0x201,?isDefenciveTurret@wAircraftGunMount@@QEBA_NXZ,public: bool __cdecl wAircraftGunMount::isDefenciveTurret(void) const,method,,wAircraftGunMount,isDefenciveTurret,void,True,False,False,False,False,False,True
515,514,0x202,?isEmpty@wAircraftGunMount@@QEBA_NXZ,public: bool __cdecl wAircraftGunMount::isEmpty(void) const,method,,wAircraftGunMount,isEmpty,void,True,False,False,False,False,False,True
516,515,0x203,?isEmpty@wAmmoSupplyDual@@UEAA_NXZ,public: virtual bool __cdecl wAmmoSupplyDual::isEmpty(void),method,,wAmmoSupplyDual,isEmpty,void,False,False,True,False,False,False,True
517,516,0x204,?isFiring@wAircraftGunMount@@QEBA_NXZ,public: bool __cdecl wAircraftGunMount::isFiring(void) const,method,,wAircraftGunMount,isFiring,void,True,False,False,False,False,False,True
518,517,0x205,?isFiring@wGun@weapons_gun@@QEBA_NXZ,public: bool __cdecl weapons_gun::wGun::isFiring(void) const,method,weapons_gun,wGun,isFiring,void,True,False,False,False,False,False,True
519,518,0x206,?isInitialized2@WARBuilder@@QEBA_NXZ,public: bool __cdecl WARBuilder::isInitialized2(void) const,method,,WARBuilder,isInitialized2,void,True,False,False,False,False,False,True
520,519,0x207,?isInitialized@WARBuilder@@QEBA_NXZ,public: bool __cdecl WARBuilder::isInitialized(void) const,method,,WARBuilder,isInitialized,void,True,False,False,False,False,False,True
521,520,0x208,?isReadyToFire@wAircraftGunMount@@QEBA_NXZ,public: bool __cdecl wAircraftGunMount::isReadyToFire(void) const,method,,wAircraftGunMount,isReadyToFire,void,True,False,False,False,False,False,True
522,521,0x209,?isReadyToFire@wGun@weapons_gun@@QEBA_NXZ,public: bool __cdecl weapons_gun::wGun::isReadyToFire(void) const,method,weapons_gun,wGun,isReadyToFire,void,True,False,False,False,False,False,True
523,522,0x20A,?isReloading@wAircraftGunMount@@QEBA_NXZ,public: bool __cdecl wAircraftGunMount::isReloading(void) const,method,,wAircraftGunMount,isReloading,void,True,False,False,False,False,False,True
524,523,0x20B,?launch@wShellDescriptor@@QEBAPEAVwShell@@PEAVwShellGroup@@_NAEBV?$Vector@$02N@Math@@22IAEBUwShellCoefficients@@W4wcCoalitionName@@ENI2@Z,"public: class wShell * __cdecl wShellDescriptor::launch(class wShellGroup *, bool, class Math::Vector<3, double> const &, class Math::Vector<3, double> const &, class Math::Vector<3, double> const &, unsigned int, struct wShellCoefficients const &, enum wcCoalitionName, unsigned char, double, unsigned int, class Math::Vector<3, double> const &) const",method,,wShellDescriptor,launch,"class wShellGroup *, bool, class Math::Vector<3, double> const &, class Math::Vector<3, double> const &, class Math::Vector<3, double> const &, unsigned int, struct wShellCoefficients const &, enum wcCoalitionName, unsigned char, double, unsigned int, class Math::Vector<3, double> const &",True,False,False,False,False,False,True
525,524,0x20C,?load@wAircraftGunEquipmentDescriptor@@UEAAXAEAVConfig@Lua@@@Z,public: virtual void __cdecl wAircraftGunEquipmentDescriptor::load(class Lua::Config &),method,,wAircraftGunEquipmentDescriptor,load,class Lua::Config &,False,False,True,False,False,False,True
526,525,0x20D,?load@wAircraftGunMountDescriptor@@UEAAXPEAVwDatabaseLoader@@@Z,public: virtual void __cdecl wAircraftGunMountDescriptor::load(class wDatabaseLoader *),method,,wAircraftGunMountDescriptor,load,class wDatabaseLoader *,False,False,True,False,False,False,True
527,526,0x20E,?load@wAircraftGunpodEquipmentDescriptor@@UEAAXPEAVwDatabaseLoader@@@Z,public: virtual void __cdecl wAircraftGunpodEquipmentDescriptor::load(class wDatabaseLoader *),method,,wAircraftGunpodEquipmentDescriptor,load,class wDatabaseLoader *,False,False,True,False,False,False,True
528,527,0x20F,?load@wAmmunitionDescriptor@@UEAAXPEAVwDatabaseLoader@@@Z,public: virtual void __cdecl wAmmunitionDescriptor::load(class wDatabaseLoader *),method,,wAmmunitionDescriptor,load,class wDatabaseLoader *,False,False,True,False,False,False,True
529,528,0x210,?load@wBombSightDataDescriptor@@UEAAXPEAVwDatabaseLoader@@@Z,public: virtual void __cdecl wBombSightDataDescriptor::load(class wDatabaseLoader *),method,,wBombSightDataDescriptor,load,class wDatabaseLoader *,False,False,True,False,False,False,True
530,529,0x211,?load@wGunDescriptor@weapons_gun@@UEAAXPEAVwDatabaseLoader@@@Z,public: virtual void __cdecl weapons_gun::wGunDescriptor::load(class wDatabaseLoader *),method,weapons_gun,wGunDescriptor,load,class wDatabaseLoader *,False,False,True,False,False,False,True
531,530,0x212,?load@wRocketSightDataDescriptor@@UEAAXPEAVwDatabaseLoader@@@Z,public: virtual void __cdecl wRocketSightDataDescriptor::load(class wDatabaseLoader *),method,,wRocketSightDataDescriptor,load,class wDatabaseLoader *,False,False,True,False,False,False,True
532,531,0x213,?load@wShellAimingTableDescriptor@@UEAAXPEAVwDatabaseLoader@@@Z,public: virtual void __cdecl wShellAimingTableDescriptor::load(class wDatabaseLoader *),method,,wShellAimingTableDescriptor,load,class wDatabaseLoader *,False,False,True,False,False,False,True
533,532,0x214,?load@wShellDescriptor@@UEAAXPEAVwDatabaseLoader@@@Z,public: virtual void __cdecl wShellDescriptor::load(class wDatabaseLoader *),method,,wShellDescriptor,load,class wDatabaseLoader *,False,False,True,False,False,False,True
534,533,0x215,?loadDescriptor@FragmentationBlastDescriptor@FragmentationDamage@@SAXAEBV?$vector@NV?$allocator@N@ed@@@ed@@0AEBUAuxiliaryFragmentData@2@AEAU12@@Z,"public: static void __cdecl FragmentationDamage::FragmentationBlastDescriptor::loadDescriptor(class ed::vector<double, class ed::allocator<double>> const &, class ed::vector<double, class ed::allocator<double>> const &, struct FragmentationDamage::AuxiliaryFragmentData const &, struct FragmentationDamage::FragmentationBlastDescriptor &)",method,FragmentationDamage,FragmentationBlastDescriptor,loadDescriptor,"class ed::vector<double, class ed::allocator<double>> const &, class ed::vector<double, class ed::allocator<double>> const &, struct FragmentationDamage::AuxiliaryFragmentData const &, struct FragmentationDamage::FragmentationBlastDescriptor &",False,True,False,False,False,False,True
535,534,0x216,?loadDescriptor@FragmentationBlastDescriptor@FragmentationDamage@@SAXPEAVwDatabaseLoader@@AEBUAuxiliaryFragmentData@2@AEAU12@@Z,"public: static void __cdecl FragmentationDamage::FragmentationBlastDescriptor::loadDescriptor(class wDatabaseLoader *, struct FragmentationDamage::AuxiliaryFragmentData const &, struct FragmentationDamage::FragmentationBlastDescriptor &)",method,FragmentationDamage,FragmentationBlastDescriptor,loadDescriptor,"class wDatabaseLoader *, struct FragmentationDamage::AuxiliaryFragmentData const &, struct FragmentationDamage::FragmentationBlastDescriptor &",False,True,False,False,False,False,True
536,535,0x217,?loadDescriptor_@wDatabaseLoader@@AEAAPEAVwDescriptorBase@@AEBV?$basic_string@D@ed@@_N@Z,"private: class wDescriptorBase * __cdecl wDatabaseLoader::loadDescriptor_(class ed::basic_string<char> const &, bool)",method,,wDatabaseLoader,loadDescriptor_,"class ed::basic_string<char> const &, bool",False,False,False,False,False,False,True
537,536,0x218,?loadDescriptor_@wDatabaseLoader@@AEAAPEAVwDescriptorBase@@_N@Z,private: class wDescriptorBase * __cdecl wDatabaseLoader::loadDescriptor_(bool),method,,wDatabaseLoader,loadDescriptor_,bool,False,False,False,False,False,False,True
538,537,0x219,?loadNamespace_@wDatabaseLoader@@AEAAXXZ,private: void __cdecl wDatabaseLoader::loadNamespace_(void),method,,wDatabaseLoader,loadNamespace_,void,False,False,False,False,False,False,True
539,538,0x21A,?makeObjectStep_@wShellGroup@@IEAA?AW4eSimulationResult@wActivityGroupMember@@PEAVwShell@@N@Z,"protected: enum wActivityGroupMember::eSimulationResult __cdecl wShellGroup::makeObjectStep_(class wShell *, double)",method,,wShellGroup,makeObjectStep_,"class wShell *, double",False,False,False,False,False,False,True
540,539,0x21B,?makeSmokeEffect@wShellGroup@@QEAAXAEBVVec3d@osg@@AEBVVec3f@3@MMM@Z,"public: void __cdecl wShellGroup::makeSmokeEffect(class osg::Vec3d const &, class osg::Vec3f const &, float, float, float)",method,,wShellGroup,makeSmokeEffect,"class osg::Vec3d const &, class osg::Vec3f const &, float, float, float",False,False,False,False,False,False,True
541,540,0x21C,?needPrecalculation@wShellAimingTableDescriptor@@QEBA_NXZ,public: bool __cdecl wShellAimingTableDescriptor::needPrecalculation(void) const,method,,wShellAimingTableDescriptor,needPrecalculation,void,True,False,False,False,False,False,True
542,541,0x21D,?netAimError@wAmmunition@@AEAAXAEBUAmmunitionGuidedAimErrorMessage@@@Z,private: void __cdecl wAmmunition::netAimError(struct AmmunitionGuidedAimErrorMessage const &),method,,wAmmunition,netAimError,struct AmmunitionGuidedAimErrorMessage const &,False,False,False,False,False,False,True
543,542,0x21E,?netCreate@wAmmunition@@SAIAEBUAmmunitionHotJoinData@@@Z,public: static unsigned int __cdecl wAmmunition::netCreate(struct AmmunitionHotJoinData const &),method,,wAmmunition,netCreate,struct AmmunitionHotJoinData const &,False,True,False,False,False,False,True
544,543,0x21F,?netDataLinkState@wAmmunition@@AEAAXAEBUAmmunitionGuidedDataLinkStateMessage@@@Z,private: void __cdecl wAmmunition::netDataLinkState(struct AmmunitionGuidedDataLinkStateMessage const &),method,,wAmmunition,netDataLinkState,struct AmmunitionGuidedDataLinkStateMessage const &,False,False,False,False,False,False,True
545,544,0x220,?netDestroy@wAmmunition@@IEAAXXZ,protected: void __cdecl wAmmunition::netDestroy(void),method,,wAmmunition,netDestroy,void,False,False,False,False,False,False,True
546,545,0x221,?netDestroy@wShell@@IEAAXXZ,protected: void __cdecl wShell::netDestroy(void),method,,wShell,netDestroy,void,False,False,False,False,False,False,True
547,546,0x222,?netExplosionSync@wAmmunition@@AEAAXAEBUAmmunitionExplosionSyncMessage@@@Z,private: void __cdecl wAmmunition::netExplosionSync(struct AmmunitionExplosionSyncMessage const &),method,,wAmmunition,netExplosionSync,struct AmmunitionExplosionSyncMessage const &,False,False,False,False,False,False,True
548,547,0x223,?netGetCreate@wAmmunition@@UEBA_NAEAVMessage@Mail@@@Z,public: virtual bool __cdecl wAmmunition::netGetCreate(class Mail::Message &) const,method,,wAmmunition,netGetCreate,class Mail::Message &,True,False,True,False,False,False,True
549,548,0x224,?netIlluminatorTgtID@wAmmunition@@AEAAXAEBUAmmunitionGuidedIlluminatorTgtIDMessage@@@Z,private: void __cdecl wAmmunition::netIlluminatorTgtID(struct AmmunitionGuidedIlluminatorTgtIDMessage const &),method,,wAmmunition,netIlluminatorTgtID,struct AmmunitionGuidedIlluminatorTgtIDMessage const &,False,False,False,False,False,False,True
550,549,0x225,?netLaunchMode@wAmmunition@@AEAAXAEBUAmmunitionGuidedLaunchModeMessage@@@Z,private: void __cdecl wAmmunition::netLaunchMode(struct AmmunitionGuidedLaunchModeMessage const &),method,,wAmmunition,netLaunchMode,struct AmmunitionGuidedLaunchModeMessage const &,False,False,False,False,False,False,True
551,550,0x226,?netSideTargetIDs@wAmmunition@@AEAAXAEBUAmmunitionGuidedSideTargetIDsMessage@@@Z,private: void __cdecl wAmmunition::netSideTargetIDs(struct AmmunitionGuidedSideTargetIDsMessage const &),method,,wAmmunition,netSideTargetIDs,struct AmmunitionGuidedSideTargetIDsMessage const &,False,False,False,False,False,False,True
552,551,0x227,?netWeaponNamedValue@wAmmunition@@IEAAXAEBUwAmmunitionNamedValueMessageStruct@@@Z,protected: void __cdecl wAmmunition::netWeaponNamedValue(struct wAmmunitionNamedValueMessageStruct const &),method,,wAmmunition,netWeaponNamedValue,struct wAmmunitionNamedValueMessageStruct const &,False,False,False,False,False,False,True
553,552,0x228,?normal@FragmentationBlastHandler@FragmentationDamage@@2VRandomObject@@A,public: static class RandomObject FragmentationDamage::FragmentationBlastHandler::normal,symbol,,,,,False,False,False,False,False,False,True
554,553,0x229,?onJump@wAircraftGunMount@@QEAAXPEAVIwoLA@@@Z,public: void __cdecl wAircraftGunMount::onJump(class IwoLA *),method,,wAircraftGunMount,onJump,class IwoLA *,False,False,False,False,False,False,True
555,554,0x22A,?onRailSet@wAmmunition@@QEAAXAEBV?$Vector@$02N@Math@@N@Z,"public: void __cdecl wAmmunition::onRailSet(class Math::Vector<3, double> const &, double)",method,,wAmmunition,onRailSet,"class Math::Vector<3, double> const &, double",False,False,False,False,False,False,True
556,555,0x22B,?on_fire_start@wGun@weapons_gun@@IEAAXXZ,protected: void __cdecl weapons_gun::wGun::on_fire_start(void),method,weapons_gun,wGun,on_fire_start,void,False,False,False,False,False,False,True
557,556,0x22C,?on_fire_stop@wGun@weapons_gun@@IEAAXXZ,protected: void __cdecl weapons_gun::wGun::on_fire_stop(void),method,weapons_gun,wGun,on_fire_stop,void,False,False,False,False,False,False,True
558,557,0x22D,?on_shot@wGun@weapons_gun@@QEAAXPEBVwShell@@@Z,public: void __cdecl weapons_gun::wGun::on_shot(class wShell const *),method,weapons_gun,wGun,on_shot,class wShell const *,False,False,False,False,False,False,True
559,558,0x22E,?open_fire@wGun@weapons_gun@@IEAAXXZ,protected: void __cdecl weapons_gun::wGun::open_fire(void),method,weapons_gun,wGun,open_fire,void,False,False,False,False,False,False,True
560,559,0x22F,?popNextShell@wAmmoSupplyDual@@UEAAPEBVwShellDescriptor@@XZ,public: virtual class wShellDescriptor const * __cdecl wAmmoSupplyDual::popNextShell(void),method,,wAmmoSupplyDual,popNextShell,void,False,False,True,False,False,False,True
561,560,0x230,?precalculate@wShellAimingTableDescriptor@@QEAAXXZ,public: void __cdecl wShellAimingTableDescriptor::precalculate(void),method,,wShellAimingTableDescriptor,precalculate,void,False,False,False,False,False,False,True
562,561,0x231,?precalculateAATable@wShellAimingTableDescriptor@@IEAAXXZ,protected: void __cdecl wShellAimingTableDescriptor::precalculateAATable(void),method,,wShellAimingTableDescriptor,precalculateAATable,void,False,False,False,False,False,False,True
563,562,0x232,?precalculateAGTable@wShellAimingTableDescriptor@@IEAAXXZ,protected: void __cdecl wShellAimingTableDescriptor::precalculateAGTable(void),method,,wShellAimingTableDescriptor,precalculateAGTable,void,False,False,False,False,False,False,True
564,563,0x233,?prepareBurst@wAmmoSupplyDual@@UEAAXAEAVStream@Mail@@@Z,public: virtual void __cdecl wAmmoSupplyDual::prepareBurst(class Mail::Stream &),method,,wAmmoSupplyDual,prepareBurst,class Mail::Stream &,False,False,True,False,False,False,True
565,564,0x234,?processIntersection_@wWorldCollider@@IEAA_NAEBVISceneObject@@@Z,protected: bool __cdecl wWorldCollider::processIntersection_(class ISceneObject const &),method,,wWorldCollider,processIntersection_,class ISceneObject const &,False,False,False,False,False,False,True
566,565,0x235,?processIntersection_@wWorldCollider@@IEAA_NAEBVISceneObject@@HN_N@Z,"protected: bool __cdecl wWorldCollider::processIntersection_(class ISceneObject const &, int, double, bool)",method,,wWorldCollider,processIntersection_,"class ISceneObject const &, int, double, bool",False,False,False,False,False,False,True
567,566,0x236,?registerAGM65dDebug@WeaponsDebug@@YAXXZ,void __cdecl WeaponsDebug::registerAGM65dDebug(void),method,,WeaponsDebug,registerAGM65dDebug,void,False,False,False,False,False,False,True
568,567,0x237,?registerDescriptorType@wDescriptorFactory@@QEAAXAEBV?$basic_string@D@ed@@P6APEAVwDescriptorBase@@0@Z@Z,"public: void __cdecl wDescriptorFactory::registerDescriptorType(class ed::basic_string<char> const &, class wDescriptorBase * (__cdecl *)(class ed::basic_string<char> const &))",method,,wDescriptorFactory,registerDescriptorType,"class ed::basic_string<char> const &, class wDescriptorBase * (__cdecl *)(class ed::basic_string<char> const &)",False,False,False,False,False,False,True
569,568,0x238,?reload@wDatabase@@QEAAXXZ,public: void __cdecl wDatabase::reload(void),method,,wDatabase,reload,void,False,False,False,False,False,False,True
570,569,0x239,?reset@wAmmoSupply@@UEAAXM@Z,public: virtual void __cdecl wAmmoSupply::reset(float),method,,wAmmoSupply,reset,float,False,False,True,False,False,False,True
571,570,0x23A,?reset@wAmmoSupplyDual@@UEAAXM@Z,public: virtual void __cdecl wAmmoSupplyDual::reset(float),method,,wAmmoSupplyDual,reset,float,False,False,True,False,False,False,True
572,571,0x23B,?resetAmmo@wAircraftGunMount@@QEAAXM@Z,public: void __cdecl wAircraftGunMount::resetAmmo(float),method,,wAircraftGunMount,resetAmmo,float,False,False,False,False,False,False,True
573,572,0x23C,?resetWithLoadFactor@wAmmoSupply@@IEAAXPEAVLoader@Lua@@@Z,protected: void __cdecl wAmmoSupply::resetWithLoadFactor(class Lua::Loader *),method,,wAmmoSupply,resetWithLoadFactor,class Lua::Loader *,False,False,False,False,False,False,True
574,573,0x23D,?restoreBurstMaster@wGun@weapons_gun@@IEAAXXZ,protected: void __cdecl weapons_gun::wGun::restoreBurstMaster(void),method,weapons_gun,wGun,restoreBurstMaster,void,False,False,False,False,False,False,True
575,574,0x23E,?round_up@@YAMM@Z,float __cdecl round_up(float),function,,,round_up,float,False,False,False,False,False,False,True
576,575,0x23F,?selectFireRateIndex@wGun@weapons_gun@@QEAAXH@Z,public: void __cdecl weapons_gun::wGun::selectFireRateIndex(int),method,weapons_gun,wGun,selectFireRateIndex,int,False,False,False,False,False,False,True
577,576,0x240,?setAdditionalData@wNURSSightV2@@QEAAXAEBUadditionalData@1@@Z,public: void __cdecl wNURSSightV2::setAdditionalData(struct wNURSSightV2::additionalData const &),method,,wNURSSightV2,setAdditionalData,struct wNURSSightV2::additionalData const &,False,False,False,False,False,False,True
578,577,0x241,?setAmmoCount@wAmmoSupplyDual@@QEAAXHH@Z,"public: void __cdecl wAmmoSupplyDual::setAmmoCount(int, int)",method,,wAmmoSupplyDual,setAmmoCount,"int, int",False,False,False,False,False,False,True
579,578,0x242,?setAmmoCount@wAmmoSupplyDual@@UEAAXH@Z,public: virtual void __cdecl wAmmoSupplyDual::setAmmoCount(int),method,,wAmmoSupplyDual,setAmmoCount,int,False,False,True,False,False,False,True
580,579,0x243,?setAmmoType@wAircraftGunMount@@QEAAXI@Z,public: void __cdecl wAircraftGunMount::setAmmoType(unsigned int),method,,wAircraftGunMount,setAmmoType,unsigned int,False,False,False,False,False,False,True
581,580,0x244,?setAmmoType@wAmmoSupply@@UEAAXI@Z,public: virtual void __cdecl wAmmoSupply::setAmmoType(unsigned int),method,,wAmmoSupply,setAmmoType,unsigned int,False,False,True,False,False,False,True
582,581,0x245,?setAmmunitionHotJoinData@wAmmunition@@QEAAXPEBUAmmunitionHotJoinData@@@Z,public: void __cdecl wAmmunition::setAmmunitionHotJoinData(struct AmmunitionHotJoinData const *),method,,wAmmunition,setAmmunitionHotJoinData,struct AmmunitionHotJoinData const *,False,False,False,False,False,False,True
583,582,0x246,?setAutoDelete@?$wActivityGroupEnvelope@VwShellGroup@@VwShell@@@@QEAAXXZ,"public: void __cdecl wActivityGroupEnvelope<class wShellGroup, class wShell>::setAutoDelete(void)",method,,wShell>,setAutoDelete,void,False,False,False,False,False,False,True
584,583,0x247,?setAutoDelete@wActivityGroup@@QEAAXXZ,public: void __cdecl wActivityGroup::setAutoDelete(void),method,,wActivityGroup,setAutoDelete,void,False,False,False,False,False,False,True
585,584,0x248,?setAzimuth@wAircraftGunMount@@QEAAXN@Z,public: void __cdecl wAircraftGunMount::setAzimuth(double),method,,wAircraftGunMount,setAzimuth,double,False,False,False,False,False,False,True
586,585,0x249,?setBaseAmmunitionHotJoinData@wAmmunition@@QEAAXPEBUBaseAmmoHotJoinData@@@Z,public: void __cdecl wAmmunition::setBaseAmmunitionHotJoinData(struct BaseAmmoHotJoinData const *),method,,wAmmunition,setBaseAmmunitionHotJoinData,struct BaseAmmoHotJoinData const *,False,False,False,False,False,False,True
587,586,0x24A,?setBurstIsMaster@wAircraftGunMount@@QEAAX_N@Z,public: void __cdecl wAircraftGunMount::setBurstIsMaster(bool),method,,wAircraftGunMount,setBurstIsMaster,bool,False,False,False,False,False,False,True
588,587,0x24B,?setBurstIsMaster@wGun@weapons_gun@@QEAAX_N@Z,public: void __cdecl weapons_gun::wGun::setBurstIsMaster(bool),method,weapons_gun,wGun,setBurstIsMaster,bool,False,False,False,False,False,False,True
589,588,0x24C,?setBurstLength@wGun@weapons_gun@@QEAAXH_N@Z,"public: void __cdecl weapons_gun::wGun::setBurstLength(int, bool)",method,weapons_gun,wGun,setBurstLength,"int, bool",False,False,False,False,False,False,True
590,589,0x24D,?setChain@wAmmoSupplyDual@@QEAAXH@Z,public: void __cdecl wAmmoSupplyDual::setChain(int),method,,wAmmoSupplyDual,setChain,int,False,False,False,False,False,False,True
591,590,0x24E,?setCoalition@wAmmunition@@UEAAXW4wcCoalitionName@@@Z,public: virtual void __cdecl wAmmunition::setCoalition(enum wcCoalitionName),method,,wAmmunition,setCoalition,enum wcCoalitionName,False,False,True,False,False,False,True
592,591,0x24F,?setCx@wBombSightAdv@@QEAAXNNNNN@Z,"public: void __cdecl wBombSightAdv::setCx(double, double, double, double, double)",method,,wBombSightAdv,setCx,"double, double, double, double, double",False,False,False,False,False,False,True
593,592,0x250,?setData@wBombSightAdv@@QEAAXAEBUFMData@1@@Z,public: void __cdecl wBombSightAdv::setData(struct wBombSightAdv::FMData const &),method,,wBombSightAdv,setData,struct wBombSightAdv::FMData const &,False,False,False,False,False,False,True
594,593,0x251,?setData@wNURSSight@@QEAAXAEBUFMData@1@AEBUEngineData@1@@Z,"public: void __cdecl wNURSSight::setData(struct wNURSSight::FMData const &, struct wNURSSight::EngineData const &)",method,,wNURSSight,setData,"struct wNURSSight::FMData const &, struct wNURSSight::EngineData const &",False,False,False,False,False,False,True
595,594,0x252,?setData@wNURSSightV2@@QEAAXAEBUFMData@wNURSSight@@AEBUEngineData@3@@Z,"public: void __cdecl wNURSSightV2::setData(struct wNURSSight::FMData const &, struct wNURSSight::EngineData const &)",method,,wNURSSightV2,setData,"struct wNURSSight::FMData const &, struct wNURSSight::EngineData const &",False,False,False,False,False,False,True
596,595,0x253,?setData@wNURSSightV2@@QEAAXAEBUFMData@wNURSSight@@AEBUEngineData@3@AEBUadditionalData@1@@Z,"public: void __cdecl wNURSSightV2::setData(struct wNURSSight::FMData const &, struct wNURSSight::EngineData const &, struct wNURSSightV2::additionalData const &)",method,,wNURSSightV2,setData,"struct wNURSSight::FMData const &, struct wNURSSight::EngineData const &, struct wNURSSightV2::additionalData const &",False,False,False,False,False,False,True
597,596,0x254,?setData@wRocketSight@@QEAAXAEBUFMData@1@AEBUEngineData@1@@Z,"public: void __cdecl wRocketSight::setData(struct wRocketSight::FMData const &, struct wRocketSight::EngineData const &)",method,,wRocketSight,setData,"struct wRocketSight::FMData const &, struct wRocketSight::EngineData const &",False,False,False,False,False,False,True
598,597,0x255,?setDataLinkState@wAmmunition@@QEAAXAEB_N@Z,public: void __cdecl wAmmunition::setDataLinkState(bool const &),method,,wAmmunition,setDataLinkState,bool const &,False,False,False,False,False,False,True
599,598,0x256,?setDefenciveTurretFlag@wAircraftGunMount@@QEAAX_N@Z,public: void __cdecl wAircraftGunMount::setDefenciveTurretFlag(bool),method,,wAircraftGunMount,setDefenciveTurretFlag,bool,False,False,False,False,False,False,True
600,599,0x257,?setDrawArg@wMovingObjectProxy@@QEAAXHN@Z,"public: void __cdecl wMovingObjectProxy::setDrawArg(int, double)",method,,wMovingObjectProxy,setDrawArg,"int, double",False,False,False,False,False,False,True
601,600,0x258,?setDrawArgument@wLAGunCarriage@@MEAAXHM@Z,"protected: virtual void __cdecl wLAGunCarriage::setDrawArgument(int, float)",method,,wLAGunCarriage,setDrawArgument,"int, float",False,False,True,False,False,False,True
602,601,0x259,?setDrawArgument@wLAGunpodCarriage@@MEAAXHM@Z,"protected: virtual void __cdecl wLAGunpodCarriage::setDrawArgument(int, float)",method,,wLAGunpodCarriage,setDrawArgument,"int, float",False,False,True,False,False,False,True
603,602,0x25A,?setDt@wBombSightAdv@@QEAAXN@Z,public: void __cdecl wBombSightAdv::setDt(double),method,,wBombSightAdv,setDt,double,False,False,False,False,False,False,True
604,603,0x25B,?setElevation@wAircraftGunMount@@QEAAXN@Z,public: void __cdecl wAircraftGunMount::setElevation(double),method,,wAircraftGunMount,setElevation,double,False,False,False,False,False,False,True
605,604,0x25C,?setError@wAmmunition@@QEAAXAEBV?$Vector@$02N@Math@@@Z,"public: void __cdecl wAmmunition::setError(class Math::Vector<3, double> const &)",method,,wAmmunition,setError,"class Math::Vector<3, double> const &",False,False,False,False,False,False,True
606,605,0x25D,?setExplosionListener@wShellGroup@@QEAAXPEAVwShellExplosionListener@@@Z,public: void __cdecl wShellGroup::setExplosionListener(class wShellExplosionListener *),method,,wShellGroup,setExplosionListener,class wShellExplosionListener *,False,False,False,False,False,False,True
607,606,0x25E,?setExplosionSync@wAmmunition@@QEAAXUAmmunitionExplosionSyncMessage@@@Z,public: void __cdecl wAmmunition::setExplosionSync(struct AmmunitionExplosionSyncMessage),method,,wAmmunition,setExplosionSync,struct AmmunitionExplosionSyncMessage,False,False,False,False,False,False,True
608,607,0x25F,?setFailure@wAircraftGunMount@@QEAAXH_NMM@Z,"public: void __cdecl wAircraftGunMount::setFailure(int, bool, float, float)",method,,wAircraftGunMount,setFailure,"int, bool, float, float",False,False,False,False,False,False,True
609,608,0x260,?setFireRate@wGun@weapons_gun@@QEAAXN@Z,public: void __cdecl weapons_gun::wGun::setFireRate(double),method,weapons_gun,wGun,setFireRate,double,False,False,False,False,False,False,True
610,609,0x261,?setGw2Parameters@wBombSightAdv@@QEAA_NNNNNN@Z,"public: bool __cdecl wBombSightAdv::setGw2Parameters(double, double, double, double, double)",method,,wBombSightAdv,setGw2Parameters,"double, double, double, double, double",False,False,False,False,False,False,True
611,610,0x262,?setGw2Parameters@wNURSSight@@QEAA_NNNNNN@Z,"public: bool __cdecl wNURSSight::setGw2Parameters(double, double, double, double, double)",method,,wNURSSight,setGw2Parameters,"double, double, double, double, double",False,False,False,False,False,False,True
612,611,0x263,?setGw2Parameters@wRocketSight@@QEAA_NNNNNN@Z,"public: bool __cdecl wRocketSight::setGw2Parameters(double, double, double, double, double)",method,,wRocketSight,setGw2Parameters,"double, double, double, double, double",False,False,False,False,False,False,True
613,612,0x264,?setIlluminatorTgtID@wAmmunition@@QEAAXAEBI@Z,public: void __cdecl wAmmunition::setIlluminatorTgtID(unsigned int const &),method,,wAmmunition,setIlluminatorTgtID,unsigned int const &,False,False,False,False,False,False,True
614,613,0x265,?setImpactVec@LARBuilder@@AEAAXXZ,private: void __cdecl LARBuilder::setImpactVec(void),method,,LARBuilder,setImpactVec,void,False,False,False,False,False,False,True
615,614,0x266,?setInaccuracy@@YAXAEAV?$complex@N@std@@N@Z,"void __cdecl setInaccuracy(class std::complex<double> &, double)",function,,,setInaccuracy,"class std::complex<double> &, double",False,False,False,False,False,False,True
616,615,0x267,?setLaunchMode@wAmmunition@@QEAAXAEBH@Z,public: void __cdecl wAmmunition::setLaunchMode(int const &),method,,wAmmunition,setLaunchMode,int const &,False,False,False,False,False,False,True
617,616,0x268,?setLauncher@wAmmunition@@QEAAXPEAVMovingObject@@@Z,public: void __cdecl wAmmunition::setLauncher(class MovingObject *),method,,wAmmunition,setLauncher,class MovingObject *,False,False,False,False,False,False,True
618,617,0x269,?setLauncherId@wAmmunition@@UEAAXI@Z,public: virtual void __cdecl wAmmunition::setLauncherId(unsigned int),method,,wAmmunition,setLauncherId,unsigned int,False,False,True,False,False,False,True
619,618,0x26A,?setLocalBox@wMovingObjectProxy@@QEAAXAEBV?$Vector@$02N@Math@@0@Z,"public: void __cdecl wMovingObjectProxy::setLocalBox(class Math::Vector<3, double> const &, class Math::Vector<3, double> const &)",method,,wMovingObjectProxy,setLocalBox,"class Math::Vector<3, double> const &, class Math::Vector<3, double> const &",False,False,False,False,False,False,True
620,619,0x26B,?setMaxDist@wNURSSight@@QEAAXN@Z,public: void __cdecl wNURSSight::setMaxDist(double),method,,wNURSSight,setMaxDist,double,False,False,False,False,False,False,True
621,620,0x26C,?setMaxDist@wRocketSight@@QEAAXN@Z,public: void __cdecl wRocketSight::setMaxDist(double),method,,wRocketSight,setMaxDist,double,False,False,False,False,False,False,True
622,621,0x26D,?setMaxDrawArgIndex@wMovingObjectProxy@@QEAAXH@Z,public: void __cdecl wMovingObjectProxy::setMaxDrawArgIndex(int),method,,wMovingObjectProxy,setMaxDrawArgIndex,int,False,False,False,False,False,False,True
623,622,0x26E,?setMaxTOF@wNURSSight@@QEAAXN@Z,public: void __cdecl wNURSSight::setMaxTOF(double),method,,wNURSSight,setMaxTOF,double,False,False,False,False,False,False,True
624,623,0x26F,?setMaxTOF@wRocketSight@@QEAAXN@Z,public: void __cdecl wRocketSight::setMaxTOF(double),method,,wRocketSight,setMaxTOF,double,False,False,False,False,False,False,True
625,624,0x270,?setModel@wMovingObjectProxy@@QEAAXPEBD@Z,public: void __cdecl wMovingObjectProxy::setModel(char const *),method,,wMovingObjectProxy,setModel,char const *,False,False,False,False,False,False,True
626,625,0x271,?setNetState@wAircraftGunMount@@QEAAXAEBUwAircraftGunMountNetState@@@Z,public: void __cdecl wAircraftGunMount::setNetState(struct wAircraftGunMountNetState const &),method,,wAircraftGunMount,setNetState,struct wAircraftGunMountNetState const &,False,False,False,False,False,False,True
627,626,0x272,?setOmega@wAmmunition@@QEAAXAEBV?$Vector@$02N@Math@@@Z,"public: void __cdecl wAmmunition::setOmega(class Math::Vector<3, double> const &)",method,,wAmmunition,setOmega,"class Math::Vector<3, double> const &",False,False,False,False,False,False,True
628,627,0x273,?setParameters@wBombSightAdv@@QEAA_NNNNN@Z,"public: bool __cdecl wBombSightAdv::setParameters(double, double, double, double)",method,,wBombSightAdv,setParameters,"double, double, double, double",False,False,False,False,False,False,True
629,628,0x274,?setParent@wMovingObjectProxy@@QEAAXPEAVviMovingObject@@_N@Z,"public: void __cdecl wMovingObjectProxy::setParent(class viMovingObject *, bool)",method,,wMovingObjectProxy,setParent,"class viMovingObject *, bool",False,False,False,False,False,False,True
630,629,0x275,?setPortValue@wAmmunition@@QEAA_NAEBV?$basic_string@D@ed@@H@Z,"public: bool __cdecl wAmmunition::setPortValue(class ed::basic_string<char> const &, int)",method,,wAmmunition,setPortValue,"class ed::basic_string<char> const &, int",False,False,False,False,False,False,True
631,630,0x276,?setPortValue@wAmmunition@@QEAA_NAEBV?$basic_string@D@ed@@I@Z,"public: bool __cdecl wAmmunition::setPortValue(class ed::basic_string<char> const &, unsigned int)",method,,wAmmunition,setPortValue,"class ed::basic_string<char> const &, unsigned int",False,False,False,False,False,False,True
632,631,0x277,?setPortValue@wAmmunition@@QEAA_NAEBV?$basic_string@D@ed@@N@Z,"public: bool __cdecl wAmmunition::setPortValue(class ed::basic_string<char> const &, double)",method,,wAmmunition,setPortValue,"class ed::basic_string<char> const &, double",False,False,False,False,False,False,True
633,632,0x278,?setPortValue@wAmmunition@@QEAA_NAEBV?$basic_string@D@ed@@PEAX@Z,"public: bool __cdecl wAmmunition::setPortValue(class ed::basic_string<char> const &, void *)",method,,wAmmunition,setPortValue,"class ed::basic_string<char> const &, void *",False,False,False,False,False,False,True
634,633,0x279,?setPortValue@wAmmunition@@QEAA_NAEBV?$basic_string@D@ed@@U?$Rotation3@N@Math@@@Z,"public: bool __cdecl wAmmunition::setPortValue(class ed::basic_string<char> const &, struct Math::Rotation3<double>)",method,,wAmmunition,setPortValue,"class ed::basic_string<char> const &, struct Math::Rotation3<double>",False,False,False,False,False,False,True
635,634,0x27A,?setPortValue@wAmmunition@@QEAA_NAEBV?$basic_string@D@ed@@V?$Vector@$02N@Math@@@Z,"public: bool __cdecl wAmmunition::setPortValue(class ed::basic_string<char> const &, class Math::Vector<3, double>)",method,,wAmmunition,setPortValue,"class ed::basic_string<char> const &, class Math::Vector<3, double>",False,False,False,False,False,False,True
636,635,0x27B,?setPortValue@wAmmunition@@QEAA_NAEBV?$basic_string@D@ed@@_N@Z,"public: bool __cdecl wAmmunition::setPortValue(class ed::basic_string<char> const &, bool)",method,,wAmmunition,setPortValue,"class ed::basic_string<char> const &, bool",False,False,False,False,False,False,True
637,636,0x27C,?setPosition3d@wAmmunition@@QEAAXAEBV?$wPosition3@N@@@Z,public: void __cdecl wAmmunition::setPosition3d(class wPosition3<double> const &),method,,wAmmunition,setPosition3d,class wPosition3<double> const &,False,False,False,False,False,False,True
638,637,0x27D,?setPosition@wAmmunition@@QEAAXAEBV?$Vector@$02N@Math@@@Z,"public: void __cdecl wAmmunition::setPosition(class Math::Vector<3, double> const &)",method,,wAmmunition,setPosition,"class Math::Vector<3, double> const &",False,False,False,False,False,False,True
639,638,0x27E,?setPosition@wMovingObjectProxy@@QEAAXNAEBV?$Position@$02NN@Math@@AEBV?$Vector@$02N@3@@Z,"public: void __cdecl wMovingObjectProxy::setPosition(double, class Math::Position<3, double, double> const &, class Math::Vector<3, double> const &)",method,,wMovingObjectProxy,setPosition,"double, class Math::Position<3, double, double> const &, class Math::Vector<3, double> const &",False,False,False,False,False,False,True
640,639,0x27F,?setRailPosition@wAmmunition@@QEAAXAEBV?$Vector@$02N@Math@@@Z,"public: void __cdecl wAmmunition::setRailPosition(class Math::Vector<3, double> const &)",method,,wAmmunition,setRailPosition,"class Math::Vector<3, double> const &",False,False,False,False,False,False,True
641,640,0x280,?setRotation@wAmmunition@@QEAAXAEBU?$Rotation3@N@Math@@@Z,public: void __cdecl wAmmunition::setRotation(struct Math::Rotation3<double> const &),method,,wAmmunition,setRotation,struct Math::Rotation3<double> const &,False,False,False,False,False,False,True
642,641,0x281,?setSideTargetIDs@wAmmunition@@QEAAXQEAIAEBH@Z,"public: void __cdecl wAmmunition::setSideTargetIDs(unsigned int *const, int const &)",method,,wAmmunition,setSideTargetIDs,"unsigned int *const, int const &",False,False,False,False,False,False,True
643,642,0x282,?setState@wAmmunition@@UEAAXH@Z,public: virtual void __cdecl wAmmunition::setState(int),method,,wAmmunition,setState,int,False,False,True,False,False,False,True
644,643,0x283,?setSuppressExplosion@wAmmunition@@QEAAXAEB_N@Z,public: void __cdecl wAmmunition::setSuppressExplosion(bool const &),method,,wAmmunition,setSuppressExplosion,bool const &,False,False,False,False,False,False,True
645,644,0x284,?setTarget@wAmmunition@@UEAAXI@Z,public: virtual void __cdecl wAmmunition::setTarget(unsigned int),method,,wAmmunition,setTarget,unsigned int,False,False,True,False,False,False,True
646,645,0x285,?setUnlimited@wAmmoSupply@@UEAAX_N@Z,public: virtual void __cdecl wAmmoSupply::setUnlimited(bool),method,,wAmmoSupply,setUnlimited,bool,False,False,True,False,False,False,True
647,646,0x286,?setUptodateTime@wActivityGroupMember@@QEAAXN@Z,public: void __cdecl wActivityGroupMember::setUptodateTime(double),method,,wActivityGroupMember,setUptodateTime,double,False,False,False,False,False,False,True
648,647,0x287,?setVelocity@wAmmunition@@QEAAXAEBV?$Vector@$02N@Math@@@Z,"public: void __cdecl wAmmunition::setVelocity(class Math::Vector<3, double> const &)",method,,wAmmunition,setVelocity,"class Math::Vector<3, double> const &",False,False,False,False,False,False,True
649,648,0x288,?setWireValue@wAmmunition@@QEAA_NAEBV?$basic_string@D@ed@@H@Z,"public: bool __cdecl wAmmunition::setWireValue(class ed::basic_string<char> const &, int)",method,,wAmmunition,setWireValue,"class ed::basic_string<char> const &, int",False,False,False,False,False,False,True
650,649,0x289,?setWireValue@wAmmunition@@QEAA_NAEBV?$basic_string@D@ed@@I@Z,"public: bool __cdecl wAmmunition::setWireValue(class ed::basic_string<char> const &, unsigned int)",method,,wAmmunition,setWireValue,"class ed::basic_string<char> const &, unsigned int",False,False,False,False,False,False,True
651,650,0x28A,?setWireValue@wAmmunition@@QEAA_NAEBV?$basic_string@D@ed@@N@Z,"public: bool __cdecl wAmmunition::setWireValue(class ed::basic_string<char> const &, double)",method,,wAmmunition,setWireValue,"class ed::basic_string<char> const &, double",False,False,False,False,False,False,True
652,651,0x28B,?setWireValue@wAmmunition@@QEAA_NAEBV?$basic_string@D@ed@@U?$Rotation3@N@Math@@@Z,"public: bool __cdecl wAmmunition::setWireValue(class ed::basic_string<char> const &, struct Math::Rotation3<double>)",method,,wAmmunition,setWireValue,"class ed::basic_string<char> const &, struct Math::Rotation3<double>",False,False,False,False,False,False,True
653,652,0x28C,?setWireValue@wAmmunition@@QEAA_NAEBV?$basic_string@D@ed@@V?$Vector@$02N@Math@@@Z,"public: bool __cdecl wAmmunition::setWireValue(class ed::basic_string<char> const &, class Math::Vector<3, double>)",method,,wAmmunition,setWireValue,"class ed::basic_string<char> const &, class Math::Vector<3, double>",False,False,False,False,False,False,True
654,653,0x28D,?setWireValue@wAmmunition@@QEAA_NAEBV?$basic_string@D@ed@@_N@Z,"public: bool __cdecl wAmmunition::setWireValue(class ed::basic_string<char> const &, bool)",method,,wAmmunition,setWireValue,"class ed::basic_string<char> const &, bool",False,False,False,False,False,False,True
655,654,0x28E,?setWsType@wNURSSight@@QEAAXVwsType@@@Z,public: void __cdecl wNURSSight::setWsType(class wsType),method,,wNURSSight,setWsType,class wsType,False,False,False,False,False,False,True
656,655,0x28F,?setWsType@wRocketSight@@QEAAXVwsType@@@Z,public: void __cdecl wRocketSight::setWsType(class wsType),method,,wRocketSight,setWsType,class wsType,False,False,False,False,False,False,True
657,656,0x290,?set_fire_stop_hndl@wGun@weapons_gun@@QEAAXAEBV?$function@$$A6AXXZ@std@@@Z,public: void __cdecl weapons_gun::wGun::set_fire_stop_hndl(class std::function<void __cdecl(void)> const &),method,weapons_gun,wGun,set_fire_stop_hndl,class std::function<void __cdecl(void)> const &,False,False,False,False,False,False,True
658,657,0x291,?set_flag@wGun@weapons_gun@@QEAAXE_N@Z,"public: void __cdecl weapons_gun::wGun::set_flag(unsigned char, bool)",method,weapons_gun,wGun,set_flag,"unsigned char, bool",False,False,False,False,False,False,True
659,658,0x292,?set_on_shot_hndl@wGun@weapons_gun@@QEAAXAEBV?$function@$$A6AXPEBVwShell@@@Z@std@@@Z,public: void __cdecl weapons_gun::wGun::set_on_shot_hndl(class std::function<void __cdecl(class wShell const *)> const &),method,weapons_gun,wGun,set_on_shot_hndl,class std::function<void __cdecl(class wShell const *)> const &,False,False,False,False,False,False,True
660,659,0x293,?simple_aim@wBombSight@@QEAA_NNNAEBV?$Vector@$02N@Math@@NAEANAEAV23@QEAV?$IWindTable@MV?$Vector@$02M@Math@@@weapon_base@@@Z,"public: bool __cdecl wBombSight::simple_aim(double, double, class Math::Vector<3, double> const &, double, double &, class Math::Vector<3, double> &, class weapon_base::IWindTable<float, class Math::Vector<3, float>> *const)",method,,wBombSight,simple_aim,"double, double, class Math::Vector<3, double> const &, double, double &, class Math::Vector<3, double> &, class weapon_base::IWindTable<float, class Math::Vector<3, float>> *const",False,False,False,False,False,False,True
661,660,0x294,?simple_aim@wBombSight@@QEAA_NNNAEBV?$Vector@$02N@Math@@NAEANAEAV23@QEAV?$IWindTable@MV?$Vector@$02M@Math@@@weapon_base@@N@Z,"public: bool __cdecl wBombSight::simple_aim(double, double, class Math::Vector<3, double> const &, double, double &, class Math::Vector<3, double> &, class weapon_base::IWindTable<float, class Math::Vector<3, float>> *const, double)",method,,wBombSight,simple_aim,"double, double, class Math::Vector<3, double> const &, double, double &, class Math::Vector<3, double> &, class weapon_base::IWindTable<float, class Math::Vector<3, float>> *const, double",False,False,False,False,False,False,True
662,661,0x295,?simple_aim@wBombSightAdv@@QEAA_NNNAEBV?$Vector@$02N@Math@@AEANAEAV23@QEAV?$IWindTable@MV?$Vector@$02M@Math@@@weapon_base@@@Z,"public: bool __cdecl wBombSightAdv::simple_aim(double, double, class Math::Vector<3, double> const &, double &, class Math::Vector<3, double> &, class weapon_base::IWindTable<float, class Math::Vector<3, float>> *const)",method,,wBombSightAdv,simple_aim,"double, double, class Math::Vector<3, double> const &, double &, class Math::Vector<3, double> &, class weapon_base::IWindTable<float, class Math::Vector<3, float>> *const",False,False,False,False,False,False,True
663,662,0x296,?simulate@wAircraftGunMount@@QEAAXN@Z,public: void __cdecl wAircraftGunMount::simulate(double),method,,wAircraftGunMount,simulate,double,False,False,False,False,False,False,True
664,663,0x297,?simulate@wAmmunition@@UEAANXZ,public: virtual double __cdecl wAmmunition::simulate(void),method,,wAmmunition,simulate,void,False,False,True,False,False,False,True
665,664,0x298,?simulateObject_@?$wActivityGroupEnvelope@VwShellGroup@@VwShell@@@@MEAA?AW4eSimulationResult@wActivityGroupMember@@PEAV3@N@Z,"protected: virtual enum wActivityGroupMember::eSimulationResult __cdecl wActivityGroupEnvelope<class wShellGroup, class wShell>::simulateObject_(class wActivityGroupMember *, double)",method,,wShell>,simulateObject_,"class wActivityGroupMember *, double",False,False,True,False,False,False,True
666,665,0x299,?simulate_@wActivityGroup@@IEAAXPEAVwActivityGroupMember@@@Z,protected: void __cdecl wActivityGroup::simulate_(class wActivityGroupMember *),method,,wActivityGroup,simulate_,class wActivityGroupMember *,False,False,False,False,False,False,True
667,666,0x29A,?simulate_@wBombSightAdv@@IEAAXNAEAV?$Vector@$02N@Math@@00AEAU?$Rotation3@N@3@AEBV23@@Z,"protected: void __cdecl wBombSightAdv::simulate_(double, class Math::Vector<3, double> &, class Math::Vector<3, double> &, class Math::Vector<3, double> &, struct Math::Rotation3<double> &, class Math::Vector<3, double> const &)",method,,wBombSightAdv,simulate_,"double, class Math::Vector<3, double> &, class Math::Vector<3, double> &, class Math::Vector<3, double> &, struct Math::Rotation3<double> &, class Math::Vector<3, double> const &",False,False,False,False,False,False,True
668,667,0x29B,?simulate_@wBombSightAdv@@IEAAXNAEAV?$Vector@$02N@Math@@0AEBV23@@Z,"protected: void __cdecl wBombSightAdv::simulate_(double, class Math::Vector<3, double> &, class Math::Vector<3, double> &, class Math::Vector<3, double> const &)",method,,wBombSightAdv,simulate_,"double, class Math::Vector<3, double> &, class Math::Vector<3, double> &, class Math::Vector<3, double> const &",False,False,False,False,False,False,True
669,668,0x29C,?simulate_@wNURSSight@@IEAAXNNAEAV?$Vector@$02N@Math@@0AEAU?$Rotation3@N@3@0AEBV23@@Z,"protected: void __cdecl wNURSSight::simulate_(double, double, class Math::Vector<3, double> &, class Math::Vector<3, double> &, struct Math::Rotation3<double> &, class Math::Vector<3, double> &, class Math::Vector<3, double> const &)",method,,wNURSSight,simulate_,"double, double, class Math::Vector<3, double> &, class Math::Vector<3, double> &, struct Math::Rotation3<double> &, class Math::Vector<3, double> &, class Math::Vector<3, double> const &",False,False,False,False,False,False,True
670,669,0x29D,?simulate_@wNURSSightV2@@IEAAXNNAEAV?$Vector@$02N@Math@@0AEAU?$Rotation3@N@3@0AEBV23@@Z,"protected: void __cdecl wNURSSightV2::simulate_(double, double, class Math::Vector<3, double> &, class Math::Vector<3, double> &, struct Math::Rotation3<double> &, class Math::Vector<3, double> &, class Math::Vector<3, double> const &)",method,,wNURSSightV2,simulate_,"double, double, class Math::Vector<3, double> &, class Math::Vector<3, double> &, struct Math::Rotation3<double> &, class Math::Vector<3, double> &, class Math::Vector<3, double> const &",False,False,False,False,False,False,True
671,670,0x29E,?simulate_gw2_@wBombSightAdv@@IEAAXNAEAV?$Vector@$02N@Math@@00AEAU?$Rotation3@N@3@AEBV23@@Z,"protected: void __cdecl wBombSightAdv::simulate_gw2_(double, class Math::Vector<3, double> &, class Math::Vector<3, double> &, class Math::Vector<3, double> &, struct Math::Rotation3<double> &, class Math::Vector<3, double> const &)",method,,wBombSightAdv,simulate_gw2_,"double, class Math::Vector<3, double> &, class Math::Vector<3, double> &, class Math::Vector<3, double> &, struct Math::Rotation3<double> &, class Math::Vector<3, double> const &",False,False,False,False,False,False,True
672,671,0x29F,?simulate_gw2_@wNURSSight@@IEAAXNNAEAV?$Vector@$02N@Math@@0AEAU?$Rotation3@N@3@0AEBV23@@Z,"protected: void __cdecl wNURSSight::simulate_gw2_(double, double, class Math::Vector<3, double> &, class Math::Vector<3, double> &, struct Math::Rotation3<double> &, class Math::Vector<3, double> &, class Math::Vector<3, double> const &)",method,,wNURSSight,simulate_gw2_,"double, double, class Math::Vector<3, double> &, class Math::Vector<3, double> &, struct Math::Rotation3<double> &, class Math::Vector<3, double> &, class Math::Vector<3, double> const &",False,False,False,False,False,False,True
673,672,0x2A0,?simulate_gw2_@wNURSSightV2@@IEAAXNNAEAV?$Vector@$02N@Math@@0AEAU?$Rotation3@N@3@0AEBV23@@Z,"protected: void __cdecl wNURSSightV2::simulate_gw2_(double, double, class Math::Vector<3, double> &, class Math::Vector<3, double> &, struct Math::Rotation3<double> &, class Math::Vector<3, double> &, class Math::Vector<3, double> const &)",method,,wNURSSightV2,simulate_gw2_,"double, double, class Math::Vector<3, double> &, class Math::Vector<3, double> &, struct Math::Rotation3<double> &, class Math::Vector<3, double> &, class Math::Vector<3, double> const &",False,False,False,False,False,False,True
674,673,0x2A1,?simulate_gw2_@wRocketSight@@IEAAXNNAEAV?$Vector@$02N@Math@@0AEAU?$Rotation3@N@3@0AEBV23@@Z,"protected: void __cdecl wRocketSight::simulate_gw2_(double, double, class Math::Vector<3, double> &, class Math::Vector<3, double> &, struct Math::Rotation3<double> &, class Math::Vector<3, double> &, class Math::Vector<3, double> const &)",method,,wRocketSight,simulate_gw2_,"double, double, class Math::Vector<3, double> &, class Math::Vector<3, double> &, struct Math::Rotation3<double> &, class Math::Vector<3, double> &, class Math::Vector<3, double> const &",False,False,False,False,False,False,True
675,674,0x2A2,?sound_init@wAmmunition@@AEAAXPEBVwAmmunitionDescriptor@@@Z,private: void __cdecl wAmmunition::sound_init(class wAmmunitionDescriptor const *),method,,wAmmunition,sound_init,class wAmmunitionDescriptor const *,False,False,False,False,False,False,True
676,675,0x2A3,?stop_fire@wGun@weapons_gun@@IEAAXXZ,protected: void __cdecl weapons_gun::wGun::stop_fire(void),method,weapons_gun,wGun,stop_fire,void,False,False,False,False,False,False,True
677,676,0x2A4,?switchChain@wAmmoSupplyDual@@QEAAXXZ,public: void __cdecl wAmmoSupplyDual::switchChain(void),method,,wAmmoSupplyDual,switchChain,void,False,False,False,False,False,False,True
678,677,0x2A5,?sync_T@wAircraftGunMount@@QEAAXAEAVStream@Mail@@@Z,public: void __cdecl wAircraftGunMount::sync_T(class Mail::Stream &),method,,wAircraftGunMount,sync_T,class Mail::Stream &,False,False,False,False,False,False,True
679,678,0x2A6,?sync_T@wGun@weapons_gun@@QEAAXAEAVStream@Mail@@@Z,public: void __cdecl weapons_gun::wGun::sync_T(class Mail::Stream &),method,weapons_gun,wGun,sync_T,class Mail::Stream &,False,False,False,False,False,False,True
680,679,0x2A7,?sync_T_active@wAircraftGunMount@@QEBA_NXZ,public: bool __cdecl wAircraftGunMount::sync_T_active(void) const,method,,wAircraftGunMount,sync_T_active,void,True,False,False,False,False,False,True
681,680,0x2A8,?sync_gun_T@wLAGunCarriage@@UEAAXXZ,public: virtual void __cdecl wLAGunCarriage::sync_gun_T(void),method,,wLAGunCarriage,sync_gun_T,void,False,False,True,False,False,False,True
682,681,0x2A9,?sync_gun_T@wLAGunpodCarriage@@UEAAXXZ,public: virtual void __cdecl wLAGunpodCarriage::sync_gun_T(void),method,,wLAGunpodCarriage,sync_gun_T,void,False,False,True,False,False,False,True
683,682,0x2AA,?targetInAngles@wAircraftGunMount@@QEAA_NV?$wPosition3@M@@@Z,public: bool __cdecl wAircraftGunMount::targetInAngles(class wPosition3<float>),method,,wAircraftGunMount,targetInAngles,class wPosition3<float>,False,False,False,False,False,False,True
684,683,0x2AB,?tryForceID@wAmmunition@@AEAAXI@Z,private: void __cdecl wAmmunition::tryForceID(unsigned int),method,,wAmmunition,tryForceID,unsigned int,False,False,False,False,False,False,True
685,684,0x2AC,?uniform@FragmentationBlastHandler@FragmentationDamage@@2VRandomObject@@A,public: static class RandomObject FragmentationDamage::FragmentationBlastHandler::uniform,symbol,,,,,False,False,False,False,False,False,True
686,685,0x2AD,?updateDefenciveTurret@wAircraftGunMount@@QEAAXMHAEA_NH@Z,"public: void __cdecl wAircraftGunMount::updateDefenciveTurret(float, int, bool &, int)",method,,wAircraftGunMount,updateDefenciveTurret,"float, int, bool &, int",False,False,False,False,False,False,True
687,686,0x2AE,?updateEffectsArgs@wAircraftGunMount@@QEAAXN@Z,public: void __cdecl wAircraftGunMount::updateEffectsArgs(double),method,,wAircraftGunMount,updateEffectsArgs,double,False,False,False,False,False,False,True
688,687,0x2AF,?valid@wNURSSight@@QEBA_NXZ,public: bool __cdecl wNURSSight::valid(void) const,method,,wNURSSight,valid,void,True,False,False,False,False,False,True
689,688,0x2B0,?valid@wRocketSight@@QEBA_NXZ,public: bool __cdecl wRocketSight::valid(void) const,method,,wRocketSight,valid,void,True,False,False,False,False,False,True
690,689,0x2B1,?verifyWarheadExplosionInfo@@YAXAEAUExplosionInfo@@I@Z,"void __cdecl verifyWarheadExplosionInfo(struct ExplosionInfo &, unsigned int)",function,,,verifyWarheadExplosionInfo,"struct ExplosionInfo &, unsigned int",False,False,False,False,False,False,True
691,690,0x2B2,?verifyWarheadExplosionInfo@@YAXAEAUExplosionInfo@@PEAVMovingObject@@@Z,"void __cdecl verifyWarheadExplosionInfo(struct ExplosionInfo &, class MovingObject *)",function,,,verifyWarheadExplosionInfo,"struct ExplosionInfo &, class MovingObject *",False,False,False,False,False,False,True
692,691,0x2B3,?verifyWarheadExplosionPoint@@YA?AUvExPointRes@@AEBUWarheadExplosionPointData@@I@Z,"struct vExPointRes __cdecl verifyWarheadExplosionPoint(struct WarheadExplosionPointData const &, unsigned int)",function,,,verifyWarheadExplosionPoint,"struct WarheadExplosionPointData const &, unsigned int",False,False,False,False,False,False,True
693,692,0x2B4,?verifyWarheadExplosionPoint@@YA?AUvExPointRes@@AEBUWarheadExplosionPointData@@PEAVMovingObject@@@Z,"struct vExPointRes __cdecl verifyWarheadExplosionPoint(struct WarheadExplosionPointData const &, class MovingObject *)",function,,,verifyWarheadExplosionPoint,"struct WarheadExplosionPointData const &, class MovingObject *",False,False,False,False,False,False,True
694,693,0x2B5,?wCreateAmmunitionByDesc@@YAPEAVwAmmunition@@PEAVMovingObject@@IPEAVwAmmunitionDescriptor@@_NPEAVLoader@Lua@@@Z,"class wAmmunition * __cdecl wCreateAmmunitionByDesc(class MovingObject *, unsigned int, class wAmmunitionDescriptor *, bool, class Lua::Loader *)",function,,,wCreateAmmunitionByDesc,"class MovingObject *, unsigned int, class wAmmunitionDescriptor *, bool, class Lua::Loader *",False,False,False,False,False,False,True
695,694,0x2B6,?wCreateAmmunitionByType@@YAPEAVwAmmunition@@PEAVMovingObject@@IVwsType@@_NPEAVLoader@Lua@@@Z,"class wAmmunition * __cdecl wCreateAmmunitionByType(class MovingObject *, unsigned int, class wsType, bool, class Lua::Loader *)",function,,,wCreateAmmunitionByType,"class MovingObject *, unsigned int, class wsType, bool, class Lua::Loader *",False,False,False,False,False,False,True
696,695,0x2B7,?wGetAmmunitionDescriptorByName@@YAPEAVwAmmunitionDescriptor@@AEBV?$basic_string@D@ed@@@Z,class wAmmunitionDescriptor * __cdecl wGetAmmunitionDescriptorByName(class ed::basic_string<char> const &),function,,,wGetAmmunitionDescriptorByName,class ed::basic_string<char> const &,False,False,False,False,False,False,True
697,696,0x2B8,?wGetAmmunitionDescriptorByType@@YAPEAVwAmmunitionDescriptor@@VwsType@@@Z,class wAmmunitionDescriptor * __cdecl wGetAmmunitionDescriptorByType(class wsType),function,,,wGetAmmunitionDescriptorByType,class wsType,False,False,False,False,False,False,True
698,697,0x2B9,?weapdebug_printf@@YAXPEBDZZ,"void __cdecl weapdebug_printf(char const *, ...)",function,,,weapdebug_printf,"char const *, ...",False,False,False,False,False,False,True
