ordinal,rva,rva_hex,name,demangled,symbol_type,namespace,class_name,function_name,parameters,const,static,virtual,is_vftable,is_vbtable,is_rtti,demangle_ok
1,0,0x0,?$TSS0@?4??CurrentDirectory@IOSystem@Assimp@@UEBAAEBV?$basic_string@DU?$char_traits@D@std@@V?$allocator@D@2@@std@@XZ@4HA,"int `public: virtual class std::basic_string<char, struct std::char_traits<char>, class std::allocator<char>> const & __cdecl Assimp::IOSystem::CurrentDirectory(void) const'::`5'::$TSS0",symbol,,,,,False,False,False,False,False,False,True
2,1,0x1,??0BaseImporter@Assimp@@QEAA@AEBV01@@Z,public: __cdecl Assimp::BaseImporter::BaseImporter(class Assimp::BaseImporter const &),method,Assimp,BaseImporter,BaseImporter,class Assimp::BaseImporter const &,False,False,False,False,False,False,True
3,2,0x2,??0BaseImporter@Assimp@@QEAA@XZ,public: __cdecl Assimp::BaseImporter::BaseImporter(void),method,Assimp,BaseImporter,BaseImporter,void,False,False,False,False,False,False,True
4,3,0x3,??0BaseProcess@Assimp@@QEAA@AEBV01@@Z,public: __cdecl Assimp::BaseProcess::BaseProcess(class Assimp::BaseProcess const &),method,Assimp,BaseProcess,BaseProcess,class Assimp::BaseProcess const &,False,False,False,False,False,False,True
5,4,0x4,??0BaseProcess@Assimp@@QEAA@XZ,public: __cdecl Assimp::BaseProcess::BaseProcess(void),method,Assimp,BaseProcess,BaseProcess,void,False,False,False,False,False,False,True
6,5,0x5,??0BatchLoader@Assimp@@QEAA@PEAVIOSystem@1@_N@Z,"public: __cdecl Assimp::BatchLoader::BatchLoader(class Assimp::IOSystem *, bool)",method,Assimp,BatchLoader,BatchLoader,"class Assimp::IOSystem *, bool",False,False,False,False,False,False,True
7,6,0x6,??0CalcTangentsProcess@Assimp@@QEAA@AEBV01@@Z,public: __cdecl Assimp::CalcTangentsProcess::CalcTangentsProcess(class Assimp::CalcTangentsProcess const &),method,Assimp,CalcTangentsProcess,CalcTangentsProcess,class Assimp::CalcTangentsProcess const &,False,False,False,False,False,False,True
8,7,0x7,??0CalcTangentsProcess@Assimp@@QEAA@XZ,public: __cdecl Assimp::CalcTangentsProcess::CalcTangentsProcess(void),method,Assimp,CalcTangentsProcess,CalcTangentsProcess,void,False,False,False,False,False,False,True
9,8,0x8,??0CommentRemover@Assimp@@AEAA@XZ,private: __cdecl Assimp::CommentRemover::CommentRemover(void),method,Assimp,CommentRemover,CommentRemover,void,False,False,False,False,False,False,True
10,9,0x9,??0Context@ODDLParser@@QEAA@XZ,public: __cdecl ODDLParser::Context::Context(void),method,ODDLParser,Context,Context,void,False,False,False,False,False,False,True
11,10,0xA,??0DDLNode@ODDLParser@@AEAA@AEBV?$basic_string@DU?$char_traits@D@std@@V?$allocator@D@2@@std@@0_KPEAV01@@Z,"private: __cdecl ODDLParser::DDLNode::DDLNode(class std::basic_string<char, struct std::char_traits<char>, class std::allocator<char>> const &, class std::basic_string<char, struct std::char_traits<char>, class std::allocator<char>> const &, unsigned __int64, class ODDLParser::DDLNode *)",method,ODDLParser,DDLNode,DDLNode,"class std::basic_string<char, struct std::char_traits<char>, class std::allocator<char>> const &, class std::basic_string<char, struct std::char_traits<char>, class std::allocator<char>> const &, unsigned __int64, class ODDLParser::DDLNode *",False,False,False,False,False,False,True
12,11,0xB,??0DataArrayList@ODDLParser@@QEAA@XZ,public: __cdecl ODDLParser::DataArrayList::DataArrayList(void),method,ODDLParser,DataArrayList,DataArrayList,void,False,False,False,False,False,False,True
13,12,0xC,??0DefaultIOStream@Assimp@@IEAA@PEAU_iobuf@@AEBV?$basic_string@DU?$char_traits@D@std@@V?$allocator@D@2@@std@@@Z,"protected: __cdecl Assimp::DefaultIOStream::DefaultIOStream(struct _iobuf *, class std::basic_string<char, struct std::char_traits<char>, class std::allocator<char>> const &)",method,Assimp,DefaultIOStream,DefaultIOStream,"struct _iobuf *, class std::basic_string<char, struct std::char_traits<char>, class std::allocator<char>> const &",False,False,False,False,False,False,True
14,13,0xD,??0DefaultIOStream@Assimp@@IEAA@XZ,protected: __cdecl Assimp::DefaultIOStream::DefaultIOStream(void),method,Assimp,DefaultIOStream,DefaultIOStream,void,False,False,False,False,False,False,True
15,14,0xE,??0DefaultIOStream@Assimp@@QEAA@AEBV01@@Z,public: __cdecl Assimp::DefaultIOStream::DefaultIOStream(class Assimp::DefaultIOStream const &),method,Assimp,DefaultIOStream,DefaultIOStream,class Assimp::DefaultIOStream const &,False,False,False,False,False,False,True
16,15,0xF,??0DefaultIOSystem@Assimp@@QEAA@$$QEAV01@@Z,public: __cdecl Assimp::DefaultIOSystem::DefaultIOSystem(class Assimp::DefaultIOSystem &&),method,Assimp,DefaultIOSystem,DefaultIOSystem,class Assimp::DefaultIOSystem &&,False,False,False,False,False,False,True
17,16,0x10,??0DefaultIOSystem@Assimp@@QEAA@AEBV01@@Z,public: __cdecl Assimp::DefaultIOSystem::DefaultIOSystem(class Assimp::DefaultIOSystem const &),method,Assimp,DefaultIOSystem,DefaultIOSystem,class Assimp::DefaultIOSystem const &,False,False,False,False,False,False,True
18,17,0x11,??0DefaultIOSystem@Assimp@@QEAA@XZ,public: __cdecl Assimp::DefaultIOSystem::DefaultIOSystem(void),method,Assimp,DefaultIOSystem,DefaultIOSystem,void,False,False,False,False,False,False,True
19,18,0x12,??0DefaultLogger@Assimp@@AEAA@W4LogSeverity@Logger@1@@Z,private: __cdecl Assimp::DefaultLogger::DefaultLogger(enum Assimp::Logger::LogSeverity),method,Assimp,DefaultLogger,DefaultLogger,enum Assimp::Logger::LogSeverity,False,False,False,False,False,False,True
20,19,0x13,??0DefaultLogger@Assimp@@QEAA@AEBV01@@Z,public: __cdecl Assimp::DefaultLogger::DefaultLogger(class Assimp::DefaultLogger const &),method,Assimp,DefaultLogger,DefaultLogger,class Assimp::DefaultLogger const &,False,False,False,False,False,False,True
21,20,0x14,??0EmbedTexturesProcess@Assimp@@QEAA@AEBV01@@Z,public: __cdecl Assimp::EmbedTexturesProcess::EmbedTexturesProcess(class Assimp::EmbedTexturesProcess const &),method,Assimp,EmbedTexturesProcess,EmbedTexturesProcess,class Assimp::EmbedTexturesProcess const &,False,False,False,False,False,False,True
22,21,0x15,??0EmbedTexturesProcess@Assimp@@QEAA@XZ,public: __cdecl Assimp::EmbedTexturesProcess::EmbedTexturesProcess(void),method,Assimp,EmbedTexturesProcess,EmbedTexturesProcess,void,False,False,False,False,False,False,True
23,22,0x16,??0ExportProperties@Assimp@@QEAA@AEBV01@@Z,public: __cdecl Assimp::ExportProperties::ExportProperties(class Assimp::ExportProperties const &),method,Assimp,ExportProperties,ExportProperties,class Assimp::ExportProperties const &,False,False,False,False,False,False,True
24,23,0x17,??0ExportProperties@Assimp@@QEAA@XZ,public: __cdecl Assimp::ExportProperties::ExportProperties(void),method,Assimp,ExportProperties,ExportProperties,void,False,False,False,False,False,False,True
25,24,0x18,??0Exporter@Assimp@@QEAA@XZ,public: __cdecl Assimp::Exporter::Exporter(void),method,Assimp,Exporter,Exporter,void,False,False,False,False,False,False,True
26,25,0x19,??0FindDegeneratesProcess@Assimp@@QEAA@AEBV01@@Z,public: __cdecl Assimp::FindDegeneratesProcess::FindDegeneratesProcess(class Assimp::FindDegeneratesProcess const &),method,Assimp,FindDegeneratesProcess,FindDegeneratesProcess,class Assimp::FindDegeneratesProcess const &,False,False,False,False,False,False,True
27,26,0x1A,??0FindDegeneratesProcess@Assimp@@QEAA@XZ,public: __cdecl Assimp::FindDegeneratesProcess::FindDegeneratesProcess(void),method,Assimp,FindDegeneratesProcess,FindDegeneratesProcess,void,False,False,False,False,False,False,True
28,27,0x1B,??0FindInvalidDataProcess@Assimp@@QEAA@AEBV01@@Z,public: __cdecl Assimp::FindInvalidDataProcess::FindInvalidDataProcess(class Assimp::FindInvalidDataProcess const &),method,Assimp,FindInvalidDataProcess,FindInvalidDataProcess,class Assimp::FindInvalidDataProcess const &,False,False,False,False,False,False,True
29,28,0x1C,??0FindInvalidDataProcess@Assimp@@QEAA@XZ,public: __cdecl Assimp::FindInvalidDataProcess::FindInvalidDataProcess(void),method,Assimp,FindInvalidDataProcess,FindInvalidDataProcess,void,False,False,False,False,False,False,True
30,29,0x1D,??0GenFaceNormalsProcess@Assimp@@QEAA@AEBV01@@Z,public: __cdecl Assimp::GenFaceNormalsProcess::GenFaceNormalsProcess(class Assimp::GenFaceNormalsProcess const &),method,Assimp,GenFaceNormalsProcess,GenFaceNormalsProcess,class Assimp::GenFaceNormalsProcess const &,False,False,False,False,False,False,True
31,30,0x1E,??0GenFaceNormalsProcess@Assimp@@QEAA@XZ,public: __cdecl Assimp::GenFaceNormalsProcess::GenFaceNormalsProcess(void),method,Assimp,GenFaceNormalsProcess,GenFaceNormalsProcess,void,False,False,False,False,False,False,True
32,31,0x1F,??0GenVertexNormalsProcess@Assimp@@QEAA@AEBV01@@Z,public: __cdecl Assimp::GenVertexNormalsProcess::GenVertexNormalsProcess(class Assimp::GenVertexNormalsProcess const &),method,Assimp,GenVertexNormalsProcess,GenVertexNormalsProcess,class Assimp::GenVertexNormalsProcess const &,False,False,False,False,False,False,True
33,32,0x20,??0GenVertexNormalsProcess@Assimp@@QEAA@XZ,public: __cdecl Assimp::GenVertexNormalsProcess::GenVertexNormalsProcess(void),method,Assimp,GenVertexNormalsProcess,GenVertexNormalsProcess,void,False,False,False,False,False,False,True
34,33,0x21,??0IOStream@Assimp@@IEAA@XZ,protected: __cdecl Assimp::IOStream::IOStream(void),method,Assimp,IOStream,IOStream,void,False,False,False,False,False,False,True
35,34,0x22,??0IOStream@Assimp@@QEAA@AEBV01@@Z,public: __cdecl Assimp::IOStream::IOStream(class Assimp::IOStream const &),method,Assimp,IOStream,IOStream,class Assimp::IOStream const &,False,False,False,False,False,False,True
36,35,0x23,??0IOStreamBase@ODDLParser@@QEAA@AEBV01@@Z,public: __cdecl ODDLParser::IOStreamBase::IOStreamBase(class ODDLParser::IOStreamBase const &),method,ODDLParser,IOStreamBase,IOStreamBase,class ODDLParser::IOStreamBase const &,False,False,False,False,False,False,True
37,36,0x24,??0IOStreamBase@ODDLParser@@QEAA@PEAVStreamFormatterBase@1@@Z,public: __cdecl ODDLParser::IOStreamBase::IOStreamBase(class ODDLParser::StreamFormatterBase *),method,ODDLParser,IOStreamBase,IOStreamBase,class ODDLParser::StreamFormatterBase *,False,False,False,False,False,False,True
38,37,0x25,??0IOSystem@Assimp@@QEAA@AEBV01@@Z,public: __cdecl Assimp::IOSystem::IOSystem(class Assimp::IOSystem const &),method,Assimp,IOSystem,IOSystem,class Assimp::IOSystem const &,False,False,False,False,False,False,True
39,38,0x26,??0IOSystem@Assimp@@QEAA@XZ,public: __cdecl Assimp::IOSystem::IOSystem(void),method,Assimp,IOSystem,IOSystem,void,False,False,False,False,False,False,True
40,39,0x27,??0Importer@Assimp@@QEAA@XZ,public: __cdecl Assimp::Importer::Importer(void),method,Assimp,Importer,Importer,void,False,False,False,False,False,False,True
41,40,0x28,??0Iterator@Value@ODDLParser@@QEAA@AEBV012@@Z,public: __cdecl ODDLParser::Value::Iterator::Iterator(class ODDLParser::Value::Iterator const &),method,ODDLParser::Value,Iterator,Iterator,class ODDLParser::Value::Iterator const &,False,False,False,False,False,False,True
42,41,0x29,??0Iterator@Value@ODDLParser@@QEAA@PEAV12@@Z,public: __cdecl ODDLParser::Value::Iterator::Iterator(class ODDLParser::Value *),method,ODDLParser::Value,Iterator,Iterator,class ODDLParser::Value *,False,False,False,False,False,False,True
43,42,0x2A,??0Iterator@Value@ODDLParser@@QEAA@XZ,public: __cdecl ODDLParser::Value::Iterator::Iterator(void),method,ODDLParser::Value,Iterator,Iterator,void,False,False,False,False,False,False,True
44,43,0x2B,??0JoinVerticesProcess@Assimp@@QEAA@AEBV01@@Z,public: __cdecl Assimp::JoinVerticesProcess::JoinVerticesProcess(class Assimp::JoinVerticesProcess const &),method,Assimp,JoinVerticesProcess,JoinVerticesProcess,class Assimp::JoinVerticesProcess const &,False,False,False,False,False,False,True
45,44,0x2C,??0JoinVerticesProcess@Assimp@@QEAA@XZ,public: __cdecl Assimp::JoinVerticesProcess::JoinVerticesProcess(void),method,Assimp,JoinVerticesProcess,JoinVerticesProcess,void,False,False,False,False,False,False,True
46,45,0x2D,??0LimitBoneWeightsProcess@Assimp@@QEAA@AEBV01@@Z,public: __cdecl Assimp::LimitBoneWeightsProcess::LimitBoneWeightsProcess(class Assimp::LimitBoneWeightsProcess const &),method,Assimp,LimitBoneWeightsProcess,LimitBoneWeightsProcess,class Assimp::LimitBoneWeightsProcess const &,False,False,False,False,False,False,True
47,46,0x2E,??0LimitBoneWeightsProcess@Assimp@@QEAA@XZ,public: __cdecl Assimp::LimitBoneWeightsProcess::LimitBoneWeightsProcess(void),method,Assimp,LimitBoneWeightsProcess,LimitBoneWeightsProcess,void,False,False,False,False,False,False,True
48,47,0x2F,??0LogStream@Assimp@@IEAA@XZ,protected: __cdecl Assimp::LogStream::LogStream(void),method,Assimp,LogStream,LogStream,void,False,False,False,False,False,False,True
49,48,0x30,??0LogStream@Assimp@@QEAA@AEBV01@@Z,public: __cdecl Assimp::LogStream::LogStream(class Assimp::LogStream const &),method,Assimp,LogStream,LogStream,class Assimp::LogStream const &,False,False,False,False,False,False,True
50,49,0x31,??0Logger@Assimp@@IEAA@W4LogSeverity@01@@Z,protected: __cdecl Assimp::Logger::Logger(enum Assimp::Logger::LogSeverity),method,Assimp,Logger,Logger,enum Assimp::Logger::LogSeverity,False,False,False,False,False,False,True
51,50,0x32,??0Logger@Assimp@@IEAA@XZ,protected: __cdecl Assimp::Logger::Logger(void),method,Assimp,Logger,Logger,void,False,False,False,False,False,False,True
52,51,0x33,??0Logger@Assimp@@QEAA@AEBV01@@Z,public: __cdecl Assimp::Logger::Logger(class Assimp::Logger const &),method,Assimp,Logger,Logger,class Assimp::Logger const &,False,False,False,False,False,False,True
53,52,0x34,??0MakeVerboseFormatProcess@Assimp@@QEAA@AEBV01@@Z,public: __cdecl Assimp::MakeVerboseFormatProcess::MakeVerboseFormatProcess(class Assimp::MakeVerboseFormatProcess const &),method,Assimp,MakeVerboseFormatProcess,MakeVerboseFormatProcess,class Assimp::MakeVerboseFormatProcess const &,False,False,False,False,False,False,True
54,53,0x35,??0MakeVerboseFormatProcess@Assimp@@QEAA@XZ,public: __cdecl Assimp::MakeVerboseFormatProcess::MakeVerboseFormatProcess(void),method,Assimp,MakeVerboseFormatProcess,MakeVerboseFormatProcess,void,False,False,False,False,False,False,True
55,54,0x36,??0Name@ODDLParser@@QEAA@AEBU01@@Z,public: __cdecl ODDLParser::Name::Name(struct ODDLParser::Name const &),method,ODDLParser,Name,Name,struct ODDLParser::Name const &,False,False,False,False,False,False,True
56,55,0x37,??0Name@ODDLParser@@QEAA@W4NameType@1@PEAUText@1@@Z,"public: __cdecl ODDLParser::Name::Name(enum ODDLParser::NameType, struct ODDLParser::Text *)",method,ODDLParser,Name,Name,"enum ODDLParser::NameType, struct ODDLParser::Text *",False,False,False,False,False,False,True
57,56,0x38,??0NullLogger@Assimp@@QEAA@$$QEAV01@@Z,public: __cdecl Assimp::NullLogger::NullLogger(class Assimp::NullLogger &&),method,Assimp,NullLogger,NullLogger,class Assimp::NullLogger &&,False,False,False,False,False,False,True
58,57,0x39,??0NullLogger@Assimp@@QEAA@AEBV01@@Z,public: __cdecl Assimp::NullLogger::NullLogger(class Assimp::NullLogger const &),method,Assimp,NullLogger,NullLogger,class Assimp::NullLogger const &,False,False,False,False,False,False,True
59,58,0x3A,??0NullLogger@Assimp@@QEAA@XZ,public: __cdecl Assimp::NullLogger::NullLogger(void),method,Assimp,NullLogger,NullLogger,void,False,False,False,False,False,False,True
60,59,0x3B,??0ObjFileParser@Assimp@@QEAA@AEAV?$IOStreamBuffer@D@1@AEBV?$basic_string@DU?$char_traits@D@std@@V?$allocator@D@2@@std@@PEAVIOSystem@1@PEAVProgressHandler@1@1@Z,"public: __cdecl Assimp::ObjFileParser::ObjFileParser(class Assimp::IOStreamBuffer<char> &, class std::basic_string<char, struct std::char_traits<char>, class std::allocator<char>> const &, class Assimp::IOSystem *, class Assimp::ProgressHandler *, class std::basic_string<char, struct std::char_traits<char>, class std::allocator<char>> const &)",method,Assimp,ObjFileParser,ObjFileParser,"class Assimp::IOStreamBuffer<char> &, class std::basic_string<char, struct std::char_traits<char>, class std::allocator<char>> const &, class Assimp::IOSystem *, class Assimp::ProgressHandler *, class std::basic_string<char, struct std::char_traits<char>, class std::allocator<char>> const &",False,False,False,False,False,False,True
61,60,0x3C,??0ObjFileParser@Assimp@@QEAA@XZ,public: __cdecl Assimp::ObjFileParser::ObjFileParser(void),method,Assimp,ObjFileParser,ObjFileParser,void,False,False,False,False,False,False,True
62,61,0x3D,??0OpenDDLExport@ODDLParser@@QEAA@PEAVIOStreamBase@1@@Z,public: __cdecl ODDLParser::OpenDDLExport::OpenDDLExport(class ODDLParser::IOStreamBase *),method,ODDLParser,OpenDDLExport,OpenDDLExport,class ODDLParser::IOStreamBase *,False,False,False,False,False,False,True
63,62,0x3E,??0OpenDDLParser@ODDLParser@@QEAA@PEBD_K@Z,"public: __cdecl ODDLParser::OpenDDLParser::OpenDDLParser(char const *, unsigned __int64)",method,ODDLParser,OpenDDLParser,OpenDDLParser,"char const *, unsigned __int64",False,False,False,False,False,False,True
64,63,0x3F,??0OpenDDLParser@ODDLParser@@QEAA@XZ,public: __cdecl ODDLParser::OpenDDLParser::OpenDDLParser(void),method,ODDLParser,OpenDDLParser,OpenDDLParser,void,False,False,False,False,False,False,True
65,64,0x40,??0PretransformVertices@Assimp@@QEAA@AEBV01@@Z,public: __cdecl Assimp::PretransformVertices::PretransformVertices(class Assimp::PretransformVertices const &),method,Assimp,PretransformVertices,PretransformVertices,class Assimp::PretransformVertices const &,False,False,False,False,False,False,True
66,65,0x41,??0PretransformVertices@Assimp@@QEAA@XZ,public: __cdecl Assimp::PretransformVertices::PretransformVertices(void),method,Assimp,PretransformVertices,PretransformVertices,void,False,False,False,False,False,False,True
67,66,0x42,??0ProgressHandler@Assimp@@IEAA@XZ,protected: __cdecl Assimp::ProgressHandler::ProgressHandler(void),method,Assimp,ProgressHandler,ProgressHandler,void,False,False,False,False,False,False,True
68,67,0x43,??0ProgressHandler@Assimp@@QEAA@AEBV01@@Z,public: __cdecl Assimp::ProgressHandler::ProgressHandler(class Assimp::ProgressHandler const &),method,Assimp,ProgressHandler,ProgressHandler,class Assimp::ProgressHandler const &,False,False,False,False,False,False,True
69,68,0x44,??0Property@ODDLParser@@QEAA@PEAUText@1@@Z,public: __cdecl ODDLParser::Property::Property(struct ODDLParser::Text *),method,ODDLParser,Property,Property,struct ODDLParser::Text *,False,False,False,False,False,False,True
70,69,0x45,??0Reference@ODDLParser@@QEAA@AEBU01@@Z,public: __cdecl ODDLParser::Reference::Reference(struct ODDLParser::Reference const &),method,ODDLParser,Reference,Reference,struct ODDLParser::Reference const &,False,False,False,False,False,False,True
71,70,0x46,??0Reference@ODDLParser@@QEAA@XZ,public: __cdecl ODDLParser::Reference::Reference(void),method,ODDLParser,Reference,Reference,void,False,False,False,False,False,False,True
72,71,0x47,??0Reference@ODDLParser@@QEAA@_KPEAPEAUName@1@@Z,"public: __cdecl ODDLParser::Reference::Reference(unsigned __int64, struct ODDLParser::Name **)",method,ODDLParser,Reference,Reference,"unsigned __int64, struct ODDLParser::Name **",False,False,False,False,False,False,True
73,72,0x48,??0RemoveRedundantMatsProcess@Assimp@@QEAA@AEBV01@@Z,public: __cdecl Assimp::RemoveRedundantMatsProcess::RemoveRedundantMatsProcess(class Assimp::RemoveRedundantMatsProcess const &),method,Assimp,RemoveRedundantMatsProcess,RemoveRedundantMatsProcess,class Assimp::RemoveRedundantMatsProcess const &,False,False,False,False,False,False,True
74,73,0x49,??0RemoveRedundantMatsProcess@Assimp@@QEAA@XZ,public: __cdecl Assimp::RemoveRedundantMatsProcess::RemoveRedundantMatsProcess(void),method,Assimp,RemoveRedundantMatsProcess,RemoveRedundantMatsProcess,void,False,False,False,False,False,False,True
75,74,0x4A,??0RemoveVCProcess@Assimp@@QEAA@AEBV01@@Z,public: __cdecl Assimp::RemoveVCProcess::RemoveVCProcess(class Assimp::RemoveVCProcess const &),method,Assimp,RemoveVCProcess,RemoveVCProcess,class Assimp::RemoveVCProcess const &,False,False,False,False,False,False,True
76,75,0x4B,??0RemoveVCProcess@Assimp@@QEAA@XZ,public: __cdecl Assimp::RemoveVCProcess::RemoveVCProcess(void),method,Assimp,RemoveVCProcess,RemoveVCProcess,void,False,False,False,False,False,False,True
77,76,0x4C,??0SGSpatialSort@Assimp@@QEAA@AEBV01@@Z,public: __cdecl Assimp::SGSpatialSort::SGSpatialSort(class Assimp::SGSpatialSort const &),method,Assimp,SGSpatialSort,SGSpatialSort,class Assimp::SGSpatialSort const &,False,False,False,False,False,False,True
78,77,0x4D,??0SGSpatialSort@Assimp@@QEAA@XZ,public: __cdecl Assimp::SGSpatialSort::SGSpatialSort(void),method,Assimp,SGSpatialSort,SGSpatialSort,void,False,False,False,False,False,False,True
79,78,0x4E,??0SIBImporter@Assimp@@QEAA@AEBV01@@Z,public: __cdecl Assimp::SIBImporter::SIBImporter(class Assimp::SIBImporter const &),method,Assimp,SIBImporter,SIBImporter,class Assimp::SIBImporter const &,False,False,False,False,False,False,True
80,79,0x4F,??0SIBImporter@Assimp@@QEAA@XZ,public: __cdecl Assimp::SIBImporter::SIBImporter(void),method,Assimp,SIBImporter,SIBImporter,void,False,False,False,False,False,False,True
81,80,0x50,??0SMDImporter@Assimp@@QEAA@AEBV01@@Z,public: __cdecl Assimp::SMDImporter::SMDImporter(class Assimp::SMDImporter const &),method,Assimp,SMDImporter,SMDImporter,class Assimp::SMDImporter const &,False,False,False,False,False,False,True
82,81,0x51,??0SMDImporter@Assimp@@QEAA@XZ,public: __cdecl Assimp::SMDImporter::SMDImporter(void),method,Assimp,SMDImporter,SMDImporter,void,False,False,False,False,False,False,True
83,82,0x52,??0ScaleProcess@Assimp@@QEAA@AEBV01@@Z,public: __cdecl Assimp::ScaleProcess::ScaleProcess(class Assimp::ScaleProcess const &),method,Assimp,ScaleProcess,ScaleProcess,class Assimp::ScaleProcess const &,False,False,False,False,False,False,True
84,83,0x53,??0ScaleProcess@Assimp@@QEAA@XZ,public: __cdecl Assimp::ScaleProcess::ScaleProcess(void),method,Assimp,ScaleProcess,ScaleProcess,void,False,False,False,False,False,False,True
85,84,0x54,??0SceneCombiner@Assimp@@AEAA@XZ,private: __cdecl Assimp::SceneCombiner::SceneCombiner(void),method,Assimp,SceneCombiner,SceneCombiner,void,False,False,False,False,False,False,True
86,85,0x55,??0ScenePreprocessor@Assimp@@QEAA@PEAUaiScene@@@Z,public: __cdecl Assimp::ScenePreprocessor::ScenePreprocessor(struct aiScene *),method,Assimp,ScenePreprocessor,ScenePreprocessor,struct aiScene *,False,False,False,False,False,False,True
87,86,0x56,??0ScenePreprocessor@Assimp@@QEAA@XZ,public: __cdecl Assimp::ScenePreprocessor::ScenePreprocessor(void),method,Assimp,ScenePreprocessor,ScenePreprocessor,void,False,False,False,False,False,False,True
88,87,0x57,??0SkeletonMeshBuilder@Assimp@@QEAA@$$QEAV01@@Z,public: __cdecl Assimp::SkeletonMeshBuilder::SkeletonMeshBuilder(class Assimp::SkeletonMeshBuilder &&),method,Assimp,SkeletonMeshBuilder,SkeletonMeshBuilder,class Assimp::SkeletonMeshBuilder &&,False,False,False,False,False,False,True
89,88,0x58,??0SkeletonMeshBuilder@Assimp@@QEAA@AEBV01@@Z,public: __cdecl Assimp::SkeletonMeshBuilder::SkeletonMeshBuilder(class Assimp::SkeletonMeshBuilder const &),method,Assimp,SkeletonMeshBuilder,SkeletonMeshBuilder,class Assimp::SkeletonMeshBuilder const &,False,False,False,False,False,False,True
90,89,0x59,??0SkeletonMeshBuilder@Assimp@@QEAA@PEAUaiScene@@PEAUaiNode@@_N@Z,"public: __cdecl Assimp::SkeletonMeshBuilder::SkeletonMeshBuilder(struct aiScene *, struct aiNode *, bool)",method,Assimp,SkeletonMeshBuilder,SkeletonMeshBuilder,"struct aiScene *, struct aiNode *, bool",False,False,False,False,False,False,True
91,90,0x5A,??0SortByPTypeProcess@Assimp@@QEAA@AEBV01@@Z,public: __cdecl Assimp::SortByPTypeProcess::SortByPTypeProcess(class Assimp::SortByPTypeProcess const &),method,Assimp,SortByPTypeProcess,SortByPTypeProcess,class Assimp::SortByPTypeProcess const &,False,False,False,False,False,False,True
92,91,0x5B,??0SortByPTypeProcess@Assimp@@QEAA@XZ,public: __cdecl Assimp::SortByPTypeProcess::SortByPTypeProcess(void),method,Assimp,SortByPTypeProcess,SortByPTypeProcess,void,False,False,False,False,False,False,True
93,92,0x5C,??0SpatialSort@Assimp@@QEAA@AEBV01@@Z,public: __cdecl Assimp::SpatialSort::SpatialSort(class Assimp::SpatialSort const &),method,Assimp,SpatialSort,SpatialSort,class Assimp::SpatialSort const &,False,False,False,False,False,False,True
94,93,0x5D,??0SpatialSort@Assimp@@QEAA@PEBV?$aiVector3t@M@@II@Z,"public: __cdecl Assimp::SpatialSort::SpatialSort(class aiVector3t<float> const *, unsigned int, unsigned int)",method,Assimp,SpatialSort,SpatialSort,"class aiVector3t<float> const *, unsigned int, unsigned int",False,False,False,False,False,False,True
95,94,0x5E,??0SpatialSort@Assimp@@QEAA@XZ,public: __cdecl Assimp::SpatialSort::SpatialSort(void),method,Assimp,SpatialSort,SpatialSort,void,False,False,False,False,False,False,True
96,95,0x5F,??0SplitLargeMeshesProcess_Triangle@Assimp@@QEAA@AEBV01@@Z,public: __cdecl Assimp::SplitLargeMeshesProcess_Triangle::SplitLargeMeshesProcess_Triangle(class Assimp::SplitLargeMeshesProcess_Triangle const &),method,Assimp,SplitLargeMeshesProcess_Triangle,SplitLargeMeshesProcess_Triangle,class Assimp::SplitLargeMeshesProcess_Triangle const &,False,False,False,False,False,False,True
97,96,0x60,??0SplitLargeMeshesProcess_Triangle@Assimp@@QEAA@XZ,public: __cdecl Assimp::SplitLargeMeshesProcess_Triangle::SplitLargeMeshesProcess_Triangle(void),method,Assimp,SplitLargeMeshesProcess_Triangle,SplitLargeMeshesProcess_Triangle,void,False,False,False,False,False,False,True
98,97,0x61,??0SplitLargeMeshesProcess_Vertex@Assimp@@QEAA@AEBV01@@Z,public: __cdecl Assimp::SplitLargeMeshesProcess_Vertex::SplitLargeMeshesProcess_Vertex(class Assimp::SplitLargeMeshesProcess_Vertex const &),method,Assimp,SplitLargeMeshesProcess_Vertex,SplitLargeMeshesProcess_Vertex,class Assimp::SplitLargeMeshesProcess_Vertex const &,False,False,False,False,False,False,True
99,98,0x62,??0SplitLargeMeshesProcess_Vertex@Assimp@@QEAA@XZ,public: __cdecl Assimp::SplitLargeMeshesProcess_Vertex::SplitLargeMeshesProcess_Vertex(void),method,Assimp,SplitLargeMeshesProcess_Vertex,SplitLargeMeshesProcess_Vertex,void,False,False,False,False,False,False,True
100,99,0x63,??0StandardShapes@Assimp@@AEAA@XZ,private: __cdecl Assimp::StandardShapes::StandardShapes(void),method,Assimp,StandardShapes,StandardShapes,void,False,False,False,False,False,False,True
101,100,0x64,??0StreamFormatterBase@ODDLParser@@QEAA@AEBV01@@Z,public: __cdecl ODDLParser::StreamFormatterBase::StreamFormatterBase(class ODDLParser::StreamFormatterBase const &),method,ODDLParser,StreamFormatterBase,StreamFormatterBase,class ODDLParser::StreamFormatterBase const &,False,False,False,False,False,False,True
102,101,0x65,??0StreamFormatterBase@ODDLParser@@QEAA@XZ,public: __cdecl ODDLParser::StreamFormatterBase::StreamFormatterBase(void),method,ODDLParser,StreamFormatterBase,StreamFormatterBase,void,False,False,False,False,False,False,True
103,102,0x66,??0Subdivider@Assimp@@QEAA@AEBV01@@Z,public: __cdecl Assimp::Subdivider::Subdivider(class Assimp::Subdivider const &),method,Assimp,Subdivider,Subdivider,class Assimp::Subdivider const &,False,False,False,False,False,False,True
104,103,0x67,??0Subdivider@Assimp@@QEAA@XZ,public: __cdecl Assimp::Subdivider::Subdivider(void),method,Assimp,Subdivider,Subdivider,void,False,False,False,False,False,False,True
105,104,0x68,??0Text@ODDLParser@@QEAA@PEBD_K@Z,"public: __cdecl ODDLParser::Text::Text(char const *, unsigned __int64)",method,ODDLParser,Text,Text,"char const *, unsigned __int64",False,False,False,False,False,False,True
106,105,0x69,??0TriangulateProcess@Assimp@@QEAA@AEBV01@@Z,public: __cdecl Assimp::TriangulateProcess::TriangulateProcess(class Assimp::TriangulateProcess const &),method,Assimp,TriangulateProcess,TriangulateProcess,class Assimp::TriangulateProcess const &,False,False,False,False,False,False,True
107,106,0x6A,??0TriangulateProcess@Assimp@@QEAA@XZ,public: __cdecl Assimp::TriangulateProcess::TriangulateProcess(void),method,Assimp,TriangulateProcess,TriangulateProcess,void,False,False,False,False,False,False,True
108,107,0x6B,??0Value@ODDLParser@@QEAA@W4ValueType@01@@Z,public: __cdecl ODDLParser::Value::Value(enum ODDLParser::Value::ValueType),method,ODDLParser,Value,Value,enum ODDLParser::Value::ValueType,False,False,False,False,False,False,True
109,108,0x6C,??0VertexTriangleAdjacency@Assimp@@QEAA@PEAUaiFace@@II_N@Z,"public: __cdecl Assimp::VertexTriangleAdjacency::VertexTriangleAdjacency(struct aiFace *, unsigned int, unsigned int, bool)",method,Assimp,VertexTriangleAdjacency,VertexTriangleAdjacency,"struct aiFace *, unsigned int, unsigned int, bool",False,False,False,False,False,False,True
110,109,0x6D,??0aiMaterial@@QEAA@XZ,public: __cdecl aiMaterial::aiMaterial(void),method,,aiMaterial,aiMaterial,void,False,False,False,False,False,False,True
111,110,0x6E,??0aiNode@@QEAA@AEBU0@@Z,public: __cdecl aiNode::aiNode(struct aiNode const &),method,,aiNode,aiNode,struct aiNode const &,False,False,False,False,False,False,True
112,111,0x6F,??0aiNode@@QEAA@AEBV?$basic_string@DU?$char_traits@D@std@@V?$allocator@D@2@@std@@@Z,"public: __cdecl aiNode::aiNode(class std::basic_string<char, struct std::char_traits<char>, class std::allocator<char>> const &)",method,,aiNode,aiNode,"class std::basic_string<char, struct std::char_traits<char>, class std::allocator<char>> const &",False,False,False,False,False,False,True
113,112,0x70,??0aiNode@@QEAA@XZ,public: __cdecl aiNode::aiNode(void),method,,aiNode,aiNode,void,False,False,False,False,False,False,True
114,113,0x71,??0aiScene@@QEAA@XZ,public: __cdecl aiScene::aiScene(void),method,,aiScene,aiScene,void,False,False,False,False,False,False,True
115,114,0x72,??1BaseImporter@Assimp@@UEAA@XZ,public: virtual __cdecl Assimp::BaseImporter::~BaseImporter(void),method,Assimp,BaseImporter,~BaseImporter,void,False,False,True,False,False,False,True
116,115,0x73,??1BaseProcess@Assimp@@UEAA@XZ,public: virtual __cdecl Assimp::BaseProcess::~BaseProcess(void),method,Assimp,BaseProcess,~BaseProcess,void,False,False,True,False,False,False,True
117,116,0x74,??1BatchLoader@Assimp@@QEAA@XZ,public: __cdecl Assimp::BatchLoader::~BatchLoader(void),method,Assimp,BatchLoader,~BatchLoader,void,False,False,False,False,False,False,True
118,117,0x75,??1CalcTangentsProcess@Assimp@@UEAA@XZ,public: virtual __cdecl Assimp::CalcTangentsProcess::~CalcTangentsProcess(void),method,Assimp,CalcTangentsProcess,~CalcTangentsProcess,void,False,False,True,False,False,False,True
119,118,0x76,??1Context@ODDLParser@@QEAA@XZ,public: __cdecl ODDLParser::Context::~Context(void),method,ODDLParser,Context,~Context,void,False,False,False,False,False,False,True
120,119,0x77,??1DDLNode@ODDLParser@@QEAA@XZ,public: __cdecl ODDLParser::DDLNode::~DDLNode(void),method,ODDLParser,DDLNode,~DDLNode,void,False,False,False,False,False,False,True
121,120,0x78,??1DataArrayList@ODDLParser@@QEAA@XZ,public: __cdecl ODDLParser::DataArrayList::~DataArrayList(void),method,ODDLParser,DataArrayList,~DataArrayList,void,False,False,False,False,False,False,True
122,121,0x79,??1DefaultIOStream@Assimp@@UEAA@XZ,public: virtual __cdecl Assimp::DefaultIOStream::~DefaultIOStream(void),method,Assimp,DefaultIOStream,~DefaultIOStream,void,False,False,True,False,False,False,True
123,122,0x7A,??1DefaultIOSystem@Assimp@@UEAA@XZ,public: virtual __cdecl Assimp::DefaultIOSystem::~DefaultIOSystem(void),method,Assimp,DefaultIOSystem,~DefaultIOSystem,void,False,False,True,False,False,False,True
124,123,0x7B,??1DefaultLogger@Assimp@@EEAA@XZ,private: virtual __cdecl Assimp::DefaultLogger::~DefaultLogger(void),method,Assimp,DefaultLogger,~DefaultLogger,void,False,False,True,False,False,False,True
125,124,0x7C,??1EmbedTexturesProcess@Assimp@@UEAA@XZ,public: virtual __cdecl Assimp::EmbedTexturesProcess::~EmbedTexturesProcess(void),method,Assimp,EmbedTexturesProcess,~EmbedTexturesProcess,void,False,False,True,False,False,False,True
126,125,0x7D,??1ExportProperties@Assimp@@QEAA@XZ,public: __cdecl Assimp::ExportProperties::~ExportProperties(void),method,Assimp,ExportProperties,~ExportProperties,void,False,False,False,False,False,False,True
127,126,0x7E,??1Exporter@Assimp@@QEAA@XZ,public: __cdecl Assimp::Exporter::~Exporter(void),method,Assimp,Exporter,~Exporter,void,False,False,False,False,False,False,True
128,127,0x7F,??1FindDegeneratesProcess@Assimp@@UEAA@XZ,public: virtual __cdecl Assimp::FindDegeneratesProcess::~FindDegeneratesProcess(void),method,Assimp,FindDegeneratesProcess,~FindDegeneratesProcess,void,False,False,True,False,False,False,True
129,128,0x80,??1FindInvalidDataProcess@Assimp@@UEAA@XZ,public: virtual __cdecl Assimp::FindInvalidDataProcess::~FindInvalidDataProcess(void),method,Assimp,FindInvalidDataProcess,~FindInvalidDataProcess,void,False,False,True,False,False,False,True
130,129,0x81,??1GenFaceNormalsProcess@Assimp@@UEAA@XZ,public: virtual __cdecl Assimp::GenFaceNormalsProcess::~GenFaceNormalsProcess(void),method,Assimp,GenFaceNormalsProcess,~GenFaceNormalsProcess,void,False,False,True,False,False,False,True
131,130,0x82,??1GenVertexNormalsProcess@Assimp@@UEAA@XZ,public: virtual __cdecl Assimp::GenVertexNormalsProcess::~GenVertexNormalsProcess(void),method,Assimp,GenVertexNormalsProcess,~GenVertexNormalsProcess,void,False,False,True,False,False,False,True
132,131,0x83,??1IOStream@Assimp@@UEAA@XZ,public: virtual __cdecl Assimp::IOStream::~IOStream(void),method,Assimp,IOStream,~IOStream,void,False,False,True,False,False,False,True
133,132,0x84,??1IOStreamBase@ODDLParser@@UEAA@XZ,public: virtual __cdecl ODDLParser::IOStreamBase::~IOStreamBase(void),method,ODDLParser,IOStreamBase,~IOStreamBase,void,False,False,True,False,False,False,True
134,133,0x85,??1IOSystem@Assimp@@UEAA@XZ,public: virtual __cdecl Assimp::IOSystem::~IOSystem(void),method,Assimp,IOSystem,~IOSystem,void,False,False,True,False,False,False,True
135,134,0x86,??1Importer@Assimp@@QEAA@XZ,public: __cdecl Assimp::Importer::~Importer(void),method,Assimp,Importer,~Importer,void,False,False,False,False,False,False,True
136,135,0x87,??1Iterator@Value@ODDLParser@@QEAA@XZ,public: __cdecl ODDLParser::Value::Iterator::~Iterator(void),method,ODDLParser::Value,Iterator,~Iterator,void,False,False,False,False,False,False,True
137,136,0x88,??1JoinVerticesProcess@Assimp@@UEAA@XZ,public: virtual __cdecl Assimp::JoinVerticesProcess::~JoinVerticesProcess(void),method,Assimp,JoinVerticesProcess,~JoinVerticesProcess,void,False,False,True,False,False,False,True
138,137,0x89,??1LimitBoneWeightsProcess@Assimp@@UEAA@XZ,public: virtual __cdecl Assimp::LimitBoneWeightsProcess::~LimitBoneWeightsProcess(void),method,Assimp,LimitBoneWeightsProcess,~LimitBoneWeightsProcess,void,False,False,True,False,False,False,True
139,138,0x8A,??1LogStream@Assimp@@UEAA@XZ,public: virtual __cdecl Assimp::LogStream::~LogStream(void),method,Assimp,LogStream,~LogStream,void,False,False,True,False,False,False,True
140,139,0x8B,??1Logger@Assimp@@UEAA@XZ,public: virtual __cdecl Assimp::Logger::~Logger(void),method,Assimp,Logger,~Logger,void,False,False,True,False,False,False,True
141,140,0x8C,??1MakeVerboseFormatProcess@Assimp@@UEAA@XZ,public: virtual __cdecl Assimp::MakeVerboseFormatProcess::~MakeVerboseFormatProcess(void),method,Assimp,MakeVerboseFormatProcess,~MakeVerboseFormatProcess,void,False,False,True,False,False,False,True
142,141,0x8D,??1Name@ODDLParser@@QEAA@XZ,public: __cdecl ODDLParser::Name::~Name(void),method,ODDLParser,Name,~Name,void,False,False,False,False,False,False,True
143,142,0x8E,??1NullLogger@Assimp@@UEAA@XZ,public: virtual __cdecl Assimp::NullLogger::~NullLogger(void),method,Assimp,NullLogger,~NullLogger,void,False,False,True,False,False,False,True
144,143,0x8F,??1ObjFileParser@Assimp@@QEAA@XZ,public: __cdecl Assimp::ObjFileParser::~ObjFileParser(void),method,Assimp,ObjFileParser,~ObjFileParser,void,False,False,False,False,False,False,True
145,144,0x90,??1OpenDDLExport@ODDLParser@@QEAA@XZ,public: __cdecl ODDLParser::OpenDDLExport::~OpenDDLExport(void),method,ODDLParser,OpenDDLExport,~OpenDDLExport,void,False,False,False,False,False,False,True
146,145,0x91,??1OpenDDLParser@ODDLParser@@QEAA@XZ,public: __cdecl ODDLParser::OpenDDLParser::~OpenDDLParser(void),method,ODDLParser,OpenDDLParser,~OpenDDLParser,void,False,False,False,False,False,False,True
147,146,0x92,??1PretransformVertices@Assimp@@UEAA@XZ,public: virtual __cdecl Assimp::PretransformVertices::~PretransformVertices(void),method,Assimp,PretransformVertices,~PretransformVertices,void,False,False,True,False,False,False,True
148,147,0x93,??1ProgressHandler@Assimp@@UEAA@XZ,public: virtual __cdecl Assimp::ProgressHandler::~ProgressHandler(void),method,Assimp,ProgressHandler,~ProgressHandler,void,False,False,True,False,False,False,True
149,148,0x94,??1Property@ODDLParser@@QEAA@XZ,public: __cdecl ODDLParser::Property::~Property(void),method,ODDLParser,Property,~Property,void,False,False,False,False,False,False,True
150,149,0x95,??1Reference@ODDLParser@@QEAA@XZ,public: __cdecl ODDLParser::Reference::~Reference(void),method,ODDLParser,Reference,~Reference,void,False,False,False,False,False,False,True
151,150,0x96,??1RemoveRedundantMatsProcess@Assimp@@UEAA@XZ,public: virtual __cdecl Assimp::RemoveRedundantMatsProcess::~RemoveRedundantMatsProcess(void),method,Assimp,RemoveRedundantMatsProcess,~RemoveRedundantMatsProcess,void,False,False,True,False,False,False,True
152,151,0x97,??1RemoveVCProcess@Assimp@@UEAA@XZ,public: virtual __cdecl Assimp::RemoveVCProcess::~RemoveVCProcess(void),method,Assimp,RemoveVCProcess,~RemoveVCProcess,void,False,False,True,False,False,False,True
153,152,0x98,??1SGSpatialSort@Assimp@@QEAA@XZ,public: __cdecl Assimp::SGSpatialSort::~SGSpatialSort(void),method,Assimp,SGSpatialSort,~SGSpatialSort,void,False,False,False,False,False,False,True
154,153,0x99,??1SIBImporter@Assimp@@UEAA@XZ,public: virtual __cdecl Assimp::SIBImporter::~SIBImporter(void),method,Assimp,SIBImporter,~SIBImporter,void,False,False,True,False,False,False,True
155,154,0x9A,??1SMDImporter@Assimp@@UEAA@XZ,public: virtual __cdecl Assimp::SMDImporter::~SMDImporter(void),method,Assimp,SMDImporter,~SMDImporter,void,False,False,True,False,False,False,True
156,155,0x9B,??1ScaleProcess@Assimp@@UEAA@XZ,public: virtual __cdecl Assimp::ScaleProcess::~ScaleProcess(void),method,Assimp,ScaleProcess,~ScaleProcess,void,False,False,True,False,False,False,True
157,156,0x9C,??1SceneCombiner@Assimp@@AEAA@XZ,private: __cdecl Assimp::SceneCombiner::~SceneCombiner(void),method,Assimp,SceneCombiner,~SceneCombiner,void,False,False,False,False,False,False,True
158,157,0x9D,??1SkeletonMeshBuilder@Assimp@@QEAA@XZ,public: __cdecl Assimp::SkeletonMeshBuilder::~SkeletonMeshBuilder(void),method,Assimp,SkeletonMeshBuilder,~SkeletonMeshBuilder,void,False,False,False,False,False,False,True
159,158,0x9E,??1SortByPTypeProcess@Assimp@@UEAA@XZ,public: virtual __cdecl Assimp::SortByPTypeProcess::~SortByPTypeProcess(void),method,Assimp,SortByPTypeProcess,~SortByPTypeProcess,void,False,False,True,False,False,False,True
160,159,0x9F,??1SpatialSort@Assimp@@QEAA@XZ,public: __cdecl Assimp::SpatialSort::~SpatialSort(void),method,Assimp,SpatialSort,~SpatialSort,void,False,False,False,False,False,False,True
161,160,0xA0,??1SplitLargeMeshesProcess_Triangle@Assimp@@UEAA@XZ,public: virtual __cdecl Assimp::SplitLargeMeshesProcess_Triangle::~SplitLargeMeshesProcess_Triangle(void),method,Assimp,SplitLargeMeshesProcess_Triangle,~SplitLargeMeshesProcess_Triangle,void,False,False,True,False,False,False,True
162,161,0xA1,??1SplitLargeMeshesProcess_Vertex@Assimp@@UEAA@XZ,public: virtual __cdecl Assimp::SplitLargeMeshesProcess_Vertex::~SplitLargeMeshesProcess_Vertex(void),method,Assimp,SplitLargeMeshesProcess_Vertex,~SplitLargeMeshesProcess_Vertex,void,False,False,True,False,False,False,True
163,162,0xA2,??1StreamFormatterBase@ODDLParser@@UEAA@XZ,public: virtual __cdecl ODDLParser::StreamFormatterBase::~StreamFormatterBase(void),method,ODDLParser,StreamFormatterBase,~StreamFormatterBase,void,False,False,True,False,False,False,True
164,163,0xA3,??1Subdivider@Assimp@@UEAA@XZ,public: virtual __cdecl Assimp::Subdivider::~Subdivider(void),method,Assimp,Subdivider,~Subdivider,void,False,False,True,False,False,False,True
165,164,0xA4,??1Text@ODDLParser@@QEAA@XZ,public: __cdecl ODDLParser::Text::~Text(void),method,ODDLParser,Text,~Text,void,False,False,False,False,False,False,True
166,165,0xA5,??1TriangulateProcess@Assimp@@UEAA@XZ,public: virtual __cdecl Assimp::TriangulateProcess::~TriangulateProcess(void),method,Assimp,TriangulateProcess,~TriangulateProcess,void,False,False,True,False,False,False,True
167,166,0xA6,??1Value@ODDLParser@@QEAA@XZ,public: __cdecl ODDLParser::Value::~Value(void),method,ODDLParser,Value,~Value,void,False,False,False,False,False,False,True
168,167,0xA7,??1VertexTriangleAdjacency@Assimp@@QEAA@XZ,public: __cdecl Assimp::VertexTriangleAdjacency::~VertexTriangleAdjacency(void),method,Assimp,VertexTriangleAdjacency,~VertexTriangleAdjacency,void,False,False,False,False,False,False,True
169,168,0xA8,??1aiMaterial@@QEAA@XZ,public: __cdecl aiMaterial::~aiMaterial(void),method,,aiMaterial,~aiMaterial,void,False,False,False,False,False,False,True
170,169,0xA9,??1aiNode@@QEAA@XZ,public: __cdecl aiNode::~aiNode(void),method,,aiNode,~aiNode,void,False,False,False,False,False,False,True
171,170,0xAA,??1aiScene@@QEAA@XZ,public: __cdecl aiScene::~aiScene(void),method,,aiScene,~aiScene,void,False,False,False,False,False,False,True
172,171,0xAB,??2AllocateFromAssimpHeap@Intern@Assimp@@SAPEAX_K@Z,public: static void * __cdecl Assimp::Intern::AllocateFromAssimpHeap::operator new(unsigned __int64),function,,,new,unsigned __int64,False,True,False,False,False,False,True
173,172,0xAC,??2AllocateFromAssimpHeap@Intern@Assimp@@SAPEAX_KAEBUnothrow_t@std@@@Z,"public: static void * __cdecl Assimp::Intern::AllocateFromAssimpHeap::operator new(unsigned __int64, struct std::nothrow_t const &)",function,,,new,"unsigned __int64, struct std::nothrow_t const &",False,True,False,False,False,False,True
174,173,0xAD,??3AllocateFromAssimpHeap@Intern@Assimp@@SAXPEAX@Z,public: static void __cdecl Assimp::Intern::AllocateFromAssimpHeap::operator delete(void *),function,,,delete,void *,False,True,False,False,False,False,True
175,174,0xAE,??4AllocateFromAssimpHeap@Intern@Assimp@@QEAAAEAU012@$$QEAU012@@Z,public: struct Assimp::Intern::AllocateFromAssimpHeap & __cdecl Assimp::Intern::AllocateFromAssimpHeap::operator=(struct Assimp::Intern::AllocateFromAssimpHeap &&),symbol,,,,,False,False,False,False,False,False,True
176,175,0xAF,??4AllocateFromAssimpHeap@Intern@Assimp@@QEAAAEAU012@AEBU012@@Z,public: struct Assimp::Intern::AllocateFromAssimpHeap & __cdecl Assimp::Intern::AllocateFromAssimpHeap::operator=(struct Assimp::Intern::AllocateFromAssimpHeap const &),symbol,,,,,False,False,False,False,False,False,True
177,176,0xB0,??4BaseImporter@Assimp@@QEAAAEAV01@AEBV01@@Z,public: class Assimp::BaseImporter & __cdecl Assimp::BaseImporter::operator=(class Assimp::BaseImporter const &),symbol,,,,,False,False,False,False,False,False,True
178,177,0xB1,??4BaseProcess@Assimp@@QEAAAEAV01@AEBV01@@Z,public: class Assimp::BaseProcess & __cdecl Assimp::BaseProcess::operator=(class Assimp::BaseProcess const &),symbol,,,,,False,False,False,False,False,False,True
179,178,0xB2,??4BatchLoader@Assimp@@QEAAAEAV01@AEBV01@@Z,public: class Assimp::BatchLoader & __cdecl Assimp::BatchLoader::operator=(class Assimp::BatchLoader const &),symbol,,,,,False,False,False,False,False,False,True
180,179,0xB3,??4Bitmap@Assimp@@QEAAAEAV01@$$QEAV01@@Z,public: class Assimp::Bitmap & __cdecl Assimp::Bitmap::operator=(class Assimp::Bitmap &&),symbol,,,,,False,False,False,False,False,False,True
181,180,0xB4,??4Bitmap@Assimp@@QEAAAEAV01@AEBV01@@Z,public: class Assimp::Bitmap & __cdecl Assimp::Bitmap::operator=(class Assimp::Bitmap const &),symbol,,,,,False,False,False,False,False,False,True
182,181,0xB5,??4CalcTangentsProcess@Assimp@@QEAAAEAV01@AEBV01@@Z,public: class Assimp::CalcTangentsProcess & __cdecl Assimp::CalcTangentsProcess::operator=(class Assimp::CalcTangentsProcess const &),symbol,,,,,False,False,False,False,False,False,True
183,182,0xB6,??4CommentRemover@Assimp@@QEAAAEAV01@$$QEAV01@@Z,public: class Assimp::CommentRemover & __cdecl Assimp::CommentRemover::operator=(class Assimp::CommentRemover &&),symbol,,,,,False,False,False,False,False,False,True
184,183,0xB7,??4CommentRemover@Assimp@@QEAAAEAV01@AEBV01@@Z,public: class Assimp::CommentRemover & __cdecl Assimp::CommentRemover::operator=(class Assimp::CommentRemover const &),symbol,,,,,False,False,False,False,False,False,True
185,184,0xB8,??4DefaultIOStream@Assimp@@QEAAAEAV01@AEBV01@@Z,public: class Assimp::DefaultIOStream & __cdecl Assimp::DefaultIOStream::operator=(class Assimp::DefaultIOStream const &),symbol,,,,,False,False,False,False,False,False,True
186,185,0xB9,??4DefaultIOSystem@Assimp@@QEAAAEAV01@$$QEAV01@@Z,public: class Assimp::DefaultIOSystem & __cdecl Assimp::DefaultIOSystem::operator=(class Assimp::DefaultIOSystem &&),symbol,,,,,False,False,False,False,False,False,True
187,186,0xBA,??4DefaultIOSystem@Assimp@@QEAAAEAV01@AEBV01@@Z,public: class Assimp::DefaultIOSystem & __cdecl Assimp::DefaultIOSystem::operator=(class Assimp::DefaultIOSystem const &),symbol,,,,,False,False,False,False,False,False,True
188,187,0xBB,??4DefaultLogger@Assimp@@QEAAAEAV01@AEBV01@@Z,public: class Assimp::DefaultLogger & __cdecl Assimp::DefaultLogger::operator=(class Assimp::DefaultLogger const &),symbol,,,,,False,False,False,False,False,False,True
189,188,0xBC,??4EmbedTexturesProcess@Assimp@@QEAAAEAV01@AEBV01@@Z,public: class Assimp::EmbedTexturesProcess & __cdecl Assimp::EmbedTexturesProcess::operator=(class Assimp::EmbedTexturesProcess const &),symbol,,,,,False,False,False,False,False,False,True
190,189,0xBD,??4ExportProperties@Assimp@@QEAAAEAV01@AEBV01@@Z,public: class Assimp::ExportProperties & __cdecl Assimp::ExportProperties::operator=(class Assimp::ExportProperties const &),symbol,,,,,False,False,False,False,False,False,True
191,190,0xBE,??4Exporter@Assimp@@QEAAAEAV01@AEBV01@@Z,public: class Assimp::Exporter & __cdecl Assimp::Exporter::operator=(class Assimp::Exporter const &),symbol,,,,,False,False,False,False,False,False,True
192,191,0xBF,??4FindDegeneratesProcess@Assimp@@QEAAAEAV01@AEBV01@@Z,public: class Assimp::FindDegeneratesProcess & __cdecl Assimp::FindDegeneratesProcess::operator=(class Assimp::FindDegeneratesProcess const &),symbol,,,,,False,False,False,False,False,False,True
193,192,0xC0,??4FindInvalidDataProcess@Assimp@@QEAAAEAV01@AEBV01@@Z,public: class Assimp::FindInvalidDataProcess & __cdecl Assimp::FindInvalidDataProcess::operator=(class Assimp::FindInvalidDataProcess const &),symbol,,,,,False,False,False,False,False,False,True
194,193,0xC1,??4GenFaceNormalsProcess@Assimp@@QEAAAEAV01@AEBV01@@Z,public: class Assimp::GenFaceNormalsProcess & __cdecl Assimp::GenFaceNormalsProcess::operator=(class Assimp::GenFaceNormalsProcess const &),symbol,,,,,False,False,False,False,False,False,True
195,194,0xC2,??4GenVertexNormalsProcess@Assimp@@QEAAAEAV01@AEBV01@@Z,public: class Assimp::GenVertexNormalsProcess & __cdecl Assimp::GenVertexNormalsProcess::operator=(class Assimp::GenVertexNormalsProcess const &),symbol,,,,,False,False,False,False,False,False,True
196,195,0xC3,??4IOStream@Assimp@@QEAAAEAV01@AEBV01@@Z,public: class Assimp::IOStream & __cdecl Assimp::IOStream::operator=(class Assimp::IOStream const &),symbol,,,,,False,False,False,False,False,False,True
197,196,0xC4,??4IOStreamBase@ODDLParser@@QEAAAEAV01@AEBV01@@Z,public: class ODDLParser::IOStreamBase & __cdecl ODDLParser::IOStreamBase::operator=(class ODDLParser::IOStreamBase const &),symbol,,,,,False,False,False,False,False,False,True
198,197,0xC5,??4IOSystem@Assimp@@QEAAAEAV01@AEBV01@@Z,public: class Assimp::IOSystem & __cdecl Assimp::IOSystem::operator=(class Assimp::IOSystem const &),symbol,,,,,False,False,False,False,False,False,True
199,198,0xC6,??4JoinVerticesProcess@Assimp@@QEAAAEAV01@AEBV01@@Z,public: class Assimp::JoinVerticesProcess & __cdecl Assimp::JoinVerticesProcess::operator=(class Assimp::JoinVerticesProcess const &),symbol,,,,,False,False,False,False,False,False,True
200,199,0xC7,??4LimitBoneWeightsProcess@Assimp@@QEAAAEAV01@AEBV01@@Z,public: class Assimp::LimitBoneWeightsProcess & __cdecl Assimp::LimitBoneWeightsProcess::operator=(class Assimp::LimitBoneWeightsProcess const &),symbol,,,,,False,False,False,False,False,False,True
201,200,0xC8,??4LogStream@Assimp@@QEAAAEAV01@AEBV01@@Z,public: class Assimp::LogStream & __cdecl Assimp::LogStream::operator=(class Assimp::LogStream const &),symbol,,,,,False,False,False,False,False,False,True
202,201,0xC9,??4Logger@Assimp@@QEAAAEAV01@AEBV01@@Z,public: class Assimp::Logger & __cdecl Assimp::Logger::operator=(class Assimp::Logger const &),symbol,,,,,False,False,False,False,False,False,True
203,202,0xCA,??4MakeVerboseFormatProcess@Assimp@@QEAAAEAV01@AEBV01@@Z,public: class Assimp::MakeVerboseFormatProcess & __cdecl Assimp::MakeVerboseFormatProcess::operator=(class Assimp::MakeVerboseFormatProcess const &),symbol,,,,,False,False,False,False,False,False,True
204,203,0xCB,??4NullLogger@Assimp@@QEAAAEAV01@$$QEAV01@@Z,public: class Assimp::NullLogger & __cdecl Assimp::NullLogger::operator=(class Assimp::NullLogger &&),symbol,,,,,False,False,False,False,False,False,True
205,204,0xCC,??4NullLogger@Assimp@@QEAAAEAV01@AEBV01@@Z,public: class Assimp::NullLogger & __cdecl Assimp::NullLogger::operator=(class Assimp::NullLogger const &),symbol,,,,,False,False,False,False,False,False,True
206,205,0xCD,??4PretransformVertices@Assimp@@QEAAAEAV01@AEBV01@@Z,public: class Assimp::PretransformVertices & __cdecl Assimp::PretransformVertices::operator=(class Assimp::PretransformVertices const &),symbol,,,,,False,False,False,False,False,False,True
207,206,0xCE,??4ProgressHandler@Assimp@@QEAAAEAV01@AEBV01@@Z,public: class Assimp::ProgressHandler & __cdecl Assimp::ProgressHandler::operator=(class Assimp::ProgressHandler const &),symbol,,,,,False,False,False,False,False,False,True
208,207,0xCF,??4RemoveRedundantMatsProcess@Assimp@@QEAAAEAV01@AEBV01@@Z,public: class Assimp::RemoveRedundantMatsProcess & __cdecl Assimp::RemoveRedundantMatsProcess::operator=(class Assimp::RemoveRedundantMatsProcess const &),symbol,,,,,False,False,False,False,False,False,True
209,208,0xD0,??4RemoveVCProcess@Assimp@@QEAAAEAV01@AEBV01@@Z,public: class Assimp::RemoveVCProcess & __cdecl Assimp::RemoveVCProcess::operator=(class Assimp::RemoveVCProcess const &),symbol,,,,,False,False,False,False,False,False,True
210,209,0xD1,??4SGSpatialSort@Assimp@@QEAAAEAV01@AEBV01@@Z,public: class Assimp::SGSpatialSort & __cdecl Assimp::SGSpatialSort::operator=(class Assimp::SGSpatialSort const &),symbol,,,,,False,False,False,False,False,False,True
211,210,0xD2,??4SIBImporter@Assimp@@QEAAAEAV01@AEBV01@@Z,public: class Assimp::SIBImporter & __cdecl Assimp::SIBImporter::operator=(class Assimp::SIBImporter const &),symbol,,,,,False,False,False,False,False,False,True
212,211,0xD3,??4SMDImporter@Assimp@@QEAAAEAV01@AEBV01@@Z,public: class Assimp::SMDImporter & __cdecl Assimp::SMDImporter::operator=(class Assimp::SMDImporter const &),symbol,,,,,False,False,False,False,False,False,True
213,212,0xD4,??4ScaleProcess@Assimp@@QEAAAEAV01@AEBV01@@Z,public: class Assimp::ScaleProcess & __cdecl Assimp::ScaleProcess::operator=(class Assimp::ScaleProcess const &),symbol,,,,,False,False,False,False,False,False,True
214,213,0xD5,??4SceneCombiner@Assimp@@QEAAAEAV01@AEBV01@@Z,public: class Assimp::SceneCombiner & __cdecl Assimp::SceneCombiner::operator=(class Assimp::SceneCombiner const &),symbol,,,,,False,False,False,False,False,False,True
215,214,0xD6,??4ScenePreprocessor@Assimp@@QEAAAEAV01@$$QEAV01@@Z,public: class Assimp::ScenePreprocessor & __cdecl Assimp::ScenePreprocessor::operator=(class Assimp::ScenePreprocessor &&),symbol,,,,,False,False,False,False,False,False,True
216,215,0xD7,??4ScenePreprocessor@Assimp@@QEAAAEAV01@AEBV01@@Z,public: class Assimp::ScenePreprocessor & __cdecl Assimp::ScenePreprocessor::operator=(class Assimp::ScenePreprocessor const &),symbol,,,,,False,False,False,False,False,False,True
217,216,0xD8,??4SkeletonMeshBuilder@Assimp@@QEAAAEAV01@$$QEAV01@@Z,public: class Assimp::SkeletonMeshBuilder & __cdecl Assimp::SkeletonMeshBuilder::operator=(class Assimp::SkeletonMeshBuilder &&),symbol,,,,,False,False,False,False,False,False,True
218,217,0xD9,??4SkeletonMeshBuilder@Assimp@@QEAAAEAV01@AEBV01@@Z,public: class Assimp::SkeletonMeshBuilder & __cdecl Assimp::SkeletonMeshBuilder::operator=(class Assimp::SkeletonMeshBuilder const &),symbol,,,,,False,False,False,False,False,False,True
219,218,0xDA,??4SortByPTypeProcess@Assimp@@QEAAAEAV01@AEBV01@@Z,public: class Assimp::SortByPTypeProcess & __cdecl Assimp::SortByPTypeProcess::operator=(class Assimp::SortByPTypeProcess const &),symbol,,,,,False,False,False,False,False,False,True
220,219,0xDB,??4SpatialSort@Assimp@@QEAAAEAV01@AEBV01@@Z,public: class Assimp::SpatialSort & __cdecl Assimp::SpatialSort::operator=(class Assimp::SpatialSort const &),symbol,,,,,False,False,False,False,False,False,True
221,220,0xDC,??4SplitLargeMeshesProcess_Triangle@Assimp@@QEAAAEAV01@AEBV01@@Z,public: class Assimp::SplitLargeMeshesProcess_Triangle & __cdecl Assimp::SplitLargeMeshesProcess_Triangle::operator=(class Assimp::SplitLargeMeshesProcess_Triangle const &),symbol,,,,,False,False,False,False,False,False,True
222,221,0xDD,??4SplitLargeMeshesProcess_Vertex@Assimp@@QEAAAEAV01@AEBV01@@Z,public: class Assimp::SplitLargeMeshesProcess_Vertex & __cdecl Assimp::SplitLargeMeshesProcess_Vertex::operator=(class Assimp::SplitLargeMeshesProcess_Vertex const &),symbol,,,,,False,False,False,False,False,False,True
223,222,0xDE,??4StandardShapes@Assimp@@QEAAAEAV01@$$QEAV01@@Z,public: class Assimp::StandardShapes & __cdecl Assimp::StandardShapes::operator=(class Assimp::StandardShapes &&),symbol,,,,,False,False,False,False,False,False,True
224,223,0xDF,??4StandardShapes@Assimp@@QEAAAEAV01@AEBV01@@Z,public: class Assimp::StandardShapes & __cdecl Assimp::StandardShapes::operator=(class Assimp::StandardShapes const &),symbol,,,,,False,False,False,False,False,False,True
225,224,0xE0,??4StreamFormatterBase@ODDLParser@@QEAAAEAV01@AEBV01@@Z,public: class ODDLParser::StreamFormatterBase & __cdecl ODDLParser::StreamFormatterBase::operator=(class ODDLParser::StreamFormatterBase const &),symbol,,,,,False,False,False,False,False,False,True
226,225,0xE1,??4Subdivider@Assimp@@QEAAAEAV01@AEBV01@@Z,public: class Assimp::Subdivider & __cdecl Assimp::Subdivider::operator=(class Assimp::Subdivider const &),symbol,,,,,False,False,False,False,False,False,True
227,226,0xE2,??4TriangulateProcess@Assimp@@QEAAAEAV01@AEBV01@@Z,public: class Assimp::TriangulateProcess & __cdecl Assimp::TriangulateProcess::operator=(class Assimp::TriangulateProcess const &),symbol,,,,,False,False,False,False,False,False,True
228,227,0xE3,??4VertexTriangleAdjacency@Assimp@@QEAAAEAV01@AEBV01@@Z,public: class Assimp::VertexTriangleAdjacency & __cdecl Assimp::VertexTriangleAdjacency::operator=(class Assimp::VertexTriangleAdjacency const &),symbol,,,,,False,False,False,False,False,False,True
229,228,0xE4,??4aiMaterial@@QEAAAEAU0@AEBU0@@Z,public: struct aiMaterial & __cdecl aiMaterial::operator=(struct aiMaterial const &),symbol,,,,,False,False,False,False,False,False,True
230,229,0xE5,??4aiNode@@QEAAAEAU0@AEBU0@@Z,public: struct aiNode & __cdecl aiNode::operator=(struct aiNode const &),symbol,,,,,False,False,False,False,False,False,True
231,230,0xE6,??8Iterator@Value@ODDLParser@@QEBA_NAEBV012@@Z,public: bool __cdecl ODDLParser::Value::Iterator::operator==(class ODDLParser::Value::Iterator const &) const,symbol,,,,,False,False,False,False,False,False,True
232,231,0xE7,??8Text@ODDLParser@@QEBA_NAEBU01@@Z,public: bool __cdecl ODDLParser::Text::operator==(struct ODDLParser::Text const &) const,symbol,,,,,False,False,False,False,False,False,True
233,232,0xE8,??8Text@ODDLParser@@QEBA_NAEBV?$basic_string@DU?$char_traits@D@std@@V?$allocator@D@2@@std@@@Z,"public: bool __cdecl ODDLParser::Text::operator==(class std::basic_string<char, struct std::char_traits<char>, class std::allocator<char>> const &) const",symbol,,,,,False,False,False,False,False,False,True
234,233,0xE9,??CIterator@Value@ODDLParser@@QEBAPEAV12@XZ,public: class ODDLParser::Value * __cdecl ODDLParser::Value::Iterator::operator->(void) const,function,,,>,void,True,False,False,False,False,False,True
235,234,0xEA,??EIterator@Value@ODDLParser@@QEAA?BV012@H@Z,public: class ODDLParser::Value::Iterator const __cdecl ODDLParser::Value::Iterator::operator++(int),symbol,,,,,False,False,False,False,False,False,True
236,235,0xEB,??EIterator@Value@ODDLParser@@QEAAAEAV012@XZ,public: class ODDLParser::Value::Iterator & __cdecl ODDLParser::Value::Iterator::operator++(void),symbol,,,,,False,False,False,False,False,False,True
237,236,0xEC,??_7BaseImporter@Assimp@@6B@,const Assimp::BaseImporter::`vftable',vftable,,,,,False,False,False,True,False,False,True
238,237,0xED,??_7BaseProcess@Assimp@@6B@,const Assimp::BaseProcess::`vftable',vftable,,,,,False,False,False,True,False,False,True
239,238,0xEE,??_7CalcTangentsProcess@Assimp@@6B@,const Assimp::CalcTangentsProcess::`vftable',vftable,,,,,False,False,False,True,False,False,True
240,239,0xEF,??_7DefaultIOStream@Assimp@@6B@,const Assimp::DefaultIOStream::`vftable',vftable,,,,,False,False,False,True,False,False,True
241,240,0xF0,??_7DefaultIOSystem@Assimp@@6B@,const Assimp::DefaultIOSystem::`vftable',vftable,,,,,False,False,False,True,False,False,True
242,241,0xF1,??_7DefaultLogger@Assimp@@6B@,const Assimp::DefaultLogger::`vftable',vftable,,,,,False,False,False,True,False,False,True
243,242,0xF2,??_7EmbedTexturesProcess@Assimp@@6B@,const Assimp::EmbedTexturesProcess::`vftable',vftable,,,,,False,False,False,True,False,False,True
244,243,0xF3,??_7FindDegeneratesProcess@Assimp@@6B@,const Assimp::FindDegeneratesProcess::`vftable',vftable,,,,,False,False,False,True,False,False,True
245,244,0xF4,??_7FindInvalidDataProcess@Assimp@@6B@,const Assimp::FindInvalidDataProcess::`vftable',vftable,,,,,False,False,False,True,False,False,True
246,245,0xF5,??_7GenFaceNormalsProcess@Assimp@@6B@,const Assimp::GenFaceNormalsProcess::`vftable',vftable,,,,,False,False,False,True,False,False,True
247,246,0xF6,??_7GenVertexNormalsProcess@Assimp@@6B@,const Assimp::GenVertexNormalsProcess::`vftable',vftable,,,,,False,False,False,True,False,False,True
248,247,0xF7,??_7IOStream@Assimp@@6B@,const Assimp::IOStream::`vftable',vftable,,,,,False,False,False,True,False,False,True
249,248,0xF8,??_7IOStreamBase@ODDLParser@@6B@,const ODDLParser::IOStreamBase::`vftable',vftable,,,,,False,False,False,True,False,False,True
250,249,0xF9,??_7IOSystem@Assimp@@6B@,const Assimp::IOSystem::`vftable',vftable,,,,,False,False,False,True,False,False,True
251,250,0xFA,??_7JoinVerticesProcess@Assimp@@6B@,const Assimp::JoinVerticesProcess::`vftable',vftable,,,,,False,False,False,True,False,False,True
252,251,0xFB,??_7LimitBoneWeightsProcess@Assimp@@6B@,const Assimp::LimitBoneWeightsProcess::`vftable',vftable,,,,,False,False,False,True,False,False,True
253,252,0xFC,??_7LogStream@Assimp@@6B@,const Assimp::LogStream::`vftable',vftable,,,,,False,False,False,True,False,False,True
254,253,0xFD,??_7Logger@Assimp@@6B@,const Assimp::Logger::`vftable',vftable,,,,,False,False,False,True,False,False,True
255,254,0xFE,??_7MakeVerboseFormatProcess@Assimp@@6B@,const Assimp::MakeVerboseFormatProcess::`vftable',vftable,,,,,False,False,False,True,False,False,True
256,255,0xFF,??_7NullLogger@Assimp@@6B@,const Assimp::NullLogger::`vftable',vftable,,,,,False,False,False,True,False,False,True
257,256,0x100,??_7PretransformVertices@Assimp@@6B@,const Assimp::PretransformVertices::`vftable',vftable,,,,,False,False,False,True,False,False,True
258,257,0x101,??_7ProgressHandler@Assimp@@6B@,const Assimp::ProgressHandler::`vftable',vftable,,,,,False,False,False,True,False,False,True
259,258,0x102,??_7RemoveRedundantMatsProcess@Assimp@@6B@,const Assimp::RemoveRedundantMatsProcess::`vftable',vftable,,,,,False,False,False,True,False,False,True
260,259,0x103,??_7RemoveVCProcess@Assimp@@6B@,const Assimp::RemoveVCProcess::`vftable',vftable,,,,,False,False,False,True,False,False,True
261,260,0x104,??_7SIBImporter@Assimp@@6B@,const Assimp::SIBImporter::`vftable',vftable,,,,,False,False,False,True,False,False,True
262,261,0x105,??_7SMDImporter@Assimp@@6B@,const Assimp::SMDImporter::`vftable',vftable,,,,,False,False,False,True,False,False,True
263,262,0x106,??_7ScaleProcess@Assimp@@6B@,const Assimp::ScaleProcess::`vftable',vftable,,,,,False,False,False,True,False,False,True
264,263,0x107,??_7SortByPTypeProcess@Assimp@@6B@,const Assimp::SortByPTypeProcess::`vftable',vftable,,,,,False,False,False,True,False,False,True
265,264,0x108,??_7SplitLargeMeshesProcess_Triangle@Assimp@@6B@,const Assimp::SplitLargeMeshesProcess_Triangle::`vftable',vftable,,,,,False,False,False,True,False,False,True
266,265,0x109,??_7SplitLargeMeshesProcess_Vertex@Assimp@@6B@,const Assimp::SplitLargeMeshesProcess_Vertex::`vftable',vftable,,,,,False,False,False,True,False,False,True
267,266,0x10A,??_7StreamFormatterBase@ODDLParser@@6B@,const ODDLParser::StreamFormatterBase::`vftable',vftable,,,,,False,False,False,True,False,False,True
268,267,0x10B,??_7Subdivider@Assimp@@6B@,const Assimp::Subdivider::`vftable',vftable,,,,,False,False,False,True,False,False,True
269,268,0x10C,??_7TriangulateProcess@Assimp@@6B@,const Assimp::TriangulateProcess::`vftable',vftable,,,,,False,False,False,True,False,False,True
270,269,0x10D,??_FIOStreamBase@ODDLParser@@QEAAXXZ,public: void __cdecl ODDLParser::IOStreamBase::`default ctor closure'(void),function,,,closure',void,False,False,False,False,False,False,True
271,270,0x10E,??_FOpenDDLExport@ODDLParser@@QEAAXXZ,public: void __cdecl ODDLParser::OpenDDLExport::`default ctor closure'(void),function,,,closure',void,False,False,False,False,False,False,True
272,271,0x10F,??_UAllocateFromAssimpHeap@Intern@Assimp@@SAPEAX_K@Z,public: static void * __cdecl Assimp::Intern::AllocateFromAssimpHeap::operator new[](unsigned __int64),symbol,,,,,False,False,False,False,False,False,True
273,272,0x110,??_UAllocateFromAssimpHeap@Intern@Assimp@@SAPEAX_KAEBUnothrow_t@std@@@Z,"public: static void * __cdecl Assimp::Intern::AllocateFromAssimpHeap::operator new[](unsigned __int64, struct std::nothrow_t const &)",symbol,,,,,False,False,False,False,False,False,True
274,273,0x111,??_VAllocateFromAssimpHeap@Intern@Assimp@@SAXPEAX@Z,public: static void __cdecl Assimp::Intern::AllocateFromAssimpHeap::operator delete[](void *),symbol,,,,,False,False,False,False,False,False,True
275,274,0x112,?Add@SGSpatialSort@Assimp@@QEAAXAEBV?$aiVector3t@M@@II@Z,"public: void __cdecl Assimp::SGSpatialSort::Add(class aiVector3t<float> const &, unsigned int, unsigned int)",method,Assimp,SGSpatialSort,Add,"class aiVector3t<float> const &, unsigned int, unsigned int",False,False,False,False,False,False,True
276,275,0x113,?AddBinaryProperty@aiMaterial@@QEAA?AW4aiReturn@@PEBXIPEBDIIW4aiPropertyTypeInfo@@@Z,"public: enum aiReturn __cdecl aiMaterial::AddBinaryProperty(void const *, unsigned int, char const *, unsigned int, unsigned int, enum aiPropertyTypeInfo)",method,,aiMaterial,AddBinaryProperty,"void const *, unsigned int, char const *, unsigned int, unsigned int, enum aiPropertyTypeInfo",False,False,False,False,False,False,True
277,276,0x114,?AddBoneChildren@SMDImporter@Assimp@@IEAAXPEAUaiNode@@I@Z,"protected: void __cdecl Assimp::SMDImporter::AddBoneChildren(struct aiNode *, unsigned int)",method,Assimp,SMDImporter,AddBoneChildren,"struct aiNode *, unsigned int",False,False,False,False,False,False,True
278,277,0x115,?AddLoadRequest@BatchLoader@Assimp@@QEAAIAEBV?$basic_string@DU?$char_traits@D@std@@V?$allocator@D@2@@std@@IPEBUPropertyMap@12@@Z,"public: unsigned int __cdecl Assimp::BatchLoader::AddLoadRequest(class std::basic_string<char, struct std::char_traits<char>, class std::allocator<char>> const &, unsigned int, struct Assimp::BatchLoader::PropertyMap const *)",method,Assimp,BatchLoader,AddLoadRequest,"class std::basic_string<char, struct std::char_traits<char>, class std::allocator<char>> const &, unsigned int, struct Assimp::BatchLoader::PropertyMap const *",False,False,False,False,False,False,True
279,278,0x116,?AddNodeHashes@SceneCombiner@Assimp@@CAXPEAUaiNode@@AEAV?$set@IU?$less@I@std@@V?$allocator@I@2@@std@@@Z,"private: static void __cdecl Assimp::SceneCombiner::AddNodeHashes(struct aiNode *, class std::set<unsigned int, struct std::less<unsigned int>, class std::allocator<unsigned int>> &)",method,Assimp,SceneCombiner,AddNodeHashes,"struct aiNode *, class std::set<unsigned int, struct std::less<unsigned int>, class std::allocator<unsigned int>> &",False,True,False,False,False,False,True
280,279,0x117,?AddNodePrefixes@SceneCombiner@Assimp@@SAXPEAUaiNode@@PEBDI@Z,"public: static void __cdecl Assimp::SceneCombiner::AddNodePrefixes(struct aiNode *, char const *, unsigned int)",method,Assimp,SceneCombiner,AddNodePrefixes,"struct aiNode *, char const *, unsigned int",False,True,False,False,False,False,True
281,280,0x118,?AddNodePrefixesChecked@SceneCombiner@Assimp@@CAXPEAUaiNode@@PEBDIAEAV?$vector@USceneHelper@Assimp@@V?$allocator@USceneHelper@Assimp@@@std@@@std@@I@Z,"private: static void __cdecl Assimp::SceneCombiner::AddNodePrefixesChecked(struct aiNode *, char const *, unsigned int, class std::vector<struct Assimp::SceneHelper, class std::allocator<struct Assimp::SceneHelper>> &, unsigned int)",method,Assimp,SceneCombiner,AddNodePrefixesChecked,"struct aiNode *, char const *, unsigned int, class std::vector<struct Assimp::SceneHelper, class std::allocator<struct Assimp::SceneHelper>> &, unsigned int",False,True,False,False,False,False,True
282,281,0x119,?AddProperty@aiMaterial@@QEAA?AW4aiReturn@@PEBHIPEBDII@Z,"public: enum aiReturn __cdecl aiMaterial::AddProperty(int const *, unsigned int, char const *, unsigned int, unsigned int)",method,,aiMaterial,AddProperty,"int const *, unsigned int, char const *, unsigned int, unsigned int",False,False,False,False,False,False,True
283,282,0x11A,?AddProperty@aiMaterial@@QEAA?AW4aiReturn@@PEBMIPEBDII@Z,"public: enum aiReturn __cdecl aiMaterial::AddProperty(float const *, unsigned int, char const *, unsigned int, unsigned int)",method,,aiMaterial,AddProperty,"float const *, unsigned int, char const *, unsigned int, unsigned int",False,False,False,False,False,False,True
284,283,0x11B,?AddProperty@aiMaterial@@QEAA?AW4aiReturn@@PEBNIPEBDII@Z,"public: enum aiReturn __cdecl aiMaterial::AddProperty(double const *, unsigned int, char const *, unsigned int, unsigned int)",method,,aiMaterial,AddProperty,"double const *, unsigned int, char const *, unsigned int, unsigned int",False,False,False,False,False,False,True
285,284,0x11C,?AddProperty@aiMaterial@@QEAA?AW4aiReturn@@PEBUaiColor3D@@IPEBDII@Z,"public: enum aiReturn __cdecl aiMaterial::AddProperty(struct aiColor3D const *, unsigned int, char const *, unsigned int, unsigned int)",method,,aiMaterial,AddProperty,"struct aiColor3D const *, unsigned int, char const *, unsigned int, unsigned int",False,False,False,False,False,False,True
286,285,0x11D,?AddProperty@aiMaterial@@QEAA?AW4aiReturn@@PEBUaiString@@PEBDII@Z,"public: enum aiReturn __cdecl aiMaterial::AddProperty(struct aiString const *, char const *, unsigned int, unsigned int)",method,,aiMaterial,AddProperty,"struct aiString const *, char const *, unsigned int, unsigned int",False,False,False,False,False,False,True
287,286,0x11E,?AddProperty@aiMaterial@@QEAA?AW4aiReturn@@PEBUaiUVTransform@@IPEBDII@Z,"public: enum aiReturn __cdecl aiMaterial::AddProperty(struct aiUVTransform const *, unsigned int, char const *, unsigned int, unsigned int)",method,,aiMaterial,AddProperty,"struct aiUVTransform const *, unsigned int, char const *, unsigned int, unsigned int",False,False,False,False,False,False,True
288,287,0x11F,?AddProperty@aiMaterial@@QEAA?AW4aiReturn@@PEBV?$aiColor4t@M@@IPEBDII@Z,"public: enum aiReturn __cdecl aiMaterial::AddProperty(class aiColor4t<float> const *, unsigned int, char const *, unsigned int, unsigned int)",method,,aiMaterial,AddProperty,"class aiColor4t<float> const *, unsigned int, char const *, unsigned int, unsigned int",False,False,False,False,False,False,True
289,288,0x120,?AddProperty@aiMaterial@@QEAA?AW4aiReturn@@PEBV?$aiVector3t@M@@IPEBDII@Z,"public: enum aiReturn __cdecl aiMaterial::AddProperty(class aiVector3t<float> const *, unsigned int, char const *, unsigned int, unsigned int)",method,,aiMaterial,AddProperty,"class aiVector3t<float> const *, unsigned int, char const *, unsigned int, unsigned int",False,False,False,False,False,False,True
290,289,0x121,?Append@SpatialSort@Assimp@@QEAAXPEBV?$aiVector3t@M@@II_N@Z,"public: void __cdecl Assimp::SpatialSort::Append(class aiVector3t<float> const *, unsigned int, unsigned int, bool)",method,Assimp,SpatialSort,Append,"class aiVector3t<float> const *, unsigned int, unsigned int, bool",False,False,False,False,False,False,True
291,290,0x122,?ApplyCustomizedPostProcessing@Importer@Assimp@@QEAAPEBUaiScene@@PEAVBaseProcess@2@_N@Z,"public: struct aiScene const * __cdecl Assimp::Importer::ApplyCustomizedPostProcessing(class Assimp::BaseProcess *, bool)",method,Assimp,Importer,ApplyCustomizedPostProcessing,"class Assimp::BaseProcess *, bool",False,False,False,False,False,False,True
292,291,0x123,?ApplyPostProcessing@Importer@Assimp@@QEAAPEBUaiScene@@I@Z,public: struct aiScene const * __cdecl Assimp::Importer::ApplyPostProcessing(unsigned int),method,Assimp,Importer,ApplyPostProcessing,unsigned int,False,False,False,False,False,False,True
293,292,0x124,?ApplyTransform@PretransformVertices@Assimp@@AEAAXPEAUaiMesh@@AEBV?$aiMatrix4x4t@M@@@Z,"private: void __cdecl Assimp::PretransformVertices::ApplyTransform(struct aiMesh *, class aiMatrix4x4t<float> const &)",method,Assimp,PretransformVertices,ApplyTransform,"struct aiMesh *, class aiMatrix4x4t<float> const &",False,False,False,False,False,False,True
294,293,0x125,?AttachToGraph@SceneCombiner@Assimp@@SAXPEAUaiNode@@AEAV?$vector@UNodeAttachmentInfo@Assimp@@V?$allocator@UNodeAttachmentInfo@Assimp@@@std@@@std@@@Z,"public: static void __cdecl Assimp::SceneCombiner::AttachToGraph(struct aiNode *, class std::vector<struct Assimp::NodeAttachmentInfo, class std::allocator<struct Assimp::NodeAttachmentInfo>> &)",method,Assimp,SceneCombiner,AttachToGraph,"struct aiNode *, class std::vector<struct Assimp::NodeAttachmentInfo, class std::allocator<struct Assimp::NodeAttachmentInfo>> &",False,True,False,False,False,False,True
295,294,0x126,?AttachToGraph@SceneCombiner@Assimp@@SAXPEAUaiScene@@AEAV?$vector@UNodeAttachmentInfo@Assimp@@V?$allocator@UNodeAttachmentInfo@Assimp@@@std@@@std@@@Z,"public: static void __cdecl Assimp::SceneCombiner::AttachToGraph(struct aiScene *, class std::vector<struct Assimp::NodeAttachmentInfo, class std::allocator<struct Assimp::NodeAttachmentInfo>> &)",method,Assimp,SceneCombiner,AttachToGraph,"struct aiScene *, class std::vector<struct Assimp::NodeAttachmentInfo, class std::allocator<struct Assimp::NodeAttachmentInfo>> &",False,True,False,False,False,False,True
296,295,0x127,?Buffersize@ObjFileParser@Assimp@@2_KB,public: static unsigned __int64 const Assimp::ObjFileParser::Buffersize,symbol,,,,,False,False,False,False,False,False,True
297,296,0x128,?BuildMeshRefCountArray@PretransformVertices@Assimp@@AEAAXPEAUaiNode@@PEAI@Z,"private: void __cdecl Assimp::PretransformVertices::BuildMeshRefCountArray(struct aiNode *, unsigned int *)",method,Assimp,PretransformVertices,BuildMeshRefCountArray,"struct aiNode *, unsigned int *",False,False,False,False,False,False,True
298,297,0x129,?BuildUniqueBoneList@SceneCombiner@Assimp@@SAXAEAV?$list@UBoneWithHash@Assimp@@V?$allocator@UBoneWithHash@Assimp@@@std@@@std@@V?$_Vector_const_iterator@V?$_Vector_val@U?$_Simple_types@PEAUaiMesh@@@std@@@std@@@4@1@Z,"public: static void __cdecl Assimp::SceneCombiner::BuildUniqueBoneList(class std::list<struct Assimp::BoneWithHash, class std::allocator<struct Assimp::BoneWithHash>> &, class std::_Vector_const_iterator<class std::_Vector_val<struct std::_Simple_types<struct aiMesh *>>>, class std::_Vector_const_iterator<class std::_Vector_val<struct std::_Simple_types<struct aiMesh *>>>)",method,Assimp,SceneCombiner,BuildUniqueBoneList,"class std::list<struct Assimp::BoneWithHash, class std::allocator<struct Assimp::BoneWithHash>> &, class std::_Vector_const_iterator<class std::_Vector_val<struct std::_Simple_types<struct aiMesh *>>>, class std::_Vector_const_iterator<class std::_Vector_val<struct std::_Simple_types<struct aiMesh *>>>",False,True,False,False,False,False,True
299,298,0x12A,?BuildWCSMeshes@PretransformVertices@Assimp@@AEAAXAEAV?$vector@PEAUaiMesh@@V?$allocator@PEAUaiMesh@@@std@@@std@@PEAPEAUaiMesh@@IPEAUaiNode@@@Z,"private: void __cdecl Assimp::PretransformVertices::BuildWCSMeshes(class std::vector<struct aiMesh *, class std::allocator<struct aiMesh *>> &, struct aiMesh **, unsigned int, struct aiNode *)",method,Assimp,PretransformVertices,BuildWCSMeshes,"class std::vector<struct aiMesh *, class std::allocator<struct aiMesh *>> &, struct aiMesh **, unsigned int, struct aiNode *",False,False,False,False,False,False,True
300,299,0x12B,?CPUSupportsSSE2@Assimp@@YA_NXZ,bool __cdecl Assimp::CPUSupportsSSE2(void),method,,Assimp,CPUSupportsSSE2,void,False,False,False,False,False,False,True
301,300,0x12C,?CanRead@SIBImporter@Assimp@@UEBA_NAEBV?$basic_string@DU?$char_traits@D@std@@V?$allocator@D@2@@std@@PEAVIOSystem@2@_N@Z,"public: virtual bool __cdecl Assimp::SIBImporter::CanRead(class std::basic_string<char, struct std::char_traits<char>, class std::allocator<char>> const &, class Assimp::IOSystem *, bool) const",method,Assimp,SIBImporter,CanRead,"class std::basic_string<char, struct std::char_traits<char>, class std::allocator<char>> const &, class Assimp::IOSystem *, bool",True,False,True,False,False,False,True
302,301,0x12D,?CanRead@SMDImporter@Assimp@@UEBA_NAEBV?$basic_string@DU?$char_traits@D@std@@V?$allocator@D@2@@std@@PEAVIOSystem@2@_N@Z,"public: virtual bool __cdecl Assimp::SMDImporter::CanRead(class std::basic_string<char, struct std::char_traits<char>, class std::allocator<char>> const &, class Assimp::IOSystem *, bool) const",method,Assimp,SMDImporter,CanRead,"class std::basic_string<char, struct std::char_traits<char>, class std::allocator<char>> const &, class Assimp::IOSystem *, bool",True,False,True,False,False,False,True
303,302,0x12E,?ChangeDirectory@IOSystem@Assimp@@UEAA_NAEBV?$basic_string@DU?$char_traits@D@std@@V?$allocator@D@2@@std@@@Z,"public: virtual bool __cdecl Assimp::IOSystem::ChangeDirectory(class std::basic_string<char, struct std::char_traits<char>, class std::allocator<char>> const &)",method,Assimp,IOSystem,ChangeDirectory,"class std::basic_string<char, struct std::char_traits<char>, class std::allocator<char>> const &",False,False,True,False,False,False,True
304,303,0x12F,?CheckMagicToken@BaseImporter@Assimp@@SA_NPEAVIOSystem@2@AEBV?$basic_string@DU?$char_traits@D@std@@V?$allocator@D@2@@std@@PEBXIII@Z,"public: static bool __cdecl Assimp::BaseImporter::CheckMagicToken(class Assimp::IOSystem *, class std::basic_string<char, struct std::char_traits<char>, class std::allocator<char>> const &, void const *, unsigned int, unsigned int, unsigned int)",method,Assimp,BaseImporter,CheckMagicToken,"class Assimp::IOSystem *, class std::basic_string<char, struct std::char_traits<char>, class std::allocator<char>> const &, void const *, unsigned int, unsigned int, unsigned int",False,True,False,False,False,False,True
305,304,0x130,?Clear@aiMaterial@@QEAAXXZ,public: void __cdecl aiMaterial::Clear(void),method,,aiMaterial,Clear,void,False,False,False,False,False,False,True
306,305,0x131,?Close@DefaultIOSystem@Assimp@@UEAAXPEAVIOStream@2@@Z,public: virtual void __cdecl Assimp::DefaultIOSystem::Close(class Assimp::IOStream *),method,Assimp,DefaultIOSystem,Close,class Assimp::IOStream *,False,False,True,False,False,False,True
307,306,0x132,?CollectData@PretransformVertices@Assimp@@AEAAXPEAUaiScene@@PEAUaiNode@@IIPEAUaiMesh@@QEAIPEAI@Z,"private: void __cdecl Assimp::PretransformVertices::CollectData(struct aiScene *, struct aiNode *, unsigned int, unsigned int, struct aiMesh *, unsigned int *const, unsigned int *)",method,Assimp,PretransformVertices,CollectData,"struct aiScene *, struct aiNode *, unsigned int, unsigned int, struct aiMesh *, unsigned int *const, unsigned int *",False,False,False,False,False,False,True
308,307,0x133,?ComparePaths@DefaultIOSystem@Assimp@@UEBA_NPEBD0@Z,"public: virtual bool __cdecl Assimp::DefaultIOSystem::ComparePaths(char const *, char const *) const",method,Assimp,DefaultIOSystem,ComparePaths,"char const *, char const *",True,False,True,False,False,False,True
309,308,0x134,?ComparePaths@IOSystem@Assimp@@QEBA_NAEBV?$basic_string@DU?$char_traits@D@std@@V?$allocator@D@2@@std@@0@Z,"public: bool __cdecl Assimp::IOSystem::ComparePaths(class std::basic_string<char, struct std::char_traits<char>, class std::allocator<char>> const &, class std::basic_string<char, struct std::char_traits<char>, class std::allocator<char>> const &) const",method,Assimp,IOSystem,ComparePaths,"class std::basic_string<char, struct std::char_traits<char>, class std::allocator<char>> const &, class std::basic_string<char, struct std::char_traits<char>, class std::allocator<char>> const &",True,False,False,False,False,False,True
310,309,0x135,?ComparePaths@IOSystem@Assimp@@UEBA_NPEBD0@Z,"public: virtual bool __cdecl Assimp::IOSystem::ComparePaths(char const *, char const *) const",method,Assimp,IOSystem,ComparePaths,"char const *, char const *",True,False,True,False,False,False,True
311,310,0x136,?ComputeAbsoluteBoneTransformations@SMDImporter@Assimp@@IEAAXXZ,protected: void __cdecl Assimp::SMDImporter::ComputeAbsoluteBoneTransformations(void),method,Assimp,SMDImporter,ComputeAbsoluteBoneTransformations,void,False,False,False,False,False,False,True
312,311,0x137,?ComputeAbsoluteTransform@PretransformVertices@Assimp@@AEAAXPEAUaiNode@@@Z,private: void __cdecl Assimp::PretransformVertices::ComputeAbsoluteTransform(struct aiNode *),method,Assimp,PretransformVertices,ComputeAbsoluteTransform,struct aiNode *,False,False,False,False,False,False,True
313,312,0x138,?ConvertToUTF8@BaseImporter@Assimp@@SAXAEAV?$vector@DV?$allocator@D@std@@@std@@@Z,"public: static void __cdecl Assimp::BaseImporter::ConvertToUTF8(class std::vector<char, class std::allocator<char>> &)",method,Assimp,BaseImporter,ConvertToUTF8,"class std::vector<char, class std::allocator<char>> &",False,True,False,False,False,False,True
314,313,0x139,?ConvertUTF8toISO8859_1@BaseImporter@Assimp@@SAXAEAV?$basic_string@DU?$char_traits@D@std@@V?$allocator@D@2@@std@@@Z,"public: static void __cdecl Assimp::BaseImporter::ConvertUTF8toISO8859_1(class std::basic_string<char, struct std::char_traits<char>, class std::allocator<char>> &)",method,Assimp,BaseImporter,ConvertUTF8toISO8859_1,"class std::basic_string<char, struct std::char_traits<char>, class std::allocator<char>> &",False,True,False,False,False,False,True
315,314,0x13A,?Copy@SceneCombiner@Assimp@@SAXPEAPEAUaiAnimation@@PEBU3@@Z,"public: static void __cdecl Assimp::SceneCombiner::Copy(struct aiAnimation **, struct aiAnimation const *)",method,Assimp,SceneCombiner,Copy,"struct aiAnimation **, struct aiAnimation const *",False,True,False,False,False,False,True
316,315,0x13B,?Copy@SceneCombiner@Assimp@@SAXPEAPEAUaiBone@@PEBU3@@Z,"public: static void __cdecl Assimp::SceneCombiner::Copy(struct aiBone **, struct aiBone const *)",method,Assimp,SceneCombiner,Copy,"struct aiBone **, struct aiBone const *",False,True,False,False,False,False,True
317,316,0x13C,?Copy@SceneCombiner@Assimp@@SAXPEAPEAUaiCamera@@PEBU3@@Z,"public: static void __cdecl Assimp::SceneCombiner::Copy(struct aiCamera **, struct aiCamera const *)",method,Assimp,SceneCombiner,Copy,"struct aiCamera **, struct aiCamera const *",False,True,False,False,False,False,True
318,317,0x13D,?Copy@SceneCombiner@Assimp@@SAXPEAPEAUaiLight@@PEBU3@@Z,"public: static void __cdecl Assimp::SceneCombiner::Copy(struct aiLight **, struct aiLight const *)",method,Assimp,SceneCombiner,Copy,"struct aiLight **, struct aiLight const *",False,True,False,False,False,False,True
319,318,0x13E,?Copy@SceneCombiner@Assimp@@SAXPEAPEAUaiMaterial@@PEBU3@@Z,"public: static void __cdecl Assimp::SceneCombiner::Copy(struct aiMaterial **, struct aiMaterial const *)",method,Assimp,SceneCombiner,Copy,"struct aiMaterial **, struct aiMaterial const *",False,True,False,False,False,False,True
320,319,0x13F,?Copy@SceneCombiner@Assimp@@SAXPEAPEAUaiMesh@@PEBU3@@Z,"public: static void __cdecl Assimp::SceneCombiner::Copy(struct aiMesh **, struct aiMesh const *)",method,Assimp,SceneCombiner,Copy,"struct aiMesh **, struct aiMesh const *",False,True,False,False,False,False,True
321,320,0x140,?Copy@SceneCombiner@Assimp@@SAXPEAPEAUaiMetadata@@PEBU3@@Z,"public: static void __cdecl Assimp::SceneCombiner::Copy(struct aiMetadata **, struct aiMetadata const *)",method,Assimp,SceneCombiner,Copy,"struct aiMetadata **, struct aiMetadata const *",False,True,False,False,False,False,True
322,321,0x141,?Copy@SceneCombiner@Assimp@@SAXPEAPEAUaiNode@@PEBU3@@Z,"public: static void __cdecl Assimp::SceneCombiner::Copy(struct aiNode **, struct aiNode const *)",method,Assimp,SceneCombiner,Copy,"struct aiNode **, struct aiNode const *",False,True,False,False,False,False,True
323,322,0x142,?Copy@SceneCombiner@Assimp@@SAXPEAPEAUaiNodeAnim@@PEBU3@@Z,"public: static void __cdecl Assimp::SceneCombiner::Copy(struct aiNodeAnim **, struct aiNodeAnim const *)",method,Assimp,SceneCombiner,Copy,"struct aiNodeAnim **, struct aiNodeAnim const *",False,True,False,False,False,False,True
324,323,0x143,?Copy@SceneCombiner@Assimp@@SAXPEAPEAUaiTexture@@PEBU3@@Z,"public: static void __cdecl Assimp::SceneCombiner::Copy(struct aiTexture **, struct aiTexture const *)",method,Assimp,SceneCombiner,Copy,"struct aiTexture **, struct aiTexture const *",False,True,False,False,False,False,True
325,324,0x144,?CopyPropertyList@aiMaterial@@SAXPEAU1@PEBU1@@Z,"public: static void __cdecl aiMaterial::CopyPropertyList(struct aiMaterial *, struct aiMaterial const *)",method,,aiMaterial,CopyPropertyList,"struct aiMaterial *, struct aiMaterial const *",False,True,False,False,False,False,True
326,325,0x145,?CopyScene@SceneCombiner@Assimp@@SAXPEAPEAUaiScene@@PEBU3@_N@Z,"public: static void __cdecl Assimp::SceneCombiner::CopyScene(struct aiScene **, struct aiScene const *, bool)",method,Assimp,SceneCombiner,CopyScene,"struct aiScene **, struct aiScene const *, bool",False,True,False,False,False,False,True
327,326,0x146,?CopySceneFlat@SceneCombiner@Assimp@@SAXPEAPEAUaiScene@@PEBU3@@Z,"public: static void __cdecl Assimp::SceneCombiner::CopySceneFlat(struct aiScene **, struct aiScene const *)",method,Assimp,SceneCombiner,CopySceneFlat,"struct aiScene **, struct aiScene const *",False,True,False,False,False,False,True
328,327,0x147,?CountNodes@PretransformVertices@Assimp@@AEAAIPEAUaiNode@@@Z,private: unsigned int __cdecl Assimp::PretransformVertices::CountNodes(struct aiNode *),method,Assimp,PretransformVertices,CountNodes,struct aiNode *,False,False,False,False,False,False,True
329,328,0x148,?CountVerticesAndFaces@PretransformVertices@Assimp@@AEAAXPEAUaiScene@@PEAUaiNode@@IIPEAI2@Z,"private: void __cdecl Assimp::PretransformVertices::CountVerticesAndFaces(struct aiScene *, struct aiNode *, unsigned int, unsigned int, unsigned int *, unsigned int *)",method,Assimp,PretransformVertices,CountVerticesAndFaces,"struct aiScene *, struct aiNode *, unsigned int, unsigned int, unsigned int *, unsigned int *",False,False,False,False,False,False,True
330,329,0x149,?Create@Subdivider@Assimp@@SAPEAV12@W4Algorithm@12@@Z,public: static class Assimp::Subdivider * __cdecl Assimp::Subdivider::Create(enum Assimp::Subdivider::Algorithm),method,Assimp,Subdivider,Create,enum Assimp::Subdivider::Algorithm,False,True,False,False,False,False,True
331,330,0x14A,?CreateDirectory@IOSystem@Assimp@@UEAA_NAEBV?$basic_string@DU?$char_traits@D@std@@V?$allocator@D@2@@std@@@Z,"public: virtual bool __cdecl Assimp::IOSystem::CreateDirectory(class std::basic_string<char, struct std::char_traits<char>, class std::allocator<char>> const &)",method,Assimp,IOSystem,CreateDirectory,"class std::basic_string<char, struct std::char_traits<char>, class std::allocator<char>> const &",False,False,True,False,False,False,True
332,331,0x14B,?CreateDirectoryA@IOSystem@Assimp@@UEAA_NAEBV?$basic_string@DU?$char_traits@D@std@@V?$allocator@D@2@@std@@@Z,"public: virtual bool __cdecl Assimp::IOSystem::CreateDirectoryA(class std::basic_string<char, struct std::char_traits<char>, class std::allocator<char>> const &)",method,Assimp,IOSystem,CreateDirectoryA,"class std::basic_string<char, struct std::char_traits<char>, class std::allocator<char>> const &",False,False,True,False,False,False,True
333,332,0x14C,?CreateGeometry@SkeletonMeshBuilder@Assimp@@IEAAXPEBUaiNode@@@Z,protected: void __cdecl Assimp::SkeletonMeshBuilder::CreateGeometry(struct aiNode const *),method,Assimp,SkeletonMeshBuilder,CreateGeometry,struct aiNode const *,False,False,False,False,False,False,True
334,333,0x14D,?CreateMaterial@SkeletonMeshBuilder@Assimp@@IEAAPEAUaiMaterial@@XZ,protected: struct aiMaterial * __cdecl Assimp::SkeletonMeshBuilder::CreateMaterial(void),method,Assimp,SkeletonMeshBuilder,CreateMaterial,void,False,False,False,False,False,False,True
335,334,0x14E,?CreateMesh@SkeletonMeshBuilder@Assimp@@IEAAPEAUaiMesh@@XZ,protected: struct aiMesh * __cdecl Assimp::SkeletonMeshBuilder::CreateMesh(void),method,Assimp,SkeletonMeshBuilder,CreateMesh,void,False,False,False,False,False,False,True
336,335,0x14F,?CreateOutputAnimations@SMDImporter@Assimp@@IEAAXXZ,protected: void __cdecl Assimp::SMDImporter::CreateOutputAnimations(void),method,Assimp,SMDImporter,CreateOutputAnimations,void,False,False,False,False,False,False,True
337,336,0x150,?CreateOutputMaterials@SMDImporter@Assimp@@IEAAXXZ,protected: void __cdecl Assimp::SMDImporter::CreateOutputMaterials(void),method,Assimp,SMDImporter,CreateOutputMaterials,void,False,False,False,False,False,False,True
338,337,0x151,?CreateOutputMeshes@SMDImporter@Assimp@@IEAAXXZ,protected: void __cdecl Assimp::SMDImporter::CreateOutputMeshes(void),method,Assimp,SMDImporter,CreateOutputMeshes,void,False,False,False,False,False,False,True
339,338,0x152,?CreateOutputNodes@SMDImporter@Assimp@@IEAAXXZ,protected: void __cdecl Assimp::SMDImporter::CreateOutputNodes(void),method,Assimp,SMDImporter,CreateOutputNodes,void,False,False,False,False,False,False,True
340,339,0x153,?CurrentDirectory@IOSystem@Assimp@@UEBAAEBV?$basic_string@DU?$char_traits@D@std@@V?$allocator@D@2@@std@@XZ,"public: virtual class std::basic_string<char, struct std::char_traits<char>, class std::allocator<char>> const & __cdecl Assimp::IOSystem::CurrentDirectory(void) const",method,Assimp,IOSystem,CurrentDirectory,void,True,False,True,False,False,False,True
341,340,0x154,?DEFAULT_MATERIAL@ObjFileParser@Assimp@@0V?$basic_string@DU?$char_traits@D@std@@V?$allocator@D@2@@std@@B,"private: static class std::basic_string<char, struct std::char_traits<char>, class std::allocator<char>> const Assimp::ObjFileParser::DEFAULT_MATERIAL",symbol,,,,,False,False,False,False,False,False,True
342,341,0x155,?DeleteFile@IOSystem@Assimp@@UEAA_NAEBV?$basic_string@DU?$char_traits@D@std@@V?$allocator@D@2@@std@@@Z,"public: virtual bool __cdecl Assimp::IOSystem::DeleteFile(class std::basic_string<char, struct std::char_traits<char>, class std::allocator<char>> const &)",method,Assimp,IOSystem,DeleteFile,"class std::basic_string<char, struct std::char_traits<char>, class std::allocator<char>> const &",False,False,True,False,False,False,True
343,342,0x156,?DeleteFileA@IOSystem@Assimp@@UEAA_NAEBV?$basic_string@DU?$char_traits@D@std@@V?$allocator@D@2@@std@@@Z,"public: virtual bool __cdecl Assimp::IOSystem::DeleteFileA(class std::basic_string<char, struct std::char_traits<char>, class std::allocator<char>> const &)",method,Assimp,IOSystem,DeleteFileA,"class std::basic_string<char, struct std::char_traits<char>, class std::allocator<char>> const &",False,False,True,False,False,False,True
344,343,0x157,?Dummy@?4??CurrentDirectory@IOSystem@Assimp@@UEBAAEBV?$basic_string@DU?$char_traits@D@std@@V?$allocator@D@2@@std@@XZ@4V45@B,"class std::basic_string<char, struct std::char_traits<char>, class std::allocator<char>> const `public: virtual class std::basic_string<char, struct std::char_traits<char>, class std::allocator<char>> const & __cdecl Assimp::IOSystem::CurrentDirectory(void) const'::`5'::Dummy",symbol,,,,,False,False,False,False,False,False,True
345,344,0x158,?EnableAreaCheck@FindDegeneratesProcess@Assimp@@QEAAX_N@Z,public: void __cdecl Assimp::FindDegeneratesProcess::EnableAreaCheck(bool),method,Assimp,FindDegeneratesProcess,EnableAreaCheck,bool,False,False,False,False,False,False,True
346,345,0x159,?EnableInstantRemoval@FindDegeneratesProcess@Assimp@@QEAAX_N@Z,public: void __cdecl Assimp::FindDegeneratesProcess::EnableInstantRemoval(bool),method,Assimp,FindDegeneratesProcess,EnableInstantRemoval,bool,False,False,False,False,False,False,True
347,346,0x15A,?Execute@CalcTangentsProcess@Assimp@@MEAAXPEAUaiScene@@@Z,protected: virtual void __cdecl Assimp::CalcTangentsProcess::Execute(struct aiScene *),method,Assimp,CalcTangentsProcess,Execute,struct aiScene *,False,False,True,False,False,False,True
348,347,0x15B,?Execute@EmbedTexturesProcess@Assimp@@UEAAXPEAUaiScene@@@Z,public: virtual void __cdecl Assimp::EmbedTexturesProcess::Execute(struct aiScene *),method,Assimp,EmbedTexturesProcess,Execute,struct aiScene *,False,False,True,False,False,False,True
349,348,0x15C,?Execute@FindDegeneratesProcess@Assimp@@UEAAXPEAUaiScene@@@Z,public: virtual void __cdecl Assimp::FindDegeneratesProcess::Execute(struct aiScene *),method,Assimp,FindDegeneratesProcess,Execute,struct aiScene *,False,False,True,False,False,False,True
350,349,0x15D,?Execute@FindInvalidDataProcess@Assimp@@UEAAXPEAUaiScene@@@Z,public: virtual void __cdecl Assimp::FindInvalidDataProcess::Execute(struct aiScene *),method,Assimp,FindInvalidDataProcess,Execute,struct aiScene *,False,False,True,False,False,False,True
351,350,0x15E,?Execute@GenFaceNormalsProcess@Assimp@@UEAAXPEAUaiScene@@@Z,public: virtual void __cdecl Assimp::GenFaceNormalsProcess::Execute(struct aiScene *),method,Assimp,GenFaceNormalsProcess,Execute,struct aiScene *,False,False,True,False,False,False,True
352,351,0x15F,?Execute@GenVertexNormalsProcess@Assimp@@UEAAXPEAUaiScene@@@Z,public: virtual void __cdecl Assimp::GenVertexNormalsProcess::Execute(struct aiScene *),method,Assimp,GenVertexNormalsProcess,Execute,struct aiScene *,False,False,True,False,False,False,True
353,352,0x160,?Execute@JoinVerticesProcess@Assimp@@UEAAXPEAUaiScene@@@Z,public: virtual void __cdecl Assimp::JoinVerticesProcess::Execute(struct aiScene *),method,Assimp,JoinVerticesProcess,Execute,struct aiScene *,False,False,True,False,False,False,True
354,353,0x161,?Execute@LimitBoneWeightsProcess@Assimp@@UEAAXPEAUaiScene@@@Z,public: virtual void __cdecl Assimp::LimitBoneWeightsProcess::Execute(struct aiScene *),method,Assimp,LimitBoneWeightsProcess,Execute,struct aiScene *,False,False,True,False,False,False,True
355,354,0x162,?Execute@MakeVerboseFormatProcess@Assimp@@UEAAXPEAUaiScene@@@Z,public: virtual void __cdecl Assimp::MakeVerboseFormatProcess::Execute(struct aiScene *),method,Assimp,MakeVerboseFormatProcess,Execute,struct aiScene *,False,False,True,False,False,False,True
356,355,0x163,?Execute@PretransformVertices@Assimp@@UEAAXPEAUaiScene@@@Z,public: virtual void __cdecl Assimp::PretransformVertices::Execute(struct aiScene *),method,Assimp,PretransformVertices,Execute,struct aiScene *,False,False,True,False,False,False,True
357,356,0x164,?Execute@RemoveRedundantMatsProcess@Assimp@@UEAAXPEAUaiScene@@@Z,public: virtual void __cdecl Assimp::RemoveRedundantMatsProcess::Execute(struct aiScene *),method,Assimp,RemoveRedundantMatsProcess,Execute,struct aiScene *,False,False,True,False,False,False,True
358,357,0x165,?Execute@RemoveVCProcess@Assimp@@UEAAXPEAUaiScene@@@Z,public: virtual void __cdecl Assimp::RemoveVCProcess::Execute(struct aiScene *),method,Assimp,RemoveVCProcess,Execute,struct aiScene *,False,False,True,False,False,False,True
359,358,0x166,?Execute@ScaleProcess@Assimp@@UEAAXPEAUaiScene@@@Z,public: virtual void __cdecl Assimp::ScaleProcess::Execute(struct aiScene *),method,Assimp,ScaleProcess,Execute,struct aiScene *,False,False,True,False,False,False,True
360,359,0x167,?Execute@SortByPTypeProcess@Assimp@@UEAAXPEAUaiScene@@@Z,public: virtual void __cdecl Assimp::SortByPTypeProcess::Execute(struct aiScene *),method,Assimp,SortByPTypeProcess,Execute,struct aiScene *,False,False,True,False,False,False,True
361,360,0x168,?Execute@SplitLargeMeshesProcess_Triangle@Assimp@@UEAAXPEAUaiScene@@@Z,public: virtual void __cdecl Assimp::SplitLargeMeshesProcess_Triangle::Execute(struct aiScene *),method,Assimp,SplitLargeMeshesProcess_Triangle,Execute,struct aiScene *,False,False,True,False,False,False,True
362,361,0x169,?Execute@SplitLargeMeshesProcess_Vertex@Assimp@@UEAAXPEAUaiScene@@@Z,public: virtual void __cdecl Assimp::SplitLargeMeshesProcess_Vertex::Execute(struct aiScene *),method,Assimp,SplitLargeMeshesProcess_Vertex,Execute,struct aiScene *,False,False,True,False,False,False,True
363,362,0x16A,?Execute@TriangulateProcess@Assimp@@UEAAXPEAUaiScene@@@Z,public: virtual void __cdecl Assimp::TriangulateProcess::Execute(struct aiScene *),method,Assimp,TriangulateProcess,Execute,struct aiScene *,False,False,True,False,False,False,True
364,363,0x16B,?ExecuteOnMesh@FindDegeneratesProcess@Assimp@@QEAA_NPEAUaiMesh@@@Z,public: bool __cdecl Assimp::FindDegeneratesProcess::ExecuteOnMesh(struct aiMesh *),method,Assimp,FindDegeneratesProcess,ExecuteOnMesh,struct aiMesh *,False,False,False,False,False,False,True
365,364,0x16C,?ExecuteOnScene@BaseProcess@Assimp@@QEAAXPEAVImporter@2@@Z,public: void __cdecl Assimp::BaseProcess::ExecuteOnScene(class Assimp::Importer *),method,Assimp,BaseProcess,ExecuteOnScene,class Assimp::Importer *,False,False,False,False,False,False,True
366,365,0x16D,?Exists@DefaultIOSystem@Assimp@@UEBA_NPEBD@Z,public: virtual bool __cdecl Assimp::DefaultIOSystem::Exists(char const *) const,method,Assimp,DefaultIOSystem,Exists,char const *,True,False,True,False,False,False,True
367,366,0x16E,?Exists@IOSystem@Assimp@@QEBA_NAEBV?$basic_string@DU?$char_traits@D@std@@V?$allocator@D@2@@std@@@Z,"public: bool __cdecl Assimp::IOSystem::Exists(class std::basic_string<char, struct std::char_traits<char>, class std::allocator<char>> const &) const",method,Assimp,IOSystem,Exists,"class std::basic_string<char, struct std::char_traits<char>, class std::allocator<char>> const &",True,False,False,False,False,False,True
368,367,0x16F,?Export@Exporter@Assimp@@QEAA?AW4aiReturn@@PEBUaiScene@@AEBV?$basic_string@DU?$char_traits@D@std@@V?$allocator@D@2@@std@@1IPEBVExportProperties@2@@Z,"public: enum aiReturn __cdecl Assimp::Exporter::Export(struct aiScene const *, class std::basic_string<char, struct std::char_traits<char>, class std::allocator<char>> const &, class std::basic_string<char, struct std::char_traits<char>, class std::allocator<char>> const &, unsigned int, class Assimp::ExportProperties const *)",method,Assimp,Exporter,Export,"struct aiScene const *, class std::basic_string<char, struct std::char_traits<char>, class std::allocator<char>> const &, class std::basic_string<char, struct std::char_traits<char>, class std::allocator<char>> const &, unsigned int, class Assimp::ExportProperties const *",False,False,False,False,False,False,True
369,368,0x170,?Export@Exporter@Assimp@@QEAA?AW4aiReturn@@PEBUaiScene@@PEBD1IPEBVExportProperties@2@@Z,"public: enum aiReturn __cdecl Assimp::Exporter::Export(struct aiScene const *, char const *, char const *, unsigned int, class Assimp::ExportProperties const *)",method,Assimp,Exporter,Export,"struct aiScene const *, char const *, char const *, unsigned int, class Assimp::ExportProperties const *",False,False,False,False,False,False,True
370,369,0x171,?ExportToBlob@Exporter@Assimp@@QEAAPEBUaiExportDataBlob@@PEBUaiScene@@AEBV?$basic_string@DU?$char_traits@D@std@@V?$allocator@D@2@@std@@IPEBVExportProperties@2@@Z,"public: struct aiExportDataBlob const * __cdecl Assimp::Exporter::ExportToBlob(struct aiScene const *, class std::basic_string<char, struct std::char_traits<char>, class std::allocator<char>> const &, unsigned int, class Assimp::ExportProperties const *)",method,Assimp,Exporter,ExportToBlob,"struct aiScene const *, class std::basic_string<char, struct std::char_traits<char>, class std::allocator<char>> const &, unsigned int, class Assimp::ExportProperties const *",False,False,False,False,False,False,True
371,370,0x172,?ExportToBlob@Exporter@Assimp@@QEAAPEBUaiExportDataBlob@@PEBUaiScene@@PEBDIPEBVExportProperties@2@@Z,"public: struct aiExportDataBlob const * __cdecl Assimp::Exporter::ExportToBlob(struct aiScene const *, char const *, unsigned int, class Assimp::ExportProperties const *)",method,Assimp,Exporter,ExportToBlob,"struct aiScene const *, char const *, unsigned int, class Assimp::ExportProperties const *",False,False,False,False,False,False,True
372,371,0x173,?FileSize@DefaultIOStream@Assimp@@UEBA_KXZ,public: virtual unsigned __int64 __cdecl Assimp::DefaultIOStream::FileSize(void) const,method,Assimp,DefaultIOStream,FileSize,void,True,False,True,False,False,False,True
373,372,0x174,?Fill@SpatialSort@Assimp@@QEAAXPEBV?$aiVector3t@M@@II_N@Z,"public: void __cdecl Assimp::SpatialSort::Fill(class aiVector3t<float> const *, unsigned int, unsigned int, bool)",method,Assimp,SpatialSort,Fill,"class aiVector3t<float> const *, unsigned int, unsigned int, bool",False,False,False,False,False,False,True
374,373,0x175,?Finalize@SpatialSort@Assimp@@QEAAXXZ,public: void __cdecl Assimp::SpatialSort::Finalize(void),method,Assimp,SpatialSort,Finalize,void,False,False,False,False,False,False,True
375,374,0x176,?FindIdenticalPositions@SpatialSort@Assimp@@QEBAXAEBV?$aiVector3t@M@@AEAV?$vector@IV?$allocator@I@std@@@std@@@Z,"public: void __cdecl Assimp::SpatialSort::FindIdenticalPositions(class aiVector3t<float> const &, class std::vector<unsigned int, class std::allocator<unsigned int>> &) const",method,Assimp,SpatialSort,FindIdenticalPositions,"class aiVector3t<float> const &, class std::vector<unsigned int, class std::allocator<unsigned int>> &",True,False,False,False,False,False,True
376,375,0x177,?FindNameMatch@SceneCombiner@Assimp@@CA_NAEBUaiString@@AEAV?$vector@USceneHelper@Assimp@@V?$allocator@USceneHelper@Assimp@@@std@@@std@@I@Z,"private: static bool __cdecl Assimp::SceneCombiner::FindNameMatch(struct aiString const &, class std::vector<struct Assimp::SceneHelper, class std::allocator<struct Assimp::SceneHelper>> &, unsigned int)",method,Assimp,SceneCombiner,FindNameMatch,"struct aiString const &, class std::vector<struct Assimp::SceneHelper, class std::allocator<struct Assimp::SceneHelper>> &, unsigned int",False,True,False,False,False,False,True
377,376,0x178,?FindNode@aiNode@@QEAAPEAU1@AEBUaiString@@@Z,public: struct aiNode * __cdecl aiNode::FindNode(struct aiString const &),method,,aiNode,FindNode,struct aiString const &,False,False,False,False,False,False,True
378,377,0x179,?FindNode@aiNode@@QEAAPEAU1@PEBD@Z,public: struct aiNode * __cdecl aiNode::FindNode(char const *),method,,aiNode,FindNode,char const *,False,False,False,False,False,False,True
379,378,0x17A,?FindNode@aiNode@@QEBAPEBU1@AEBUaiString@@@Z,public: struct aiNode const * __cdecl aiNode::FindNode(struct aiString const &) const,method,,aiNode,FindNode,struct aiString const &,True,False,False,False,False,False,True
380,379,0x17B,?FindNode@aiNode@@QEBAPEBU1@PEBD@Z,public: struct aiNode const * __cdecl aiNode::FindNode(char const *) const,method,,aiNode,FindNode,char const *,True,False,False,False,False,False,True
381,380,0x17C,?FindPositions@SGSpatialSort@Assimp@@QEBAXAEBV?$aiVector3t@M@@IMAEAV?$vector@IV?$allocator@I@std@@@std@@_N@Z,"public: void __cdecl Assimp::SGSpatialSort::FindPositions(class aiVector3t<float> const &, unsigned int, float, class std::vector<unsigned int, class std::allocator<unsigned int>> &, bool) const",method,Assimp,SGSpatialSort,FindPositions,"class aiVector3t<float> const &, unsigned int, float, class std::vector<unsigned int, class std::allocator<unsigned int>> &, bool",True,False,False,False,False,False,True
382,381,0x17D,?FindPositions@SpatialSort@Assimp@@QEBAXAEBV?$aiVector3t@M@@MAEAV?$vector@IV?$allocator@I@std@@@std@@@Z,"public: void __cdecl Assimp::SpatialSort::FindPositions(class aiVector3t<float> const &, float, class std::vector<unsigned int, class std::allocator<unsigned int>> &) const",method,Assimp,SpatialSort,FindPositions,"class aiVector3t<float> const &, float, class std::vector<unsigned int, class std::allocator<unsigned int>> &",True,False,False,False,False,False,True
383,382,0x17E,?FixTimeValues@SMDImporter@Assimp@@IEAAXXZ,protected: void __cdecl Assimp::SMDImporter::FixTimeValues(void),method,Assimp,SMDImporter,FixTimeValues,void,False,False,False,False,False,False,True
384,383,0x17F,?Flush@DefaultIOStream@Assimp@@UEAAXXZ,public: virtual void __cdecl Assimp::DefaultIOStream::Flush(void),method,Assimp,DefaultIOStream,Flush,void,False,False,True,False,False,False,True
385,384,0x180,?FreeBlob@Exporter@Assimp@@QEAAXXZ,public: void __cdecl Assimp::Exporter::FreeBlob(void),method,Assimp,Exporter,FreeBlob,void,False,False,False,False,False,False,True
386,385,0x181,?FreeScene@Importer@Assimp@@QEAAXXZ,public: void __cdecl Assimp::Importer::FreeScene(void),method,Assimp,Importer,FreeScene,void,False,False,False,False,False,False,True
387,386,0x182,?GenMeshFaceNormals@GenFaceNormalsProcess@Assimp@@AEAA_NPEAUaiMesh@@@Z,private: bool __cdecl Assimp::GenFaceNormalsProcess::GenMeshFaceNormals(struct aiMesh *),method,Assimp,GenFaceNormalsProcess,GenMeshFaceNormals,struct aiMesh *,False,False,False,False,False,False,True
388,387,0x183,?GenMeshVertexNormals@GenVertexNormalsProcess@Assimp@@QEAA_NPEAUaiMesh@@I@Z,"public: bool __cdecl Assimp::GenVertexNormalsProcess::GenMeshVertexNormals(struct aiMesh *, unsigned int)",method,Assimp,GenVertexNormalsProcess,GenMeshVertexNormals,"struct aiMesh *, unsigned int",False,False,False,False,False,False,True
389,388,0x184,?GenerateMappingTable@SpatialSort@Assimp@@QEBAIAEAV?$vector@IV?$allocator@I@std@@@std@@M@Z,"public: unsigned int __cdecl Assimp::SpatialSort::GenerateMappingTable(class std::vector<unsigned int, class std::allocator<unsigned int>> &, float) const",method,Assimp,SpatialSort,GenerateMappingTable,"class std::vector<unsigned int, class std::allocator<unsigned int>> &, float",True,False,False,False,False,False,True
390,389,0x185,?Get@aiMaterial@@QEBA?AW4aiReturn@@PEBDIIAEAH@Z,"public: enum aiReturn __cdecl aiMaterial::Get(char const *, unsigned int, unsigned int, int &) const",method,,aiMaterial,Get,"char const *, unsigned int, unsigned int, int &",True,False,False,False,False,False,True
391,390,0x186,?Get@aiMaterial@@QEBA?AW4aiReturn@@PEBDIIAEAM@Z,"public: enum aiReturn __cdecl aiMaterial::Get(char const *, unsigned int, unsigned int, float &) const",method,,aiMaterial,Get,"char const *, unsigned int, unsigned int, float &",True,False,False,False,False,False,True
392,391,0x187,?Get@aiMaterial@@QEBA?AW4aiReturn@@PEBDIIAEAUaiColor3D@@@Z,"public: enum aiReturn __cdecl aiMaterial::Get(char const *, unsigned int, unsigned int, struct aiColor3D &) const",method,,aiMaterial,Get,"char const *, unsigned int, unsigned int, struct aiColor3D &",True,False,False,False,False,False,True
393,392,0x188,?Get@aiMaterial@@QEBA?AW4aiReturn@@PEBDIIAEAUaiString@@@Z,"public: enum aiReturn __cdecl aiMaterial::Get(char const *, unsigned int, unsigned int, struct aiString &) const",method,,aiMaterial,Get,"char const *, unsigned int, unsigned int, struct aiString &",True,False,False,False,False,False,True
394,393,0x189,?Get@aiMaterial@@QEBA?AW4aiReturn@@PEBDIIAEAUaiUVTransform@@@Z,"public: enum aiReturn __cdecl aiMaterial::Get(char const *, unsigned int, unsigned int, struct aiUVTransform &) const",method,,aiMaterial,Get,"char const *, unsigned int, unsigned int, struct aiUVTransform &",True,False,False,False,False,False,True
395,394,0x18A,?Get@aiMaterial@@QEBA?AW4aiReturn@@PEBDIIAEAV?$aiColor4t@M@@@Z,"public: enum aiReturn __cdecl aiMaterial::Get(char const *, unsigned int, unsigned int, class aiColor4t<float> &) const",method,,aiMaterial,Get,"char const *, unsigned int, unsigned int, class aiColor4t<float> &",True,False,False,False,False,False,True
396,395,0x18B,?Get@aiMaterial@@QEBA?AW4aiReturn@@PEBDIIPEAHPEAI@Z,"public: enum aiReturn __cdecl aiMaterial::Get(char const *, unsigned int, unsigned int, int *, unsigned int *) const",method,,aiMaterial,Get,"char const *, unsigned int, unsigned int, int *, unsigned int *",True,False,False,False,False,False,True
397,396,0x18C,?Get@aiMaterial@@QEBA?AW4aiReturn@@PEBDIIPEAMPEAI@Z,"public: enum aiReturn __cdecl aiMaterial::Get(char const *, unsigned int, unsigned int, float *, unsigned int *) const",method,,aiMaterial,Get,"char const *, unsigned int, unsigned int, float *, unsigned int *",True,False,False,False,False,False,True
398,397,0x18D,?GetAdjacentTriangles@VertexTriangleAdjacency@Assimp@@QEBAPEAII@Z,public: unsigned int * __cdecl Assimp::VertexTriangleAdjacency::GetAdjacentTriangles(unsigned int) const,method,Assimp,VertexTriangleAdjacency,GetAdjacentTriangles,unsigned int,True,False,False,False,False,False,True
399,398,0x18E,?GetBlob@Exporter@Assimp@@QEBAPEBUaiExportDataBlob@@XZ,public: struct aiExportDataBlob const * __cdecl Assimp::Exporter::GetBlob(void) const,method,Assimp,Exporter,GetBlob,void,True,False,False,False,False,False,True
400,399,0x18F,?GetDeleteFlags@RemoveVCProcess@Assimp@@QEBAIXZ,public: unsigned int __cdecl Assimp::RemoveVCProcess::GetDeleteFlags(void) const,method,Assimp,RemoveVCProcess,GetDeleteFlags,void,True,False,False,False,False,False,True
401,400,0x190,?GetErrorString@Exporter@Assimp@@QEBAPEBDXZ,public: char const * __cdecl Assimp::Exporter::GetErrorString(void) const,method,Assimp,Exporter,GetErrorString,void,True,False,False,False,False,False,True
402,401,0x191,?GetErrorString@Importer@Assimp@@QEBAPEBDXZ,public: char const * __cdecl Assimp::Importer::GetErrorString(void) const,method,Assimp,Importer,GetErrorString,void,True,False,False,False,False,False,True
403,402,0x192,?GetErrorText@BaseImporter@Assimp@@QEBAAEBV?$basic_string@DU?$char_traits@D@std@@V?$allocator@D@2@@std@@XZ,"public: class std::basic_string<char, struct std::char_traits<char>, class std::allocator<char>> const & __cdecl Assimp::BaseImporter::GetErrorText(void) const",method,Assimp,BaseImporter,GetErrorText,void,True,False,False,False,False,False,True
404,403,0x193,?GetExportFormatCount@Exporter@Assimp@@QEBA_KXZ,public: unsigned __int64 __cdecl Assimp::Exporter::GetExportFormatCount(void) const,method,Assimp,Exporter,GetExportFormatCount,void,True,False,False,False,False,False,True
405,404,0x194,?GetExportFormatDescription@Exporter@Assimp@@QEBAPEBUaiExportFormatDesc@@_K@Z,public: struct aiExportFormatDesc const * __cdecl Assimp::Exporter::GetExportFormatDescription(unsigned __int64) const,method,Assimp,Exporter,GetExportFormatDescription,unsigned __int64,True,False,False,False,False,False,True
406,405,0x195,?GetExtension@BaseImporter@Assimp@@SA?AV?$basic_string@DU?$char_traits@D@std@@V?$allocator@D@2@@std@@AEBV34@@Z,"public: static class std::basic_string<char, struct std::char_traits<char>, class std::allocator<char>> __cdecl Assimp::BaseImporter::GetExtension(class std::basic_string<char, struct std::char_traits<char>, class std::allocator<char>> const &)",method,Assimp,BaseImporter,GetExtension,"class std::basic_string<char, struct std::char_traits<char>, class std::allocator<char>> const &",False,True,False,False,False,False,True
407,406,0x196,?GetExtensionList@BaseImporter@Assimp@@QEAAXAEAV?$set@V?$basic_string@DU?$char_traits@D@std@@V?$allocator@D@2@@std@@U?$less@V?$basic_string@DU?$char_traits@D@std@@V?$allocator@D@2@@std@@@2@V?$allocator@V?$basic_string@DU?$char_traits@D@std@@V?$allocator@D@2@@std@@@2@@std@@@Z,"public: void __cdecl Assimp::BaseImporter::GetExtensionList(class std::set<class std::basic_string<char, struct std::char_traits<char>, class std::allocator<char>>, struct std::less<class std::basic_string<char, struct std::char_traits<char>, class std::allocator<char>>>, class std::allocator<class std::basic_string<char, struct std::char_traits<char>, class std::allocator<char>>>> &)",method,Assimp,BaseImporter,GetExtensionList,"class std::set<class std::basic_string<char, struct std::char_traits<char>, class std::allocator<char>>, struct std::less<class std::basic_string<char, struct std::char_traits<char>, class std::allocator<char>>>, class std::allocator<class std::basic_string<char, struct std::char_traits<char>, class std::allocator<char>>>> &",False,False,False,False,False,False,True
408,407,0x197,?GetExtensionList@Importer@Assimp@@QEBAXAEAUaiString@@@Z,public: void __cdecl Assimp::Importer::GetExtensionList(struct aiString &) const,method,Assimp,Importer,GetExtensionList,struct aiString &,True,False,False,False,False,False,True
409,408,0x198,?GetExtensionList@Importer@Assimp@@QEBAXAEAV?$basic_string@DU?$char_traits@D@std@@V?$allocator@D@2@@std@@@Z,"public: void __cdecl Assimp::Importer::GetExtensionList(class std::basic_string<char, struct std::char_traits<char>, class std::allocator<char>> &) const",method,Assimp,Importer,GetExtensionList,"class std::basic_string<char, struct std::char_traits<char>, class std::allocator<char>> &",True,False,False,False,False,False,True
410,409,0x199,?GetFixedMaterialsString@RemoveRedundantMatsProcess@Assimp@@QEBAAEBV?$basic_string@DU?$char_traits@D@std@@V?$allocator@D@2@@std@@XZ,"public: class std::basic_string<char, struct std::char_traits<char>, class std::allocator<char>> const & __cdecl Assimp::RemoveRedundantMatsProcess::GetFixedMaterialsString(void) const",method,Assimp,RemoveRedundantMatsProcess,GetFixedMaterialsString,void,True,False,False,False,False,False,True
411,410,0x19A,?GetIOHandler@Exporter@Assimp@@QEBAPEAVIOSystem@2@XZ,public: class Assimp::IOSystem * __cdecl Assimp::Exporter::GetIOHandler(void) const,method,Assimp,Exporter,GetIOHandler,void,True,False,False,False,False,False,True
412,411,0x19B,?GetIOHandler@Importer@Assimp@@QEBAPEAVIOSystem@2@XZ,public: class Assimp::IOSystem * __cdecl Assimp::Importer::GetIOHandler(void) const,method,Assimp,Importer,GetIOHandler,void,True,False,False,False,False,False,True
413,412,0x19C,?GetImport@BatchLoader@Assimp@@QEAAPEAUaiScene@@I@Z,public: struct aiScene * __cdecl Assimp::BatchLoader::GetImport(unsigned int),method,Assimp,BatchLoader,GetImport,unsigned int,False,False,False,False,False,False,True
414,413,0x19D,?GetImporter@Importer@Assimp@@QEBAPEAVBaseImporter@2@PEBD@Z,public: class Assimp::BaseImporter * __cdecl Assimp::Importer::GetImporter(char const *) const,method,Assimp,Importer,GetImporter,char const *,True,False,False,False,False,False,True
415,414,0x19E,?GetImporter@Importer@Assimp@@QEBAPEAVBaseImporter@2@_K@Z,public: class Assimp::BaseImporter * __cdecl Assimp::Importer::GetImporter(unsigned __int64) const,method,Assimp,Importer,GetImporter,unsigned __int64,True,False,False,False,False,False,True
416,415,0x19F,?GetImporterCount@Importer@Assimp@@QEBA_KXZ,public: unsigned __int64 __cdecl Assimp::Importer::GetImporterCount(void) const,method,Assimp,Importer,GetImporterCount,void,True,False,False,False,False,False,True
417,416,0x1A0,?GetImporterIndex@Importer@Assimp@@QEBA_KPEBD@Z,public: unsigned __int64 __cdecl Assimp::Importer::GetImporterIndex(char const *) const,method,Assimp,Importer,GetImporterIndex,char const *,True,False,False,False,False,False,True
418,417,0x1A1,?GetImporterInfo@Importer@Assimp@@QEBAPEBUaiImporterDesc@@_K@Z,public: struct aiImporterDesc const * __cdecl Assimp::Importer::GetImporterInfo(unsigned __int64) const,method,Assimp,Importer,GetImporterInfo,unsigned __int64,True,False,False,False,False,False,True
419,418,0x1A2,?GetInfo@SIBImporter@Assimp@@MEBAPEBUaiImporterDesc@@XZ,protected: virtual struct aiImporterDesc const * __cdecl Assimp::SIBImporter::GetInfo(void) const,method,Assimp,SIBImporter,GetInfo,void,True,False,True,False,False,False,True
420,419,0x1A3,?GetInfo@SMDImporter@Assimp@@MEBAPEBUaiImporterDesc@@XZ,protected: virtual struct aiImporterDesc const * __cdecl Assimp::SMDImporter::GetInfo(void) const,method,Assimp,SMDImporter,GetInfo,void,True,False,True,False,False,False,True
421,420,0x1A4,?GetLimit@SplitLargeMeshesProcess_Triangle@Assimp@@QEBAIXZ,public: unsigned int __cdecl Assimp::SplitLargeMeshesProcess_Triangle::GetLimit(void) const,method,Assimp,SplitLargeMeshesProcess_Triangle,GetLimit,void,True,False,False,False,False,False,True
422,421,0x1A5,?GetLimit@SplitLargeMeshesProcess_Vertex@Assimp@@QEBAIXZ,public: unsigned int __cdecl Assimp::SplitLargeMeshesProcess_Vertex::GetLimit(void) const,method,Assimp,SplitLargeMeshesProcess_Vertex,GetLimit,void,True,False,False,False,False,False,True
423,422,0x1A6,?GetMemoryRequirements@Importer@Assimp@@QEBAXAEAUaiMemoryInfo@@@Z,public: void __cdecl Assimp::Importer::GetMemoryRequirements(struct aiMemoryInfo &) const,method,Assimp,Importer,GetMemoryRequirements,struct aiMemoryInfo &,True,False,False,False,False,False,True
424,423,0x1A7,?GetMeshVFormat@PretransformVertices@Assimp@@AEAAIPEAUaiMesh@@@Z,private: unsigned int __cdecl Assimp::PretransformVertices::GetMeshVFormat(struct aiMesh *),method,Assimp,PretransformVertices,GetMeshVFormat,struct aiMesh *,False,False,False,False,False,False,True
425,424,0x1A8,?GetModel@ObjFileParser@Assimp@@QEBAPEAUModel@ObjFile@2@XZ,public: struct Assimp::ObjFile::Model * __cdecl Assimp::ObjFileParser::GetModel(void) const,method,Assimp,ObjFileParser,GetModel,void,True,False,False,False,False,False,True
426,425,0x1A9,?GetName@aiMaterial@@QEAA?AUaiString@@XZ,public: struct aiString __cdecl aiMaterial::GetName(void),method,,aiMaterial,GetName,void,False,False,False,False,False,False,True
427,426,0x1AA,?GetNumTrianglesPtr@VertexTriangleAdjacency@Assimp@@QEAAAEAII@Z,public: unsigned int & __cdecl Assimp::VertexTriangleAdjacency::GetNumTrianglesPtr(unsigned int),method,Assimp,VertexTriangleAdjacency,GetNumTrianglesPtr,unsigned int,False,False,False,False,False,False,True
428,427,0x1AB,?GetOrphanedBlob@Exporter@Assimp@@QEBAPEBUaiExportDataBlob@@XZ,public: struct aiExportDataBlob const * __cdecl Assimp::Exporter::GetOrphanedBlob(void) const,method,Assimp,Exporter,GetOrphanedBlob,void,True,False,False,False,False,False,True
429,428,0x1AC,?GetOrphanedScene@Importer@Assimp@@QEAAPEAUaiScene@@XZ,public: struct aiScene * __cdecl Assimp::Importer::GetOrphanedScene(void),method,Assimp,Importer,GetOrphanedScene,void,False,False,False,False,False,False,True
430,429,0x1AD,?GetProgressHandler@Importer@Assimp@@QEBAPEAVProgressHandler@2@XZ,public: class Assimp::ProgressHandler * __cdecl Assimp::Importer::GetProgressHandler(void) const,method,Assimp,Importer,GetProgressHandler,void,True,False,False,False,False,False,True
431,430,0x1AE,?GetPropertyBool@ExportProperties@Assimp@@QEBA_NPEBD_N@Z,"public: bool __cdecl Assimp::ExportProperties::GetPropertyBool(char const *, bool) const",method,Assimp,ExportProperties,GetPropertyBool,"char const *, bool",True,False,False,False,False,False,True
432,431,0x1AF,?GetPropertyBool@Importer@Assimp@@QEBA_NPEBD_N@Z,"public: bool __cdecl Assimp::Importer::GetPropertyBool(char const *, bool) const",method,Assimp,Importer,GetPropertyBool,"char const *, bool",True,False,False,False,False,False,True
433,432,0x1B0,?GetPropertyFloat@ExportProperties@Assimp@@QEBAMPEBDM@Z,"public: float __cdecl Assimp::ExportProperties::GetPropertyFloat(char const *, float) const",method,Assimp,ExportProperties,GetPropertyFloat,"char const *, float",True,False,False,False,False,False,True
434,433,0x1B1,?GetPropertyFloat@Importer@Assimp@@QEBAMPEBDM@Z,"public: float __cdecl Assimp::Importer::GetPropertyFloat(char const *, float) const",method,Assimp,Importer,GetPropertyFloat,"char const *, float",True,False,False,False,False,False,True
435,434,0x1B2,?GetPropertyInteger@ExportProperties@Assimp@@QEBAHPEBDH@Z,"public: int __cdecl Assimp::ExportProperties::GetPropertyInteger(char const *, int) const",method,Assimp,ExportProperties,GetPropertyInteger,"char const *, int",True,False,False,False,False,False,True
436,435,0x1B3,?GetPropertyInteger@Importer@Assimp@@QEBAHPEBDH@Z,"public: int __cdecl Assimp::Importer::GetPropertyInteger(char const *, int) const",method,Assimp,Importer,GetPropertyInteger,"char const *, int",True,False,False,False,False,False,True
437,436,0x1B4,?GetPropertyMatrix@ExportProperties@Assimp@@QEBA?BV?$aiMatrix4x4t@M@@PEBDAEBV3@@Z,"public: class aiMatrix4x4t<float> const __cdecl Assimp::ExportProperties::GetPropertyMatrix(char const *, class aiMatrix4x4t<float> const &) const",method,Assimp,ExportProperties,GetPropertyMatrix,"char const *, class aiMatrix4x4t<float> const &",True,False,False,False,False,False,True
438,437,0x1B5,?GetPropertyMatrix@Importer@Assimp@@QEBA?BV?$aiMatrix4x4t@M@@PEBDAEBV3@@Z,"public: class aiMatrix4x4t<float> const __cdecl Assimp::Importer::GetPropertyMatrix(char const *, class aiMatrix4x4t<float> const &) const",method,Assimp,Importer,GetPropertyMatrix,"char const *, class aiMatrix4x4t<float> const &",True,False,False,False,False,False,True
439,438,0x1B6,?GetPropertyString@ExportProperties@Assimp@@QEBA?BV?$basic_string@DU?$char_traits@D@std@@V?$allocator@D@2@@std@@PEBDAEBV34@@Z,"public: class std::basic_string<char, struct std::char_traits<char>, class std::allocator<char>> const __cdecl Assimp::ExportProperties::GetPropertyString(char const *, class std::basic_string<char, struct std::char_traits<char>, class std::allocator<char>> const &) const",method,Assimp,ExportProperties,GetPropertyString,"char const *, class std::basic_string<char, struct std::char_traits<char>, class std::allocator<char>> const &",True,False,False,False,False,False,True
440,439,0x1B7,?GetPropertyString@Importer@Assimp@@QEBA?BV?$basic_string@DU?$char_traits@D@std@@V?$allocator@D@2@@std@@PEBDAEBV34@@Z,"public: class std::basic_string<char, struct std::char_traits<char>, class std::allocator<char>> const __cdecl Assimp::Importer::GetPropertyString(char const *, class std::basic_string<char, struct std::char_traits<char>, class std::allocator<char>> const &) const",method,Assimp,Importer,GetPropertyString,"char const *, class std::basic_string<char, struct std::char_traits<char>, class std::allocator<char>> const &",True,False,False,False,False,False,True
441,440,0x1B8,?GetScene@Importer@Assimp@@QEBAPEBUaiScene@@XZ,public: struct aiScene const * __cdecl Assimp::Importer::GetScene(void) const,method,Assimp,Importer,GetScene,void,True,False,False,False,False,False,True
442,441,0x1B9,?GetSharedData@BaseProcess@Assimp@@QEAAPEAVSharedPostProcessInfo@2@XZ,public: class Assimp::SharedPostProcessInfo * __cdecl Assimp::BaseProcess::GetSharedData(void),method,Assimp,BaseProcess,GetSharedData,void,False,False,False,False,False,False,True
443,442,0x1BA,?GetTexture@aiMaterial@@QEBA?AW4aiReturn@@W4aiTextureType@@IPEAUaiString@@PEAW4aiTextureMapping@@PEAIPEAMPEAW4aiTextureOp@@PEAW4aiTextureMapMode@@@Z,"public: enum aiReturn __cdecl aiMaterial::GetTexture(enum aiTextureType, unsigned int, struct aiString *, enum aiTextureMapping *, unsigned int *, float *, enum aiTextureOp *, enum aiTextureMapMode *) const",method,,aiMaterial,GetTexture,"enum aiTextureType, unsigned int, struct aiString *, enum aiTextureMapping *, unsigned int *, float *, enum aiTextureOp *, enum aiTextureMapMode *",True,False,False,False,False,False,True
444,443,0x1BB,?GetTextureCount@aiMaterial@@QEBAIW4aiTextureType@@@Z,public: unsigned int __cdecl aiMaterial::GetTextureCount(enum aiTextureType) const,method,,aiMaterial,GetTextureCount,enum aiTextureType,True,False,False,False,False,False,True
445,444,0x1BC,?GetTextureIndex@SMDImporter@Assimp@@IEAAIAEBV?$basic_string@DU?$char_traits@D@std@@V?$allocator@D@2@@std@@@Z,"protected: unsigned int __cdecl Assimp::SMDImporter::GetTextureIndex(class std::basic_string<char, struct std::char_traits<char>, class std::allocator<char>> const &)",method,Assimp,SMDImporter,GetTextureIndex,"class std::basic_string<char, struct std::char_traits<char>, class std::allocator<char>> const &",False,False,False,False,False,False,True
446,445,0x1BD,?GetThreadID@DefaultLogger@Assimp@@AEAAIXZ,private: unsigned int __cdecl Assimp::DefaultLogger::GetThreadID(void),method,Assimp,DefaultLogger,GetThreadID,void,False,False,False,False,False,False,True
447,446,0x1BE,?GetVFormatList@PretransformVertices@Assimp@@AEAAXPEAUaiScene@@IAEAV?$list@IV?$allocator@I@std@@@std@@@Z,"private: void __cdecl Assimp::PretransformVertices::GetVFormatList(struct aiScene *, unsigned int, class std::list<unsigned int, class std::allocator<unsigned int>> &)",method,Assimp,PretransformVertices,GetVFormatList,"struct aiScene *, unsigned int, class std::list<unsigned int, class std::allocator<unsigned int>> &",False,False,False,False,False,False,True
448,447,0x1BF,?HasPropertyBool@ExportProperties@Assimp@@QEBA_NPEBD@Z,public: bool __cdecl Assimp::ExportProperties::HasPropertyBool(char const *) const,method,Assimp,ExportProperties,HasPropertyBool,char const *,True,False,False,False,False,False,True
449,448,0x1C0,?HasPropertyFloat@ExportProperties@Assimp@@QEBA_NPEBD@Z,public: bool __cdecl Assimp::ExportProperties::HasPropertyFloat(char const *) const,method,Assimp,ExportProperties,HasPropertyFloat,char const *,True,False,False,False,False,False,True
450,449,0x1C1,?HasPropertyInteger@ExportProperties@Assimp@@QEBA_NPEBD@Z,public: bool __cdecl Assimp::ExportProperties::HasPropertyInteger(char const *) const,method,Assimp,ExportProperties,HasPropertyInteger,char const *,True,False,False,False,False,False,True
451,450,0x1C2,?HasPropertyMatrix@ExportProperties@Assimp@@QEBA_NPEBD@Z,public: bool __cdecl Assimp::ExportProperties::HasPropertyMatrix(char const *) const,method,Assimp,ExportProperties,HasPropertyMatrix,char const *,True,False,False,False,False,False,True
452,451,0x1C3,?HasPropertyString@ExportProperties@Assimp@@QEBA_NPEBD@Z,public: bool __cdecl Assimp::ExportProperties::HasPropertyString(char const *) const,method,Assimp,ExportProperties,HasPropertyString,char const *,True,False,False,False,False,False,True
453,452,0x1C4,?InternReadFile@SIBImporter@Assimp@@MEAAXAEBV?$basic_string@DU?$char_traits@D@std@@V?$allocator@D@2@@std@@PEAUaiScene@@PEAVIOSystem@2@@Z,"protected: virtual void __cdecl Assimp::SIBImporter::InternReadFile(class std::basic_string<char, struct std::char_traits<char>, class std::allocator<char>> const &, struct aiScene *, class Assimp::IOSystem *)",method,Assimp,SIBImporter,InternReadFile,"class std::basic_string<char, struct std::char_traits<char>, class std::allocator<char>> const &, struct aiScene *, class Assimp::IOSystem *",False,False,True,False,False,False,True
454,453,0x1C5,?InternReadFile@SMDImporter@Assimp@@MEAAXAEBV?$basic_string@DU?$char_traits@D@std@@V?$allocator@D@2@@std@@PEAUaiScene@@PEAVIOSystem@2@@Z,"protected: virtual void __cdecl Assimp::SMDImporter::InternReadFile(class std::basic_string<char, struct std::char_traits<char>, class std::allocator<char>> const &, struct aiScene *, class Assimp::IOSystem *)",method,Assimp,SMDImporter,InternReadFile,"class std::basic_string<char, struct std::char_traits<char>, class std::allocator<char>> const &, struct aiScene *, class Assimp::IOSystem *",False,False,True,False,False,False,True
455,454,0x1C6,?IsActive@CalcTangentsProcess@Assimp@@UEBA_NI@Z,public: virtual bool __cdecl Assimp::CalcTangentsProcess::IsActive(unsigned int) const,method,Assimp,CalcTangentsProcess,IsActive,unsigned int,True,False,True,False,False,False,True
456,455,0x1C7,?IsActive@EmbedTexturesProcess@Assimp@@UEBA_NI@Z,public: virtual bool __cdecl Assimp::EmbedTexturesProcess::IsActive(unsigned int) const,method,Assimp,EmbedTexturesProcess,IsActive,unsigned int,True,False,True,False,False,False,True
457,456,0x1C8,?IsActive@FindDegeneratesProcess@Assimp@@UEBA_NI@Z,public: virtual bool __cdecl Assimp::FindDegeneratesProcess::IsActive(unsigned int) const,method,Assimp,FindDegeneratesProcess,IsActive,unsigned int,True,False,True,False,False,False,True
458,457,0x1C9,?IsActive@FindInvalidDataProcess@Assimp@@UEBA_NI@Z,public: virtual bool __cdecl Assimp::FindInvalidDataProcess::IsActive(unsigned int) const,method,Assimp,FindInvalidDataProcess,IsActive,unsigned int,True,False,True,False,False,False,True
459,458,0x1CA,?IsActive@GenFaceNormalsProcess@Assimp@@UEBA_NI@Z,public: virtual bool __cdecl Assimp::GenFaceNormalsProcess::IsActive(unsigned int) const,method,Assimp,GenFaceNormalsProcess,IsActive,unsigned int,True,False,True,False,False,False,True
460,459,0x1CB,?IsActive@GenVertexNormalsProcess@Assimp@@UEBA_NI@Z,public: virtual bool __cdecl Assimp::GenVertexNormalsProcess::IsActive(unsigned int) const,method,Assimp,GenVertexNormalsProcess,IsActive,unsigned int,True,False,True,False,False,False,True
461,460,0x1CC,?IsActive@JoinVerticesProcess@Assimp@@UEBA_NI@Z,public: virtual bool __cdecl Assimp::JoinVerticesProcess::IsActive(unsigned int) const,method,Assimp,JoinVerticesProcess,IsActive,unsigned int,True,False,True,False,False,False,True
462,461,0x1CD,?IsActive@LimitBoneWeightsProcess@Assimp@@UEBA_NI@Z,public: virtual bool __cdecl Assimp::LimitBoneWeightsProcess::IsActive(unsigned int) const,method,Assimp,LimitBoneWeightsProcess,IsActive,unsigned int,True,False,True,False,False,False,True
463,462,0x1CE,?IsActive@MakeVerboseFormatProcess@Assimp@@UEBA_NI@Z,public: virtual bool __cdecl Assimp::MakeVerboseFormatProcess::IsActive(unsigned int) const,method,Assimp,MakeVerboseFormatProcess,IsActive,unsigned int,True,False,True,False,False,False,True
464,463,0x1CF,?IsActive@PretransformVertices@Assimp@@UEBA_NI@Z,public: virtual bool __cdecl Assimp::PretransformVertices::IsActive(unsigned int) const,method,Assimp,PretransformVertices,IsActive,unsigned int,True,False,True,False,False,False,True
465,464,0x1D0,?IsActive@RemoveRedundantMatsProcess@Assimp@@UEBA_NI@Z,public: virtual bool __cdecl Assimp::RemoveRedundantMatsProcess::IsActive(unsigned int) const,method,Assimp,RemoveRedundantMatsProcess,IsActive,unsigned int,True,False,True,False,False,False,True
466,465,0x1D1,?IsActive@RemoveVCProcess@Assimp@@UEBA_NI@Z,public: virtual bool __cdecl Assimp::RemoveVCProcess::IsActive(unsigned int) const,method,Assimp,RemoveVCProcess,IsActive,unsigned int,True,False,True,False,False,False,True
467,466,0x1D2,?IsActive@ScaleProcess@Assimp@@UEBA_NI@Z,public: virtual bool __cdecl Assimp::ScaleProcess::IsActive(unsigned int) const,method,Assimp,ScaleProcess,IsActive,unsigned int,True,False,True,False,False,False,True
468,467,0x1D3,?IsActive@SortByPTypeProcess@Assimp@@UEBA_NI@Z,public: virtual bool __cdecl Assimp::SortByPTypeProcess::IsActive(unsigned int) const,method,Assimp,SortByPTypeProcess,IsActive,unsigned int,True,False,True,False,False,False,True
469,468,0x1D4,?IsActive@SplitLargeMeshesProcess_Triangle@Assimp@@UEBA_NI@Z,public: virtual bool __cdecl Assimp::SplitLargeMeshesProcess_Triangle::IsActive(unsigned int) const,method,Assimp,SplitLargeMeshesProcess_Triangle,IsActive,unsigned int,True,False,True,False,False,False,True
470,469,0x1D5,?IsActive@SplitLargeMeshesProcess_Vertex@Assimp@@UEBA_NI@Z,public: virtual bool __cdecl Assimp::SplitLargeMeshesProcess_Vertex::IsActive(unsigned int) const,method,Assimp,SplitLargeMeshesProcess_Vertex,IsActive,unsigned int,True,False,True,False,False,False,True
471,470,0x1D6,?IsActive@TriangulateProcess@Assimp@@UEBA_NI@Z,public: virtual bool __cdecl Assimp::TriangulateProcess::IsActive(unsigned int) const,method,Assimp,TriangulateProcess,IsActive,unsigned int,True,False,True,False,False,False,True
472,471,0x1D7,?IsDefaultIOHandler@Exporter@Assimp@@QEBA_NXZ,public: bool __cdecl Assimp::Exporter::IsDefaultIOHandler(void) const,method,Assimp,Exporter,IsDefaultIOHandler,void,True,False,False,False,False,False,True
473,472,0x1D8,?IsDefaultIOHandler@Importer@Assimp@@QEBA_NXZ,public: bool __cdecl Assimp::Importer::IsDefaultIOHandler(void) const,method,Assimp,Importer,IsDefaultIOHandler,void,True,False,False,False,False,False,True
474,473,0x1D9,?IsDefaultProgressHandler@Importer@Assimp@@QEBA_NXZ,public: bool __cdecl Assimp::Importer::IsDefaultProgressHandler(void) const,method,Assimp,Importer,IsDefaultProgressHandler,void,True,False,False,False,False,False,True
475,474,0x1DA,?IsExtensionSupported@Importer@Assimp@@QEBA_NAEBV?$basic_string@DU?$char_traits@D@std@@V?$allocator@D@2@@std@@@Z,"public: bool __cdecl Assimp::Importer::IsExtensionSupported(class std::basic_string<char, struct std::char_traits<char>, class std::allocator<char>> const &) const",method,Assimp,Importer,IsExtensionSupported,"class std::basic_string<char, struct std::char_traits<char>, class std::allocator<char>> const &",True,False,False,False,False,False,True
476,475,0x1DB,?IsExtensionSupported@Importer@Assimp@@QEBA_NPEBD@Z,public: bool __cdecl Assimp::Importer::IsExtensionSupported(char const *) const,method,Assimp,Importer,IsExtensionSupported,char const *,True,False,False,False,False,False,True
477,476,0x1DC,?IsHierarchyKept@PretransformVertices@Assimp@@QEBA_NXZ,public: bool __cdecl Assimp::PretransformVertices::IsHierarchyKept(void) const,method,Assimp,PretransformVertices,IsHierarchyKept,void,True,False,False,False,False,False,True
478,477,0x1DD,?IsInstantRemoval@FindDegeneratesProcess@Assimp@@QEBA_NXZ,public: bool __cdecl Assimp::FindDegeneratesProcess::IsInstantRemoval(void) const,method,Assimp,FindDegeneratesProcess,IsInstantRemoval,void,True,False,False,False,False,False,True
479,478,0x1DE,?KeepHierarchy@PretransformVertices@Assimp@@QEAAX_N@Z,public: void __cdecl Assimp::PretransformVertices::KeepHierarchy(bool),method,Assimp,PretransformVertices,KeepHierarchy,bool,False,False,False,False,False,False,True
480,479,0x1DF,?LoadAll@BatchLoader@Assimp@@QEAAXXZ,public: void __cdecl Assimp::BatchLoader::LoadAll(void),method,Assimp,BatchLoader,LoadAll,void,False,False,False,False,False,False,True
481,480,0x1E0,?LogErrorNoThrow@SMDImporter@Assimp@@IEAAXPEBD@Z,protected: void __cdecl Assimp::SMDImporter::LogErrorNoThrow(char const *),method,Assimp,SMDImporter,LogErrorNoThrow,char const *,False,False,False,False,False,False,True
482,481,0x1E1,?LogWarning@SMDImporter@Assimp@@IEAAXPEBD@Z,protected: void __cdecl Assimp::SMDImporter::LogWarning(char const *),method,Assimp,SMDImporter,LogWarning,char const *,False,False,False,False,False,False,True
483,482,0x1E2,?MakeCircle@StandardShapes@Assimp@@SAXMIAEAV?$vector@V?$aiVector3t@M@@V?$allocator@V?$aiVector3t@M@@@std@@@std@@@Z,"public: static void __cdecl Assimp::StandardShapes::MakeCircle(float, unsigned int, class std::vector<class aiVector3t<float>, class std::allocator<class aiVector3t<float>>> &)",method,Assimp,StandardShapes,MakeCircle,"float, unsigned int, class std::vector<class aiVector3t<float>, class std::allocator<class aiVector3t<float>>> &",False,True,False,False,False,False,True
484,483,0x1E3,?MakeCone@StandardShapes@Assimp@@SAXMMMIAEAV?$vector@V?$aiVector3t@M@@V?$allocator@V?$aiVector3t@M@@@std@@@std@@_N@Z,"public: static void __cdecl Assimp::StandardShapes::MakeCone(float, float, float, unsigned int, class std::vector<class aiVector3t<float>, class std::allocator<class aiVector3t<float>>> &, bool)",method,Assimp,StandardShapes,MakeCone,"float, float, float, unsigned int, class std::vector<class aiVector3t<float>, class std::allocator<class aiVector3t<float>>> &, bool",False,True,False,False,False,False,True
485,484,0x1E4,?MakeDodecahedron@StandardShapes@Assimp@@SAIAEAV?$vector@V?$aiVector3t@M@@V?$allocator@V?$aiVector3t@M@@@std@@@std@@_N@Z,"public: static unsigned int __cdecl Assimp::StandardShapes::MakeDodecahedron(class std::vector<class aiVector3t<float>, class std::allocator<class aiVector3t<float>>> &, bool)",method,Assimp,StandardShapes,MakeDodecahedron,"class std::vector<class aiVector3t<float>, class std::allocator<class aiVector3t<float>>> &, bool",False,True,False,False,False,False,True
486,485,0x1E5,?MakeHexahedron@StandardShapes@Assimp@@SAIAEAV?$vector@V?$aiVector3t@M@@V?$allocator@V?$aiVector3t@M@@@std@@@std@@_N@Z,"public: static unsigned int __cdecl Assimp::StandardShapes::MakeHexahedron(class std::vector<class aiVector3t<float>, class std::allocator<class aiVector3t<float>>> &, bool)",method,Assimp,StandardShapes,MakeHexahedron,"class std::vector<class aiVector3t<float>, class std::allocator<class aiVector3t<float>>> &, bool",False,True,False,False,False,False,True
487,486,0x1E6,?MakeIcosahedron@StandardShapes@Assimp@@SAIAEAV?$vector@V?$aiVector3t@M@@V?$allocator@V?$aiVector3t@M@@@std@@@std@@@Z,"public: static unsigned int __cdecl Assimp::StandardShapes::MakeIcosahedron(class std::vector<class aiVector3t<float>, class std::allocator<class aiVector3t<float>>> &)",method,Assimp,StandardShapes,MakeIcosahedron,"class std::vector<class aiVector3t<float>, class std::allocator<class aiVector3t<float>>> &",False,True,False,False,False,False,True
488,487,0x1E7,?MakeIdentityTransform@PretransformVertices@Assimp@@AEAAXPEAUaiNode@@@Z,private: void __cdecl Assimp::PretransformVertices::MakeIdentityTransform(struct aiNode *),method,Assimp,PretransformVertices,MakeIdentityTransform,struct aiNode *,False,False,False,False,False,False,True
489,488,0x1E8,?MakeMesh@StandardShapes@Assimp@@SAPEAUaiMesh@@AEBV?$vector@V?$aiVector3t@M@@V?$allocator@V?$aiVector3t@M@@@std@@@std@@I@Z,"public: static struct aiMesh * __cdecl Assimp::StandardShapes::MakeMesh(class std::vector<class aiVector3t<float>, class std::allocator<class aiVector3t<float>>> const &, unsigned int)",method,Assimp,StandardShapes,MakeMesh,"class std::vector<class aiVector3t<float>, class std::allocator<class aiVector3t<float>>> const &, unsigned int",False,True,False,False,False,False,True
490,489,0x1E9,?MakeMesh@StandardShapes@Assimp@@SAPEAUaiMesh@@IP6AXIAEAV?$vector@V?$aiVector3t@M@@V?$allocator@V?$aiVector3t@M@@@std@@@std@@@Z@Z,"public: static struct aiMesh * __cdecl Assimp::StandardShapes::MakeMesh(unsigned int, void (__cdecl *)(unsigned int, class std::vector<class aiVector3t<float>, class std::allocator<class aiVector3t<float>>> &))",method,Assimp,StandardShapes,MakeMesh,"unsigned int, void (__cdecl *)(unsigned int, class std::vector<class aiVector3t<float>, class std::allocator<class aiVector3t<float>>> &)",False,True,False,False,False,False,True
491,490,0x1EA,?MakeMesh@StandardShapes@Assimp@@SAPEAUaiMesh@@P6AIAEAV?$vector@V?$aiVector3t@M@@V?$allocator@V?$aiVector3t@M@@@std@@@std@@@Z@Z,"public: static struct aiMesh * __cdecl Assimp::StandardShapes::MakeMesh(unsigned int (__cdecl *)(class std::vector<class aiVector3t<float>, class std::allocator<class aiVector3t<float>>> &))",method,Assimp,StandardShapes,MakeMesh,"unsigned int (__cdecl *)(class std::vector<class aiVector3t<float>, class std::allocator<class aiVector3t<float>>> &)",False,True,False,False,False,False,True
492,491,0x1EB,?MakeMesh@StandardShapes@Assimp@@SAPEAUaiMesh@@P6AIAEAV?$vector@V?$aiVector3t@M@@V?$allocator@V?$aiVector3t@M@@@std@@@std@@_N@Z@Z,"public: static struct aiMesh * __cdecl Assimp::StandardShapes::MakeMesh(unsigned int (__cdecl *)(class std::vector<class aiVector3t<float>, class std::allocator<class aiVector3t<float>>> &, bool))",method,Assimp,StandardShapes,MakeMesh,"unsigned int (__cdecl *)(class std::vector<class aiVector3t<float>, class std::allocator<class aiVector3t<float>>> &, bool)",False,True,False,False,False,False,True
493,492,0x1EC,?MakeOctahedron@StandardShapes@Assimp@@SAIAEAV?$vector@V?$aiVector3t@M@@V?$allocator@V?$aiVector3t@M@@@std@@@std@@@Z,"public: static unsigned int __cdecl Assimp::StandardShapes::MakeOctahedron(class std::vector<class aiVector3t<float>, class std::allocator<class aiVector3t<float>>> &)",method,Assimp,StandardShapes,MakeOctahedron,"class std::vector<class aiVector3t<float>, class std::allocator<class aiVector3t<float>>> &",False,True,False,False,False,False,True
494,493,0x1ED,?MakeSphere@StandardShapes@Assimp@@SAXIAEAV?$vector@V?$aiVector3t@M@@V?$allocator@V?$aiVector3t@M@@@std@@@std@@@Z,"public: static void __cdecl Assimp::StandardShapes::MakeSphere(unsigned int, class std::vector<class aiVector3t<float>, class std::allocator<class aiVector3t<float>>> &)",method,Assimp,StandardShapes,MakeSphere,"unsigned int, class std::vector<class aiVector3t<float>, class std::allocator<class aiVector3t<float>>> &",False,True,False,False,False,False,True
495,494,0x1EE,?MakeTetrahedron@StandardShapes@Assimp@@SAIAEAV?$vector@V?$aiVector3t@M@@V?$allocator@V?$aiVector3t@M@@@std@@@std@@@Z,"public: static unsigned int __cdecl Assimp::StandardShapes::MakeTetrahedron(class std::vector<class aiVector3t<float>, class std::allocator<class aiVector3t<float>>> &)",method,Assimp,StandardShapes,MakeTetrahedron,"class std::vector<class aiVector3t<float>, class std::allocator<class aiVector3t<float>>> &",False,True,False,False,False,False,True
496,495,0x1EF,?MakeVerboseFormat@MakeVerboseFormatProcess@Assimp@@AEAA_NPEAUaiMesh@@@Z,private: bool __cdecl Assimp::MakeVerboseFormatProcess::MakeVerboseFormat(struct aiMesh *),method,Assimp,MakeVerboseFormatProcess,MakeVerboseFormat,struct aiMesh *,False,False,False,False,False,False,True
497,496,0x1F0,?MaxLenHint@Importer@Assimp@@2IB,public: static unsigned int const Assimp::Importer::MaxLenHint,symbol,,,,,False,False,False,False,False,False,True
498,497,0x1F1,?MergeBones@SceneCombiner@Assimp@@SAXPEAUaiMesh@@V?$_Vector_const_iterator@V?$_Vector_val@U?$_Simple_types@PEAUaiMesh@@@std@@@std@@@std@@1@Z,"public: static void __cdecl Assimp::SceneCombiner::MergeBones(struct aiMesh *, class std::_Vector_const_iterator<class std::_Vector_val<struct std::_Simple_types<struct aiMesh *>>>, class std::_Vector_const_iterator<class std::_Vector_val<struct std::_Simple_types<struct aiMesh *>>>)",method,Assimp,SceneCombiner,MergeBones,"struct aiMesh *, class std::_Vector_const_iterator<class std::_Vector_val<struct std::_Simple_types<struct aiMesh *>>>, class std::_Vector_const_iterator<class std::_Vector_val<struct std::_Simple_types<struct aiMesh *>>>",False,True,False,False,False,False,True
499,498,0x1F2,?MergeMaterials@SceneCombiner@Assimp@@SAXPEAPEAUaiMaterial@@V?$_Vector_const_iterator@V?$_Vector_val@U?$_Simple_types@PEAUaiMaterial@@@std@@@std@@@std@@1@Z,"public: static void __cdecl Assimp::SceneCombiner::MergeMaterials(struct aiMaterial **, class std::_Vector_const_iterator<class std::_Vector_val<struct std::_Simple_types<struct aiMaterial *>>>, class std::_Vector_const_iterator<class std::_Vector_val<struct std::_Simple_types<struct aiMaterial *>>>)",method,Assimp,SceneCombiner,MergeMaterials,"struct aiMaterial **, class std::_Vector_const_iterator<class std::_Vector_val<struct std::_Simple_types<struct aiMaterial *>>>, class std::_Vector_const_iterator<class std::_Vector_val<struct std::_Simple_types<struct aiMaterial *>>>",False,True,False,False,False,False,True
500,499,0x1F3,?MergeMeshes@SceneCombiner@Assimp@@SAXPEAPEAUaiMesh@@IV?$_Vector_const_iterator@V?$_Vector_val@U?$_Simple_types@PEAUaiMesh@@@std@@@std@@@std@@1@Z,"public: static void __cdecl Assimp::SceneCombiner::MergeMeshes(struct aiMesh **, unsigned int, class std::_Vector_const_iterator<class std::_Vector_val<struct std::_Simple_types<struct aiMesh *>>>, class std::_Vector_const_iterator<class std::_Vector_val<struct std::_Simple_types<struct aiMesh *>>>)",method,Assimp,SceneCombiner,MergeMeshes,"struct aiMesh **, unsigned int, class std::_Vector_const_iterator<class std::_Vector_val<struct std::_Simple_types<struct aiMesh *>>>, class std::_Vector_const_iterator<class std::_Vector_val<struct std::_Simple_types<struct aiMesh *>>>",False,True,False,False,False,False,True
501,500,0x1F4,?MergeScenes@SceneCombiner@Assimp@@SAXPEAPEAUaiScene@@AEAV?$vector@PEAUaiScene@@V?$allocator@PEAUaiScene@@@std@@@std@@I@Z,"public: static void __cdecl Assimp::SceneCombiner::MergeScenes(struct aiScene **, class std::vector<struct aiScene *, class std::allocator<struct aiScene *>> &, unsigned int)",method,Assimp,SceneCombiner,MergeScenes,"struct aiScene **, class std::vector<struct aiScene *, class std::allocator<struct aiScene *>> &, unsigned int",False,True,False,False,False,False,True
502,501,0x1F5,?MergeScenes@SceneCombiner@Assimp@@SAXPEAPEAUaiScene@@PEAU3@AEAV?$vector@UAttachmentInfo@Assimp@@V?$allocator@UAttachmentInfo@Assimp@@@std@@@std@@I@Z,"public: static void __cdecl Assimp::SceneCombiner::MergeScenes(struct aiScene **, struct aiScene *, class std::vector<struct Assimp::AttachmentInfo, class std::allocator<struct Assimp::AttachmentInfo>> &, unsigned int)",method,Assimp,SceneCombiner,MergeScenes,"struct aiScene **, struct aiScene *, class std::vector<struct Assimp::AttachmentInfo, class std::allocator<struct Assimp::AttachmentInfo>> &, unsigned int",False,True,False,False,False,False,True
503,502,0x1F6,?OffsetNodeMeshIndices@SceneCombiner@Assimp@@SAXPEAUaiNode@@I@Z,"public: static void __cdecl Assimp::SceneCombiner::OffsetNodeMeshIndices(struct aiNode *, unsigned int)",method,Assimp,SceneCombiner,OffsetNodeMeshIndices,"struct aiNode *, unsigned int",False,True,False,False,False,False,True
504,503,0x1F7,?OnDebug@DefaultLogger@Assimp@@EEAAXPEBD@Z,private: virtual void __cdecl Assimp::DefaultLogger::OnDebug(char const *),method,Assimp,DefaultLogger,OnDebug,char const *,False,False,True,False,False,False,True
505,504,0x1F8,?OnDebug@NullLogger@Assimp@@UEAAXPEBD@Z,public: virtual void __cdecl Assimp::NullLogger::OnDebug(char const *),method,Assimp,NullLogger,OnDebug,char const *,False,False,True,False,False,False,True
506,505,0x1F9,?OnError@DefaultLogger@Assimp@@EEAAXPEBD@Z,private: virtual void __cdecl Assimp::DefaultLogger::OnError(char const *),method,Assimp,DefaultLogger,OnError,char const *,False,False,True,False,False,False,True
507,506,0x1FA,?OnError@NullLogger@Assimp@@UEAAXPEBD@Z,public: virtual void __cdecl Assimp::NullLogger::OnError(char const *),method,Assimp,NullLogger,OnError,char const *,False,False,True,False,False,False,True
508,507,0x1FB,?OnInfo@DefaultLogger@Assimp@@EEAAXPEBD@Z,private: virtual void __cdecl Assimp::DefaultLogger::OnInfo(char const *),method,Assimp,DefaultLogger,OnInfo,char const *,False,False,True,False,False,False,True
509,508,0x1FC,?OnInfo@NullLogger@Assimp@@UEAAXPEBD@Z,public: virtual void __cdecl Assimp::NullLogger::OnInfo(char const *),method,Assimp,NullLogger,OnInfo,char const *,False,False,True,False,False,False,True
510,509,0x1FD,?OnWarn@DefaultLogger@Assimp@@EEAAXPEBD@Z,private: virtual void __cdecl Assimp::DefaultLogger::OnWarn(char const *),method,Assimp,DefaultLogger,OnWarn,char const *,False,False,True,False,False,False,True
511,510,0x1FE,?OnWarn@NullLogger@Assimp@@UEAAXPEBD@Z,public: virtual void __cdecl Assimp::NullLogger::OnWarn(char const *),method,Assimp,NullLogger,OnWarn,char const *,False,False,True,False,False,False,True
512,511,0x1FF,?Open@DefaultIOSystem@Assimp@@UEAAPEAVIOStream@2@PEBD0@Z,"public: virtual class Assimp::IOStream * __cdecl Assimp::DefaultIOSystem::Open(char const *, char const *)",method,Assimp,DefaultIOSystem,Open,"char const *, char const *",False,False,True,False,False,False,True
513,512,0x200,?Open@IOSystem@Assimp@@QEAAPEAVIOStream@2@AEBV?$basic_string@DU?$char_traits@D@std@@V?$allocator@D@2@@std@@0@Z,"public: class Assimp::IOStream * __cdecl Assimp::IOSystem::Open(class std::basic_string<char, struct std::char_traits<char>, class std::allocator<char>> const &, class std::basic_string<char, struct std::char_traits<char>, class std::allocator<char>> const &)",method,Assimp,IOSystem,Open,"class std::basic_string<char, struct std::char_traits<char>, class std::allocator<char>> const &, class std::basic_string<char, struct std::char_traits<char>, class std::allocator<char>> const &",False,False,False,False,False,False,True
514,513,0x201,?ParseFile@SMDImporter@Assimp@@IEAAXXZ,protected: void __cdecl Assimp::SMDImporter::ParseFile(void),method,Assimp,SMDImporter,ParseFile,void,False,False,False,False,False,False,True
515,514,0x202,?ParseFloat@SMDImporter@Assimp@@IEAA_NPEBDPEAPEBDAEAM@Z,"protected: bool __cdecl Assimp::SMDImporter::ParseFloat(char const *, char const **, float &)",method,Assimp,SMDImporter,ParseFloat,"char const *, char const **, float &",False,False,False,False,False,False,True
516,515,0x203,?ParseNodeInfo@SMDImporter@Assimp@@IEAAXPEBDPEAPEBD@Z,"protected: void __cdecl Assimp::SMDImporter::ParseNodeInfo(char const *, char const **)",method,Assimp,SMDImporter,ParseNodeInfo,"char const *, char const **",False,False,False,False,False,False,True
517,516,0x204,?ParseNodesSection@SMDImporter@Assimp@@IEAAXPEBDPEAPEBD@Z,"protected: void __cdecl Assimp::SMDImporter::ParseNodesSection(char const *, char const **)",method,Assimp,SMDImporter,ParseNodesSection,"char const *, char const **",False,False,False,False,False,False,True
518,517,0x205,?ParseSignedInt@SMDImporter@Assimp@@IEAA_NPEBDPEAPEBDAEAH@Z,"protected: bool __cdecl Assimp::SMDImporter::ParseSignedInt(char const *, char const **, int &)",method,Assimp,SMDImporter,ParseSignedInt,"char const *, char const **, int &",False,False,False,False,False,False,True
519,518,0x206,?ParseSkeletonElement@SMDImporter@Assimp@@IEAAXPEBDPEAPEBDH@Z,"protected: void __cdecl Assimp::SMDImporter::ParseSkeletonElement(char const *, char const **, int)",method,Assimp,SMDImporter,ParseSkeletonElement,"char const *, char const **, int",False,False,False,False,False,False,True
520,519,0x207,?ParseSkeletonSection@SMDImporter@Assimp@@IEAAXPEBDPEAPEBD@Z,"protected: void __cdecl Assimp::SMDImporter::ParseSkeletonSection(char const *, char const **)",method,Assimp,SMDImporter,ParseSkeletonSection,"char const *, char const **",False,False,False,False,False,False,True
521,520,0x208,?ParseTriangle@SMDImporter@Assimp@@IEAAXPEBDPEAPEBD@Z,"protected: void __cdecl Assimp::SMDImporter::ParseTriangle(char const *, char const **)",method,Assimp,SMDImporter,ParseTriangle,"char const *, char const **",False,False,False,False,False,False,True
522,521,0x209,?ParseTrianglesSection@SMDImporter@Assimp@@IEAAXPEBDPEAPEBD@Z,"protected: void __cdecl Assimp::SMDImporter::ParseTrianglesSection(char const *, char const **)",method,Assimp,SMDImporter,ParseTrianglesSection,"char const *, char const **",False,False,False,False,False,False,True
523,522,0x20A,?ParseUnsignedInt@SMDImporter@Assimp@@IEAA_NPEBDPEAPEBDAEAI@Z,"protected: bool __cdecl Assimp::SMDImporter::ParseUnsignedInt(char const *, char const **, unsigned int &)",method,Assimp,SMDImporter,ParseUnsignedInt,"char const *, char const **, unsigned int &",False,False,False,False,False,False,True
524,523,0x20B,?ParseVASection@SMDImporter@Assimp@@IEAAXPEBDPEAPEBD@Z,"protected: void __cdecl Assimp::SMDImporter::ParseVASection(char const *, char const **)",method,Assimp,SMDImporter,ParseVASection,"char const *, char const **",False,False,False,False,False,False,True
525,524,0x20C,?ParseVertex@SMDImporter@Assimp@@IEAAXPEBDPEAPEBDAEAUVertex@SMD@2@_N@Z,"protected: void __cdecl Assimp::SMDImporter::ParseVertex(char const *, char const **, struct Assimp::SMD::Vertex &, bool)",method,Assimp,SMDImporter,ParseVertex,"char const *, char const **, struct Assimp::SMD::Vertex &, bool",False,False,False,False,False,False,True
526,525,0x20D,?Pimpl@Importer@Assimp@@QEAAPEAVImporterPimpl@2@XZ,public: class Assimp::ImporterPimpl * __cdecl Assimp::Importer::Pimpl(void),method,Assimp,Importer,Pimpl,void,False,False,False,False,False,False,True
527,526,0x20E,?Pimpl@Importer@Assimp@@QEBAPEBVImporterPimpl@2@XZ,public: class Assimp::ImporterPimpl const * __cdecl Assimp::Importer::Pimpl(void) const,method,Assimp,Importer,Pimpl,void,True,False,False,False,False,False,True
528,527,0x20F,?PopDirectory@IOSystem@Assimp@@UEAA_NXZ,public: virtual bool __cdecl Assimp::IOSystem::PopDirectory(void),method,Assimp,IOSystem,PopDirectory,void,False,False,True,False,False,False,True
529,528,0x210,?Prepare@SGSpatialSort@Assimp@@QEAAXXZ,public: void __cdecl Assimp::SGSpatialSort::Prepare(void),method,Assimp,SGSpatialSort,Prepare,void,False,False,False,False,False,False,True
530,529,0x211,?ProcessAnimation@FindInvalidDataProcess@Assimp@@QEAAXPEAUaiAnimation@@@Z,public: void __cdecl Assimp::FindInvalidDataProcess::ProcessAnimation(struct aiAnimation *),method,Assimp,FindInvalidDataProcess,ProcessAnimation,struct aiAnimation *,False,False,False,False,False,False,True
531,530,0x212,?ProcessAnimation@ScenePreprocessor@Assimp@@IEAAXPEAUaiAnimation@@@Z,protected: void __cdecl Assimp::ScenePreprocessor::ProcessAnimation(struct aiAnimation *),method,Assimp,ScenePreprocessor,ProcessAnimation,struct aiAnimation *,False,False,False,False,False,False,True
532,531,0x213,?ProcessAnimationChannel@FindInvalidDataProcess@Assimp@@QEAAXPEAUaiNodeAnim@@@Z,public: void __cdecl Assimp::FindInvalidDataProcess::ProcessAnimationChannel(struct aiNodeAnim *),method,Assimp,FindInvalidDataProcess,ProcessAnimationChannel,struct aiNodeAnim *,False,False,False,False,False,False,True
533,532,0x214,?ProcessMesh@CalcTangentsProcess@Assimp@@IEAA_NPEAUaiMesh@@I@Z,"protected: bool __cdecl Assimp::CalcTangentsProcess::ProcessMesh(struct aiMesh *, unsigned int)",method,Assimp,CalcTangentsProcess,ProcessMesh,"struct aiMesh *, unsigned int",False,False,False,False,False,False,True
534,533,0x215,?ProcessMesh@FindInvalidDataProcess@Assimp@@QEAAHPEAUaiMesh@@@Z,public: int __cdecl Assimp::FindInvalidDataProcess::ProcessMesh(struct aiMesh *),method,Assimp,FindInvalidDataProcess,ProcessMesh,struct aiMesh *,False,False,False,False,False,False,True
535,534,0x216,?ProcessMesh@JoinVerticesProcess@Assimp@@QEAAHPEAUaiMesh@@I@Z,"public: int __cdecl Assimp::JoinVerticesProcess::ProcessMesh(struct aiMesh *, unsigned int)",method,Assimp,JoinVerticesProcess,ProcessMesh,"struct aiMesh *, unsigned int",False,False,False,False,False,False,True
536,535,0x217,?ProcessMesh@LimitBoneWeightsProcess@Assimp@@QEAAXPEAUaiMesh@@@Z,public: void __cdecl Assimp::LimitBoneWeightsProcess::ProcessMesh(struct aiMesh *),method,Assimp,LimitBoneWeightsProcess,ProcessMesh,struct aiMesh *,False,False,False,False,False,False,True
537,536,0x218,?ProcessMesh@RemoveVCProcess@Assimp@@AEAA_NPEAUaiMesh@@@Z,private: bool __cdecl Assimp::RemoveVCProcess::ProcessMesh(struct aiMesh *),method,Assimp,RemoveVCProcess,ProcessMesh,struct aiMesh *,False,False,False,False,False,False,True
538,537,0x219,?ProcessMesh@ScenePreprocessor@Assimp@@IEAAXPEAUaiMesh@@@Z,protected: void __cdecl Assimp::ScenePreprocessor::ProcessMesh(struct aiMesh *),method,Assimp,ScenePreprocessor,ProcessMesh,struct aiMesh *,False,False,False,False,False,False,True
539,538,0x21A,?ProcessScene@ScenePreprocessor@Assimp@@QEAAXXZ,public: void __cdecl Assimp::ScenePreprocessor::ProcessScene(void),method,Assimp,ScenePreprocessor,ProcessScene,void,False,False,False,False,False,False,True
540,539,0x21B,?PushDirectory@IOSystem@Assimp@@UEAA_NAEBV?$basic_string@DU?$char_traits@D@std@@V?$allocator@D@2@@std@@@Z,"public: virtual bool __cdecl Assimp::IOSystem::PushDirectory(class std::basic_string<char, struct std::char_traits<char>, class std::allocator<char>> const &)",method,Assimp,IOSystem,PushDirectory,"class std::basic_string<char, struct std::char_traits<char>, class std::allocator<char>> const &",False,False,True,False,False,False,True
541,540,0x21C,?Read@DefaultIOStream@Assimp@@UEAA_KPEAX_K1@Z,"public: virtual unsigned __int64 __cdecl Assimp::DefaultIOStream::Read(void *, unsigned __int64, unsigned __int64)",method,Assimp,DefaultIOStream,Read,"void *, unsigned __int64, unsigned __int64",False,False,True,False,False,False,True
542,541,0x21D,?ReadFile@BaseImporter@Assimp@@QEAAPEAUaiScene@@PEBVImporter@2@AEBV?$basic_string@DU?$char_traits@D@std@@V?$allocator@D@2@@std@@PEAVIOSystem@2@@Z,"public: struct aiScene * __cdecl Assimp::BaseImporter::ReadFile(class Assimp::Importer const *, class std::basic_string<char, struct std::char_traits<char>, class std::allocator<char>> const &, class Assimp::IOSystem *)",method,Assimp,BaseImporter,ReadFile,"class Assimp::Importer const *, class std::basic_string<char, struct std::char_traits<char>, class std::allocator<char>> const &, class Assimp::IOSystem *",False,False,False,False,False,False,True
543,542,0x21E,?ReadFile@Importer@Assimp@@QEAAPEBUaiScene@@AEBV?$basic_string@DU?$char_traits@D@std@@V?$allocator@D@2@@std@@I@Z,"public: struct aiScene const * __cdecl Assimp::Importer::ReadFile(class std::basic_string<char, struct std::char_traits<char>, class std::allocator<char>> const &, unsigned int)",method,Assimp,Importer,ReadFile,"class std::basic_string<char, struct std::char_traits<char>, class std::allocator<char>> const &, unsigned int",False,False,False,False,False,False,True
544,543,0x21F,?ReadFile@Importer@Assimp@@QEAAPEBUaiScene@@PEBDI@Z,"public: struct aiScene const * __cdecl Assimp::Importer::ReadFile(char const *, unsigned int)",method,Assimp,Importer,ReadFile,"char const *, unsigned int",False,False,False,False,False,False,True
545,544,0x220,?ReadFileFromMemory@Importer@Assimp@@QEAAPEBUaiScene@@PEBX_KIPEBD@Z,"public: struct aiScene const * __cdecl Assimp::Importer::ReadFileFromMemory(void const *, unsigned __int64, unsigned int, char const *)",method,Assimp,Importer,ReadFileFromMemory,"void const *, unsigned __int64, unsigned int, char const *",False,False,False,False,False,False,True
546,545,0x221,?RegisterExporter@Exporter@Assimp@@QEAA?AW4aiReturn@@AEBUExportFormatEntry@12@@Z,public: enum aiReturn __cdecl Assimp::Exporter::RegisterExporter(struct Assimp::Exporter::ExportFormatEntry const &),method,Assimp,Exporter,RegisterExporter,struct Assimp::Exporter::ExportFormatEntry const &,False,False,False,False,False,False,True
547,546,0x222,?RegisterLoader@Importer@Assimp@@QEAA?AW4aiReturn@@PEAVBaseImporter@2@@Z,public: enum aiReturn __cdecl Assimp::Importer::RegisterLoader(class Assimp::BaseImporter *),method,Assimp,Importer,RegisterLoader,class Assimp::BaseImporter *,False,False,False,False,False,False,True
548,547,0x223,?RegisterPPStep@Importer@Assimp@@QEAA?AW4aiReturn@@PEAVBaseProcess@2@@Z,public: enum aiReturn __cdecl Assimp::Importer::RegisterPPStep(class Assimp::BaseProcess *),method,Assimp,Importer,RegisterPPStep,class Assimp::BaseProcess *,False,False,False,False,False,False,True
549,548,0x224,?RemoveLineComments@CommentRemover@Assimp@@SAXPEBDPEADD@Z,"public: static void __cdecl Assimp::CommentRemover::RemoveLineComments(char const *, char *, char)",method,Assimp,CommentRemover,RemoveLineComments,"char const *, char *, char",False,True,False,False,False,False,True
550,549,0x225,?RemoveMultiLineComments@CommentRemover@Assimp@@SAXPEBD0PEADD@Z,"public: static void __cdecl Assimp::CommentRemover::RemoveMultiLineComments(char const *, char const *, char *, char)",method,Assimp,CommentRemover,RemoveMultiLineComments,"char const *, char const *, char *, char",False,True,False,False,False,False,True
551,550,0x226,?RemoveProperty@aiMaterial@@QEAA?AW4aiReturn@@PEBDII@Z,"public: enum aiReturn __cdecl aiMaterial::RemoveProperty(char const *, unsigned int, unsigned int)",method,,aiMaterial,RemoveProperty,"char const *, unsigned int, unsigned int",False,False,False,False,False,False,True
552,551,0x227,?RequireVerboseFormat@BaseProcess@Assimp@@UEBA_NXZ,public: virtual bool __cdecl Assimp::BaseProcess::RequireVerboseFormat(void) const,method,Assimp,BaseProcess,RequireVerboseFormat,void,True,False,True,False,False,False,True
553,552,0x228,?Save@Bitmap@Assimp@@SAXPEAUaiTexture@@PEAVIOStream@2@@Z,"public: static void __cdecl Assimp::Bitmap::Save(struct aiTexture *, class Assimp::IOStream *)",method,Assimp,Bitmap,Save,"struct aiTexture *, class Assimp::IOStream *",False,True,False,False,False,False,True
554,553,0x229,?SearchFileHeaderForToken@BaseImporter@Assimp@@SA_NPEAVIOSystem@2@AEBV?$basic_string@DU?$char_traits@D@std@@V?$allocator@D@2@@std@@PEAPEBDII_N3@Z,"public: static bool __cdecl Assimp::BaseImporter::SearchFileHeaderForToken(class Assimp::IOSystem *, class std::basic_string<char, struct std::char_traits<char>, class std::allocator<char>> const &, char const **, unsigned int, unsigned int, bool, bool)",method,Assimp,BaseImporter,SearchFileHeaderForToken,"class Assimp::IOSystem *, class std::basic_string<char, struct std::char_traits<char>, class std::allocator<char>> const &, char const **, unsigned int, unsigned int, bool, bool",False,True,False,False,False,False,True
555,554,0x22A,?Seek@DefaultIOStream@Assimp@@UEAA?AW4aiReturn@@_KW4aiOrigin@@@Z,"public: virtual enum aiReturn __cdecl Assimp::DefaultIOStream::Seek(unsigned __int64, enum aiOrigin)",method,Assimp,DefaultIOStream,Seek,"unsigned __int64, enum aiOrigin",False,False,True,False,False,False,True
556,555,0x22B,?SetDeleteFlags@RemoveVCProcess@Assimp@@QEAAXI@Z,public: void __cdecl Assimp::RemoveVCProcess::SetDeleteFlags(unsigned int),method,Assimp,RemoveVCProcess,SetDeleteFlags,unsigned int,False,False,False,False,False,False,True
557,556,0x22C,?SetExtraVerbose@Importer@Assimp@@QEAAX_N@Z,public: void __cdecl Assimp::Importer::SetExtraVerbose(bool),method,Assimp,Importer,SetExtraVerbose,bool,False,False,False,False,False,False,True
558,557,0x22D,?SetFixedMaterialsString@RemoveRedundantMatsProcess@Assimp@@QEAAXAEBV?$basic_string@DU?$char_traits@D@std@@V?$allocator@D@2@@std@@@Z,"public: void __cdecl Assimp::RemoveRedundantMatsProcess::SetFixedMaterialsString(class std::basic_string<char, struct std::char_traits<char>, class std::allocator<char>> const &)",method,Assimp,RemoveRedundantMatsProcess,SetFixedMaterialsString,"class std::basic_string<char, struct std::char_traits<char>, class std::allocator<char>> const &",False,False,False,False,False,False,True
559,558,0x22E,?SetIOHandler@Exporter@Assimp@@QEAAXPEAVIOSystem@2@@Z,public: void __cdecl Assimp::Exporter::SetIOHandler(class Assimp::IOSystem *),method,Assimp,Exporter,SetIOHandler,class Assimp::IOSystem *,False,False,False,False,False,False,True
560,559,0x22F,?SetIOHandler@Importer@Assimp@@QEAAXPEAVIOSystem@2@@Z,public: void __cdecl Assimp::Importer::SetIOHandler(class Assimp::IOSystem *),method,Assimp,Importer,SetIOHandler,class Assimp::IOSystem *,False,False,False,False,False,False,True
561,560,0x230,?SetLimit@SplitLargeMeshesProcess_Triangle@Assimp@@QEAAXI@Z,public: void __cdecl Assimp::SplitLargeMeshesProcess_Triangle::SetLimit(unsigned int),method,Assimp,SplitLargeMeshesProcess_Triangle,SetLimit,unsigned int,False,False,False,False,False,False,True
562,561,0x231,?SetLimit@SplitLargeMeshesProcess_Vertex@Assimp@@QEAAXI@Z,public: void __cdecl Assimp::SplitLargeMeshesProcess_Vertex::SetLimit(unsigned int),method,Assimp,SplitLargeMeshesProcess_Vertex,SetLimit,unsigned int,False,False,False,False,False,False,True
563,562,0x232,?SetMaxSmoothAngle@CalcTangentsProcess@Assimp@@QEAAXM@Z,public: void __cdecl Assimp::CalcTangentsProcess::SetMaxSmoothAngle(float),method,Assimp,CalcTangentsProcess,SetMaxSmoothAngle,float,False,False,False,False,False,False,True
564,563,0x233,?SetMaxSmoothAngle@GenVertexNormalsProcess@Assimp@@QEAAXM@Z,public: void __cdecl Assimp::GenVertexNormalsProcess::SetMaxSmoothAngle(float),method,Assimp,GenVertexNormalsProcess,SetMaxSmoothAngle,float,False,False,False,False,False,False,True
565,564,0x234,?SetProgressHandler@Importer@Assimp@@QEAAXPEAVProgressHandler@2@@Z,public: void __cdecl Assimp::Importer::SetProgressHandler(class Assimp::ProgressHandler *),method,Assimp,Importer,SetProgressHandler,class Assimp::ProgressHandler *,False,False,False,False,False,False,True
566,565,0x235,?SetPropertyBool@ExportProperties@Assimp@@QEAA_NPEBD_N@Z,"public: bool __cdecl Assimp::ExportProperties::SetPropertyBool(char const *, bool)",method,Assimp,ExportProperties,SetPropertyBool,"char const *, bool",False,False,False,False,False,False,True
567,566,0x236,?SetPropertyBool@Importer@Assimp@@QEAA_NPEBD_N@Z,"public: bool __cdecl Assimp::Importer::SetPropertyBool(char const *, bool)",method,Assimp,Importer,SetPropertyBool,"char const *, bool",False,False,False,False,False,False,True
568,567,0x237,?SetPropertyFloat@ExportProperties@Assimp@@QEAA_NPEBDM@Z,"public: bool __cdecl Assimp::ExportProperties::SetPropertyFloat(char const *, float)",method,Assimp,ExportProperties,SetPropertyFloat,"char const *, float",False,False,False,False,False,False,True
569,568,0x238,?SetPropertyFloat@Importer@Assimp@@QEAA_NPEBDM@Z,"public: bool __cdecl Assimp::Importer::SetPropertyFloat(char const *, float)",method,Assimp,Importer,SetPropertyFloat,"char const *, float",False,False,False,False,False,False,True
570,569,0x239,?SetPropertyInteger@ExportProperties@Assimp@@QEAA_NPEBDH@Z,"public: bool __cdecl Assimp::ExportProperties::SetPropertyInteger(char const *, int)",method,Assimp,ExportProperties,SetPropertyInteger,"char const *, int",False,False,False,False,False,False,True
571,570,0x23A,?SetPropertyInteger@Importer@Assimp@@QEAA_NPEBDH@Z,"public: bool __cdecl Assimp::Importer::SetPropertyInteger(char const *, int)",method,Assimp,Importer,SetPropertyInteger,"char const *, int",False,False,False,False,False,False,True
572,571,0x23B,?SetPropertyMatrix@ExportProperties@Assimp@@QEAA_NPEBDAEBV?$aiMatrix4x4t@M@@@Z,"public: bool __cdecl Assimp::ExportProperties::SetPropertyMatrix(char const *, class aiMatrix4x4t<float> const &)",method,Assimp,ExportProperties,SetPropertyMatrix,"char const *, class aiMatrix4x4t<float> const &",False,False,False,False,False,False,True
573,572,0x23C,?SetPropertyMatrix@Importer@Assimp@@QEAA_NPEBDAEBV?$aiMatrix4x4t@M@@@Z,"public: bool __cdecl Assimp::Importer::SetPropertyMatrix(char const *, class aiMatrix4x4t<float> const &)",method,Assimp,Importer,SetPropertyMatrix,"char const *, class aiMatrix4x4t<float> const &",False,False,False,False,False,False,True
574,573,0x23D,?SetPropertyString@ExportProperties@Assimp@@QEAA_NPEBDAEBV?$basic_string@DU?$char_traits@D@std@@V?$allocator@D@2@@std@@@Z,"public: bool __cdecl Assimp::ExportProperties::SetPropertyString(char const *, class std::basic_string<char, struct std::char_traits<char>, class std::allocator<char>> const &)",method,Assimp,ExportProperties,SetPropertyString,"char const *, class std::basic_string<char, struct std::char_traits<char>, class std::allocator<char>> const &",False,False,False,False,False,False,True
575,574,0x23E,?SetPropertyString@Importer@Assimp@@QEAA_NPEBDAEBV?$basic_string@DU?$char_traits@D@std@@V?$allocator@D@2@@std@@@Z,"public: bool __cdecl Assimp::Importer::SetPropertyString(char const *, class std::basic_string<char, struct std::char_traits<char>, class std::allocator<char>> const &)",method,Assimp,Importer,SetPropertyString,"char const *, class std::basic_string<char, struct std::char_traits<char>, class std::allocator<char>> const &",False,False,False,False,False,False,True
576,575,0x23F,?SetScene@ScenePreprocessor@Assimp@@QEAAXPEAUaiScene@@@Z,public: void __cdecl Assimp::ScenePreprocessor::SetScene(struct aiScene *),method,Assimp,ScenePreprocessor,SetScene,struct aiScene *,False,False,False,False,False,False,True
577,576,0x240,?SetSharedData@BaseProcess@Assimp@@QEAAXPEAVSharedPostProcessInfo@2@@Z,public: void __cdecl Assimp::BaseProcess::SetSharedData(class Assimp::SharedPostProcessInfo *),method,Assimp,BaseProcess,SetSharedData,class Assimp::SharedPostProcessInfo *,False,False,False,False,False,False,True
578,577,0x241,?SetupProperties@BaseImporter@Assimp@@UEAAXPEBVImporter@2@@Z,public: virtual void __cdecl Assimp::BaseImporter::SetupProperties(class Assimp::Importer const *),method,Assimp,BaseImporter,SetupProperties,class Assimp::Importer const *,False,False,True,False,False,False,True
579,578,0x242,?SetupProperties@BaseProcess@Assimp@@UEAAXPEBVImporter@2@@Z,public: virtual void __cdecl Assimp::BaseProcess::SetupProperties(class Assimp::Importer const *),method,Assimp,BaseProcess,SetupProperties,class Assimp::Importer const *,False,False,True,False,False,False,True
580,579,0x243,?SetupProperties@CalcTangentsProcess@Assimp@@UEAAXPEBVImporter@2@@Z,public: virtual void __cdecl Assimp::CalcTangentsProcess::SetupProperties(class Assimp::Importer const *),method,Assimp,CalcTangentsProcess,SetupProperties,class Assimp::Importer const *,False,False,True,False,False,False,True
581,580,0x244,?SetupProperties@EmbedTexturesProcess@Assimp@@UEAAXPEBVImporter@2@@Z,public: virtual void __cdecl Assimp::EmbedTexturesProcess::SetupProperties(class Assimp::Importer const *),method,Assimp,EmbedTexturesProcess,SetupProperties,class Assimp::Importer const *,False,False,True,False,False,False,True
582,581,0x245,?SetupProperties@FindDegeneratesProcess@Assimp@@UEAAXPEBVImporter@2@@Z,public: virtual void __cdecl Assimp::FindDegeneratesProcess::SetupProperties(class Assimp::Importer const *),method,Assimp,FindDegeneratesProcess,SetupProperties,class Assimp::Importer const *,False,False,True,False,False,False,True
583,582,0x246,?SetupProperties@FindInvalidDataProcess@Assimp@@UEAAXPEBVImporter@2@@Z,public: virtual void __cdecl Assimp::FindInvalidDataProcess::SetupProperties(class Assimp::Importer const *),method,Assimp,FindInvalidDataProcess,SetupProperties,class Assimp::Importer const *,False,False,True,False,False,False,True
584,583,0x247,?SetupProperties@GenVertexNormalsProcess@Assimp@@UEAAXPEBVImporter@2@@Z,public: virtual void __cdecl Assimp::GenVertexNormalsProcess::SetupProperties(class Assimp::Importer const *),method,Assimp,GenVertexNormalsProcess,SetupProperties,class Assimp::Importer const *,False,False,True,False,False,False,True
585,584,0x248,?SetupProperties@LimitBoneWeightsProcess@Assimp@@UEAAXPEBVImporter@2@@Z,public: virtual void __cdecl Assimp::LimitBoneWeightsProcess::SetupProperties(class Assimp::Importer const *),method,Assimp,LimitBoneWeightsProcess,SetupProperties,class Assimp::Importer const *,False,False,True,False,False,False,True
586,585,0x249,?SetupProperties@PretransformVertices@Assimp@@UEAAXPEBVImporter@2@@Z,public: virtual void __cdecl Assimp::PretransformVertices::SetupProperties(class Assimp::Importer const *),method,Assimp,PretransformVertices,SetupProperties,class Assimp::Importer const *,False,False,True,False,False,False,True
587,586,0x24A,?SetupProperties@RemoveRedundantMatsProcess@Assimp@@UEAAXPEBVImporter@2@@Z,public: virtual void __cdecl Assimp::RemoveRedundantMatsProcess::SetupProperties(class Assimp::Importer const *),method,Assimp,RemoveRedundantMatsProcess,SetupProperties,class Assimp::Importer const *,False,False,True,False,False,False,True
588,587,0x24B,?SetupProperties@RemoveVCProcess@Assimp@@UEAAXPEBVImporter@2@@Z,public: virtual void __cdecl Assimp::RemoveVCProcess::SetupProperties(class Assimp::Importer const *),method,Assimp,RemoveVCProcess,SetupProperties,class Assimp::Importer const *,False,False,True,False,False,False,True
589,588,0x24C,?SetupProperties@SMDImporter@Assimp@@UEAAXPEBVImporter@2@@Z,public: virtual void __cdecl Assimp::SMDImporter::SetupProperties(class Assimp::Importer const *),method,Assimp,SMDImporter,SetupProperties,class Assimp::Importer const *,False,False,True,False,False,False,True
590,589,0x24D,?SetupProperties@ScaleProcess@Assimp@@UEAAXPEBVImporter@2@@Z,public: virtual void __cdecl Assimp::ScaleProcess::SetupProperties(class Assimp::Importer const *),method,Assimp,ScaleProcess,SetupProperties,class Assimp::Importer const *,False,False,True,False,False,False,True
591,590,0x24E,?SetupProperties@SortByPTypeProcess@Assimp@@UEAAXPEBVImporter@2@@Z,public: virtual void __cdecl Assimp::SortByPTypeProcess::SetupProperties(class Assimp::Importer const *),method,Assimp,SortByPTypeProcess,SetupProperties,class Assimp::Importer const *,False,False,True,False,False,False,True
592,591,0x24F,?SetupProperties@SplitLargeMeshesProcess_Triangle@Assimp@@UEAAXPEBVImporter@2@@Z,public: virtual void __cdecl Assimp::SplitLargeMeshesProcess_Triangle::SetupProperties(class Assimp::Importer const *),method,Assimp,SplitLargeMeshesProcess_Triangle,SetupProperties,class Assimp::Importer const *,False,False,True,False,False,False,True
593,592,0x250,?SetupProperties@SplitLargeMeshesProcess_Vertex@Assimp@@UEAAXPEBVImporter@2@@Z,public: virtual void __cdecl Assimp::SplitLargeMeshesProcess_Vertex::SetupProperties(class Assimp::Importer const *),method,Assimp,SplitLargeMeshesProcess_Vertex,SetupProperties,class Assimp::Importer const *,False,False,True,False,False,False,True
594,593,0x251,?SimpleExtensionCheck@BaseImporter@Assimp@@SA_NAEBV?$basic_string@DU?$char_traits@D@std@@V?$allocator@D@2@@std@@PEBD11@Z,"public: static bool __cdecl Assimp::BaseImporter::SimpleExtensionCheck(class std::basic_string<char, struct std::char_traits<char>, class std::allocator<char>> const &, char const *, char const *, char const *)",method,Assimp,BaseImporter,SimpleExtensionCheck,"class std::basic_string<char, struct std::char_traits<char>, class std::allocator<char>> const &, char const *, char const *, char const *",False,True,False,False,False,False,True
595,594,0x252,?SkipLine@SMDImporter@Assimp@@IEAA_NPEBDPEAPEBD@Z,"protected: bool __cdecl Assimp::SMDImporter::SkipLine(char const *, char const **)",method,Assimp,SMDImporter,SkipLine,"char const *, char const **",False,False,False,False,False,False,True
596,595,0x253,?SkipSpacesAndLineEnd@SMDImporter@Assimp@@IEAA_NPEBDPEAPEBD@Z,"protected: bool __cdecl Assimp::SMDImporter::SkipSpacesAndLineEnd(char const *, char const **)",method,Assimp,SMDImporter,SkipSpacesAndLineEnd,"char const *, char const **",False,False,False,False,False,False,True
597,596,0x254,?SplitMesh@SplitLargeMeshesProcess_Triangle@Assimp@@QEAAXIPEAUaiMesh@@AEAV?$vector@U?$pair@PEAUaiMesh@@I@std@@V?$allocator@U?$pair@PEAUaiMesh@@I@std@@@2@@std@@@Z,"public: void __cdecl Assimp::SplitLargeMeshesProcess_Triangle::SplitMesh(unsigned int, struct aiMesh *, class std::vector<struct std::pair<struct aiMesh *, unsigned int>, class std::allocator<struct std::pair<struct aiMesh *, unsigned int>>> &)",method,Assimp,SplitLargeMeshesProcess_Triangle,SplitMesh,"unsigned int, struct aiMesh *, class std::vector<struct std::pair<struct aiMesh *, unsigned int>, class std::allocator<struct std::pair<struct aiMesh *, unsigned int>>> &",False,False,False,False,False,False,True
598,597,0x255,?SplitMesh@SplitLargeMeshesProcess_Vertex@Assimp@@QEAAXIPEAUaiMesh@@AEAV?$vector@U?$pair@PEAUaiMesh@@I@std@@V?$allocator@U?$pair@PEAUaiMesh@@I@std@@@2@@std@@@Z,"public: void __cdecl Assimp::SplitLargeMeshesProcess_Vertex::SplitMesh(unsigned int, struct aiMesh *, class std::vector<struct std::pair<struct aiMesh *, unsigned int>, class std::allocator<struct std::pair<struct aiMesh *, unsigned int>>> &)",method,Assimp,SplitLargeMeshesProcess_Vertex,SplitMesh,"unsigned int, struct aiMesh *, class std::vector<struct std::pair<struct aiMesh *, unsigned int>, class std::allocator<struct std::pair<struct aiMesh *, unsigned int>>> &",False,False,False,False,False,False,True
599,598,0x256,?StackSize@IOSystem@Assimp@@UEBA_KXZ,public: virtual unsigned __int64 __cdecl Assimp::IOSystem::StackSize(void) const,method,Assimp,IOSystem,StackSize,void,True,False,True,False,False,False,True
600,599,0x257,?Tell@DefaultIOStream@Assimp@@UEBA_KXZ,public: virtual unsigned __int64 __cdecl Assimp::DefaultIOStream::Tell(void) const,method,Assimp,DefaultIOStream,Tell,void,True,False,True,False,False,False,True
601,600,0x258,?TextFileToBuffer@BaseImporter@Assimp@@SAXPEAVIOStream@2@AEAV?$vector@DV?$allocator@D@std@@@std@@W4TextFileMode@12@@Z,"public: static void __cdecl Assimp::BaseImporter::TextFileToBuffer(class Assimp::IOStream *, class std::vector<char, class std::allocator<char>> &, enum Assimp::BaseImporter::TextFileMode)",method,Assimp,BaseImporter,TextFileToBuffer,"class Assimp::IOStream *, class std::vector<char, class std::allocator<char>> &, enum Assimp::BaseImporter::TextFileMode",False,True,False,False,False,False,True
602,601,0x259,?TriangulateMesh@TriangulateProcess@Assimp@@QEAA_NPEAUaiMesh@@@Z,public: bool __cdecl Assimp::TriangulateProcess::TriangulateMesh(struct aiMesh *),method,Assimp,TriangulateProcess,TriangulateMesh,struct aiMesh *,False,False,False,False,False,False,True
603,602,0x25A,?UnregisterExporter@Exporter@Assimp@@QEAAXPEBD@Z,public: void __cdecl Assimp::Exporter::UnregisterExporter(char const *),method,Assimp,Exporter,UnregisterExporter,char const *,False,False,False,False,False,False,True
604,603,0x25B,?UnregisterLoader@Importer@Assimp@@QEAA?AW4aiReturn@@PEAVBaseImporter@2@@Z,public: enum aiReturn __cdecl Assimp::Importer::UnregisterLoader(class Assimp::BaseImporter *),method,Assimp,Importer,UnregisterLoader,class Assimp::BaseImporter *,False,False,False,False,False,False,True
605,604,0x25C,?UnregisterPPStep@Importer@Assimp@@QEAA?AW4aiReturn@@PEAVBaseProcess@2@@Z,public: enum aiReturn __cdecl Assimp::Importer::UnregisterPPStep(class Assimp::BaseProcess *),method,Assimp,Importer,UnregisterPPStep,class Assimp::BaseProcess *,False,False,False,False,False,False,True
606,605,0x25D,?UpdateFileRead@ProgressHandler@Assimp@@UEAAXHH@Z,"public: virtual void __cdecl Assimp::ProgressHandler::UpdateFileRead(int, int)",method,Assimp,ProgressHandler,UpdateFileRead,"int, int",False,False,True,False,False,False,True
607,606,0x25E,?UpdateNode@SplitLargeMeshesProcess_Triangle@Assimp@@SAXPEAUaiNode@@AEBV?$vector@U?$pair@PEAUaiMesh@@I@std@@V?$allocator@U?$pair@PEAUaiMesh@@I@std@@@2@@std@@@Z,"public: static void __cdecl Assimp::SplitLargeMeshesProcess_Triangle::UpdateNode(struct aiNode *, class std::vector<struct std::pair<struct aiMesh *, unsigned int>, class std::allocator<struct std::pair<struct aiMesh *, unsigned int>>> const &)",method,Assimp,SplitLargeMeshesProcess_Triangle,UpdateNode,"struct aiNode *, class std::vector<struct std::pair<struct aiMesh *, unsigned int>, class std::allocator<struct std::pair<struct aiMesh *, unsigned int>>> const &",False,True,False,False,False,False,True
608,607,0x25F,?UpdatePostProcess@ProgressHandler@Assimp@@UEAAXHH@Z,"public: virtual void __cdecl Assimp::ProgressHandler::UpdatePostProcess(int, int)",method,Assimp,ProgressHandler,UpdatePostProcess,"int, int",False,False,True,False,False,False,True
609,608,0x260,?ValidateFlags@Importer@Assimp@@QEBA_NI@Z,public: bool __cdecl Assimp::Importer::ValidateFlags(unsigned int) const,method,Assimp,Importer,ValidateFlags,unsigned int,True,False,False,False,False,False,True
610,609,0x261,?Write@DefaultIOStream@Assimp@@UEAA_KPEBX_K1@Z,"public: virtual unsigned __int64 __cdecl Assimp::DefaultIOStream::Write(void const *, unsigned __int64, unsigned __int64)",method,Assimp,DefaultIOStream,Write,"void const *, unsigned __int64, unsigned __int64",False,False,True,False,False,False,True
611,610,0x262,?WriteDIB@Bitmap@Assimp@@KAXAEAUDIB@12@PEAVIOStream@2@@Z,"protected: static void __cdecl Assimp::Bitmap::WriteDIB(struct Assimp::Bitmap::DIB &, class Assimp::IOStream *)",method,Assimp,Bitmap,WriteDIB,"struct Assimp::Bitmap::DIB &, class Assimp::IOStream *",False,True,False,False,False,False,True
612,611,0x263,?WriteData@Bitmap@Assimp@@KAXPEAUaiTexture@@PEAVIOStream@2@@Z,"protected: static void __cdecl Assimp::Bitmap::WriteData(struct aiTexture *, class Assimp::IOStream *)",method,Assimp,Bitmap,WriteData,"struct aiTexture *, class Assimp::IOStream *",False,True,False,False,False,False,True
613,612,0x264,?WriteHeader@Bitmap@Assimp@@KAXAEAUHeader@12@PEAVIOStream@2@@Z,"protected: static void __cdecl Assimp::Bitmap::WriteHeader(struct Assimp::Bitmap::Header &, class Assimp::IOStream *)",method,Assimp,Bitmap,WriteHeader,"struct Assimp::Bitmap::Header &, class Assimp::IOStream *",False,True,False,False,False,False,True
614,613,0x265,?WriteToStreams@DefaultLogger@Assimp@@AEAAXPEBDW4ErrorSeverity@Logger@2@@Z,"private: void __cdecl Assimp::DefaultLogger::WriteToStreams(char const *, enum Assimp::Logger::ErrorSeverity)",method,Assimp,DefaultLogger,WriteToStreams,"char const *, enum Assimp::Logger::ErrorSeverity",False,False,False,False,False,False,True
615,614,0x266,?absolutePath@DefaultIOSystem@Assimp@@SA?AV?$basic_string@DU?$char_traits@D@std@@V?$allocator@D@2@@std@@AEBV34@@Z,"public: static class std::basic_string<char, struct std::char_traits<char>, class std::allocator<char>> __cdecl Assimp::DefaultIOSystem::absolutePath(class std::basic_string<char, struct std::char_traits<char>, class std::allocator<char>> const &)",method,Assimp,DefaultIOSystem,absolutePath,"class std::basic_string<char, struct std::char_traits<char>, class std::allocator<char>> const &",False,True,False,False,False,False,True
616,615,0x267,?addChildren@aiNode@@QEAAXIPEAPEAU1@@Z,"public: void __cdecl aiNode::addChildren(unsigned int, struct aiNode **)",method,,aiNode,addChildren,"unsigned int, struct aiNode **",False,False,False,False,False,False,True
617,616,0x268,?addTexture@EmbedTexturesProcess@Assimp@@AEBA_NPEAUaiScene@@V?$basic_string@DU?$char_traits@D@std@@V?$allocator@D@2@@std@@@Z,"private: bool __cdecl Assimp::EmbedTexturesProcess::addTexture(struct aiScene *, class std::basic_string<char, struct std::char_traits<char>, class std::allocator<char>>) const",method,Assimp,EmbedTexturesProcess,addTexture,"struct aiScene *, class std::basic_string<char, struct std::char_traits<char>, class std::allocator<char>>",True,False,False,False,False,False,True
618,617,0x269,?aiApplyCustomizedPostProcessing@@YAPEBUaiScene@@PEBU1@PEAVBaseProcess@Assimp@@_N@Z,"struct aiScene const * __cdecl aiApplyCustomizedPostProcessing(struct aiScene const *, class Assimp::BaseProcess *, bool)",function,,,aiApplyCustomizedPostProcessing,"struct aiScene const *, class Assimp::BaseProcess *, bool",False,False,False,False,False,False,True
619,618,0x26A,?aiCreateAnimMesh@Assimp@@YAPEAUaiAnimMesh@@PEBUaiMesh@@@Z,struct aiAnimMesh * __cdecl Assimp::aiCreateAnimMesh(struct aiMesh const *),method,,Assimp,aiCreateAnimMesh,struct aiMesh const *,False,False,False,False,False,False,True
620,619,0x26B,?aiGetImporterDesc@@YAPEBUaiImporterDesc@@PEBD@Z,struct aiImporterDesc const * __cdecl aiGetImporterDesc(char const *),function,,,aiGetImporterDesc,char const *,False,False,False,False,False,False,True
621,620,0x26C,?allocPrimData@ValueAllocator@ODDLParser@@SAPEAVValue@2@W4ValueType@32@_K@Z,"public: static class ODDLParser::Value * __cdecl ODDLParser::ValueAllocator::allocPrimData(enum ODDLParser::Value::ValueType, unsigned __int64)",method,ODDLParser,ValueAllocator,allocPrimData,"enum ODDLParser::Value::ValueType, unsigned __int64",False,True,False,False,False,False,True
622,621,0x26D,?applyScaling@ScaleProcess@Assimp@@AEAAXPEAUaiNode@@@Z,private: void __cdecl Assimp::ScaleProcess::applyScaling(struct aiNode *),method,Assimp,ScaleProcess,applyScaling,struct aiNode *,False,False,False,False,False,False,True
623,622,0x26E,?attachParent@DDLNode@ODDLParser@@QEAAXPEAV12@@Z,public: void __cdecl ODDLParser::DDLNode::attachParent(class ODDLParser::DDLNode *),method,ODDLParser,DDLNode,attachParent,class ODDLParser::DDLNode *,False,False,False,False,False,False,True
624,623,0x26F,?attachStream@DefaultLogger@Assimp@@UEAA_NPEAVLogStream@2@I@Z,"public: virtual bool __cdecl Assimp::DefaultLogger::attachStream(class Assimp::LogStream *, unsigned int)",method,Assimp,DefaultLogger,attachStream,"class Assimp::LogStream *, unsigned int",False,False,True,False,False,False,True
625,624,0x270,?attachStream@NullLogger@Assimp@@UEAA_NPEAVLogStream@2@I@Z,"public: virtual bool __cdecl Assimp::NullLogger::attachStream(class Assimp::LogStream *, unsigned int)",method,Assimp,NullLogger,attachStream,"class Assimp::LogStream *, unsigned int",False,False,True,False,False,False,True
626,625,0x271,?clear@Context@ODDLParser@@QEAAXXZ,public: void __cdecl ODDLParser::Context::clear(void),method,ODDLParser,Context,clear,void,False,False,False,False,False,False,True
627,626,0x272,?clear@OpenDDLParser@ODDLParser@@QEAAXXZ,public: void __cdecl ODDLParser::OpenDDLParser::clear(void),method,ODDLParser,OpenDDLParser,clear,void,False,False,False,False,False,False,True
628,627,0x273,?clear@Text@ODDLParser@@QEAAXXZ,public: void __cdecl ODDLParser::Text::clear(void),method,ODDLParser,Text,clear,void,False,False,False,False,False,False,True
629,628,0x274,?close@IOStreamBase@ODDLParser@@UEAA_NXZ,public: virtual bool __cdecl ODDLParser::IOStreamBase::close(void),method,ODDLParser,IOStreamBase,close,void,False,False,True,False,False,False,True
630,629,0x275,?completeBaseName@DefaultIOSystem@Assimp@@SA?AV?$basic_string@DU?$char_traits@D@std@@V?$allocator@D@2@@std@@AEBV34@@Z,"public: static class std::basic_string<char, struct std::char_traits<char>, class std::allocator<char>> __cdecl Assimp::DefaultIOSystem::completeBaseName(class std::basic_string<char, struct std::char_traits<char>, class std::allocator<char>> const &)",method,Assimp,DefaultIOSystem,completeBaseName,"class std::basic_string<char, struct std::char_traits<char>, class std::allocator<char>> const &",False,True,False,False,False,False,True
631,630,0x276,?copyNextWord@ObjFileParser@Assimp@@IEAAXPEAD_K@Z,"protected: void __cdecl Assimp::ObjFileParser::copyNextWord(char *, unsigned __int64)",method,Assimp,ObjFileParser,copyNextWord,"char *, unsigned __int64",False,False,False,False,False,False,True
632,631,0x277,?create@DDLNode@ODDLParser@@SAPEAV12@AEBV?$basic_string@DU?$char_traits@D@std@@V?$allocator@D@2@@std@@0PEAV12@@Z,"public: static class ODDLParser::DDLNode * __cdecl ODDLParser::DDLNode::create(class std::basic_string<char, struct std::char_traits<char>, class std::allocator<char>> const &, class std::basic_string<char, struct std::char_traits<char>, class std::allocator<char>> const &, class ODDLParser::DDLNode *)",method,ODDLParser,DDLNode,create,"class std::basic_string<char, struct std::char_traits<char>, class std::allocator<char>> const &, class std::basic_string<char, struct std::char_traits<char>, class std::allocator<char>> const &, class ODDLParser::DDLNode *",False,True,False,False,False,False,True
633,632,0x278,?create@DefaultLogger@Assimp@@SAPEAVLogger@2@PEBDW4LogSeverity@32@IPEAVIOSystem@2@@Z,"public: static class Assimp::Logger * __cdecl Assimp::DefaultLogger::create(char const *, enum Assimp::Logger::LogSeverity, unsigned int, class Assimp::IOSystem *)",method,Assimp,DefaultLogger,create,"char const *, enum Assimp::Logger::LogSeverity, unsigned int, class Assimp::IOSystem *",False,True,False,False,False,False,True
634,633,0x279,?createDefaultStream@LogStream@Assimp@@SAPEAV12@W4aiDefaultLogStream@@PEBDPEAVIOSystem@2@@Z,"public: static class Assimp::LogStream * __cdecl Assimp::LogStream::createDefaultStream(enum aiDefaultLogStream, char const *, class Assimp::IOSystem *)",method,Assimp,LogStream,createDefaultStream,"enum aiDefaultLogStream, char const *, class Assimp::IOSystem *",False,True,False,False,False,False,True
635,634,0x27A,?createMesh@ObjFileParser@Assimp@@IEAAXAEBV?$basic_string@DU?$char_traits@D@std@@V?$allocator@D@2@@std@@@Z,"protected: void __cdecl Assimp::ObjFileParser::createMesh(class std::basic_string<char, struct std::char_traits<char>, class std::allocator<char>> const &)",method,Assimp,ObjFileParser,createMesh,"class std::basic_string<char, struct std::char_traits<char>, class std::allocator<char>> const &",False,False,False,False,False,False,True
636,635,0x27B,?createObject@ObjFileParser@Assimp@@IEAAXAEBV?$basic_string@DU?$char_traits@D@std@@V?$allocator@D@2@@std@@@Z,"protected: void __cdecl Assimp::ObjFileParser::createObject(class std::basic_string<char, struct std::char_traits<char>, class std::allocator<char>> const &)",method,Assimp,ObjFileParser,createObject,"class std::basic_string<char, struct std::char_traits<char>, class std::allocator<char>> const &",False,False,False,False,False,False,True
637,636,0x27C,?debug@Logger@Assimp@@QEAAXAEBV?$basic_string@DU?$char_traits@D@std@@V?$allocator@D@2@@std@@@Z,"public: void __cdecl Assimp::Logger::debug(class std::basic_string<char, struct std::char_traits<char>, class std::allocator<char>> const &)",method,Assimp,Logger,debug,"class std::basic_string<char, struct std::char_traits<char>, class std::allocator<char>> const &",False,False,False,False,False,False,True
638,637,0x27D,?debug@Logger@Assimp@@QEAAXPEBD@Z,public: void __cdecl Assimp::Logger::debug(char const *),method,Assimp,Logger,debug,char const *,False,False,False,False,False,False,True
639,638,0x27E,?detachParent@DDLNode@ODDLParser@@QEAAXXZ,public: void __cdecl ODDLParser::DDLNode::detachParent(void),method,ODDLParser,DDLNode,detachParent,void,False,False,False,False,False,False,True
640,639,0x27F,?detatchStream@DefaultLogger@Assimp@@UEAA_NPEAVLogStream@2@I@Z,"public: virtual bool __cdecl Assimp::DefaultLogger::detatchStream(class Assimp::LogStream *, unsigned int)",method,Assimp,DefaultLogger,detatchStream,"class Assimp::LogStream *, unsigned int",False,False,True,False,False,False,True
641,640,0x280,?detatchStream@NullLogger@Assimp@@UEAA_NPEAVLogStream@2@I@Z,"public: virtual bool __cdecl Assimp::NullLogger::detatchStream(class Assimp::LogStream *, unsigned int)",method,Assimp,NullLogger,detatchStream,"class Assimp::LogStream *, unsigned int",False,False,True,False,False,False,True
642,641,0x281,?dump@DDLNode@ODDLParser@@QEAAXAEAVIOStreamBase@2@@Z,public: void __cdecl ODDLParser::DDLNode::dump(class ODDLParser::IOStreamBase &),method,ODDLParser,DDLNode,dump,class ODDLParser::IOStreamBase &,False,False,False,False,False,False,True
643,642,0x282,?dump@Value@ODDLParser@@QEAAXAEAVIOStreamBase@2@@Z,public: void __cdecl ODDLParser::Value::dump(class ODDLParser::IOStreamBase &),method,ODDLParser,Value,dump,class ODDLParser::IOStreamBase &,False,False,False,False,False,False,True
644,643,0x283,?error@Logger@Assimp@@QEAAXAEBV?$basic_string@DU?$char_traits@D@std@@V?$allocator@D@2@@std@@@Z,"public: void __cdecl Assimp::Logger::error(class std::basic_string<char, struct std::char_traits<char>, class std::allocator<char>> const &)",method,Assimp,Logger,error,"class std::basic_string<char, struct std::char_traits<char>, class std::allocator<char>> const &",False,False,False,False,False,False,True
645,644,0x284,?error@Logger@Assimp@@QEAAXPEBD@Z,public: void __cdecl Assimp::Logger::error(char const *),method,Assimp,Logger,error,char const *,False,False,False,False,False,False,True
646,645,0x285,?exportContext@OpenDDLExport@ODDLParser@@QEAA_NPEAUContext@2@AEBV?$basic_string@DU?$char_traits@D@std@@V?$allocator@D@2@@std@@@Z,"public: bool __cdecl ODDLParser::OpenDDLExport::exportContext(struct ODDLParser::Context *, class std::basic_string<char, struct std::char_traits<char>, class std::allocator<char>> const &)",method,ODDLParser,OpenDDLExport,exportContext,"struct ODDLParser::Context *, class std::basic_string<char, struct std::char_traits<char>, class std::allocator<char>> const &",False,False,False,False,False,False,True
647,646,0x286,?exportContext@OpenDDLParser@ODDLParser@@QEAA_NPEAUContext@2@AEBV?$basic_string@DU?$char_traits@D@std@@V?$allocator@D@2@@std@@@Z,"public: bool __cdecl ODDLParser::OpenDDLParser::exportContext(struct ODDLParser::Context *, class std::basic_string<char, struct std::char_traits<char>, class std::allocator<char>> const &)",method,ODDLParser,OpenDDLParser,exportContext,"struct ODDLParser::Context *, class std::basic_string<char, struct std::char_traits<char>, class std::allocator<char>> const &",False,False,False,False,False,False,True
648,647,0x287,?fileName@DefaultIOSystem@Assimp@@SA?AV?$basic_string@DU?$char_traits@D@std@@V?$allocator@D@2@@std@@AEBV34@@Z,"public: static class std::basic_string<char, struct std::char_traits<char>, class std::allocator<char>> __cdecl Assimp::DefaultIOSystem::fileName(class std::basic_string<char, struct std::char_traits<char>, class std::allocator<char>> const &)",method,Assimp,DefaultIOSystem,fileName,"class std::basic_string<char, struct std::char_traits<char>, class std::allocator<char>> const &",False,True,False,False,False,False,True
649,648,0x288,?findPropertyByName@DDLNode@ODDLParser@@QEAAPEAUProperty@2@AEBV?$basic_string@DU?$char_traits@D@std@@V?$allocator@D@2@@std@@@Z,"public: struct ODDLParser::Property * __cdecl ODDLParser::DDLNode::findPropertyByName(class std::basic_string<char, struct std::char_traits<char>, class std::allocator<char>> const &)",method,ODDLParser,DDLNode,findPropertyByName,"class std::basic_string<char, struct std::char_traits<char>, class std::allocator<char>> const &",False,False,False,False,False,False,True
650,649,0x289,?format@StreamFormatterBase@ODDLParser@@UEAA?AV?$basic_string@DU?$char_traits@D@std@@V?$allocator@D@2@@std@@AEBV34@@Z,"public: virtual class std::basic_string<char, struct std::char_traits<char>, class std::allocator<char>> __cdecl ODDLParser::StreamFormatterBase::format(class std::basic_string<char, struct std::char_traits<char>, class std::allocator<char>> const &)",method,ODDLParser,StreamFormatterBase,format,"class std::basic_string<char, struct std::char_traits<char>, class std::allocator<char>> const &",False,False,True,False,False,False,True
651,650,0x28A,?get@DefaultLogger@Assimp@@SAPEAVLogger@2@XZ,public: static class Assimp::Logger * __cdecl Assimp::DefaultLogger::get(void),method,Assimp,DefaultLogger,get,void,False,True,False,False,False,False,True
652,651,0x28B,?getBool@Value@ODDLParser@@QEAA_NXZ,public: bool __cdecl ODDLParser::Value::getBool(void),method,ODDLParser,Value,getBool,void,False,False,False,False,False,False,True
653,652,0x28C,?getBuffer@OpenDDLParser@ODDLParser@@QEBAPEBDXZ,public: char const * __cdecl ODDLParser::OpenDDLParser::getBuffer(void) const,method,ODDLParser,OpenDDLParser,getBuffer,void,True,False,False,False,False,False,True
654,653,0x28D,?getBufferSize@OpenDDLParser@ODDLParser@@QEBA_KXZ,public: unsigned __int64 __cdecl ODDLParser::OpenDDLParser::getBufferSize(void) const,method,ODDLParser,OpenDDLParser,getBufferSize,void,True,False,False,False,False,False,True
655,654,0x28E,?getChildNodeList@DDLNode@ODDLParser@@QEBAAEBV?$vector@PEAVDDLNode@ODDLParser@@V?$allocator@PEAVDDLNode@ODDLParser@@@std@@@std@@XZ,"public: class std::vector<class ODDLParser::DDLNode *, class std::allocator<class ODDLParser::DDLNode *>> const & __cdecl ODDLParser::DDLNode::getChildNodeList(void) const",method,ODDLParser,DDLNode,getChildNodeList,void,True,False,False,False,False,False,True
656,655,0x28F,?getComment@ObjFileParser@Assimp@@IEAAXXZ,protected: void __cdecl Assimp::ObjFileParser::getComment(void),method,Assimp,ObjFileParser,getComment,void,False,False,False,False,False,False,True
657,656,0x290,?getContext@OpenDDLParser@ODDLParser@@QEBAPEAUContext@2@XZ,public: struct ODDLParser::Context * __cdecl ODDLParser::OpenDDLParser::getContext(void) const,method,ODDLParser,OpenDDLParser,getContext,void,True,False,False,False,False,False,True
658,657,0x291,?getDataArrayList@DDLNode@ODDLParser@@QEBAPEAUDataArrayList@2@XZ,public: struct ODDLParser::DataArrayList * __cdecl ODDLParser::DDLNode::getDataArrayList(void) const,method,ODDLParser,DDLNode,getDataArrayList,void,True,False,False,False,False,False,True
659,658,0x292,?getDouble@Value@ODDLParser@@QEBANXZ,public: double __cdecl ODDLParser::Value::getDouble(void) const,method,ODDLParser,Value,getDouble,void,True,False,False,False,False,False,True
660,659,0x293,?getFace@ObjFileParser@Assimp@@IEAAXW4aiPrimitiveType@@@Z,protected: void __cdecl Assimp::ObjFileParser::getFace(enum aiPrimitiveType),method,Assimp,ObjFileParser,getFace,enum aiPrimitiveType,False,False,False,False,False,False,True
661,660,0x294,?getFloat@Value@ODDLParser@@QEBAMXZ,public: float __cdecl ODDLParser::Value::getFloat(void) const,method,ODDLParser,Value,getFloat,void,True,False,False,False,False,False,True
662,661,0x295,?getGroupName@ObjFileParser@Assimp@@IEAAXXZ,protected: void __cdecl Assimp::ObjFileParser::getGroupName(void),method,Assimp,ObjFileParser,getGroupName,void,False,False,False,False,False,False,True
663,662,0x296,?getGroupNumber@ObjFileParser@Assimp@@IEAAXXZ,protected: void __cdecl Assimp::ObjFileParser::getGroupNumber(void),method,Assimp,ObjFileParser,getGroupNumber,void,False,False,False,False,False,False,True
664,663,0x297,?getGroupNumberAndResolution@ObjFileParser@Assimp@@IEAAXXZ,protected: void __cdecl Assimp::ObjFileParser::getGroupNumberAndResolution(void),method,Assimp,ObjFileParser,getGroupNumberAndResolution,void,False,False,False,False,False,False,True
665,664,0x298,?getHomogeneousVector3@ObjFileParser@Assimp@@IEAAXAEAV?$vector@V?$aiVector3t@M@@V?$allocator@V?$aiVector3t@M@@@std@@@std@@@Z,"protected: void __cdecl Assimp::ObjFileParser::getHomogeneousVector3(class std::vector<class aiVector3t<float>, class std::allocator<class aiVector3t<float>>> &)",method,Assimp,ObjFileParser,getHomogeneousVector3,"class std::vector<class aiVector3t<float>, class std::allocator<class aiVector3t<float>>> &",False,False,False,False,False,False,True
666,665,0x299,?getInt16@Value@ODDLParser@@QEAAFXZ,public: short __cdecl ODDLParser::Value::getInt16(void),method,ODDLParser,Value,getInt16,void,False,False,False,False,False,False,True
667,666,0x29A,?getInt32@Value@ODDLParser@@QEAAHXZ,public: int __cdecl ODDLParser::Value::getInt32(void),method,ODDLParser,Value,getInt32,void,False,False,False,False,False,False,True
668,667,0x29B,?getInt64@Value@ODDLParser@@QEAA_JXZ,public: __int64 __cdecl ODDLParser::Value::getInt64(void),method,ODDLParser,Value,getInt64,void,False,False,False,False,False,False,True
669,668,0x29C,?getInt8@Value@ODDLParser@@QEAACXZ,public: signed char __cdecl ODDLParser::Value::getInt8(void),method,ODDLParser,Value,getInt8,void,False,False,False,False,False,False,True
670,669,0x29D,?getLogCallback@OpenDDLParser@ODDLParser@@QEBAP6AXW4LogSeverity@2@AEBV?$basic_string@DU?$char_traits@D@std@@V?$allocator@D@2@@std@@@ZXZ,"public: void (__cdecl * __cdecl ODDLParser::OpenDDLParser::getLogCallback(void) const)(enum ODDLParser::LogSeverity, class std::basic_string<char, struct std::char_traits<char>, class std::allocator<char>> const &)",method,ODDLParser,OpenDDLParser,getLogCallback,"void) const)(enum ODDLParser::LogSeverity, class std::basic_string<char, struct std::char_traits<char>, class std::allocator<char>> const &",False,False,False,False,False,False,True
671,670,0x29E,?getLogSeverity@Logger@Assimp@@QEBA?AW4LogSeverity@12@XZ,public: enum Assimp::Logger::LogSeverity __cdecl Assimp::Logger::getLogSeverity(void) const,method,Assimp,Logger,getLogSeverity,void,True,False,False,False,False,False,True
672,671,0x29F,?getMaterialDesc@ObjFileParser@Assimp@@IEAAXXZ,protected: void __cdecl Assimp::ObjFileParser::getMaterialDesc(void),method,Assimp,ObjFileParser,getMaterialDesc,void,False,False,False,False,False,False,True
673,672,0x2A0,?getMaterialIndex@ObjFileParser@Assimp@@IEAAHAEBV?$basic_string@DU?$char_traits@D@std@@V?$allocator@D@2@@std@@@Z,"protected: int __cdecl Assimp::ObjFileParser::getMaterialIndex(class std::basic_string<char, struct std::char_traits<char>, class std::allocator<char>> const &)",method,Assimp,ObjFileParser,getMaterialIndex,"class std::basic_string<char, struct std::char_traits<char>, class std::allocator<char>> const &",False,False,False,False,False,False,True
674,673,0x2A1,?getMaterialLib@ObjFileParser@Assimp@@IEAAXXZ,protected: void __cdecl Assimp::ObjFileParser::getMaterialLib(void),method,Assimp,ObjFileParser,getMaterialLib,void,False,False,False,False,False,False,True
675,674,0x2A2,?getName@DDLNode@ODDLParser@@QEBAAEBV?$basic_string@DU?$char_traits@D@std@@V?$allocator@D@2@@std@@XZ,"public: class std::basic_string<char, struct std::char_traits<char>, class std::allocator<char>> const & __cdecl ODDLParser::DDLNode::getName(void) const",method,ODDLParser,DDLNode,getName,void,True,False,False,False,False,False,True
676,675,0x2A3,?getNewMaterial@ObjFileParser@Assimp@@IEAAXXZ,protected: void __cdecl Assimp::ObjFileParser::getNewMaterial(void),method,Assimp,ObjFileParser,getNewMaterial,void,False,False,False,False,False,False,True
677,676,0x2A4,?getNext@Iterator@Value@ODDLParser@@QEAAPEAV23@XZ,public: class ODDLParser::Value * __cdecl ODDLParser::Value::Iterator::getNext(void),method,ODDLParser::Value,Iterator,getNext,void,False,False,False,False,False,False,True
678,677,0x2A5,?getNext@Value@ODDLParser@@QEBAPEAV12@XZ,public: class ODDLParser::Value * __cdecl ODDLParser::Value::getNext(void) const,method,ODDLParser,Value,getNext,void,True,False,False,False,False,False,True
679,678,0x2A6,?getNumComponentsInDataDefinition@ObjFileParser@Assimp@@IEAA_KXZ,protected: unsigned __int64 __cdecl Assimp::ObjFileParser::getNumComponentsInDataDefinition(void),method,Assimp,ObjFileParser,getNumComponentsInDataDefinition,void,False,False,False,False,False,False,True
680,679,0x2A7,?getObjectName@ObjFileParser@Assimp@@IEAAXXZ,protected: void __cdecl Assimp::ObjFileParser::getObjectName(void),method,Assimp,ObjFileParser,getObjectName,void,False,False,False,False,False,False,True
681,680,0x2A8,?getOsSeparator@DefaultIOSystem@Assimp@@UEBADXZ,public: virtual char __cdecl Assimp::DefaultIOSystem::getOsSeparator(void) const,method,Assimp,DefaultIOSystem,getOsSeparator,void,True,False,True,False,False,False,True
682,681,0x2A9,?getParent@DDLNode@ODDLParser@@QEBAPEAV12@XZ,public: class ODDLParser::DDLNode * __cdecl ODDLParser::DDLNode::getParent(void) const,method,ODDLParser,DDLNode,getParent,void,True,False,False,False,False,False,True
683,682,0x2AA,?getProperties@DDLNode@ODDLParser@@QEBAPEAUProperty@2@XZ,public: struct ODDLParser::Property * __cdecl ODDLParser::DDLNode::getProperties(void) const,method,ODDLParser,DDLNode,getProperties,void,True,False,False,False,False,False,True
684,683,0x2AB,?getRef@Value@ODDLParser@@QEBAPEAUReference@2@XZ,public: struct ODDLParser::Reference * __cdecl ODDLParser::Value::getRef(void) const,method,ODDLParser,Value,getRef,void,True,False,False,False,False,False,True
685,684,0x2AC,?getReferences@DDLNode@ODDLParser@@QEBAPEAUReference@2@XZ,public: struct ODDLParser::Reference * __cdecl ODDLParser::DDLNode::getReferences(void) const,method,ODDLParser,DDLNode,getReferences,void,True,False,False,False,False,False,True
686,685,0x2AD,?getRoot@OpenDDLParser@ODDLParser@@QEBAPEAVDDLNode@2@XZ,public: class ODDLParser::DDLNode * __cdecl ODDLParser::OpenDDLParser::getRoot(void) const,method,ODDLParser,OpenDDLParser,getRoot,void,True,False,False,False,False,False,True
687,686,0x2AE,?getScale@ScaleProcess@Assimp@@QEBAMXZ,public: float __cdecl Assimp::ScaleProcess::getScale(void) const,method,Assimp,ScaleProcess,getScale,void,True,False,False,False,False,False,True
688,687,0x2AF,?getString@Value@ODDLParser@@QEBAPEBDXZ,public: char const * __cdecl ODDLParser::Value::getString(void) const,method,ODDLParser,Value,getString,void,True,False,False,False,False,False,True
689,688,0x2B0,?getTwoVectors3@ObjFileParser@Assimp@@IEAAXAEAV?$vector@V?$aiVector3t@M@@V?$allocator@V?$aiVector3t@M@@@std@@@std@@0@Z,"protected: void __cdecl Assimp::ObjFileParser::getTwoVectors3(class std::vector<class aiVector3t<float>, class std::allocator<class aiVector3t<float>>> &, class std::vector<class aiVector3t<float>, class std::allocator<class aiVector3t<float>>> &)",method,Assimp,ObjFileParser,getTwoVectors3,"class std::vector<class aiVector3t<float>, class std::allocator<class aiVector3t<float>>> &, class std::vector<class aiVector3t<float>, class std::allocator<class aiVector3t<float>>> &",False,False,False,False,False,False,True
690,689,0x2B1,?getType@DDLNode@ODDLParser@@QEBAAEBV?$basic_string@DU?$char_traits@D@std@@V?$allocator@D@2@@std@@XZ,"public: class std::basic_string<char, struct std::char_traits<char>, class std::allocator<char>> const & __cdecl ODDLParser::DDLNode::getType(void) const",method,ODDLParser,DDLNode,getType,void,True,False,False,False,False,False,True
691,690,0x2B2,?getTypeToken@ODDLParser@@YAPEBDW4ValueType@Value@1@@Z,char const * __cdecl ODDLParser::getTypeToken(enum ODDLParser::Value::ValueType),method,,ODDLParser,getTypeToken,enum ODDLParser::Value::ValueType,False,False,False,False,False,False,True
692,691,0x2B3,?getUnsignedInt16@Value@ODDLParser@@QEBAGXZ,public: unsigned short __cdecl ODDLParser::Value::getUnsignedInt16(void) const,method,ODDLParser,Value,getUnsignedInt16,void,True,False,False,False,False,False,True
693,692,0x2B4,?getUnsignedInt32@Value@ODDLParser@@QEBAIXZ,public: unsigned int __cdecl ODDLParser::Value::getUnsignedInt32(void) const,method,ODDLParser,Value,getUnsignedInt32,void,True,False,False,False,False,False,True
694,693,0x2B5,?getUnsignedInt64@Value@ODDLParser@@QEBA_KXZ,public: unsigned __int64 __cdecl ODDLParser::Value::getUnsignedInt64(void) const,method,ODDLParser,Value,getUnsignedInt64,void,True,False,False,False,False,False,True
695,694,0x2B6,?getUnsignedInt8@Value@ODDLParser@@QEBAEXZ,public: unsigned char __cdecl ODDLParser::Value::getUnsignedInt8(void) const,method,ODDLParser,Value,getUnsignedInt8,void,True,False,False,False,False,False,True
696,695,0x2B7,?getValidation@BatchLoader@Assimp@@QEBA_NXZ,public: bool __cdecl Assimp::BatchLoader::getValidation(void) const,method,Assimp,BatchLoader,getValidation,void,True,False,False,False,False,False,True
697,696,0x2B8,?getValue@DDLNode@ODDLParser@@QEBAPEAVValue@2@XZ,public: class ODDLParser::Value * __cdecl ODDLParser::DDLNode::getValue(void) const,method,ODDLParser,DDLNode,getValue,void,True,False,False,False,False,False,True
698,697,0x2B9,?getVector2@ObjFileParser@Assimp@@IEAAXAEAV?$vector@V?$aiVector2t@M@@V?$allocator@V?$aiVector2t@M@@@std@@@std@@@Z,"protected: void __cdecl Assimp::ObjFileParser::getVector2(class std::vector<class aiVector2t<float>, class std::allocator<class aiVector2t<float>>> &)",method,Assimp,ObjFileParser,getVector2,"class std::vector<class aiVector2t<float>, class std::allocator<class aiVector2t<float>>> &",False,False,False,False,False,False,True
699,698,0x2BA,?getVector3@ObjFileParser@Assimp@@IEAAXAEAV?$vector@V?$aiVector3t@M@@V?$allocator@V?$aiVector3t@M@@@std@@@std@@@Z,"protected: void __cdecl Assimp::ObjFileParser::getVector3(class std::vector<class aiVector3t<float>, class std::allocator<class aiVector3t<float>>> &)",method,Assimp,ObjFileParser,getVector3,"class std::vector<class aiVector3t<float>, class std::allocator<class aiVector3t<float>>> &",False,False,False,False,False,False,True
700,699,0x2BB,?getVector@ObjFileParser@Assimp@@IEAAXAEAV?$vector@V?$aiVector3t@M@@V?$allocator@V?$aiVector3t@M@@@std@@@std@@@Z,"protected: void __cdecl Assimp::ObjFileParser::getVector(class std::vector<class aiVector3t<float>, class std::allocator<class aiVector3t<float>>> &)",method,Assimp,ObjFileParser,getVector,"class std::vector<class aiVector3t<float>, class std::allocator<class aiVector3t<float>>> &",False,False,False,False,False,False,True
701,700,0x2BC,?getVersion@OpenDDLParser@ODDLParser@@SAPEBDXZ,public: static char const * __cdecl ODDLParser::OpenDDLParser::getVersion(void),method,ODDLParser,OpenDDLParser,getVersion,void,False,True,False,False,False,False,True
702,701,0x2BD,?handleNode@OpenDDLExport@ODDLParser@@QEAA_NPEAVDDLNode@2@@Z,public: bool __cdecl ODDLParser::OpenDDLExport::handleNode(class ODDLParser::DDLNode *),method,ODDLParser,OpenDDLExport,handleNode,class ODDLParser::DDLNode *,False,False,False,False,False,False,True
703,702,0x2BE,?hasNext@Iterator@Value@ODDLParser@@QEBA_NXZ,public: bool __cdecl ODDLParser::Value::Iterator::hasNext(void) const,method,ODDLParser::Value,Iterator,hasNext,void,True,False,False,False,False,False,True
704,703,0x2BF,?hasProperties@DDLNode@ODDLParser@@QEBA_NXZ,public: bool __cdecl ODDLParser::DDLNode::hasProperties(void) const,method,ODDLParser,DDLNode,hasProperties,void,True,False,False,False,False,False,True
705,704,0x2C0,?hasProperty@DDLNode@ODDLParser@@QEAA_NAEBV?$basic_string@DU?$char_traits@D@std@@V?$allocator@D@2@@std@@@Z,"public: bool __cdecl ODDLParser::DDLNode::hasProperty(class std::basic_string<char, struct std::char_traits<char>, class std::allocator<char>> const &)",method,ODDLParser,DDLNode,hasProperty,"class std::basic_string<char, struct std::char_traits<char>, class std::allocator<char>> const &",False,False,False,False,False,False,True
706,705,0x2C1,?info@Logger@Assimp@@QEAAXAEBV?$basic_string@DU?$char_traits@D@std@@V?$allocator@D@2@@std@@@Z,"public: void __cdecl Assimp::Logger::info(class std::basic_string<char, struct std::char_traits<char>, class std::allocator<char>> const &)",method,Assimp,Logger,info,"class std::basic_string<char, struct std::char_traits<char>, class std::allocator<char>> const &",False,False,False,False,False,False,True
707,706,0x2C2,?info@Logger@Assimp@@QEAAXPEBD@Z,public: void __cdecl Assimp::Logger::info(char const *),method,Assimp,Logger,info,char const *,False,False,False,False,False,False,True
708,707,0x2C3,?isAreaCheckEnabled@FindDegeneratesProcess@Assimp@@QEBA_NXZ,public: bool __cdecl Assimp::FindDegeneratesProcess::isAreaCheckEnabled(void) const,method,Assimp,FindDegeneratesProcess,isAreaCheckEnabled,void,True,False,False,False,False,False,True
709,708,0x2C4,?isNullLogger@DefaultLogger@Assimp@@SA_NXZ,public: static bool __cdecl Assimp::DefaultLogger::isNullLogger(void),method,Assimp,DefaultLogger,isNullLogger,void,False,True,False,False,False,False,True
710,709,0x2C5,?isOpen@IOStreamBase@ODDLParser@@UEBA_NXZ,public: virtual bool __cdecl ODDLParser::IOStreamBase::isOpen(void) const,method,ODDLParser,IOStreamBase,isOpen,void,True,False,True,False,False,False,True
711,710,0x2C6,?kill@DefaultLogger@Assimp@@SAXXZ,public: static void __cdecl Assimp::DefaultLogger::kill(void),method,Assimp,DefaultLogger,kill,void,False,True,False,False,False,False,True
712,711,0x2C7,?mBytesPerPixel@Bitmap@Assimp@@1_KB,protected: static unsigned __int64 const Assimp::Bitmap::mBytesPerPixel,symbol,,,,,False,False,False,False,False,False,True
713,712,0x2C8,?m_pLogger@DefaultLogger@Assimp@@0PEAVLogger@2@EA,private: static class Assimp::Logger *Assimp::DefaultLogger::m_pLogger,symbol,,,,,False,False,False,False,False,False,True
714,713,0x2C9,?needsNewMesh@ObjFileParser@Assimp@@IEAA_NAEBV?$basic_string@DU?$char_traits@D@std@@V?$allocator@D@2@@std@@@Z,"protected: bool __cdecl Assimp::ObjFileParser::needsNewMesh(class std::basic_string<char, struct std::char_traits<char>, class std::allocator<char>> const &)",method,Assimp,ObjFileParser,needsNewMesh,"class std::basic_string<char, struct std::char_traits<char>, class std::allocator<char>> const &",False,False,False,False,False,False,True
715,714,0x2CA,?normalizeBuffer@OpenDDLParser@ODDLParser@@SAXAEAV?$vector@DV?$allocator@D@std@@@std@@@Z,"public: static void __cdecl ODDLParser::OpenDDLParser::normalizeBuffer(class std::vector<char, class std::allocator<char>> &)",method,ODDLParser,OpenDDLParser,normalizeBuffer,"class std::vector<char, class std::allocator<char>> &",False,True,False,False,False,False,True
716,715,0x2CB,?open@IOStreamBase@ODDLParser@@UEAA_NAEBV?$basic_string@DU?$char_traits@D@std@@V?$allocator@D@2@@std@@@Z,"public: virtual bool __cdecl ODDLParser::IOStreamBase::open(class std::basic_string<char, struct std::char_traits<char>, class std::allocator<char>> const &)",method,ODDLParser,IOStreamBase,open,"class std::basic_string<char, struct std::char_traits<char>, class std::allocator<char>> const &",False,False,True,False,False,False,True
717,716,0x2CC,?parse@OpenDDLParser@ODDLParser@@QEAA_NXZ,public: bool __cdecl ODDLParser::OpenDDLParser::parse(void),method,ODDLParser,OpenDDLParser,parse,void,False,False,False,False,False,False,True
718,717,0x2CD,?parseBooleanLiteral@OpenDDLParser@ODDLParser@@SAPEADPEAD0PEAPEAVValue@2@@Z,"public: static char * __cdecl ODDLParser::OpenDDLParser::parseBooleanLiteral(char *, char *, class ODDLParser::Value **)",method,ODDLParser,OpenDDLParser,parseBooleanLiteral,"char *, char *, class ODDLParser::Value **",False,True,False,False,False,False,True
719,718,0x2CE,?parseDataArrayList@OpenDDLParser@ODDLParser@@SAPEADPEAD0W4ValueType@Value@2@PEAPEAUDataArrayList@2@@Z,"public: static char * __cdecl ODDLParser::OpenDDLParser::parseDataArrayList(char *, char *, enum ODDLParser::Value::ValueType, struct ODDLParser::DataArrayList **)",method,ODDLParser,OpenDDLParser,parseDataArrayList,"char *, char *, enum ODDLParser::Value::ValueType, struct ODDLParser::DataArrayList **",False,True,False,False,False,False,True
720,719,0x2CF,?parseDataList@OpenDDLParser@ODDLParser@@SAPEADPEAD0W4ValueType@Value@2@PEAPEAV42@AEA_KPEAPEAUReference@2@3@Z,"public: static char * __cdecl ODDLParser::OpenDDLParser::parseDataList(char *, char *, enum ODDLParser::Value::ValueType, class ODDLParser::Value **, unsigned __int64 &, struct ODDLParser::Reference **, unsigned __int64 &)",method,ODDLParser,OpenDDLParser,parseDataList,"char *, char *, enum ODDLParser::Value::ValueType, class ODDLParser::Value **, unsigned __int64 &, struct ODDLParser::Reference **, unsigned __int64 &",False,True,False,False,False,False,True
721,720,0x2D0,?parseFile@ObjFileParser@Assimp@@IEAAXAEAV?$IOStreamBuffer@D@2@@Z,protected: void __cdecl Assimp::ObjFileParser::parseFile(class Assimp::IOStreamBuffer<char> &),method,Assimp,ObjFileParser,parseFile,class Assimp::IOStreamBuffer<char> &,False,False,False,False,False,False,True
722,721,0x2D1,?parseFloatingLiteral@OpenDDLParser@ODDLParser@@SAPEADPEAD0PEAPEAVValue@2@W4ValueType@32@@Z,"public: static char * __cdecl ODDLParser::OpenDDLParser::parseFloatingLiteral(char *, char *, class ODDLParser::Value **, enum ODDLParser::Value::ValueType)",method,ODDLParser,OpenDDLParser,parseFloatingLiteral,"char *, char *, class ODDLParser::Value **, enum ODDLParser::Value::ValueType",False,True,False,False,False,False,True
723,722,0x2D2,?parseHeader@OpenDDLParser@ODDLParser@@QEAAPEADPEAD0@Z,"public: char * __cdecl ODDLParser::OpenDDLParser::parseHeader(char *, char *)",method,ODDLParser,OpenDDLParser,parseHeader,"char *, char *",False,False,False,False,False,False,True
724,723,0x2D3,?parseHexaLiteral@OpenDDLParser@ODDLParser@@SAPEADPEAD0PEAPEAVValue@2@@Z,"public: static char * __cdecl ODDLParser::OpenDDLParser::parseHexaLiteral(char *, char *, class ODDLParser::Value **)",method,ODDLParser,OpenDDLParser,parseHexaLiteral,"char *, char *, class ODDLParser::Value **",False,True,False,False,False,False,True
725,724,0x2D4,?parseIdentifier@OpenDDLParser@ODDLParser@@SAPEADPEAD0PEAPEAUText@2@@Z,"public: static char * __cdecl ODDLParser::OpenDDLParser::parseIdentifier(char *, char *, struct ODDLParser::Text **)",method,ODDLParser,OpenDDLParser,parseIdentifier,"char *, char *, struct ODDLParser::Text **",False,True,False,False,False,False,True
726,725,0x2D5,?parseIntegerLiteral@OpenDDLParser@ODDLParser@@SAPEADPEAD0PEAPEAVValue@2@W4ValueType@32@@Z,"public: static char * __cdecl ODDLParser::OpenDDLParser::parseIntegerLiteral(char *, char *, class ODDLParser::Value **, enum ODDLParser::Value::ValueType)",method,ODDLParser,OpenDDLParser,parseIntegerLiteral,"char *, char *, class ODDLParser::Value **, enum ODDLParser::Value::ValueType",False,True,False,False,False,False,True
727,726,0x2D6,?parseName@OpenDDLParser@ODDLParser@@SAPEADPEAD0PEAPEAUName@2@@Z,"public: static char * __cdecl ODDLParser::OpenDDLParser::parseName(char *, char *, struct ODDLParser::Name **)",method,ODDLParser,OpenDDLParser,parseName,"char *, char *, struct ODDLParser::Name **",False,True,False,False,False,False,True
728,727,0x2D7,?parseNextNode@OpenDDLParser@ODDLParser@@QEAAPEADPEAD0@Z,"public: char * __cdecl ODDLParser::OpenDDLParser::parseNextNode(char *, char *)",method,ODDLParser,OpenDDLParser,parseNextNode,"char *, char *",False,False,False,False,False,False,True
729,728,0x2D8,?parsePrimitiveDataType@OpenDDLParser@ODDLParser@@SAPEADPEAD0AEAW4ValueType@Value@2@AEA_K@Z,"public: static char * __cdecl ODDLParser::OpenDDLParser::parsePrimitiveDataType(char *, char *, enum ODDLParser::Value::ValueType &, unsigned __int64 &)",method,ODDLParser,OpenDDLParser,parsePrimitiveDataType,"char *, char *, enum ODDLParser::Value::ValueType &, unsigned __int64 &",False,True,False,False,False,False,True
730,729,0x2D9,?parseProperty@OpenDDLParser@ODDLParser@@SAPEADPEAD0PEAPEAUProperty@2@@Z,"public: static char * __cdecl ODDLParser::OpenDDLParser::parseProperty(char *, char *, struct ODDLParser::Property **)",method,ODDLParser,OpenDDLParser,parseProperty,"char *, char *, struct ODDLParser::Property **",False,True,False,False,False,False,True
731,730,0x2DA,?parseReference@OpenDDLParser@ODDLParser@@SAPEADPEAD0AEAV?$vector@PEAUName@ODDLParser@@V?$allocator@PEAUName@ODDLParser@@@std@@@std@@@Z,"public: static char * __cdecl ODDLParser::OpenDDLParser::parseReference(char *, char *, class std::vector<struct ODDLParser::Name *, class std::allocator<struct ODDLParser::Name *>> &)",method,ODDLParser,OpenDDLParser,parseReference,"char *, char *, class std::vector<struct ODDLParser::Name *, class std::allocator<struct ODDLParser::Name *>> &",False,True,False,False,False,False,True
732,731,0x2DB,?parseStringLiteral@OpenDDLParser@ODDLParser@@SAPEADPEAD0PEAPEAVValue@2@@Z,"public: static char * __cdecl ODDLParser::OpenDDLParser::parseStringLiteral(char *, char *, class ODDLParser::Value **)",method,ODDLParser,OpenDDLParser,parseStringLiteral,"char *, char *, class ODDLParser::Value **",False,True,False,False,False,False,True
733,732,0x2DC,?parseStructure@OpenDDLParser@ODDLParser@@QEAAPEADPEAD0@Z,"public: char * __cdecl ODDLParser::OpenDDLParser::parseStructure(char *, char *)",method,ODDLParser,OpenDDLParser,parseStructure,"char *, char *",False,False,False,False,False,False,True
734,733,0x2DD,?parseStructureBody@OpenDDLParser@ODDLParser@@QEAAPEADPEAD0AEA_N@Z,"public: char * __cdecl ODDLParser::OpenDDLParser::parseStructureBody(char *, char *, bool &)",method,ODDLParser,OpenDDLParser,parseStructureBody,"char *, char *, bool &",False,False,False,False,False,False,True
735,734,0x2DE,?popNode@OpenDDLParser@ODDLParser@@QEAAPEAVDDLNode@2@XZ,public: class ODDLParser::DDLNode * __cdecl ODDLParser::OpenDDLParser::popNode(void),method,ODDLParser,OpenDDLParser,popNode,void,False,False,False,False,False,False,True
736,735,0x2DF,?pushNode@OpenDDLParser@ODDLParser@@QEAAXPEAVDDLNode@2@@Z,public: void __cdecl ODDLParser::OpenDDLParser::pushNode(class ODDLParser::DDLNode *),method,ODDLParser,OpenDDLParser,pushNode,class ODDLParser::DDLNode *,False,False,False,False,False,False,True
737,736,0x2E0,?read@IOStreamBase@ODDLParser@@UEAA_K_KAEAV?$basic_string@DU?$char_traits@D@std@@V?$allocator@D@2@@std@@@Z,"public: virtual unsigned __int64 __cdecl ODDLParser::IOStreamBase::read(unsigned __int64, class std::basic_string<char, struct std::char_traits<char>, class std::allocator<char>> &)",method,ODDLParser,IOStreamBase,read,"unsigned __int64, class std::basic_string<char, struct std::char_traits<char>, class std::allocator<char>> &",False,False,True,False,False,False,True
738,737,0x2E1,?releaseNodes@DDLNode@ODDLParser@@CAXXZ,private: static void __cdecl ODDLParser::DDLNode::releaseNodes(void),method,ODDLParser,DDLNode,releaseNodes,void,False,True,False,False,False,False,True
739,738,0x2E2,?releasePrimData@ValueAllocator@ODDLParser@@SAXPEAPEAVValue@2@@Z,public: static void __cdecl ODDLParser::ValueAllocator::releasePrimData(class ODDLParser::Value **),method,ODDLParser,ValueAllocator,releasePrimData,class ODDLParser::Value **,False,True,False,False,False,False,True
740,739,0x2E3,?reportErrorTokenInFace@ObjFileParser@Assimp@@IEAAXXZ,protected: void __cdecl Assimp::ObjFileParser::reportErrorTokenInFace(void),method,Assimp,ObjFileParser,reportErrorTokenInFace,void,False,False,False,False,False,False,True
741,740,0x2E4,?s_allocatedNodes@DDLNode@ODDLParser@@0V?$vector@PEAVDDLNode@ODDLParser@@V?$allocator@PEAVDDLNode@ODDLParser@@@std@@@std@@A,"private: static class std::vector<class ODDLParser::DDLNode *, class std::allocator<class ODDLParser::DDLNode *>> ODDLParser::DDLNode::s_allocatedNodes",symbol,,,,,False,False,False,False,False,False,True
742,741,0x2E5,?s_pNullLogger@DefaultLogger@Assimp@@0VNullLogger@2@A,private: static class Assimp::NullLogger Assimp::DefaultLogger::s_pNullLogger,symbol,,,,,False,False,False,False,False,False,True
743,742,0x2E6,?set@DefaultLogger@Assimp@@SAXPEAVLogger@2@@Z,public: static void __cdecl Assimp::DefaultLogger::set(class Assimp::Logger *),method,Assimp,DefaultLogger,set,class Assimp::Logger *,False,True,False,False,False,False,True
744,743,0x2E7,?set@Text@ODDLParser@@QEAAXPEBD_K@Z,"public: void __cdecl ODDLParser::Text::set(char const *, unsigned __int64)",method,ODDLParser,Text,set,"char const *, unsigned __int64",False,False,False,False,False,False,True
745,744,0x2E8,?setBool@Value@ODDLParser@@QEAAX_N@Z,public: void __cdecl ODDLParser::Value::setBool(bool),method,ODDLParser,Value,setBool,bool,False,False,False,False,False,False,True
746,745,0x2E9,?setBuffer@ObjFileParser@Assimp@@QEAAXAEAV?$vector@DV?$allocator@D@std@@@std@@@Z,"public: void __cdecl Assimp::ObjFileParser::setBuffer(class std::vector<char, class std::allocator<char>> &)",method,Assimp,ObjFileParser,setBuffer,"class std::vector<char, class std::allocator<char>> &",False,False,False,False,False,False,True
747,746,0x2EA,?setBuffer@OpenDDLParser@ODDLParser@@QEAAXAEBV?$vector@DV?$allocator@D@std@@@std@@@Z,"public: void __cdecl ODDLParser::OpenDDLParser::setBuffer(class std::vector<char, class std::allocator<char>> const &)",method,ODDLParser,OpenDDLParser,setBuffer,"class std::vector<char, class std::allocator<char>> const &",False,False,False,False,False,False,True
748,747,0x2EB,?setBuffer@OpenDDLParser@ODDLParser@@QEAAXPEBD_K@Z,"public: void __cdecl ODDLParser::OpenDDLParser::setBuffer(char const *, unsigned __int64)",method,ODDLParser,OpenDDLParser,setBuffer,"char const *, unsigned __int64",False,False,False,False,False,False,True
749,748,0x2EC,?setDataArrayList@DDLNode@ODDLParser@@QEAAXPEAUDataArrayList@2@@Z,public: void __cdecl ODDLParser::DDLNode::setDataArrayList(struct ODDLParser::DataArrayList *),method,ODDLParser,DDLNode,setDataArrayList,struct ODDLParser::DataArrayList *,False,False,False,False,False,False,True
750,749,0x2ED,?setDouble@Value@ODDLParser@@QEAAXN@Z,public: void __cdecl ODDLParser::Value::setDouble(double),method,ODDLParser,Value,setDouble,double,False,False,False,False,False,False,True
751,750,0x2EE,?setFloat@Value@ODDLParser@@QEAAXM@Z,public: void __cdecl ODDLParser::Value::setFloat(float),method,ODDLParser,Value,setFloat,float,False,False,False,False,False,False,True
752,751,0x2EF,?setInt16@Value@ODDLParser@@QEAAXF@Z,public: void __cdecl ODDLParser::Value::setInt16(short),method,ODDLParser,Value,setInt16,short,False,False,False,False,False,False,True
753,752,0x2F0,?setInt32@Value@ODDLParser@@QEAAXH@Z,public: void __cdecl ODDLParser::Value::setInt32(int),method,ODDLParser,Value,setInt32,int,False,False,False,False,False,False,True
754,753,0x2F1,?setInt64@Value@ODDLParser@@QEAAX_J@Z,public: void __cdecl ODDLParser::Value::setInt64(__int64),method,ODDLParser,Value,setInt64,__int64,False,False,False,False,False,False,True
755,754,0x2F2,?setInt8@Value@ODDLParser@@QEAAXC@Z,public: void __cdecl ODDLParser::Value::setInt8(signed char),method,ODDLParser,Value,setInt8,signed char,False,False,False,False,False,False,True
756,755,0x2F3,?setLogCallback@OpenDDLParser@ODDLParser@@QEAAXP6AXW4LogSeverity@2@AEBV?$basic_string@DU?$char_traits@D@std@@V?$allocator@D@2@@std@@@Z@Z,"public: void __cdecl ODDLParser::OpenDDLParser::setLogCallback(void (__cdecl *)(enum ODDLParser::LogSeverity, class std::basic_string<char, struct std::char_traits<char>, class std::allocator<char>> const &))",method,ODDLParser,OpenDDLParser,setLogCallback,"void (__cdecl *)(enum ODDLParser::LogSeverity, class std::basic_string<char, struct std::char_traits<char>, class std::allocator<char>> const &)",False,False,False,False,False,False,True
757,756,0x2F4,?setLogSeverity@Logger@Assimp@@QEAAXW4LogSeverity@12@@Z,public: void __cdecl Assimp::Logger::setLogSeverity(enum Assimp::Logger::LogSeverity),method,Assimp,Logger,setLogSeverity,enum Assimp::Logger::LogSeverity,False,False,False,False,False,False,True
758,757,0x2F5,?setName@DDLNode@ODDLParser@@QEAAXAEBV?$basic_string@DU?$char_traits@D@std@@V?$allocator@D@2@@std@@@Z,"public: void __cdecl ODDLParser::DDLNode::setName(class std::basic_string<char, struct std::char_traits<char>, class std::allocator<char>> const &)",method,ODDLParser,DDLNode,setName,"class std::basic_string<char, struct std::char_traits<char>, class std::allocator<char>> const &",False,False,False,False,False,False,True
759,758,0x2F6,?setNext@Value@ODDLParser@@QEAAXPEAV12@@Z,public: void __cdecl ODDLParser::Value::setNext(class ODDLParser::Value *),method,ODDLParser,Value,setNext,class ODDLParser::Value *,False,False,False,False,False,False,True
760,759,0x2F7,?setProperties@DDLNode@ODDLParser@@QEAAXPEAUProperty@2@@Z,public: void __cdecl ODDLParser::DDLNode::setProperties(struct ODDLParser::Property *),method,ODDLParser,DDLNode,setProperties,struct ODDLParser::Property *,False,False,False,False,False,False,True
761,760,0x2F8,?setRef@Value@ODDLParser@@QEAAXPEAUReference@2@@Z,public: void __cdecl ODDLParser::Value::setRef(struct ODDLParser::Reference *),method,ODDLParser,Value,setRef,struct ODDLParser::Reference *,False,False,False,False,False,False,True
762,761,0x2F9,?setReferences@DDLNode@ODDLParser@@QEAAXPEAUReference@2@@Z,public: void __cdecl ODDLParser::DDLNode::setReferences(struct ODDLParser::Reference *),method,ODDLParser,DDLNode,setReferences,struct ODDLParser::Reference *,False,False,False,False,False,False,True
763,762,0x2FA,?setScale@ScaleProcess@Assimp@@QEAAXM@Z,public: void __cdecl Assimp::ScaleProcess::setScale(float),method,Assimp,ScaleProcess,setScale,float,False,False,False,False,False,False,True
764,763,0x2FB,?setString@Value@ODDLParser@@QEAAXAEBV?$basic_string@DU?$char_traits@D@std@@V?$allocator@D@2@@std@@@Z,"public: void __cdecl ODDLParser::Value::setString(class std::basic_string<char, struct std::char_traits<char>, class std::allocator<char>> const &)",method,ODDLParser,Value,setString,"class std::basic_string<char, struct std::char_traits<char>, class std::allocator<char>> const &",False,False,False,False,False,False,True
765,764,0x2FC,?setType@DDLNode@ODDLParser@@QEAAXAEBV?$basic_string@DU?$char_traits@D@std@@V?$allocator@D@2@@std@@@Z,"public: void __cdecl ODDLParser::DDLNode::setType(class std::basic_string<char, struct std::char_traits<char>, class std::allocator<char>> const &)",method,ODDLParser,DDLNode,setType,"class std::basic_string<char, struct std::char_traits<char>, class std::allocator<char>> const &",False,False,False,False,False,False,True
766,765,0x2FD,?setUnsignedInt16@Value@ODDLParser@@QEAAXG@Z,public: void __cdecl ODDLParser::Value::setUnsignedInt16(unsigned short),method,ODDLParser,Value,setUnsignedInt16,unsigned short,False,False,False,False,False,False,True
767,766,0x2FE,?setUnsignedInt32@Value@ODDLParser@@QEAAXI@Z,public: void __cdecl ODDLParser::Value::setUnsignedInt32(unsigned int),method,ODDLParser,Value,setUnsignedInt32,unsigned int,False,False,False,False,False,False,True
768,767,0x2FF,?setUnsignedInt64@Value@ODDLParser@@QEAAX_K@Z,public: void __cdecl ODDLParser::Value::setUnsignedInt64(unsigned __int64),method,ODDLParser,Value,setUnsignedInt64,unsigned __int64,False,False,False,False,False,False,True
769,768,0x300,?setUnsignedInt8@Value@ODDLParser@@QEAAXE@Z,public: void __cdecl ODDLParser::Value::setUnsignedInt8(unsigned char),method,ODDLParser,Value,setUnsignedInt8,unsigned char,False,False,False,False,False,False,True
770,769,0x301,?setValidation@BatchLoader@Assimp@@QEAAX_N@Z,public: void __cdecl Assimp::BatchLoader::setValidation(bool),method,Assimp,BatchLoader,setValidation,bool,False,False,False,False,False,False,True
771,770,0x302,?setValue@DDLNode@ODDLParser@@QEAAXPEAVValue@2@@Z,public: void __cdecl ODDLParser::DDLNode::setValue(class ODDLParser::Value *),method,ODDLParser,DDLNode,setValue,class ODDLParser::Value *,False,False,False,False,False,False,True
772,771,0x303,?size@DataArrayList@ODDLParser@@QEAA_KXZ,public: unsigned __int64 __cdecl ODDLParser::DataArrayList::size(void),method,ODDLParser,DataArrayList,size,void,False,False,False,False,False,False,True
773,772,0x304,?size@Value@ODDLParser@@QEBA_KXZ,public: unsigned __int64 __cdecl ODDLParser::Value::size(void) const,method,ODDLParser,Value,size,void,True,False,False,False,False,False,True
774,773,0x305,?sizeInBytes@Reference@ODDLParser@@QEAA_KXZ,public: unsigned __int64 __cdecl ODDLParser::Reference::sizeInBytes(void),method,ODDLParser,Reference,sizeInBytes,void,False,False,False,False,False,False,True
775,774,0x306,?top@OpenDDLParser@ODDLParser@@QEAAPEAVDDLNode@2@XZ,public: class ODDLParser::DDLNode * __cdecl ODDLParser::OpenDDLParser::top(void),method,ODDLParser,OpenDDLParser,top,void,False,False,False,False,False,False,True
776,775,0x307,?traverseNodes@ScaleProcess@Assimp@@AEAAXPEAUaiNode@@@Z,private: void __cdecl Assimp::ScaleProcess::traverseNodes(struct aiNode *),method,Assimp,ScaleProcess,traverseNodes,struct aiNode *,False,False,False,False,False,False,True
777,776,0x308,?warn@Logger@Assimp@@QEAAXAEBV?$basic_string@DU?$char_traits@D@std@@V?$allocator@D@2@@std@@@Z,"public: void __cdecl Assimp::Logger::warn(class std::basic_string<char, struct std::char_traits<char>, class std::allocator<char>> const &)",method,Assimp,Logger,warn,"class std::basic_string<char, struct std::char_traits<char>, class std::allocator<char>> const &",False,False,False,False,False,False,True
778,777,0x309,?warn@Logger@Assimp@@QEAAXPEBD@Z,public: void __cdecl Assimp::Logger::warn(char const *),method,Assimp,Logger,warn,char const *,False,False,False,False,False,False,True
779,778,0x30A,?write@IOStreamBase@ODDLParser@@UEAA_KAEBV?$basic_string@DU?$char_traits@D@std@@V?$allocator@D@2@@std@@@Z,"public: virtual unsigned __int64 __cdecl ODDLParser::IOStreamBase::write(class std::basic_string<char, struct std::char_traits<char>, class std::allocator<char>> const &)",method,ODDLParser,IOStreamBase,write,"class std::basic_string<char, struct std::char_traits<char>, class std::allocator<char>> const &",False,False,True,False,False,False,True
780,779,0x30B,?writeNode@OpenDDLExport@ODDLParser@@IEAA_NPEAVDDLNode@2@AEAV?$basic_string@DU?$char_traits@D@std@@V?$allocator@D@2@@std@@@Z,"protected: bool __cdecl ODDLParser::OpenDDLExport::writeNode(class ODDLParser::DDLNode *, class std::basic_string<char, struct std::char_traits<char>, class std::allocator<char>> &)",method,ODDLParser,OpenDDLExport,writeNode,"class ODDLParser::DDLNode *, class std::basic_string<char, struct std::char_traits<char>, class std::allocator<char>> &",False,False,False,False,False,False,True
781,780,0x30C,?writeNodeHeader@OpenDDLExport@ODDLParser@@IEAA_NPEAVDDLNode@2@AEAV?$basic_string@DU?$char_traits@D@std@@V?$allocator@D@2@@std@@@Z,"protected: bool __cdecl ODDLParser::OpenDDLExport::writeNodeHeader(class ODDLParser::DDLNode *, class std::basic_string<char, struct std::char_traits<char>, class std::allocator<char>> &)",method,ODDLParser,OpenDDLExport,writeNodeHeader,"class ODDLParser::DDLNode *, class std::basic_string<char, struct std::char_traits<char>, class std::allocator<char>> &",False,False,False,False,False,False,True
782,781,0x30D,?writeProperties@OpenDDLExport@ODDLParser@@IEAA_NPEAVDDLNode@2@AEAV?$basic_string@DU?$char_traits@D@std@@V?$allocator@D@2@@std@@@Z,"protected: bool __cdecl ODDLParser::OpenDDLExport::writeProperties(class ODDLParser::DDLNode *, class std::basic_string<char, struct std::char_traits<char>, class std::allocator<char>> &)",method,ODDLParser,OpenDDLExport,writeProperties,"class ODDLParser::DDLNode *, class std::basic_string<char, struct std::char_traits<char>, class std::allocator<char>> &",False,False,False,False,False,False,True
783,782,0x30E,?writeToStream@OpenDDLExport@ODDLParser@@QEAA_NAEBV?$basic_string@DU?$char_traits@D@std@@V?$allocator@D@2@@std@@@Z,"public: bool __cdecl ODDLParser::OpenDDLExport::writeToStream(class std::basic_string<char, struct std::char_traits<char>, class std::allocator<char>> const &)",method,ODDLParser,OpenDDLExport,writeToStream,"class std::basic_string<char, struct std::char_traits<char>, class std::allocator<char>> const &",False,False,False,False,False,False,True
784,783,0x30F,?writeValue@OpenDDLExport@ODDLParser@@IEAA_NPEAVValue@2@AEAV?$basic_string@DU?$char_traits@D@std@@V?$allocator@D@2@@std@@@Z,"protected: bool __cdecl ODDLParser::OpenDDLExport::writeValue(class ODDLParser::Value *, class std::basic_string<char, struct std::char_traits<char>, class std::allocator<char>> &)",method,ODDLParser,OpenDDLExport,writeValue,"class ODDLParser::Value *, class std::basic_string<char, struct std::char_traits<char>, class std::allocator<char>> &",False,False,False,False,False,False,True
785,784,0x310,?writeValueArray@OpenDDLExport@ODDLParser@@IEAA_NPEAUDataArrayList@2@AEAV?$basic_string@DU?$char_traits@D@std@@V?$allocator@D@2@@std@@@Z,"protected: bool __cdecl ODDLParser::OpenDDLExport::writeValueArray(struct ODDLParser::DataArrayList *, class std::basic_string<char, struct std::char_traits<char>, class std::allocator<char>> &)",method,ODDLParser,OpenDDLExport,writeValueArray,"struct ODDLParser::DataArrayList *, class std::basic_string<char, struct std::char_traits<char>, class std::allocator<char>> &",False,False,False,False,False,False,True
786,785,0x311,?writeValueType@OpenDDLExport@ODDLParser@@IEAA_NW4ValueType@Value@2@_KAEAV?$basic_string@DU?$char_traits@D@std@@V?$allocator@D@2@@std@@@Z,"protected: bool __cdecl ODDLParser::OpenDDLExport::writeValueType(enum ODDLParser::Value::ValueType, unsigned __int64, class std::basic_string<char, struct std::char_traits<char>, class std::allocator<char>> &)",method,ODDLParser,OpenDDLExport,writeValueType,"enum ODDLParser::Value::ValueType, unsigned __int64, class std::basic_string<char, struct std::char_traits<char>, class std::allocator<char>> &",False,False,False,False,False,False,True
787,786,0x312,aiApplyPostProcessing,,unknown,,,,,False,False,False,False,False,False,False
788,787,0x313,aiAttachLogStream,,unknown,,,,,False,False,False,False,False,False,False
789,788,0x314,aiCopyScene,,unknown,,,,,False,False,False,False,False,False,False
790,789,0x315,aiCreatePropertyStore,,unknown,,,,,False,False,False,False,False,False,False
791,790,0x316,aiCreateQuaternionFromMatrix,,unknown,,,,,False,False,False,False,False,False,False
792,791,0x317,aiDecomposeMatrix,,unknown,,,,,False,False,False,False,False,False,False
793,792,0x318,aiDetachAllLogStreams,,unknown,,,,,False,False,False,False,False,False,False
794,793,0x319,aiDetachLogStream,,unknown,,,,,False,False,False,False,False,False,False
795,794,0x31A,aiEnableVerboseLogging,,unknown,,,,,False,False,False,False,False,False,False
796,795,0x31B,aiExportScene,,unknown,,,,,False,False,False,False,False,False,False
797,796,0x31C,aiExportSceneEx,,unknown,,,,,False,False,False,False,False,False,False
798,797,0x31D,aiExportSceneToBlob,,unknown,,,,,False,False,False,False,False,False,False
799,798,0x31E,aiFreeScene,,unknown,,,,,False,False,False,False,False,False,False
800,799,0x31F,aiGetBranchName,,unknown,,,,,False,False,False,False,False,False,False
801,800,0x320,aiGetCompileFlags,,unknown,,,,,False,False,False,False,False,False,False
802,801,0x321,aiGetErrorString,,unknown,,,,,False,False,False,False,False,False,False
803,802,0x322,aiGetExportFormatCount,,unknown,,,,,False,False,False,False,False,False,False
804,803,0x323,aiGetExportFormatDescription,,unknown,,,,,False,False,False,False,False,False,False
805,804,0x324,aiGetExtensionList,,unknown,,,,,False,False,False,False,False,False,False
806,805,0x325,aiGetImportFormatCount,,unknown,,,,,False,False,False,False,False,False,False
807,806,0x326,aiGetImportFormatDescription,,unknown,,,,,False,False,False,False,False,False,False
808,807,0x327,aiGetLegalString,,unknown,,,,,False,False,False,False,False,False,False
809,808,0x328,aiGetMaterialColor,,unknown,,,,,False,False,False,False,False,False,False
810,809,0x329,aiGetMaterialFloatArray,,unknown,,,,,False,False,False,False,False,False,False
811,810,0x32A,aiGetMaterialIntegerArray,,unknown,,,,,False,False,False,False,False,False,False
812,811,0x32B,aiGetMaterialProperty,,unknown,,,,,False,False,False,False,False,False,False
813,812,0x32C,aiGetMaterialString,,unknown,,,,,False,False,False,False,False,False,False
814,813,0x32D,aiGetMaterialTexture,,unknown,,,,,False,False,False,False,False,False,False
815,814,0x32E,aiGetMaterialTextureCount,,unknown,,,,,False,False,False,False,False,False,False
816,815,0x32F,aiGetMaterialUVTransform,,unknown,,,,,False,False,False,False,False,False,False
817,816,0x330,aiGetMemoryRequirements,,unknown,,,,,False,False,False,False,False,False,False
818,817,0x331,aiGetPredefinedLogStream,,unknown,,,,,False,False,False,False,False,False,False
819,818,0x332,aiGetVersionMajor,,unknown,,,,,False,False,False,False,False,False,False
820,819,0x333,aiGetVersionMinor,,unknown,,,,,False,False,False,False,False,False,False
821,820,0x334,aiGetVersionRevision,,unknown,,,,,False,False,False,False,False,False,False
822,821,0x335,aiIdentityMatrix3,,unknown,,,,,False,False,False,False,False,False,False
823,822,0x336,aiIdentityMatrix4,,unknown,,,,,False,False,False,False,False,False,False
824,823,0x337,aiImportFile,,unknown,,,,,False,False,False,False,False,False,False
825,824,0x338,aiImportFileEx,,unknown,,,,,False,False,False,False,False,False,False
826,825,0x339,aiImportFileExWithProperties,,unknown,,,,,False,False,False,False,False,False,False
827,826,0x33A,aiImportFileFromMemory,,unknown,,,,,False,False,False,False,False,False,False
828,827,0x33B,aiImportFileFromMemoryWithProperties,,unknown,,,,,False,False,False,False,False,False,False
829,828,0x33C,aiIsExtensionSupported,,unknown,,,,,False,False,False,False,False,False,False
830,829,0x33D,aiMultiplyMatrix3,,unknown,,,,,False,False,False,False,False,False,False
831,830,0x33E,aiMultiplyMatrix4,,unknown,,,,,False,False,False,False,False,False,False
832,831,0x33F,aiReleaseExportBlob,,unknown,,,,,False,False,False,False,False,False,False
833,832,0x340,aiReleaseExportFormatDescription,,unknown,,,,,False,False,False,False,False,False,False
834,833,0x341,aiReleaseImport,,unknown,,,,,False,False,False,False,False,False,False
835,834,0x342,aiReleasePropertyStore,,unknown,,,,,False,False,False,False,False,False,False
836,835,0x343,aiSetImportPropertyFloat,,unknown,,,,,False,False,False,False,False,False,False
837,836,0x344,aiSetImportPropertyInteger,,unknown,,,,,False,False,False,False,False,False,False
838,837,0x345,aiSetImportPropertyMatrix,,unknown,,,,,False,False,False,False,False,False,False
839,838,0x346,aiSetImportPropertyString,,unknown,,,,,False,False,False,False,False,False,False
840,839,0x347,aiTransformVecByMatrix3,,unknown,,,,,False,False,False,False,False,False,False
841,840,0x348,aiTransformVecByMatrix4,,unknown,,,,,False,False,False,False,False,False,False
842,841,0x349,aiTransposeMatrix3,,unknown,,,,,False,False,False,False,False,False,False
843,842,0x34A,aiTransposeMatrix4,,unknown,,,,,False,False,False,False,False,False,False
