ordinal,rva,rva_hex,name,demangled,symbol_type,namespace,class_name,function_name,parameters,const,static,virtual,is_vftable,is_vbtable,is_rtti,demangle_ok
1,0,0x0,??$getStorage@VGraphicCommandDrawBkg@gui@@@GraphicCommand@gui@@KAAEAU?$CommandStorage@VGraphicCommandDrawBkg@gui@@@01@XZ,protected: static struct gui::GraphicCommand::CommandStorage<class gui::GraphicCommandDrawBkg> & __cdecl gui::GraphicCommand::getStorage<class gui::GraphicCommandDrawBkg>(void),method,,gui,GraphicCommandDrawBkg>,void,False,True,False,False,False,False,True
2,1,0x1,??$getStorage@VGraphicCommandDrawCircle@gui@@@GraphicCommand@gui@@KAAEAU?$CommandStorage@VGraphicCommandDrawCircle@gui@@@01@XZ,protected: static struct gui::GraphicCommand::CommandStorage<class gui::GraphicCommandDrawCircle> & __cdecl gui::GraphicCommand::getStorage<class gui::GraphicCommandDrawCircle>(void),method,,gui,GraphicCommandDrawCircle>,void,False,True,False,False,False,False,True
3,2,0x2,??$getStorage@VGraphicCommandDrawFunc@gui@@@GraphicCommand@gui@@KAAEAU?$CommandStorage@VGraphicCommandDrawFunc@gui@@@01@XZ,protected: static struct gui::GraphicCommand::CommandStorage<class gui::GraphicCommandDrawFunc> & __cdecl gui::GraphicCommand::getStorage<class gui::GraphicCommandDrawFunc>(void),method,,gui,GraphicCommandDrawFunc>,void,False,True,False,False,False,False,True
4,3,0x3,??$getStorage@VGraphicCommandDrawGeometry@gui@@@GraphicCommand@gui@@KAAEAU?$CommandStorage@VGraphicCommandDrawGeometry@gui@@@01@XZ,protected: static struct gui::GraphicCommand::CommandStorage<class gui::GraphicCommandDrawGeometry> & __cdecl gui::GraphicCommand::getStorage<class gui::GraphicCommandDrawGeometry>(void),method,,gui,GraphicCommandDrawGeometry>,void,False,True,False,False,False,False,True
5,4,0x4,??$getStorage@VGraphicCommandDrawLifeBar@gui@@@GraphicCommand@gui@@KAAEAU?$CommandStorage@VGraphicCommandDrawLifeBar@gui@@@01@XZ,protected: static struct gui::GraphicCommand::CommandStorage<class gui::GraphicCommandDrawLifeBar> & __cdecl gui::GraphicCommand::getStorage<class gui::GraphicCommandDrawLifeBar>(void),method,,gui,GraphicCommandDrawLifeBar>,void,False,True,False,False,False,False,True
6,5,0x5,??$getStorage@VGraphicCommandDrawQuads@gui@@@GraphicCommand@gui@@KAAEAU?$CommandStorage@VGraphicCommandDrawQuads@gui@@@01@XZ,protected: static struct gui::GraphicCommand::CommandStorage<class gui::GraphicCommandDrawQuads> & __cdecl gui::GraphicCommand::getStorage<class gui::GraphicCommandDrawQuads>(void),method,,gui,GraphicCommandDrawQuads>,void,False,True,False,False,False,False,True
7,6,0x6,??$getStorage@VGraphicCommandDrawText@gui@@@GraphicCommand@gui@@KAAEAU?$CommandStorage@VGraphicCommandDrawText@gui@@@01@XZ,protected: static struct gui::GraphicCommand::CommandStorage<class gui::GraphicCommandDrawText> & __cdecl gui::GraphicCommand::getStorage<class gui::GraphicCommandDrawText>(void),method,,gui,GraphicCommandDrawText>,void,False,True,False,False,False,False,True
8,7,0x7,??$getStorage@VGraphicCommandDrawToTarget@gui@@@GraphicCommand@gui@@KAAEAU?$CommandStorage@VGraphicCommandDrawToTarget@gui@@@01@XZ,protected: static struct gui::GraphicCommand::CommandStorage<class gui::GraphicCommandDrawToTarget> & __cdecl gui::GraphicCommand::getStorage<class gui::GraphicCommandDrawToTarget>(void),method,,gui,GraphicCommandDrawToTarget>,void,False,True,False,False,False,False,True
9,8,0x8,??$getStorage@VGraphicCommandModelViewMatrix@gui@@@GraphicCommand@gui@@KAAEAU?$CommandStorage@VGraphicCommandModelViewMatrix@gui@@@01@XZ,protected: static struct gui::GraphicCommand::CommandStorage<class gui::GraphicCommandModelViewMatrix> & __cdecl gui::GraphicCommand::getStorage<class gui::GraphicCommandModelViewMatrix>(void),method,,gui,GraphicCommandModelViewMatrix>,void,False,True,False,False,False,False,True
10,9,0x9,??$getStorage@VGraphicCommandParse@gui@@@GraphicCommand@gui@@KAAEAU?$CommandStorage@VGraphicCommandParse@gui@@@01@XZ,protected: static struct gui::GraphicCommand::CommandStorage<class gui::GraphicCommandParse> & __cdecl gui::GraphicCommand::getStorage<class gui::GraphicCommandParse>(void),method,,gui,GraphicCommandParse>,void,False,True,False,False,False,False,True
11,10,0xA,??$getStorage@VGraphicCommandPopClipRect@gui@@@GraphicCommand@gui@@KAAEAU?$CommandStorage@VGraphicCommandPopClipRect@gui@@@01@XZ,protected: static struct gui::GraphicCommand::CommandStorage<class gui::GraphicCommandPopClipRect> & __cdecl gui::GraphicCommand::getStorage<class gui::GraphicCommandPopClipRect>(void),method,,gui,GraphicCommandPopClipRect>,void,False,True,False,False,False,False,True
12,11,0xB,??$getStorage@VGraphicCommandPopShaderTechnique@gui@@@GraphicCommand@gui@@KAAEAU?$CommandStorage@VGraphicCommandPopShaderTechnique@gui@@@01@XZ,protected: static struct gui::GraphicCommand::CommandStorage<class gui::GraphicCommandPopShaderTechnique> & __cdecl gui::GraphicCommand::getStorage<class gui::GraphicCommandPopShaderTechnique>(void),method,,gui,GraphicCommandPopShaderTechnique>,void,False,True,False,False,False,False,True
13,12,0xC,??$getStorage@VGraphicCommandPopViewport@gui@@@GraphicCommand@gui@@KAAEAU?$CommandStorage@VGraphicCommandPopViewport@gui@@@01@XZ,protected: static struct gui::GraphicCommand::CommandStorage<class gui::GraphicCommandPopViewport> & __cdecl gui::GraphicCommand::getStorage<class gui::GraphicCommandPopViewport>(void),method,,gui,GraphicCommandPopViewport>,void,False,True,False,False,False,False,True
14,13,0xD,??$getStorage@VGraphicCommandPreMultModelViewMatrix@gui@@@GraphicCommand@gui@@KAAEAU?$CommandStorage@VGraphicCommandPreMultModelViewMatrix@gui@@@01@XZ,protected: static struct gui::GraphicCommand::CommandStorage<class gui::GraphicCommandPreMultModelViewMatrix> & __cdecl gui::GraphicCommand::getStorage<class gui::GraphicCommandPreMultModelViewMatrix>(void),method,,gui,GraphicCommandPreMultModelViewMatrix>,void,False,True,False,False,False,False,True
15,14,0xE,??$getStorage@VGraphicCommandProjectionMatrix@gui@@@GraphicCommand@gui@@KAAEAU?$CommandStorage@VGraphicCommandProjectionMatrix@gui@@@01@XZ,protected: static struct gui::GraphicCommand::CommandStorage<class gui::GraphicCommandProjectionMatrix> & __cdecl gui::GraphicCommand::getStorage<class gui::GraphicCommandProjectionMatrix>(void),method,,gui,GraphicCommandProjectionMatrix>,void,False,True,False,False,False,False,True
16,15,0xF,??$getStorage@VGraphicCommandPushClipRect@gui@@@GraphicCommand@gui@@KAAEAU?$CommandStorage@VGraphicCommandPushClipRect@gui@@@01@XZ,protected: static struct gui::GraphicCommand::CommandStorage<class gui::GraphicCommandPushClipRect> & __cdecl gui::GraphicCommand::getStorage<class gui::GraphicCommandPushClipRect>(void),method,,gui,GraphicCommandPushClipRect>,void,False,True,False,False,False,False,True
17,16,0x10,??$getStorage@VGraphicCommandPushShaderTechnique@gui@@@GraphicCommand@gui@@KAAEAU?$CommandStorage@VGraphicCommandPushShaderTechnique@gui@@@01@XZ,protected: static struct gui::GraphicCommand::CommandStorage<class gui::GraphicCommandPushShaderTechnique> & __cdecl gui::GraphicCommand::getStorage<class gui::GraphicCommandPushShaderTechnique>(void),method,,gui,GraphicCommandPushShaderTechnique>,void,False,True,False,False,False,False,True
18,17,0x11,??$getStorage@VGraphicCommandPushViewport@gui@@@GraphicCommand@gui@@KAAEAU?$CommandStorage@VGraphicCommandPushViewport@gui@@@01@XZ,protected: static struct gui::GraphicCommand::CommandStorage<class gui::GraphicCommandPushViewport> & __cdecl gui::GraphicCommand::getStorage<class gui::GraphicCommandPushViewport>(void),method,,gui,GraphicCommandPushViewport>,void,False,True,False,False,False,False,True
19,18,0x12,??$getStorage@VGraphicCommandSetModelViewMatrix@gui@@@GraphicCommand@gui@@KAAEAU?$CommandStorage@VGraphicCommandSetModelViewMatrix@gui@@@01@XZ,protected: static struct gui::GraphicCommand::CommandStorage<class gui::GraphicCommandSetModelViewMatrix> & __cdecl gui::GraphicCommand::getStorage<class gui::GraphicCommandSetModelViewMatrix>(void),method,,gui,GraphicCommandSetModelViewMatrix>,void,False,True,False,False,False,False,True
20,19,0x13,??$getStorage@VGraphicCommandSetOpacity@gui@@@GraphicCommand@gui@@KAAEAU?$CommandStorage@VGraphicCommandSetOpacity@gui@@@01@XZ,protected: static struct gui::GraphicCommand::CommandStorage<class gui::GraphicCommandSetOpacity> & __cdecl gui::GraphicCommand::getStorage<class gui::GraphicCommandSetOpacity>(void),method,,gui,GraphicCommandSetOpacity>,void,False,True,False,False,False,False,True
21,20,0x14,??$getStorage@VGraphicCommandSetShaderTechnique@gui@@@GraphicCommand@gui@@KAAEAU?$CommandStorage@VGraphicCommandSetShaderTechnique@gui@@@01@XZ,protected: static struct gui::GraphicCommand::CommandStorage<class gui::GraphicCommandSetShaderTechnique> & __cdecl gui::GraphicCommand::getStorage<class gui::GraphicCommandSetShaderTechnique>(void),method,,gui,GraphicCommandSetShaderTechnique>,void,False,True,False,False,False,False,True
22,21,0x15,??$getStorage@VGraphicCommandSetTextureFiltering@gui@@@GraphicCommand@gui@@KAAEAU?$CommandStorage@VGraphicCommandSetTextureFiltering@gui@@@01@XZ,protected: static struct gui::GraphicCommand::CommandStorage<class gui::GraphicCommandSetTextureFiltering> & __cdecl gui::GraphicCommand::getStorage<class gui::GraphicCommandSetTextureFiltering>(void),method,,gui,GraphicCommandSetTextureFiltering>,void,False,True,False,False,False,False,True
23,22,0x16,??$getStorage@VGraphicCommandShiftPosition@gui@@@GraphicCommand@gui@@KAAEAU?$CommandStorage@VGraphicCommandShiftPosition@gui@@@01@XZ,protected: static struct gui::GraphicCommand::CommandStorage<class gui::GraphicCommandShiftPosition> & __cdecl gui::GraphicCommand::getStorage<class gui::GraphicCommandShiftPosition>(void),method,,gui,GraphicCommandShiftPosition>,void,False,True,False,False,False,False,True
24,23,0x17,??$getValue@PEAVCheckBoxStateInfo@skin@gui@@@luautil@@YA_NPEAUlua_State@@HAEAPEAVCheckBoxStateInfo@skin@gui@@@Z,"bool __cdecl luautil::getValue<class gui::skin::CheckBoxStateInfo *>(struct lua_State *, int, class gui::skin::CheckBoxStateInfo *&)",function,,,>,"struct lua_State *, int, class gui::skin::CheckBoxStateInfo *&",False,False,False,False,False,False,True
25,24,0x18,??$getValue@PEAVMenuSubItemStateInfo@skin@gui@@@luautil@@YA_NPEAUlua_State@@HAEAPEAVMenuSubItemStateInfo@skin@gui@@@Z,"bool __cdecl luautil::getValue<class gui::skin::MenuSubItemStateInfo *>(struct lua_State *, int, class gui::skin::MenuSubItemStateInfo *&)",function,,,>,"struct lua_State *, int, class gui::skin::MenuSubItemStateInfo *&",False,False,False,False,False,False,True
26,25,0x19,??$getValue@PEAVStateInfo@skin@gui@@@luautil@@YA_NPEAUlua_State@@HAEAPEAVStateInfo@skin@gui@@@Z,"bool __cdecl luautil::getValue<class gui::skin::StateInfo *>(struct lua_State *, int, class gui::skin::StateInfo *&)",function,,,>,"struct lua_State *, int, class gui::skin::StateInfo *&",False,False,False,False,False,False,True
27,26,0x1A,??$getValue@UHotKey@WindowBase@gui@@@luautil@@YA_NPEAUlua_State@@HAEAUHotKey@WindowBase@gui@@@Z,"bool __cdecl luautil::getValue<struct gui::WindowBase::HotKey>(struct lua_State *, int, struct gui::WindowBase::HotKey &)",method,gui,WindowBase,HotKey>,"struct lua_State *, int, struct gui::WindowBase::HotKey &",False,False,False,False,False,False,True
28,27,0x1B,??$getValue@UInfo@Bkg@gui@@@luautil@@YA_NPEAUlua_State@@HAEAUInfo@Bkg@gui@@@Z,"bool __cdecl luautil::getValue<struct gui::Bkg::Info>(struct lua_State *, int, struct gui::Bkg::Info &)",method,gui,Bkg,Info>,"struct lua_State *, int, struct gui::Bkg::Info &",False,False,False,False,False,False,True
29,28,0x1C,??$getValue@UInfo@Image@gui@@@luautil@@YA_NPEAUlua_State@@HAEAUInfo@Image@gui@@@Z,"bool __cdecl luautil::getValue<struct gui::Image::Info>(struct lua_State *, int, struct gui::Image::Info &)",method,gui,Image,Info>,"struct lua_State *, int, struct gui::Image::Info &",False,False,False,False,False,False,True
30,29,0x1D,??$getValue@UInfo@Text@gui@@@luautil@@YA_NPEAUlua_State@@HAEAUInfo@Text@gui@@@Z,"bool __cdecl luautil::getValue<struct gui::Text::Info>(struct lua_State *, int, struct gui::Text::Info &)",method,gui,Text,Info>,"struct lua_State *, int, struct gui::Text::Info &",False,False,False,False,False,False,True
31,30,0x1E,??$getValue@V?$RectImpl@VVec2i@osg@@@osg@@@luautil@@YA_NPEAUlua_State@@HAEAV?$RectImpl@VVec2i@osg@@@osg@@@Z,"bool __cdecl luautil::getValue<class osg::RectImpl<class osg::Vec2i>>(struct lua_State *, int, class osg::RectImpl<class osg::Vec2i> &)",method,,osg,Vec2i>>,"struct lua_State *, int, class osg::RectImpl<class osg::Vec2i> &",False,False,False,False,False,False,True
32,31,0x1F,??$getValue@VAlign@gui@@@luautil@@YA_NPEAUlua_State@@HAEAVAlign@gui@@@Z,"bool __cdecl luautil::getValue<class gui::Align>(struct lua_State *, int, class gui::Align &)",method,,gui,Align>,"struct lua_State *, int, class gui::Align &",False,False,False,False,False,False,True
33,32,0x20,??$getValue@VAnchorInfo@AnchorLayout@gui@@@luautil@@YA_NPEAUlua_State@@HAEAVAnchorInfo@AnchorLayout@gui@@@Z,"bool __cdecl luautil::getValue<class gui::AnchorLayout::AnchorInfo>(struct lua_State *, int, class gui::AnchorLayout::AnchorInfo &)",method,gui,AnchorLayout,AnchorInfo>,"struct lua_State *, int, class gui::AnchorLayout::AnchorInfo &",False,False,False,False,False,False,True
34,33,0x21,??$getValue@VInsets@gui@@@luautil@@YA_NPEAUlua_State@@HAEAVInsets@gui@@@Z,"bool __cdecl luautil::getValue<class gui::Insets>(struct lua_State *, int, class gui::Insets &)",method,,gui,Insets>,"struct lua_State *, int, class gui::Insets &",False,False,False,False,False,False,True
35,34,0x22,??$getValue@VVec2i@osg@@@luautil@@YA_NPEAUlua_State@@HAEAVVec2i@osg@@@Z,"bool __cdecl luautil::getValue<class osg::Vec2i>(struct lua_State *, int, class osg::Vec2i &)",method,,osg,Vec2i>,"struct lua_State *, int, class osg::Vec2i &",False,False,False,False,False,False,True
36,35,0x23,??$getValue@VVec4f@osg@@@luautil@@YA_NPEAUlua_State@@HAEAVVec4f@osg@@@Z,"bool __cdecl luautil::getValue<class osg::Vec4f>(struct lua_State *, int, class osg::Vec4f &)",method,,osg,Vec4f>,"struct lua_State *, int, class osg::Vec4f &",False,False,False,False,False,False,True
37,36,0x24,??$setValue@UHotKey@WindowBase@gui@@@luautil@@YAXPEAUlua_State@@AEBUHotKey@WindowBase@gui@@@Z,"void __cdecl luautil::setValue<struct gui::WindowBase::HotKey>(struct lua_State *, struct gui::WindowBase::HotKey const &)",method,gui,WindowBase,HotKey>,"struct lua_State *, struct gui::WindowBase::HotKey const &",False,False,False,False,False,False,True
38,37,0x25,??$setValue@UInfo@Bkg@gui@@@luautil@@YAXPEAUlua_State@@AEBUInfo@Bkg@gui@@@Z,"void __cdecl luautil::setValue<struct gui::Bkg::Info>(struct lua_State *, struct gui::Bkg::Info const &)",method,gui,Bkg,Info>,"struct lua_State *, struct gui::Bkg::Info const &",False,False,False,False,False,False,True
39,38,0x26,??$setValue@UInfo@Image@gui@@@luautil@@YAXPEAUlua_State@@AEBUInfo@Image@gui@@@Z,"void __cdecl luautil::setValue<struct gui::Image::Info>(struct lua_State *, struct gui::Image::Info const &)",method,gui,Image,Info>,"struct lua_State *, struct gui::Image::Info const &",False,False,False,False,False,False,True
40,39,0x27,??$setValue@UInfo@Text@gui@@@luautil@@YAXPEAUlua_State@@AEBUInfo@Text@gui@@@Z,"void __cdecl luautil::setValue<struct gui::Text::Info>(struct lua_State *, struct gui::Text::Info const &)",method,gui,Text,Info>,"struct lua_State *, struct gui::Text::Info const &",False,False,False,False,False,False,True
41,40,0x28,??$setValue@V?$RectImpl@VVec2i@osg@@@osg@@@luautil@@YAXPEAUlua_State@@AEBV?$RectImpl@VVec2i@osg@@@osg@@@Z,"void __cdecl luautil::setValue<class osg::RectImpl<class osg::Vec2i>>(struct lua_State *, class osg::RectImpl<class osg::Vec2i> const &)",method,,osg,Vec2i>>,"struct lua_State *, class osg::RectImpl<class osg::Vec2i> const &",False,False,False,False,False,False,True
42,41,0x29,??$setValue@VAlign@gui@@@luautil@@YAXPEAUlua_State@@AEBVAlign@gui@@@Z,"void __cdecl luautil::setValue<class gui::Align>(struct lua_State *, class gui::Align const &)",method,,gui,Align>,"struct lua_State *, class gui::Align const &",False,False,False,False,False,False,True
43,42,0x2A,??$setValue@VAnchorInfo@AnchorLayout@gui@@@luautil@@YAXPEAUlua_State@@AEBVAnchorInfo@AnchorLayout@gui@@@Z,"void __cdecl luautil::setValue<class gui::AnchorLayout::AnchorInfo>(struct lua_State *, class gui::AnchorLayout::AnchorInfo const &)",method,gui,AnchorLayout,AnchorInfo>,"struct lua_State *, class gui::AnchorLayout::AnchorInfo const &",False,False,False,False,False,False,True
44,43,0x2B,??$setValue@VInsets@gui@@@luautil@@YAXPEAUlua_State@@AEBVInsets@gui@@@Z,"void __cdecl luautil::setValue<class gui::Insets>(struct lua_State *, class gui::Insets const &)",method,,gui,Insets>,"struct lua_State *, class gui::Insets const &",False,False,False,False,False,False,True
45,44,0x2C,??$setValue@VStateInfo@skin@gui@@@luautil@@YAXPEAUlua_State@@AEBVStateInfo@skin@gui@@@Z,"void __cdecl luautil::setValue<class gui::skin::StateInfo>(struct lua_State *, class gui::skin::StateInfo const &)",method,gui,skin,StateInfo>,"struct lua_State *, class gui::skin::StateInfo const &",False,False,False,False,False,False,True
46,45,0x2D,??$setValue@VVec2i@osg@@@luautil@@YAXPEAUlua_State@@AEBVVec2i@osg@@@Z,"void __cdecl luautil::setValue<class osg::Vec2i>(struct lua_State *, class osg::Vec2i const &)",method,,osg,Vec2i>,"struct lua_State *, class osg::Vec2i const &",False,False,False,False,False,False,True
47,46,0x2E,??$setValue@VVec4f@osg@@@luautil@@YAXPEAUlua_State@@AEBVVec4f@osg@@@Z,"void __cdecl luautil::setValue<class osg::Vec4f>(struct lua_State *, class osg::Vec4f const &)",method,,osg,Vec4f>,"struct lua_State *, class osg::Vec4f const &",False,False,False,False,False,False,True
48,47,0x2F,??0Align2@gui@@QEAA@AEBVAlign@1@0@Z,"public: __cdecl gui::Align2::Align2(class gui::Align const &, class gui::Align const &)",method,gui,Align2,Align2,"class gui::Align const &, class gui::Align const &",False,False,False,False,False,False,True
49,48,0x30,??0Align@gui@@QEAA@W4Type@01@H@Z,"public: __cdecl gui::Align::Align(enum gui::Align::Type, int)",method,gui,Align,Align,"enum gui::Align::Type, int",False,False,False,False,False,False,True
50,49,0x31,??0AnchorLayout@gui@@QEAA@XZ,public: __cdecl gui::AnchorLayout::AnchorLayout(void),method,gui,AnchorLayout,AnchorLayout,void,False,False,False,False,False,False,True
51,50,0x32,??0AnimatedColorStatic@gui@@QEAA@XZ,public: __cdecl gui::AnimatedColorStatic::AnimatedColorStatic(void),method,gui,AnimatedColorStatic,AnimatedColorStatic,void,False,False,False,False,False,False,True
52,51,0x33,??0AnimatedColorStaticSkin@skin@gui@@QEAA@PEAVAnimatedColorStatic@2@@Z,public: __cdecl gui::skin::AnimatedColorStaticSkin::AnimatedColorStaticSkin(class gui::AnimatedColorStatic *),method,gui::skin,AnimatedColorStaticSkin,AnimatedColorStaticSkin,class gui::AnimatedColorStatic *,False,False,False,False,False,False,True
53,52,0x34,??0Application@gui@@IEAA@XZ,protected: __cdecl gui::Application::Application(void),method,gui,Application,Application,void,False,False,False,False,False,False,True
54,53,0x35,??0AutoScrollText@gui@@QEAA@XZ,public: __cdecl gui::AutoScrollText::AutoScrollText(void),method,gui,AutoScrollText,AutoScrollText,void,False,False,False,False,False,False,True
55,54,0x36,??0AutoScrollTextSkin@skin@gui@@QEAA@PEAVAutoScrollText@2@@Z,public: __cdecl gui::skin::AutoScrollTextSkin::AutoScrollTextSkin(class gui::AutoScrollText *),method,gui::skin,AutoScrollTextSkin,AutoScrollTextSkin,class gui::AutoScrollText *,False,False,False,False,False,False,True
56,55,0x37,??0Bkg@gui@@QEAA@XZ,public: __cdecl gui::Bkg::Bkg(void),method,gui,Bkg,Bkg,void,False,False,False,False,False,False,True
57,56,0x38,??0BorderLayout@gui@@QEAA@HH@Z,"public: __cdecl gui::BorderLayout::BorderLayout(int, int)",method,gui,BorderLayout,BorderLayout,"int, int",False,False,False,False,False,False,True
58,57,0x39,??0BuddyWindow@gui@@QEAA@XZ,public: __cdecl gui::BuddyWindow::BuddyWindow(void),method,gui,BuddyWindow,BuddyWindow,void,False,False,False,False,False,False,True
59,58,0x3A,??0Button@gui@@QEAA@_N@Z,public: __cdecl gui::Button::Button(bool),method,gui,Button,Button,bool,False,False,False,False,False,False,True
60,59,0x3B,??0ButtonBase@gui@@QEAA@XZ,public: __cdecl gui::ButtonBase::ButtonBase(void),method,gui,ButtonBase,ButtonBase,void,False,False,False,False,False,False,True
61,60,0x3C,??0ButtonSkin@skin@gui@@QEAA@PEAVButton@2@@Z,public: __cdecl gui::skin::ButtonSkin::ButtonSkin(class gui::Button *),method,gui::skin,ButtonSkin,ButtonSkin,class gui::Button *,False,False,False,False,False,False,True
62,61,0x3D,??0Chart@gui@@QEAA@XZ,public: __cdecl gui::Chart::Chart(void),method,gui,Chart,Chart,void,False,False,False,False,False,False,True
63,62,0x3E,??0ChartData@skin@gui@@QEAA@PEAVSkin@12@@Z,public: __cdecl gui::skin::ChartData::ChartData(class gui::skin::Skin *),method,gui::skin,ChartData,ChartData,class gui::skin::Skin *,False,False,False,False,False,False,True
64,63,0x3F,??0ChartSkin@skin@gui@@QEAA@PEAVChart@2@@Z,public: __cdecl gui::skin::ChartSkin::ChartSkin(class gui::Chart *),method,gui::skin,ChartSkin,ChartSkin,class gui::Chart *,False,False,False,False,False,False,True
65,64,0x40,??0CheckBaseSkin@skin@gui@@QEAA@PEAVButtonBase@2@@Z,public: __cdecl gui::skin::CheckBaseSkin::CheckBaseSkin(class gui::ButtonBase *),method,gui::skin,CheckBaseSkin,CheckBaseSkin,class gui::ButtonBase *,False,False,False,False,False,False,True
66,65,0x41,??0CheckBox@gui@@QEAA@H@Z,public: __cdecl gui::CheckBox::CheckBox(int),method,gui,CheckBox,CheckBox,int,False,False,False,False,False,False,True
67,66,0x42,??0CheckBoxSkin@skin@gui@@QEAA@PEAVCheckBox@2@@Z,public: __cdecl gui::skin::CheckBoxSkin::CheckBoxSkin(class gui::CheckBox *),method,gui::skin,CheckBoxSkin,CheckBoxSkin,class gui::CheckBox *,False,False,False,False,False,False,True
68,67,0x43,??0CheckListBox@gui@@QEAA@XZ,public: __cdecl gui::CheckListBox::CheckListBox(void),method,gui,CheckListBox,CheckListBox,void,False,False,False,False,False,False,True
69,68,0x44,??0CheckListBoxLine@gui@@QEAA@XZ,public: __cdecl gui::CheckListBoxLine::CheckListBoxLine(void),method,gui,CheckListBoxLine,CheckListBoxLine,void,False,False,False,False,False,False,True
70,69,0x45,??0CheckListBoxLineSkin@skin@gui@@QEAA@PEAVCheckListBoxLine@2@@Z,public: __cdecl gui::skin::CheckListBoxLineSkin::CheckListBoxLineSkin(class gui::CheckListBoxLine *),method,gui::skin,CheckListBoxLineSkin,CheckListBoxLineSkin,class gui::CheckListBoxLine *,False,False,False,False,False,False,True
71,70,0x46,??0CheckListBoxSkin@skin@gui@@QEAA@PEAVCheckListBox@2@@Z,public: __cdecl gui::skin::CheckListBoxSkin::CheckListBoxSkin(class gui::CheckListBox *),method,gui::skin,CheckListBoxSkin,CheckListBoxSkin,class gui::CheckListBox *,False,False,False,False,False,False,True
72,71,0x47,??0CloseButton@gui@@QEAA@AEAVWindowBase@1@PEAVButtonSkin@skin@1@@Z,"public: __cdecl gui::CloseButton::CloseButton(class gui::WindowBase &, class gui::skin::ButtonSkin *)",method,gui,CloseButton,CloseButton,"class gui::WindowBase &, class gui::skin::ButtonSkin *",False,False,False,False,False,False,True
73,72,0x48,??0ColorTextStatic@gui@@QEAA@XZ,public: __cdecl gui::ColorTextStatic::ColorTextStatic(void),method,gui,ColorTextStatic,ColorTextStatic,void,False,False,False,False,False,False,True
74,73,0x49,??0ColorTextStaticSkin@gui@@QEAA@PEAVColorTextStatic@1@@Z,public: __cdecl gui::ColorTextStaticSkin::ColorTextStaticSkin(class gui::ColorTextStatic *),method,gui,ColorTextStaticSkin,ColorTextStaticSkin,class gui::ColorTextStatic *,False,False,False,False,False,False,True
75,74,0x4A,??0ComboBaseSkin@skin@gui@@QEAA@PEAVWidget@2@@Z,public: __cdecl gui::skin::ComboBaseSkin::ComboBaseSkin(class gui::Widget *),method,gui::skin,ComboBaseSkin,ComboBaseSkin,class gui::Widget *,False,False,False,False,False,False,True
76,75,0x4B,??0ComboBox@gui@@QEAA@XZ,public: __cdecl gui::ComboBox::ComboBox(void),method,gui,ComboBox,ComboBox,void,False,False,False,False,False,False,True
77,76,0x4C,??0ComboBoxButton@gui@@QEAA@AEAVComboBox@1@@Z,public: __cdecl gui::ComboBoxButton::ComboBoxButton(class gui::ComboBox &),method,gui,ComboBoxButton,ComboBoxButton,class gui::ComboBox &,False,False,False,False,False,False,True
78,77,0x4D,??0ComboBoxEditBox@gui@@QEAA@AEAVComboBox@1@@Z,public: __cdecl gui::ComboBoxEditBox::ComboBoxEditBox(class gui::ComboBox &),method,gui,ComboBoxEditBox,ComboBoxEditBox,class gui::ComboBox &,False,False,False,False,False,False,True
79,78,0x4E,??0ComboBoxListBox@gui@@QEAA@AEAVComboBoxWindow@1@@Z,public: __cdecl gui::ComboBoxListBox::ComboBoxListBox(class gui::ComboBoxWindow &),method,gui,ComboBoxListBox,ComboBoxListBox,class gui::ComboBoxWindow &,False,False,False,False,False,False,True
80,79,0x4F,??0ComboBoxSkin@skin@gui@@QEAA@PEAVComboBox@2@@Z,public: __cdecl gui::skin::ComboBoxSkin::ComboBoxSkin(class gui::ComboBox *),method,gui::skin,ComboBoxSkin,ComboBoxSkin,class gui::ComboBox *,False,False,False,False,False,False,True
81,80,0x50,??0ComboBoxWindow@gui@@QEAA@AEAVComboBox@1@@Z,public: __cdecl gui::ComboBoxWindow::ComboBoxWindow(class gui::ComboBox &),method,gui,ComboBoxWindow,ComboBoxWindow,class gui::ComboBox &,False,False,False,False,False,False,True
82,81,0x51,??0ComboList@gui@@QEAA@XZ,public: __cdecl gui::ComboList::ComboList(void),method,gui,ComboList,ComboList,void,False,False,False,False,False,False,True
83,82,0x52,??0ComboListButton@gui@@QEAA@AEAVComboList@1@@Z,public: __cdecl gui::ComboListButton::ComboListButton(class gui::ComboList &),method,gui,ComboListButton,ComboListButton,class gui::ComboList &,False,False,False,False,False,False,True
84,83,0x53,??0ComboListListBox@gui@@QEAA@AEAVComboListWindow@1@@Z,public: __cdecl gui::ComboListListBox::ComboListListBox(class gui::ComboListWindow &),method,gui,ComboListListBox,ComboListListBox,class gui::ComboListWindow &,False,False,False,False,False,False,True
85,84,0x54,??0ComboListSkin@skin@gui@@QEAA@PEAVComboList@2@@Z,public: __cdecl gui::skin::ComboListSkin::ComboListSkin(class gui::ComboList *),method,gui::skin,ComboListSkin,ComboListSkin,class gui::ComboList *,False,False,False,False,False,False,True
86,85,0x55,??0ComboListView@gui@@QEAA@AEAVComboList@1@@Z,public: __cdecl gui::ComboListView::ComboListView(class gui::ComboList &),method,gui,ComboListView,ComboListView,class gui::ComboList &,False,False,False,False,False,False,True
87,86,0x56,??0ComboListWindow@gui@@QEAA@AEAVComboList@1@@Z,public: __cdecl gui::ComboListWindow::ComboListWindow(class gui::ComboList &),method,gui,ComboListWindow,ComboListWindow,class gui::ComboList &,False,False,False,False,False,False,True
88,87,0x57,??0ComboWindow@gui@@QEAA@AEAVWidget@1@@Z,public: __cdecl gui::ComboWindow::ComboWindow(class gui::Widget &),method,gui,ComboWindow,ComboWindow,class gui::Widget &,False,False,False,False,False,False,True
89,88,0x58,??0Container@gui@@QEAA@XZ,public: __cdecl gui::Container::Container(void),method,gui,Container,Container,void,False,False,False,False,False,False,True
90,89,0x59,??0Data@skin@gui@@QEAA@PEAVSkin@12@@Z,public: __cdecl gui::skin::Data::Data(class gui::skin::Skin *),method,gui::skin,Data,Data,class gui::skin::Skin *,False,False,False,False,False,False,True
91,90,0x5A,??0Dial@gui@@QEAA@XZ,public: __cdecl gui::Dial::Dial(void),method,gui,Dial,Dial,void,False,False,False,False,False,False,True
92,91,0x5B,??0DialArrow@gui@@QEAA@PEAVDial@1@@Z,public: __cdecl gui::DialArrow::DialArrow(class gui::Dial *),method,gui,DialArrow,DialArrow,class gui::Dial *,False,False,False,False,False,False,True
93,92,0x5C,??0DialSkin@skin@gui@@QEAA@PEAVDial@2@@Z,public: __cdecl gui::skin::DialSkin::DialSkin(class gui::Dial *),method,gui::skin,DialSkin,DialSkin,class gui::Dial *,False,False,False,False,False,False,True
94,93,0x5D,??0DisableClippingGuard@GUI@gui@@QEAA@XZ,public: __cdecl gui::GUI::DisableClippingGuard::DisableClippingGuard(void),method,gui::GUI,DisableClippingGuard,DisableClippingGuard,void,False,False,False,False,False,False,True
95,94,0x5E,??0EditBox@gui@@QEAA@_N@Z,public: __cdecl gui::EditBox::EditBox(bool),method,gui,EditBox,EditBox,bool,False,False,False,False,False,False,True
96,95,0x5F,??0EditBoxCaret@gui@@QEAA@XZ,public: __cdecl gui::EditBoxCaret::EditBoxCaret(void),method,gui,EditBoxCaret,EditBoxCaret,void,False,False,False,False,False,False,True
97,96,0x60,??0EditBoxItem@gui@@QEAA@$$QEAV?$vector@UWord@EditBoxItem@gui@@V?$allocator@UWord@EditBoxItem@gui@@@ed@@@ed@@@Z,"public: __cdecl gui::EditBoxItem::EditBoxItem(class ed::vector<struct gui::EditBoxItem::Word, class ed::allocator<struct gui::EditBoxItem::Word>> &&)",method,gui,EditBoxItem,EditBoxItem,"class ed::vector<struct gui::EditBoxItem::Word, class ed::allocator<struct gui::EditBoxItem::Word>> &&",False,False,False,False,False,False,True
98,97,0x61,??0EditBoxItem@gui@@QEAA@AEBV?$vector@UWord@EditBoxItem@gui@@V?$allocator@UWord@EditBoxItem@gui@@@ed@@@ed@@@Z,"public: __cdecl gui::EditBoxItem::EditBoxItem(class ed::vector<struct gui::EditBoxItem::Word, class ed::allocator<struct gui::EditBoxItem::Word>> const &)",method,gui,EditBoxItem,EditBoxItem,"class ed::vector<struct gui::EditBoxItem::Word, class ed::allocator<struct gui::EditBoxItem::Word>> const &",False,False,False,False,False,False,True
99,98,0x62,??0EditBoxLine@gui@@QEAA@AEBVEditBox@1@@Z,public: __cdecl gui::EditBoxLine::EditBoxLine(class gui::EditBox const &),method,gui,EditBoxLine,EditBoxLine,class gui::EditBox const &,False,False,False,False,False,False,True
100,99,0x63,??0EditBoxLineSkin@gui@@QEAA@PEAVEditBoxLine@1@@Z,public: __cdecl gui::EditBoxLineSkin::EditBoxLineSkin(class gui::EditBoxLine *),method,gui,EditBoxLineSkin,EditBoxLineSkin,class gui::EditBoxLine *,False,False,False,False,False,False,True
101,100,0x64,??0EditBoxSelection@gui@@QEAA@HH@Z,"public: __cdecl gui::EditBoxSelection::EditBoxSelection(int, int)",method,gui,EditBoxSelection,EditBoxSelection,"int, int",False,False,False,False,False,False,True
102,101,0x65,??0EditBoxSelection@gui@@QEAA@HHHH@Z,"public: __cdecl gui::EditBoxSelection::EditBoxSelection(int, int, int, int)",method,gui,EditBoxSelection,EditBoxSelection,"int, int, int, int",False,False,False,False,False,False,True
103,102,0x66,??0EditBoxSelection@gui@@QEAA@XZ,public: __cdecl gui::EditBoxSelection::EditBoxSelection(void),method,gui,EditBoxSelection,EditBoxSelection,void,False,False,False,False,False,False,True
104,103,0x67,??0EditBoxSkin@skin@gui@@QEAA@PEAVEditBox@2@@Z,public: __cdecl gui::skin::EditBoxSkin::EditBoxSkin(class gui::EditBox *),method,gui::skin,EditBoxSkin,EditBoxSkin,class gui::EditBox *,False,False,False,False,False,False,True
105,104,0x68,??0EditBoxView@gui@@QEAA@AEAVEditBox@1@@Z,public: __cdecl gui::EditBoxView::EditBoxView(class gui::EditBox &),method,gui,EditBoxView,EditBoxView,class gui::EditBox &,False,False,False,False,False,False,True
106,105,0x69,??0FormLayout@gui@@QEAA@HH@Z,"public: __cdecl gui::FormLayout::FormLayout(int, int)",method,gui,FormLayout,FormLayout,"int, int",False,False,False,False,False,False,True
107,106,0x6A,??0GraphicCommand@gui@@IEAA@XZ,protected: __cdecl gui::GraphicCommand::GraphicCommand(void),method,gui,GraphicCommand,GraphicCommand,void,False,False,False,False,False,False,True
108,107,0x6B,??0GraphicCommandDrawCircle@gui@@QEAA@XZ,public: __cdecl gui::GraphicCommandDrawCircle::GraphicCommandDrawCircle(void),method,gui,GraphicCommandDrawCircle,GraphicCommandDrawCircle,void,False,False,False,False,False,False,True
109,108,0x6C,??0GraphicCommandDrawGeometry@gui@@QEAA@XZ,public: __cdecl gui::GraphicCommandDrawGeometry::GraphicCommandDrawGeometry(void),method,gui,GraphicCommandDrawGeometry,GraphicCommandDrawGeometry,void,False,False,False,False,False,False,True
110,109,0x6D,??0GraphicCommandDrawLifeBar@gui@@QEAA@XZ,public: __cdecl gui::GraphicCommandDrawLifeBar::GraphicCommandDrawLifeBar(void),method,gui,GraphicCommandDrawLifeBar,GraphicCommandDrawLifeBar,void,False,False,False,False,False,False,True
111,110,0x6E,??0GraphicCommandModelViewMatrixGuard@gui@@QEAA@PEAVGraphicCommands@1@@Z,public: __cdecl gui::GraphicCommandModelViewMatrixGuard::GraphicCommandModelViewMatrixGuard(class gui::GraphicCommands *),method,gui,GraphicCommandModelViewMatrixGuard,GraphicCommandModelViewMatrixGuard,class gui::GraphicCommands *,False,False,False,False,False,False,True
112,111,0x6F,??0GraphicCommandOpacityGuard@gui@@QEAA@PEAVGraphicCommands@1@M@Z,"public: __cdecl gui::GraphicCommandOpacityGuard::GraphicCommandOpacityGuard(class gui::GraphicCommands *, float)",method,gui,GraphicCommandOpacityGuard,GraphicCommandOpacityGuard,"class gui::GraphicCommands *, float",False,False,False,False,False,False,True
113,112,0x70,??0GraphicCommandProjectionMatrixGuard@gui@@QEAA@PEAVGraphicCommands@1@@Z,public: __cdecl gui::GraphicCommandProjectionMatrixGuard::GraphicCommandProjectionMatrixGuard(class gui::GraphicCommands *),method,gui,GraphicCommandProjectionMatrixGuard,GraphicCommandProjectionMatrixGuard,class gui::GraphicCommands *,False,False,False,False,False,False,True
114,113,0x71,??0GraphicCommandShaderTechniqueGuard@gui@@QEAA@PEAVGraphicCommands@1@W4TechniqueType@uiBaseRenderer@@@Z,"public: __cdecl gui::GraphicCommandShaderTechniqueGuard::GraphicCommandShaderTechniqueGuard(class gui::GraphicCommands *, enum uiBaseRenderer::TechniqueType)",method,gui,GraphicCommandShaderTechniqueGuard,GraphicCommandShaderTechniqueGuard,"class gui::GraphicCommands *, enum uiBaseRenderer::TechniqueType",False,False,False,False,False,False,True
115,114,0x72,??0GraphicCommandShiftPositionGuard@gui@@QEAA@PEAVGraphicCommands@1@MMM@Z,"public: __cdecl gui::GraphicCommandShiftPositionGuard::GraphicCommandShiftPositionGuard(class gui::GraphicCommands *, float, float, float)",method,gui,GraphicCommandShiftPositionGuard,GraphicCommandShiftPositionGuard,"class gui::GraphicCommands *, float, float, float",False,False,False,False,False,False,True
116,115,0x73,??0GraphicCommandViewportGuard@gui@@QEAA@PEAVGraphicCommands@1@AEBV?$RectImpl@VVec2i@osg@@@osg@@@Z,"public: __cdecl gui::GraphicCommandViewportGuard::GraphicCommandViewportGuard(class gui::GraphicCommands *, class osg::RectImpl<class osg::Vec2i> const &)",method,gui,GraphicCommandViewportGuard,GraphicCommandViewportGuard,"class gui::GraphicCommands *, class osg::RectImpl<class osg::Vec2i> const &",False,False,False,False,False,False,True
117,116,0x74,??0GraphicCommands@gui@@QEAA@XZ,public: __cdecl gui::GraphicCommands::GraphicCommands(void),method,gui,GraphicCommands,GraphicCommands,void,False,False,False,False,False,False,True
118,117,0x75,??0Grid@gui@@QEAA@XZ,public: __cdecl gui::Grid::Grid(void),method,gui,Grid,Grid,void,False,False,False,False,False,False,True
119,118,0x76,??0GridHeader@gui@@QEAA@AEAVGrid@1@@Z,public: __cdecl gui::GridHeader::GridHeader(class gui::Grid &),method,gui,GridHeader,GridHeader,class gui::Grid &,False,False,False,False,False,False,True
120,119,0x77,??0GridHeaderCell@gui@@QEAA@XZ,public: __cdecl gui::GridHeaderCell::GridHeaderCell(void),method,gui,GridHeaderCell,GridHeaderCell,void,False,False,False,False,False,False,True
121,120,0x78,??0GridHeaderCellSkin@skin@gui@@QEAA@PEAVGridHeaderCell@2@@Z,public: __cdecl gui::skin::GridHeaderCellSkin::GridHeaderCellSkin(class gui::GridHeaderCell *),method,gui::skin,GridHeaderCellSkin,GridHeaderCellSkin,class gui::GridHeaderCell *,False,False,False,False,False,False,True
122,121,0x79,??0GridSkin@skin@gui@@QEAA@PEAVGrid@2@@Z,public: __cdecl gui::skin::GridSkin::GridSkin(class gui::Grid *),method,gui::skin,GridSkin,GridSkin,class gui::Grid *,False,False,False,False,False,False,True
123,122,0x7A,??0GridView@gui@@QEAA@AEAVGrid@1@@Z,public: __cdecl gui::GridView::GridView(class gui::Grid &),method,gui,GridView,GridView,class gui::Grid &,False,False,False,False,False,False,True
124,123,0x7B,??0GridViewSkin@skin@gui@@QEAA@PEAVGridView@2@@Z,public: __cdecl gui::skin::GridViewSkin::GridViewSkin(class gui::GridView *),method,gui::skin,GridViewSkin,GridViewSkin,class gui::GridView *,False,False,False,False,False,False,True
125,124,0x7C,??0HorzLayout@gui@@QEAA@H@Z,public: __cdecl gui::HorzLayout::HorzLayout(int),method,gui,HorzLayout,HorzLayout,int,False,False,False,False,False,False,True
126,125,0x7D,??0HorzProgressBar@gui@@QEAA@XZ,public: __cdecl gui::HorzProgressBar::HorzProgressBar(void),method,gui,HorzProgressBar,HorzProgressBar,void,False,False,False,False,False,False,True
127,126,0x7E,??0HorzProgressBarSkin@skin@gui@@QEAA@PEAVHorzProgressBar@2@@Z,public: __cdecl gui::skin::HorzProgressBarSkin::HorzProgressBarSkin(class gui::HorzProgressBar *),method,gui::skin,HorzProgressBarSkin,HorzProgressBarSkin,class gui::HorzProgressBar *,False,False,False,False,False,False,True
128,127,0x7F,??0HorzRangeIndicator@gui@@QEAA@XZ,public: __cdecl gui::HorzRangeIndicator::HorzRangeIndicator(void),method,gui,HorzRangeIndicator,HorzRangeIndicator,void,False,False,False,False,False,False,True
129,128,0x80,??0HorzRangeIndicatorSkin@skin@gui@@QEAA@PEAVHorzRangeIndicator@2@@Z,public: __cdecl gui::skin::HorzRangeIndicatorSkin::HorzRangeIndicatorSkin(class gui::HorzRangeIndicator *),method,gui::skin,HorzRangeIndicatorSkin,HorzRangeIndicatorSkin,class gui::HorzRangeIndicator *,False,False,False,False,False,False,True
130,129,0x81,??0HorzScrollBar@gui@@QEAA@_N@Z,public: __cdecl gui::HorzScrollBar::HorzScrollBar(bool),method,gui,HorzScrollBar,HorzScrollBar,bool,False,False,False,False,False,False,True
131,130,0x82,??0HorzSlider@gui@@QEAA@XZ,public: __cdecl gui::HorzSlider::HorzSlider(void),method,gui,HorzSlider,HorzSlider,void,False,False,False,False,False,False,True
132,131,0x83,??0Image@gui@@QEAA@XZ,public: __cdecl gui::Image::Image(void),method,gui,Image,Image,void,False,False,False,False,False,False,True
133,132,0x84,??0Layout@gui@@QEAA@XZ,public: __cdecl gui::Layout::Layout(void),method,gui,Layout,Layout,void,False,False,False,False,False,False,True
134,133,0x85,??0ListBox@gui@@QEAA@XZ,public: __cdecl gui::ListBox::ListBox(void),method,gui,ListBox,ListBox,void,False,False,False,False,False,False,True
135,134,0x86,??0ListBoxBase@gui@@IEAA@XZ,protected: __cdecl gui::ListBoxBase::ListBoxBase(void),method,gui,ListBoxBase,ListBoxBase,void,False,False,False,False,False,False,True
136,135,0x87,??0ListBoxLine@gui@@QEAA@XZ,public: __cdecl gui::ListBoxLine::ListBoxLine(void),method,gui,ListBoxLine,ListBoxLine,void,False,False,False,False,False,False,True
137,136,0x88,??0ListBoxLineBase@gui@@QEAA@XZ,public: __cdecl gui::ListBoxLineBase::ListBoxLineBase(void),method,gui,ListBoxLineBase,ListBoxLineBase,void,False,False,False,False,False,False,True
138,137,0x89,??0ListBoxLineSkin@skin@gui@@QEAA@PEAVListBoxLine@2@@Z,public: __cdecl gui::skin::ListBoxLineSkin::ListBoxLineSkin(class gui::ListBoxLine *),method,gui::skin,ListBoxLineSkin,ListBoxLineSkin,class gui::ListBoxLine *,False,False,False,False,False,False,True
139,138,0x8A,??0ListBoxLineSkinBase@skin@gui@@QEAA@PEAVListBoxLineBase@2@_N@Z,"public: __cdecl gui::skin::ListBoxLineSkinBase::ListBoxLineSkinBase(class gui::ListBoxLineBase *, bool)",method,gui::skin,ListBoxLineSkinBase,ListBoxLineSkinBase,"class gui::ListBoxLineBase *, bool",False,False,False,False,False,False,True
140,139,0x8B,??0ListBoxSkin@skin@gui@@QEAA@PEAVListBox@2@@Z,public: __cdecl gui::skin::ListBoxSkin::ListBoxSkin(class gui::ListBox *),method,gui::skin,ListBoxSkin,ListBoxSkin,class gui::ListBox *,False,False,False,False,False,False,True
141,140,0x8C,??0ListBoxSkinBase@skin@gui@@QEAA@PEAVListBoxBase@2@@Z,public: __cdecl gui::skin::ListBoxSkinBase::ListBoxSkinBase(class gui::ListBoxBase *),method,gui::skin,ListBoxSkinBase,ListBoxSkinBase,class gui::ListBoxBase *,False,False,False,False,False,False,True
142,141,0x8D,??0Menu@gui@@QEAA@XZ,public: __cdecl gui::Menu::Menu(void),method,gui,Menu,Menu,void,False,False,False,False,False,False,True
143,142,0x8E,??0MenuBar@gui@@QEAA@XZ,public: __cdecl gui::MenuBar::MenuBar(void),method,gui,MenuBar,MenuBar,void,False,False,False,False,False,False,True
144,143,0x8F,??0MenuBarItem@gui@@QEAA@XZ,public: __cdecl gui::MenuBarItem::MenuBarItem(void),method,gui,MenuBarItem,MenuBarItem,void,False,False,False,False,False,False,True
145,144,0x90,??0MenuBarSkin@skin@gui@@QEAA@PEAVMenuBar@2@@Z,public: __cdecl gui::skin::MenuBarSkin::MenuBarSkin(class gui::MenuBar *),method,gui::skin,MenuBarSkin,MenuBarSkin,class gui::MenuBar *,False,False,False,False,False,False,True
146,145,0x91,??0MenuCheckItem@gui@@QEAA@_N@Z,public: __cdecl gui::MenuCheckItem::MenuCheckItem(bool),method,gui,MenuCheckItem,MenuCheckItem,bool,False,False,False,False,False,False,True
147,146,0x92,??0MenuItem@gui@@QEAA@XZ,public: __cdecl gui::MenuItem::MenuItem(void),method,gui,MenuItem,MenuItem,void,False,False,False,False,False,False,True
148,147,0x93,??0MenuItemBase@gui@@QEAA@XZ,public: __cdecl gui::MenuItemBase::MenuItemBase(void),method,gui,MenuItemBase,MenuItemBase,void,False,False,False,False,False,False,True
149,148,0x94,??0MenuItemSkin@skin@gui@@QEAA@PEAVMenuItemBase@2@@Z,public: __cdecl gui::skin::MenuItemSkin::MenuItemSkin(class gui::MenuItemBase *),method,gui::skin,MenuItemSkin,MenuItemSkin,class gui::MenuItemBase *,False,False,False,False,False,False,True
150,149,0x95,??0MenuRadioItem@gui@@QEAA@XZ,public: __cdecl gui::MenuRadioItem::MenuRadioItem(void),method,gui,MenuRadioItem,MenuRadioItem,void,False,False,False,False,False,False,True
151,150,0x96,??0MenuSeparatorItem@gui@@QEAA@XZ,public: __cdecl gui::MenuSeparatorItem::MenuSeparatorItem(void),method,gui,MenuSeparatorItem,MenuSeparatorItem,void,False,False,False,False,False,False,True
152,151,0x97,??0MenuSkin@skin@gui@@QEAA@PEAVMenu@2@@Z,public: __cdecl gui::skin::MenuSkin::MenuSkin(class gui::Menu *),method,gui::skin,MenuSkin,MenuSkin,class gui::Menu *,False,False,False,False,False,False,True
153,152,0x98,??0MenuSubItem@gui@@QEAA@_N@Z,public: __cdecl gui::MenuSubItem::MenuSubItem(bool),method,gui,MenuSubItem,MenuSubItem,bool,False,False,False,False,False,False,True
154,153,0x99,??0MenuSubItemSkin@skin@gui@@QEAA@PEAVMenuSubItem@2@@Z,public: __cdecl gui::skin::MenuSubItemSkin::MenuSubItemSkin(class gui::MenuSubItem *),method,gui::skin,MenuSubItemSkin,MenuSubItemSkin,class gui::MenuSubItem *,False,False,False,False,False,False,True
155,154,0x9A,??0ModalWindow@gui@@QEAA@_N@Z,public: __cdecl gui::ModalWindow::ModalWindow(bool),method,gui,ModalWindow,ModalWindow,bool,False,False,False,False,False,False,True
156,155,0x9B,??0OffscreenWindow@gui@@QEAA@XZ,public: __cdecl gui::OffscreenWindow::OffscreenWindow(void),method,gui,OffscreenWindow,OffscreenWindow,void,False,False,False,False,False,False,True
157,156,0x9C,??0OverlayWindow@gui@@QEAA@XZ,public: __cdecl gui::OverlayWindow::OverlayWindow(void),method,gui,OverlayWindow,OverlayWindow,void,False,False,False,False,False,False,True
158,157,0x9D,??0Panel@gui@@QEAA@XZ,public: __cdecl gui::Panel::Panel(void),method,gui,Panel,Panel,void,False,False,False,False,False,False,True
159,158,0x9E,??0PieMenu@gui@@QEAA@XZ,public: __cdecl gui::PieMenu::PieMenu(void),method,gui,PieMenu,PieMenu,void,False,False,False,False,False,False,True
160,159,0x9F,??0PieMenuItem@gui@@QEAA@_N@Z,public: __cdecl gui::PieMenuItem::PieMenuItem(bool),method,gui,PieMenuItem,PieMenuItem,bool,False,False,False,False,False,False,True
161,160,0xA0,??0PieMenuItemSkin@skin@gui@@QEAA@PEAVPieMenuItem@2@_N@Z,"public: __cdecl gui::skin::PieMenuItemSkin::PieMenuItemSkin(class gui::PieMenuItem *, bool)",method,gui::skin,PieMenuItemSkin,PieMenuItemSkin,"class gui::PieMenuItem *, bool",False,False,False,False,False,False,True
162,161,0xA1,??0PieMenuSkin@skin@gui@@QEAA@PEAVPieMenu@2@@Z,public: __cdecl gui::skin::PieMenuSkin::PieMenuSkin(class gui::PieMenu *),method,gui::skin,PieMenuSkin,PieMenuSkin,class gui::PieMenu *,False,False,False,False,False,False,True
163,162,0xA2,??0PieMenuSubItem@gui@@QEAA@XZ,public: __cdecl gui::PieMenuSubItem::PieMenuSubItem(void),method,gui,PieMenuSubItem,PieMenuSubItem,void,False,False,False,False,False,False,True
164,163,0xA3,??0PieMenuSubItemSkin@skin@gui@@QEAA@PEAVPieMenuSubItem@2@@Z,public: __cdecl gui::skin::PieMenuSubItemSkin::PieMenuSubItemSkin(class gui::PieMenuSubItem *),method,gui::skin,PieMenuSubItemSkin,PieMenuSubItemSkin,class gui::PieMenuSubItem *,False,False,False,False,False,False,True
165,164,0xA4,??0PopupWindow@gui@@QEAA@XZ,public: __cdecl gui::PopupWindow::PopupWindow(void),method,gui,PopupWindow,PopupWindow,void,False,False,False,False,False,False,True
166,165,0xA5,??0ProgressBar@gui@@QEAA@XZ,public: __cdecl gui::ProgressBar::ProgressBar(void),method,gui,ProgressBar,ProgressBar,void,False,False,False,False,False,False,True
167,166,0xA6,??0ProgressBarFiller@gui@@QEAA@XZ,public: __cdecl gui::ProgressBarFiller::ProgressBarFiller(void),method,gui,ProgressBarFiller,ProgressBarFiller,void,False,False,False,False,False,False,True
168,167,0xA7,??0ProgressBarSkin@skin@gui@@QEAA@PEAVProgressBar@2@@Z,public: __cdecl gui::skin::ProgressBarSkin::ProgressBarSkin(class gui::ProgressBar *),method,gui::skin,ProgressBarSkin,ProgressBarSkin,class gui::ProgressBar *,False,False,False,False,False,False,True
169,168,0xA8,??0RadioButton@gui@@QEAA@XZ,public: __cdecl gui::RadioButton::RadioButton(void),method,gui,RadioButton,RadioButton,void,False,False,False,False,False,False,True
170,169,0xA9,??0RadioButtonSkin@skin@gui@@QEAA@PEAVRadioButton@2@@Z,public: __cdecl gui::skin::RadioButtonSkin::RadioButtonSkin(class gui::RadioButton *),method,gui::skin,RadioButtonSkin,RadioButtonSkin,class gui::RadioButton *,False,False,False,False,False,False,True
171,170,0xAA,??0RangeIndicator@gui@@QEAA@XZ,public: __cdecl gui::RangeIndicator::RangeIndicator(void),method,gui,RangeIndicator,RangeIndicator,void,False,False,False,False,False,False,True
172,171,0xAB,??0RangeIndicatorFiller@gui@@QEAA@XZ,public: __cdecl gui::RangeIndicatorFiller::RangeIndicatorFiller(void),method,gui,RangeIndicatorFiller,RangeIndicatorFiller,void,False,False,False,False,False,False,True
173,172,0xAC,??0RangeIndicatorSkin@skin@gui@@QEAA@PEAVRangeIndicator@2@@Z,public: __cdecl gui::skin::RangeIndicatorSkin::RangeIndicatorSkin(class gui::RangeIndicator *),method,gui::skin,RangeIndicatorSkin,RangeIndicatorSkin,class gui::RangeIndicator *,False,False,False,False,False,False,True
174,173,0xAD,??0ScrollBar@gui@@QEAA@XZ,public: __cdecl gui::ScrollBar::ScrollBar(void),method,gui,ScrollBar,ScrollBar,void,False,False,False,False,False,False,True
175,174,0xAE,??0ScrollBarBase@gui@@QEAA@XZ,public: __cdecl gui::ScrollBarBase::ScrollBarBase(void),method,gui,ScrollBarBase,ScrollBarBase,void,False,False,False,False,False,False,True
176,175,0xAF,??0ScrollBarSkin@skin@gui@@QEAA@PEAVScrollBar@2@@Z,public: __cdecl gui::skin::ScrollBarSkin::ScrollBarSkin(class gui::ScrollBar *),method,gui::skin,ScrollBarSkin,ScrollBarSkin,class gui::ScrollBar *,False,False,False,False,False,False,True
177,176,0xB0,??0ScrollBarThumb@gui@@QEAA@AEAVScrollBar@1@@Z,public: __cdecl gui::ScrollBarThumb::ScrollBarThumb(class gui::ScrollBar &),method,gui,ScrollBarThumb,ScrollBarThumb,class gui::ScrollBar &,False,False,False,False,False,False,True
178,177,0xB1,??0ScrollBarThumbSkin@skin@gui@@QEAA@PEAVScrollBarThumb@2@@Z,public: __cdecl gui::skin::ScrollBarThumbSkin::ScrollBarThumbSkin(class gui::ScrollBarThumb *),method,gui::skin,ScrollBarThumbSkin,ScrollBarThumbSkin,class gui::ScrollBarThumb *,False,False,False,False,False,False,True
179,178,0xB2,??0ScrollPane@gui@@QEAA@XZ,public: __cdecl gui::ScrollPane::ScrollPane(void),method,gui,ScrollPane,ScrollPane,void,False,False,False,False,False,False,True
180,179,0xB3,??0ScrollPaneSkin@skin@gui@@QEAA@PEAVScrollPane@2@@Z,public: __cdecl gui::skin::ScrollPaneSkin::ScrollPaneSkin(class gui::ScrollPane *),method,gui::skin,ScrollPaneSkin,ScrollPaneSkin,class gui::ScrollPane *,False,False,False,False,False,False,True
181,180,0xB4,??0ShaderEffect@skin@gui@@IEAA@XZ,protected: __cdecl gui::skin::ShaderEffect::ShaderEffect(void),method,gui::skin,ShaderEffect,ShaderEffect,void,False,False,False,False,False,False,True
182,181,0xB5,??0ShaderEffectAlpha@skin@gui@@IEAA@XZ,protected: __cdecl gui::skin::ShaderEffectAlpha::ShaderEffectAlpha(void),method,gui::skin,ShaderEffectAlpha,ShaderEffectAlpha,void,False,False,False,False,False,False,True
183,182,0xB6,??0ShaderEffectAppearQuads@skin@gui@@IEAA@XZ,protected: __cdecl gui::skin::ShaderEffectAppearQuads::ShaderEffectAppearQuads(void),method,gui::skin,ShaderEffectAppearQuads,ShaderEffectAppearQuads,void,False,False,False,False,False,False,True
184,183,0xB7,??0ShaderEffectFlickerQuads@skin@gui@@IEAA@XZ,protected: __cdecl gui::skin::ShaderEffectFlickerQuads::ShaderEffectFlickerQuads(void),method,gui::skin,ShaderEffectFlickerQuads,ShaderEffectFlickerQuads,void,False,False,False,False,False,False,True
185,184,0xB8,??0ShaderEffectShowMsg@skin@gui@@IEAA@XZ,protected: __cdecl gui::skin::ShaderEffectShowMsg::ShaderEffectShowMsg(void),method,gui::skin,ShaderEffectShowMsg,ShaderEffectShowMsg,void,False,False,False,False,False,False,True
186,185,0xB9,??0Skin@skin@gui@@QEAA@PEAVWidget@2@_N@Z,"public: __cdecl gui::skin::Skin::Skin(class gui::Widget *, bool)",method,gui::skin,Skin,Skin,"class gui::Widget *, bool",False,False,False,False,False,False,True
187,186,0xBA,??0Slider@gui@@QEAA@XZ,public: __cdecl gui::Slider::Slider(void),method,gui,Slider,Slider,void,False,False,False,False,False,False,True
188,187,0xBB,??0SliderFiller@gui@@QEAA@AEAVSlider@1@@Z,public: __cdecl gui::SliderFiller::SliderFiller(class gui::Slider &),method,gui,SliderFiller,SliderFiller,class gui::Slider &,False,False,False,False,False,False,True
189,188,0xBC,??0SliderSkin@skin@gui@@QEAA@PEAVSlider@2@@Z,public: __cdecl gui::skin::SliderSkin::SliderSkin(class gui::Slider *),method,gui::skin,SliderSkin,SliderSkin,class gui::Slider *,False,False,False,False,False,False,True
190,189,0xBD,??0SliderThumb@gui@@QEAA@AEAVSlider@1@@Z,public: __cdecl gui::SliderThumb::SliderThumb(class gui::Slider &),method,gui,SliderThumb,SliderThumb,class gui::Slider &,False,False,False,False,False,False,True
191,190,0xBE,??0SpinBox@gui@@QEAA@XZ,public: __cdecl gui::SpinBox::SpinBox(void),method,gui,SpinBox,SpinBox,void,False,False,False,False,False,False,True
192,191,0xBF,??0SpinBoxSkin@skin@gui@@QEAA@PEAVSpinBox@2@@Z,public: __cdecl gui::skin::SpinBoxSkin::SpinBoxSkin(class gui::SpinBox *),method,gui::skin,SpinBoxSkin,SpinBoxSkin,class gui::SpinBox *,False,False,False,False,False,False,True
193,192,0xC0,??0Static@gui@@QEAA@_N@Z,public: __cdecl gui::Static::Static(bool),method,gui,Static,Static,bool,False,False,False,False,False,False,True
194,193,0xC1,??0StaticSkin@skin@gui@@QEAA@PEAVStatic@2@_N@Z,"public: __cdecl gui::skin::StaticSkin::StaticSkin(class gui::Static *, bool)",method,gui::skin,StaticSkin,StaticSkin,"class gui::Static *, bool",False,False,False,False,False,False,True
195,194,0xC2,??0SwitchButton@gui@@QEAA@_N@Z,public: __cdecl gui::SwitchButton::SwitchButton(bool),method,gui,SwitchButton,SwitchButton,bool,False,False,False,False,False,False,True
196,195,0xC3,??0TabGroupItem@gui@@QEAA@_N@Z,public: __cdecl gui::TabGroupItem::TabGroupItem(bool),method,gui,TabGroupItem,TabGroupItem,bool,False,False,False,False,False,False,True
197,196,0xC4,??0Text@gui@@QEAA@XZ,public: __cdecl gui::Text::Text(void),method,gui,Text,Text,void,False,False,False,False,False,False,True
198,197,0xC5,??0TextureView@gui@@QEAA@XZ,public: __cdecl gui::TextureView::TextureView(void),method,gui,TextureView,TextureView,void,False,False,False,False,False,False,True
199,198,0xC6,??0ToggleButton@gui@@QEAA@H_N@Z,"public: __cdecl gui::ToggleButton::ToggleButton(int, bool)",method,gui,ToggleButton,ToggleButton,"int, bool",False,False,False,False,False,False,True
200,199,0xC7,??0ToggleButtonSkin@skin@gui@@QEAA@PEAVToggleButton@2@@Z,public: __cdecl gui::skin::ToggleButtonSkin::ToggleButtonSkin(class gui::ToggleButton *),method,gui::skin,ToggleButtonSkin,ToggleButtonSkin,class gui::ToggleButton *,False,False,False,False,False,False,True
201,200,0xC8,??0Tooltip@gui@@QEAA@PEAVWindowsManager@1@@Z,public: __cdecl gui::Tooltip::Tooltip(class gui::WindowsManager *),method,gui,Tooltip,Tooltip,class gui::WindowsManager *,False,False,False,False,False,False,True
202,201,0xC9,??0TooltipSkin@skin@gui@@QEAA@PEAVTooltip@2@@Z,public: __cdecl gui::skin::TooltipSkin::TooltipSkin(class gui::Tooltip *),method,gui::skin,TooltipSkin,TooltipSkin,class gui::Tooltip *,False,False,False,False,False,False,True
203,202,0xCA,??0VertLayout@gui@@QEAA@H@Z,public: __cdecl gui::VertLayout::VertLayout(int),method,gui,VertLayout,VertLayout,int,False,False,False,False,False,False,True
204,203,0xCB,??0VertProgressBar@gui@@QEAA@XZ,public: __cdecl gui::VertProgressBar::VertProgressBar(void),method,gui,VertProgressBar,VertProgressBar,void,False,False,False,False,False,False,True
205,204,0xCC,??0VertProgressBarSkin@skin@gui@@QEAA@PEAVVertProgressBar@2@@Z,public: __cdecl gui::skin::VertProgressBarSkin::VertProgressBarSkin(class gui::VertProgressBar *),method,gui::skin,VertProgressBarSkin,VertProgressBarSkin,class gui::VertProgressBar *,False,False,False,False,False,False,True
206,205,0xCD,??0VertRangeIndicator@gui@@QEAA@XZ,public: __cdecl gui::VertRangeIndicator::VertRangeIndicator(void),method,gui,VertRangeIndicator,VertRangeIndicator,void,False,False,False,False,False,False,True
207,206,0xCE,??0VertRangeIndicatorSkin@skin@gui@@QEAA@PEAVVertRangeIndicator@2@@Z,public: __cdecl gui::skin::VertRangeIndicatorSkin::VertRangeIndicatorSkin(class gui::VertRangeIndicator *),method,gui::skin,VertRangeIndicatorSkin,VertRangeIndicatorSkin,class gui::VertRangeIndicator *,False,False,False,False,False,False,True
208,207,0xCF,??0VertScrollBar@gui@@QEAA@_N@Z,public: __cdecl gui::VertScrollBar::VertScrollBar(bool),method,gui,VertScrollBar,VertScrollBar,bool,False,False,False,False,False,False,True
209,208,0xD0,??0VertSlider@gui@@QEAA@XZ,public: __cdecl gui::VertSlider::VertSlider(void),method,gui,VertSlider,VertSlider,void,False,False,False,False,False,False,True
210,209,0xD1,??0Widget@gui@@QEAA@XZ,public: __cdecl gui::Widget::Widget(void),method,gui,Widget,Widget,void,False,False,False,False,False,False,True
211,210,0xD2,??0Window@gui@@QEAA@XZ,public: __cdecl gui::Window::Window(void),method,gui,Window,Window,void,False,False,False,False,False,False,True
212,211,0xD3,??0WindowBase@gui@@QEAA@XZ,public: __cdecl gui::WindowBase::WindowBase(void),method,gui,WindowBase,WindowBase,void,False,False,False,False,False,False,True
213,212,0xD4,??0WindowBaseSkin@skin@gui@@QEAA@PEAVWindowBase@2@_N@Z,"public: __cdecl gui::skin::WindowBaseSkin::WindowBaseSkin(class gui::WindowBase *, bool)",method,gui::skin,WindowBaseSkin,WindowBaseSkin,"class gui::WindowBase *, bool",False,False,False,False,False,False,True
214,213,0xD5,??0WindowHeader@gui@@QEAA@AEAVWindowBase@1@@Z,public: __cdecl gui::WindowHeader::WindowHeader(class gui::WindowBase &),method,gui,WindowHeader,WindowHeader,class gui::WindowBase &,False,False,False,False,False,False,True
215,214,0xD6,??0WindowHeaderSkin@skin@gui@@QEAA@PEAVWindowHeader@2@@Z,public: __cdecl gui::skin::WindowHeaderSkin::WindowHeaderSkin(class gui::WindowHeader *),method,gui::skin,WindowHeaderSkin,WindowHeaderSkin,class gui::WindowHeader *,False,False,False,False,False,False,True
216,215,0xD7,??0WindowView@gui@@QEAA@AEAVWindowBase@1@@Z,public: __cdecl gui::WindowView::WindowView(class gui::WindowBase &),method,gui,WindowView,WindowView,class gui::WindowBase &,False,False,False,False,False,False,True
217,216,0xD8,??1AnimatedColorStaticSkin@skin@gui@@UEAA@XZ,public: virtual __cdecl gui::skin::AnimatedColorStaticSkin::~AnimatedColorStaticSkin(void),method,gui::skin,AnimatedColorStaticSkin,~AnimatedColorStaticSkin,void,False,False,True,False,False,False,True
218,217,0xD9,??1Application@gui@@MEAA@XZ,protected: virtual __cdecl gui::Application::~Application(void),method,gui,Application,~Application,void,False,False,True,False,False,False,True
219,218,0xDA,??1AutoScrollText@gui@@UEAA@XZ,public: virtual __cdecl gui::AutoScrollText::~AutoScrollText(void),method,gui,AutoScrollText,~AutoScrollText,void,False,False,True,False,False,False,True
220,219,0xDB,??1AutoScrollTextSkin@skin@gui@@UEAA@XZ,public: virtual __cdecl gui::skin::AutoScrollTextSkin::~AutoScrollTextSkin(void),method,gui::skin,AutoScrollTextSkin,~AutoScrollTextSkin,void,False,False,True,False,False,False,True
221,220,0xDC,??1Bkg@gui@@QEAA@XZ,public: __cdecl gui::Bkg::~Bkg(void),method,gui,Bkg,~Bkg,void,False,False,False,False,False,False,True
222,221,0xDD,??1Chart@gui@@UEAA@XZ,public: virtual __cdecl gui::Chart::~Chart(void),method,gui,Chart,~Chart,void,False,False,True,False,False,False,True
223,222,0xDE,??1ChartSkin@skin@gui@@UEAA@XZ,public: virtual __cdecl gui::skin::ChartSkin::~ChartSkin(void),method,gui::skin,ChartSkin,~ChartSkin,void,False,False,True,False,False,False,True
224,223,0xDF,??1CheckBaseSkin@skin@gui@@UEAA@XZ,public: virtual __cdecl gui::skin::CheckBaseSkin::~CheckBaseSkin(void),method,gui::skin,CheckBaseSkin,~CheckBaseSkin,void,False,False,True,False,False,False,True
225,224,0xE0,??1CheckListBoxLineSkin@skin@gui@@UEAA@XZ,public: virtual __cdecl gui::skin::CheckListBoxLineSkin::~CheckListBoxLineSkin(void),method,gui::skin,CheckListBoxLineSkin,~CheckListBoxLineSkin,void,False,False,True,False,False,False,True
226,225,0xE1,??1CheckListBoxSkin@skin@gui@@UEAA@XZ,public: virtual __cdecl gui::skin::CheckListBoxSkin::~CheckListBoxSkin(void),method,gui::skin,CheckListBoxSkin,~CheckListBoxSkin,void,False,False,True,False,False,False,True
227,226,0xE2,??1CloseButton@gui@@UEAA@XZ,public: virtual __cdecl gui::CloseButton::~CloseButton(void),method,gui,CloseButton,~CloseButton,void,False,False,True,False,False,False,True
228,227,0xE3,??1ColorTextStaticSkin@gui@@UEAA@XZ,public: virtual __cdecl gui::ColorTextStaticSkin::~ColorTextStaticSkin(void),method,gui,ColorTextStaticSkin,~ColorTextStaticSkin,void,False,False,True,False,False,False,True
229,228,0xE4,??1ComboBox@gui@@UEAA@XZ,public: virtual __cdecl gui::ComboBox::~ComboBox(void),method,gui,ComboBox,~ComboBox,void,False,False,True,False,False,False,True
230,229,0xE5,??1ComboList@gui@@UEAA@XZ,public: virtual __cdecl gui::ComboList::~ComboList(void),method,gui,ComboList,~ComboList,void,False,False,True,False,False,False,True
231,230,0xE6,??1Container@gui@@UEAA@XZ,public: virtual __cdecl gui::Container::~Container(void),method,gui,Container,~Container,void,False,False,True,False,False,False,True
232,231,0xE7,??1Data@skin@gui@@UEAA@XZ,public: virtual __cdecl gui::skin::Data::~Data(void),method,gui::skin,Data,~Data,void,False,False,True,False,False,False,True
233,232,0xE8,??1DisableClippingGuard@GUI@gui@@QEAA@XZ,public: __cdecl gui::GUI::DisableClippingGuard::~DisableClippingGuard(void),method,gui::GUI,DisableClippingGuard,~DisableClippingGuard,void,False,False,False,False,False,False,True
234,233,0xE9,??1EditBox@gui@@UEAA@XZ,public: virtual __cdecl gui::EditBox::~EditBox(void),method,gui,EditBox,~EditBox,void,False,False,True,False,False,False,True
235,234,0xEA,??1EditBoxItem@gui@@QEAA@XZ,public: __cdecl gui::EditBoxItem::~EditBoxItem(void),method,gui,EditBoxItem,~EditBoxItem,void,False,False,False,False,False,False,True
236,235,0xEB,??1EditBoxLine@gui@@UEAA@XZ,public: virtual __cdecl gui::EditBoxLine::~EditBoxLine(void),method,gui,EditBoxLine,~EditBoxLine,void,False,False,True,False,False,False,True
237,236,0xEC,??1EditBoxLineSkin@gui@@UEAA@XZ,public: virtual __cdecl gui::EditBoxLineSkin::~EditBoxLineSkin(void),method,gui,EditBoxLineSkin,~EditBoxLineSkin,void,False,False,True,False,False,False,True
238,237,0xED,??1EditBoxSkin@skin@gui@@UEAA@XZ,public: virtual __cdecl gui::skin::EditBoxSkin::~EditBoxSkin(void),method,gui::skin,EditBoxSkin,~EditBoxSkin,void,False,False,True,False,False,False,True
239,238,0xEE,??1GraphicCommand@gui@@MEAA@XZ,protected: virtual __cdecl gui::GraphicCommand::~GraphicCommand(void),method,gui,GraphicCommand,~GraphicCommand,void,False,False,True,False,False,False,True
240,239,0xEF,??1GraphicCommandDrawCircle@gui@@UEAA@XZ,public: virtual __cdecl gui::GraphicCommandDrawCircle::~GraphicCommandDrawCircle(void),method,gui,GraphicCommandDrawCircle,~GraphicCommandDrawCircle,void,False,False,True,False,False,False,True
241,240,0xF0,??1GraphicCommandDrawGeometry@gui@@UEAA@XZ,public: virtual __cdecl gui::GraphicCommandDrawGeometry::~GraphicCommandDrawGeometry(void),method,gui,GraphicCommandDrawGeometry,~GraphicCommandDrawGeometry,void,False,False,True,False,False,False,True
242,241,0xF1,??1GraphicCommandDrawLifeBar@gui@@UEAA@XZ,public: virtual __cdecl gui::GraphicCommandDrawLifeBar::~GraphicCommandDrawLifeBar(void),method,gui,GraphicCommandDrawLifeBar,~GraphicCommandDrawLifeBar,void,False,False,True,False,False,False,True
243,242,0xF2,??1GraphicCommandModelViewMatrixGuard@gui@@QEAA@XZ,public: __cdecl gui::GraphicCommandModelViewMatrixGuard::~GraphicCommandModelViewMatrixGuard(void),method,gui,GraphicCommandModelViewMatrixGuard,~GraphicCommandModelViewMatrixGuard,void,False,False,False,False,False,False,True
244,243,0xF3,??1GraphicCommandOpacityGuard@gui@@QEAA@XZ,public: __cdecl gui::GraphicCommandOpacityGuard::~GraphicCommandOpacityGuard(void),method,gui,GraphicCommandOpacityGuard,~GraphicCommandOpacityGuard,void,False,False,False,False,False,False,True
245,244,0xF4,??1GraphicCommandProjectionMatrixGuard@gui@@QEAA@XZ,public: __cdecl gui::GraphicCommandProjectionMatrixGuard::~GraphicCommandProjectionMatrixGuard(void),method,gui,GraphicCommandProjectionMatrixGuard,~GraphicCommandProjectionMatrixGuard,void,False,False,False,False,False,False,True
246,245,0xF5,??1GraphicCommandShaderTechniqueGuard@gui@@QEAA@XZ,public: __cdecl gui::GraphicCommandShaderTechniqueGuard::~GraphicCommandShaderTechniqueGuard(void),method,gui,GraphicCommandShaderTechniqueGuard,~GraphicCommandShaderTechniqueGuard,void,False,False,False,False,False,False,True
247,246,0xF6,??1GraphicCommandShiftPositionGuard@gui@@QEAA@XZ,public: __cdecl gui::GraphicCommandShiftPositionGuard::~GraphicCommandShiftPositionGuard(void),method,gui,GraphicCommandShiftPositionGuard,~GraphicCommandShiftPositionGuard,void,False,False,False,False,False,False,True
248,247,0xF7,??1GraphicCommandViewportGuard@gui@@QEAA@XZ,public: __cdecl gui::GraphicCommandViewportGuard::~GraphicCommandViewportGuard(void),method,gui,GraphicCommandViewportGuard,~GraphicCommandViewportGuard,void,False,False,False,False,False,False,True
249,248,0xF8,??1GraphicCommands@gui@@QEAA@XZ,public: __cdecl gui::GraphicCommands::~GraphicCommands(void),method,gui,GraphicCommands,~GraphicCommands,void,False,False,False,False,False,False,True
250,249,0xF9,??1Grid@gui@@UEAA@XZ,public: virtual __cdecl gui::Grid::~Grid(void),method,gui,Grid,~Grid,void,False,False,True,False,False,False,True
251,250,0xFA,??1GridSkin@skin@gui@@UEAA@XZ,public: virtual __cdecl gui::skin::GridSkin::~GridSkin(void),method,gui::skin,GridSkin,~GridSkin,void,False,False,True,False,False,False,True
252,251,0xFB,??1GridView@gui@@UEAA@XZ,public: virtual __cdecl gui::GridView::~GridView(void),method,gui,GridView,~GridView,void,False,False,True,False,False,False,True
253,252,0xFC,??1Image@gui@@QEAA@XZ,public: __cdecl gui::Image::~Image(void),method,gui,Image,~Image,void,False,False,False,False,False,False,True
254,253,0xFD,??1Layout@gui@@MEAA@XZ,protected: virtual __cdecl gui::Layout::~Layout(void),method,gui,Layout,~Layout,void,False,False,True,False,False,False,True
255,254,0xFE,??1ListBoxBase@gui@@MEAA@XZ,protected: virtual __cdecl gui::ListBoxBase::~ListBoxBase(void),method,gui,ListBoxBase,~ListBoxBase,void,False,False,True,False,False,False,True
256,255,0xFF,??1ListBoxLineBase@gui@@UEAA@XZ,public: virtual __cdecl gui::ListBoxLineBase::~ListBoxLineBase(void),method,gui,ListBoxLineBase,~ListBoxLineBase,void,False,False,True,False,False,False,True
257,256,0x100,??1ListBoxSkin@skin@gui@@UEAA@XZ,public: virtual __cdecl gui::skin::ListBoxSkin::~ListBoxSkin(void),method,gui::skin,ListBoxSkin,~ListBoxSkin,void,False,False,True,False,False,False,True
258,257,0x101,??1Menu@gui@@UEAA@XZ,public: virtual __cdecl gui::Menu::~Menu(void),method,gui,Menu,~Menu,void,False,False,True,False,False,False,True
259,258,0x102,??1MenuBarItem@gui@@UEAA@XZ,public: virtual __cdecl gui::MenuBarItem::~MenuBarItem(void),method,gui,MenuBarItem,~MenuBarItem,void,False,False,True,False,False,False,True
260,259,0x103,??1MenuBarSkin@skin@gui@@UEAA@XZ,public: virtual __cdecl gui::skin::MenuBarSkin::~MenuBarSkin(void),method,gui::skin,MenuBarSkin,~MenuBarSkin,void,False,False,True,False,False,False,True
261,260,0x104,??1MenuItemSkin@skin@gui@@UEAA@XZ,public: virtual __cdecl gui::skin::MenuItemSkin::~MenuItemSkin(void),method,gui::skin,MenuItemSkin,~MenuItemSkin,void,False,False,True,False,False,False,True
262,261,0x105,??1MenuRadioItem@gui@@UEAA@XZ,public: virtual __cdecl gui::MenuRadioItem::~MenuRadioItem(void),method,gui,MenuRadioItem,~MenuRadioItem,void,False,False,True,False,False,False,True
263,262,0x106,??1MenuSkin@skin@gui@@UEAA@XZ,public: virtual __cdecl gui::skin::MenuSkin::~MenuSkin(void),method,gui::skin,MenuSkin,~MenuSkin,void,False,False,True,False,False,False,True
264,263,0x107,??1MenuSubItemSkin@skin@gui@@UEAA@XZ,public: virtual __cdecl gui::skin::MenuSubItemSkin::~MenuSubItemSkin(void),method,gui::skin,MenuSubItemSkin,~MenuSubItemSkin,void,False,False,True,False,False,False,True
265,264,0x108,??1ModalWindow@gui@@UEAA@XZ,public: virtual __cdecl gui::ModalWindow::~ModalWindow(void),method,gui,ModalWindow,~ModalWindow,void,False,False,True,False,False,False,True
266,265,0x109,??1MouseListener@GUI@gui@@UEAA@XZ,public: virtual __cdecl gui::GUI::MouseListener::~MouseListener(void),method,gui::GUI,MouseListener,~MouseListener,void,False,False,True,False,False,False,True
267,266,0x10A,??1OffscreenWindow@gui@@UEAA@XZ,public: virtual __cdecl gui::OffscreenWindow::~OffscreenWindow(void),method,gui,OffscreenWindow,~OffscreenWindow,void,False,False,True,False,False,False,True
268,267,0x10B,??1OverlayWindow@gui@@UEAA@XZ,public: virtual __cdecl gui::OverlayWindow::~OverlayWindow(void),method,gui,OverlayWindow,~OverlayWindow,void,False,False,True,False,False,False,True
269,268,0x10C,??1PieMenu@gui@@UEAA@XZ,public: virtual __cdecl gui::PieMenu::~PieMenu(void),method,gui,PieMenu,~PieMenu,void,False,False,True,False,False,False,True
270,269,0x10D,??1PieMenuItemSkin@skin@gui@@UEAA@XZ,public: virtual __cdecl gui::skin::PieMenuItemSkin::~PieMenuItemSkin(void),method,gui::skin,PieMenuItemSkin,~PieMenuItemSkin,void,False,False,True,False,False,False,True
271,270,0x10E,??1PieMenuSkin@skin@gui@@UEAA@XZ,public: virtual __cdecl gui::skin::PieMenuSkin::~PieMenuSkin(void),method,gui::skin,PieMenuSkin,~PieMenuSkin,void,False,False,True,False,False,False,True
272,271,0x10F,??1PieMenuSubItemSkin@skin@gui@@UEAA@XZ,public: virtual __cdecl gui::skin::PieMenuSubItemSkin::~PieMenuSubItemSkin(void),method,gui::skin,PieMenuSubItemSkin,~PieMenuSubItemSkin,void,False,False,True,False,False,False,True
273,272,0x110,??1PopupWindow@gui@@UEAA@XZ,public: virtual __cdecl gui::PopupWindow::~PopupWindow(void),method,gui,PopupWindow,~PopupWindow,void,False,False,True,False,False,False,True
274,273,0x111,??1RawKeyListener@GUI@gui@@UEAA@XZ,public: virtual __cdecl gui::GUI::RawKeyListener::~RawKeyListener(void),method,gui::GUI,RawKeyListener,~RawKeyListener,void,False,False,True,False,False,False,True
275,274,0x112,??1RawMouseListener@GUI@gui@@UEAA@XZ,public: virtual __cdecl gui::GUI::RawMouseListener::~RawMouseListener(void),method,gui::GUI,RawMouseListener,~RawMouseListener,void,False,False,True,False,False,False,True
276,275,0x113,??1ScrollBarSkin@skin@gui@@UEAA@XZ,public: virtual __cdecl gui::skin::ScrollBarSkin::~ScrollBarSkin(void),method,gui::skin,ScrollBarSkin,~ScrollBarSkin,void,False,False,True,False,False,False,True
277,276,0x114,??1ScrollBarThumb@gui@@UEAA@XZ,public: virtual __cdecl gui::ScrollBarThumb::~ScrollBarThumb(void),method,gui,ScrollBarThumb,~ScrollBarThumb,void,False,False,True,False,False,False,True
278,277,0x115,??1ShaderEffect@skin@gui@@MEAA@XZ,protected: virtual __cdecl gui::skin::ShaderEffect::~ShaderEffect(void),method,gui::skin,ShaderEffect,~ShaderEffect,void,False,False,True,False,False,False,True
279,278,0x116,??1Skin@skin@gui@@UEAA@XZ,public: virtual __cdecl gui::skin::Skin::~Skin(void),method,gui::skin,Skin,~Skin,void,False,False,True,False,False,False,True
280,279,0x117,??1SpinBox@gui@@UEAA@XZ,public: virtual __cdecl gui::SpinBox::~SpinBox(void),method,gui,SpinBox,~SpinBox,void,False,False,True,False,False,False,True
281,280,0x118,??1SwitchButton@gui@@UEAA@XZ,public: virtual __cdecl gui::SwitchButton::~SwitchButton(void),method,gui,SwitchButton,~SwitchButton,void,False,False,True,False,False,False,True
282,281,0x119,??1TabGroupItem@gui@@UEAA@XZ,public: virtual __cdecl gui::TabGroupItem::~TabGroupItem(void),method,gui,TabGroupItem,~TabGroupItem,void,False,False,True,False,False,False,True
283,282,0x11A,??1Text@gui@@QEAA@XZ,public: __cdecl gui::Text::~Text(void),method,gui,Text,~Text,void,False,False,False,False,False,False,True
284,283,0x11B,??1Widget@gui@@MEAA@XZ,protected: virtual __cdecl gui::Widget::~Widget(void),method,gui,Widget,~Widget,void,False,False,True,False,False,False,True
285,284,0x11C,??1Window@gui@@UEAA@XZ,public: virtual __cdecl gui::Window::~Window(void),method,gui,Window,~Window,void,False,False,True,False,False,False,True
286,285,0x11D,??1WindowBase@gui@@UEAA@XZ,public: virtual __cdecl gui::WindowBase::~WindowBase(void),method,gui,WindowBase,~WindowBase,void,False,False,True,False,False,False,True
287,286,0x11E,??1WindowHeaderSkin@skin@gui@@UEAA@XZ,public: virtual __cdecl gui::skin::WindowHeaderSkin::~WindowHeaderSkin(void),method,gui::skin,WindowHeaderSkin,~WindowHeaderSkin,void,False,False,True,False,False,False,True
288,287,0x11F,??2Bkg@gui@@SAPEAX_K@Z,public: static void * __cdecl gui::Bkg::operator new(unsigned __int64),function,,,new,unsigned __int64,False,True,False,False,False,False,True
289,288,0x120,??3Bkg@gui@@SAXPEAX@Z,public: static void __cdecl gui::Bkg::operator delete(void *),function,,,delete,void *,False,True,False,False,False,False,True
290,289,0x121,??8Align2@gui@@QEBA_NAEBV01@@Z,public: bool __cdecl gui::Align2::operator==(class gui::Align2 const &) const,symbol,,,,,False,False,False,False,False,False,True
291,290,0x122,??8Align@gui@@QEBA_NAEBV01@@Z,public: bool __cdecl gui::Align::operator==(class gui::Align const &) const,symbol,,,,,False,False,False,False,False,False,True
292,291,0x123,??8EditBoxSelection@gui@@QEBA_NAEBU01@@Z,public: bool __cdecl gui::EditBoxSelection::operator==(struct gui::EditBoxSelection const &) const,symbol,,,,,False,False,False,False,False,False,True
293,292,0x124,??9Align2@gui@@QEBA_NAEBV01@@Z,public: bool __cdecl gui::Align2::operator!=(class gui::Align2 const &) const,symbol,,,,,False,False,False,False,False,False,True
294,293,0x125,??9Align@gui@@QEBA_NAEBV01@@Z,public: bool __cdecl gui::Align::operator!=(class gui::Align const &) const,symbol,,,,,False,False,False,False,False,False,True
295,294,0x126,??9EditBoxSelection@gui@@QEBA_NAEBU01@@Z,public: bool __cdecl gui::EditBoxSelection::operator!=(struct gui::EditBoxSelection const &) const,symbol,,,,,False,False,False,False,False,False,True
296,295,0x127,??_FAlign@gui@@QEAAXXZ,public: void __cdecl gui::Align::`default ctor closure'(void),function,,,closure',void,False,False,False,False,False,False,True
297,296,0x128,??_FBorderLayout@gui@@QEAAXXZ,public: void __cdecl gui::BorderLayout::`default ctor closure'(void),function,,,closure',void,False,False,False,False,False,False,True
298,297,0x129,??_FButton@gui@@QEAAXXZ,public: void __cdecl gui::Button::`default ctor closure'(void),function,,,closure',void,False,False,False,False,False,False,True
299,298,0x12A,??_FCheckBox@gui@@QEAAXXZ,public: void __cdecl gui::CheckBox::`default ctor closure'(void),function,,,closure',void,False,False,False,False,False,False,True
300,299,0x12B,??_FEditBox@gui@@QEAAXXZ,public: void __cdecl gui::EditBox::`default ctor closure'(void),function,,,closure',void,False,False,False,False,False,False,True
301,300,0x12C,??_FFormLayout@gui@@QEAAXXZ,public: void __cdecl gui::FormLayout::`default ctor closure'(void),function,,,closure',void,False,False,False,False,False,False,True
302,301,0x12D,??_FHorzLayout@gui@@QEAAXXZ,public: void __cdecl gui::HorzLayout::`default ctor closure'(void),function,,,closure',void,False,False,False,False,False,False,True
303,302,0x12E,??_FHorzScrollBar@gui@@QEAAXXZ,public: void __cdecl gui::HorzScrollBar::`default ctor closure'(void),function,,,closure',void,False,False,False,False,False,False,True
304,303,0x12F,??_FMenuCheckItem@gui@@QEAAXXZ,public: void __cdecl gui::MenuCheckItem::`default ctor closure'(void),function,,,closure',void,False,False,False,False,False,False,True
305,304,0x130,??_FMenuSubItem@gui@@QEAAXXZ,public: void __cdecl gui::MenuSubItem::`default ctor closure'(void),function,,,closure',void,False,False,False,False,False,False,True
306,305,0x131,??_FModalWindow@gui@@QEAAXXZ,public: void __cdecl gui::ModalWindow::`default ctor closure'(void),function,,,closure',void,False,False,False,False,False,False,True
307,306,0x132,??_FPieMenuItem@gui@@QEAAXXZ,public: void __cdecl gui::PieMenuItem::`default ctor closure'(void),function,,,closure',void,False,False,False,False,False,False,True
308,307,0x133,??_FStatic@gui@@QEAAXXZ,public: void __cdecl gui::Static::`default ctor closure'(void),function,,,closure',void,False,False,False,False,False,False,True
309,308,0x134,??_FSwitchButton@gui@@QEAAXXZ,public: void __cdecl gui::SwitchButton::`default ctor closure'(void),function,,,closure',void,False,False,False,False,False,False,True
310,309,0x135,??_FTabGroupItem@gui@@QEAAXXZ,public: void __cdecl gui::TabGroupItem::`default ctor closure'(void),function,,,closure',void,False,False,False,False,False,False,True
311,310,0x136,??_FToggleButton@gui@@QEAAXXZ,public: void __cdecl gui::ToggleButton::`default ctor closure'(void),function,,,closure',void,False,False,False,False,False,False,True
312,311,0x137,??_FVertLayout@gui@@QEAAXXZ,public: void __cdecl gui::VertLayout::`default ctor closure'(void),function,,,closure',void,False,False,False,False,False,False,True
313,312,0x138,??_FVertScrollBar@gui@@QEAAXXZ,public: void __cdecl gui::VertScrollBar::`default ctor closure'(void),function,,,closure',void,False,False,False,False,False,False,True
314,313,0x139,?acquireCachedGeometryID@gui@@YAIXZ,unsigned int __cdecl gui::acquireCachedGeometryID(void),method,,gui,acquireCachedGeometryID,void,False,False,False,False,False,False,True
315,314,0x13A,?activateParentMenus_@Menu@gui@@IEAAXXZ,protected: void __cdecl gui::Menu::activateParentMenus_(void),method,gui,Menu,activateParentMenus_,void,False,False,False,False,False,False,True
316,315,0x13B,?activateSubMenus_@Menu@gui@@IEAAXXZ,protected: void __cdecl gui::Menu::activateSubMenus_(void),method,gui,Menu,activateSubMenus_,void,False,False,False,False,False,False,True
317,316,0x13C,?add@GraphicCommands@gui@@QEAAXPEAVGraphicCommand@2@@Z,public: void __cdecl gui::GraphicCommands::add(class gui::GraphicCommand *),method,gui,GraphicCommands,add,class gui::GraphicCommand *,False,False,False,False,False,False,True
318,317,0x13D,?addCustomWindow@GUI@gui@@IEAAXPEAVWindowBase@2@@Z,protected: void __cdecl gui::GUI::addCustomWindow(class gui::WindowBase *),method,gui,GUI,addCustomWindow,class gui::WindowBase *,False,False,False,False,False,False,True
319,318,0x13E,?addHotKeyCallback@WindowBase@gui@@UEAAXAEBUHotKey@12@V?$shared_ptr@V?$function@$$A6AXXZ@std@@@std@@@Z,"public: virtual void __cdecl gui::WindowBase::addHotKeyCallback(struct gui::WindowBase::HotKey const &, class std::shared_ptr<class std::function<void __cdecl(void)>>)",method,gui,WindowBase,addHotKeyCallback,"struct gui::WindowBase::HotKey const &, class std::shared_ptr<class std::function<void __cdecl(void)>>",False,False,True,False,False,False,True
320,319,0x13F,?addKeyboardCallback@GUI@gui@@QEAAXV?$shared_ptr@V?$function@$$A6A_NW4KeyboardButton@gui@@H_N@Z@std@@@std@@@Z,"public: void __cdecl gui::GUI::addKeyboardCallback(class std::shared_ptr<class std::function<bool __cdecl(enum gui::KeyboardButton, int, bool)>>)",method,gui,GUI,addKeyboardCallback,"class std::shared_ptr<class std::function<bool __cdecl(enum gui::KeyboardButton, int, bool)>>",False,False,False,False,False,False,True
321,320,0x140,?addKeyboardCallback@Widget@gui@@UEAAXW4KeyboardCallbackType@2@V?$shared_ptr@V?$function@$$A6A_NW4KeyboardButton@gui@@H@Z@std@@@std@@@Z,"public: virtual void __cdecl gui::Widget::addKeyboardCallback(enum gui::KeyboardCallbackType, class std::shared_ptr<class std::function<bool __cdecl(enum gui::KeyboardButton, int)>>)",method,gui,Widget,addKeyboardCallback,"enum gui::KeyboardCallbackType, class std::shared_ptr<class std::function<bool __cdecl(enum gui::KeyboardButton, int)>>",False,False,True,False,False,False,True
322,321,0x141,?addMouseCallback@Widget@gui@@UEAAXW4MouseCallbackType@2@V?$shared_ptr@V?$function@$$A6AXHHH@Z@std@@@std@@@Z,"public: virtual void __cdecl gui::Widget::addMouseCallback(enum gui::MouseCallbackType, class std::shared_ptr<class std::function<void __cdecl(int, int, int)>>)",method,gui,Widget,addMouseCallback,"enum gui::MouseCallbackType, class std::shared_ptr<class std::function<void __cdecl(int, int, int)>>",False,False,True,False,False,False,True
323,322,0x142,?addMouseListener@GUI@gui@@QEAAXPEAVMouseListener@12@@Z,public: void __cdecl gui::GUI::addMouseListener(class gui::GUI::MouseListener *),method,gui,GUI,addMouseListener,class gui::GUI::MouseListener *,False,False,False,False,False,False,True
324,323,0x143,?addMouseWheelCallback@Widget@gui@@UEAAXV?$shared_ptr@V?$function@$$A6A_NHHH@Z@std@@@std@@@Z,"public: virtual void __cdecl gui::Widget::addMouseWheelCallback(class std::shared_ptr<class std::function<bool __cdecl(int, int, int)>>)",method,gui,Widget,addMouseWheelCallback,"class std::shared_ptr<class std::function<bool __cdecl(int, int, int)>>",False,False,True,False,False,False,True
325,324,0x144,?addRawKeyListener@GUI@gui@@QEAAXPEAVRawKeyListener@12@@Z,public: void __cdecl gui::GUI::addRawKeyListener(class gui::GUI::RawKeyListener *),method,gui,GUI,addRawKeyListener,class gui::GUI::RawKeyListener *,False,False,False,False,False,False,True
326,325,0x145,?addRawMouseListener@GUI@gui@@QEAAXPEAVRawMouseListener@12@@Z,public: void __cdecl gui::GUI::addRawMouseListener(class gui::GUI::RawMouseListener *),method,gui,GUI,addRawMouseListener,class gui::GUI::RawMouseListener *,False,False,False,False,False,False,True
327,326,0x146,?addRowCallback@Grid@gui@@UEAAXW4GridRowCallbackType@2@V?$shared_ptr@V?$function@$$A6AXHH@Z@std@@@std@@@Z,"public: virtual void __cdecl gui::Grid::addRowCallback(enum gui::GridRowCallbackType, class std::shared_ptr<class std::function<void __cdecl(int, int)>>)",method,gui,Grid,addRowCallback,"enum gui::GridRowCallbackType, class std::shared_ptr<class std::function<void __cdecl(int, int)>>",False,False,True,False,False,False,True
328,327,0x147,?addTarget@UpdateManager@gui@@QEAANPEAVUpdateTarget@2@@Z,public: double __cdecl gui::UpdateManager::addTarget(class gui::UpdateTarget *),method,gui,UpdateManager,addTarget,class gui::UpdateTarget *,False,False,False,False,False,False,True
329,328,0x148,?addText@AutoScrollText@gui@@QEAAXAEBV?$basic_string@_W@ed@@M@Z,"public: void __cdecl gui::AutoScrollText::addText(class ed::basic_string<wchar_t> const &, float)",method,gui,AutoScrollText,addText,"class ed::basic_string<wchar_t> const &, float",False,False,False,False,False,False,True
330,329,0x149,?addUpdateCallback@Application@gui@@UEAAXV?$shared_ptr@V?$function@$$A6AXXZ@std@@@std@@@Z,public: virtual void __cdecl gui::Application::addUpdateCallback(class std::shared_ptr<class std::function<void __cdecl(void)>>),method,gui,Application,addUpdateCallback,class std::shared_ptr<class std::function<void __cdecl(void)>>,False,False,True,False,False,False,True
331,330,0x14A,?addUserMessage@GUI@gui@@QEAAXV?$shared_ptr@V?$function@$$A6AXXZ@std@@@std@@@Z,public: void __cdecl gui::GUI::addUserMessage(class std::shared_ptr<class std::function<void __cdecl(void)>>),method,gui,GUI,addUserMessage,class std::shared_ptr<class std::function<void __cdecl(void)>>,False,False,False,False,False,False,True
332,331,0x14B,?addWidgetCallback@Widget@gui@@UEAAXHV?$shared_ptr@V?$function@$$A6AXXZ@std@@@std@@@Z,"public: virtual void __cdecl gui::Widget::addWidgetCallback(int, class std::shared_ptr<class std::function<void __cdecl(void)>>)",method,gui,Widget,addWidgetCallback,"int, class std::shared_ptr<class std::function<void __cdecl(void)>>",False,False,True,False,False,False,True
333,332,0x14C,?alignFiller_@HorzSlider@gui@@MEAAXXZ,protected: virtual void __cdecl gui::HorzSlider::alignFiller_(void),method,gui,HorzSlider,alignFiller_,void,False,False,True,False,False,False,True
334,333,0x14D,?alignFiller_@ProgressBar@gui@@MEAAXXZ,protected: virtual void __cdecl gui::ProgressBar::alignFiller_(void),method,gui,ProgressBar,alignFiller_,void,False,False,True,False,False,False,True
335,334,0x14E,?alignFiller_@VertSlider@gui@@MEAAXXZ,protected: virtual void __cdecl gui::VertSlider::alignFiller_(void),method,gui,VertSlider,alignFiller_,void,False,False,True,False,False,False,True
336,335,0x14F,?alignThumb_@HorzSlider@gui@@MEAAXXZ,protected: virtual void __cdecl gui::HorzSlider::alignThumb_(void),method,gui,HorzSlider,alignThumb_,void,False,False,True,False,False,False,True
337,336,0x150,?alignThumb_@VertSlider@gui@@MEAAXXZ,protected: virtual void __cdecl gui::VertSlider::alignThumb_(void),method,gui,VertSlider,alignThumb_,void,False,False,True,False,False,False,True
338,337,0x151,?alignWidgets_@HorzScrollBar@gui@@MEAAXXZ,protected: virtual void __cdecl gui::HorzScrollBar::alignWidgets_(void),method,gui,HorzScrollBar,alignWidgets_,void,False,False,True,False,False,False,True
339,338,0x152,?alignWidgets_@VertScrollBar@gui@@MEAAXXZ,protected: virtual void __cdecl gui::VertScrollBar::alignWidgets_(void),method,gui,VertScrollBar,alignWidgets_,void,False,False,True,False,False,False,True
340,339,0x153,?appendTo@EditBoxItem@gui@@QEBAXAEAV?$basic_string@_W@ed@@@Z,public: void __cdecl gui::EditBoxItem::appendTo(class ed::basic_string<wchar_t> &) const,method,gui,EditBoxItem,appendTo,class ed::basic_string<wchar_t> &,True,False,False,False,False,False,True
341,340,0x154,?assignClutterBitIdx@WindowBase@gui@@QEAAXE@Z,public: void __cdecl gui::WindowBase::assignClutterBitIdx(unsigned char),method,gui,WindowBase,assignClutterBitIdx,unsigned char,False,False,False,False,False,False,True
342,341,0x155,?beginClipByInsets@Skin@skin@gui@@UEBAXXZ,public: virtual void __cdecl gui::skin::Skin::beginClipByInsets(void) const,method,gui::skin,Skin,beginClipByInsets,void,True,False,True,False,False,False,True
343,342,0x156,?beginClip_@EditBoxLine@gui@@MEBAXXZ,protected: virtual void __cdecl gui::EditBoxLine::beginClip_(void) const,method,gui,EditBoxLine,beginClip_,void,True,False,True,False,False,False,True
344,343,0x157,?beginClip_@Widget@gui@@MEBAXXZ,protected: virtual void __cdecl gui::Widget::beginClip_(void) const,method,gui,Widget,beginClip_,void,True,False,True,False,False,False,True
345,344,0x158,?bkgPool@Bkg@gui@@2VBlockPool@ed@@A,public: static class ed::BlockPool gui::Bkg::bkgPool,symbol,,,,,False,False,False,False,False,False,True
346,345,0x159,?calc@Align2@gui@@QEBA?AV?$RectImpl@VVec2i@osg@@@osg@@AEBVVec2i@4@0@Z,"public: class osg::RectImpl<class osg::Vec2i> __cdecl gui::Align2::calc(class osg::Vec2i const &, class osg::Vec2i const &) const",method,gui,Align2,calc,"class osg::Vec2i const &, class osg::Vec2i const &",True,False,False,False,False,False,True
347,346,0x15A,?calc@Align@gui@@QEBAXHHAEAH0@Z,"public: void __cdecl gui::Align::calc(int, int, int &, int &) const",method,gui,Align,calc,"int, int, int &, int &",True,False,False,False,False,False,True
348,347,0x15B,?calcBkgSize_@Skin@skin@gui@@MEBA?AVVec2i@osg@@W4InteractiveState@23@H@Z,"protected: virtual class osg::Vec2i __cdecl gui::skin::Skin::calcBkgSize_(enum gui::skin::InteractiveState, int) const",method,gui::skin,Skin,calcBkgSize_,"enum gui::skin::InteractiveState, int",True,False,True,False,False,False,True
349,348,0x15C,?calcHeight@ListBoxBase@gui@@UEBAHH@Z,public: virtual int __cdecl gui::ListBoxBase::calcHeight(int) const,method,gui,ListBoxBase,calcHeight,int,True,False,True,False,False,False,True
350,349,0x15D,?calcImageSize_@Skin@skin@gui@@MEBA?AVVec2i@osg@@AEBUInfo@Image@3@@Z,protected: virtual class osg::Vec2i __cdecl gui::skin::Skin::calcImageSize_(struct gui::Image::Info const &) const,method,gui::skin,Skin,calcImageSize_,struct gui::Image::Info const &,True,False,True,False,False,False,True
351,350,0x15E,?calcItemAngle_@PieMenu@gui@@IEBANXZ,protected: double __cdecl gui::PieMenu::calcItemAngle_(void) const,method,gui,PieMenu,calcItemAngle_,void,True,False,False,False,False,False,True
352,351,0x15F,?calcLineHeight@Text@gui@@QEBAHXZ,public: int __cdecl gui::Text::calcLineHeight(void) const,method,gui,Text,calcLineHeight,void,True,False,False,False,False,False,True
353,352,0x160,?calcMaxSize@Container@gui@@UEBA?AVVec2i@osg@@XZ,public: virtual class osg::Vec2i __cdecl gui::Container::calcMaxSize(void) const,method,gui,Container,calcMaxSize,void,True,False,True,False,False,False,True
354,353,0x161,?calcMaxSize@HorzLayout@gui@@UEBA?AVVec2i@osg@@XZ,public: virtual class osg::Vec2i __cdecl gui::HorzLayout::calcMaxSize(void) const,method,gui,HorzLayout,calcMaxSize,void,True,False,True,False,False,False,True
355,354,0x162,?calcMaxSize@Layout@gui@@UEBA?AVVec2i@osg@@XZ,public: virtual class osg::Vec2i __cdecl gui::Layout::calcMaxSize(void) const,method,gui,Layout,calcMaxSize,void,True,False,True,False,False,False,True
356,355,0x163,?calcMaxSize@VertLayout@gui@@UEBA?AVVec2i@osg@@XZ,public: virtual class osg::Vec2i __cdecl gui::VertLayout::calcMaxSize(void) const,method,gui,VertLayout,calcMaxSize,void,True,False,True,False,False,False,True
357,356,0x164,?calcMaxSize@Widget@gui@@UEBA?AVVec2i@osg@@XZ,public: virtual class osg::Vec2i __cdecl gui::Widget::calcMaxSize(void) const,method,gui,Widget,calcMaxSize,void,True,False,True,False,False,False,True
358,357,0x165,?calcPictureSize_@CheckBaseSkin@skin@gui@@MEBA?AVVec2i@osg@@W4InteractiveState@23@H@Z,"protected: virtual class osg::Vec2i __cdecl gui::skin::CheckBaseSkin::calcPictureSize_(enum gui::skin::InteractiveState, int) const",method,gui::skin,CheckBaseSkin,calcPictureSize_,"enum gui::skin::InteractiveState, int",True,False,True,False,False,False,True
359,358,0x166,?calcPictureSize_@Skin@skin@gui@@MEBA?AVVec2i@osg@@W4InteractiveState@23@H@Z,"protected: virtual class osg::Vec2i __cdecl gui::skin::Skin::calcPictureSize_(enum gui::skin::InteractiveState, int) const",method,gui::skin,Skin,calcPictureSize_,"enum gui::skin::InteractiveState, int",True,False,True,False,False,False,True
360,359,0x167,?calcScreenPosition@Tooltip@gui@@QEBA?AVVec2i@osg@@XZ,public: class osg::Vec2i __cdecl gui::Tooltip::calcScreenPosition(void) const,method,gui,Tooltip,calcScreenPosition,void,True,False,False,False,False,False,True
361,360,0x168,?calcShortcutWidth@MenuItem@gui@@UEBAHXZ,public: virtual int __cdecl gui::MenuItem::calcShortcutWidth(void) const,method,gui,MenuItem,calcShortcutWidth,void,True,False,True,False,False,False,True
362,361,0x169,?calcShortcutWidth@MenuItemBase@gui@@UEBAHXZ,public: virtual int __cdecl gui::MenuItemBase::calcShortcutWidth(void) const,method,gui,MenuItemBase,calcShortcutWidth,void,True,False,True,False,False,False,True
363,362,0x16A,?calcShortcutWidth@MenuItemSkin@skin@gui@@UEBAHXZ,public: virtual int __cdecl gui::skin::MenuItemSkin::calcShortcutWidth(void) const,method,gui::skin,MenuItemSkin,calcShortcutWidth,void,True,False,True,False,False,False,True
364,363,0x16B,?calcSize@ComboWindow@gui@@UEBA?AVVec2i@osg@@XZ,public: virtual class osg::Vec2i __cdecl gui::ComboWindow::calcSize(void) const,method,gui,ComboWindow,calcSize,void,True,False,True,False,False,False,True
365,364,0x16C,?calcSize@Grid@gui@@UEBA?AVVec2i@osg@@XZ,public: virtual class osg::Vec2i __cdecl gui::Grid::calcSize(void) const,method,gui,Grid,calcSize,void,True,False,True,False,False,False,True
366,365,0x16D,?calcSize@ListBoxBase@gui@@UEBA?AVVec2i@osg@@XZ,public: virtual class osg::Vec2i __cdecl gui::ListBoxBase::calcSize(void) const,method,gui,ListBoxBase,calcSize,void,True,False,True,False,False,False,True
367,366,0x16E,?calcSize@ListBoxLineSkinBase@skin@gui@@UEBA?AVVec2i@osg@@XZ,public: virtual class osg::Vec2i __cdecl gui::skin::ListBoxLineSkinBase::calcSize(void) const,method,gui::skin,ListBoxLineSkinBase,calcSize,void,True,False,True,False,False,False,True
368,367,0x16F,?calcSize@Menu@gui@@UEBA?AVVec2i@osg@@XZ,public: virtual class osg::Vec2i __cdecl gui::Menu::calcSize(void) const,method,gui,Menu,calcSize,void,True,False,True,False,False,False,True
369,368,0x170,?calcSize@Skin@skin@gui@@UEBA?AVVec2i@osg@@XZ,public: virtual class osg::Vec2i __cdecl gui::skin::Skin::calcSize(void) const,method,gui::skin,Skin,calcSize,void,True,False,True,False,False,False,True
370,369,0x171,?calcSize@Text@gui@@QEBA?AVVec2i@osg@@V?$basic_string_view@_WU?$char_traits@_W@std@@@std@@AEBV34@@Z,"public: class osg::Vec2i __cdecl gui::Text::calcSize(class std::basic_string_view<wchar_t, struct std::char_traits<wchar_t>>, class osg::Vec2i const &) const",method,gui,Text,calcSize,"class std::basic_string_view<wchar_t, struct std::char_traits<wchar_t>>, class osg::Vec2i const &",True,False,False,False,False,False,True
371,370,0x172,?calcSize@Widget@gui@@UEBA?AVVec2i@osg@@XZ,public: virtual class osg::Vec2i __cdecl gui::Widget::calcSize(void) const,method,gui,Widget,calcSize,void,True,False,True,False,False,False,True
372,371,0x173,?calcSize@WindowBase@gui@@UEBA?AVVec2i@osg@@XZ,public: virtual class osg::Vec2i __cdecl gui::WindowBase::calcSize(void) const,method,gui,WindowBase,calcSize,void,True,False,True,False,False,False,True
373,372,0x174,?calcSubMenuPosition_@MenuSubItem@gui@@IEBA?AVVec2i@osg@@PEAVMenu@2@@Z,protected: class osg::Vec2i __cdecl gui::MenuSubItem::calcSubMenuPosition_(class gui::Menu *) const,method,gui,MenuSubItem,calcSubMenuPosition_,class gui::Menu *,True,False,False,False,False,False,True
374,373,0x175,?calcTextSize2_@Skin@skin@gui@@MEBA?AVVec2i@osg@@AEBV?$basic_string@_W@ed@@PEBUInfo@Text@3@AEBV45@@Z,"protected: virtual class osg::Vec2i __cdecl gui::skin::Skin::calcTextSize2_(class ed::basic_string<wchar_t> const &, struct gui::Text::Info const *, class osg::Vec2i const &) const",method,gui::skin,Skin,calcTextSize2_,"class ed::basic_string<wchar_t> const &, struct gui::Text::Info const *, class osg::Vec2i const &",True,False,True,False,False,False,True
375,374,0x176,?calcTextSize@EditBox@gui@@QEBA?AVVec2i@osg@@XZ,public: class osg::Vec2i __cdecl gui::EditBox::calcTextSize(void) const,method,gui,EditBox,calcTextSize,void,True,False,False,False,False,False,True
376,375,0x177,?calcTextSize_@ColorTextStaticSkin@gui@@MEBA?AVVec2i@osg@@PEBUInfo@Text@2@PEBVParams@skin@2@@Z,"protected: virtual class osg::Vec2i __cdecl gui::ColorTextStaticSkin::calcTextSize_(struct gui::Text::Info const *, class gui::skin::Params const *) const",method,gui,ColorTextStaticSkin,calcTextSize_,"struct gui::Text::Info const *, class gui::skin::Params const *",True,False,True,False,False,False,True
377,376,0x178,?calcTextSize_@EditBoxSkin@skin@gui@@MEBA?AVVec2i@osg@@W4InteractiveState@23@H@Z,"protected: virtual class osg::Vec2i __cdecl gui::skin::EditBoxSkin::calcTextSize_(enum gui::skin::InteractiveState, int) const",method,gui::skin,EditBoxSkin,calcTextSize_,"enum gui::skin::InteractiveState, int",True,False,True,False,False,False,True
378,377,0x179,?calcTextSize_@Skin@skin@gui@@MEBA?AVVec2i@osg@@W4InteractiveState@23@H@Z,"protected: virtual class osg::Vec2i __cdecl gui::skin::Skin::calcTextSize_(enum gui::skin::InteractiveState, int) const",method,gui::skin,Skin,calcTextSize_,"enum gui::skin::InteractiveState, int",True,False,True,False,False,False,True
379,378,0x17A,?calcTextSize_@TooltipSkin@skin@gui@@MEBA?AVVec2i@osg@@W4InteractiveState@23@H@Z,"protected: virtual class osg::Vec2i __cdecl gui::skin::TooltipSkin::calcTextSize_(enum gui::skin::InteractiveState, int) const",method,gui::skin,TooltipSkin,calcTextSize_,"enum gui::skin::InteractiveState, int",True,False,True,False,False,False,True
380,379,0x17B,?calcWidth@ListBoxBase@gui@@QEBAHXZ,public: int __cdecl gui::ListBoxBase::calcWidth(void) const,method,gui,ListBoxBase,calcWidth,void,True,False,False,False,False,False,True
381,380,0x17C,?calcWindowPosition@ComboWindow@gui@@UEBA?AVVec2i@osg@@XZ,public: virtual class osg::Vec2i __cdecl gui::ComboWindow::calcWindowPosition(void) const,method,gui,ComboWindow,calcWindowPosition,void,True,False,True,False,False,False,True
382,381,0x17D,?calcWindowPositionInsideScreen@WindowBase@gui@@SA?AVVec2i@osg@@AEBV34@0@Z,"public: static class osg::Vec2i __cdecl gui::WindowBase::calcWindowPositionInsideScreen(class osg::Vec2i const &, class osg::Vec2i const &)",method,gui,WindowBase,calcWindowPositionInsideScreen,"class osg::Vec2i const &, class osg::Vec2i const &",False,True,False,False,False,False,True
383,382,0x17E,?callGridRowCallbacks_@Grid@gui@@IEAAXW4GridRowCallbackType@2@HH@Z,"protected: void __cdecl gui::Grid::callGridRowCallbacks_(enum gui::GridRowCallbackType, int, int)",method,gui,Grid,callGridRowCallbacks_,"enum gui::GridRowCallbackType, int, int",False,False,False,False,False,False,True
384,383,0x17F,?callKeyboardCallbacks_@Widget@gui@@MEAA_NW4KeyboardCallbackType@2@W4KeyboardButton@2@H@Z,"protected: virtual bool __cdecl gui::Widget::callKeyboardCallbacks_(enum gui::KeyboardCallbackType, enum gui::KeyboardButton, int)",method,gui,Widget,callKeyboardCallbacks_,"enum gui::KeyboardCallbackType, enum gui::KeyboardButton, int",False,False,True,False,False,False,True
385,384,0x180,?callMouseCallbacks_@Widget@gui@@MEAAXW4MouseCallbackType@2@HHH@Z,"protected: virtual void __cdecl gui::Widget::callMouseCallbacks_(enum gui::MouseCallbackType, int, int, int)",method,gui,Widget,callMouseCallbacks_,"enum gui::MouseCallbackType, int, int, int",False,False,True,False,False,False,True
386,385,0x181,?callWidgetCallbacks_@Widget@gui@@MEAAXH@Z,protected: virtual void __cdecl gui::Widget::callWidgetCallbacks_(int),method,gui,Widget,callWidgetCallbacks_,int,False,False,True,False,False,False,True
387,386,0x182,?captureMouse@WindowsManager@gui@@QEAAXPEAVWidgetHandler@2@@Z,public: void __cdecl gui::WindowsManager::captureMouse(class gui::WidgetHandler *),method,gui,WindowsManager,captureMouse,class gui::WidgetHandler *,False,False,False,False,False,False,True
388,387,0x183,?centerWindow@WindowBase@gui@@QEAAXXZ,public: void __cdecl gui::WindowBase::centerWindow(void),method,gui,WindowBase,centerWindow,void,False,False,False,False,False,False,True
389,388,0x184,?changeCallbackName@Widget@gui@@2V?$basic_string@D@ed@@B,public: static class ed::basic_string<char> const gui::Widget::changeCallbackName,symbol,,,,,False,False,False,False,False,False,True
390,389,0x185,?changeColumnWidth_@Grid@gui@@IEAAXHH@Z,"protected: void __cdecl gui::Grid::changeColumnWidth_(int, int)",method,gui,Grid,changeColumnWidth_,"int, int",False,False,False,False,False,False,True
391,390,0x186,?changeEditBoxCallbackName@ComboBox@gui@@2V?$basic_string@D@ed@@B,public: static class ed::basic_string<char> const gui::ComboBox::changeEditBoxCallbackName,symbol,,,,,False,False,False,False,False,False,True
392,391,0x187,?changeListBoxCallbackName@ComboBox@gui@@2V?$basic_string@D@ed@@B,public: static class ed::basic_string<char> const gui::ComboBox::changeListBoxCallbackName,symbol,,,,,False,False,False,False,False,False,True
393,392,0x188,?changeScrollPaneCallbackName@ScrollPane@gui@@2V?$basic_string@D@ed@@B,public: static class ed::basic_string<char> const gui::ScrollPane::changeScrollPaneCallbackName,symbol,,,,,False,False,False,False,False,False,True
394,393,0x189,?changeState_@ButtonBase@gui@@MEAAXXZ,protected: virtual void __cdecl gui::ButtonBase::changeState_(void),method,gui,ButtonBase,changeState_,void,False,False,True,False,False,False,True
395,394,0x18A,?changeState_@SwitchButton@gui@@MEAAXXZ,protected: virtual void __cdecl gui::SwitchButton::changeState_(void),method,gui,SwitchButton,changeState_,void,False,False,True,False,False,False,True
396,395,0x18B,?changeState_@ToggleButton@gui@@MEAAXXZ,protected: virtual void __cdecl gui::ToggleButton::changeState_(void),method,gui,ToggleButton,changeState_,void,False,False,True,False,False,False,True
397,396,0x18C,?changeValue_@Dial@gui@@MEAAXN@Z,protected: virtual void __cdecl gui::Dial::changeValue_(double),method,gui,Dial,changeValue_,double,False,False,True,False,False,False,True
398,397,0x18D,?changeValue_@ScrollBar@gui@@MEAAXN@Z,protected: virtual void __cdecl gui::ScrollBar::changeValue_(double),method,gui,ScrollBar,changeValue_,double,False,False,True,False,False,False,True
399,398,0x18E,?changeValue_@ScrollBarBase@gui@@MEAAXN@Z,protected: virtual void __cdecl gui::ScrollBarBase::changeValue_(double),method,gui,ScrollBarBase,changeValue_,double,False,False,True,False,False,False,True
400,399,0x18F,?changeValue_@Slider@gui@@MEAAXN@Z,protected: virtual void __cdecl gui::Slider::changeValue_(double),method,gui,Slider,changeValue_,double,False,False,True,False,False,False,True
401,400,0x190,?changeValue_@SpinBox@gui@@MEAAXN@Z,protected: virtual void __cdecl gui::SpinBox::changeValue_(double),method,gui,SpinBox,changeValue_,double,False,False,True,False,False,False,True
402,401,0x191,?checkOutOfScreenOnDrag@WindowBase@gui@@UEBA_NXZ,public: virtual bool __cdecl gui::WindowBase::checkOutOfScreenOnDrag(void) const,method,gui,WindowBase,checkOutOfScreenOnDrag,void,True,False,True,False,False,False,True
403,402,0x192,?clampSize_@Widget@gui@@IEBA?AVVec2i@osg@@AEBV34@@Z,protected: class osg::Vec2i __cdecl gui::Widget::clampSize_(class osg::Vec2i const &) const,method,gui,Widget,clampSize_,class osg::Vec2i const &,True,False,False,False,False,False,True
404,403,0x193,?cleanupText@textutil@@YAXAEAV?$basic_string@_W@ed@@_W@Z,"void __cdecl textutil::cleanupText(class ed::basic_string<wchar_t> &, wchar_t)",method,,textutil,cleanupText,"class ed::basic_string<wchar_t> &, wchar_t",False,False,False,False,False,False,True
405,404,0x194,?clear@AutoScrollText@gui@@QEAAXXZ,public: void __cdecl gui::AutoScrollText::clear(void),method,gui,AutoScrollText,clear,void,False,False,False,False,False,False,True
406,405,0x195,?clear@BuddyWindow@gui@@QEAAXXZ,public: void __cdecl gui::BuddyWindow::clear(void),method,gui,BuddyWindow,clear,void,False,False,False,False,False,False,True
407,406,0x196,?clear@GraphicCommands@gui@@QEAAXXZ,public: void __cdecl gui::GraphicCommands::clear(void),method,gui,GraphicCommands,clear,void,False,False,False,False,False,False,True
408,407,0x197,?clear@Grid@gui@@QEAAXXZ,public: void __cdecl gui::Grid::clear(void),method,gui,Grid,clear,void,False,False,False,False,False,False,True
409,408,0x198,?clear@GridHeader@gui@@QEAAXXZ,public: void __cdecl gui::GridHeader::clear(void),method,gui,GridHeader,clear,void,False,False,False,False,False,False,True
410,409,0x199,?clear@GridHeaderCell@gui@@QEAAXXZ,public: void __cdecl gui::GridHeaderCell::clear(void),method,gui,GridHeaderCell,clear,void,False,False,False,False,False,False,True
411,410,0x19A,?clear@Menu@gui@@QEAAXXZ,public: void __cdecl gui::Menu::clear(void),method,gui,Menu,clear,void,False,False,False,False,False,False,True
412,411,0x19B,?clear@MenuBar@gui@@QEAAXXZ,public: void __cdecl gui::MenuBar::clear(void),method,gui,MenuBar,clear,void,False,False,False,False,False,False,True
413,412,0x19C,?clear@Panel@gui@@QEAAXXZ,public: void __cdecl gui::Panel::clear(void),method,gui,Panel,clear,void,False,False,False,False,False,False,True
414,413,0x19D,?clear@PieMenu@gui@@QEAAXXZ,public: void __cdecl gui::PieMenu::clear(void),method,gui,PieMenu,clear,void,False,False,False,False,False,False,True
415,414,0x19E,?clear@ScrollPane@gui@@QEAAXXZ,public: void __cdecl gui::ScrollPane::clear(void),method,gui,ScrollPane,clear,void,False,False,False,False,False,False,True
416,415,0x19F,?clear@WindowBase@gui@@QEAAXXZ,public: void __cdecl gui::WindowBase::clear(void),method,gui,WindowBase,clear,void,False,False,False,False,False,False,True
417,416,0x1A0,?clear@WindowView@gui@@QEAAXXZ,public: void __cdecl gui::WindowView::clear(void),method,gui,WindowView,clear,void,False,False,False,False,False,False,True
418,417,0x1A1,?clearColumn@Grid@gui@@QEAAXH@Z,public: void __cdecl gui::Grid::clearColumn(int),method,gui,Grid,clearColumn,int,False,False,False,False,False,False,True
419,418,0x1A2,?clearColumn@GridHeader@gui@@QEAAXH@Z,public: void __cdecl gui::GridHeader::clearColumn(int),method,gui,GridHeader,clearColumn,int,False,False,False,False,False,False,True
420,419,0x1A3,?clearParagraphs_@EditBox@gui@@MEAAXXZ,protected: virtual void __cdecl gui::EditBox::clearParagraphs_(void),method,gui,EditBox,clearParagraphs_,void,False,False,True,False,False,False,True
421,420,0x1A4,?clearRow@Grid@gui@@QEAAXH@Z,public: void __cdecl gui::Grid::clearRow(int),method,gui,Grid,clearRow,int,False,False,False,False,False,False,True
422,421,0x1A5,?clearRows@Grid@gui@@QEAAXXZ,public: void __cdecl gui::Grid::clearRows(void),method,gui,Grid,clearRows,void,False,False,False,False,False,False,True
423,422,0x1A6,?clearRows_@Grid@gui@@IEAAX_N@Z,protected: void __cdecl gui::Grid::clearRows_(bool),method,gui,Grid,clearRows_,bool,False,False,False,False,False,False,True
424,423,0x1A7,?clearSkinData_@Skin@skin@gui@@MEAAXXZ,protected: virtual void __cdecl gui::skin::Skin::clearSkinData_(void),method,gui::skin,Skin,clearSkinData_,void,False,False,True,False,False,False,True
425,424,0x1A8,?clearTextLines_@ColorTextStaticSkin@gui@@IEBAXAEAV?$vector@PEAVTextLine@ColorTextStaticSkin@gui@@V?$allocator@PEAVTextLine@ColorTextStaticSkin@gui@@@ed@@@ed@@@Z,"protected: void __cdecl gui::ColorTextStaticSkin::clearTextLines_(class ed::vector<class gui::ColorTextStaticSkin::TextLine *, class ed::allocator<class gui::ColorTextStaticSkin::TextLine *>> &) const",method,gui,ColorTextStaticSkin,clearTextLines_,"class ed::vector<class gui::ColorTextStaticSkin::TextLine *, class ed::allocator<class gui::ColorTextStaticSkin::TextLine *>> &",True,False,False,False,False,False,True
426,425,0x1A9,?clearTextStrings_@ColorTextStaticSkin@gui@@MEBAXAEAV?$vector@PEAVuiBaseTextString@@V?$allocator@PEAVuiBaseTextString@@@ed@@@ed@@@Z,"protected: virtual void __cdecl gui::ColorTextStaticSkin::clearTextStrings_(class ed::vector<class uiBaseTextString *, class ed::allocator<class uiBaseTextString *>> &) const",method,gui,ColorTextStaticSkin,clearTextStrings_,"class ed::vector<class uiBaseTextString *, class ed::allocator<class uiBaseTextString *>> &",True,False,True,False,False,False,True
427,426,0x1AA,?clear_@Container@gui@@MEAAXXZ,protected: virtual void __cdecl gui::Container::clear_(void),method,gui,Container,clear_,void,False,False,True,False,False,False,True
428,427,0x1AB,?clone@AnchorLayout@gui@@UEBAPEAV12@XZ,public: virtual class gui::AnchorLayout * __cdecl gui::AnchorLayout::clone(void) const,method,gui,AnchorLayout,clone,void,True,False,True,False,False,False,True
429,428,0x1AC,?clone@AnimatedColorStatic@gui@@UEBAPEAV12@XZ,public: virtual class gui::AnimatedColorStatic * __cdecl gui::AnimatedColorStatic::clone(void) const,method,gui,AnimatedColorStatic,clone,void,True,False,True,False,False,False,True
430,429,0x1AD,?clone@AutoScrollText@gui@@UEBAPEAV12@XZ,public: virtual class gui::AutoScrollText * __cdecl gui::AutoScrollText::clone(void) const,method,gui,AutoScrollText,clone,void,True,False,True,False,False,False,True
431,430,0x1AE,?clone@BorderLayout@gui@@UEBAPEAV12@XZ,public: virtual class gui::BorderLayout * __cdecl gui::BorderLayout::clone(void) const,method,gui,BorderLayout,clone,void,True,False,True,False,False,False,True
432,431,0x1AF,?clone@Button@gui@@UEBAPEAV12@XZ,public: virtual class gui::Button * __cdecl gui::Button::clone(void) const,method,gui,Button,clone,void,True,False,True,False,False,False,True
433,432,0x1B0,?clone@CheckBox@gui@@UEBAPEAV12@XZ,public: virtual class gui::CheckBox * __cdecl gui::CheckBox::clone(void) const,method,gui,CheckBox,clone,void,True,False,True,False,False,False,True
434,433,0x1B1,?clone@CheckListBox@gui@@UEBAPEAV12@XZ,public: virtual class gui::CheckListBox * __cdecl gui::CheckListBox::clone(void) const,method,gui,CheckListBox,clone,void,True,False,True,False,False,False,True
435,434,0x1B2,?clone@CheckListBoxLine@gui@@UEBAPEAV12@XZ,public: virtual class gui::CheckListBoxLine * __cdecl gui::CheckListBoxLine::clone(void) const,method,gui,CheckListBoxLine,clone,void,True,False,True,False,False,False,True
436,435,0x1B3,?clone@ColorTextStatic@gui@@UEBAPEAV12@XZ,public: virtual class gui::ColorTextStatic * __cdecl gui::ColorTextStatic::clone(void) const,method,gui,ColorTextStatic,clone,void,True,False,True,False,False,False,True
437,436,0x1B4,?clone@ComboBox@gui@@UEBAPEAV12@XZ,public: virtual class gui::ComboBox * __cdecl gui::ComboBox::clone(void) const,method,gui,ComboBox,clone,void,True,False,True,False,False,False,True
438,437,0x1B5,?clone@ComboList@gui@@UEBAPEAV12@XZ,public: virtual class gui::ComboList * __cdecl gui::ComboList::clone(void) const,method,gui,ComboList,clone,void,True,False,True,False,False,False,True
439,438,0x1B6,?clone@Dial@gui@@UEBAPEAV12@XZ,public: virtual class gui::Dial * __cdecl gui::Dial::clone(void) const,method,gui,Dial,clone,void,True,False,True,False,False,False,True
440,439,0x1B7,?clone@EditBox@gui@@UEBAPEAV12@XZ,public: virtual class gui::EditBox * __cdecl gui::EditBox::clone(void) const,method,gui,EditBox,clone,void,True,False,True,False,False,False,True
441,440,0x1B8,?clone@FormLayout@gui@@UEBAPEAV12@XZ,public: virtual class gui::FormLayout * __cdecl gui::FormLayout::clone(void) const,method,gui,FormLayout,clone,void,True,False,True,False,False,False,True
442,441,0x1B9,?clone@Grid@gui@@UEBAPEAV12@XZ,public: virtual class gui::Grid * __cdecl gui::Grid::clone(void) const,method,gui,Grid,clone,void,True,False,True,False,False,False,True
443,442,0x1BA,?clone@GridHeaderCell@gui@@UEBAPEAV12@XZ,public: virtual class gui::GridHeaderCell * __cdecl gui::GridHeaderCell::clone(void) const,method,gui,GridHeaderCell,clone,void,True,False,True,False,False,False,True
444,443,0x1BB,?clone@HorzLayout@gui@@UEBAPEAV12@XZ,public: virtual class gui::HorzLayout * __cdecl gui::HorzLayout::clone(void) const,method,gui,HorzLayout,clone,void,True,False,True,False,False,False,True
445,444,0x1BC,?clone@HorzProgressBar@gui@@UEBAPEAV12@XZ,public: virtual class gui::HorzProgressBar * __cdecl gui::HorzProgressBar::clone(void) const,method,gui,HorzProgressBar,clone,void,True,False,True,False,False,False,True
446,445,0x1BD,?clone@HorzRangeIndicator@gui@@UEBAPEAV12@XZ,public: virtual class gui::HorzRangeIndicator * __cdecl gui::HorzRangeIndicator::clone(void) const,method,gui,HorzRangeIndicator,clone,void,True,False,True,False,False,False,True
447,446,0x1BE,?clone@HorzScrollBar@gui@@UEBAPEAV12@XZ,public: virtual class gui::HorzScrollBar * __cdecl gui::HorzScrollBar::clone(void) const,method,gui,HorzScrollBar,clone,void,True,False,True,False,False,False,True
448,447,0x1BF,?clone@HorzSlider@gui@@UEBAPEAV12@XZ,public: virtual class gui::HorzSlider * __cdecl gui::HorzSlider::clone(void) const,method,gui,HorzSlider,clone,void,True,False,True,False,False,False,True
449,448,0x1C0,?clone@Layout@gui@@UEBAPEAV12@XZ,public: virtual class gui::Layout * __cdecl gui::Layout::clone(void) const,method,gui,Layout,clone,void,True,False,True,False,False,False,True
450,449,0x1C1,?clone@ListBox@gui@@UEBAPEAV12@XZ,public: virtual class gui::ListBox * __cdecl gui::ListBox::clone(void) const,method,gui,ListBox,clone,void,True,False,True,False,False,False,True
451,450,0x1C2,?clone@ListBoxLine@gui@@UEBAPEAV12@XZ,public: virtual class gui::ListBoxLine * __cdecl gui::ListBoxLine::clone(void) const,method,gui,ListBoxLine,clone,void,True,False,True,False,False,False,True
452,451,0x1C3,?clone@Menu@gui@@UEBAPEAV12@XZ,public: virtual class gui::Menu * __cdecl gui::Menu::clone(void) const,method,gui,Menu,clone,void,True,False,True,False,False,False,True
453,452,0x1C4,?clone@MenuBar@gui@@UEBAPEAV12@XZ,public: virtual class gui::MenuBar * __cdecl gui::MenuBar::clone(void) const,method,gui,MenuBar,clone,void,True,False,True,False,False,False,True
454,453,0x1C5,?clone@MenuBarItem@gui@@UEBAPEAV12@XZ,public: virtual class gui::MenuBarItem * __cdecl gui::MenuBarItem::clone(void) const,method,gui,MenuBarItem,clone,void,True,False,True,False,False,False,True
455,454,0x1C6,?clone@MenuCheckItem@gui@@UEBAPEAV12@XZ,public: virtual class gui::MenuCheckItem * __cdecl gui::MenuCheckItem::clone(void) const,method,gui,MenuCheckItem,clone,void,True,False,True,False,False,False,True
456,455,0x1C7,?clone@MenuItem@gui@@UEBAPEAV12@XZ,public: virtual class gui::MenuItem * __cdecl gui::MenuItem::clone(void) const,method,gui,MenuItem,clone,void,True,False,True,False,False,False,True
457,456,0x1C8,?clone@MenuRadioItem@gui@@UEBAPEAV12@XZ,public: virtual class gui::MenuRadioItem * __cdecl gui::MenuRadioItem::clone(void) const,method,gui,MenuRadioItem,clone,void,True,False,True,False,False,False,True
458,457,0x1C9,?clone@MenuSeparatorItem@gui@@UEBAPEAV12@XZ,public: virtual class gui::MenuSeparatorItem * __cdecl gui::MenuSeparatorItem::clone(void) const,method,gui,MenuSeparatorItem,clone,void,True,False,True,False,False,False,True
459,458,0x1CA,?clone@MenuSubItem@gui@@UEBAPEAV12@XZ,public: virtual class gui::MenuSubItem * __cdecl gui::MenuSubItem::clone(void) const,method,gui,MenuSubItem,clone,void,True,False,True,False,False,False,True
460,459,0x1CB,?clone@ModalWindow@gui@@UEBAPEAV12@XZ,public: virtual class gui::ModalWindow * __cdecl gui::ModalWindow::clone(void) const,method,gui,ModalWindow,clone,void,True,False,True,False,False,False,True
461,460,0x1CC,?clone@OverlayWindow@gui@@UEBAPEAV12@XZ,public: virtual class gui::OverlayWindow * __cdecl gui::OverlayWindow::clone(void) const,method,gui,OverlayWindow,clone,void,True,False,True,False,False,False,True
462,461,0x1CD,?clone@Panel@gui@@UEBAPEAV12@XZ,public: virtual class gui::Panel * __cdecl gui::Panel::clone(void) const,method,gui,Panel,clone,void,True,False,True,False,False,False,True
463,462,0x1CE,?clone@PieMenu@gui@@UEBAPEAV12@XZ,public: virtual class gui::PieMenu * __cdecl gui::PieMenu::clone(void) const,method,gui,PieMenu,clone,void,True,False,True,False,False,False,True
464,463,0x1CF,?clone@PieMenuItem@gui@@UEBAPEAV12@XZ,public: virtual class gui::PieMenuItem * __cdecl gui::PieMenuItem::clone(void) const,method,gui,PieMenuItem,clone,void,True,False,True,False,False,False,True
465,464,0x1D0,?clone@PieMenuSubItem@gui@@UEBAPEAV12@XZ,public: virtual class gui::PieMenuSubItem * __cdecl gui::PieMenuSubItem::clone(void) const,method,gui,PieMenuSubItem,clone,void,True,False,True,False,False,False,True
466,465,0x1D1,?clone@RadioButton@gui@@UEBAPEAV12@XZ,public: virtual class gui::RadioButton * __cdecl gui::RadioButton::clone(void) const,method,gui,RadioButton,clone,void,True,False,True,False,False,False,True
467,466,0x1D2,?clone@ScrollPane@gui@@UEBAPEAV12@XZ,public: virtual class gui::ScrollPane * __cdecl gui::ScrollPane::clone(void) const,method,gui,ScrollPane,clone,void,True,False,True,False,False,False,True
468,467,0x1D3,?clone@SpinBox@gui@@UEBAPEAV12@XZ,public: virtual class gui::SpinBox * __cdecl gui::SpinBox::clone(void) const,method,gui,SpinBox,clone,void,True,False,True,False,False,False,True
469,468,0x1D4,?clone@Static@gui@@UEBAPEAV12@XZ,public: virtual class gui::Static * __cdecl gui::Static::clone(void) const,method,gui,Static,clone,void,True,False,True,False,False,False,True
470,469,0x1D5,?clone@SwitchButton@gui@@UEBAPEAV12@XZ,public: virtual class gui::SwitchButton * __cdecl gui::SwitchButton::clone(void) const,method,gui,SwitchButton,clone,void,True,False,True,False,False,False,True
471,470,0x1D6,?clone@TabGroupItem@gui@@UEBAPEAV12@XZ,public: virtual class gui::TabGroupItem * __cdecl gui::TabGroupItem::clone(void) const,method,gui,TabGroupItem,clone,void,True,False,True,False,False,False,True
472,471,0x1D7,?clone@TextureView@gui@@UEBAPEAV12@XZ,public: virtual class gui::TextureView * __cdecl gui::TextureView::clone(void) const,method,gui,TextureView,clone,void,True,False,True,False,False,False,True
473,472,0x1D8,?clone@ToggleButton@gui@@UEBAPEAV12@XZ,public: virtual class gui::ToggleButton * __cdecl gui::ToggleButton::clone(void) const,method,gui,ToggleButton,clone,void,True,False,True,False,False,False,True
474,473,0x1D9,?clone@VertLayout@gui@@UEBAPEAV12@XZ,public: virtual class gui::VertLayout * __cdecl gui::VertLayout::clone(void) const,method,gui,VertLayout,clone,void,True,False,True,False,False,False,True
475,474,0x1DA,?clone@VertProgressBar@gui@@UEBAPEAV12@XZ,public: virtual class gui::VertProgressBar * __cdecl gui::VertProgressBar::clone(void) const,method,gui,VertProgressBar,clone,void,True,False,True,False,False,False,True
476,475,0x1DB,?clone@VertRangeIndicator@gui@@UEBAPEAV12@XZ,public: virtual class gui::VertRangeIndicator * __cdecl gui::VertRangeIndicator::clone(void) const,method,gui,VertRangeIndicator,clone,void,True,False,True,False,False,False,True
477,476,0x1DC,?clone@VertScrollBar@gui@@UEBAPEAV12@XZ,public: virtual class gui::VertScrollBar * __cdecl gui::VertScrollBar::clone(void) const,method,gui,VertScrollBar,clone,void,True,False,True,False,False,False,True
478,477,0x1DD,?clone@VertSlider@gui@@UEBAPEAV12@XZ,public: virtual class gui::VertSlider * __cdecl gui::VertSlider::clone(void) const,method,gui,VertSlider,clone,void,True,False,True,False,False,False,True
479,478,0x1DE,?clone@Widget@gui@@UEBAPEAV12@XZ,public: virtual class gui::Widget * __cdecl gui::Widget::clone(void) const,method,gui,Widget,clone,void,True,False,True,False,False,False,True
480,479,0x1DF,?clone@Window@gui@@UEBAPEAV12@XZ,public: virtual class gui::Window * __cdecl gui::Window::clone(void) const,method,gui,Window,clone,void,True,False,True,False,False,False,True
481,480,0x1E0,?cloneItem@MenuCheckItem@gui@@UEBAPEAVMenuItemBase@2@XZ,public: virtual class gui::MenuItemBase * __cdecl gui::MenuCheckItem::cloneItem(void) const,method,gui,MenuCheckItem,cloneItem,void,True,False,True,False,False,False,True
482,481,0x1E1,?cloneItem@MenuItem@gui@@UEBAPEAVMenuItemBase@2@XZ,public: virtual class gui::MenuItemBase * __cdecl gui::MenuItem::cloneItem(void) const,method,gui,MenuItem,cloneItem,void,True,False,True,False,False,False,True
483,482,0x1E2,?cloneItem@MenuRadioItem@gui@@UEBAPEAVMenuItemBase@2@XZ,public: virtual class gui::MenuItemBase * __cdecl gui::MenuRadioItem::cloneItem(void) const,method,gui,MenuRadioItem,cloneItem,void,True,False,True,False,False,False,True
484,483,0x1E3,?cloneItem@MenuSeparatorItem@gui@@UEBAPEAVMenuItemBase@2@XZ,public: virtual class gui::MenuItemBase * __cdecl gui::MenuSeparatorItem::cloneItem(void) const,method,gui,MenuSeparatorItem,cloneItem,void,True,False,True,False,False,False,True
485,484,0x1E4,?cloneItem@MenuSubItem@gui@@UEBAPEAVMenuItemBase@2@XZ,public: virtual class gui::MenuItemBase * __cdecl gui::MenuSubItem::cloneItem(void) const,method,gui,MenuSubItem,cloneItem,void,True,False,True,False,False,False,True
486,485,0x1E5,?cloneItem@PieMenuItem@gui@@UEBAPEAV12@XZ,public: virtual class gui::PieMenuItem * __cdecl gui::PieMenuItem::cloneItem(void) const,method,gui,PieMenuItem,cloneItem,void,True,False,True,False,False,False,True
487,486,0x1E6,?cloneItem@PieMenuSubItem@gui@@UEBAPEAV12@XZ,public: virtual class gui::PieMenuSubItem * __cdecl gui::PieMenuSubItem::cloneItem(void) const,method,gui,PieMenuSubItem,cloneItem,void,True,False,True,False,False,False,True
488,487,0x1E7,?close@WindowBase@gui@@QEAAXXZ,public: void __cdecl gui::WindowBase::close(void),method,gui,WindowBase,close,void,False,False,False,False,False,False,True
489,488,0x1E8,?closeCallbackName@WindowBase@gui@@2V?$basic_string@D@ed@@B,public: static class ed::basic_string<char> const gui::WindowBase::closeCallbackName,symbol,,,,,False,False,False,False,False,False,True
490,489,0x1E9,?convertFromLinearSymbolIndex_@EditBox@gui@@IEBAXHAEAH0_N@Z,"protected: void __cdecl gui::EditBox::convertFromLinearSymbolIndex_(int, int &, int &, bool) const",method,gui,EditBox,convertFromLinearSymbolIndex_,"int, int &, int &, bool",True,False,False,False,False,False,True
491,490,0x1EA,?convertFromRawScreenPosition@GUI@gui@@QEBA?AVVec2i@osg@@HH@Z,"public: class osg::Vec2i __cdecl gui::GUI::convertFromRawScreenPosition(int, int) const",method,gui,GUI,convertFromRawScreenPosition,"int, int",True,False,False,False,False,False,True
492,491,0x1EB,?convertToLinearSymbolIndex_@EditBox@gui@@IEBAHHH@Z,"protected: int __cdecl gui::EditBox::convertToLinearSymbolIndex_(int, int) const",method,gui,EditBox,convertToLinearSymbolIndex_,"int, int",True,False,False,False,False,False,True
493,492,0x1EC,?convertToRawScreenPosition@GUI@gui@@QEBA?AVVec2i@osg@@HH@Z,"public: class osg::Vec2i __cdecl gui::GUI::convertToRawScreenPosition(int, int) const",method,gui,GUI,convertToRawScreenPosition,"int, int",True,False,False,False,False,False,True
494,493,0x1ED,?copyParams@CheckBox@gui@@QEBAXPEAV12@@Z,public: void __cdecl gui::CheckBox::copyParams(class gui::CheckBox *) const,method,gui,CheckBox,copyParams,class gui::CheckBox *,True,False,False,False,False,False,True
495,494,0x1EE,?copyParams@CheckListBox@gui@@QEBAXPEAV12@@Z,public: void __cdecl gui::CheckListBox::copyParams(class gui::CheckListBox *) const,method,gui,CheckListBox,copyParams,class gui::CheckListBox *,True,False,False,False,False,False,True
496,495,0x1EF,?copyParams@CheckListBoxLine@gui@@QEBAXPEAV12@@Z,public: void __cdecl gui::CheckListBoxLine::copyParams(class gui::CheckListBoxLine *) const,method,gui,CheckListBoxLine,copyParams,class gui::CheckListBoxLine *,True,False,False,False,False,False,True
497,496,0x1F0,?copyParams@ComboBox@gui@@QEBAXPEAV12@@Z,public: void __cdecl gui::ComboBox::copyParams(class gui::ComboBox *) const,method,gui,ComboBox,copyParams,class gui::ComboBox *,True,False,False,False,False,False,True
498,497,0x1F1,?copyParams@ComboList@gui@@QEBAXPEAV12@@Z,public: void __cdecl gui::ComboList::copyParams(class gui::ComboList *) const,method,gui,ComboList,copyParams,class gui::ComboList *,True,False,False,False,False,False,True
499,498,0x1F2,?copyParams@Container@gui@@QEBAXPEAV12@@Z,public: void __cdecl gui::Container::copyParams(class gui::Container *) const,method,gui,Container,copyParams,class gui::Container *,True,False,False,False,False,False,True
500,499,0x1F3,?copyParams@Dial@gui@@QEBAXPEAV12@@Z,public: void __cdecl gui::Dial::copyParams(class gui::Dial *) const,method,gui,Dial,copyParams,class gui::Dial *,True,False,False,False,False,False,True
501,500,0x1F4,?copyParams@EditBox@gui@@QEBAXPEAV12@@Z,public: void __cdecl gui::EditBox::copyParams(class gui::EditBox *) const,method,gui,EditBox,copyParams,class gui::EditBox *,True,False,False,False,False,False,True
502,501,0x1F5,?copyParams@Grid@gui@@QEBAXPEAV12@@Z,public: void __cdecl gui::Grid::copyParams(class gui::Grid *) const,method,gui,Grid,copyParams,class gui::Grid *,True,False,False,False,False,False,True
503,502,0x1F6,?copyParams@GridHeaderCell@gui@@QEBAXPEAV12@@Z,public: void __cdecl gui::GridHeaderCell::copyParams(class gui::GridHeaderCell *) const,method,gui,GridHeaderCell,copyParams,class gui::GridHeaderCell *,True,False,False,False,False,False,True
504,503,0x1F7,?copyParams@ListBox@gui@@QEBAXPEAV12@@Z,public: void __cdecl gui::ListBox::copyParams(class gui::ListBox *) const,method,gui,ListBox,copyParams,class gui::ListBox *,True,False,False,False,False,False,True
505,504,0x1F8,?copyParams@ListBoxBase@gui@@QEBAXPEAV12@@Z,public: void __cdecl gui::ListBoxBase::copyParams(class gui::ListBoxBase *) const,method,gui,ListBoxBase,copyParams,class gui::ListBoxBase *,True,False,False,False,False,False,True
506,505,0x1F9,?copyParams@ListBoxLineBase@gui@@QEBAXPEAV12@@Z,public: void __cdecl gui::ListBoxLineBase::copyParams(class gui::ListBoxLineBase *) const,method,gui,ListBoxLineBase,copyParams,class gui::ListBoxLineBase *,True,False,False,False,False,False,True
507,506,0x1FA,?copyParams@Menu@gui@@QEBAXPEAV12@@Z,public: void __cdecl gui::Menu::copyParams(class gui::Menu *) const,method,gui,Menu,copyParams,class gui::Menu *,True,False,False,False,False,False,True
508,507,0x1FB,?copyParams@MenuBar@gui@@QEBAXPEAV12@@Z,public: void __cdecl gui::MenuBar::copyParams(class gui::MenuBar *) const,method,gui,MenuBar,copyParams,class gui::MenuBar *,True,False,False,False,False,False,True
509,508,0x1FC,?copyParams@MenuBarItem@gui@@QEBAXPEAV12@@Z,public: void __cdecl gui::MenuBarItem::copyParams(class gui::MenuBarItem *) const,method,gui,MenuBarItem,copyParams,class gui::MenuBarItem *,True,False,False,False,False,False,True
510,509,0x1FD,?copyParams@MenuItemBase@gui@@QEBAXPEAV12@@Z,public: void __cdecl gui::MenuItemBase::copyParams(class gui::MenuItemBase *) const,method,gui,MenuItemBase,copyParams,class gui::MenuItemBase *,True,False,False,False,False,False,True
511,510,0x1FE,?copyParams@ModalWindow@gui@@QEBAXPEAV12@@Z,public: void __cdecl gui::ModalWindow::copyParams(class gui::ModalWindow *) const,method,gui,ModalWindow,copyParams,class gui::ModalWindow *,True,False,False,False,False,False,True
512,511,0x1FF,?copyParams@OverlayWindow@gui@@QEBAXPEAV12@@Z,public: void __cdecl gui::OverlayWindow::copyParams(class gui::OverlayWindow *) const,method,gui,OverlayWindow,copyParams,class gui::OverlayWindow *,True,False,False,False,False,False,True
513,512,0x200,?copyParams@Panel@gui@@QEBAXPEAV12@@Z,public: void __cdecl gui::Panel::copyParams(class gui::Panel *) const,method,gui,Panel,copyParams,class gui::Panel *,True,False,False,False,False,False,True
514,513,0x201,?copyParams@PieMenu@gui@@QEBAXPEAV12@@Z,public: void __cdecl gui::PieMenu::copyParams(class gui::PieMenu *) const,method,gui,PieMenu,copyParams,class gui::PieMenu *,True,False,False,False,False,False,True
515,514,0x202,?copyParams@ProgressBar@gui@@QEBAXPEAV12@@Z,public: void __cdecl gui::ProgressBar::copyParams(class gui::ProgressBar *) const,method,gui,ProgressBar,copyParams,class gui::ProgressBar *,True,False,False,False,False,False,True
516,515,0x203,?copyParams@RadioButton@gui@@QEBAXPEAV12@@Z,public: void __cdecl gui::RadioButton::copyParams(class gui::RadioButton *) const,method,gui,RadioButton,copyParams,class gui::RadioButton *,True,False,False,False,False,False,True
517,516,0x204,?copyParams@RangeIndicator@gui@@QEBAXPEAV12@@Z,public: void __cdecl gui::RangeIndicator::copyParams(class gui::RangeIndicator *) const,method,gui,RangeIndicator,copyParams,class gui::RangeIndicator *,True,False,False,False,False,False,True
518,517,0x205,?copyParams@ScrollBar@gui@@QEBAXPEAV12@@Z,public: void __cdecl gui::ScrollBar::copyParams(class gui::ScrollBar *) const,method,gui,ScrollBar,copyParams,class gui::ScrollBar *,True,False,False,False,False,False,True
519,518,0x206,?copyParams@ScrollPane@gui@@QEBAXPEAV12@@Z,public: void __cdecl gui::ScrollPane::copyParams(class gui::ScrollPane *) const,method,gui,ScrollPane,copyParams,class gui::ScrollPane *,True,False,False,False,False,False,True
520,519,0x207,?copyParams@Slider@gui@@QEBAXPEAV12@@Z,public: void __cdecl gui::Slider::copyParams(class gui::Slider *) const,method,gui,Slider,copyParams,class gui::Slider *,True,False,False,False,False,False,True
521,520,0x208,?copyParams@SpinBox@gui@@QEBAXPEAV12@@Z,public: void __cdecl gui::SpinBox::copyParams(class gui::SpinBox *) const,method,gui,SpinBox,copyParams,class gui::SpinBox *,True,False,False,False,False,False,True
522,521,0x209,?copyParams@Static@gui@@QEBAXPEAV12@@Z,public: void __cdecl gui::Static::copyParams(class gui::Static *) const,method,gui,Static,copyParams,class gui::Static *,True,False,False,False,False,False,True
523,522,0x20A,?copyParams@SwitchButton@gui@@QEBAXPEAV12@@Z,public: void __cdecl gui::SwitchButton::copyParams(class gui::SwitchButton *) const,method,gui,SwitchButton,copyParams,class gui::SwitchButton *,True,False,False,False,False,False,True
524,523,0x20B,?copyParams@TextureView@gui@@QEBAXPEAV12@@Z,public: void __cdecl gui::TextureView::copyParams(class gui::TextureView *) const,method,gui,TextureView,copyParams,class gui::TextureView *,True,False,False,False,False,False,True
525,524,0x20C,?copyParams@ToggleButton@gui@@QEBAXPEAV12@@Z,public: void __cdecl gui::ToggleButton::copyParams(class gui::ToggleButton *) const,method,gui,ToggleButton,copyParams,class gui::ToggleButton *,True,False,False,False,False,False,True
526,525,0x20D,?copyParams@Widget@gui@@QEBAXPEAV12@@Z,public: void __cdecl gui::Widget::copyParams(class gui::Widget *) const,method,gui,Widget,copyParams,class gui::Widget *,True,False,False,False,False,False,True
527,526,0x20E,?copyParams@Window@gui@@QEBAXPEAV12@@Z,public: void __cdecl gui::Window::copyParams(class gui::Window *) const,method,gui,Window,copyParams,class gui::Window *,True,False,False,False,False,False,True
528,527,0x20F,?copyParams_@Data@skin@gui@@MEBAXPEAV123@@Z,protected: virtual void __cdecl gui::skin::Data::copyParams_(class gui::skin::Data *) const,method,gui::skin,Data,copyParams_,class gui::skin::Data *,True,False,True,False,False,False,True
529,528,0x210,?copyState_@Data@skin@gui@@MEBAXPEAV123@W4InteractiveState@23@H@Z,"protected: virtual void __cdecl gui::skin::Data::copyState_(class gui::skin::Data *, enum gui::skin::InteractiveState, int) const",method,gui::skin,Data,copyState_,"class gui::skin::Data *, enum gui::skin::InteractiveState, int",True,False,True,False,False,False,True
530,529,0x211,?copyTextToClipboard@textutil@@YAXAEBV?$basic_string@_W@ed@@@Z,void __cdecl textutil::copyTextToClipboard(class ed::basic_string<wchar_t> const &),method,,textutil,copyTextToClipboard,class ed::basic_string<wchar_t> const &,False,False,False,False,False,False,True
531,530,0x212,?copyTo@AutoScrollTextSkin@skin@gui@@UEBAXPEAV123@@Z,public: virtual void __cdecl gui::skin::AutoScrollTextSkin::copyTo(class gui::skin::AutoScrollTextSkin *) const,method,gui::skin,AutoScrollTextSkin,copyTo,class gui::skin::AutoScrollTextSkin *,True,False,True,False,False,False,True
532,531,0x213,?copyTo@CheckListBoxSkin@skin@gui@@UEBAXPEAV123@@Z,public: virtual void __cdecl gui::skin::CheckListBoxSkin::copyTo(class gui::skin::CheckListBoxSkin *) const,method,gui::skin,CheckListBoxSkin,copyTo,class gui::skin::CheckListBoxSkin *,True,False,True,False,False,False,True
533,532,0x214,?copyTo@ComboBoxSkin@skin@gui@@UEBAXPEAV123@@Z,public: virtual void __cdecl gui::skin::ComboBoxSkin::copyTo(class gui::skin::ComboBoxSkin *) const,method,gui::skin,ComboBoxSkin,copyTo,class gui::skin::ComboBoxSkin *,True,False,True,False,False,False,True
534,533,0x215,?copyTo@ComboListSkin@skin@gui@@UEBAXPEAV123@@Z,public: virtual void __cdecl gui::skin::ComboListSkin::copyTo(class gui::skin::ComboListSkin *) const,method,gui::skin,ComboListSkin,copyTo,class gui::skin::ComboListSkin *,True,False,True,False,False,False,True
535,534,0x216,?copyTo@Data@skin@gui@@QEBAXPEAV123@@Z,public: void __cdecl gui::skin::Data::copyTo(class gui::skin::Data *) const,method,gui::skin,Data,copyTo,class gui::skin::Data *,True,False,False,False,False,False,True
536,535,0x217,?copyTo@DialSkin@skin@gui@@UEBAXPEAV123@@Z,public: virtual void __cdecl gui::skin::DialSkin::copyTo(class gui::skin::DialSkin *) const,method,gui::skin,DialSkin,copyTo,class gui::skin::DialSkin *,True,False,True,False,False,False,True
537,536,0x218,?copyTo@EditBoxSkin@skin@gui@@UEBAXPEAV123@@Z,public: virtual void __cdecl gui::skin::EditBoxSkin::copyTo(class gui::skin::EditBoxSkin *) const,method,gui::skin,EditBoxSkin,copyTo,class gui::skin::EditBoxSkin *,True,False,True,False,False,False,True
538,537,0x219,?copyTo@GridSkin@skin@gui@@UEBAXPEAV123@@Z,public: virtual void __cdecl gui::skin::GridSkin::copyTo(class gui::skin::GridSkin *) const,method,gui::skin,GridSkin,copyTo,class gui::skin::GridSkin *,True,False,True,False,False,False,True
539,538,0x21A,?copyTo@GridViewSkin@skin@gui@@UEBAXPEAV123@@Z,public: virtual void __cdecl gui::skin::GridViewSkin::copyTo(class gui::skin::GridViewSkin *) const,method,gui::skin,GridViewSkin,copyTo,class gui::skin::GridViewSkin *,True,False,True,False,False,False,True
540,539,0x21B,?copyTo@ListBoxSkin@skin@gui@@UEBAXPEAV123@@Z,public: virtual void __cdecl gui::skin::ListBoxSkin::copyTo(class gui::skin::ListBoxSkin *) const,method,gui::skin,ListBoxSkin,copyTo,class gui::skin::ListBoxSkin *,True,False,True,False,False,False,True
541,540,0x21C,?copyTo@MenuBarSkin@skin@gui@@UEBAXPEAV123@@Z,public: virtual void __cdecl gui::skin::MenuBarSkin::copyTo(class gui::skin::MenuBarSkin *) const,method,gui::skin,MenuBarSkin,copyTo,class gui::skin::MenuBarSkin *,True,False,True,False,False,False,True
542,541,0x21D,?copyTo@MenuSkin@skin@gui@@UEBAXPEAV123@@Z,public: virtual void __cdecl gui::skin::MenuSkin::copyTo(class gui::skin::MenuSkin *) const,method,gui::skin,MenuSkin,copyTo,class gui::skin::MenuSkin *,True,False,True,False,False,False,True
543,542,0x21E,?copyTo@PieMenuSkin@skin@gui@@UEBAXPEAV123@@Z,public: virtual void __cdecl gui::skin::PieMenuSkin::copyTo(class gui::skin::PieMenuSkin *) const,method,gui::skin,PieMenuSkin,copyTo,class gui::skin::PieMenuSkin *,True,False,True,False,False,False,True
544,543,0x21F,?copyTo@ProgressBarSkin@skin@gui@@UEBAXPEAV123@@Z,public: virtual void __cdecl gui::skin::ProgressBarSkin::copyTo(class gui::skin::ProgressBarSkin *) const,method,gui::skin,ProgressBarSkin,copyTo,class gui::skin::ProgressBarSkin *,True,False,True,False,False,False,True
545,544,0x220,?copyTo@RangeIndicatorSkin@skin@gui@@UEBAXPEAV123@@Z,public: virtual void __cdecl gui::skin::RangeIndicatorSkin::copyTo(class gui::skin::RangeIndicatorSkin *) const,method,gui::skin,RangeIndicatorSkin,copyTo,class gui::skin::RangeIndicatorSkin *,True,False,True,False,False,False,True
546,545,0x221,?copyTo@ScrollBarSkin@skin@gui@@UEBAXPEAV123@@Z,public: virtual void __cdecl gui::skin::ScrollBarSkin::copyTo(class gui::skin::ScrollBarSkin *) const,method,gui::skin,ScrollBarSkin,copyTo,class gui::skin::ScrollBarSkin *,True,False,True,False,False,False,True
547,546,0x222,?copyTo@ScrollPaneSkin@skin@gui@@UEBAXPEAV123@@Z,public: virtual void __cdecl gui::skin::ScrollPaneSkin::copyTo(class gui::skin::ScrollPaneSkin *) const,method,gui::skin,ScrollPaneSkin,copyTo,class gui::skin::ScrollPaneSkin *,True,False,True,False,False,False,True
548,547,0x223,?copyTo@Skin@skin@gui@@UEBAXPEAV123@@Z,public: virtual void __cdecl gui::skin::Skin::copyTo(class gui::skin::Skin *) const,method,gui::skin,Skin,copyTo,class gui::skin::Skin *,True,False,True,False,False,False,True
549,548,0x224,?copyTo@SliderSkin@skin@gui@@UEBAXPEAV123@@Z,public: virtual void __cdecl gui::skin::SliderSkin::copyTo(class gui::skin::SliderSkin *) const,method,gui::skin,SliderSkin,copyTo,class gui::skin::SliderSkin *,True,False,True,False,False,False,True
550,549,0x225,?copyTo@SpinBoxSkin@skin@gui@@UEBAXPEAV123@@Z,public: virtual void __cdecl gui::skin::SpinBoxSkin::copyTo(class gui::skin::SpinBoxSkin *) const,method,gui::skin,SpinBoxSkin,copyTo,class gui::skin::SpinBoxSkin *,True,False,True,False,False,False,True
551,550,0x226,?copyTo@WindowBaseSkin@skin@gui@@UEBAXPEAV123@@Z,public: virtual void __cdecl gui::skin::WindowBaseSkin::copyTo(class gui::skin::WindowBaseSkin *) const,method,gui::skin,WindowBaseSkin,copyTo,class gui::skin::WindowBaseSkin *,True,False,True,False,False,False,True
552,551,0x227,?copy_@EditBox@gui@@IEAAXXZ,protected: void __cdecl gui::EditBox::copy_(void),method,gui,EditBox,copy_,void,False,False,False,False,False,False,True
553,552,0x228,?create@GUI@gui@@SAXAEBV?$basic_string@D@ed@@AEBVVec2i@osg@@M@Z,"public: static void __cdecl gui::GUI::create(class ed::basic_string<char> const &, class osg::Vec2i const &, float)",method,gui,GUI,create,"class ed::basic_string<char> const &, class osg::Vec2i const &, float",False,True,False,False,False,False,True
554,553,0x229,?create@LayoutHandler@gui@@KAPEAV12@PEAVLayout@2@@Z,protected: static class gui::LayoutHandler * __cdecl gui::LayoutHandler::create(class gui::Layout *),method,gui,LayoutHandler,create,class gui::Layout *,False,True,False,False,False,False,True
555,554,0x22A,?create@WidgetHandler@gui@@KAPEAV12@PEAVWidget@2@@Z,protected: static class gui::WidgetHandler * __cdecl gui::WidgetHandler::create(class gui::Widget *),method,gui,WidgetHandler,create,class gui::Widget *,False,True,False,False,False,False,True
556,555,0x22B,?createButtons_@ScrollBar@gui@@MEAAXXZ,protected: virtual void __cdecl gui::ScrollBar::createButtons_(void),method,gui,ScrollBar,createButtons_,void,False,False,True,False,False,False,True
557,556,0x22C,?createCustomOverlay@GUI@gui@@QEAA_JXZ,public: __int64 __cdecl gui::GUI::createCustomOverlay(void),method,gui,GUI,createCustomOverlay,void,False,False,False,False,False,False,True
558,557,0x22D,?createMainWindow@Application@gui@@UEAAXHH_N@Z,"public: virtual void __cdecl gui::Application::createMainWindow(int, int, bool)",method,gui,Application,createMainWindow,"int, int, bool",False,False,True,False,False,False,True
559,558,0x22E,?createParagraph_@EditBox@gui@@IEBAPEAVEditBoxParagraph@2@V?$basic_string_view@_WU?$char_traits@_W@std@@@std@@@Z,"protected: class gui::EditBoxParagraph * __cdecl gui::EditBox::createParagraph_(class std::basic_string_view<wchar_t, struct std::char_traits<wchar_t>>) const",method,gui,EditBox,createParagraph_,"class std::basic_string_view<wchar_t, struct std::char_traits<wchar_t>>",True,False,False,False,False,False,True
560,559,0x22F,?createScrollBars_@EditBox@gui@@IEAAXXZ,protected: void __cdecl gui::EditBox::createScrollBars_(void),method,gui,EditBox,createScrollBars_,void,False,False,False,False,False,False,True
561,560,0x230,?createSurface@GUI@gui@@QEAAHXZ,public: int __cdecl gui::GUI::createSurface(void),method,gui,GUI,createSurface,void,False,False,False,False,False,False,True
562,561,0x231,?createTarget_@Skin@skin@gui@@MEAAXXZ,protected: virtual void __cdecl gui::skin::Skin::createTarget_(void),method,gui::skin,Skin,createTarget_,void,False,False,True,False,False,False,True
563,562,0x232,?createTextItem_@ColorTextStaticSkin@gui@@IEBAPEAVTextItem@12@AEBUTextBlock@textutil@@AEBUInfo@Text@2@AEBV?$unordered_map@V?$basic_string@_W@ed@@V12@U?$hash@V?$basic_string@_W@ed@@@std@@U?$equal_to@V?$basic_string@_W@ed@@@4@V?$allocator@U?$pair@$$CBV?$basic_string@_W@ed@@V12@@std@@@2@@std@@@Z,"protected: class gui::ColorTextStaticSkin::TextItem * __cdecl gui::ColorTextStaticSkin::createTextItem_(struct textutil::TextBlock const &, struct gui::Text::Info const &, class std::unordered_map<class ed::basic_string<wchar_t>, class ed::basic_string<wchar_t>, struct std::hash<class ed::basic_string<wchar_t>>, struct std::equal_to<class ed::basic_string<wchar_t>>, class ed::allocator<struct std::pair<class ed::basic_string<wchar_t> const, class ed::basic_string<wchar_t>>>> const &) const",method,gui,ColorTextStaticSkin,createTextItem_,"struct textutil::TextBlock const &, struct gui::Text::Info const &, class std::unordered_map<class ed::basic_string<wchar_t>, class ed::basic_string<wchar_t>, struct std::hash<class ed::basic_string<wchar_t>>, struct std::equal_to<class ed::basic_string<wchar_t>>, class ed::allocator<struct std::pair<class ed::basic_string<wchar_t> const, class ed::basic_string<wchar_t>>>> const &",True,False,False,False,False,False,True
564,563,0x233,?createTextLines_@ColorTextStaticSkin@gui@@IEBAXAEBUInfo@Text@2@AEAV?$vector@PEAVTextLine@ColorTextStaticSkin@gui@@V?$allocator@PEAVTextLine@ColorTextStaticSkin@gui@@@ed@@@ed@@@Z,"protected: void __cdecl gui::ColorTextStaticSkin::createTextLines_(struct gui::Text::Info const &, class ed::vector<class gui::ColorTextStaticSkin::TextLine *, class ed::allocator<class gui::ColorTextStaticSkin::TextLine *>> &) const",method,gui,ColorTextStaticSkin,createTextLines_,"struct gui::Text::Info const &, class ed::vector<class gui::ColorTextStaticSkin::TextLine *, class ed::allocator<class gui::ColorTextStaticSkin::TextLine *>> &",True,False,False,False,False,False,True
565,564,0x234,?createTextString_@ColorTextStaticSkin@gui@@IEBAPEAVuiBaseTextString@@AEBVTextItem@12@@Z,protected: class uiBaseTextString * __cdecl gui::ColorTextStaticSkin::createTextString_(class gui::ColorTextStaticSkin::TextItem const &) const,method,gui,ColorTextStaticSkin,createTextString_,class gui::ColorTextStaticSkin::TextItem const &,True,False,False,False,False,False,True
566,565,0x235,?createTextStrings_@ColorTextStaticSkin@gui@@IEBAXAEAV?$vector@PEAVuiBaseTextString@@V?$allocator@PEAVuiBaseTextString@@@ed@@@ed@@@Z,"protected: void __cdecl gui::ColorTextStaticSkin::createTextStrings_(class ed::vector<class uiBaseTextString *, class ed::allocator<class uiBaseTextString *>> &) const",method,gui,ColorTextStaticSkin,createTextStrings_,"class ed::vector<class uiBaseTextString *, class ed::allocator<class uiBaseTextString *>> &",True,False,False,False,False,False,True
567,566,0x236,?createThumb_@ScrollBar@gui@@MEAAXXZ,protected: virtual void __cdecl gui::ScrollBar::createThumb_(void),method,gui,ScrollBar,createThumb_,void,False,False,True,False,False,False,True
568,567,0x237,?createWidgets_@ScrollBar@gui@@MEAAXXZ,protected: virtual void __cdecl gui::ScrollBar::createWidgets_(void),method,gui,ScrollBar,createWidgets_,void,False,False,True,False,False,False,True
569,568,0x238,?createWindowFromResource@GUI@gui@@QEAAPEAVWindowBase@2@PEBD@Z,public: class gui::WindowBase * __cdecl gui::GUI::createWindowFromResource(char const *),method,gui,GUI,createWindowFromResource,char const *,False,False,False,False,False,False,True
570,569,0x239,?cut_@EditBox@gui@@IEAAXXZ,protected: void __cdecl gui::EditBox::cut_(void),method,gui,EditBox,cut_,void,False,False,False,False,False,False,True
571,570,0x23A,?decreaseValue_@ScrollBarBase@gui@@MEAAXXZ,protected: virtual void __cdecl gui::ScrollBarBase::decreaseValue_(void),method,gui,ScrollBarBase,decreaseValue_,void,False,False,True,False,False,False,True
572,571,0x23B,?deleteButtons_@ScrollBar@gui@@MEAAXXZ,protected: virtual void __cdecl gui::ScrollBar::deleteButtons_(void),method,gui,ScrollBar,deleteButtons_,void,False,False,True,False,False,False,True
573,572,0x23C,?deleteInvisibleTextLines@Skin@skin@gui@@MEBA_NXZ,protected: virtual bool __cdecl gui::skin::Skin::deleteInvisibleTextLines(void) const,method,gui::skin,Skin,deleteInvisibleTextLines,void,True,False,True,False,False,False,True
574,573,0x23D,?deleteItems_@ListBoxBase@gui@@MEAAXXZ,protected: virtual void __cdecl gui::ListBoxBase::deleteItems_(void),method,gui,ListBoxBase,deleteItems_,void,False,False,True,False,False,False,True
575,574,0x23E,?deleteScrollBars_@EditBox@gui@@IEAAXXZ,protected: void __cdecl gui::EditBox::deleteScrollBars_(void),method,gui,EditBox,deleteScrollBars_,void,False,False,False,False,False,False,True
576,575,0x23F,?deleteSelection_@EditBox@gui@@IEAAXXZ,protected: void __cdecl gui::EditBox::deleteSelection_(void),method,gui,EditBox,deleteSelection_,void,False,False,False,False,False,False,True
577,576,0x240,?deleteTarget_@Skin@skin@gui@@IEAAXXZ,protected: void __cdecl gui::skin::Skin::deleteTarget_(void),method,gui::skin,Skin,deleteTarget_,void,False,False,False,False,False,False,True
578,577,0x241,?deleteWidgets_@Container@gui@@MEAAXXZ,protected: virtual void __cdecl gui::Container::deleteWidgets_(void),method,gui,Container,deleteWidgets_,void,False,False,True,False,False,False,True
579,578,0x242,?destroy@Application@gui@@SAXXZ,public: static void __cdecl gui::Application::destroy(void),method,gui,Application,destroy,void,False,True,False,False,False,False,True
580,579,0x243,?destroy@GUI@gui@@SAXXZ,public: static void __cdecl gui::GUI::destroy(void),method,gui,GUI,destroy,void,False,True,False,False,False,False,True
581,580,0x244,?destroy@Layout@gui@@SAXPEAV12@@Z,public: static void __cdecl gui::Layout::destroy(class gui::Layout *),method,gui,Layout,destroy,class gui::Layout *,False,True,False,False,False,False,True
582,581,0x245,?destroy@ShaderEffectAlpha@skin@gui@@UEAAXXZ,public: virtual void __cdecl gui::skin::ShaderEffectAlpha::destroy(void),method,gui::skin,ShaderEffectAlpha,destroy,void,False,False,True,False,False,False,True
583,582,0x246,?destroy@ShaderEffectAppearQuads@skin@gui@@UEAAXXZ,public: virtual void __cdecl gui::skin::ShaderEffectAppearQuads::destroy(void),method,gui::skin,ShaderEffectAppearQuads,destroy,void,False,False,True,False,False,False,True
584,583,0x247,?destroy@ShaderEffectFlickerQuads@skin@gui@@UEAAXXZ,public: virtual void __cdecl gui::skin::ShaderEffectFlickerQuads::destroy(void),method,gui::skin,ShaderEffectFlickerQuads,destroy,void,False,False,True,False,False,False,True
585,584,0x248,?destroy@ShaderEffectShowMsg@skin@gui@@UEAAXXZ,public: virtual void __cdecl gui::skin::ShaderEffectShowMsg::destroy(void),method,gui::skin,ShaderEffectShowMsg,destroy,void,False,False,True,False,False,False,True
586,585,0x249,?destroy@Widget@gui@@SAXPEAV12@@Z,public: static void __cdecl gui::Widget::destroy(class gui::Widget *),method,gui,Widget,destroy,class gui::Widget *,False,True,False,False,False,False,True
587,586,0x24A,?destroyAlphaEffect@ShaderEffectManager@skin@gui@@QEAAXPEAVShaderEffectAlpha@23@@Z,public: void __cdecl gui::skin::ShaderEffectManager::destroyAlphaEffect(class gui::skin::ShaderEffectAlpha *),method,gui::skin,ShaderEffectManager,destroyAlphaEffect,class gui::skin::ShaderEffectAlpha *,False,False,False,False,False,False,True
588,587,0x24B,?destroyAppearQuadsEffect@ShaderEffectManager@skin@gui@@QEAAXPEAVShaderEffectAppearQuads@23@@Z,public: void __cdecl gui::skin::ShaderEffectManager::destroyAppearQuadsEffect(class gui::skin::ShaderEffectAppearQuads *),method,gui::skin,ShaderEffectManager,destroyAppearQuadsEffect,class gui::skin::ShaderEffectAppearQuads *,False,False,False,False,False,False,True
589,588,0x24C,?destroyFlickerQuadsEffect@ShaderEffectManager@skin@gui@@QEAAXPEAVShaderEffectFlickerQuads@23@@Z,public: void __cdecl gui::skin::ShaderEffectManager::destroyFlickerQuadsEffect(class gui::skin::ShaderEffectFlickerQuads *),method,gui::skin,ShaderEffectManager,destroyFlickerQuadsEffect,class gui::skin::ShaderEffectFlickerQuads *,False,False,False,False,False,False,True
590,589,0x24D,?destroyShowMsgEffect@ShaderEffectManager@skin@gui@@QEAAXPEAVShaderEffectShowMsg@23@@Z,public: void __cdecl gui::skin::ShaderEffectManager::destroyShowMsgEffect(class gui::skin::ShaderEffectShowMsg *),method,gui::skin,ShaderEffectManager,destroyShowMsgEffect,class gui::skin::ShaderEffectShowMsg *,False,False,False,False,False,False,True
591,590,0x24E,?destroy_@Layout@gui@@MEAAXXZ,protected: virtual void __cdecl gui::Layout::destroy_(void),method,gui,Layout,destroy_,void,False,False,True,False,False,False,True
592,591,0x24F,?destroy_@ListBoxLineBase@gui@@MEAAXXZ,protected: virtual void __cdecl gui::ListBoxLineBase::destroy_(void),method,gui,ListBoxLineBase,destroy_,void,False,False,True,False,False,False,True
593,592,0x250,?destroy_@Widget@gui@@MEAAXXZ,protected: virtual void __cdecl gui::Widget::destroy_(void),method,gui,Widget,destroy_,void,False,False,True,False,False,False,True
594,593,0x251,?detachFromParent@Widget@gui@@UEAAXXZ,public: virtual void __cdecl gui::Widget::detachFromParent(void),method,gui,Widget,detachFromParent,void,False,False,True,False,False,False,True
595,594,0x252,?detachItem_@ListBoxBase@gui@@IEAA_NPEAVListBoxLineBase@2@@Z,protected: bool __cdecl gui::ListBoxBase::detachItem_(class gui::ListBoxLineBase *),method,gui,ListBoxBase,detachItem_,class gui::ListBoxLineBase *,False,False,False,False,False,False,True
596,595,0x253,?detachWidget_@Grid@gui@@IEAAXPEAVWidgetHandler@2@@Z,protected: void __cdecl gui::Grid::detachWidget_(class gui::WidgetHandler *),method,gui,Grid,detachWidget_,class gui::WidgetHandler *,False,False,False,False,False,False,True
597,596,0x254,?divideTextIntoParagraphs_@EditBox@gui@@MEAAXV?$basic_string_view@_WU?$char_traits@_W@std@@@std@@@Z,"protected: virtual void __cdecl gui::EditBox::divideTextIntoParagraphs_(class std::basic_string_view<wchar_t, struct std::char_traits<wchar_t>>)",method,gui,EditBox,divideTextIntoParagraphs_,"class std::basic_string_view<wchar_t, struct std::char_traits<wchar_t>>",False,False,True,False,False,False,True
598,597,0x255,?doModal_@ModalWindow@gui@@MEAAXXZ,protected: virtual void __cdecl gui::ModalWindow::doModal_(void),method,gui,ModalWindow,doModal_,void,False,False,True,False,False,False,True
599,598,0x256,?doRedraw@Bkg@gui@@QEAAXXZ,public: void __cdecl gui::Bkg::doRedraw(void),method,gui,Bkg,doRedraw,void,False,False,False,False,False,False,True
600,599,0x257,?doRedraw@ChartSkin@skin@gui@@UEAAXXZ,public: virtual void __cdecl gui::skin::ChartSkin::doRedraw(void),method,gui::skin,ChartSkin,doRedraw,void,False,False,True,False,False,False,True
601,600,0x258,?doRedraw@CheckBaseSkin@skin@gui@@UEAAXXZ,public: virtual void __cdecl gui::skin::CheckBaseSkin::doRedraw(void),method,gui::skin,CheckBaseSkin,doRedraw,void,False,False,True,False,False,False,True
602,601,0x259,?doRedraw@CheckListBoxLineSkin@skin@gui@@UEAAXXZ,public: virtual void __cdecl gui::skin::CheckListBoxLineSkin::doRedraw(void),method,gui::skin,CheckListBoxLineSkin,doRedraw,void,False,False,True,False,False,False,True
603,602,0x25A,?doRedraw@FocusRect@gui@@QEAAXXZ,public: void __cdecl gui::FocusRect::doRedraw(void),method,gui,FocusRect,doRedraw,void,False,False,False,False,False,False,True
604,603,0x25B,?doRedraw@GUI@gui@@QEAAXXZ,public: void __cdecl gui::GUI::doRedraw(void),method,gui,GUI,doRedraw,void,False,False,False,False,False,False,True
605,604,0x25C,?doRedraw@GraphicCommandDrawGeometry@gui@@UEAAXXZ,public: virtual void __cdecl gui::GraphicCommandDrawGeometry::doRedraw(void),method,gui,GraphicCommandDrawGeometry,doRedraw,void,False,False,True,False,False,False,True
606,605,0x25D,?doRedraw@Image@gui@@QEAAXXZ,public: void __cdecl gui::Image::doRedraw(void),method,gui,Image,doRedraw,void,False,False,False,False,False,False,True
607,606,0x25E,?doRedraw@MenuItemSkin@skin@gui@@UEAAXXZ,public: virtual void __cdecl gui::skin::MenuItemSkin::doRedraw(void),method,gui::skin,MenuItemSkin,doRedraw,void,False,False,True,False,False,False,True
608,607,0x25F,?doRedraw@MenuSubItemSkin@skin@gui@@UEAAXXZ,public: virtual void __cdecl gui::skin::MenuSubItemSkin::doRedraw(void),method,gui::skin,MenuSubItemSkin,doRedraw,void,False,False,True,False,False,False,True
609,608,0x260,?doRedraw@PieMenuItemSkin@skin@gui@@UEAAXXZ,public: virtual void __cdecl gui::skin::PieMenuItemSkin::doRedraw(void),method,gui::skin,PieMenuItemSkin,doRedraw,void,False,False,True,False,False,False,True
610,609,0x261,?doRedraw@PieMenuSkin@skin@gui@@UEAAXXZ,public: virtual void __cdecl gui::skin::PieMenuSkin::doRedraw(void),method,gui::skin,PieMenuSkin,doRedraw,void,False,False,True,False,False,False,True
611,610,0x262,?doRedraw@PieMenuSubItemSkin@skin@gui@@UEAAXXZ,public: virtual void __cdecl gui::skin::PieMenuSubItemSkin::doRedraw(void),method,gui::skin,PieMenuSubItemSkin,doRedraw,void,False,False,True,False,False,False,True
612,611,0x263,?doRedraw@ShaderEffect@skin@gui@@UEAAXAEBVVec2i@osg@@@Z,public: virtual void __cdecl gui::skin::ShaderEffect::doRedraw(class osg::Vec2i const &),method,gui::skin,ShaderEffect,doRedraw,class osg::Vec2i const &,False,False,True,False,False,False,True
613,612,0x264,?doRedraw@Skin@skin@gui@@UEAAXXZ,public: virtual void __cdecl gui::skin::Skin::doRedraw(void),method,gui::skin,Skin,doRedraw,void,False,False,True,False,False,False,True
614,613,0x265,?doRedraw@Text@gui@@QEAAXXZ,public: void __cdecl gui::Text::doRedraw(void),method,gui,Text,doRedraw,void,False,False,False,False,False,False,True
615,614,0x266,?doRedraw@TextureView@gui@@UEAAXXZ,public: virtual void __cdecl gui::TextureView::doRedraw(void),method,gui,TextureView,doRedraw,void,False,False,True,False,False,False,True
616,615,0x267,?doRedraw@Widget@gui@@UEAAXXZ,public: virtual void __cdecl gui::Widget::doRedraw(void),method,gui,Widget,doRedraw,void,False,False,True,False,False,False,True
617,616,0x268,?doRedrawAll@Widget@gui@@SAXXZ,public: static void __cdecl gui::Widget::doRedrawAll(void),method,gui,Widget,doRedrawAll,void,False,True,False,False,False,False,True
618,617,0x269,?doRedrawChildren@Container@gui@@UEAAXXZ,public: virtual void __cdecl gui::Container::doRedrawChildren(void),method,gui,Container,doRedrawChildren,void,False,False,True,False,False,False,True
619,618,0x26A,?doRedrawChildren@PieMenu@gui@@UEAAXXZ,public: virtual void __cdecl gui::PieMenu::doRedrawChildren(void),method,gui,PieMenu,doRedrawChildren,void,False,False,True,False,False,False,True
620,619,0x26B,?doRedrawChildren@Widget@gui@@UEAAXXZ,public: virtual void __cdecl gui::Widget::doRedrawChildren(void),method,gui,Widget,doRedrawChildren,void,False,False,True,False,False,False,True
621,620,0x26C,?doRedrawItems_@PieMenu@gui@@IEAAXXZ,protected: void __cdecl gui::PieMenu::doRedrawItems_(void),method,gui,PieMenu,doRedrawItems_,void,False,False,False,False,False,False,True
622,621,0x26D,?doRedrawTarget_@Skin@skin@gui@@MEAAXXZ,protected: virtual void __cdecl gui::skin::Skin::doRedrawTarget_(void),method,gui::skin,Skin,doRedrawTarget_,void,False,False,True,False,False,False,True
623,622,0x26E,?doRedraw_@Widget@gui@@MEAAXXZ,protected: virtual void __cdecl gui::Widget::doRedraw_(void),method,gui,Widget,doRedraw_,void,False,False,True,False,False,False,True
624,623,0x26F,?dragThumb_@HorzScrollBar@gui@@MEAAXAEBVVec2i@osg@@@Z,protected: virtual void __cdecl gui::HorzScrollBar::dragThumb_(class osg::Vec2i const &),method,gui,HorzScrollBar,dragThumb_,class osg::Vec2i const &,False,False,True,False,False,False,True
625,624,0x270,?dragThumb_@HorzSlider@gui@@MEAAXAEBVVec2i@osg@@@Z,protected: virtual void __cdecl gui::HorzSlider::dragThumb_(class osg::Vec2i const &),method,gui,HorzSlider,dragThumb_,class osg::Vec2i const &,False,False,True,False,False,False,True
626,625,0x271,?dragThumb_@VertScrollBar@gui@@MEAAXAEBVVec2i@osg@@@Z,protected: virtual void __cdecl gui::VertScrollBar::dragThumb_(class osg::Vec2i const &),method,gui,VertScrollBar,dragThumb_,class osg::Vec2i const &,False,False,True,False,False,False,True
627,626,0x272,?dragThumb_@VertSlider@gui@@MEAAXAEBVVec2i@osg@@@Z,protected: virtual void __cdecl gui::VertSlider::dragThumb_(class osg::Vec2i const &),method,gui,VertSlider,dragThumb_,class osg::Vec2i const &,False,False,True,False,False,False,True
628,627,0x273,?draw@Application@gui@@UEAAXXZ,public: virtual void __cdecl gui::Application::draw(void),method,gui,Application,draw,void,False,False,True,False,False,False,True
629,628,0x274,?draw@Bkg@gui@@QEBAXXZ,public: void __cdecl gui::Bkg::draw(void) const,method,gui,Bkg,draw,void,True,False,False,False,False,False,True
630,629,0x275,?draw@FocusRect@gui@@QEBAXXZ,public: void __cdecl gui::FocusRect::draw(void) const,method,gui,FocusRect,draw,void,True,False,False,False,False,False,True
631,630,0x276,?draw@GUI@gui@@QEAAXXZ,public: void __cdecl gui::GUI::draw(void),method,gui,GUI,draw,void,False,False,False,False,False,False,True
632,631,0x277,?draw@GraphicCommandDrawCircle@gui@@UEAAXXZ,public: virtual void __cdecl gui::GraphicCommandDrawCircle::draw(void),method,gui,GraphicCommandDrawCircle,draw,void,False,False,True,False,False,False,True
633,632,0x278,?draw@GraphicCommandDrawGeometry@gui@@UEAAXXZ,public: virtual void __cdecl gui::GraphicCommandDrawGeometry::draw(void),method,gui,GraphicCommandDrawGeometry,draw,void,False,False,True,False,False,False,True
634,633,0x279,?draw@GraphicCommandDrawLifeBar@gui@@UEAAXXZ,public: virtual void __cdecl gui::GraphicCommandDrawLifeBar::draw(void),method,gui,GraphicCommandDrawLifeBar,draw,void,False,False,True,False,False,False,True
635,634,0x27A,?draw@GraphicCommandParse@gui@@UEAAXXZ,public: virtual void __cdecl gui::GraphicCommandParse::draw(void),method,gui,GraphicCommandParse,draw,void,False,False,True,False,False,False,True
636,635,0x27B,?draw@GraphicCommandPopShaderTechnique@gui@@UEAAXXZ,public: virtual void __cdecl gui::GraphicCommandPopShaderTechnique::draw(void),method,gui,GraphicCommandPopShaderTechnique,draw,void,False,False,True,False,False,False,True
637,636,0x27C,?draw@GraphicCommandPushShaderTechnique@gui@@UEAAXXZ,public: virtual void __cdecl gui::GraphicCommandPushShaderTechnique::draw(void),method,gui,GraphicCommandPushShaderTechnique,draw,void,False,False,True,False,False,False,True
638,637,0x27D,?draw@GraphicCommandSetOpacity@gui@@UEAAXXZ,public: virtual void __cdecl gui::GraphicCommandSetOpacity::draw(void),method,gui,GraphicCommandSetOpacity,draw,void,False,False,True,False,False,False,True
639,638,0x27E,?draw@GraphicCommandSetShaderTechnique@gui@@UEAAXXZ,public: virtual void __cdecl gui::GraphicCommandSetShaderTechnique::draw(void),method,gui,GraphicCommandSetShaderTechnique,draw,void,False,False,True,False,False,False,True
640,639,0x27F,?draw@GraphicCommandSetTextureFiltering@gui@@UEAAXXZ,public: virtual void __cdecl gui::GraphicCommandSetTextureFiltering::draw(void),method,gui,GraphicCommandSetTextureFiltering,draw,void,False,False,True,False,False,False,True
641,640,0x280,?draw@GraphicCommandShiftPosition@gui@@UEAAXXZ,public: virtual void __cdecl gui::GraphicCommandShiftPosition::draw(void),method,gui,GraphicCommandShiftPosition,draw,void,False,False,True,False,False,False,True
642,641,0x281,?draw@GridViewSkin@skin@gui@@UEBAXXZ,public: virtual void __cdecl gui::skin::GridViewSkin::draw(void) const,method,gui::skin,GridViewSkin,draw,void,True,False,True,False,False,False,True
643,642,0x282,?draw@Image@gui@@QEBAXAEBVVec4f@osg@@@Z,public: void __cdecl gui::Image::draw(class osg::Vec4f const &) const,method,gui,Image,draw,class osg::Vec4f const &,True,False,False,False,False,False,True
644,643,0x283,?draw@Image@gui@@QEBAXXZ,public: void __cdecl gui::Image::draw(void) const,method,gui,Image,draw,void,True,False,False,False,False,False,True
645,644,0x284,?draw@ShaderEffect@skin@gui@@UEAAXXZ,public: virtual void __cdecl gui::skin::ShaderEffect::draw(void),method,gui::skin,ShaderEffect,draw,void,False,False,True,False,False,False,True
646,645,0x285,?draw@Skin@skin@gui@@UEBAXXZ,public: virtual void __cdecl gui::skin::Skin::draw(void) const,method,gui::skin,Skin,draw,void,True,False,True,False,False,False,True
647,646,0x286,?draw@Text@gui@@QEBAXAEBVVec4f@osg@@@Z,public: void __cdecl gui::Text::draw(class osg::Vec4f const &) const,method,gui,Text,draw,class osg::Vec4f const &,True,False,False,False,False,False,True
648,647,0x287,?draw@Text@gui@@QEBAXXZ,public: void __cdecl gui::Text::draw(void) const,method,gui,Text,draw,void,True,False,False,False,False,False,True
649,648,0x288,?draw@Widget@gui@@UEBAXXZ,public: virtual void __cdecl gui::Widget::draw(void) const,method,gui,Widget,draw,void,True,False,True,False,False,False,True
650,649,0x289,?drawBkg@GraphicCommands@gui@@QEAAXAEBVuiBaseShaderBkgQuads@@PEBM@Z,"public: void __cdecl gui::GraphicCommands::drawBkg(class uiBaseShaderBkgQuads const &, float const *)",method,gui,GraphicCommands,drawBkg,"class uiBaseShaderBkgQuads const &, float const *",False,False,False,False,False,False,True
651,650,0x28A,?drawBkg_@Skin@skin@gui@@MEBAXXZ,protected: virtual void __cdecl gui::skin::Skin::drawBkg_(void) const,method,gui::skin,Skin,drawBkg_,void,True,False,True,False,False,False,True
652,651,0x28B,?drawCheck_@CheckBaseSkin@skin@gui@@MEBAXXZ,protected: virtual void __cdecl gui::skin::CheckBaseSkin::drawCheck_(void) const,method,gui::skin,CheckBaseSkin,drawCheck_,void,True,False,True,False,False,False,True
653,652,0x28C,?drawCheck_@CheckListBoxLineSkin@skin@gui@@MEBAXXZ,protected: virtual void __cdecl gui::skin::CheckListBoxLineSkin::drawCheck_(void) const,method,gui::skin,CheckListBoxLineSkin,drawCheck_,void,True,False,True,False,False,False,True
654,653,0x28D,?drawChildren@Container@gui@@UEBAXXZ,public: virtual void __cdecl gui::Container::drawChildren(void) const,method,gui,Container,drawChildren,void,True,False,True,False,False,False,True
655,654,0x28E,?drawChildren@GridHeader@gui@@UEBAXXZ,public: virtual void __cdecl gui::GridHeader::drawChildren(void) const,method,gui,GridHeader,drawChildren,void,True,False,True,False,False,False,True
656,655,0x28F,?drawChildren@GridView@gui@@UEBAXXZ,public: virtual void __cdecl gui::GridView::drawChildren(void) const,method,gui,GridView,drawChildren,void,True,False,True,False,False,False,True
657,656,0x290,?drawChildren@PieMenu@gui@@UEBAXXZ,public: virtual void __cdecl gui::PieMenu::drawChildren(void) const,method,gui,PieMenu,drawChildren,void,True,False,True,False,False,False,True
658,657,0x291,?drawChildren@Widget@gui@@UEBAXXZ,public: virtual void __cdecl gui::Widget::drawChildren(void) const,method,gui,Widget,drawChildren,void,True,False,True,False,False,False,True
659,658,0x292,?drawChildren_@ChartSkin@skin@gui@@MEBAXXZ,protected: virtual void __cdecl gui::skin::ChartSkin::drawChildren_(void) const,method,gui::skin,ChartSkin,drawChildren_,void,True,False,True,False,False,False,True
660,659,0x293,?drawChildren_@Skin@skin@gui@@MEBAXXZ,protected: virtual void __cdecl gui::skin::Skin::drawChildren_(void) const,method,gui::skin,Skin,drawChildren_,void,True,False,True,False,False,False,True
661,660,0x294,?drawClipped_@Widget@gui@@MEBAXXZ,protected: virtual void __cdecl gui::Widget::drawClipped_(void) const,method,gui,Widget,drawClipped_,void,True,False,True,False,False,False,True
662,661,0x295,?drawCurve_@ChartSkin@skin@gui@@IEBAXXZ,protected: void __cdecl gui::skin::ChartSkin::drawCurve_(void) const,method,gui::skin,ChartSkin,drawCurve_,void,True,False,False,False,False,False,True
663,662,0x296,?drawCustomOverlay@GUI@gui@@QEAAX_J@Z,public: void __cdecl gui::GUI::drawCustomOverlay(__int64),method,gui,GUI,drawCustomOverlay,__int64,False,False,False,False,False,False,True
664,663,0x297,?drawFocusRect@ComboBoxSkin@skin@gui@@UEBAXXZ,public: virtual void __cdecl gui::skin::ComboBoxSkin::drawFocusRect(void) const,method,gui::skin,ComboBoxSkin,drawFocusRect,void,True,False,True,False,False,False,True
665,664,0x298,?drawFocusRect@EditBoxSkin@skin@gui@@UEBAXXZ,public: virtual void __cdecl gui::skin::EditBoxSkin::drawFocusRect(void) const,method,gui::skin,EditBoxSkin,drawFocusRect,void,True,False,True,False,False,False,True
666,665,0x299,?drawFocusRect@PieMenuItemSkin@skin@gui@@UEBAXXZ,public: virtual void __cdecl gui::skin::PieMenuItemSkin::drawFocusRect(void) const,method,gui::skin,PieMenuItemSkin,drawFocusRect,void,True,False,True,False,False,False,True
667,666,0x29A,?drawFocusRect@PieMenuSkin@skin@gui@@UEBAXXZ,public: virtual void __cdecl gui::skin::PieMenuSkin::drawFocusRect(void) const,method,gui::skin,PieMenuSkin,drawFocusRect,void,True,False,True,False,False,False,True
668,667,0x29B,?drawFocusRect@Skin@skin@gui@@UEBAXXZ,public: virtual void __cdecl gui::skin::Skin::drawFocusRect(void) const,method,gui::skin,Skin,drawFocusRect,void,True,False,True,False,False,False,True
669,668,0x29C,?drawFocusRect@SpinBoxSkin@skin@gui@@UEBAXXZ,public: virtual void __cdecl gui::skin::SpinBoxSkin::drawFocusRect(void) const,method,gui::skin,SpinBoxSkin,drawFocusRect,void,True,False,True,False,False,False,True
670,669,0x29D,?drawFocusRect_@Widget@gui@@MEBAXXZ,protected: virtual void __cdecl gui::Widget::drawFocusRect_(void) const,method,gui,Widget,drawFocusRect_,void,True,False,True,False,False,False,True
671,670,0x29E,?drawFunc@GraphicCommands@gui@@QEAAXV?$function@$$A6AXXZ@std@@AEBVVec2i@osg@@V?$function@$$A6AXAEBVVec2i@osg@@@Z@4@@Z,"public: void __cdecl gui::GraphicCommands::drawFunc(class std::function<void __cdecl(void)>, class osg::Vec2i const &, class std::function<void __cdecl(class osg::Vec2i const &)>)",method,gui,GraphicCommands,drawFunc,"class std::function<void __cdecl(void)>, class osg::Vec2i const &, class std::function<void __cdecl(class osg::Vec2i const &)>",False,False,False,False,False,False,True
672,671,0x29F,?drawGeometryCached@GraphicCommands@gui@@QEAAXIAEBV?$vector@VuiBaseVertex@@V?$allocator@VuiBaseVertex@@@ed@@@ed@@AEBV?$vector@HV?$allocator@H@ed@@@4@HHV?$Ptr@VuiBaseTexture@@VuiTextureCleaner@@@4@@Z,"public: void __cdecl gui::GraphicCommands::drawGeometryCached(unsigned int, class ed::vector<class uiBaseVertex, class ed::allocator<class uiBaseVertex>> const &, class ed::vector<int, class ed::allocator<int>> const &, int, int, class ed::Ptr<class uiBaseTexture, class uiTextureCleaner>)",method,gui,GraphicCommands,drawGeometryCached,"unsigned int, class ed::vector<class uiBaseVertex, class ed::allocator<class uiBaseVertex>> const &, class ed::vector<int, class ed::allocator<int>> const &, int, int, class ed::Ptr<class uiBaseTexture, class uiTextureCleaner>",False,False,False,False,False,False,True
673,672,0x2A0,?drawGeometryCached@GraphicCommands@gui@@QEAAXIHHV?$Ptr@VuiBaseTexture@@VuiTextureCleaner@@@ed@@@Z,"public: void __cdecl gui::GraphicCommands::drawGeometryCached(unsigned int, int, int, class ed::Ptr<class uiBaseTexture, class uiTextureCleaner>)",method,gui,GraphicCommands,drawGeometryCached,"unsigned int, int, int, class ed::Ptr<class uiBaseTexture, class uiTextureCleaner>",False,False,False,False,False,False,True
674,673,0x2A1,?drawHorzGuides_@ChartSkin@skin@gui@@IEBAXXZ,protected: void __cdecl gui::skin::ChartSkin::drawHorzGuides_(void) const,method,gui::skin,ChartSkin,drawHorzGuides_,void,True,False,False,False,False,False,True
675,674,0x2A2,?drawImage_@AnimatedColorStaticSkin@skin@gui@@MEBAXXZ,protected: virtual void __cdecl gui::skin::AnimatedColorStaticSkin::drawImage_(void) const,method,gui::skin,AnimatedColorStaticSkin,drawImage_,void,True,False,True,False,False,False,True
676,675,0x2A3,?drawImage_@Skin@skin@gui@@MEBAXXZ,protected: virtual void __cdecl gui::skin::Skin::drawImage_(void) const,method,gui::skin,Skin,drawImage_,void,True,False,True,False,False,False,True
677,676,0x2A4,?drawModelView_@DialArrow@gui@@MEBAXXZ,protected: virtual void __cdecl gui::DialArrow::drawModelView_(void) const,method,gui,DialArrow,drawModelView_,void,True,False,True,False,False,False,True
678,677,0x2A5,?drawModelView_@PieMenuItem@gui@@MEBAXXZ,protected: virtual void __cdecl gui::PieMenuItem::drawModelView_(void) const,method,gui,PieMenuItem,drawModelView_,void,True,False,True,False,False,False,True
679,678,0x2A6,?drawModelView_@Static@gui@@MEBAXXZ,protected: virtual void __cdecl gui::Static::drawModelView_(void) const,method,gui,Static,drawModelView_,void,True,False,True,False,False,False,True
680,679,0x2A7,?drawModelView_@TextureView@gui@@MEBAXXZ,protected: virtual void __cdecl gui::TextureView::drawModelView_(void) const,method,gui,TextureView,drawModelView_,void,True,False,True,False,False,False,True
681,680,0x2A8,?drawModelView_@Widget@gui@@MEBAXXZ,protected: virtual void __cdecl gui::Widget::drawModelView_(void) const,method,gui,Widget,drawModelView_,void,True,False,True,False,False,False,True
682,681,0x2A9,?drawOffscreenWindow@GUI@gui@@QEAAXPEAVOffscreenWindow@2@AEBVVec2i@osg@@AEBVVec2f@5@MM@Z,"public: void __cdecl gui::GUI::drawOffscreenWindow(class gui::OffscreenWindow *, class osg::Vec2i const &, class osg::Vec2f const &, float, float)",method,gui,GUI,drawOffscreenWindow,"class gui::OffscreenWindow *, class osg::Vec2i const &, class osg::Vec2f const &, float, float",False,False,False,False,False,False,True
683,682,0x2AA,?drawQuads@GraphicCommands@gui@@QEAAXAEBVuiBaseShaderQuads@@AEBVVec4f@osg@@HH@Z,"public: void __cdecl gui::GraphicCommands::drawQuads(class uiBaseShaderQuads const &, class osg::Vec4f const &, int, int)",method,gui,GraphicCommands,drawQuads,"class uiBaseShaderQuads const &, class osg::Vec4f const &, int, int",False,False,False,False,False,False,True
684,683,0x2AB,?drawText@GraphicCommands@gui@@QEAAXPEAVuiBaseTextString@@PEBVVec4f@osg@@M@Z,"public: void __cdecl gui::GraphicCommands::drawText(class uiBaseTextString *, class osg::Vec4f const *, float)",method,gui,GraphicCommands,drawText,"class uiBaseTextString *, class osg::Vec4f const *, float",False,False,False,False,False,False,True
685,684,0x2AC,?drawText@GraphicCommands@gui@@QEAAXV?$basic_string_view@_WU?$char_traits@_W@std@@@std@@V?$shared_ptr@VuiBaseFont@@@4@AEBVVec4f@osg@@M@Z,"public: void __cdecl gui::GraphicCommands::drawText(class std::basic_string_view<wchar_t, struct std::char_traits<wchar_t>>, class std::shared_ptr<class uiBaseFont>, class osg::Vec4f const &, float)",method,gui,GraphicCommands,drawText,"class std::basic_string_view<wchar_t, struct std::char_traits<wchar_t>>, class std::shared_ptr<class uiBaseFont>, class osg::Vec4f const &, float",False,False,False,False,False,False,True
686,685,0x2AD,?drawText@GraphicCommands@gui@@QEAAXV?$span@QEAVuiBaseTextString@@$0?0@std@@PEBVVec4f@osg@@M@Z,"public: void __cdecl gui::GraphicCommands::drawText(class std::span<class uiBaseTextString *const, -1>, class osg::Vec4f const *, float)",method,gui,GraphicCommands,drawText,"class std::span<class uiBaseTextString *const, -1>, class osg::Vec4f const *, float",False,False,False,False,False,False,True
687,686,0x2AE,?drawText_@AnimatedColorStaticSkin@skin@gui@@MEBAXXZ,protected: virtual void __cdecl gui::skin::AnimatedColorStaticSkin::drawText_(void) const,method,gui::skin,AnimatedColorStaticSkin,drawText_,void,True,False,True,False,False,False,True
688,687,0x2AF,?drawText_@ColorTextStaticSkin@gui@@MEBAXXZ,protected: virtual void __cdecl gui::ColorTextStaticSkin::drawText_(void) const,method,gui,ColorTextStaticSkin,drawText_,void,True,False,True,False,False,False,True
689,688,0x2B0,?drawText_@EditBoxSkin@skin@gui@@MEBAXXZ,protected: virtual void __cdecl gui::skin::EditBoxSkin::drawText_(void) const,method,gui::skin,EditBoxSkin,drawText_,void,True,False,True,False,False,False,True
690,689,0x2B1,?drawText_@Skin@skin@gui@@MEBAXXZ,protected: virtual void __cdecl gui::skin::Skin::drawText_(void) const,method,gui::skin,Skin,drawText_,void,True,False,True,False,False,False,True
691,690,0x2B2,?drawToSurface@GUI@gui@@QEAAXHAEBVVec2i@osg@@AEBVVec2f@4@MM@Z,"public: void __cdecl gui::GUI::drawToSurface(int, class osg::Vec2i const &, class osg::Vec2f const &, float, float)",method,gui,GUI,drawToSurface,"int, class osg::Vec2i const &, class osg::Vec2f const &, float, float",False,False,False,False,False,False,True
692,691,0x2B3,?drawToTarget@GraphicCommands@gui@@QEAAXV?$shared_ptr@VuiBaseFrameBuffer@@@std@@AEBVVec2i@osg@@AEBV?$vector@PEAVGraphicCommand@gui@@V?$allocator@PEAVGraphicCommand@gui@@@ed@@@ed@@@Z,"public: void __cdecl gui::GraphicCommands::drawToTarget(class std::shared_ptr<class uiBaseFrameBuffer>, class osg::Vec2i const &, class ed::vector<class gui::GraphicCommand *, class ed::allocator<class gui::GraphicCommand *>> const &)",method,gui,GraphicCommands,drawToTarget,"class std::shared_ptr<class uiBaseFrameBuffer>, class osg::Vec2i const &, class ed::vector<class gui::GraphicCommand *, class ed::allocator<class gui::GraphicCommand *>> const &",False,False,False,False,False,False,True
693,692,0x2B4,?drawToTarget_@Skin@skin@gui@@MEBAXAEBVVec2i@osg@@@Z,protected: virtual void __cdecl gui::skin::Skin::drawToTarget_(class osg::Vec2i const &) const,method,gui::skin,Skin,drawToTarget_,class osg::Vec2i const &,True,False,True,False,False,False,True
694,693,0x2B5,?drawVertGuides_@ChartSkin@skin@gui@@IEBAXXZ,protected: void __cdecl gui::skin::ChartSkin::drawVertGuides_(void) const,method,gui::skin,ChartSkin,drawVertGuides_,void,True,False,False,False,False,False,True
695,694,0x2B6,?draw_@CheckBaseSkin@skin@gui@@MEBAXXZ,protected: virtual void __cdecl gui::skin::CheckBaseSkin::draw_(void) const,method,gui::skin,CheckBaseSkin,draw_,void,True,False,True,False,False,False,True
696,695,0x2B7,?draw_@CheckListBoxLineSkin@skin@gui@@MEBAXXZ,protected: virtual void __cdecl gui::skin::CheckListBoxLineSkin::draw_(void) const,method,gui::skin,CheckListBoxLineSkin,draw_,void,True,False,True,False,False,False,True
697,696,0x2B8,?draw_@PieMenuSkin@skin@gui@@MEBAXXZ,protected: virtual void __cdecl gui::skin::PieMenuSkin::draw_(void) const,method,gui::skin,PieMenuSkin,draw_,void,True,False,True,False,False,False,True
698,697,0x2B9,?draw_@Skin@skin@gui@@MEBAXXZ,protected: virtual void __cdecl gui::skin::Skin::draw_(void) const,method,gui::skin,Skin,draw_,void,True,False,True,False,False,False,True
699,698,0x2BA,?draw_@Widget@gui@@MEBAXXZ,protected: virtual void __cdecl gui::Widget::draw_(void) const,method,gui,Widget,draw_,void,True,False,True,False,False,False,True
700,699,0x2BB,?draw_@WindowBase@gui@@MEBAXXZ,protected: virtual void __cdecl gui::WindowBase::draw_(void) const,method,gui,WindowBase,draw_,void,True,False,True,False,False,False,True
701,700,0x2BC,?easeIn@Back@@SAMMMMM@Z,"public: static float __cdecl Back::easeIn(float, float, float, float)",method,,Back,easeIn,"float, float, float, float",False,True,False,False,False,False,True
702,701,0x2BD,?easeIn@Bounce@@SAMMMMM@Z,"public: static float __cdecl Bounce::easeIn(float, float, float, float)",method,,Bounce,easeIn,"float, float, float, float",False,True,False,False,False,False,True
703,702,0x2BE,?easeIn@Circ@@SAMMMMM@Z,"public: static float __cdecl Circ::easeIn(float, float, float, float)",method,,Circ,easeIn,"float, float, float, float",False,True,False,False,False,False,True
704,703,0x2BF,?easeIn@Cubic@@SAMMMMM@Z,"public: static float __cdecl Cubic::easeIn(float, float, float, float)",method,,Cubic,easeIn,"float, float, float, float",False,True,False,False,False,False,True
705,704,0x2C0,?easeIn@Elastic@@SAMMMMM@Z,"public: static float __cdecl Elastic::easeIn(float, float, float, float)",method,,Elastic,easeIn,"float, float, float, float",False,True,False,False,False,False,True
706,705,0x2C1,?easeIn@Expo@@SAMMMMM@Z,"public: static float __cdecl Expo::easeIn(float, float, float, float)",method,,Expo,easeIn,"float, float, float, float",False,True,False,False,False,False,True
707,706,0x2C2,?easeIn@Linear@@SAMMMMM@Z,"public: static float __cdecl Linear::easeIn(float, float, float, float)",method,,Linear,easeIn,"float, float, float, float",False,True,False,False,False,False,True
708,707,0x2C3,?easeIn@Quad@@SAMMMMM@Z,"public: static float __cdecl Quad::easeIn(float, float, float, float)",method,,Quad,easeIn,"float, float, float, float",False,True,False,False,False,False,True
709,708,0x2C4,?easeIn@Quart@@SAMMMMM@Z,"public: static float __cdecl Quart::easeIn(float, float, float, float)",method,,Quart,easeIn,"float, float, float, float",False,True,False,False,False,False,True
710,709,0x2C5,?easeIn@Quint@@SAMMMMM@Z,"public: static float __cdecl Quint::easeIn(float, float, float, float)",method,,Quint,easeIn,"float, float, float, float",False,True,False,False,False,False,True
711,710,0x2C6,?easeIn@Sine@@SAMMMMM@Z,"public: static float __cdecl Sine::easeIn(float, float, float, float)",method,,Sine,easeIn,"float, float, float, float",False,True,False,False,False,False,True
712,711,0x2C7,?easeInOut@Back@@SAMMMMM@Z,"public: static float __cdecl Back::easeInOut(float, float, float, float)",method,,Back,easeInOut,"float, float, float, float",False,True,False,False,False,False,True
713,712,0x2C8,?easeInOut@Bounce@@SAMMMMM@Z,"public: static float __cdecl Bounce::easeInOut(float, float, float, float)",method,,Bounce,easeInOut,"float, float, float, float",False,True,False,False,False,False,True
714,713,0x2C9,?easeInOut@Circ@@SAMMMMM@Z,"public: static float __cdecl Circ::easeInOut(float, float, float, float)",method,,Circ,easeInOut,"float, float, float, float",False,True,False,False,False,False,True
715,714,0x2CA,?easeInOut@Cubic@@SAMMMMM@Z,"public: static float __cdecl Cubic::easeInOut(float, float, float, float)",method,,Cubic,easeInOut,"float, float, float, float",False,True,False,False,False,False,True
716,715,0x2CB,?easeInOut@Elastic@@SAMMMMM@Z,"public: static float __cdecl Elastic::easeInOut(float, float, float, float)",method,,Elastic,easeInOut,"float, float, float, float",False,True,False,False,False,False,True
717,716,0x2CC,?easeInOut@Expo@@SAMMMMM@Z,"public: static float __cdecl Expo::easeInOut(float, float, float, float)",method,,Expo,easeInOut,"float, float, float, float",False,True,False,False,False,False,True
718,717,0x2CD,?easeInOut@Linear@@SAMMMMM@Z,"public: static float __cdecl Linear::easeInOut(float, float, float, float)",method,,Linear,easeInOut,"float, float, float, float",False,True,False,False,False,False,True
719,718,0x2CE,?easeInOut@Quad@@SAMMMMM@Z,"public: static float __cdecl Quad::easeInOut(float, float, float, float)",method,,Quad,easeInOut,"float, float, float, float",False,True,False,False,False,False,True
720,719,0x2CF,?easeInOut@Quart@@SAMMMMM@Z,"public: static float __cdecl Quart::easeInOut(float, float, float, float)",method,,Quart,easeInOut,"float, float, float, float",False,True,False,False,False,False,True
721,720,0x2D0,?easeInOut@Quint@@SAMMMMM@Z,"public: static float __cdecl Quint::easeInOut(float, float, float, float)",method,,Quint,easeInOut,"float, float, float, float",False,True,False,False,False,False,True
722,721,0x2D1,?easeInOut@Sine@@SAMMMMM@Z,"public: static float __cdecl Sine::easeInOut(float, float, float, float)",method,,Sine,easeInOut,"float, float, float, float",False,True,False,False,False,False,True
723,722,0x2D2,?easeOut@Back@@SAMMMMM@Z,"public: static float __cdecl Back::easeOut(float, float, float, float)",method,,Back,easeOut,"float, float, float, float",False,True,False,False,False,False,True
724,723,0x2D3,?easeOut@Bounce@@SAMMMMM@Z,"public: static float __cdecl Bounce::easeOut(float, float, float, float)",method,,Bounce,easeOut,"float, float, float, float",False,True,False,False,False,False,True
725,724,0x2D4,?easeOut@Circ@@SAMMMMM@Z,"public: static float __cdecl Circ::easeOut(float, float, float, float)",method,,Circ,easeOut,"float, float, float, float",False,True,False,False,False,False,True
726,725,0x2D5,?easeOut@Cubic@@SAMMMMM@Z,"public: static float __cdecl Cubic::easeOut(float, float, float, float)",method,,Cubic,easeOut,"float, float, float, float",False,True,False,False,False,False,True
727,726,0x2D6,?easeOut@Elastic@@SAMMMMM@Z,"public: static float __cdecl Elastic::easeOut(float, float, float, float)",method,,Elastic,easeOut,"float, float, float, float",False,True,False,False,False,False,True
728,727,0x2D7,?easeOut@Expo@@SAMMMMM@Z,"public: static float __cdecl Expo::easeOut(float, float, float, float)",method,,Expo,easeOut,"float, float, float, float",False,True,False,False,False,False,True
729,728,0x2D8,?easeOut@Linear@@SAMMMMM@Z,"public: static float __cdecl Linear::easeOut(float, float, float, float)",method,,Linear,easeOut,"float, float, float, float",False,True,False,False,False,False,True
730,729,0x2D9,?easeOut@Quad@@SAMMMMM@Z,"public: static float __cdecl Quad::easeOut(float, float, float, float)",method,,Quad,easeOut,"float, float, float, float",False,True,False,False,False,False,True
731,730,0x2DA,?easeOut@Quart@@SAMMMMM@Z,"public: static float __cdecl Quart::easeOut(float, float, float, float)",method,,Quart,easeOut,"float, float, float, float",False,True,False,False,False,False,True
732,731,0x2DB,?easeOut@Quint@@SAMMMMM@Z,"public: static float __cdecl Quint::easeOut(float, float, float, float)",method,,Quint,easeOut,"float, float, float, float",False,True,False,False,False,False,True
733,732,0x2DC,?easeOut@Sine@@SAMMMMM@Z,"public: static float __cdecl Sine::easeOut(float, float, float, float)",method,,Sine,easeOut,"float, float, float, float",False,True,False,False,False,False,True
734,733,0x2DD,?empty@EditBoxSelection@gui@@QEBA_NXZ,public: bool __cdecl gui::EditBoxSelection::empty(void) const,method,gui,EditBoxSelection,empty,void,True,False,False,False,False,False,True
735,734,0x2DE,?enableClipping@GUI@gui@@QEAAX_N@Z,public: void __cdecl gui::GUI::enableClipping(bool),method,gui,GUI,enableClipping,bool,False,False,False,False,False,False,True
736,735,0x2DF,?endClipByInsets@Skin@skin@gui@@UEBAXXZ,public: virtual void __cdecl gui::skin::Skin::endClipByInsets(void) const,method,gui::skin,Skin,endClipByInsets,void,True,False,True,False,False,False,True
737,736,0x2E0,?endClip_@EditBoxLine@gui@@MEBAXXZ,protected: virtual void __cdecl gui::EditBoxLine::endClip_(void) const,method,gui,EditBoxLine,endClip_,void,True,False,True,False,False,False,True
738,737,0x2E1,?endClip_@Widget@gui@@MEBAXXZ,protected: virtual void __cdecl gui::Widget::endClip_(void) const,method,gui,Widget,endClip_,void,True,False,True,False,False,False,True
739,738,0x2E2,?filterItemsBySearch@ListBox@gui@@QEAAXAEBV?$basic_string@_W@ed@@@Z,public: void __cdecl gui::ListBox::filterItemsBySearch(class ed::basic_string<wchar_t> const &),method,gui,ListBox,filterItemsBySearch,class ed::basic_string<wchar_t> const &,False,False,False,False,False,False,True
740,739,0x2E3,?findInnerStateInfos_@Data@skin@gui@@IEBAPEBV?$unordered_map@HV?$shared_ptr@VStateInfo@skin@gui@@@std@@U?$hash@H@2@U?$equal_to@H@2@V?$allocator@U?$pair@$$CBHV?$shared_ptr@VStateInfo@skin@gui@@@std@@@std@@@ed@@@std@@W4InteractiveState@23@@Z,"protected: class std::unordered_map<int, class std::shared_ptr<class gui::skin::StateInfo>, struct std::hash<int>, struct std::equal_to<int>, class ed::allocator<struct std::pair<int const, class std::shared_ptr<class gui::skin::StateInfo>>>> const * __cdecl gui::skin::Data::findInnerStateInfos_(enum gui::skin::InteractiveState) const",method,gui::skin,Data,findInnerStateInfos_,enum gui::skin::InteractiveState,True,False,False,False,False,False,True
741,740,0x2E4,?findStateInfo_@Data@skin@gui@@MEBAPEBVStateInfo@23@W4InteractiveState@23@H@Z,"protected: virtual class gui::skin::StateInfo const * __cdecl gui::skin::Data::findStateInfo_(enum gui::skin::InteractiveState, int) const",method,gui::skin,Data,findStateInfo_,"enum gui::skin::InteractiveState, int",True,False,True,False,False,False,True
742,741,0x2E5,?findWidgetAtScreenPoint@ComboBox@gui@@UEBAPEAVWidget@2@AEBVVec2i@osg@@@Z,public: virtual class gui::Widget * __cdecl gui::ComboBox::findWidgetAtScreenPoint(class osg::Vec2i const &) const,method,gui,ComboBox,findWidgetAtScreenPoint,class osg::Vec2i const &,True,False,True,False,False,False,True
743,742,0x2E6,?findWidgetAtScreenPoint@ComboList@gui@@UEBAPEAVWidget@2@AEBVVec2i@osg@@@Z,public: virtual class gui::Widget * __cdecl gui::ComboList::findWidgetAtScreenPoint(class osg::Vec2i const &) const,method,gui,ComboList,findWidgetAtScreenPoint,class osg::Vec2i const &,True,False,True,False,False,False,True
744,743,0x2E7,?findWidgetAtScreenPoint@Container@gui@@UEBAPEAVWidget@2@AEBVVec2i@osg@@@Z,public: virtual class gui::Widget * __cdecl gui::Container::findWidgetAtScreenPoint(class osg::Vec2i const &) const,method,gui,Container,findWidgetAtScreenPoint,class osg::Vec2i const &,True,False,True,False,False,False,True
745,744,0x2E8,?findWidgetAtScreenPoint@Dial@gui@@UEBAPEAVWidget@2@AEBVVec2i@osg@@@Z,public: virtual class gui::Widget * __cdecl gui::Dial::findWidgetAtScreenPoint(class osg::Vec2i const &) const,method,gui,Dial,findWidgetAtScreenPoint,class osg::Vec2i const &,True,False,True,False,False,False,True
746,745,0x2E9,?findWidgetAtScreenPoint@EditBox@gui@@UEBAPEAVWidget@2@AEBVVec2i@osg@@@Z,public: virtual class gui::Widget * __cdecl gui::EditBox::findWidgetAtScreenPoint(class osg::Vec2i const &) const,method,gui,EditBox,findWidgetAtScreenPoint,class osg::Vec2i const &,True,False,True,False,False,False,True
747,746,0x2EA,?findWidgetAtScreenPoint@Grid@gui@@UEBAPEAVWidget@2@AEBVVec2i@osg@@@Z,public: virtual class gui::Widget * __cdecl gui::Grid::findWidgetAtScreenPoint(class osg::Vec2i const &) const,method,gui,Grid,findWidgetAtScreenPoint,class osg::Vec2i const &,True,False,True,False,False,False,True
748,747,0x2EB,?findWidgetAtScreenPoint@ListBoxBase@gui@@UEBAPEAVWidget@2@AEBVVec2i@osg@@@Z,public: virtual class gui::Widget * __cdecl gui::ListBoxBase::findWidgetAtScreenPoint(class osg::Vec2i const &) const,method,gui,ListBoxBase,findWidgetAtScreenPoint,class osg::Vec2i const &,True,False,True,False,False,False,True
749,748,0x2EC,?findWidgetAtScreenPoint@ProgressBar@gui@@UEBAPEAVWidget@2@AEBVVec2i@osg@@@Z,public: virtual class gui::Widget * __cdecl gui::ProgressBar::findWidgetAtScreenPoint(class osg::Vec2i const &) const,method,gui,ProgressBar,findWidgetAtScreenPoint,class osg::Vec2i const &,True,False,True,False,False,False,True
750,749,0x2ED,?findWidgetAtScreenPoint@RangeIndicator@gui@@UEBAPEAVWidget@2@AEBVVec2i@osg@@@Z,public: virtual class gui::Widget * __cdecl gui::RangeIndicator::findWidgetAtScreenPoint(class osg::Vec2i const &) const,method,gui,RangeIndicator,findWidgetAtScreenPoint,class osg::Vec2i const &,True,False,True,False,False,False,True
751,750,0x2EE,?findWidgetAtScreenPoint@ScrollBar@gui@@UEBAPEAVWidget@2@AEBVVec2i@osg@@@Z,public: virtual class gui::Widget * __cdecl gui::ScrollBar::findWidgetAtScreenPoint(class osg::Vec2i const &) const,method,gui,ScrollBar,findWidgetAtScreenPoint,class osg::Vec2i const &,True,False,True,False,False,False,True
752,751,0x2EF,?findWidgetAtScreenPoint@ScrollPane@gui@@UEBAPEAVWidget@2@AEBVVec2i@osg@@@Z,public: virtual class gui::Widget * __cdecl gui::ScrollPane::findWidgetAtScreenPoint(class osg::Vec2i const &) const,method,gui,ScrollPane,findWidgetAtScreenPoint,class osg::Vec2i const &,True,False,True,False,False,False,True
753,752,0x2F0,?findWidgetAtScreenPoint@Slider@gui@@UEBAPEAVWidget@2@AEBVVec2i@osg@@@Z,public: virtual class gui::Widget * __cdecl gui::Slider::findWidgetAtScreenPoint(class osg::Vec2i const &) const,method,gui,Slider,findWidgetAtScreenPoint,class osg::Vec2i const &,True,False,True,False,False,False,True
754,753,0x2F1,?findWidgetAtScreenPoint@SpinBox@gui@@UEBAPEAVWidget@2@AEBVVec2i@osg@@@Z,public: virtual class gui::Widget * __cdecl gui::SpinBox::findWidgetAtScreenPoint(class osg::Vec2i const &) const,method,gui,SpinBox,findWidgetAtScreenPoint,class osg::Vec2i const &,True,False,True,False,False,False,True
755,754,0x2F2,?findWidgetAtScreenPoint@Widget@gui@@UEBAPEAV12@AEBVVec2i@osg@@@Z,public: virtual class gui::Widget * __cdecl gui::Widget::findWidgetAtScreenPoint(class osg::Vec2i const &) const,method,gui,Widget,findWidgetAtScreenPoint,class osg::Vec2i const &,True,False,True,False,False,False,True
756,755,0x2F3,?findWidgetAtScreenPoint@WindowsManager@gui@@QEBAPEAVWidget@2@AEBVVec2i@osg@@@Z,public: class gui::Widget * __cdecl gui::WindowsManager::findWidgetAtScreenPoint(class osg::Vec2i const &) const,method,gui,WindowsManager,findWidgetAtScreenPoint,class osg::Vec2i const &,True,False,False,False,False,False,True
757,756,0x2F4,?findWidgetByName@Container@gui@@UEBAPEAVWidget@2@AEBV?$basic_string@_W@ed@@@Z,public: virtual class gui::Widget * __cdecl gui::Container::findWidgetByName(class ed::basic_string<wchar_t> const &) const,method,gui,Container,findWidgetByName,class ed::basic_string<wchar_t> const &,True,False,True,False,False,False,True
758,757,0x2F5,?findWidgetByName@Widget@gui@@UEBAPEAV12@AEBV?$basic_string@_W@ed@@@Z,public: virtual class gui::Widget * __cdecl gui::Widget::findWidgetByName(class ed::basic_string<wchar_t> const &) const,method,gui,Widget,findWidgetByName,class ed::basic_string<wchar_t> const &,True,False,True,False,False,False,True
759,758,0x2F6,?findWindowAtPoint@WindowsManager@gui@@QEBAPEAVWindowBase@2@AEBVVec2i@osg@@@Z,public: class gui::WindowBase * __cdecl gui::WindowsManager::findWindowAtPoint(class osg::Vec2i const &) const,method,gui,WindowsManager,findWindowAtPoint,class osg::Vec2i const &,True,False,False,False,False,False,True
760,759,0x2F7,?focusCallbackName@Widget@gui@@2V?$basic_string@D@ed@@B,public: static class ed::basic_string<char> const gui::Widget::focusCallbackName,symbol,,,,,False,False,False,False,False,False,True
761,760,0x2F8,?forceTooltipText@WindowsManager@gui@@QEAAXAEBV?$basic_string@_W@ed@@PEBVTooltipSkin@skin@2@H@Z,"public: void __cdecl gui::WindowsManager::forceTooltipText(class ed::basic_string<wchar_t> const &, class gui::skin::TooltipSkin const *, int)",method,gui,WindowsManager,forceTooltipText,"class ed::basic_string<wchar_t> const &, class gui::skin::TooltipSkin const *, int",False,False,False,False,False,False,True
762,761,0x2F9,?get@Application@gui@@SAPEAV12@XZ,public: static class gui::Application * __cdecl gui::Application::get(void),method,gui,Application,get,void,False,True,False,False,False,False,True
763,762,0x2FA,?get@GUI@gui@@SAPEAV12@XZ,public: static class gui::GUI * __cdecl gui::GUI::get(void),method,gui,GUI,get,void,False,True,False,False,False,False,True
764,763,0x2FB,?get@LayoutHandler@gui@@SAPEAVLayout@2@PEAV12@@Z,public: static class gui::Layout * __cdecl gui::LayoutHandler::get(class gui::LayoutHandler *),method,gui,LayoutHandler,get,class gui::LayoutHandler *,False,True,False,False,False,False,True
765,764,0x2FC,?get@ShaderEffectManager@skin@gui@@SAAEAV123@XZ,public: static class gui::skin::ShaderEffectManager & __cdecl gui::skin::ShaderEffectManager::get(void),method,gui::skin,ShaderEffectManager,get,void,False,True,False,False,False,False,True
766,765,0x2FD,?get@UpdateManager@gui@@SAAEAV12@XZ,public: static class gui::UpdateManager & __cdecl gui::UpdateManager::get(void),method,gui,UpdateManager,get,void,False,True,False,False,False,False,True
767,766,0x2FE,?get@WidgetHandler@gui@@SAPEAVWidget@2@PEAV12@@Z,public: static class gui::Widget * __cdecl gui::WidgetHandler::get(class gui::WidgetHandler *),method,gui,WidgetHandler,get,class gui::WidgetHandler *,False,True,False,False,False,False,True
768,767,0x2FF,?get@WidgetHandler@gui@@SAPEBVWidget@2@PEBV12@@Z,public: static class gui::Widget const * __cdecl gui::WidgetHandler::get(class gui::WidgetHandler const *),method,gui,WidgetHandler,get,class gui::WidgetHandler const *,False,True,False,False,False,False,True
769,768,0x300,?get@WindowsManager@gui@@SAPEAV12@H@Z,public: static class gui::WindowsManager * __cdecl gui::WindowsManager::get(int),method,gui,WindowsManager,get,int,False,True,False,False,False,False,True
770,769,0x301,?getAcceptDecimalPoint@EditBox@gui@@QEBA_NXZ,public: bool __cdecl gui::EditBox::getAcceptDecimalPoint(void) const,method,gui,EditBox,getAcceptDecimalPoint,void,True,False,False,False,False,False,True
771,770,0x302,?getAcceptDecimalPoint@SpinBox@gui@@QEBA_NXZ,public: bool __cdecl gui::SpinBox::getAcceptDecimalPoint(void) const,method,gui,SpinBox,getAcceptDecimalPoint,void,True,False,False,False,False,False,True
772,771,0x303,?getActive@Application@gui@@UEBA_NXZ,public: virtual bool __cdecl gui::Application::getActive(void) const,method,gui,Application,getActive,void,True,False,True,False,False,False,True
773,772,0x304,?getActive@MenuBarItem@gui@@QEBA_NXZ,public: bool __cdecl gui::MenuBarItem::getActive(void) const,method,gui,MenuBarItem,getActive,void,True,False,False,False,False,False,True
774,773,0x305,?getActive@PopupWindow@gui@@QEBA_NXZ,public: bool __cdecl gui::PopupWindow::getActive(void) const,method,gui,PopupWindow,getActive,void,True,False,False,False,False,False,True
775,774,0x306,?getActiveEditBox@GUI@gui@@QEBAPEAVEditBox@2@XZ,public: class gui::EditBox * __cdecl gui::GUI::getActiveEditBox(void) const,method,gui,GUI,getActiveEditBox,void,True,False,False,False,False,False,True
776,775,0x307,?getActiveItem_@MenuBar@gui@@IEBAPEAVMenuBarItem@2@XZ,protected: class gui::MenuBarItem * __cdecl gui::MenuBar::getActiveItem_(void) const,method,gui,MenuBar,getActiveItem_,void,True,False,False,False,False,False,True
777,776,0x308,?getActiveWindow@WindowsManager@gui@@QEBAPEAVWindowBase@2@XZ,public: class gui::WindowBase * __cdecl gui::WindowsManager::getActiveWindow(void) const,method,gui,WindowsManager,getActiveWindow,void,True,False,False,False,False,False,True
778,777,0x309,?getActualTextLineHeight@EditBoxSkin@skin@gui@@QEBAHXZ,public: int __cdecl gui::skin::EditBoxSkin::getActualTextLineHeight(void) const,method,gui::skin,EditBoxSkin,getActualTextLineHeight,void,True,False,False,False,False,False,True
779,778,0x30A,?getAlign@Image@gui@@UEBAAEBVAlign2@2@XZ,public: virtual class gui::Align2 const & __cdecl gui::Image::getAlign(void) const,method,gui,Image,getAlign,void,True,False,True,False,False,False,True
780,779,0x30B,?getAlign@Text@gui@@QEBAAEBVAlign2@2@XZ,public: class gui::Align2 const & __cdecl gui::Text::getAlign(void) const,method,gui,Text,getAlign,void,True,False,False,False,False,False,True
781,780,0x30C,?getAlphaEffect@ShaderEffectManager@skin@gui@@QEAAPEAVShaderEffectAlpha@23@XZ,public: class gui::skin::ShaderEffectAlpha * __cdecl gui::skin::ShaderEffectManager::getAlphaEffect(void),method,gui::skin,ShaderEffectManager,getAlphaEffect,void,False,False,False,False,False,False,True
782,781,0x30D,?getAnchorInfo@AnchorLayout@gui@@UEBAPEBVAnchorInfo@12@H@Z,public: virtual class gui::AnchorLayout::AnchorInfo const * __cdecl gui::AnchorLayout::getAnchorInfo(int) const,method,gui,AnchorLayout,getAnchorInfo,int,True,False,True,False,False,False,True
783,782,0x30E,?getAnchorInfoCount@AnchorLayout@gui@@UEBAHXZ,public: virtual int __cdecl gui::AnchorLayout::getAnchorInfoCount(void) const,method,gui,AnchorLayout,getAnchorInfoCount,void,True,False,True,False,False,False,True
784,783,0x30F,?getAngle@DialArrow@gui@@QEBANXZ,public: double __cdecl gui::DialArrow::getAngle(void) const,method,gui,DialArrow,getAngle,void,True,False,False,False,False,False,True
785,784,0x310,?getAngle@PieMenuItem@gui@@QEBAXAEAN0@Z,"public: void __cdecl gui::PieMenuItem::getAngle(double &, double &) const",method,gui,PieMenuItem,getAngle,"double &, double &",True,False,False,False,False,False,True
786,785,0x311,?getAngle@Static@gui@@UEBANXZ,public: virtual double __cdecl gui::Static::getAngle(void) const,method,gui,Static,getAngle,void,True,False,True,False,False,False,True
787,786,0x312,?getAngle@TextureView@gui@@UEBANXZ,public: virtual double __cdecl gui::TextureView::getAngle(void) const,method,gui,TextureView,getAngle,void,True,False,True,False,False,False,True
788,787,0x313,?getAppearQuadsEffect@ShaderEffectManager@skin@gui@@QEAAPEAVShaderEffectAppearQuads@23@XZ,public: class gui::skin::ShaderEffectAppearQuads * __cdecl gui::skin::ShaderEffectManager::getAppearQuadsEffect(void),method,gui::skin,ShaderEffectManager,getAppearQuadsEffect,void,False,False,False,False,False,False,True
789,788,0x314,?getArrow@Dial@gui@@QEBAPEAVDialArrow@2@XZ,public: class gui::DialArrow * __cdecl gui::Dial::getArrow(void) const,method,gui,Dial,getArrow,void,True,False,False,False,False,False,True
790,789,0x315,?getArrowSkin@DialSkin@skin@gui@@QEBAPEAVSkin@23@XZ,public: class gui::skin::Skin * __cdecl gui::skin::DialSkin::getArrowSkin(void) const,method,gui::skin,DialSkin,getArrowSkin,void,True,False,False,False,False,False,True
791,790,0x316,?getAsWidget@WindowBase@gui@@UEBA_NXZ,public: virtual bool __cdecl gui::WindowBase::getAsWidget(void) const,method,gui,WindowBase,getAsWidget,void,True,False,True,False,False,False,True
792,791,0x317,?getBkg@Data@skin@gui@@QEBAPEBUInfo@Bkg@3@W4InteractiveState@23@H@Z,"public: struct gui::Bkg::Info const * __cdecl gui::skin::Data::getBkg(enum gui::skin::InteractiveState, int) const",method,gui::skin,Data,getBkg,"enum gui::skin::InteractiveState, int",True,False,False,False,False,False,True
793,792,0x318,?getBkgColor@Text@gui@@QEBAAEBVVec4f@osg@@XZ,public: class osg::Vec4f const & __cdecl gui::Text::getBkgColor(void) const,method,gui,Text,getBkgColor,void,True,False,False,False,False,False,True
794,793,0x319,?getBlurColor@Text@gui@@QEBAAEBVVec4f@osg@@XZ,public: class osg::Vec4f const & __cdecl gui::Text::getBlurColor(void) const,method,gui,Text,getBlurColor,void,True,False,False,False,False,False,True
795,794,0x31A,?getButton@ComboBox@gui@@QEBAPEAVComboBoxButton@2@XZ,public: class gui::ComboBoxButton * __cdecl gui::ComboBox::getButton(void) const,method,gui,ComboBox,getButton,void,True,False,False,False,False,False,True
796,795,0x31B,?getButton@ComboList@gui@@QEBAPEAVComboListButton@2@XZ,public: class gui::ComboListButton * __cdecl gui::ComboList::getButton(void) const,method,gui,ComboList,getButton,void,True,False,False,False,False,False,True
797,796,0x31C,?getButtonSkin@ComboBoxSkin@skin@gui@@QEBAPEAVSkin@23@XZ,public: class gui::skin::Skin * __cdecl gui::skin::ComboBoxSkin::getButtonSkin(void) const,method,gui::skin,ComboBoxSkin,getButtonSkin,void,True,False,False,False,False,False,True
798,797,0x31D,?getButtonSkin@ComboListSkin@skin@gui@@QEBAPEAVSkin@23@XZ,public: class gui::skin::Skin * __cdecl gui::skin::ComboListSkin::getButtonSkin(void) const,method,gui::skin,ComboListSkin,getButtonSkin,void,True,False,False,False,False,False,True
799,798,0x31E,?getButtonsVisible@SpinBox@gui@@QEBA_NXZ,public: bool __cdecl gui::SpinBox::getButtonsVisible(void) const,method,gui,SpinBox,getButtonsVisible,void,True,False,False,False,False,False,True
800,799,0x31F,?getCaptionsAlign@FormLayout@gui@@QEBAAEBVAlign2@2@XZ,public: class gui::Align2 const & __cdecl gui::FormLayout::getCaptionsAlign(void) const,method,gui,FormLayout,getCaptionsAlign,void,True,False,False,False,False,False,True
801,800,0x320,?getCaret@EditBox@gui@@QEBAPEAVEditBoxCaret@2@XZ,public: class gui::EditBoxCaret * __cdecl gui::EditBox::getCaret(void) const,method,gui,EditBox,getCaret,void,True,False,False,False,False,False,True
802,801,0x321,?getCaretSkin@EditBoxSkin@skin@gui@@QEBAPEAVSkin@23@XZ,public: class gui::skin::Skin * __cdecl gui::skin::EditBoxSkin::getCaretSkin(void) const,method,gui::skin,EditBoxSkin,getCaretSkin,void,True,False,False,False,False,False,True
803,802,0x322,?getCell@Grid@gui@@QEBAPEAVWidget@2@HH@Z,"public: class gui::Widget * __cdecl gui::Grid::getCell(int, int) const",method,gui,Grid,getCell,"int, int",True,False,False,False,False,False,True
804,803,0x323,?getCell_@Grid@gui@@IEBAPEAVWidgetHandler@2@HH@Z,"protected: class gui::WidgetHandler * __cdecl gui::Grid::getCell_(int, int) const",method,gui,Grid,getCell_,"int, int",True,False,False,False,False,False,True
805,804,0x324,?getCenter@PieMenu@gui@@QEBA?AVVec2i@osg@@XZ,public: class osg::Vec2i __cdecl gui::PieMenu::getCenter(void) const,method,gui,PieMenu,getCenter,void,True,False,False,False,False,False,True
806,805,0x325,?getCharIsNumber_@EditBox@gui@@IEBA_NH@Z,protected: bool __cdecl gui::EditBox::getCharIsNumber_(int) const,method,gui,EditBox,getCharIsNumber_,int,True,False,False,False,False,False,True
807,806,0x326,?getCheckImage@CheckListBoxLineSkin@skin@gui@@QEBAPEBVImage@3@XZ,public: class gui::Image const * __cdecl gui::skin::CheckListBoxLineSkin::getCheckImage(void) const,method,gui::skin,CheckListBoxLineSkin,getCheckImage,void,True,False,False,False,False,False,True
808,807,0x327,?getCheckItemSkinData@MenuSkin@skin@gui@@QEBAPEAVData@23@XZ,public: class gui::skin::Data * __cdecl gui::skin::MenuSkin::getCheckItemSkinData(void) const,method,gui::skin,MenuSkin,getCheckItemSkinData,void,True,False,False,False,False,False,True
809,808,0x328,?getCheckRange@SpinBox@gui@@UEBA_NXZ,public: virtual bool __cdecl gui::SpinBox::getCheckRange(void) const,method,gui,SpinBox,getCheckRange,void,True,False,True,False,False,False,True
810,809,0x329,?getCheckRect_@CheckListBox@gui@@IEBA?AV?$RectImpl@VVec2i@osg@@@osg@@PEAVCheckListBoxLine@2@@Z,protected: class osg::RectImpl<class osg::Vec2i> __cdecl gui::CheckListBox::getCheckRect_(class gui::CheckListBoxLine *) const,method,gui,CheckListBox,getCheckRect_,class gui::CheckListBoxLine *,True,False,False,False,False,False,True
811,810,0x32A,?getCheckVisible@CheckListBoxLine@gui@@QEBA_NXZ,public: bool __cdecl gui::CheckListBoxLine::getCheckVisible(void) const,method,gui,CheckListBoxLine,getCheckVisible,void,True,False,False,False,False,False,True
812,811,0x32B,?getChecked@CheckListBoxLine@gui@@QEBA_NXZ,public: bool __cdecl gui::CheckListBoxLine::getChecked(void) const,method,gui,CheckListBoxLine,getChecked,void,True,False,False,False,False,False,True
813,812,0x32C,?getClientRect@Widget@gui@@UEBA?AV?$RectImpl@VVec2i@osg@@@osg@@XZ,public: virtual class osg::RectImpl<class osg::Vec2i> __cdecl gui::Widget::getClientRect(void) const,method,gui,Widget,getClientRect,void,True,False,True,False,False,False,True
814,813,0x32D,?getClientRect@WindowBase@gui@@UEBA?AV?$RectImpl@VVec2i@osg@@@osg@@XZ,public: virtual class osg::RectImpl<class osg::Vec2i> __cdecl gui::WindowBase::getClientRect(void) const,method,gui,WindowBase,getClientRect,void,True,False,True,False,False,False,True
815,814,0x32E,?getClientRect_@Widget@gui@@MEBA?AV?$RectImpl@VVec2i@osg@@@osg@@XZ,protected: virtual class osg::RectImpl<class osg::Vec2i> __cdecl gui::Widget::getClientRect_(void) const,method,gui,Widget,getClientRect_,void,True,False,True,False,False,False,True
816,815,0x32F,?getClipInsetsEmpty@Data@skin@gui@@UEBA_NXZ,public: virtual bool __cdecl gui::skin::Data::getClipInsetsEmpty(void) const,method,gui::skin,Data,getClipInsetsEmpty,void,True,False,True,False,False,False,True
817,816,0x330,?getClipRect_@Widget@gui@@MEBA?AV?$RectImpl@VVec2i@osg@@@osg@@XZ,protected: virtual class osg::RectImpl<class osg::Vec2i> __cdecl gui::Widget::getClipRect_(void) const,method,gui,Widget,getClipRect_,void,True,False,True,False,False,False,True
818,817,0x331,?getClipResizeCursor@WindowBase@gui@@UEBA_NXZ,public: virtual bool __cdecl gui::WindowBase::getClipResizeCursor(void) const,method,gui,WindowBase,getClipResizeCursor,void,True,False,True,False,False,False,True
819,818,0x332,?getClippingEnabled@GUI@gui@@QEBA_NXZ,public: bool __cdecl gui::GUI::getClippingEnabled(void) const,method,gui,GUI,getClippingEnabled,void,True,False,False,False,False,False,True
820,819,0x333,?getCloseButton@WindowHeader@gui@@QEAAPEAVCloseButton@2@XZ,public: class gui::CloseButton * __cdecl gui::WindowHeader::getCloseButton(void),method,gui,WindowHeader,getCloseButton,void,False,False,False,False,False,False,True
821,820,0x334,?getCloseButtonSkin@WindowHeaderSkin@skin@gui@@QEBAPEAVButtonSkin@23@XZ,public: class gui::skin::ButtonSkin * __cdecl gui::skin::WindowHeaderSkin::getCloseButtonSkin(void) const,method,gui::skin,WindowHeaderSkin,getCloseButtonSkin,void,True,False,False,False,False,False,True
822,821,0x335,?getColor@FocusRect@gui@@QEBAAEBVVec4f@osg@@XZ,public: class osg::Vec4f const & __cdecl gui::FocusRect::getColor(void) const,method,gui,FocusRect,getColor,void,True,False,False,False,False,False,True
823,822,0x336,?getColor@Image@gui@@QEBAAEBVVec4f@osg@@XZ,public: class osg::Vec4f const & __cdecl gui::Image::getColor(void) const,method,gui,Image,getColor,void,True,False,False,False,False,False,True
824,823,0x337,?getColor@Text@gui@@QEBAAEBVVec4f@osg@@XZ,public: class osg::Vec4f const & __cdecl gui::Text::getColor(void) const,method,gui,Text,getColor,void,True,False,False,False,False,False,True
825,824,0x338,?getColor@luautil@@YA_NPEAUlua_State@@HAEAVVec4f@osg@@@Z,"bool __cdecl luautil::getColor(struct lua_State *, int, class osg::Vec4f &)",method,,luautil,getColor,"struct lua_State *, int, class osg::Vec4f &",False,False,False,False,False,False,True
826,825,0x339,?getColorsToDraw@Bkg@gui@@QEBAPEBMXZ,public: float const * __cdecl gui::Bkg::getColorsToDraw(void) const,method,gui,Bkg,getColorsToDraw,void,True,False,False,False,False,False,True
827,826,0x33A,?getColumn@GridHeader@gui@@QEBAPEAVGridHeaderCell@2@H@Z,public: class gui::GridHeaderCell * __cdecl gui::GridHeader::getColumn(int) const,method,gui,GridHeader,getColumn,int,True,False,False,False,False,False,True
828,827,0x33B,?getColumnCount@Grid@gui@@QEBAHXZ,public: int __cdecl gui::Grid::getColumnCount(void) const,method,gui,Grid,getColumnCount,void,True,False,False,False,False,False,True
829,828,0x33C,?getColumnCount@GridHeader@gui@@QEBAHXZ,public: int __cdecl gui::GridHeader::getColumnCount(void) const,method,gui,GridHeader,getColumnCount,void,True,False,False,False,False,False,True
830,829,0x33D,?getColumnHeader@Grid@gui@@QEBAPEAVGridHeaderCell@2@H@Z,public: class gui::GridHeaderCell * __cdecl gui::Grid::getColumnHeader(int) const,method,gui,Grid,getColumnHeader,int,True,False,False,False,False,False,True
831,830,0x33E,?getColumnIndexValid_@Grid@gui@@IEBA_NH@Z,protected: bool __cdecl gui::Grid::getColumnIndexValid_(int) const,method,gui,Grid,getColumnIndexValid_,int,True,False,False,False,False,False,True
832,831,0x33F,?getColumnIndex_@Grid@gui@@IEBAHH@Z,protected: int __cdecl gui::Grid::getColumnIndex_(int) const,method,gui,Grid,getColumnIndex_,int,True,False,False,False,False,False,True
833,832,0x340,?getColumnVisible_@Grid@gui@@IEBA_NH@Z,protected: bool __cdecl gui::Grid::getColumnVisible_(int) const,method,gui,Grid,getColumnVisible_,int,True,False,False,False,False,False,True
834,833,0x341,?getColumnWidth@Grid@gui@@QEBAHH@Z,public: int __cdecl gui::Grid::getColumnWidth(int) const,method,gui,Grid,getColumnWidth,int,True,False,False,False,False,False,True
835,834,0x342,?getCommandBuffer@GUI@gui@@QEAAPEAVGraphicCommands@2@_J@Z,public: class gui::GraphicCommands * __cdecl gui::GUI::getCommandBuffer(__int64),method,gui,GUI,getCommandBuffer,__int64,False,False,False,False,False,False,True
836,835,0x343,?getCommands@GraphicCommands@gui@@QEBAAEBV?$vector@PEAVGraphicCommand@gui@@V?$allocator@PEAVGraphicCommand@gui@@@ed@@@ed@@XZ,"public: class ed::vector<class gui::GraphicCommand *, class ed::allocator<class gui::GraphicCommand *>> const & __cdecl gui::GraphicCommands::getCommands(void) const",method,gui,GraphicCommands,getCommands,void,True,False,False,False,False,False,True
837,836,0x344,?getContainer@Layout@gui@@UEBAPEAVWidgetHandler@2@XZ,public: virtual class gui::WidgetHandler * __cdecl gui::Layout::getContainer(void) const,method,gui,Layout,getContainer,void,True,False,True,False,False,False,True
838,837,0x345,?getCyclic@Dial@gui@@UEBA_NXZ,public: virtual bool __cdecl gui::Dial::getCyclic(void) const,method,gui,Dial,getCyclic,void,True,False,True,False,False,False,True
839,838,0x346,?getData@EditBoxLine@gui@@QEBAPEBVEditBoxItem@2@XZ,public: class gui::EditBoxItem const * __cdecl gui::EditBoxLine::getData(void) const,method,gui,EditBoxLine,getData,void,True,False,False,False,False,False,True
840,839,0x347,?getDebugDraw@GUI@gui@@QEBA_NXZ,public: bool __cdecl gui::GUI::getDebugDraw(void) const,method,gui,GUI,getDebugDraw,void,True,False,False,False,False,False,True
841,840,0x348,?getDecimalPoint@textutil@@YAHXZ,int __cdecl textutil::getDecimalPoint(void),method,,textutil,getDecimalPoint,void,False,False,False,False,False,False,True
842,841,0x349,?getDecreaseButton@ScrollBar@gui@@QEBAPEAVScrollBarButton@2@XZ,public: class gui::ScrollBarButton * __cdecl gui::ScrollBar::getDecreaseButton(void) const,method,gui,ScrollBar,getDecreaseButton,void,True,False,False,False,False,False,True
843,842,0x34A,?getDecreaseButton@SpinBox@gui@@QEBAPEAVButton@2@XZ,public: class gui::Button * __cdecl gui::SpinBox::getDecreaseButton(void) const,method,gui,SpinBox,getDecreaseButton,void,True,False,False,False,False,False,True
844,843,0x34B,?getDecreaseButtonSize_@HorzScrollBar@gui@@MEBAHXZ,protected: virtual int __cdecl gui::HorzScrollBar::getDecreaseButtonSize_(void) const,method,gui,HorzScrollBar,getDecreaseButtonSize_,void,True,False,True,False,False,False,True
845,844,0x34C,?getDecreaseButtonSize_@VertScrollBar@gui@@MEBAHXZ,protected: virtual int __cdecl gui::VertScrollBar::getDecreaseButtonSize_(void) const,method,gui,VertScrollBar,getDecreaseButtonSize_,void,True,False,True,False,False,False,True
846,845,0x34D,?getDecreaseButtonSkin@ScrollBarSkin@skin@gui@@QEBAPEAVButtonSkin@23@XZ,public: class gui::skin::ButtonSkin * __cdecl gui::skin::ScrollBarSkin::getDecreaseButtonSkin(void) const,method,gui::skin,ScrollBarSkin,getDecreaseButtonSkin,void,True,False,False,False,False,False,True
847,846,0x34E,?getDecreaseButtonSkin@SpinBoxSkin@skin@gui@@QEBAPEAVButtonSkin@23@XZ,public: class gui::skin::ButtonSkin * __cdecl gui::skin::SpinBoxSkin::getDecreaseButtonSkin(void) const,method,gui::skin,SpinBoxSkin,getDecreaseButtonSkin,void,True,False,False,False,False,False,True
848,847,0x34F,?getDefaultTooltipSkin@WindowsManager@gui@@QEBAPEBVTooltipSkin@skin@2@XZ,public: class gui::skin::TooltipSkin const * __cdecl gui::WindowsManager::getDefaultTooltipSkin(void) const,method,gui,WindowsManager,getDefaultTooltipSkin,void,True,False,False,False,False,False,True
849,848,0x350,?getDirtySize@Widget@gui@@UEBA_NXZ,public: virtual bool __cdecl gui::Widget::getDirtySize(void) const,method,gui,Widget,getDirtySize,void,True,False,True,False,False,False,True
850,849,0x351,?getDoubleClickTime@GUI@gui@@QEBANXZ,public: double __cdecl gui::GUI::getDoubleClickTime(void) const,method,gui,GUI,getDoubleClickTime,void,True,False,False,False,False,False,True
851,850,0x352,?getDraggable@GridHeaderCell@gui@@UEBA_NXZ,public: virtual bool __cdecl gui::GridHeaderCell::getDraggable(void) const,method,gui,GridHeaderCell,getDraggable,void,True,False,True,False,False,False,True
852,851,0x353,?getDraggable@WindowBase@gui@@UEBA_NXZ,public: virtual bool __cdecl gui::WindowBase::getDraggable(void) const,method,gui,WindowBase,getDraggable,void,True,False,True,False,False,False,True
853,852,0x354,?getDrawFunc_@ShaderEffect@skin@gui@@MEBA?AV?$function@$$A6AXXZ@std@@XZ,protected: virtual class std::function<void __cdecl(void)> __cdecl gui::skin::ShaderEffect::getDrawFunc_(void) const,function,,,__cdecl,void)> __cdecl gui::skin::ShaderEffect::getDrawFunc_(void,True,False,True,False,False,False,True
854,853,0x355,?getDrawFunc_@ShaderEffectAppearQuads@skin@gui@@MEBA?AV?$function@$$A6AXXZ@std@@XZ,protected: virtual class std::function<void __cdecl(void)> __cdecl gui::skin::ShaderEffectAppearQuads::getDrawFunc_(void) const,function,,,__cdecl,void)> __cdecl gui::skin::ShaderEffectAppearQuads::getDrawFunc_(void,True,False,True,False,False,False,True
855,854,0x356,?getDrawFunc_@ShaderEffectFlickerQuads@skin@gui@@MEBA?AV?$function@$$A6AXXZ@std@@XZ,protected: virtual class std::function<void __cdecl(void)> __cdecl gui::skin::ShaderEffectFlickerQuads::getDrawFunc_(void) const,function,,,__cdecl,void)> __cdecl gui::skin::ShaderEffectFlickerQuads::getDrawFunc_(void,True,False,True,False,False,False,True
856,855,0x357,?getDrawToTarget@PieMenu@gui@@UEBA_NXZ,public: virtual bool __cdecl gui::PieMenu::getDrawToTarget(void) const,method,gui,PieMenu,getDrawToTarget,void,True,False,True,False,False,False,True
857,856,0x358,?getDrawToTarget@Widget@gui@@UEBA_NXZ,public: virtual bool __cdecl gui::Widget::getDrawToTarget(void) const,method,gui,Widget,getDrawToTarget,void,True,False,True,False,False,False,True
858,857,0x359,?getDrawToTargetVR@GUI@gui@@QEBA_NXZ,public: bool __cdecl gui::GUI::getDrawToTargetVR(void) const,method,gui,GUI,getDrawToTargetVR,void,True,False,False,False,False,False,True
859,858,0x35A,?getEasingFunc_@ShaderEffect@skin@gui@@IEBA?AV?$function@$$A6AMMMMM@Z@std@@H@Z,"protected: class std::function<float __cdecl(float, float, float, float)> __cdecl gui::skin::ShaderEffect::getEasingFunc_(int) const",function,,,__cdecl,"float, float, float, float)> __cdecl gui::skin::ShaderEffect::getEasingFunc_(int",True,False,False,False,False,False,True
860,859,0x35B,?getEditBox@ComboBox@gui@@QEBAPEAVComboBoxEditBox@2@XZ,public: class gui::ComboBoxEditBox * __cdecl gui::ComboBox::getEditBox(void) const,method,gui,ComboBox,getEditBox,void,True,False,False,False,False,False,True
861,860,0x35C,?getEditBox@SpinBox@gui@@QEBAPEAVEditBox@2@XZ,public: class gui::EditBox * __cdecl gui::SpinBox::getEditBox(void) const,method,gui,SpinBox,getEditBox,void,True,False,False,False,False,False,True
862,861,0x35D,?getEditBoxSkin@ComboBoxSkin@skin@gui@@QEBAPEAVEditBoxSkin@23@XZ,public: class gui::skin::EditBoxSkin * __cdecl gui::skin::ComboBoxSkin::getEditBoxSkin(void) const,method,gui::skin,ComboBoxSkin,getEditBoxSkin,void,True,False,False,False,False,False,True
863,862,0x35E,?getEditBoxSkin@SpinBoxSkin@skin@gui@@QEBAPEAVEditBoxSkin@23@XZ,public: class gui::skin::EditBoxSkin * __cdecl gui::skin::SpinBoxSkin::getEditBoxSkin(void) const,method,gui::skin,SpinBoxSkin,getEditBoxSkin,void,True,False,False,False,False,False,True
864,863,0x35F,?getEffect@ShaderEffectManager@skin@gui@@QEAAPEAVShaderEffect@23@PEBD@Z,public: class gui::skin::ShaderEffect * __cdecl gui::skin::ShaderEffectManager::getEffect(char const *),method,gui::skin,ShaderEffectManager,getEffect,char const *,False,False,False,False,False,False,True
865,864,0x360,?getEnableSearchLine@ComboBox@gui@@QEBA_NXZ,public: bool __cdecl gui::ComboBox::getEnableSearchLine(void) const,method,gui,ComboBox,getEnableSearchLine,void,True,False,False,False,False,False,True
866,865,0x361,?getEnabled@Widget@gui@@UEBA_NXZ,public: virtual bool __cdecl gui::Widget::getEnabled(void) const,method,gui,Widget,getEnabled,void,True,False,True,False,False,False,True
867,866,0x362,?getFieldsAlign@FormLayout@gui@@QEBAAEBVAlign2@2@XZ,public: class gui::Align2 const & __cdecl gui::FormLayout::getFieldsAlign(void) const,method,gui,FormLayout,getFieldsAlign,void,True,False,False,False,False,False,True
868,867,0x363,?getFiller@ProgressBar@gui@@QEBAPEAVProgressBarFiller@2@XZ,public: class gui::ProgressBarFiller * __cdecl gui::ProgressBar::getFiller(void) const,method,gui,ProgressBar,getFiller,void,True,False,False,False,False,False,True
869,868,0x364,?getFiller@RangeIndicator@gui@@QEBAPEAVRangeIndicatorFiller@2@XZ,public: class gui::RangeIndicatorFiller * __cdecl gui::RangeIndicator::getFiller(void) const,method,gui,RangeIndicator,getFiller,void,True,False,False,False,False,False,True
870,869,0x365,?getFiller@Slider@gui@@QEBAPEAVSliderFiller@2@XZ,public: class gui::SliderFiller * __cdecl gui::Slider::getFiller(void) const,method,gui,Slider,getFiller,void,True,False,False,False,False,False,True
871,870,0x366,?getFillerSkin@ProgressBarSkin@skin@gui@@QEBAPEAVSkin@23@XZ,public: class gui::skin::Skin * __cdecl gui::skin::ProgressBarSkin::getFillerSkin(void) const,method,gui::skin,ProgressBarSkin,getFillerSkin,void,True,False,False,False,False,False,True
872,871,0x367,?getFillerSkin@RangeIndicatorSkin@skin@gui@@QEBAPEAVSkin@23@XZ,public: class gui::skin::Skin * __cdecl gui::skin::RangeIndicatorSkin::getFillerSkin(void) const,method,gui::skin,RangeIndicatorSkin,getFillerSkin,void,True,False,False,False,False,False,True
873,872,0x368,?getFillerSkin@SliderSkin@skin@gui@@QEBAPEAVSkin@23@XZ,public: class gui::skin::Skin * __cdecl gui::skin::SliderSkin::getFillerSkin(void) const,method,gui::skin,SliderSkin,getFillerSkin,void,True,False,False,False,False,False,True
874,873,0x369,?getFirstSymbol@EditBoxItem@gui@@QEBA_WXZ,public: wchar_t __cdecl gui::EditBoxItem::getFirstSymbol(void) const,method,gui,EditBoxItem,getFirstSymbol,void,True,False,False,False,False,False,True
875,874,0x36A,?getFirstVisibleRowOffset@Grid@gui@@IEBAHXZ,protected: int __cdecl gui::Grid::getFirstVisibleRowOffset(void) const,method,gui,Grid,getFirstVisibleRowOffset,void,True,False,False,False,False,False,True
876,875,0x36B,?getFixedColumnCount@Grid@gui@@QEBAHXZ,public: int __cdecl gui::Grid::getFixedColumnCount(void) const,method,gui,Grid,getFixedColumnCount,void,True,False,False,False,False,False,True
877,876,0x36C,?getFlickerQuadsEffect@ShaderEffectManager@skin@gui@@QEAAPEAVShaderEffectFlickerQuads@23@XZ,public: class gui::skin::ShaderEffectFlickerQuads * __cdecl gui::skin::ShaderEffectManager::getFlickerQuadsEffect(void),method,gui::skin,ShaderEffectManager,getFlickerQuadsEffect,void,False,False,False,False,False,False,True
878,877,0x36D,?getFocusRectBounds_@CheckBaseSkin@skin@gui@@MEBA?AV?$RectImpl@VVec2i@osg@@@osg@@XZ,protected: virtual class osg::RectImpl<class osg::Vec2i> __cdecl gui::skin::CheckBaseSkin::getFocusRectBounds_(void) const,method,gui::skin,CheckBaseSkin,getFocusRectBounds_,void,True,False,True,False,False,False,True
879,878,0x36E,?getFocusRectBounds_@CheckListBoxLineSkin@skin@gui@@MEBA?AV?$RectImpl@VVec2i@osg@@@osg@@XZ,protected: virtual class osg::RectImpl<class osg::Vec2i> __cdecl gui::skin::CheckListBoxLineSkin::getFocusRectBounds_(void) const,method,gui::skin,CheckListBoxLineSkin,getFocusRectBounds_,void,True,False,True,False,False,False,True
880,879,0x36F,?getFocusRectBounds_@CheckListBoxSkin@skin@gui@@MEBA?AV?$RectImpl@VVec2i@osg@@@osg@@XZ,protected: virtual class osg::RectImpl<class osg::Vec2i> __cdecl gui::skin::CheckListBoxSkin::getFocusRectBounds_(void) const,method,gui::skin,CheckListBoxSkin,getFocusRectBounds_,void,True,False,True,False,False,False,True
881,880,0x370,?getFocusRectBounds_@ComboListSkin@skin@gui@@MEBA?AV?$RectImpl@VVec2i@osg@@@osg@@XZ,protected: virtual class osg::RectImpl<class osg::Vec2i> __cdecl gui::skin::ComboListSkin::getFocusRectBounds_(void) const,method,gui::skin,ComboListSkin,getFocusRectBounds_,void,True,False,True,False,False,False,True
882,881,0x371,?getFocusRectBounds_@ListBoxSkinBase@skin@gui@@MEBA?AV?$RectImpl@VVec2i@osg@@@osg@@XZ,protected: virtual class osg::RectImpl<class osg::Vec2i> __cdecl gui::skin::ListBoxSkinBase::getFocusRectBounds_(void) const,method,gui::skin,ListBoxSkinBase,getFocusRectBounds_,void,True,False,True,False,False,False,True
883,882,0x372,?getFocusRectBounds_@Skin@skin@gui@@MEBA?AV?$RectImpl@VVec2i@osg@@@osg@@XZ,protected: virtual class osg::RectImpl<class osg::Vec2i> __cdecl gui::skin::Skin::getFocusRectBounds_(void) const,method,gui::skin,Skin,getFocusRectBounds_,void,True,False,True,False,False,False,True
884,883,0x373,?getFocusRectVisible_@ListBoxSkinBase@skin@gui@@MEBA_NXZ,protected: virtual bool __cdecl gui::skin::ListBoxSkinBase::getFocusRectVisible_(void) const,method,gui::skin,ListBoxSkinBase,getFocusRectVisible_,void,True,False,True,False,False,False,True
885,884,0x374,?getFocusRectVisible_@Skin@skin@gui@@MEBA_NXZ,protected: virtual bool __cdecl gui::skin::Skin::getFocusRectVisible_(void) const,method,gui::skin,Skin,getFocusRectVisible_,void,True,False,True,False,False,False,True
886,885,0x375,?getFocusable@Button@gui@@UEBA_NXZ,public: virtual bool __cdecl gui::Button::getFocusable(void) const,method,gui,Button,getFocusable,void,True,False,True,False,False,False,True
887,886,0x376,?getFocusable@CloseButton@gui@@UEBA_NXZ,public: virtual bool __cdecl gui::CloseButton::getFocusable(void) const,method,gui,CloseButton,getFocusable,void,True,False,True,False,False,False,True
888,887,0x377,?getFocusable@Container@gui@@UEBA_NXZ,public: virtual bool __cdecl gui::Container::getFocusable(void) const,method,gui,Container,getFocusable,void,True,False,True,False,False,False,True
889,888,0x378,?getFocusable@ToggleButton@gui@@UEBA_NXZ,public: virtual bool __cdecl gui::ToggleButton::getFocusable(void) const,method,gui,ToggleButton,getFocusable,void,True,False,True,False,False,False,True
890,889,0x379,?getFocusable@Widget@gui@@UEBA_NXZ,public: virtual bool __cdecl gui::Widget::getFocusable(void) const,method,gui,Widget,getFocusable,void,True,False,True,False,False,False,True
891,890,0x37A,?getFocused@Widget@gui@@UEBA_NXZ,public: virtual bool __cdecl gui::Widget::getFocused(void) const,method,gui,Widget,getFocused,void,True,False,True,False,False,False,True
892,891,0x37B,?getFocusedWidget@ComboBox@gui@@UEBAPEAVWidget@2@XZ,public: virtual class gui::Widget * __cdecl gui::ComboBox::getFocusedWidget(void) const,method,gui,ComboBox,getFocusedWidget,void,True,False,True,False,False,False,True
893,892,0x37C,?getFocusedWidget@ComboList@gui@@UEBAPEAVWidget@2@XZ,public: virtual class gui::Widget * __cdecl gui::ComboList::getFocusedWidget(void) const,method,gui,ComboList,getFocusedWidget,void,True,False,True,False,False,False,True
894,893,0x37D,?getFocusedWidget@Container@gui@@UEBAPEAVWidget@2@XZ,public: virtual class gui::Widget * __cdecl gui::Container::getFocusedWidget(void) const,method,gui,Container,getFocusedWidget,void,True,False,True,False,False,False,True
895,894,0x37E,?getFocusedWidget@Dial@gui@@UEBAPEAVWidget@2@XZ,public: virtual class gui::Widget * __cdecl gui::Dial::getFocusedWidget(void) const,method,gui,Dial,getFocusedWidget,void,True,False,True,False,False,False,True
896,895,0x37F,?getFocusedWidget@EditBox@gui@@UEBAPEAVWidget@2@XZ,public: virtual class gui::Widget * __cdecl gui::EditBox::getFocusedWidget(void) const,method,gui,EditBox,getFocusedWidget,void,True,False,True,False,False,False,True
897,896,0x380,?getFocusedWidget@ListBoxBase@gui@@UEBAPEAVWidget@2@XZ,public: virtual class gui::Widget * __cdecl gui::ListBoxBase::getFocusedWidget(void) const,method,gui,ListBoxBase,getFocusedWidget,void,True,False,True,False,False,False,True
898,897,0x381,?getFocusedWidget@ScrollBar@gui@@UEBAPEAVWidget@2@XZ,public: virtual class gui::Widget * __cdecl gui::ScrollBar::getFocusedWidget(void) const,method,gui,ScrollBar,getFocusedWidget,void,True,False,True,False,False,False,True
899,898,0x382,?getFocusedWidget@Slider@gui@@UEBAPEAVWidget@2@XZ,public: virtual class gui::Widget * __cdecl gui::Slider::getFocusedWidget(void) const,method,gui,Slider,getFocusedWidget,void,True,False,True,False,False,False,True
900,899,0x383,?getFocusedWidget@SpinBox@gui@@UEBAPEAVWidget@2@XZ,public: virtual class gui::Widget * __cdecl gui::SpinBox::getFocusedWidget(void) const,method,gui,SpinBox,getFocusedWidget,void,True,False,True,False,False,False,True
901,900,0x384,?getFocusedWidget@Widget@gui@@UEBAPEAV12@XZ,public: virtual class gui::Widget * __cdecl gui::Widget::getFocusedWidget(void) const,method,gui,Widget,getFocusedWidget,void,True,False,True,False,False,False,True
902,901,0x385,?getFocusedWidget_@Container@gui@@MEBAPEAVWidgetHandler@2@XZ,protected: virtual class gui::WidgetHandler * __cdecl gui::Container::getFocusedWidget_(void) const,method,gui,Container,getFocusedWidget_,void,True,False,True,False,False,False,True
903,902,0x386,?getFont@EditBox@gui@@QEBA?AV?$shared_ptr@VuiBaseFont@@@std@@XZ,public: class std::shared_ptr<class uiBaseFont> __cdecl gui::EditBox::getFont(void) const,method,gui,EditBox,getFont,void,True,False,False,False,False,False,True
904,903,0x387,?getFont@EditBoxSkin@skin@gui@@QEBA?AV?$shared_ptr@VuiBaseFont@@@std@@XZ,public: class std::shared_ptr<class uiBaseFont> __cdecl gui::skin::EditBoxSkin::getFont(void) const,method,gui::skin,EditBoxSkin,getFont,void,True,False,False,False,False,False,True
905,904,0x388,?getFonts@ColorTextStatic@gui@@QEAAAEBV?$unordered_map@V?$basic_string@_W@ed@@V12@U?$hash@V?$basic_string@_W@ed@@@std@@U?$equal_to@V?$basic_string@_W@ed@@@4@V?$allocator@U?$pair@$$CBV?$basic_string@_W@ed@@V12@@std@@@2@@std@@XZ,"public: class std::unordered_map<class ed::basic_string<wchar_t>, class ed::basic_string<wchar_t>, struct std::hash<class ed::basic_string<wchar_t>>, struct std::equal_to<class ed::basic_string<wchar_t>>, class ed::allocator<struct std::pair<class ed::basic_string<wchar_t> const, class ed::basic_string<wchar_t>>>> const & __cdecl gui::ColorTextStatic::getFonts(void)",method,gui,ColorTextStatic,getFonts,void,False,False,False,False,False,False,True
906,905,0x389,?getFormatString@SpinBox@gui@@QEBAAEBV?$basic_string@_W@ed@@XZ,public: class ed::basic_string<wchar_t> const & __cdecl gui::SpinBox::getFormatString(void) const,method,gui,SpinBox,getFormatString,void,True,False,False,False,False,False,True
907,906,0x38A,?getFramerate@Application@gui@@UEBAHXZ,public: virtual int __cdecl gui::Application::getFramerate(void) const,method,gui,Application,getFramerate,void,True,False,True,False,False,False,True
908,907,0x38B,?getFullScreen@Application@gui@@UEBA_NXZ,public: virtual bool __cdecl gui::Application::getFullScreen(void) const,method,gui,Application,getFullScreen,void,True,False,True,False,False,False,True
909,908,0x38C,?getGap@HorzLayout@gui@@QEBAHXZ,public: int __cdecl gui::HorzLayout::getGap(void) const,method,gui,HorzLayout,getGap,void,True,False,False,False,False,False,True
910,909,0x38D,?getGap@PieMenu@gui@@QEBAHXZ,public: int __cdecl gui::PieMenu::getGap(void) const,method,gui,PieMenu,getGap,void,True,False,False,False,False,False,True
911,910,0x38E,?getGap@VertLayout@gui@@QEBAHXZ,public: int __cdecl gui::VertLayout::getGap(void) const,method,gui,VertLayout,getGap,void,True,False,False,False,False,False,True
912,911,0x38F,?getGenerateMouseDoubleClickCallbacks@Container@gui@@UEBA_NAEBVVec2i@osg@@W4MouseButton@2@@Z,"public: virtual bool __cdecl gui::Container::getGenerateMouseDoubleClickCallbacks(class osg::Vec2i const &, enum gui::MouseButton) const",method,gui,Container,getGenerateMouseDoubleClickCallbacks,"class osg::Vec2i const &, enum gui::MouseButton",True,False,True,False,False,False,True
913,912,0x390,?getGenerateMouseDoubleClickCallbacks@ScrollPane@gui@@UEBA_NAEBVVec2i@osg@@W4MouseButton@2@@Z,"public: virtual bool __cdecl gui::ScrollPane::getGenerateMouseDoubleClickCallbacks(class osg::Vec2i const &, enum gui::MouseButton) const",method,gui,ScrollPane,getGenerateMouseDoubleClickCallbacks,"class osg::Vec2i const &, enum gui::MouseButton",True,False,True,False,False,False,True
914,913,0x391,?getGenerateMouseDownCallbacks@Container@gui@@UEBA_NAEBVVec2i@osg@@W4MouseButton@2@@Z,"public: virtual bool __cdecl gui::Container::getGenerateMouseDownCallbacks(class osg::Vec2i const &, enum gui::MouseButton) const",method,gui,Container,getGenerateMouseDownCallbacks,"class osg::Vec2i const &, enum gui::MouseButton",True,False,True,False,False,False,True
915,914,0x392,?getGenerateMouseDownCallbacks@ScrollPane@gui@@UEBA_NAEBVVec2i@osg@@W4MouseButton@2@@Z,"public: virtual bool __cdecl gui::ScrollPane::getGenerateMouseDownCallbacks(class osg::Vec2i const &, enum gui::MouseButton) const",method,gui,ScrollPane,getGenerateMouseDownCallbacks,"class osg::Vec2i const &, enum gui::MouseButton",True,False,True,False,False,False,True
916,915,0x393,?getGenerateMouseMoveCallbacks@Container@gui@@UEBA_NAEBVVec2i@osg@@@Z,public: virtual bool __cdecl gui::Container::getGenerateMouseMoveCallbacks(class osg::Vec2i const &) const,method,gui,Container,getGenerateMouseMoveCallbacks,class osg::Vec2i const &,True,False,True,False,False,False,True
917,916,0x394,?getGenerateMouseMoveCallbacks@ScrollPane@gui@@UEBA_NAEBVVec2i@osg@@@Z,public: virtual bool __cdecl gui::ScrollPane::getGenerateMouseMoveCallbacks(class osg::Vec2i const &) const,method,gui,ScrollPane,getGenerateMouseMoveCallbacks,class osg::Vec2i const &,True,False,True,False,False,False,True
918,917,0x395,?getGenerateMouseUpCallbacks@Container@gui@@UEBA_NAEBVVec2i@osg@@W4MouseButton@2@@Z,"public: virtual bool __cdecl gui::Container::getGenerateMouseUpCallbacks(class osg::Vec2i const &, enum gui::MouseButton) const",method,gui,Container,getGenerateMouseUpCallbacks,"class osg::Vec2i const &, enum gui::MouseButton",True,False,True,False,False,False,True
919,918,0x396,?getGenerateMouseUpCallbacks@ScrollPane@gui@@UEBA_NAEBVVec2i@osg@@W4MouseButton@2@@Z,"public: virtual bool __cdecl gui::ScrollPane::getGenerateMouseUpCallbacks(class osg::Vec2i const &, enum gui::MouseButton) const",method,gui,ScrollPane,getGenerateMouseUpCallbacks,"class osg::Vec2i const &, enum gui::MouseButton",True,False,True,False,False,False,True
920,919,0x397,?getGridRowCallbackType@gui@@YA?AW4GridRowCallbackType@1@AEBV?$basic_string@D@ed@@@Z,enum gui::GridRowCallbackType __cdecl gui::getGridRowCallbackType(class ed::basic_string<char> const &),method,,gui,getGridRowCallbackType,class ed::basic_string<char> const &,False,False,False,False,False,False,True
921,920,0x398,?getGroupNumber@MenuRadioItem@gui@@UEBAHXZ,public: virtual int __cdecl gui::MenuRadioItem::getGroupNumber(void) const,method,gui,MenuRadioItem,getGroupNumber,void,True,False,True,False,False,False,True
922,921,0x399,?getHasButtons_@ScrollBar@gui@@IEBA_NXZ,protected: bool __cdecl gui::ScrollBar::getHasButtons_(void) const,method,gui,ScrollBar,getHasButtons_,void,True,False,False,False,False,False,True
923,922,0x39A,?getHasCloseButton@WindowHeader@gui@@QEBA_NXZ,public: bool __cdecl gui::WindowHeader::getHasCloseButton(void) const,method,gui,WindowHeader,getHasCloseButton,void,True,False,False,False,False,False,True
924,923,0x39B,?getHasCursor@WindowBase@gui@@UEBA_NXZ,public: virtual bool __cdecl gui::WindowBase::getHasCursor(void) const,method,gui,WindowBase,getHasCursor,void,True,False,True,False,False,False,True
925,924,0x39C,?getHasCursorWindow@WindowsManager@gui@@QEBA_NXZ,public: bool __cdecl gui::WindowsManager::getHasCursorWindow(void) const,method,gui,WindowsManager,getHasCursorWindow,void,True,False,False,False,False,False,True
926,925,0x39D,?getHasMouseInputAtScreenPoint@ButtonBase@gui@@UEBA_NAEBVVec2i@osg@@@Z,public: virtual bool __cdecl gui::ButtonBase::getHasMouseInputAtScreenPoint(class osg::Vec2i const &) const,method,gui,ButtonBase,getHasMouseInputAtScreenPoint,class osg::Vec2i const &,True,False,True,False,False,False,True
927,926,0x39E,?getHasMouseInputAtScreenPoint@ComboBox@gui@@UEBA_NAEBVVec2i@osg@@@Z,public: virtual bool __cdecl gui::ComboBox::getHasMouseInputAtScreenPoint(class osg::Vec2i const &) const,method,gui,ComboBox,getHasMouseInputAtScreenPoint,class osg::Vec2i const &,True,False,True,False,False,False,True
928,927,0x39F,?getHasMouseInputAtScreenPoint@ComboList@gui@@UEBA_NAEBVVec2i@osg@@@Z,public: virtual bool __cdecl gui::ComboList::getHasMouseInputAtScreenPoint(class osg::Vec2i const &) const,method,gui,ComboList,getHasMouseInputAtScreenPoint,class osg::Vec2i const &,True,False,True,False,False,False,True
929,928,0x3A0,?getHasMouseInputAtScreenPoint@Container@gui@@UEBA_NAEBVVec2i@osg@@@Z,public: virtual bool __cdecl gui::Container::getHasMouseInputAtScreenPoint(class osg::Vec2i const &) const,method,gui,Container,getHasMouseInputAtScreenPoint,class osg::Vec2i const &,True,False,True,False,False,False,True
930,929,0x3A1,?getHasMouseInputAtScreenPoint@Dial@gui@@UEBA_NAEBVVec2i@osg@@@Z,public: virtual bool __cdecl gui::Dial::getHasMouseInputAtScreenPoint(class osg::Vec2i const &) const,method,gui,Dial,getHasMouseInputAtScreenPoint,class osg::Vec2i const &,True,False,True,False,False,False,True
931,930,0x3A2,?getHasMouseInputAtScreenPoint@EditBox@gui@@UEBA_NAEBVVec2i@osg@@@Z,public: virtual bool __cdecl gui::EditBox::getHasMouseInputAtScreenPoint(class osg::Vec2i const &) const,method,gui,EditBox,getHasMouseInputAtScreenPoint,class osg::Vec2i const &,True,False,True,False,False,False,True
932,931,0x3A3,?getHasMouseInputAtScreenPoint@GUI@gui@@QEAA_NHH@Z,"public: bool __cdecl gui::GUI::getHasMouseInputAtScreenPoint(int, int)",method,gui,GUI,getHasMouseInputAtScreenPoint,"int, int",False,False,False,False,False,False,True
933,932,0x3A4,?getHasMouseInputAtScreenPoint@Grid@gui@@UEBA_NAEBVVec2i@osg@@@Z,public: virtual bool __cdecl gui::Grid::getHasMouseInputAtScreenPoint(class osg::Vec2i const &) const,method,gui,Grid,getHasMouseInputAtScreenPoint,class osg::Vec2i const &,True,False,True,False,False,False,True
934,933,0x3A5,?getHasMouseInputAtScreenPoint@ListBoxBase@gui@@UEBA_NAEBVVec2i@osg@@@Z,public: virtual bool __cdecl gui::ListBoxBase::getHasMouseInputAtScreenPoint(class osg::Vec2i const &) const,method,gui,ListBoxBase,getHasMouseInputAtScreenPoint,class osg::Vec2i const &,True,False,True,False,False,False,True
935,934,0x3A6,?getHasMouseInputAtScreenPoint@ListBoxLineBase@gui@@UEBA_NAEBVVec2i@osg@@@Z,public: virtual bool __cdecl gui::ListBoxLineBase::getHasMouseInputAtScreenPoint(class osg::Vec2i const &) const,method,gui,ListBoxLineBase,getHasMouseInputAtScreenPoint,class osg::Vec2i const &,True,False,True,False,False,False,True
936,935,0x3A7,?getHasMouseInputAtScreenPoint@Menu@gui@@UEBA_NAEBVVec2i@osg@@@Z,public: virtual bool __cdecl gui::Menu::getHasMouseInputAtScreenPoint(class osg::Vec2i const &) const,method,gui,Menu,getHasMouseInputAtScreenPoint,class osg::Vec2i const &,True,False,True,False,False,False,True
937,936,0x3A8,?getHasMouseInputAtScreenPoint@MenuBarItem@gui@@UEBA_NAEBVVec2i@osg@@@Z,public: virtual bool __cdecl gui::MenuBarItem::getHasMouseInputAtScreenPoint(class osg::Vec2i const &) const,method,gui,MenuBarItem,getHasMouseInputAtScreenPoint,class osg::Vec2i const &,True,False,True,False,False,False,True
938,937,0x3A9,?getHasMouseInputAtScreenPoint@PieMenu@gui@@UEBA_NAEBVVec2i@osg@@@Z,public: virtual bool __cdecl gui::PieMenu::getHasMouseInputAtScreenPoint(class osg::Vec2i const &) const,method,gui,PieMenu,getHasMouseInputAtScreenPoint,class osg::Vec2i const &,True,False,True,False,False,False,True
939,938,0x3AA,?getHasMouseInputAtScreenPoint@ScrollBar@gui@@UEBA_NAEBVVec2i@osg@@@Z,public: virtual bool __cdecl gui::ScrollBar::getHasMouseInputAtScreenPoint(class osg::Vec2i const &) const,method,gui,ScrollBar,getHasMouseInputAtScreenPoint,class osg::Vec2i const &,True,False,True,False,False,False,True
940,939,0x3AB,?getHasMouseInputAtScreenPoint@ScrollPane@gui@@UEBA_NAEBVVec2i@osg@@@Z,public: virtual bool __cdecl gui::ScrollPane::getHasMouseInputAtScreenPoint(class osg::Vec2i const &) const,method,gui,ScrollPane,getHasMouseInputAtScreenPoint,class osg::Vec2i const &,True,False,True,False,False,False,True
941,940,0x3AC,?getHasMouseInputAtScreenPoint@Slider@gui@@UEBA_NAEBVVec2i@osg@@@Z,public: virtual bool __cdecl gui::Slider::getHasMouseInputAtScreenPoint(class osg::Vec2i const &) const,method,gui,Slider,getHasMouseInputAtScreenPoint,class osg::Vec2i const &,True,False,True,False,False,False,True
942,941,0x3AD,?getHasMouseInputAtScreenPoint@SpinBox@gui@@UEBA_NAEBVVec2i@osg@@@Z,public: virtual bool __cdecl gui::SpinBox::getHasMouseInputAtScreenPoint(class osg::Vec2i const &) const,method,gui,SpinBox,getHasMouseInputAtScreenPoint,class osg::Vec2i const &,True,False,True,False,False,False,True
943,942,0x3AE,?getHasMouseInputAtScreenPoint@TabGroupItem@gui@@UEBA_NAEBVVec2i@osg@@@Z,public: virtual bool __cdecl gui::TabGroupItem::getHasMouseInputAtScreenPoint(class osg::Vec2i const &) const,method,gui,TabGroupItem,getHasMouseInputAtScreenPoint,class osg::Vec2i const &,True,False,True,False,False,False,True
944,943,0x3AF,?getHasMouseInputAtScreenPoint@Widget@gui@@UEBA_NAEBVVec2i@osg@@@Z,public: virtual bool __cdecl gui::Widget::getHasMouseInputAtScreenPoint(class osg::Vec2i const &) const,method,gui,Widget,getHasMouseInputAtScreenPoint,class osg::Vec2i const &,True,False,True,False,False,False,True
945,944,0x3B0,?getHasMouseInputAtScreenPoint@WindowsManager@gui@@QEAA_NAEBVVec2i@osg@@@Z,public: bool __cdecl gui::WindowsManager::getHasMouseInputAtScreenPoint(class osg::Vec2i const &),method,gui,WindowsManager,getHasMouseInputAtScreenPoint,class osg::Vec2i const &,False,False,False,False,False,False,True
946,945,0x3B1,?getHeader@Grid@gui@@QEBAPEAVGridHeader@2@XZ,public: class gui::GridHeader * __cdecl gui::Grid::getHeader(void) const,method,gui,Grid,getHeader,void,True,False,False,False,False,False,True
947,946,0x3B2,?getHeader@WindowBase@gui@@QEBAPEAVWindowHeader@2@XZ,public: class gui::WindowHeader * __cdecl gui::WindowBase::getHeader(void) const,method,gui,WindowBase,getHeader,void,True,False,False,False,False,False,True
948,947,0x3B3,?getHeaderSkin@WindowBaseSkin@skin@gui@@QEBAPEAVWindowHeaderSkin@23@XZ,public: class gui::skin::WindowHeaderSkin * __cdecl gui::skin::WindowBaseSkin::getHeaderSkin(void) const,method,gui::skin,WindowBaseSkin,getHeaderSkin,void,True,False,False,False,False,False,True
949,948,0x3B4,?getHintText@ComboBox@gui@@QEBAAEBV?$basic_string@_W@ed@@XZ,public: class ed::basic_string<wchar_t> const & __cdecl gui::ComboBox::getHintText(void) const,method,gui,ComboBox,getHintText,void,True,False,False,False,False,False,True
950,949,0x3B5,?getHintText@EditBox@gui@@QEBAAEBV?$basic_string@_W@ed@@XZ,public: class ed::basic_string<wchar_t> const & __cdecl gui::EditBox::getHintText(void) const,method,gui,EditBox,getHintText,void,True,False,False,False,False,False,True
951,950,0x3B6,?getHorzAlign@Align2@gui@@QEBAAEBVAlign@2@XZ,public: class gui::Align const & __cdecl gui::Align2::getHorzAlign(void) const,method,gui,Align2,getHorzAlign,void,True,False,False,False,False,False,True
952,951,0x3B7,?getHorzAlign@HorzLayout@gui@@QEBAAEBVAlign@2@XZ,public: class gui::Align const & __cdecl gui::HorzLayout::getHorzAlign(void) const,method,gui,HorzLayout,getHorzAlign,void,True,False,False,False,False,False,True
953,952,0x3B8,?getHorzAlign@VertLayout@gui@@QEBAAEBVAlign@2@XZ,public: class gui::Align const & __cdecl gui::VertLayout::getHorzAlign(void) const,method,gui,VertLayout,getHorzAlign,void,True,False,False,False,False,False,True
954,953,0x3B9,?getHorzGap@BorderLayout@gui@@QEBAHXZ,public: int __cdecl gui::BorderLayout::getHorzGap(void) const,method,gui,BorderLayout,getHorzGap,void,True,False,False,False,False,False,True
955,954,0x3BA,?getHorzGap@FormLayout@gui@@QEBAHXZ,public: int __cdecl gui::FormLayout::getHorzGap(void) const,method,gui,FormLayout,getHorzGap,void,True,False,False,False,False,False,True
956,955,0x3BB,?getHorzMouseWheel@ScrollPane@gui@@QEBA_NXZ,public: bool __cdecl gui::ScrollPane::getHorzMouseWheel(void) const,method,gui,ScrollPane,getHorzMouseWheel,void,True,False,False,False,False,False,True
957,956,0x3BC,?getHorzScrollBar@EditBox@gui@@QEBAPEAVScrollBar@2@XZ,public: class gui::ScrollBar * __cdecl gui::EditBox::getHorzScrollBar(void) const,method,gui,EditBox,getHorzScrollBar,void,True,False,False,False,False,False,True
958,957,0x3BD,?getHorzScrollBar@Grid@gui@@QEBAPEAVScrollBar@2@XZ,public: class gui::ScrollBar * __cdecl gui::Grid::getHorzScrollBar(void) const,method,gui,Grid,getHorzScrollBar,void,True,False,False,False,False,False,True
959,958,0x3BE,?getHorzScrollBar@ListBoxBase@gui@@QEBAPEAVScrollBar@2@XZ,public: class gui::ScrollBar * __cdecl gui::ListBoxBase::getHorzScrollBar(void) const,method,gui,ListBoxBase,getHorzScrollBar,void,True,False,False,False,False,False,True
960,959,0x3BF,?getHorzScrollBar@ScrollPane@gui@@QEBAPEAVScrollBar@2@XZ,public: class gui::ScrollBar * __cdecl gui::ScrollPane::getHorzScrollBar(void) const,method,gui,ScrollPane,getHorzScrollBar,void,True,False,False,False,False,False,True
961,960,0x3C0,?getHorzScrollBarHeight_@EditBox@gui@@IEBAHXZ,protected: int __cdecl gui::EditBox::getHorzScrollBarHeight_(void) const,method,gui,EditBox,getHorzScrollBarHeight_,void,True,False,False,False,False,False,True
962,961,0x3C1,?getHorzScrollBarPageStep@Grid@gui@@QEBANXZ,public: double __cdecl gui::Grid::getHorzScrollBarPageStep(void) const,method,gui,Grid,getHorzScrollBarPageStep,void,True,False,False,False,False,False,True
963,962,0x3C2,?getHorzScrollBarPageStep@ScrollPane@gui@@QEBANXZ,public: double __cdecl gui::ScrollPane::getHorzScrollBarPageStep(void) const,method,gui,ScrollPane,getHorzScrollBarPageStep,void,True,False,False,False,False,False,True
964,963,0x3C3,?getHorzScrollBarSkin@CheckListBoxSkin@skin@gui@@QEBAPEAVScrollBarSkin@23@XZ,public: class gui::skin::ScrollBarSkin * __cdecl gui::skin::CheckListBoxSkin::getHorzScrollBarSkin(void) const,method,gui::skin,CheckListBoxSkin,getHorzScrollBarSkin,void,True,False,False,False,False,False,True
965,964,0x3C4,?getHorzScrollBarSkin@EditBoxSkin@skin@gui@@QEBAPEAVScrollBarSkin@23@XZ,public: class gui::skin::ScrollBarSkin * __cdecl gui::skin::EditBoxSkin::getHorzScrollBarSkin(void) const,method,gui::skin,EditBoxSkin,getHorzScrollBarSkin,void,True,False,False,False,False,False,True
966,965,0x3C5,?getHorzScrollBarSkin@ListBoxSkin@skin@gui@@QEBAPEAVScrollBarSkin@23@XZ,public: class gui::skin::ScrollBarSkin * __cdecl gui::skin::ListBoxSkin::getHorzScrollBarSkin(void) const,method,gui::skin,ListBoxSkin,getHorzScrollBarSkin,void,True,False,False,False,False,False,True
967,966,0x3C6,?getHorzScrollBarSkin@ScrollPaneSkin@skin@gui@@QEBAPEAVScrollBarSkin@23@XZ,public: class gui::skin::ScrollBarSkin * __cdecl gui::skin::ScrollPaneSkin::getHorzScrollBarSkin(void) const,method,gui::skin,ScrollPaneSkin,getHorzScrollBarSkin,void,True,False,False,False,False,False,True
968,967,0x3C7,?getHorzScrollBarStep@Grid@gui@@QEBANXZ,public: double __cdecl gui::Grid::getHorzScrollBarStep(void) const,method,gui,Grid,getHorzScrollBarStep,void,True,False,False,False,False,False,True
969,968,0x3C8,?getHorzScrollBarStep@ScrollPane@gui@@QEBANXZ,public: double __cdecl gui::ScrollPane::getHorzScrollBarStep(void) const,method,gui,ScrollPane,getHorzScrollBarStep,void,True,False,False,False,False,False,True
970,969,0x3C9,?getHorzScrollBarValue_@EditBox@gui@@QEBAHXZ,public: int __cdecl gui::EditBox::getHorzScrollBarValue_(void) const,method,gui,EditBox,getHorzScrollBarValue_,void,True,False,False,False,False,False,True
971,970,0x3CA,?getHorzScrollBarValue_@Grid@gui@@MEBAHXZ,protected: virtual int __cdecl gui::Grid::getHorzScrollBarValue_(void) const,method,gui,Grid,getHorzScrollBarValue_,void,True,False,True,False,False,False,True
972,971,0x3CB,?getHorzScrollPosition@Grid@gui@@QEBAHXZ,public: int __cdecl gui::Grid::getHorzScrollPosition(void) const,method,gui,Grid,getHorzScrollPosition,void,True,False,False,False,False,False,True
973,972,0x3CC,?getHorzScrollPosition_@ListBoxBase@gui@@IEBAHXZ,protected: int __cdecl gui::ListBoxBase::getHorzScrollPosition_(void) const,method,gui,ListBoxBase,getHorzScrollPosition_,void,True,False,False,False,False,False,True
974,973,0x3CD,?getHorzScrollRange@ScrollPane@gui@@QEBAXAEAN0@Z,"public: void __cdecl gui::ScrollPane::getHorzScrollRange(double &, double &) const",method,gui,ScrollPane,getHorzScrollRange,"double &, double &",True,False,False,False,False,False,True
975,974,0x3CE,?getHorzScrollValue@ScrollPane@gui@@QEBANXZ,public: double __cdecl gui::ScrollPane::getHorzScrollValue(void) const,method,gui,ScrollPane,getHorzScrollValue,void,True,False,False,False,False,False,True
976,975,0x3CF,?getHorzStep_@EditBox@gui@@IEBAHXZ,protected: int __cdecl gui::EditBox::getHorzStep_(void) const,method,gui,EditBox,getHorzStep_,void,True,False,False,False,False,False,True
977,976,0x3D0,?getHoverColor@GridViewSkin@skin@gui@@QEBA?BVVec4f@osg@@XZ,public: class osg::Vec4f const __cdecl gui::skin::GridViewSkin::getHoverColor(void) const,method,gui::skin,GridViewSkin,getHoverColor,void,True,False,False,False,False,False,True
978,977,0x3D1,?getHoveredRow@Grid@gui@@QEBAHXZ,public: int __cdecl gui::Grid::getHoveredRow(void) const,method,gui,Grid,getHoveredRow,void,True,False,False,False,False,False,True
979,978,0x3D2,?getImage@Data@skin@gui@@QEBAPEBUInfo@Image@3@W4InteractiveState@23@H@Z,"public: struct gui::Image::Info const * __cdecl gui::skin::Data::getImage(enum gui::skin::InteractiveState, int) const",method,gui::skin,Data,getImage,"enum gui::skin::InteractiveState, int",True,False,False,False,False,False,True
980,979,0x3D3,?getImageInfo@TextureView@gui@@QEBAAEBUInfo@Image@2@XZ,public: struct gui::Image::Info const & __cdecl gui::TextureView::getImageInfo(void) const,method,gui,TextureView,getImageInfo,void,True,False,False,False,False,False,True
981,980,0x3D4,?getIncreaseButton@ScrollBar@gui@@QEBAPEAVScrollBarButton@2@XZ,public: class gui::ScrollBarButton * __cdecl gui::ScrollBar::getIncreaseButton(void) const,method,gui,ScrollBar,getIncreaseButton,void,True,False,False,False,False,False,True
982,981,0x3D5,?getIncreaseButton@SpinBox@gui@@QEBAPEAVButton@2@XZ,public: class gui::Button * __cdecl gui::SpinBox::getIncreaseButton(void) const,method,gui,SpinBox,getIncreaseButton,void,True,False,False,False,False,False,True
983,982,0x3D6,?getIncreaseButtonSize_@HorzScrollBar@gui@@MEBAHXZ,protected: virtual int __cdecl gui::HorzScrollBar::getIncreaseButtonSize_(void) const,method,gui,HorzScrollBar,getIncreaseButtonSize_,void,True,False,True,False,False,False,True
984,983,0x3D7,?getIncreaseButtonSize_@VertScrollBar@gui@@MEBAHXZ,protected: virtual int __cdecl gui::VertScrollBar::getIncreaseButtonSize_(void) const,method,gui,VertScrollBar,getIncreaseButtonSize_,void,True,False,True,False,False,False,True
985,984,0x3D8,?getIncreaseButtonSkin@ScrollBarSkin@skin@gui@@QEBAPEAVButtonSkin@23@XZ,public: class gui::skin::ButtonSkin * __cdecl gui::skin::ScrollBarSkin::getIncreaseButtonSkin(void) const,method,gui::skin,ScrollBarSkin,getIncreaseButtonSkin,void,True,False,False,False,False,False,True
986,985,0x3D9,?getIncreaseButtonSkin@SpinBoxSkin@skin@gui@@QEBAPEAVButtonSkin@23@XZ,public: class gui::skin::ButtonSkin * __cdecl gui::skin::SpinBoxSkin::getIncreaseButtonSkin(void) const,method,gui::skin,SpinBoxSkin,getIncreaseButtonSkin,void,True,False,False,False,False,False,True
987,986,0x3DA,?getInitialAngle@PieMenu@gui@@QEBANXZ,public: double __cdecl gui::PieMenu::getInitialAngle(void) const,method,gui,PieMenu,getInitialAngle,void,True,False,False,False,False,False,True
988,987,0x3DB,?getInnerState@CheckListBoxLine@gui@@UEBAHXZ,public: virtual int __cdecl gui::CheckListBoxLine::getInnerState(void) const,method,gui,CheckListBoxLine,getInnerState,void,True,False,True,False,False,False,True
989,988,0x3DC,?getInnerState@EditBox@gui@@UEBAHXZ,public: virtual int __cdecl gui::EditBox::getInnerState(void) const,method,gui,EditBox,getInnerState,void,True,False,True,False,False,False,True
990,989,0x3DD,?getInnerState@EditBoxView@gui@@UEBAHXZ,public: virtual int __cdecl gui::EditBoxView::getInnerState(void) const,method,gui,EditBoxView,getInnerState,void,True,False,True,False,False,False,True
991,990,0x3DE,?getInnerState@ListBoxLine@gui@@UEBAHXZ,public: virtual int __cdecl gui::ListBoxLine::getInnerState(void) const,method,gui,ListBoxLine,getInnerState,void,True,False,True,False,False,False,True
992,991,0x3DF,?getInnerState@MenuBarItem@gui@@UEBAHXZ,public: virtual int __cdecl gui::MenuBarItem::getInnerState(void) const,method,gui,MenuBarItem,getInnerState,void,True,False,True,False,False,False,True
993,992,0x3E0,?getInnerState@MenuCheckItem@gui@@UEBAHXZ,public: virtual int __cdecl gui::MenuCheckItem::getInnerState(void) const,method,gui,MenuCheckItem,getInnerState,void,True,False,True,False,False,False,True
994,993,0x3E1,?getInnerState@TabGroupItem@gui@@UEBAHXZ,public: virtual int __cdecl gui::TabGroupItem::getInnerState(void) const,method,gui,TabGroupItem,getInnerState,void,True,False,True,False,False,False,True
995,994,0x3E2,?getInnerState@ToggleButton@gui@@UEBAHXZ,public: virtual int __cdecl gui::ToggleButton::getInnerState(void) const,method,gui,ToggleButton,getInnerState,void,True,False,True,False,False,False,True
996,995,0x3E3,?getInnerState@Widget@gui@@UEBAHXZ,public: virtual int __cdecl gui::Widget::getInnerState(void) const,method,gui,Widget,getInnerState,void,True,False,True,False,False,False,True
997,996,0x3E4,?getInnerState@WindowBase@gui@@UEBAHXZ,public: virtual int __cdecl gui::WindowBase::getInnerState(void) const,method,gui,WindowBase,getInnerState,void,True,False,True,False,False,False,True
998,997,0x3E5,?getInnerState@WindowHeader@gui@@UEBAHXZ,public: virtual int __cdecl gui::WindowHeader::getInnerState(void) const,method,gui,WindowHeader,getInnerState,void,True,False,True,False,False,False,True
999,998,0x3E6,?getInsets@Bkg@gui@@QEBAAEBVInsets@2@XZ,public: class gui::Insets const & __cdecl gui::Bkg::getInsets(void) const,method,gui,Bkg,getInsets,void,True,False,False,False,False,False,True
1000,999,0x3E7,?getInsets@FocusRect@gui@@QEBAAEBVInsets@2@XZ,public: class gui::Insets const & __cdecl gui::FocusRect::getInsets(void) const,method,gui,FocusRect,getInsets,void,True,False,False,False,False,False,True
1001,1000,0x3E8,?getInsets@Image@gui@@QEBAAEBVInsets@2@XZ,public: class gui::Insets const & __cdecl gui::Image::getInsets(void) const,method,gui,Image,getInsets,void,True,False,False,False,False,False,True
1002,1001,0x3E9,?getInsets@Text@gui@@QEBAAEBVInsets@2@XZ,public: class gui::Insets const & __cdecl gui::Text::getInsets(void) const,method,gui,Text,getInsets,void,True,False,False,False,False,False,True
1003,1002,0x3EA,?getInteractiveState@ButtonBase@gui@@UEBA?AW4InteractiveState@skin@2@XZ,public: virtual enum gui::skin::InteractiveState __cdecl gui::ButtonBase::getInteractiveState(void) const,method,gui,ButtonBase,getInteractiveState,void,True,False,True,False,False,False,True
1004,1003,0x3EB,?getInteractiveState@ComboBox@gui@@UEBA?AW4InteractiveState@skin@2@XZ,public: virtual enum gui::skin::InteractiveState __cdecl gui::ComboBox::getInteractiveState(void) const,method,gui,ComboBox,getInteractiveState,void,True,False,True,False,False,False,True
1005,1004,0x3EC,?getInteractiveState@ComboBoxButton@gui@@UEBA?AW4InteractiveState@skin@2@XZ,public: virtual enum gui::skin::InteractiveState __cdecl gui::ComboBoxButton::getInteractiveState(void) const,method,gui,ComboBoxButton,getInteractiveState,void,True,False,True,False,False,False,True
1006,1005,0x3ED,?getInteractiveState@ComboBoxEditBox@gui@@UEBA?AW4InteractiveState@skin@2@XZ,public: virtual enum gui::skin::InteractiveState __cdecl gui::ComboBoxEditBox::getInteractiveState(void) const,method,gui,ComboBoxEditBox,getInteractiveState,void,True,False,True,False,False,False,True
1007,1006,0x3EE,?getInteractiveState@ComboList@gui@@UEBA?AW4InteractiveState@skin@2@XZ,public: virtual enum gui::skin::InteractiveState __cdecl gui::ComboList::getInteractiveState(void) const,method,gui,ComboList,getInteractiveState,void,True,False,True,False,False,False,True
1008,1007,0x3EF,?getInteractiveState@ComboListButton@gui@@UEBA?AW4InteractiveState@skin@2@XZ,public: virtual enum gui::skin::InteractiveState __cdecl gui::ComboListButton::getInteractiveState(void) const,method,gui,ComboListButton,getInteractiveState,void,True,False,True,False,False,False,True
1009,1008,0x3F0,?getInteractiveState@ComboListView@gui@@UEBA?AW4InteractiveState@skin@2@XZ,public: virtual enum gui::skin::InteractiveState __cdecl gui::ComboListView::getInteractiveState(void) const,method,gui,ComboListView,getInteractiveState,void,True,False,True,False,False,False,True
1010,1009,0x3F1,?getInteractiveState@Dial@gui@@UEBA?AW4InteractiveState@skin@2@XZ,public: virtual enum gui::skin::InteractiveState __cdecl gui::Dial::getInteractiveState(void) const,method,gui,Dial,getInteractiveState,void,True,False,True,False,False,False,True
1011,1010,0x3F2,?getInteractiveState@DialArrow@gui@@UEBA?AW4InteractiveState@skin@2@XZ,public: virtual enum gui::skin::InteractiveState __cdecl gui::DialArrow::getInteractiveState(void) const,method,gui,DialArrow,getInteractiveState,void,True,False,True,False,False,False,True
1012,1011,0x3F3,?getInteractiveState@EditBox@gui@@UEBA?AW4InteractiveState@skin@2@XZ,public: virtual enum gui::skin::InteractiveState __cdecl gui::EditBox::getInteractiveState(void) const,method,gui,EditBox,getInteractiveState,void,True,False,True,False,False,False,True
1013,1012,0x3F4,?getInteractiveState@EditBoxLine@gui@@UEBA?AW4InteractiveState@skin@2@XZ,public: virtual enum gui::skin::InteractiveState __cdecl gui::EditBoxLine::getInteractiveState(void) const,method,gui,EditBoxLine,getInteractiveState,void,True,False,True,False,False,False,True
1014,1013,0x3F5,?getInteractiveState@GridHeaderCell@gui@@UEBA?AW4InteractiveState@skin@2@XZ,public: virtual enum gui::skin::InteractiveState __cdecl gui::GridHeaderCell::getInteractiveState(void) const,method,gui,GridHeaderCell,getInteractiveState,void,True,False,True,False,False,False,True
1015,1014,0x3F6,?getInteractiveState@ListBoxLineBase@gui@@UEBA?AW4InteractiveState@skin@2@XZ,public: virtual enum gui::skin::InteractiveState __cdecl gui::ListBoxLineBase::getInteractiveState(void) const,method,gui,ListBoxLineBase,getInteractiveState,void,True,False,True,False,False,False,True
1016,1015,0x3F7,?getInteractiveState@MenuBarItem@gui@@UEBA?AW4InteractiveState@skin@2@XZ,public: virtual enum gui::skin::InteractiveState __cdecl gui::MenuBarItem::getInteractiveState(void) const,method,gui,MenuBarItem,getInteractiveState,void,True,False,True,False,False,False,True
1017,1016,0x3F8,?getInteractiveState@MenuItemBase@gui@@UEBA?AW4InteractiveState@skin@2@XZ,public: virtual enum gui::skin::InteractiveState __cdecl gui::MenuItemBase::getInteractiveState(void) const,method,gui,MenuItemBase,getInteractiveState,void,True,False,True,False,False,False,True
1018,1017,0x3F9,?getInteractiveState@PieMenuItem@gui@@UEBA?AW4InteractiveState@skin@2@XZ,public: virtual enum gui::skin::InteractiveState __cdecl gui::PieMenuItem::getInteractiveState(void) const,method,gui,PieMenuItem,getInteractiveState,void,True,False,True,False,False,False,True
1019,1018,0x3FA,?getInteractiveState@ScrollBarThumb@gui@@UEBA?AW4InteractiveState@skin@2@XZ,public: virtual enum gui::skin::InteractiveState __cdecl gui::ScrollBarThumb::getInteractiveState(void) const,method,gui,ScrollBarThumb,getInteractiveState,void,True,False,True,False,False,False,True
1020,1019,0x3FB,?getInteractiveState@Slider@gui@@UEBA?AW4InteractiveState@skin@2@XZ,public: virtual enum gui::skin::InteractiveState __cdecl gui::Slider::getInteractiveState(void) const,method,gui,Slider,getInteractiveState,void,True,False,True,False,False,False,True
1021,1020,0x3FC,?getInteractiveState@SliderFiller@gui@@UEBA?AW4InteractiveState@skin@2@XZ,public: virtual enum gui::skin::InteractiveState __cdecl gui::SliderFiller::getInteractiveState(void) const,method,gui,SliderFiller,getInteractiveState,void,True,False,True,False,False,False,True
1022,1021,0x3FD,?getInteractiveState@SliderThumb@gui@@UEBA?AW4InteractiveState@skin@2@XZ,public: virtual enum gui::skin::InteractiveState __cdecl gui::SliderThumb::getInteractiveState(void) const,method,gui,SliderThumb,getInteractiveState,void,True,False,True,False,False,False,True
1023,1022,0x3FE,?getInteractiveState@TabGroupItem@gui@@UEBA?AW4InteractiveState@skin@2@XZ,public: virtual enum gui::skin::InteractiveState __cdecl gui::TabGroupItem::getInteractiveState(void) const,method,gui,TabGroupItem,getInteractiveState,void,True,False,True,False,False,False,True
1024,1023,0x3FF,?getInteractiveState@Widget@gui@@UEBA?AW4InteractiveState@skin@2@XZ,public: virtual enum gui::skin::InteractiveState __cdecl gui::Widget::getInteractiveState(void) const,method,gui,Widget,getInteractiveState,void,True,False,True,False,False,False,True
1025,1024,0x400,?getInteractiveStateName_@Data@skin@gui@@KAPEBDW4InteractiveState@23@@Z,protected: static char const * __cdecl gui::skin::Data::getInteractiveStateName_(enum gui::skin::InteractiveState),method,gui::skin,Data,getInteractiveStateName_,enum gui::skin::InteractiveState,False,True,False,False,False,False,True
1026,1025,0x401,?getInteractiveState_@Widget@gui@@MEBA?AW4InteractiveState@skin@2@_N0@Z,"protected: virtual enum gui::skin::InteractiveState __cdecl gui::Widget::getInteractiveState_(bool, bool) const",method,gui,Widget,getInteractiveState_,"bool, bool",True,False,True,False,False,False,True
1027,1026,0x402,?getItem@CheckListBox@gui@@QEBAPEAVCheckListBoxLine@2@H@Z,public: class gui::CheckListBoxLine * __cdecl gui::CheckListBox::getItem(int) const,method,gui,CheckListBox,getItem,int,True,False,False,False,False,False,True
1028,1027,0x403,?getItem@ComboBox@gui@@QEBAPEAVListBoxLine@2@H@Z,public: class gui::ListBoxLine * __cdecl gui::ComboBox::getItem(int) const,method,gui,ComboBox,getItem,int,True,False,False,False,False,False,True
1029,1028,0x404,?getItem@ComboList@gui@@QEBAPEAVListBoxLine@2@H@Z,public: class gui::ListBoxLine * __cdecl gui::ComboList::getItem(int) const,method,gui,ComboList,getItem,int,True,False,False,False,False,False,True
1030,1029,0x405,?getItem@ListBox@gui@@QEBAPEAVListBoxLine@2@H@Z,public: class gui::ListBoxLine * __cdecl gui::ListBox::getItem(int) const,method,gui,ListBox,getItem,int,True,False,False,False,False,False,True
1031,1030,0x406,?getItem@MenuBar@gui@@QEBAPEAVMenuBarItem@2@H@Z,public: class gui::MenuBarItem * __cdecl gui::MenuBar::getItem(int) const,method,gui,MenuBar,getItem,int,True,False,False,False,False,False,True
1032,1031,0x407,?getItemAtScreenPoint_@PieMenu@gui@@IEBAPEAVPieMenuItem@2@AEBVVec2i@osg@@@Z,protected: class gui::PieMenuItem * __cdecl gui::PieMenu::getItemAtScreenPoint_(class osg::Vec2i const &) const,method,gui,PieMenu,getItemAtScreenPoint_,class osg::Vec2i const &,True,False,False,False,False,False,True
1033,1032,0x408,?getItemCount@ComboBox@gui@@QEBAHXZ,public: int __cdecl gui::ComboBox::getItemCount(void) const,method,gui,ComboBox,getItemCount,void,True,False,False,False,False,False,True
1034,1033,0x409,?getItemCount@ComboList@gui@@QEBAHXZ,public: int __cdecl gui::ComboList::getItemCount(void) const,method,gui,ComboList,getItemCount,void,True,False,False,False,False,False,True
1035,1034,0x40A,?getItemCount@ListBoxBase@gui@@QEBAHXZ,public: int __cdecl gui::ListBoxBase::getItemCount(void) const,method,gui,ListBoxBase,getItemCount,void,True,False,False,False,False,False,True
1036,1035,0x40B,?getItemCount@MenuBar@gui@@QEBAHXZ,public: int __cdecl gui::MenuBar::getItemCount(void) const,method,gui,MenuBar,getItemCount,void,True,False,False,False,False,False,True
1037,1036,0x40C,?getItemCountInView_@ListBoxBase@gui@@MEBAHXZ,protected: virtual int __cdecl gui::ListBoxBase::getItemCountInView_(void) const,method,gui,ListBoxBase,getItemCountInView_,void,True,False,True,False,False,False,True
1038,1037,0x40D,?getItemIndex@CheckListBox@gui@@QEBAHPEBVCheckListBoxLine@2@@Z,public: int __cdecl gui::CheckListBox::getItemIndex(class gui::CheckListBoxLine const *) const,method,gui,CheckListBox,getItemIndex,class gui::CheckListBoxLine const *,True,False,False,False,False,False,True
1039,1038,0x40E,?getItemIndex@ComboBox@gui@@QEBAHPEAVListBoxLine@2@@Z,public: int __cdecl gui::ComboBox::getItemIndex(class gui::ListBoxLine *) const,method,gui,ComboBox,getItemIndex,class gui::ListBoxLine *,True,False,False,False,False,False,True
1040,1039,0x40F,?getItemIndex@ComboList@gui@@QEBAHPEAVListBoxLine@2@@Z,public: int __cdecl gui::ComboList::getItemIndex(class gui::ListBoxLine *) const,method,gui,ComboList,getItemIndex,class gui::ListBoxLine *,True,False,False,False,False,False,True
1041,1040,0x410,?getItemIndex@ListBox@gui@@QEBAHPEAVListBoxLine@2@@Z,public: int __cdecl gui::ListBox::getItemIndex(class gui::ListBoxLine *) const,method,gui,ListBox,getItemIndex,class gui::ListBoxLine *,True,False,False,False,False,False,True
1042,1041,0x411,?getItemIndex@MenuBar@gui@@QEBAHPEAVMenuBarItem@2@@Z,public: int __cdecl gui::MenuBar::getItemIndex(class gui::MenuBarItem *) const,method,gui,MenuBar,getItemIndex,class gui::MenuBarItem *,True,False,False,False,False,False,True
1043,1042,0x412,?getItemIndex_@ListBoxBase@gui@@IEBAHPEBVListBoxLineBase@2@@Z,protected: int __cdecl gui::ListBoxBase::getItemIndex_(class gui::ListBoxLineBase const *) const,method,gui,ListBoxBase,getItemIndex_,class gui::ListBoxLineBase const *,True,False,False,False,False,False,True
1044,1043,0x413,?getItemSkinData@CheckListBoxSkin@skin@gui@@UEBAPEAVData@23@XZ,public: virtual class gui::skin::Data * __cdecl gui::skin::CheckListBoxSkin::getItemSkinData(void) const,method,gui::skin,CheckListBoxSkin,getItemSkinData,void,True,False,True,False,False,False,True
1045,1044,0x414,?getItemSkinData@ListBoxSkin@skin@gui@@UEBAPEAVData@23@XZ,public: virtual class gui::skin::Data * __cdecl gui::skin::ListBoxSkin::getItemSkinData(void) const,method,gui::skin,ListBoxSkin,getItemSkinData,void,True,False,True,False,False,False,True
1046,1045,0x415,?getItemSkinData@MenuSkin@skin@gui@@QEBAPEAVData@23@XZ,public: class gui::skin::Data * __cdecl gui::skin::MenuSkin::getItemSkinData(void) const,method,gui::skin,MenuSkin,getItemSkinData,void,True,False,False,False,False,False,True
1047,1046,0x416,?getItemSkinData@PieMenuSkin@skin@gui@@QEBAPEAVData@23@XZ,public: class gui::skin::Data * __cdecl gui::skin::PieMenuSkin::getItemSkinData(void) const,method,gui::skin,PieMenuSkin,getItemSkinData,void,True,False,False,False,False,False,True
1048,1047,0x417,?getItemVisible_@ListBoxBase@gui@@MEBA_NH@Z,protected: virtual bool __cdecl gui::ListBoxBase::getItemVisible_(int) const,method,gui,ListBoxBase,getItemVisible_,int,True,False,True,False,False,False,True
1049,1048,0x418,?getItem_@ListBoxBase@gui@@IEBAPEAVListBoxLineBase@2@H@Z,protected: class gui::ListBoxLineBase * __cdecl gui::ListBoxBase::getItem_(int) const,method,gui,ListBoxBase,getItem_,int,True,False,False,False,False,False,True
1050,1049,0x419,?getKeyboardButtonByName@gui@@YA?AW4KeyboardButton@1@AEBV?$basic_string@D@ed@@@Z,enum gui::KeyboardButton __cdecl gui::getKeyboardButtonByName(class ed::basic_string<char> const &),method,,gui,getKeyboardButtonByName,class ed::basic_string<char> const &,False,False,False,False,False,False,True
1051,1050,0x41A,?getKeyboardButtonName@gui@@YAPEBDW4KeyboardButton@1@@Z,char const * __cdecl gui::getKeyboardButtonName(enum gui::KeyboardButton),method,,gui,getKeyboardButtonName,enum gui::KeyboardButton,False,False,False,False,False,False,True
1052,1051,0x41B,?getKeyboardCallbackType@gui@@YA?AW4KeyboardCallbackType@1@AEBV?$basic_string@D@ed@@@Z,enum gui::KeyboardCallbackType __cdecl gui::getKeyboardCallbackType(class ed::basic_string<char> const &),method,,gui,getKeyboardCallbackType,class ed::basic_string<char> const &,False,False,False,False,False,False,True
1053,1052,0x41C,?getLayout@Container@gui@@UEBAPEAVLayoutHandler@2@XZ,public: virtual class gui::LayoutHandler * __cdecl gui::Container::getLayout(void) const,method,gui,Container,getLayout,void,True,False,True,False,False,False,True
1054,1053,0x41D,?getLayout@ScrollPane@gui@@UEBAPEAVLayoutHandler@2@XZ,public: virtual class gui::LayoutHandler * __cdecl gui::ScrollPane::getLayout(void) const,method,gui,ScrollPane,getLayout,void,True,False,True,False,False,False,True
1055,1054,0x41E,?getLayout@WindowBase@gui@@UEBAPEAVLayoutHandler@2@XZ,public: virtual class gui::LayoutHandler * __cdecl gui::WindowBase::getLayout(void) const,method,gui,WindowBase,getLayout,void,True,False,True,False,False,False,True
1056,1055,0x41F,?getLineCount@EditBox@gui@@UEBAHXZ,public: virtual int __cdecl gui::EditBox::getLineCount(void) const,method,gui,EditBox,getLineCount,void,True,False,True,False,False,False,True
1057,1056,0x420,?getLineCount@Text@gui@@QEBAHXZ,public: int __cdecl gui::Text::getLineCount(void) const,method,gui,Text,getLineCount,void,True,False,False,False,False,False,True
1058,1057,0x421,?getLineCount_@EditBox@gui@@MEBAHXZ,protected: virtual int __cdecl gui::EditBox::getLineCount_(void) const,method,gui,EditBox,getLineCount_,void,True,False,True,False,False,False,True
1059,1058,0x422,?getLineHeight@EditBox@gui@@QEBAHM@Z,public: int __cdecl gui::EditBox::getLineHeight(float) const,method,gui,EditBox,getLineHeight,float,True,False,False,False,False,False,True
1060,1059,0x423,?getLineHeight@Text@gui@@QEBAHXZ,public: int __cdecl gui::Text::getLineHeight(void) const,method,gui,Text,getLineHeight,void,True,False,False,False,False,False,True
1061,1060,0x424,?getLineIndexValid_@EditBox@gui@@IEBA_NH@Z,protected: bool __cdecl gui::EditBox::getLineIndexValid_(int) const,method,gui,EditBox,getLineIndexValid_,int,True,False,False,False,False,False,True
1062,1061,0x425,?getLineIndex_@EditBox@gui@@IEBAHH@Z,protected: int __cdecl gui::EditBox::getLineIndex_(int) const,method,gui,EditBox,getLineIndex_,int,True,False,False,False,False,False,True
1063,1062,0x426,?getLineTextLength@EditBox@gui@@UEBAHH@Z,public: virtual int __cdecl gui::EditBox::getLineTextLength(int) const,method,gui,EditBox,getLineTextLength,int,True,False,True,False,False,False,True
1064,1063,0x427,?getLineThroughColor@Text@gui@@QEBAAEBVVec4f@osg@@XZ,public: class osg::Vec4f const & __cdecl gui::Text::getLineThroughColor(void) const,method,gui,Text,getLineThroughColor,void,True,False,False,False,False,False,True
1065,1064,0x428,?getLineThroughHeight@Text@gui@@QEBAHXZ,public: int __cdecl gui::Text::getLineThroughHeight(void) const,method,gui,Text,getLineThroughHeight,void,True,False,False,False,False,False,True
1066,1065,0x429,?getLineThroughOffset@Text@gui@@QEBAHXZ,public: int __cdecl gui::Text::getLineThroughOffset(void) const,method,gui,Text,getLineThroughOffset,void,True,False,False,False,False,False,True
1067,1066,0x42A,?getLine_@EditBox@gui@@IEBAPEBVEditBoxItem@2@H@Z,protected: class gui::EditBoxItem const * __cdecl gui::EditBox::getLine_(int) const,method,gui,EditBox,getLine_,int,True,False,False,False,False,False,True
1068,1067,0x42B,?getListBox@ComboWindow@gui@@QEBAPEAVListBox@2@XZ,public: class gui::ListBox * __cdecl gui::ComboWindow::getListBox(void) const,method,gui,ComboWindow,getListBox,void,True,False,False,False,False,False,True
1069,1068,0x42C,?getListBox@ListBoxLineBase@gui@@QEBAPEAVListBoxBase@2@XZ,public: class gui::ListBoxBase * __cdecl gui::ListBoxLineBase::getListBox(void) const,method,gui,ListBoxLineBase,getListBox,void,True,False,False,False,False,False,True
1070,1069,0x42D,?getListBoxSkin@ComboBoxSkin@skin@gui@@QEBAPEAVListBoxSkin@23@XZ,public: class gui::skin::ListBoxSkin * __cdecl gui::skin::ComboBoxSkin::getListBoxSkin(void) const,method,gui::skin,ComboBoxSkin,getListBoxSkin,void,True,False,False,False,False,False,True
1071,1070,0x42E,?getListBoxSkin@ComboListSkin@skin@gui@@QEBAPEAVListBoxSkin@23@XZ,public: class gui::skin::ListBoxSkin * __cdecl gui::skin::ComboListSkin::getListBoxSkin(void) const,method,gui::skin,ComboListSkin,getListBoxSkin,void,True,False,False,False,False,False,True
1072,1071,0x42F,?getLoaded@Data@skin@gui@@UEBA_NXZ,public: virtual bool __cdecl gui::skin::Data::getLoaded(void) const,method,gui::skin,Data,getLoaded,void,True,False,True,False,False,False,True
1073,1072,0x430,?getLockFlow@ModalWindow@gui@@QEBA_NXZ,public: bool __cdecl gui::ModalWindow::getLockFlow(void) const,method,gui,ModalWindow,getLockFlow,void,True,False,False,False,False,False,True
1074,1073,0x431,?getMakeScreenShotCallback@GUI@gui@@QEBAP6AXPEBD@ZXZ,public: void (__cdecl * __cdecl gui::GUI::getMakeScreenShotCallback(void) const)(char const *),method,gui,GUI,getMakeScreenShotCallback,void) const)(char const *,False,False,False,False,False,False,True
1075,1074,0x432,?getMaxItemCount@ComboWindow@gui@@QEBAHXZ,public: int __cdecl gui::ComboWindow::getMaxItemCount(void) const,method,gui,ComboWindow,getMaxItemCount,void,True,False,False,False,False,False,True
1076,1075,0x433,?getMaxItemRadius@PieMenu@gui@@QEBAHXZ,public: int __cdecl gui::PieMenu::getMaxItemRadius(void) const,method,gui,PieMenu,getMaxItemRadius,void,True,False,False,False,False,False,True
1077,1076,0x434,?getMaxItemWidth_@ListBoxBase@gui@@MEBAHXZ,protected: virtual int __cdecl gui::ListBoxBase::getMaxItemWidth_(void) const,method,gui,ListBoxBase,getMaxItemWidth_,void,True,False,True,False,False,False,True
1078,1077,0x435,?getMaxLineWidth_@EditBox@gui@@IEBAHXZ,protected: int __cdecl gui::EditBox::getMaxLineWidth_(void) const,method,gui,EditBox,getMaxLineWidth_,void,True,False,False,False,False,False,True
1079,1078,0x436,?getMaxSize@BorderLayout@gui@@UEBA?AVVec2i@osg@@XZ,public: virtual class osg::Vec2i __cdecl gui::BorderLayout::getMaxSize(void) const,method,gui,BorderLayout,getMaxSize,void,True,False,True,False,False,False,True
1080,1079,0x437,?getMaxSize@Container@gui@@UEBA?AVVec2i@osg@@XZ,public: virtual class osg::Vec2i __cdecl gui::Container::getMaxSize(void) const,method,gui,Container,getMaxSize,void,True,False,True,False,False,False,True
1081,1080,0x438,?getMaxSize@FormLayout@gui@@UEBA?AVVec2i@osg@@XZ,public: virtual class osg::Vec2i __cdecl gui::FormLayout::getMaxSize(void) const,method,gui,FormLayout,getMaxSize,void,True,False,True,False,False,False,True
1082,1081,0x439,?getMaxSize@HorzLayout@gui@@UEBA?AVVec2i@osg@@XZ,public: virtual class osg::Vec2i __cdecl gui::HorzLayout::getMaxSize(void) const,method,gui,HorzLayout,getMaxSize,void,True,False,True,False,False,False,True
1083,1082,0x43A,?getMaxSize@Layout@gui@@UEBA?AVVec2i@osg@@XZ,public: virtual class osg::Vec2i __cdecl gui::Layout::getMaxSize(void) const,method,gui,Layout,getMaxSize,void,True,False,True,False,False,False,True
1084,1083,0x43B,?getMaxSize@VertLayout@gui@@UEBA?AVVec2i@osg@@XZ,public: virtual class osg::Vec2i __cdecl gui::VertLayout::getMaxSize(void) const,method,gui,VertLayout,getMaxSize,void,True,False,True,False,False,False,True
1085,1084,0x43C,?getMaxSize@Widget@gui@@UEBA?AVVec2i@osg@@XZ,public: virtual class osg::Vec2i __cdecl gui::Widget::getMaxSize(void) const,method,gui,Widget,getMaxSize,void,True,False,True,False,False,False,True
1086,1085,0x43D,?getMenu@MenuBarItem@gui@@QEBAPEAVMenu@2@XZ,public: class gui::Menu * __cdecl gui::MenuBarItem::getMenu(void) const,method,gui,MenuBarItem,getMenu,void,True,False,False,False,False,False,True
1087,1086,0x43E,?getMenu@MenuItemBase@gui@@QEBAPEAVMenu@2@XZ,public: class gui::Menu * __cdecl gui::MenuItemBase::getMenu(void) const,method,gui,MenuItemBase,getMenu,void,True,False,False,False,False,False,True
1088,1087,0x43F,?getMenu@PieMenuItem@gui@@QEBAPEAVPieMenu@2@XZ,public: class gui::PieMenu * __cdecl gui::PieMenuItem::getMenu(void) const,method,gui,PieMenuItem,getMenu,void,True,False,False,False,False,False,True
1089,1088,0x440,?getMenuSkinData_@MenuCheckItem@gui@@MEBAPEAVData@skin@2@XZ,protected: virtual class gui::skin::Data * __cdecl gui::MenuCheckItem::getMenuSkinData_(void) const,method,gui,MenuCheckItem,getMenuSkinData_,void,True,False,True,False,False,False,True
1090,1089,0x441,?getMenuSkinData_@MenuItem@gui@@MEBAPEAVData@skin@2@XZ,protected: virtual class gui::skin::Data * __cdecl gui::MenuItem::getMenuSkinData_(void) const,method,gui,MenuItem,getMenuSkinData_,void,True,False,True,False,False,False,True
1091,1090,0x442,?getMenuSkinData_@MenuRadioItem@gui@@MEBAPEAVData@skin@2@XZ,protected: virtual class gui::skin::Data * __cdecl gui::MenuRadioItem::getMenuSkinData_(void) const,method,gui,MenuRadioItem,getMenuSkinData_,void,True,False,True,False,False,False,True
1092,1091,0x443,?getMenuSkinData_@MenuSeparatorItem@gui@@MEBAPEAVData@skin@2@XZ,protected: virtual class gui::skin::Data * __cdecl gui::MenuSeparatorItem::getMenuSkinData_(void) const,method,gui,MenuSeparatorItem,getMenuSkinData_,void,True,False,True,False,False,False,True
1093,1092,0x444,?getMenuSkinData_@MenuSubItem@gui@@MEBAPEAVData@skin@2@XZ,protected: virtual class gui::skin::Data * __cdecl gui::MenuSubItem::getMenuSkinData_(void) const,method,gui,MenuSubItem,getMenuSkinData_,void,True,False,True,False,False,False,True
1094,1093,0x445,?getMenuSkinData_@PieMenuItem@gui@@MEBAPEAVData@skin@2@XZ,protected: virtual class gui::skin::Data * __cdecl gui::PieMenuItem::getMenuSkinData_(void) const,method,gui,PieMenuItem,getMenuSkinData_,void,True,False,True,False,False,False,True
1095,1094,0x446,?getMenuSkinData_@PieMenuSubItem@gui@@MEBAPEAVData@skin@2@XZ,protected: virtual class gui::skin::Data * __cdecl gui::PieMenuSubItem::getMenuSkinData_(void) const,method,gui,PieMenuSubItem,getMenuSkinData_,void,True,False,True,False,False,False,True
1096,1095,0x447,?getMinItemRadius@PieMenu@gui@@QEBAHXZ,public: int __cdecl gui::PieMenu::getMinItemRadius(void) const,method,gui,PieMenu,getMinItemRadius,void,True,False,False,False,False,False,True
1097,1096,0x448,?getMinSize@BorderLayout@gui@@UEBA?AVVec2i@osg@@XZ,public: virtual class osg::Vec2i __cdecl gui::BorderLayout::getMinSize(void) const,method,gui,BorderLayout,getMinSize,void,True,False,True,False,False,False,True
1098,1097,0x449,?getMinSize@Container@gui@@UEBA?AVVec2i@osg@@XZ,public: virtual class osg::Vec2i __cdecl gui::Container::getMinSize(void) const,method,gui,Container,getMinSize,void,True,False,True,False,False,False,True
1099,1098,0x44A,?getMinSize@FormLayout@gui@@UEBA?AVVec2i@osg@@XZ,public: virtual class osg::Vec2i __cdecl gui::FormLayout::getMinSize(void) const,method,gui,FormLayout,getMinSize,void,True,False,True,False,False,False,True
1100,1099,0x44B,?getMinSize@HorzLayout@gui@@UEBA?AVVec2i@osg@@XZ,public: virtual class osg::Vec2i __cdecl gui::HorzLayout::getMinSize(void) const,method,gui,HorzLayout,getMinSize,void,True,False,True,False,False,False,True
1101,1100,0x44C,?getMinSize@Layout@gui@@UEBA?AVVec2i@osg@@XZ,public: virtual class osg::Vec2i __cdecl gui::Layout::getMinSize(void) const,method,gui,Layout,getMinSize,void,True,False,True,False,False,False,True
1102,1101,0x44D,?getMinSize@VertLayout@gui@@UEBA?AVVec2i@osg@@XZ,public: virtual class osg::Vec2i __cdecl gui::VertLayout::getMinSize(void) const,method,gui,VertLayout,getMinSize,void,True,False,True,False,False,False,True
1103,1102,0x44E,?getMinSize@Widget@gui@@UEBA?AVVec2i@osg@@XZ,public: virtual class osg::Vec2i __cdecl gui::Widget::getMinSize(void) const,method,gui,Widget,getMinSize,void,True,False,True,False,False,False,True
1104,1103,0x44F,?getModelTime@UpdateManager@gui@@QEBANXZ,public: double __cdecl gui::UpdateManager::getModelTime(void) const,method,gui,UpdateManager,getModelTime,void,True,False,False,False,False,False,True
1105,1104,0x450,?getMouseButtonDown_@Menu@gui@@IEBA_NXZ,protected: bool __cdecl gui::Menu::getMouseButtonDown_(void) const,method,gui,Menu,getMouseButtonDown_,void,True,False,False,False,False,False,True
1106,1105,0x451,?getMouseButtonDown_@MenuItemBase@gui@@MEBA_NXZ,protected: virtual bool __cdecl gui::MenuItemBase::getMouseButtonDown_(void) const,method,gui,MenuItemBase,getMouseButtonDown_,void,True,False,True,False,False,False,True
1107,1106,0x452,?getMouseButtonDown_@PieMenu@gui@@MEBA_NXZ,protected: virtual bool __cdecl gui::PieMenu::getMouseButtonDown_(void) const,method,gui,PieMenu,getMouseButtonDown_,void,True,False,True,False,False,False,True
1108,1107,0x453,?getMouseButtonDown_@PieMenuItem@gui@@MEBA_NXZ,protected: virtual bool __cdecl gui::PieMenuItem::getMouseButtonDown_(void) const,method,gui,PieMenuItem,getMouseButtonDown_,void,True,False,True,False,False,False,True
1109,1108,0x454,?getMouseCallbackType@gui@@YA?AW4MouseCallbackType@1@AEBV?$basic_string@D@ed@@@Z,enum gui::MouseCallbackType __cdecl gui::getMouseCallbackType(class ed::basic_string<char> const &),method,,gui,getMouseCallbackType,class ed::basic_string<char> const &,False,False,False,False,False,False,True
1110,1109,0x455,?getMouseColumnResizing@Grid@gui@@QEBA_NXZ,public: bool __cdecl gui::Grid::getMouseColumnResizing(void) const,method,gui,Grid,getMouseColumnResizing,void,True,False,False,False,False,False,True
1111,1110,0x456,?getMouseCursor@WindowBase@gui@@UEBAHXZ,public: virtual int __cdecl gui::WindowBase::getMouseCursor(void) const,method,gui,WindowBase,getMouseCursor,void,True,False,True,False,False,False,True
1112,1111,0x457,?getMouseCursorColumnRow@Grid@gui@@QEBAXAEBVVec2i@osg@@AEAH1@Z,"public: void __cdecl gui::Grid::getMouseCursorColumnRow(class osg::Vec2i const &, int &, int &) const",method,gui,Grid,getMouseCursorColumnRow,"class osg::Vec2i const &, int &, int &",True,False,False,False,False,False,True
1113,1112,0x458,?getMouseInsideItem@Menu@gui@@QEBAPEAVWidgetHandler@2@XZ,public: class gui::WidgetHandler * __cdecl gui::Menu::getMouseInsideItem(void) const,method,gui,Menu,getMouseInsideItem,void,True,False,False,False,False,False,True
1114,1113,0x459,?getMouseInsideItem@PieMenu@gui@@QEBAPEAVWidgetHandler@2@XZ,public: class gui::WidgetHandler * __cdecl gui::PieMenu::getMouseInsideItem(void) const,method,gui,PieMenu,getMouseInsideItem,void,True,False,False,False,False,False,True
1115,1114,0x45A,?getMouseOffset@GUI@gui@@QEAAAEBVVec2i@osg@@XZ,public: class osg::Vec2i const & __cdecl gui::GUI::getMouseOffset(void),method,gui,GUI,getMouseOffset,void,False,False,False,False,False,False,True
1116,1115,0x45B,?getMousePosition@GUI@gui@@QEBA?AVVec2i@osg@@H@Z,public: class osg::Vec2i __cdecl gui::GUI::getMousePosition(int) const,method,gui,GUI,getMousePosition,int,True,False,False,False,False,False,True
1117,1116,0x45C,?getMouseScale@GUI@gui@@QEAAAEBVVec2f@osg@@XZ,public: class osg::Vec2f const & __cdecl gui::GUI::getMouseScale(void),method,gui,GUI,getMouseScale,void,False,False,False,False,False,False,True
1118,1117,0x45D,?getMultiline@EditBox@gui@@QEBA_NXZ,public: bool __cdecl gui::EditBox::getMultiline(void) const,method,gui,EditBox,getMultiline,void,True,False,False,False,False,False,True
1119,1118,0x45E,?getName@Widget@gui@@UEBAAEBV?$basic_string@_W@ed@@XZ,public: virtual class ed::basic_string<wchar_t> const & __cdecl gui::Widget::getName(void) const,method,gui,Widget,getName,void,True,False,True,False,False,False,True
1120,1119,0x45F,?getNormalizedSelection@EditBoxItem@gui@@QEBAXAEAH0@Z,"public: void __cdecl gui::EditBoxItem::getNormalizedSelection(int &, int &) const",method,gui,EditBoxItem,getNormalizedSelection,"int &, int &",True,False,False,False,False,False,True
1121,1120,0x460,?getNormalizedSelection@EditBoxSelection@gui@@QEBA?AU12@XZ,public: struct gui::EditBoxSelection __cdecl gui::EditBoxSelection::getNormalizedSelection(void) const,method,gui,EditBoxSelection,getNormalizedSelection,void,True,False,False,False,False,False,True
1122,1121,0x461,?getNormalizedSelectionBegin@EditBoxSelection@gui@@QEBA?AU12@XZ,public: struct gui::EditBoxSelection __cdecl gui::EditBoxSelection::getNormalizedSelectionBegin(void) const,method,gui,EditBoxSelection,getNormalizedSelectionBegin,void,True,False,False,False,False,False,True
1123,1122,0x462,?getNormalizedSelectionEnd@EditBoxSelection@gui@@QEBA?AU12@XZ,public: struct gui::EditBoxSelection __cdecl gui::EditBoxSelection::getNormalizedSelectionEnd(void) const,method,gui,EditBoxSelection,getNormalizedSelectionEnd,void,True,False,False,False,False,False,True
1124,1123,0x463,?getNumeric@EditBox@gui@@QEBA_NXZ,public: bool __cdecl gui::EditBox::getNumeric(void) const,method,gui,EditBox,getNumeric,void,True,False,False,False,False,False,True
1125,1124,0x464,?getOffScreenPosition@GUI@gui@@QEBAAEBVVec2i@osg@@XZ,public: class osg::Vec2i const & __cdecl gui::GUI::getOffScreenPosition(void) const,method,gui,GUI,getOffScreenPosition,void,True,False,False,False,False,False,True
1126,1125,0x465,?getOffscreenScaleFactor@GUI@gui@@QEBAAEBVVec2f@osg@@XZ,public: class osg::Vec2f const & __cdecl gui::GUI::getOffscreenScaleFactor(void) const,method,gui,GUI,getOffscreenScaleFactor,void,True,False,False,False,False,False,True
1127,1126,0x466,?getOffset@Align@gui@@QEBAHXZ,public: int __cdecl gui::Align::getOffset(void) const,method,gui,Align,getOffset,void,True,False,False,False,False,False,True
1128,1127,0x467,?getOpacity@Widget@gui@@UEBAMXZ,public: virtual float __cdecl gui::Widget::getOpacity(void) const,method,gui,Widget,getOpacity,void,True,False,True,False,False,False,True
1129,1128,0x468,?getOverlayWidget@WindowBase@gui@@UEBAPEAVWidget@2@H@Z,public: virtual class gui::Widget * __cdecl gui::WindowBase::getOverlayWidget(int) const,method,gui,WindowBase,getOverlayWidget,int,True,False,True,False,False,False,True
1130,1129,0x469,?getOverlayWidgetCount@WindowBase@gui@@UEBAHXZ,public: virtual int __cdecl gui::WindowBase::getOverlayWidgetCount(void) const,method,gui,WindowBase,getOverlayWidgetCount,void,True,False,True,False,False,False,True
1131,1130,0x46A,?getOwner@Data@skin@gui@@UEBAPEAVSkin@23@XZ,public: virtual class gui::skin::Skin * __cdecl gui::skin::Data::getOwner(void) const,method,gui::skin,Data,getOwner,void,True,False,True,False,False,False,True
1132,1131,0x46B,?getOwner@EditBoxLine@gui@@QEBAAEBVEditBox@2@XZ,public: class gui::EditBox const & __cdecl gui::EditBoxLine::getOwner(void) const,method,gui,EditBoxLine,getOwner,void,True,False,False,False,False,False,True
1133,1132,0x46C,?getPageStep@Dial@gui@@UEBANXZ,public: virtual double __cdecl gui::Dial::getPageStep(void) const,method,gui,Dial,getPageStep,void,True,False,True,False,False,False,True
1134,1133,0x46D,?getPageStep@ScrollBarBase@gui@@UEBANXZ,public: virtual double __cdecl gui::ScrollBarBase::getPageStep(void) const,method,gui,ScrollBarBase,getPageStep,void,True,False,True,False,False,False,True
1135,1134,0x46E,?getPageStep@Slider@gui@@UEBANXZ,public: virtual double __cdecl gui::Slider::getPageStep(void) const,method,gui,Slider,getPageStep,void,True,False,True,False,False,False,True
1136,1135,0x46F,?getPageStep@SpinBox@gui@@UEBANXZ,public: virtual double __cdecl gui::SpinBox::getPageStep(void) const,method,gui,SpinBox,getPageStep,void,True,False,True,False,False,False,True
1137,1136,0x470,?getParagraphIndex_@EditBox@gui@@IEBAHHPEAH@Z,"protected: int __cdecl gui::EditBox::getParagraphIndex_(int, int *) const",method,gui,EditBox,getParagraphIndex_,"int, int *",True,False,False,False,False,False,True
1138,1137,0x471,?getParent@Widget@gui@@UEBAPEAVWidgetHandler@2@XZ,public: virtual class gui::WidgetHandler * __cdecl gui::Widget::getParent(void) const,method,gui,Widget,getParent,void,True,False,True,False,False,False,True
1139,1138,0x472,?getParentMenu@PieMenu@gui@@QEBAPEAVWidgetHandler@2@XZ,public: class gui::WidgetHandler * __cdecl gui::PieMenu::getParentMenu(void) const,method,gui,PieMenu,getParentMenu,void,True,False,False,False,False,False,True
1140,1139,0x473,?getParseCommands@GraphicCommands@gui@@QEBAAEBV?$vector@PEAVGraphicCommandParse@gui@@V?$allocator@PEAVGraphicCommandParse@gui@@@ed@@@ed@@XZ,"public: class ed::vector<class gui::GraphicCommandParse *, class ed::allocator<class gui::GraphicCommandParse *>> const & __cdecl gui::GraphicCommands::getParseCommands(void) const",method,gui,GraphicCommands,getParseCommands,void,True,False,False,False,False,False,True
1141,1140,0x474,?getPassword@EditBox@gui@@QEBA_NXZ,public: bool __cdecl gui::EditBox::getPassword(void) const,method,gui,EditBox,getPassword,void,True,False,False,False,False,False,True
1142,1141,0x475,?getPivotPoint@Static@gui@@UEBA?AVVec2i@osg@@XZ,public: virtual class osg::Vec2i __cdecl gui::Static::getPivotPoint(void) const,method,gui,Static,getPivotPoint,void,True,False,True,False,False,False,True
1143,1142,0x476,?getPivotPoint@TextureView@gui@@UEBA?AVVec2i@osg@@XZ,public: virtual class osg::Vec2i __cdecl gui::TextureView::getPivotPoint(void) const,method,gui,TextureView,getPivotPoint,void,True,False,True,False,False,False,True
1144,1143,0x477,?getPointInsideWidgets_@ScrollBar@gui@@MEBA_NAEBVVec2i@osg@@@Z,protected: virtual bool __cdecl gui::ScrollBar::getPointInsideWidgets_(class osg::Vec2i const &) const,method,gui,ScrollBar,getPointInsideWidgets_,class osg::Vec2i const &,True,False,True,False,False,False,True
1145,1144,0x478,?getPosition@Bkg@gui@@QEBAAEBVVec2i@osg@@XZ,public: class osg::Vec2i const & __cdecl gui::Bkg::getPosition(void) const,method,gui,Bkg,getPosition,void,True,False,False,False,False,False,True
1146,1145,0x479,?getPosition@Image@gui@@QEBA?AVVec2i@osg@@XZ,public: class osg::Vec2i __cdecl gui::Image::getPosition(void) const,method,gui,Image,getPosition,void,True,False,False,False,False,False,True
1147,1146,0x47A,?getPosition@Widget@gui@@UEBA?AVVec2i@osg@@XZ,public: virtual class osg::Vec2i __cdecl gui::Widget::getPosition(void) const,method,gui,Widget,getPosition,void,True,False,True,False,False,False,True
1148,1147,0x47B,?getPrefSize@BorderLayout@gui@@UEBA?AVVec2i@osg@@XZ,public: virtual class osg::Vec2i __cdecl gui::BorderLayout::getPrefSize(void) const,method,gui,BorderLayout,getPrefSize,void,True,False,True,False,False,False,True
1149,1148,0x47C,?getPrefSize@Container@gui@@UEBA?AVVec2i@osg@@XZ,public: virtual class osg::Vec2i __cdecl gui::Container::getPrefSize(void) const,method,gui,Container,getPrefSize,void,True,False,True,False,False,False,True
1150,1149,0x47D,?getPrefSize@FormLayout@gui@@UEBA?AVVec2i@osg@@XZ,public: virtual class osg::Vec2i __cdecl gui::FormLayout::getPrefSize(void) const,method,gui,FormLayout,getPrefSize,void,True,False,True,False,False,False,True
1151,1150,0x47E,?getPrefSize@HorzLayout@gui@@UEBA?AVVec2i@osg@@XZ,public: virtual class osg::Vec2i __cdecl gui::HorzLayout::getPrefSize(void) const,method,gui,HorzLayout,getPrefSize,void,True,False,True,False,False,False,True
1152,1151,0x47F,?getPrefSize@Layout@gui@@UEBA?AVVec2i@osg@@XZ,public: virtual class osg::Vec2i __cdecl gui::Layout::getPrefSize(void) const,method,gui,Layout,getPrefSize,void,True,False,True,False,False,False,True
1153,1152,0x480,?getPrefSize@VertLayout@gui@@UEBA?AVVec2i@osg@@XZ,public: virtual class osg::Vec2i __cdecl gui::VertLayout::getPrefSize(void) const,method,gui,VertLayout,getPrefSize,void,True,False,True,False,False,False,True
1154,1153,0x481,?getPrefSize@Widget@gui@@UEBA?AVVec2i@osg@@XZ,public: virtual class osg::Vec2i __cdecl gui::Widget::getPrefSize(void) const,method,gui,Widget,getPrefSize,void,True,False,True,False,False,False,True
1155,1154,0x482,?getProcessedChar_@EditBox@gui@@IEBAHH@Z,protected: int __cdecl gui::EditBox::getProcessedChar_(int) const,method,gui,EditBox,getProcessedChar_,int,True,False,False,False,False,False,True
1156,1155,0x483,?getRadioItemSkinData@MenuSkin@skin@gui@@QEBAPEAVData@23@XZ,public: class gui::skin::Data * __cdecl gui::skin::MenuSkin::getRadioItemSkinData(void) const,method,gui::skin,MenuSkin,getRadioItemSkinData,void,True,False,False,False,False,False,True
1157,1156,0x484,?getRadius@PieMenuItem@gui@@QEBAXAEAN0@Z,"public: void __cdecl gui::PieMenuItem::getRadius(double &, double &) const",method,gui,PieMenuItem,getRadius,"double &, double &",True,False,False,False,False,False,True
1158,1157,0x485,?getRange@Dial@gui@@UEBAXAEAN0@Z,"public: virtual void __cdecl gui::Dial::getRange(double &, double &) const",method,gui,Dial,getRange,"double &, double &",True,False,True,False,False,False,True
1159,1158,0x486,?getRange@ProgressBar@gui@@UEBAXAEAN0@Z,"public: virtual void __cdecl gui::ProgressBar::getRange(double &, double &) const",method,gui,ProgressBar,getRange,"double &, double &",True,False,True,False,False,False,True
1160,1159,0x487,?getRange@RangeIndicator@gui@@UEBAXAEAN0@Z,"public: virtual void __cdecl gui::RangeIndicator::getRange(double &, double &) const",method,gui,RangeIndicator,getRange,"double &, double &",True,False,True,False,False,False,True
1161,1160,0x488,?getRange@ScrollBarBase@gui@@UEBAXAEAN0@Z,"public: virtual void __cdecl gui::ScrollBarBase::getRange(double &, double &) const",method,gui,ScrollBarBase,getRange,"double &, double &",True,False,True,False,False,False,True
1162,1161,0x489,?getRange@Slider@gui@@UEBAXAEAN0@Z,"public: virtual void __cdecl gui::Slider::getRange(double &, double &) const",method,gui,Slider,getRange,"double &, double &",True,False,True,False,False,False,True
1163,1162,0x48A,?getRange@SpinBox@gui@@UEBAXAEAN0@Z,"public: virtual void __cdecl gui::SpinBox::getRange(double &, double &) const",method,gui,SpinBox,getRange,"double &, double &",True,False,True,False,False,False,True
1164,1163,0x48B,?getReadOnly@EditBox@gui@@QEBA_NXZ,public: bool __cdecl gui::EditBox::getReadOnly(void) const,method,gui,EditBox,getReadOnly,void,True,False,False,False,False,False,True
1165,1164,0x48C,?getReadonly@ComboBox@gui@@UEBA_NXZ,public: virtual bool __cdecl gui::ComboBox::getReadonly(void) const,method,gui,ComboBox,getReadonly,void,True,False,True,False,False,False,True
1166,1165,0x48D,?getRedrawFunc_@ShaderEffect@skin@gui@@MEAA?AV?$function@$$A6AXAEBVVec2i@osg@@@Z@std@@XZ,protected: virtual class std::function<void __cdecl(class osg::Vec2i const &)> __cdecl gui::skin::ShaderEffect::getRedrawFunc_(void),function,,,__cdecl,class osg::Vec2i const &)> __cdecl gui::skin::ShaderEffect::getRedrawFunc_(void,False,False,True,False,False,False,True
1167,1166,0x48E,?getRedrawFunc_@ShaderEffectAppearQuads@skin@gui@@MEAA?AV?$function@$$A6AXAEBVVec2i@osg@@@Z@std@@XZ,protected: virtual class std::function<void __cdecl(class osg::Vec2i const &)> __cdecl gui::skin::ShaderEffectAppearQuads::getRedrawFunc_(void),function,,,__cdecl,class osg::Vec2i const &)> __cdecl gui::skin::ShaderEffectAppearQuads::getRedrawFunc_(void,False,False,True,False,False,False,True
1168,1167,0x48F,?getRedrawFunc_@ShaderEffectFlickerQuads@skin@gui@@MEAA?AV?$function@$$A6AXAEBVVec2i@osg@@@Z@std@@XZ,protected: virtual class std::function<void __cdecl(class osg::Vec2i const &)> __cdecl gui::skin::ShaderEffectFlickerQuads::getRedrawFunc_(void),function,,,__cdecl,class osg::Vec2i const &)> __cdecl gui::skin::ShaderEffectFlickerQuads::getRedrawFunc_(void,False,False,True,False,False,False,True
1169,1168,0x490,?getResizable@WindowBase@gui@@UEBA_NXZ,public: virtual bool __cdecl gui::WindowBase::getResizable(void) const,method,gui,WindowBase,getResizable,void,True,False,True,False,False,False,True
1170,1169,0x491,?getResizeColumnIndex_@Grid@gui@@IEBAHAEBVVec2i@osg@@@Z,protected: int __cdecl gui::Grid::getResizeColumnIndex_(class osg::Vec2i const &) const,method,gui,Grid,getResizeColumnIndex_,class osg::Vec2i const &,True,False,False,False,False,False,True
1171,1170,0x492,?getResizeCursor_@WindowBase@gui@@MEBAHH@Z,protected: virtual int __cdecl gui::WindowBase::getResizeCursor_(int) const,method,gui,WindowBase,getResizeCursor_,int,True,False,True,False,False,False,True
1172,1171,0x493,?getResizeMask_@WindowBase@gui@@MEBAHAEBVVec2i@osg@@@Z,protected: virtual int __cdecl gui::WindowBase::getResizeMask_(class osg::Vec2i const &) const,method,gui,WindowBase,getResizeMask_,class osg::Vec2i const &,True,False,True,False,False,False,True
1173,1172,0x494,?getResizeToFill@Image@gui@@QEBA_NXZ,public: bool __cdecl gui::Image::getResizeToFill(void) const,method,gui,Image,getResizeToFill,void,True,False,False,False,False,False,True
1174,1173,0x495,?getResourceString@Widget@gui@@UEBAAEBV?$basic_string@D@ed@@XZ,public: virtual class ed::basic_string<char> const & __cdecl gui::Widget::getResourceString(void) const,method,gui,Widget,getResourceString,void,True,False,True,False,False,False,True
1175,1174,0x496,?getRoot@Widget@gui@@UEBAPEAV12@XZ,public: virtual class gui::Widget * __cdecl gui::Widget::getRoot(void) const,method,gui,Widget,getRoot,void,True,False,True,False,False,False,True
1176,1175,0x497,?getRootSurfaceId@Tooltip@gui@@UEBAHXZ,public: virtual int __cdecl gui::Tooltip::getRootSurfaceId(void) const,method,gui,Tooltip,getRootSurfaceId,void,True,False,True,False,False,False,True
1177,1176,0x498,?getRootSurfaceId@Widget@gui@@UEBAHXZ,public: virtual int __cdecl gui::Widget::getRootSurfaceId(void) const,method,gui,Widget,getRootSurfaceId,void,True,False,True,False,False,False,True
1178,1177,0x499,?getRowCount@Grid@gui@@QEBAHXZ,public: int __cdecl gui::Grid::getRowCount(void) const,method,gui,Grid,getRowCount,void,True,False,False,False,False,False,True
1179,1178,0x49A,?getRowHeight@Grid@gui@@QEBAHH@Z,public: int __cdecl gui::Grid::getRowHeight(int) const,method,gui,Grid,getRowHeight,int,True,False,False,False,False,False,True
1180,1179,0x49B,?getRowIndexValid_@Grid@gui@@IEBA_NH@Z,protected: bool __cdecl gui::Grid::getRowIndexValid_(int) const,method,gui,Grid,getRowIndexValid_,int,True,False,False,False,False,False,True
1181,1180,0x49C,?getRowIndex_@Grid@gui@@IEBAHH@Z,protected: int __cdecl gui::Grid::getRowIndex_(int) const,method,gui,Grid,getRowIndex_,int,True,False,False,False,False,False,True
1182,1181,0x49D,?getRowVisible_@Grid@gui@@IEBA_NH@Z,protected: bool __cdecl gui::Grid::getRowVisible_(int) const,method,gui,Grid,getRowVisible_,int,True,False,False,False,False,False,True
1183,1182,0x49E,?getRunning@Application@gui@@UEAA_NXZ,public: virtual bool __cdecl gui::Application::getRunning(void),method,gui,Application,getRunning,void,False,False,True,False,False,False,True
1184,1183,0x49F,?getScaleFactor@GUI@gui@@QEBAMXZ,public: float __cdecl gui::GUI::getScaleFactor(void) const,method,gui,GUI,getScaleFactor,void,True,False,False,False,False,False,True
1185,1184,0x4A0,?getScreenPointInSector_@PieMenu@gui@@IEBA_NAEBVVec2i@osg@@NN@Z,"protected: bool __cdecl gui::PieMenu::getScreenPointInSector_(class osg::Vec2i const &, double, double) const",method,gui,PieMenu,getScreenPointInSector_,"class osg::Vec2i const &, double, double",True,False,False,False,False,False,True
1186,1185,0x4A1,?getScreenPointInside@PieMenuItem@gui@@UEBA_NAEBVVec2i@osg@@@Z,public: virtual bool __cdecl gui::PieMenuItem::getScreenPointInside(class osg::Vec2i const &) const,method,gui,PieMenuItem,getScreenPointInside,class osg::Vec2i const &,True,False,True,False,False,False,True
1187,1186,0x4A2,?getScreenPointInside@Widget@gui@@UEBA_NAEBVVec2i@osg@@@Z,public: virtual bool __cdecl gui::Widget::getScreenPointInside(class osg::Vec2i const &) const,method,gui,Widget,getScreenPointInside,class osg::Vec2i const &,True,False,True,False,False,False,True
1188,1187,0x4A3,?getScreenPointInsideRadius_@PieMenu@gui@@IEBA_NAEBVVec2i@osg@@@Z,protected: bool __cdecl gui::PieMenu::getScreenPointInsideRadius_(class osg::Vec2i const &) const,method,gui,PieMenu,getScreenPointInsideRadius_,class osg::Vec2i const &,True,False,False,False,False,False,True
1189,1188,0x4A4,?getScreenPosition@GUI@gui@@QEBAAEBVVec2i@osg@@XZ,public: class osg::Vec2i const & __cdecl gui::GUI::getScreenPosition(void) const,method,gui,GUI,getScreenPosition,void,True,False,False,False,False,False,True
1190,1189,0x4A5,?getScreenSize@GUI@gui@@QEBAAEBVVec2i@osg@@XZ,public: class osg::Vec2i const & __cdecl gui::GUI::getScreenSize(void) const,method,gui,GUI,getScreenSize,void,True,False,False,False,False,False,True
1191,1190,0x4A6,?getScreenshotExtention@Application@gui@@UEBA?AV?$basic_string@D@ed@@XZ,public: virtual class ed::basic_string<char> __cdecl gui::Application::getScreenshotExtention(void) const,method,gui,Application,getScreenshotExtention,void,True,False,True,False,False,False,True
1192,1191,0x4A7,?getScrollBarVisibility_@EditBox@gui@@IEBAXAEA_N0@Z,"protected: void __cdecl gui::EditBox::getScrollBarVisibility_(bool &, bool &) const",method,gui,EditBox,getScrollBarVisibility_,"bool &, bool &",True,False,False,False,False,False,True
1193,1192,0x4A8,?getScrollBarVisibility_@Grid@gui@@MEBAXAEA_N0@Z,"protected: virtual void __cdecl gui::Grid::getScrollBarVisibility_(bool &, bool &) const",method,gui,Grid,getScrollBarVisibility_,"bool &, bool &",True,False,True,False,False,False,True
1194,1193,0x4A9,?getScrollBarVisibility_@ListBoxBase@gui@@IEBAXAEA_N0@Z,"protected: void __cdecl gui::ListBoxBase::getScrollBarVisibility_(bool &, bool &) const",method,gui,ListBoxBase,getScrollBarVisibility_,"bool &, bool &",True,False,False,False,False,False,True
1195,1194,0x4AA,?getScrollPosition@ListBoxBase@gui@@QEBAHXZ,public: int __cdecl gui::ListBoxBase::getScrollPosition(void) const,method,gui,ListBoxBase,getScrollPosition,void,True,False,False,False,False,False,True
1196,1195,0x4AB,?getSelected@ListBoxLineBase@gui@@QEBA_NXZ,public: bool __cdecl gui::ListBoxLineBase::getSelected(void) const,method,gui,ListBoxLineBase,getSelected,void,True,False,False,False,False,False,True
1197,1196,0x4AC,?getSelectedItem@CheckListBox@gui@@QEBAPEAVCheckListBoxLine@2@XZ,public: class gui::CheckListBoxLine * __cdecl gui::CheckListBox::getSelectedItem(void) const,method,gui,CheckListBox,getSelectedItem,void,True,False,False,False,False,False,True
1198,1197,0x4AD,?getSelectedItem@ComboBox@gui@@QEBAPEAVListBoxLine@2@XZ,public: class gui::ListBoxLine * __cdecl gui::ComboBox::getSelectedItem(void) const,method,gui,ComboBox,getSelectedItem,void,True,False,False,False,False,False,True
1199,1198,0x4AE,?getSelectedItem@ComboList@gui@@QEBAPEAVListBoxLine@2@XZ,public: class gui::ListBoxLine * __cdecl gui::ComboList::getSelectedItem(void) const,method,gui,ComboList,getSelectedItem,void,True,False,False,False,False,False,True
1200,1199,0x4AF,?getSelectedItem@ListBox@gui@@QEBAPEAVListBoxLine@2@XZ,public: class gui::ListBoxLine * __cdecl gui::ListBox::getSelectedItem(void) const,method,gui,ListBox,getSelectedItem,void,True,False,False,False,False,False,True
1201,1200,0x4B0,?getSelectedItem@Menu@gui@@QEBAPEAVWidgetHandler@2@XZ,public: class gui::WidgetHandler * __cdecl gui::Menu::getSelectedItem(void) const,method,gui,Menu,getSelectedItem,void,True,False,False,False,False,False,True
1202,1201,0x4B1,?getSelectedItem@PieMenu@gui@@QEBAPEAVWidgetHandler@2@XZ,public: class gui::WidgetHandler * __cdecl gui::PieMenu::getSelectedItem(void) const,method,gui,PieMenu,getSelectedItem,void,True,False,False,False,False,False,True
1203,1202,0x4B2,?getSelectedItem_@ListBoxBase@gui@@IEBAPEAVListBoxLineBase@2@XZ,protected: class gui::ListBoxLineBase * __cdecl gui::ListBoxBase::getSelectedItem_(void) const,method,gui,ListBoxBase,getSelectedItem_,void,True,False,False,False,False,False,True
1204,1203,0x4B3,?getSelectedRow@Grid@gui@@QEBAHXZ,public: int __cdecl gui::Grid::getSelectedRow(void) const,method,gui,Grid,getSelectedRow,void,True,False,False,False,False,False,True
1205,1204,0x4B4,?getSelection@EditBox@gui@@QEBAAEBUEditBoxSelection@2@XZ,public: struct gui::EditBoxSelection const & __cdecl gui::EditBox::getSelection(void) const,method,gui,EditBox,getSelection,void,True,False,False,False,False,False,True
1206,1205,0x4B5,?getSelectionEmpty@EditBoxItem@gui@@QEBA_NXZ,public: bool __cdecl gui::EditBoxItem::getSelectionEmpty(void) const,method,gui,EditBoxItem,getSelectionEmpty,void,True,False,False,False,False,False,True
1207,1206,0x4B6,?getSelectionIndexBeginValid_@EditBox@gui@@IEBA_NAEAUEditBoxSelection@2@@Z,protected: bool __cdecl gui::EditBox::getSelectionIndexBeginValid_(struct gui::EditBoxSelection &) const,method,gui,EditBox,getSelectionIndexBeginValid_,struct gui::EditBoxSelection &,True,False,False,False,False,False,True
1208,1207,0x4B7,?getSelectionIndexEndValid_@EditBox@gui@@IEBA_NAEAUEditBoxSelection@2@@Z,protected: bool __cdecl gui::EditBox::getSelectionIndexEndValid_(struct gui::EditBoxSelection &) const,method,gui,EditBox,getSelectionIndexEndValid_,struct gui::EditBoxSelection &,True,False,False,False,False,False,True
1209,1208,0x4B8,?getSelectionItems_@EditBox@gui@@IEBAXAEBUEditBoxSelection@2@AEAV?$vector@PEAVEditBoxItem@gui@@V?$allocator@PEAVEditBoxItem@gui@@@ed@@@ed@@@Z,"protected: void __cdecl gui::EditBox::getSelectionItems_(struct gui::EditBoxSelection const &, class ed::vector<class gui::EditBoxItem *, class ed::allocator<class gui::EditBoxItem *>> &) const",method,gui,EditBox,getSelectionItems_,"struct gui::EditBoxSelection const &, class ed::vector<class gui::EditBoxItem *, class ed::allocator<class gui::EditBoxItem *>> &",True,False,False,False,False,False,True
1210,1209,0x4B9,?getSelectionLineBeginValid_@EditBox@gui@@IEBA_NAEAUEditBoxSelection@2@@Z,protected: bool __cdecl gui::EditBox::getSelectionLineBeginValid_(struct gui::EditBoxSelection &) const,method,gui,EditBox,getSelectionLineBeginValid_,struct gui::EditBoxSelection &,True,False,False,False,False,False,True
1211,1210,0x4BA,?getSelectionLineEndValid_@EditBox@gui@@IEBA_NAEAUEditBoxSelection@2@@Z,protected: bool __cdecl gui::EditBox::getSelectionLineEndValid_(struct gui::EditBoxSelection &) const,method,gui,EditBox,getSelectionLineEndValid_,struct gui::EditBoxSelection &,True,False,False,False,False,False,True
1212,1211,0x4BB,?getSelectionText_@EditBox@gui@@IEBA?AV?$basic_string@_W@ed@@XZ,protected: class ed::basic_string<wchar_t> __cdecl gui::EditBox::getSelectionText_(void) const,method,gui,EditBox,getSelectionText_,void,True,False,False,False,False,False,True
1213,1212,0x4BC,?getSelectionValid_@EditBox@gui@@IEBA_NAEAUEditBoxSelection@2@@Z,protected: bool __cdecl gui::EditBox::getSelectionValid_(struct gui::EditBoxSelection &) const,method,gui,EditBox,getSelectionValid_,struct gui::EditBoxSelection &,True,False,False,False,False,False,True
1214,1213,0x4BD,?getSeparatorSkin@AutoScrollTextSkin@skin@gui@@QEBAPEAVSkin@23@XZ,public: class gui::skin::Skin * __cdecl gui::skin::AutoScrollTextSkin::getSeparatorSkin(void) const,method,gui::skin,AutoScrollTextSkin,getSeparatorSkin,void,True,False,False,False,False,False,True
1215,1214,0x4BE,?getSeparatorSkinData@MenuSkin@skin@gui@@QEBAPEAVData@23@XZ,public: class gui::skin::Data * __cdecl gui::skin::MenuSkin::getSeparatorSkinData(void) const,method,gui::skin,MenuSkin,getSeparatorSkinData,void,True,False,False,False,False,False,True
1216,1215,0x4BF,?getShaderEffect@Skin@skin@gui@@UEBAPEAVShaderEffect@23@XZ,public: virtual class gui::skin::ShaderEffect * __cdecl gui::skin::Skin::getShaderEffect(void) const,method,gui::skin,Skin,getShaderEffect,void,True,False,True,False,False,False,True
1217,1216,0x4C0,?getShadowColor@Text@gui@@QEBAAEBVVec4f@osg@@XZ,public: class osg::Vec4f const & __cdecl gui::Text::getShadowColor(void) const,method,gui,Text,getShadowColor,void,True,False,False,False,False,False,True
1218,1217,0x4C1,?getShadowOffset@Text@gui@@QEBA?AVVec2i@osg@@XZ,public: class osg::Vec2i __cdecl gui::Text::getShadowOffset(void) const,method,gui,Text,getShadowOffset,void,True,False,False,False,False,False,True
1219,1218,0x4C2,?getShortcut@MenuItemBase@gui@@QEBAAEBV?$basic_string@_W@ed@@XZ,public: class ed::basic_string<wchar_t> const & __cdecl gui::MenuItemBase::getShortcut(void) const,method,gui,MenuItemBase,getShortcut,void,True,False,False,False,False,False,True
1220,1219,0x4C3,?getShowMsgEffect@ShaderEffectManager@skin@gui@@QEAAPEAVShaderEffectShowMsg@23@XZ,public: class gui::skin::ShaderEffectShowMsg * __cdecl gui::skin::ShaderEffectManager::getShowMsgEffect(void),method,gui::skin,ShaderEffectManager,getShowMsgEffect,void,False,False,False,False,False,False,True
1221,1220,0x4C4,?getSize@Bkg@gui@@QEBAAEBVVec2i@osg@@XZ,public: class osg::Vec2i const & __cdecl gui::Bkg::getSize(void) const,method,gui,Bkg,getSize,void,True,False,False,False,False,False,True
1222,1221,0x4C5,?getSize@Image@gui@@QEBA?AVVec2i@osg@@XZ,public: class osg::Vec2i __cdecl gui::Image::getSize(void) const,method,gui,Image,getSize,void,True,False,False,False,False,False,True
1223,1222,0x4C6,?getSize@Widget@gui@@UEBA?AVVec2i@osg@@XZ,public: virtual class osg::Vec2i __cdecl gui::Widget::getSize(void) const,method,gui,Widget,getSize,void,True,False,True,False,False,False,True
1224,1223,0x4C7,?getSkin@AnimatedColorStatic@gui@@QEBAPEAVAnimatedColorStaticSkin@skin@2@XZ,public: class gui::skin::AnimatedColorStaticSkin * __cdecl gui::AnimatedColorStatic::getSkin(void) const,method,gui,AnimatedColorStatic,getSkin,void,True,False,False,False,False,False,True
1225,1224,0x4C8,?getSkin@AutoScrollText@gui@@QEBAPEAVAutoScrollTextSkin@skin@2@XZ,public: class gui::skin::AutoScrollTextSkin * __cdecl gui::AutoScrollText::getSkin(void) const,method,gui,AutoScrollText,getSkin,void,True,False,False,False,False,False,True
1226,1225,0x4C9,?getSkin@Button@gui@@QEBAPEAVButtonSkin@skin@2@XZ,public: class gui::skin::ButtonSkin * __cdecl gui::Button::getSkin(void) const,method,gui,Button,getSkin,void,True,False,False,False,False,False,True
1227,1226,0x4CA,?getSkin@Chart@gui@@QEBAPEAVChartSkin@skin@2@XZ,public: class gui::skin::ChartSkin * __cdecl gui::Chart::getSkin(void) const,method,gui,Chart,getSkin,void,True,False,False,False,False,False,True
1228,1227,0x4CB,?getSkin@CheckBox@gui@@QEBAPEAVCheckBoxSkin@skin@2@XZ,public: class gui::skin::CheckBoxSkin * __cdecl gui::CheckBox::getSkin(void) const,method,gui,CheckBox,getSkin,void,True,False,False,False,False,False,True
1229,1228,0x4CC,?getSkin@CheckListBox@gui@@QEBAPEAVCheckListBoxSkin@skin@2@XZ,public: class gui::skin::CheckListBoxSkin * __cdecl gui::CheckListBox::getSkin(void) const,method,gui,CheckListBox,getSkin,void,True,False,False,False,False,False,True
1230,1229,0x4CD,?getSkin@CheckListBoxLine@gui@@QEBAPEAVCheckListBoxLineSkin@skin@2@XZ,public: class gui::skin::CheckListBoxLineSkin * __cdecl gui::CheckListBoxLine::getSkin(void) const,method,gui,CheckListBoxLine,getSkin,void,True,False,False,False,False,False,True
1231,1230,0x4CE,?getSkin@ColorTextStatic@gui@@QEBAPEAVColorTextStaticSkin@2@XZ,public: class gui::ColorTextStaticSkin * __cdecl gui::ColorTextStatic::getSkin(void) const,method,gui,ColorTextStatic,getSkin,void,True,False,False,False,False,False,True
1232,1231,0x4CF,?getSkin@ComboBox@gui@@QEBAPEAVComboBoxSkin@skin@2@XZ,public: class gui::skin::ComboBoxSkin * __cdecl gui::ComboBox::getSkin(void) const,method,gui,ComboBox,getSkin,void,True,False,False,False,False,False,True
1233,1232,0x4D0,?getSkin@ComboList@gui@@QEBAPEAVComboListSkin@skin@2@XZ,public: class gui::skin::ComboListSkin * __cdecl gui::ComboList::getSkin(void) const,method,gui,ComboList,getSkin,void,True,False,False,False,False,False,True
1234,1233,0x4D1,?getSkin@ComboWindow@gui@@QEBAPEAVWindowBaseSkin@skin@2@XZ,public: class gui::skin::WindowBaseSkin * __cdecl gui::ComboWindow::getSkin(void) const,method,gui,ComboWindow,getSkin,void,True,False,False,False,False,False,True
1235,1234,0x4D2,?getSkin@Dial@gui@@QEBAPEAVDialSkin@skin@2@XZ,public: class gui::skin::DialSkin * __cdecl gui::Dial::getSkin(void) const,method,gui,Dial,getSkin,void,True,False,False,False,False,False,True
1236,1235,0x4D3,?getSkin@EditBox@gui@@QEBAPEAVEditBoxSkin@skin@2@XZ,public: class gui::skin::EditBoxSkin * __cdecl gui::EditBox::getSkin(void) const,method,gui,EditBox,getSkin,void,True,False,False,False,False,False,True
1237,1236,0x4D4,?getSkin@Grid@gui@@QEBAPEAVGridSkin@skin@2@XZ,public: class gui::skin::GridSkin * __cdecl gui::Grid::getSkin(void) const,method,gui,Grid,getSkin,void,True,False,False,False,False,False,True
1238,1237,0x4D5,?getSkin@GridHeaderCell@gui@@QEBAPEAVGridHeaderCellSkin@skin@2@XZ,public: class gui::skin::GridHeaderCellSkin * __cdecl gui::GridHeaderCell::getSkin(void) const,method,gui,GridHeaderCell,getSkin,void,True,False,False,False,False,False,True
1239,1238,0x4D6,?getSkin@GridView@gui@@QEBAPEAVGridViewSkin@skin@2@XZ,public: class gui::skin::GridViewSkin * __cdecl gui::GridView::getSkin(void) const,method,gui,GridView,getSkin,void,True,False,False,False,False,False,True
1240,1239,0x4D7,?getSkin@ListBox@gui@@QEBAPEAVListBoxSkin@skin@2@XZ,public: class gui::skin::ListBoxSkin * __cdecl gui::ListBox::getSkin(void) const,method,gui,ListBox,getSkin,void,True,False,False,False,False,False,True
1241,1240,0x4D8,?getSkin@ListBoxBase@gui@@QEBAPEAVListBoxSkinBase@skin@2@XZ,public: class gui::skin::ListBoxSkinBase * __cdecl gui::ListBoxBase::getSkin(void) const,method,gui,ListBoxBase,getSkin,void,True,False,False,False,False,False,True
1242,1241,0x4D9,?getSkin@ListBoxLine@gui@@QEBAPEAVListBoxLineSkin@skin@2@XZ,public: class gui::skin::ListBoxLineSkin * __cdecl gui::ListBoxLine::getSkin(void) const,method,gui,ListBoxLine,getSkin,void,True,False,False,False,False,False,True
1243,1242,0x4DA,?getSkin@ListBoxLineBase@gui@@QEBAPEAVListBoxLineSkinBase@skin@2@XZ,public: class gui::skin::ListBoxLineSkinBase * __cdecl gui::ListBoxLineBase::getSkin(void) const,method,gui,ListBoxLineBase,getSkin,void,True,False,False,False,False,False,True
1244,1243,0x4DB,?getSkin@Menu@gui@@QEBAPEAVMenuSkin@skin@2@XZ,public: class gui::skin::MenuSkin * __cdecl gui::Menu::getSkin(void) const,method,gui,Menu,getSkin,void,True,False,False,False,False,False,True
1245,1244,0x4DC,?getSkin@MenuBar@gui@@QEBAPEAVMenuBarSkin@skin@2@XZ,public: class gui::skin::MenuBarSkin * __cdecl gui::MenuBar::getSkin(void) const,method,gui,MenuBar,getSkin,void,True,False,False,False,False,False,True
1246,1245,0x4DD,?getSkin@MenuBarItem@gui@@QEBAPEAVSkin@skin@2@XZ,public: class gui::skin::Skin * __cdecl gui::MenuBarItem::getSkin(void) const,method,gui,MenuBarItem,getSkin,void,True,False,False,False,False,False,True
1247,1246,0x4DE,?getSkin@MenuCheckItem@gui@@QEBAPEAVSkin@skin@2@XZ,public: class gui::skin::Skin * __cdecl gui::MenuCheckItem::getSkin(void) const,method,gui,MenuCheckItem,getSkin,void,True,False,False,False,False,False,True
1248,1247,0x4DF,?getSkin@MenuItem@gui@@QEBAPEAVMenuItemSkin@skin@2@XZ,public: class gui::skin::MenuItemSkin * __cdecl gui::MenuItem::getSkin(void) const,method,gui,MenuItem,getSkin,void,True,False,False,False,False,False,True
1249,1248,0x4E0,?getSkin@MenuItemBase@gui@@QEBAPEAVSkin@skin@2@XZ,public: class gui::skin::Skin * __cdecl gui::MenuItemBase::getSkin(void) const,method,gui,MenuItemBase,getSkin,void,True,False,False,False,False,False,True
1250,1249,0x4E1,?getSkin@MenuRadioItem@gui@@QEBAPEAVSkin@skin@2@XZ,public: class gui::skin::Skin * __cdecl gui::MenuRadioItem::getSkin(void) const,method,gui,MenuRadioItem,getSkin,void,True,False,False,False,False,False,True
1251,1250,0x4E2,?getSkin@MenuSeparatorItem@gui@@QEBAPEAVSkin@skin@2@XZ,public: class gui::skin::Skin * __cdecl gui::MenuSeparatorItem::getSkin(void) const,method,gui,MenuSeparatorItem,getSkin,void,True,False,False,False,False,False,True
1252,1251,0x4E3,?getSkin@MenuSubItem@gui@@QEBAPEAVMenuSubItemSkin@skin@2@XZ,public: class gui::skin::MenuSubItemSkin * __cdecl gui::MenuSubItem::getSkin(void) const,method,gui,MenuSubItem,getSkin,void,True,False,False,False,False,False,True
1253,1252,0x4E4,?getSkin@Panel@gui@@QEBAPEAVSkin@skin@2@XZ,public: class gui::skin::Skin * __cdecl gui::Panel::getSkin(void) const,method,gui,Panel,getSkin,void,True,False,False,False,False,False,True
1254,1253,0x4E5,?getSkin@PieMenu@gui@@QEBAPEAVPieMenuSkin@skin@2@XZ,public: class gui::skin::PieMenuSkin * __cdecl gui::PieMenu::getSkin(void) const,method,gui,PieMenu,getSkin,void,True,False,False,False,False,False,True
1255,1254,0x4E6,?getSkin@PieMenuItem@gui@@QEBAPEAVPieMenuItemSkin@skin@2@XZ,public: class gui::skin::PieMenuItemSkin * __cdecl gui::PieMenuItem::getSkin(void) const,method,gui,PieMenuItem,getSkin,void,True,False,False,False,False,False,True
1256,1255,0x4E7,?getSkin@PieMenuSubItem@gui@@QEBAPEAVPieMenuSubItemSkin@skin@2@XZ,public: class gui::skin::PieMenuSubItemSkin * __cdecl gui::PieMenuSubItem::getSkin(void) const,method,gui,PieMenuSubItem,getSkin,void,True,False,False,False,False,False,True
1257,1256,0x4E8,?getSkin@ProgressBar@gui@@QEBAPEAVProgressBarSkin@skin@2@XZ,public: class gui::skin::ProgressBarSkin * __cdecl gui::ProgressBar::getSkin(void) const,method,gui,ProgressBar,getSkin,void,True,False,False,False,False,False,True
1258,1257,0x4E9,?getSkin@RadioButton@gui@@QEBAPEAVRadioButtonSkin@skin@2@XZ,public: class gui::skin::RadioButtonSkin * __cdecl gui::RadioButton::getSkin(void) const,method,gui,RadioButton,getSkin,void,True,False,False,False,False,False,True
1259,1258,0x4EA,?getSkin@RangeIndicator@gui@@QEBAPEAVRangeIndicatorSkin@skin@2@XZ,public: class gui::skin::RangeIndicatorSkin * __cdecl gui::RangeIndicator::getSkin(void) const,method,gui,RangeIndicator,getSkin,void,True,False,False,False,False,False,True
1260,1259,0x4EB,?getSkin@ScrollBar@gui@@QEBAPEAVScrollBarSkin@skin@2@XZ,public: class gui::skin::ScrollBarSkin * __cdecl gui::ScrollBar::getSkin(void) const,method,gui,ScrollBar,getSkin,void,True,False,False,False,False,False,True
1261,1260,0x4EC,?getSkin@ScrollPane@gui@@QEBAPEAVScrollPaneSkin@skin@2@XZ,public: class gui::skin::ScrollPaneSkin * __cdecl gui::ScrollPane::getSkin(void) const,method,gui,ScrollPane,getSkin,void,True,False,False,False,False,False,True
1262,1261,0x4ED,?getSkin@Slider@gui@@QEBAPEAVSliderSkin@skin@2@XZ,public: class gui::skin::SliderSkin * __cdecl gui::Slider::getSkin(void) const,method,gui,Slider,getSkin,void,True,False,False,False,False,False,True
1263,1262,0x4EE,?getSkin@SpinBox@gui@@QEBAPEAVSpinBoxSkin@skin@2@XZ,public: class gui::skin::SpinBoxSkin * __cdecl gui::SpinBox::getSkin(void) const,method,gui,SpinBox,getSkin,void,True,False,False,False,False,False,True
1264,1263,0x4EF,?getSkin@Static@gui@@QEBAPEAVStaticSkin@skin@2@XZ,public: class gui::skin::StaticSkin * __cdecl gui::Static::getSkin(void) const,method,gui,Static,getSkin,void,True,False,False,False,False,False,True
1265,1264,0x4F0,?getSkin@SwitchButton@gui@@QEBAPEAVToggleButtonSkin@skin@2@XZ,public: class gui::skin::ToggleButtonSkin * __cdecl gui::SwitchButton::getSkin(void) const,method,gui,SwitchButton,getSkin,void,True,False,False,False,False,False,True
1266,1265,0x4F1,?getSkin@TabGroupItem@gui@@QEBAPEAVSkin@skin@2@XZ,public: class gui::skin::Skin * __cdecl gui::TabGroupItem::getSkin(void) const,method,gui,TabGroupItem,getSkin,void,True,False,False,False,False,False,True
1267,1266,0x4F2,?getSkin@ToggleButton@gui@@QEBAPEAVToggleButtonSkin@skin@2@XZ,public: class gui::skin::ToggleButtonSkin * __cdecl gui::ToggleButton::getSkin(void) const,method,gui,ToggleButton,getSkin,void,True,False,False,False,False,False,True
1268,1267,0x4F3,?getSkin@Tooltip@gui@@QEBAPEAVTooltipSkin@skin@2@XZ,public: class gui::skin::TooltipSkin * __cdecl gui::Tooltip::getSkin(void) const,method,gui,Tooltip,getSkin,void,True,False,False,False,False,False,True
1269,1268,0x4F4,?getSkin@WindowBase@gui@@QEBAPEAVWindowBaseSkin@skin@2@XZ,public: class gui::skin::WindowBaseSkin * __cdecl gui::WindowBase::getSkin(void) const,method,gui,WindowBase,getSkin,void,True,False,False,False,False,False,True
1270,1269,0x4F5,?getSkin@WindowHeader@gui@@QEBAPEAVWindowHeaderSkin@skin@2@XZ,public: class gui::skin::WindowHeaderSkin * __cdecl gui::WindowHeader::getSkin(void) const,method,gui,WindowHeader,getSkin,void,True,False,False,False,False,False,True
1271,1270,0x4F6,?getSkinData@AutoScrollTextSkin@skin@gui@@QEBAPEAVAutoScrollTextData@23@XZ,public: class gui::skin::AutoScrollTextData * __cdecl gui::skin::AutoScrollTextSkin::getSkinData(void) const,method,gui::skin,AutoScrollTextSkin,getSkinData,void,True,False,False,False,False,False,True
1272,1271,0x4F7,?getSkinData@CheckBaseSkin@skin@gui@@QEBAPEAVCheckBoxData@23@XZ,public: class gui::skin::CheckBoxData * __cdecl gui::skin::CheckBaseSkin::getSkinData(void) const,method,gui::skin,CheckBaseSkin,getSkinData,void,True,False,False,False,False,False,True
1273,1272,0x4F8,?getSkinData@ComboBoxSkin@skin@gui@@QEBAPEAVComboBoxData@23@XZ,public: class gui::skin::ComboBoxData * __cdecl gui::skin::ComboBoxSkin::getSkinData(void) const,method,gui::skin,ComboBoxSkin,getSkinData,void,True,False,False,False,False,False,True
1274,1273,0x4F9,?getSkinData@ComboListSkin@skin@gui@@QEBAPEAVComboBoxData@23@XZ,public: class gui::skin::ComboBoxData * __cdecl gui::skin::ComboListSkin::getSkinData(void) const,method,gui::skin,ComboListSkin,getSkinData,void,True,False,False,False,False,False,True
1275,1274,0x4FA,?getSkinData@EditBoxSkin@skin@gui@@QEBAPEAVEditBoxData@23@XZ,public: class gui::skin::EditBoxData * __cdecl gui::skin::EditBoxSkin::getSkinData(void) const,method,gui::skin,EditBoxSkin,getSkinData,void,True,False,False,False,False,False,True
1276,1275,0x4FB,?getSkinData@ListBoxSkinBase@skin@gui@@QEBAPEBVListBoxData@23@XZ,public: class gui::skin::ListBoxData const * __cdecl gui::skin::ListBoxSkinBase::getSkinData(void) const,method,gui::skin,ListBoxSkinBase,getSkinData,void,True,False,False,False,False,False,True
1277,1276,0x4FC,?getSkinData@ProgressBarSkin@skin@gui@@QEBAPEAVProgressBarData@23@XZ,public: class gui::skin::ProgressBarData * __cdecl gui::skin::ProgressBarSkin::getSkinData(void) const,method,gui::skin,ProgressBarSkin,getSkinData,void,True,False,False,False,False,False,True
1278,1277,0x4FD,?getSkinData@RangeIndicatorSkin@skin@gui@@QEBAPEAVRangeIndicatorData@23@XZ,public: class gui::skin::RangeIndicatorData * __cdecl gui::skin::RangeIndicatorSkin::getSkinData(void) const,method,gui::skin,RangeIndicatorSkin,getSkinData,void,True,False,False,False,False,False,True
1279,1278,0x4FE,?getSkinData@ScrollBarSkin@skin@gui@@QEBAPEAVScrollBarData@23@XZ,public: class gui::skin::ScrollBarData * __cdecl gui::skin::ScrollBarSkin::getSkinData(void) const,method,gui::skin,ScrollBarSkin,getSkinData,void,True,False,False,False,False,False,True
1280,1279,0x4FF,?getSkinData@ScrollPaneSkin@skin@gui@@QEBAPEAVScrollPaneData@23@XZ,public: class gui::skin::ScrollPaneData * __cdecl gui::skin::ScrollPaneSkin::getSkinData(void) const,method,gui::skin,ScrollPaneSkin,getSkinData,void,True,False,False,False,False,False,True
1281,1280,0x500,?getSkinData@Skin@skin@gui@@QEBAPEAVData@23@XZ,public: class gui::skin::Data * __cdecl gui::skin::Skin::getSkinData(void) const,method,gui::skin,Skin,getSkinData,void,True,False,False,False,False,False,True
1282,1281,0x501,?getSkinData@SliderSkin@skin@gui@@QEBAPEAVSliderData@23@XZ,public: class gui::skin::SliderData * __cdecl gui::skin::SliderSkin::getSkinData(void) const,method,gui::skin,SliderSkin,getSkinData,void,True,False,False,False,False,False,True
1283,1282,0x502,?getSkinData@SpinBoxSkin@skin@gui@@QEBAPEAVSpinBoxData@23@XZ,public: class gui::skin::SpinBoxData * __cdecl gui::skin::SpinBoxSkin::getSkinData(void) const,method,gui::skin,SpinBoxSkin,getSkinData,void,True,False,False,False,False,False,True
1284,1283,0x503,?getSkinData@TooltipSkin@skin@gui@@QEBAPEAVTooltipData@23@XZ,public: class gui::skin::TooltipData * __cdecl gui::skin::TooltipSkin::getSkinData(void) const,method,gui::skin,TooltipSkin,getSkinData,void,True,False,False,False,False,False,True
1285,1284,0x504,?getSkinData@WindowBaseSkin@skin@gui@@QEBAPEAVWindowData@23@XZ,public: class gui::skin::WindowData * __cdecl gui::skin::WindowBaseSkin::getSkinData(void) const,method,gui::skin,WindowBaseSkin,getSkinData,void,True,False,False,False,False,False,True
1286,1285,0x505,?getSkinData@WindowHeaderSkin@skin@gui@@QEBAPEAVWindowHeaderData@23@XZ,public: class gui::skin::WindowHeaderData * __cdecl gui::skin::WindowHeaderSkin::getSkinData(void) const,method,gui::skin,WindowHeaderSkin,getSkinData,void,True,False,False,False,False,False,True
1287,1286,0x506,?getSortedTabOrderedWidgets_@WindowBase@gui@@MEAAXAEAV?$vector@PEAVWidgetHandler@gui@@V?$allocator@PEAVWidgetHandler@gui@@@ed@@@ed@@@Z,"protected: virtual void __cdecl gui::WindowBase::getSortedTabOrderedWidgets_(class ed::vector<class gui::WidgetHandler *, class ed::allocator<class gui::WidgetHandler *>> &)",method,gui,WindowBase,getSortedTabOrderedWidgets_,"class ed::vector<class gui::WidgetHandler *, class ed::allocator<class gui::WidgetHandler *>> &",False,False,True,False,False,False,True
1288,1287,0x507,?getState@MenuCheckItem@gui@@UEBA_NXZ,public: virtual bool __cdecl gui::MenuCheckItem::getState(void) const,method,gui,MenuCheckItem,getState,void,True,False,True,False,False,False,True
1289,1288,0x508,?getState@TabGroupItem@gui@@UEBA_NXZ,public: virtual bool __cdecl gui::TabGroupItem::getState(void) const,method,gui,TabGroupItem,getState,void,True,False,True,False,False,False,True
1290,1289,0x509,?getState@ToggleButton@gui@@UEBAHXZ,public: virtual int __cdecl gui::ToggleButton::getState(void) const,method,gui,ToggleButton,getState,void,True,False,True,False,False,False,True
1291,1290,0x50A,?getStep@Dial@gui@@UEBANXZ,public: virtual double __cdecl gui::Dial::getStep(void) const,method,gui,Dial,getStep,void,True,False,True,False,False,False,True
1292,1291,0x50B,?getStep@ProgressBar@gui@@UEBANXZ,public: virtual double __cdecl gui::ProgressBar::getStep(void) const,method,gui,ProgressBar,getStep,void,True,False,True,False,False,False,True
1293,1292,0x50C,?getStep@ScrollBarBase@gui@@UEBANXZ,public: virtual double __cdecl gui::ScrollBarBase::getStep(void) const,method,gui,ScrollBarBase,getStep,void,True,False,True,False,False,False,True
1294,1293,0x50D,?getStep@Slider@gui@@UEBANXZ,public: virtual double __cdecl gui::Slider::getStep(void) const,method,gui,Slider,getStep,void,True,False,True,False,False,False,True
1295,1294,0x50E,?getStep@SpinBox@gui@@UEBANXZ,public: virtual double __cdecl gui::SpinBox::getStep(void) const,method,gui,SpinBox,getStep,void,True,False,True,False,False,False,True
1296,1295,0x50F,?getSubItemSkinData@MenuSkin@skin@gui@@QEBAPEAVData@23@XZ,public: class gui::skin::Data * __cdecl gui::skin::MenuSkin::getSubItemSkinData(void) const,method,gui::skin,MenuSkin,getSubItemSkinData,void,True,False,False,False,False,False,True
1297,1296,0x510,?getSubItemSkinData@PieMenuSkin@skin@gui@@QEBAPEAVData@23@XZ,public: class gui::skin::Data * __cdecl gui::skin::PieMenuSkin::getSubItemSkinData(void) const,method,gui::skin,PieMenuSkin,getSubItemSkinData,void,True,False,False,False,False,False,True
1298,1297,0x511,?getSubMenu@MenuItemBase@gui@@QEBAPEAVMenu@2@XZ,public: class gui::Menu * __cdecl gui::MenuItemBase::getSubMenu(void) const,method,gui,MenuItemBase,getSubMenu,void,True,False,False,False,False,False,True
1299,1298,0x512,?getSubMenu@PieMenuItem@gui@@UEBAPEAVWidgetHandler@2@XZ,public: virtual class gui::WidgetHandler * __cdecl gui::PieMenuItem::getSubMenu(void) const,method,gui,PieMenuItem,getSubMenu,void,True,False,True,False,False,False,True
1300,1299,0x513,?getSubMenu@PieMenuSubItem@gui@@UEBAPEAVWidgetHandler@2@XZ,public: virtual class gui::WidgetHandler * __cdecl gui::PieMenuSubItem::getSubMenu(void) const,method,gui,PieMenuSubItem,getSubMenu,void,True,False,True,False,False,False,True
1301,1300,0x514,?getSurfaceId@ComboWindow@gui@@UEBAHXZ,public: virtual int __cdecl gui::ComboWindow::getSurfaceId(void) const,method,gui,ComboWindow,getSurfaceId,void,True,False,True,False,False,False,True
1302,1301,0x515,?getSurfaceId@WindowBase@gui@@UEBAHXZ,public: virtual int __cdecl gui::WindowBase::getSurfaceId(void) const,method,gui,WindowBase,getSurfaceId,void,True,False,True,False,False,False,True
1303,1302,0x516,?getSurfaceIdValid@GUI@gui@@QEAA_NH@Z,public: bool __cdecl gui::GUI::getSurfaceIdValid(int),method,gui,GUI,getSurfaceIdValid,int,False,False,False,False,False,False,True
1304,1303,0x517,?getSymbolIndexValid_@EditBox@gui@@IEBA_NHH@Z,"protected: bool __cdecl gui::EditBox::getSymbolIndexValid_(int, int) const",method,gui,EditBox,getSymbolIndexValid_,"int, int",True,False,False,False,False,False,True
1305,1304,0x518,?getSymbolIndex_@EditBox@gui@@IEBAHPEBVEditBoxItem@2@H@Z,"protected: int __cdecl gui::EditBox::getSymbolIndex_(class gui::EditBoxItem const *, int) const",method,gui,EditBox,getSymbolIndex_,"class gui::EditBoxItem const *, int",True,False,False,False,False,False,True
1306,1305,0x519,?getTabOrder@Widget@gui@@UEBAHXZ,public: virtual int __cdecl gui::Widget::getTabOrder(void) const,method,gui,Widget,getTabOrder,void,True,False,True,False,False,False,True
1307,1306,0x51A,?getTabOrderedWidgets@Container@gui@@UEBAXAEAV?$vector@PEAVWidgetHandler@gui@@V?$allocator@PEAVWidgetHandler@gui@@@ed@@@ed@@@Z,"public: virtual void __cdecl gui::Container::getTabOrderedWidgets(class ed::vector<class gui::WidgetHandler *, class ed::allocator<class gui::WidgetHandler *>> &) const",method,gui,Container,getTabOrderedWidgets,"class ed::vector<class gui::WidgetHandler *, class ed::allocator<class gui::WidgetHandler *>> &",True,False,True,False,False,False,True
1308,1307,0x51B,?getTabOrderedWidgets@Widget@gui@@UEBAXAEAV?$vector@PEAVWidgetHandler@gui@@V?$allocator@PEAVWidgetHandler@gui@@@ed@@@ed@@@Z,"public: virtual void __cdecl gui::Widget::getTabOrderedWidgets(class ed::vector<class gui::WidgetHandler *, class ed::allocator<class gui::WidgetHandler *>> &) const",method,gui,Widget,getTabOrderedWidgets,"class ed::vector<class gui::WidgetHandler *, class ed::allocator<class gui::WidgetHandler *>> &",True,False,True,False,False,False,True
1309,1308,0x51C,?getTabSpacesCount@GUI@gui@@QEBAHXZ,public: int __cdecl gui::GUI::getTabSpacesCount(void) const,method,gui,GUI,getTabSpacesCount,void,True,False,False,False,False,False,True
1310,1309,0x51D,?getTargetImage@Skin@skin@gui@@QEBAPEBVImage@3@XZ,public: class gui::Image const * __cdecl gui::skin::Skin::getTargetImage(void) const,method,gui::skin,Skin,getTargetImage,void,True,False,False,False,False,False,True
1311,1310,0x51E,?getTargetMips@Skin@skin@gui@@QEBAHH@Z,public: int __cdecl gui::skin::Skin::getTargetMips(int) const,method,gui::skin,Skin,getTargetMips,int,True,False,False,False,False,False,True
1312,1311,0x51F,?getTargetMsaa@Skin@skin@gui@@QEBAHH@Z,public: int __cdecl gui::skin::Skin::getTargetMsaa(int) const,method,gui::skin,Skin,getTargetMsaa,int,True,False,False,False,False,False,True
1313,1312,0x520,?getTargetPosition_@Widget@gui@@MEBA?AVVec2i@osg@@XZ,protected: virtual class osg::Vec2i __cdecl gui::Widget::getTargetPosition_(void) const,method,gui,Widget,getTargetPosition_,void,True,False,True,False,False,False,True
1314,1313,0x521,?getTargetSize@Skin@skin@gui@@QEBA?BVVec2i@osg@@XZ,public: class osg::Vec2i const __cdecl gui::skin::Skin::getTargetSize(void) const,method,gui::skin,Skin,getTargetSize,void,True,False,False,False,False,False,True
1315,1314,0x522,?getTargetTexture@StaticSkin@skin@gui@@QEBA?AV?$Ptr@VuiBaseTexture@@VuiTextureCleaner@@@ed@@XZ,"public: class ed::Ptr<class uiBaseTexture, class uiTextureCleaner> __cdecl gui::skin::StaticSkin::getTargetTexture(void) const",method,gui::skin,StaticSkin,getTargetTexture,void,True,False,False,False,False,False,True
1316,1315,0x523,?getTargetWidget@GUI@gui@@QEBAPEAVWidget@2@XZ,public: class gui::Widget * __cdecl gui::GUI::getTargetWidget(void) const,method,gui,GUI,getTargetWidget,void,True,False,False,False,False,False,True
1317,1316,0x524,?getTelemetry@GUI@gui@@SAPEAVIUserActionTelemetry@inter@@XZ,public: static class inter::IUserActionTelemetry * __cdecl gui::GUI::getTelemetry(void),method,gui,GUI,getTelemetry,void,False,True,False,False,False,False,True
1318,1317,0x525,?getText@ComboBox@gui@@UEBAAEBV?$basic_string@_W@ed@@XZ,public: virtual class ed::basic_string<wchar_t> const & __cdecl gui::ComboBox::getText(void) const,method,gui,ComboBox,getText,void,True,False,True,False,False,False,True
1319,1318,0x526,?getText@Data@skin@gui@@QEBAPEBUInfo@Text@3@W4InteractiveState@23@H@Z,"public: struct gui::Text::Info const * __cdecl gui::skin::Data::getText(enum gui::skin::InteractiveState, int) const",method,gui::skin,Data,getText,"enum gui::skin::InteractiveState, int",True,False,False,False,False,False,True
1320,1319,0x527,?getText@EditBox@gui@@UEBAAEBV?$basic_string@_W@ed@@XZ,public: virtual class ed::basic_string<wchar_t> const & __cdecl gui::EditBox::getText(void) const,method,gui,EditBox,getText,void,True,False,True,False,False,False,True
1321,1320,0x528,?getText@Widget@gui@@UEBAAEBV?$basic_string@_W@ed@@XZ,public: virtual class ed::basic_string<wchar_t> const & __cdecl gui::Widget::getText(void) const,method,gui,Widget,getText,void,True,False,True,False,False,False,True
1322,1321,0x529,?getTextColor@EditBoxSkin@skin@gui@@QEBAAEBVVec4f@osg@@XZ,public: class osg::Vec4f const & __cdecl gui::skin::EditBoxSkin::getTextColor(void) const,method,gui::skin,EditBoxSkin,getTextColor,void,True,False,False,False,False,False,True
1323,1322,0x52A,?getTextFromClipboard@textutil@@YA?AV?$basic_string@_W@ed@@XZ,class ed::basic_string<wchar_t> __cdecl textutil::getTextFromClipboard(void),method,,textutil,getTextFromClipboard,void,False,False,False,False,False,False,True
1324,1323,0x52B,?getTextHasTabs@textutil@@YA_NV?$basic_string_view@_WU?$char_traits@_W@std@@@std@@@Z,"bool __cdecl textutil::getTextHasTabs(class std::basic_string_view<wchar_t, struct std::char_traits<wchar_t>>)",method,,textutil,getTextHasTabs,"class std::basic_string_view<wchar_t, struct std::char_traits<wchar_t>>",False,False,False,False,False,False,True
1325,1324,0x52C,?getTextLines@Skin@skin@gui@@QEAA?AV?$span@$$CBV?$basic_string@_W@ed@@$0?0@ed@@XZ,"public: class ed::span<class ed::basic_string<wchar_t> const, -1> __cdecl gui::skin::Skin::getTextLines(void)",method,gui::skin,Skin,getTextLines,void,False,False,False,False,False,False,True
1326,1325,0x52D,?getTextLines@Text@gui@@QEBA@XZ,public: __cdecl gui::Text::getTextLines(void) const,method,gui,Text,getTextLines,void,True,False,False,False,False,False,True
1327,1326,0x52E,?getTextLines_@EditBox@gui@@IEBAXV?$basic_string_view@_WU?$char_traits@_W@std@@@std@@AEAV?$vector@V?$basic_string@_W@ed@@V?$allocator@V?$basic_string@_W@ed@@@2@@ed@@@Z,"protected: void __cdecl gui::EditBox::getTextLines_(class std::basic_string_view<wchar_t, struct std::char_traits<wchar_t>>, class ed::vector<class ed::basic_string<wchar_t>, class ed::allocator<class ed::basic_string<wchar_t>>> &) const",method,gui,EditBox,getTextLines_,"class std::basic_string_view<wchar_t, struct std::char_traits<wchar_t>>, class ed::vector<class ed::basic_string<wchar_t>, class ed::allocator<class ed::basic_string<wchar_t>>> &",True,False,False,False,False,False,True
1328,1327,0x52F,?getTextSize_@EditBox@gui@@IEBA?AVVec2i@osg@@XZ,protected: class osg::Vec2i __cdecl gui::EditBox::getTextSize_(void) const,method,gui,EditBox,getTextSize_,void,True,False,False,False,False,False,True
1329,1328,0x530,?getTextSkin@AutoScrollTextSkin@skin@gui@@QEBAPEAVSkin@23@XZ,public: class gui::skin::Skin * __cdecl gui::skin::AutoScrollTextSkin::getTextSkin(void) const,method,gui::skin,AutoScrollTextSkin,getTextSkin,void,True,False,False,False,False,False,True
1330,1329,0x531,?getTextTo@EditBox@gui@@QEBAXAEAV?$basic_string@_W@ed@@@Z,public: void __cdecl gui::EditBox::getTextTo(class ed::basic_string<wchar_t> &) const,method,gui,EditBox,getTextTo,class ed::basic_string<wchar_t> &,True,False,False,False,False,False,True
1331,1330,0x532,?getTextWrapping@EditBox@gui@@QEBA_NXZ,public: bool __cdecl gui::EditBox::getTextWrapping(void) const,method,gui,EditBox,getTextWrapping,void,True,False,False,False,False,False,True
1332,1331,0x533,?getTexture@Bkg@gui@@QEBA?AV?$Ptr@VuiBaseTexture@@VuiTextureCleaner@@@ed@@XZ,"public: class ed::Ptr<class uiBaseTexture, class uiTextureCleaner> __cdecl gui::Bkg::getTexture(void) const",method,gui,Bkg,getTexture,void,True,False,False,False,False,False,True
1333,1332,0x534,?getTexture@Image@gui@@QEBA?AV?$Ptr@VuiBaseTexture@@VuiTextureCleaner@@@ed@@XZ,"public: class ed::Ptr<class uiBaseTexture, class uiTextureCleaner> __cdecl gui::Image::getTexture(void) const",method,gui,Image,getTexture,void,True,False,False,False,False,False,True
1334,1333,0x535,?getThumb@ScrollBar@gui@@QEBAPEAVScrollBarThumb@2@XZ,public: class gui::ScrollBarThumb * __cdecl gui::ScrollBar::getThumb(void) const,method,gui,ScrollBar,getThumb,void,True,False,False,False,False,False,True
1335,1334,0x536,?getThumb@Slider@gui@@QEBAPEAVSliderThumb@2@XZ,public: class gui::SliderThumb * __cdecl gui::Slider::getThumb(void) const,method,gui,Slider,getThumb,void,True,False,False,False,False,False,True
1336,1335,0x537,?getThumbSkin@ScrollBarSkin@skin@gui@@QEBAPEAVScrollBarThumbSkin@23@XZ,public: class gui::skin::ScrollBarThumbSkin * __cdecl gui::skin::ScrollBarSkin::getThumbSkin(void) const,method,gui::skin,ScrollBarSkin,getThumbSkin,void,True,False,False,False,False,False,True
1337,1336,0x538,?getThumbSkin@SliderSkin@skin@gui@@QEBAPEAVSkin@23@XZ,public: class gui::skin::Skin * __cdecl gui::skin::SliderSkin::getThumbSkin(void) const,method,gui::skin,SliderSkin,getThumbSkin,void,True,False,False,False,False,False,True
1338,1337,0x539,?getThumbValue@ScrollBarBase@gui@@UEBANXZ,public: virtual double __cdecl gui::ScrollBarBase::getThumbValue(void) const,method,gui,ScrollBarBase,getThumbValue,void,True,False,True,False,False,False,True
1339,1338,0x53A,?getTileHorizontally@Image@gui@@QEBA_NXZ,public: bool __cdecl gui::Image::getTileHorizontally(void) const,method,gui,Image,getTileHorizontally,void,True,False,False,False,False,False,True
1340,1339,0x53B,?getTileVertically@Image@gui@@QEBA_NXZ,public: bool __cdecl gui::Image::getTileVertically(void) const,method,gui,Image,getTileVertically,void,True,False,False,False,False,False,True
1341,1340,0x53C,?getTime@UpdateManager@gui@@QEBANXZ,public: double __cdecl gui::UpdateManager::getTime(void) const,method,gui,UpdateManager,getTime,void,True,False,False,False,False,False,True
1342,1341,0x53D,?getTooltipSkin@Widget@gui@@UEBAPEAVSkin@skin@2@XZ,public: virtual class gui::skin::Skin * __cdecl gui::Widget::getTooltipSkin(void) const,method,gui,Widget,getTooltipSkin,void,True,False,True,False,False,False,True
1343,1342,0x53E,?getTooltipText@Widget@gui@@UEBAAEBV?$basic_string@_W@ed@@XZ,public: virtual class ed::basic_string<wchar_t> const & __cdecl gui::Widget::getTooltipText(void) const,method,gui,Widget,getTooltipText,void,True,False,True,False,False,False,True
1344,1343,0x53F,?getTooltipText@WindowsManager@gui@@QEBAAEBV?$basic_string@_W@ed@@XZ,public: class ed::basic_string<wchar_t> const & __cdecl gui::WindowsManager::getTooltipText(void) const,method,gui,WindowsManager,getTooltipText,void,True,False,False,False,False,False,True
1345,1344,0x540,?getTooltipWidget@EditBox@gui@@UEBAPEAVWidget@2@AEBVVec2i@osg@@@Z,public: virtual class gui::Widget * __cdecl gui::EditBox::getTooltipWidget(class osg::Vec2i const &) const,method,gui,EditBox,getTooltipWidget,class osg::Vec2i const &,True,False,True,False,False,False,True
1346,1345,0x541,?getTooltipWidget@Widget@gui@@UEBAPEAV12@AEBVVec2i@osg@@@Z,public: virtual class gui::Widget * __cdecl gui::Widget::getTooltipWidget(class osg::Vec2i const &) const,method,gui,Widget,getTooltipWidget,class osg::Vec2i const &,True,False,True,False,False,False,True
1347,1346,0x542,?getTransparentForUserInput@Window@gui@@UEBA_NXZ,public: virtual bool __cdecl gui::Window::getTransparentForUserInput(void) const,method,gui,Window,getTransparentForUserInput,void,True,False,True,False,False,False,True
1348,1347,0x543,?getType@Align@gui@@QEBA?AW4Type@12@XZ,public: enum gui::Align::Type __cdecl gui::Align::getType(void) const,method,gui,Align,getType,void,True,False,False,False,False,False,True
1349,1348,0x544,?getType@AnchorLayout@gui@@UEBAPEBDXZ,public: virtual char const * __cdecl gui::AnchorLayout::getType(void) const,method,gui,AnchorLayout,getType,void,True,False,True,False,False,False,True
1350,1349,0x545,?getType@BorderLayout@gui@@UEBAPEBDXZ,public: virtual char const * __cdecl gui::BorderLayout::getType(void) const,method,gui,BorderLayout,getType,void,True,False,True,False,False,False,True
1351,1350,0x546,?getType@FormLayout@gui@@UEBAPEBDXZ,public: virtual char const * __cdecl gui::FormLayout::getType(void) const,method,gui,FormLayout,getType,void,True,False,True,False,False,False,True
1352,1351,0x547,?getType@HorzLayout@gui@@UEBAPEBDXZ,public: virtual char const * __cdecl gui::HorzLayout::getType(void) const,method,gui,HorzLayout,getType,void,True,False,True,False,False,False,True
1353,1352,0x548,?getType@VertLayout@gui@@UEBAPEBDXZ,public: virtual char const * __cdecl gui::VertLayout::getType(void) const,method,gui,VertLayout,getType,void,True,False,True,False,False,False,True
1354,1353,0x549,?getUseEllipsis@Text@gui@@QEBA_NXZ,public: bool __cdecl gui::Text::getUseEllipsis(void) const,method,gui,Text,getUseEllipsis,void,True,False,False,False,False,False,True
1355,1354,0x54A,?getUserTexSampler@Image@gui@@QEBAHXZ,public: int __cdecl gui::Image::getUserTexSampler(void) const,method,gui,Image,getUserTexSampler,void,True,False,False,False,False,False,True
1356,1355,0x54B,?getValue@Dial@gui@@UEBANXZ,public: virtual double __cdecl gui::Dial::getValue(void) const,method,gui,Dial,getValue,void,True,False,True,False,False,False,True
1357,1356,0x54C,?getValue@ProgressBar@gui@@UEBANXZ,public: virtual double __cdecl gui::ProgressBar::getValue(void) const,method,gui,ProgressBar,getValue,void,True,False,True,False,False,False,True
1358,1357,0x54D,?getValue@ScrollBarBase@gui@@UEBANXZ,public: virtual double __cdecl gui::ScrollBarBase::getValue(void) const,method,gui,ScrollBarBase,getValue,void,True,False,True,False,False,False,True
1359,1358,0x54E,?getValue@ScrollBarThumb@gui@@UEBANXZ,public: virtual double __cdecl gui::ScrollBarThumb::getValue(void) const,method,gui,ScrollBarThumb,getValue,void,True,False,True,False,False,False,True
1360,1359,0x54F,?getValue@Slider@gui@@UEBANXZ,public: virtual double __cdecl gui::Slider::getValue(void) const,method,gui,Slider,getValue,void,True,False,True,False,False,False,True
1361,1360,0x550,?getValue@SliderThumb@gui@@UEBANXZ,public: virtual double __cdecl gui::SliderThumb::getValue(void) const,method,gui,SliderThumb,getValue,void,True,False,True,False,False,False,True
1362,1361,0x551,?getValue@SpinBox@gui@@UEBANXZ,public: virtual double __cdecl gui::SpinBox::getValue(void) const,method,gui,SpinBox,getValue,void,True,False,True,False,False,False,True
1363,1362,0x552,?getValueRange@RangeIndicator@gui@@UEBAXAEAN0@Z,"public: virtual void __cdecl gui::RangeIndicator::getValueRange(double &, double &) const",method,gui,RangeIndicator,getValueRange,"double &, double &",True,False,True,False,False,False,True
1364,1363,0x553,?getValues@Chart@gui@@QEBAAEBV?$vector@MV?$allocator@M@ed@@@ed@@XZ,"public: class ed::vector<float, class ed::allocator<float>> const & __cdecl gui::Chart::getValues(void) const",method,gui,Chart,getValues,void,True,False,False,False,False,False,True
1365,1364,0x554,?getVertAlign@Align2@gui@@QEBAAEBVAlign@2@XZ,public: class gui::Align const & __cdecl gui::Align2::getVertAlign(void) const,method,gui,Align2,getVertAlign,void,True,False,False,False,False,False,True
1366,1365,0x555,?getVertAlign@HorzLayout@gui@@QEBAAEBVAlign@2@XZ,public: class gui::Align const & __cdecl gui::HorzLayout::getVertAlign(void) const,method,gui,HorzLayout,getVertAlign,void,True,False,False,False,False,False,True
1367,1366,0x556,?getVertAlign@VertLayout@gui@@QEBAAEBVAlign@2@XZ,public: class gui::Align const & __cdecl gui::VertLayout::getVertAlign(void) const,method,gui,VertLayout,getVertAlign,void,True,False,False,False,False,False,True
1368,1367,0x557,?getVertGap@BorderLayout@gui@@QEBAHXZ,public: int __cdecl gui::BorderLayout::getVertGap(void) const,method,gui,BorderLayout,getVertGap,void,True,False,False,False,False,False,True
1369,1368,0x558,?getVertGap@FormLayout@gui@@QEBAHXZ,public: int __cdecl gui::FormLayout::getVertGap(void) const,method,gui,FormLayout,getVertGap,void,True,False,False,False,False,False,True
1370,1369,0x559,?getVertMouseWheel@ScrollPane@gui@@QEBA_NXZ,public: bool __cdecl gui::ScrollPane::getVertMouseWheel(void) const,method,gui,ScrollPane,getVertMouseWheel,void,True,False,False,False,False,False,True
1371,1370,0x55A,?getVertScrollBar@EditBox@gui@@QEBAPEAVScrollBar@2@XZ,public: class gui::ScrollBar * __cdecl gui::EditBox::getVertScrollBar(void) const,method,gui,EditBox,getVertScrollBar,void,True,False,False,False,False,False,True
1372,1371,0x55B,?getVertScrollBar@Grid@gui@@QEBAPEAVScrollBar@2@XZ,public: class gui::ScrollBar * __cdecl gui::Grid::getVertScrollBar(void) const,method,gui,Grid,getVertScrollBar,void,True,False,False,False,False,False,True
1373,1372,0x55C,?getVertScrollBar@ListBoxBase@gui@@QEBAPEAVScrollBar@2@XZ,public: class gui::ScrollBar * __cdecl gui::ListBoxBase::getVertScrollBar(void) const,method,gui,ListBoxBase,getVertScrollBar,void,True,False,False,False,False,False,True
1374,1373,0x55D,?getVertScrollBar@ScrollPane@gui@@QEBAPEAVScrollBar@2@XZ,public: class gui::ScrollBar * __cdecl gui::ScrollPane::getVertScrollBar(void) const,method,gui,ScrollPane,getVertScrollBar,void,True,False,False,False,False,False,True
1375,1374,0x55E,?getVertScrollBarPageStep@Grid@gui@@QEBANXZ,public: double __cdecl gui::Grid::getVertScrollBarPageStep(void) const,method,gui,Grid,getVertScrollBarPageStep,void,True,False,False,False,False,False,True
1376,1375,0x55F,?getVertScrollBarPageStep@ScrollPane@gui@@QEBANXZ,public: double __cdecl gui::ScrollPane::getVertScrollBarPageStep(void) const,method,gui,ScrollPane,getVertScrollBarPageStep,void,True,False,False,False,False,False,True
1377,1376,0x560,?getVertScrollBarSkin@CheckListBoxSkin@skin@gui@@QEBAPEAVScrollBarSkin@23@XZ,public: class gui::skin::ScrollBarSkin * __cdecl gui::skin::CheckListBoxSkin::getVertScrollBarSkin(void) const,method,gui::skin,CheckListBoxSkin,getVertScrollBarSkin,void,True,False,False,False,False,False,True
1378,1377,0x561,?getVertScrollBarSkin@EditBoxSkin@skin@gui@@QEBAPEAVScrollBarSkin@23@XZ,public: class gui::skin::ScrollBarSkin * __cdecl gui::skin::EditBoxSkin::getVertScrollBarSkin(void) const,method,gui::skin,EditBoxSkin,getVertScrollBarSkin,void,True,False,False,False,False,False,True
1379,1378,0x562,?getVertScrollBarSkin@ListBoxSkin@skin@gui@@QEBAPEAVScrollBarSkin@23@XZ,public: class gui::skin::ScrollBarSkin * __cdecl gui::skin::ListBoxSkin::getVertScrollBarSkin(void) const,method,gui::skin,ListBoxSkin,getVertScrollBarSkin,void,True,False,False,False,False,False,True
1380,1379,0x563,?getVertScrollBarSkin@ScrollPaneSkin@skin@gui@@QEBAPEAVScrollBarSkin@23@XZ,public: class gui::skin::ScrollBarSkin * __cdecl gui::skin::ScrollPaneSkin::getVertScrollBarSkin(void) const,method,gui::skin,ScrollPaneSkin,getVertScrollBarSkin,void,True,False,False,False,False,False,True
1381,1380,0x564,?getVertScrollBarStep@Grid@gui@@QEBANXZ,public: double __cdecl gui::Grid::getVertScrollBarStep(void) const,method,gui,Grid,getVertScrollBarStep,void,True,False,False,False,False,False,True
1382,1381,0x565,?getVertScrollBarStep@ScrollPane@gui@@QEBANXZ,public: double __cdecl gui::ScrollPane::getVertScrollBarStep(void) const,method,gui,ScrollPane,getVertScrollBarStep,void,True,False,False,False,False,False,True
1383,1382,0x566,?getVertScrollBarValue_@EditBox@gui@@IEBAHXZ,protected: int __cdecl gui::EditBox::getVertScrollBarValue_(void) const,method,gui,EditBox,getVertScrollBarValue_,void,True,False,False,False,False,False,True
1384,1383,0x567,?getVertScrollBarValue_@Grid@gui@@MEBAHXZ,protected: virtual int __cdecl gui::Grid::getVertScrollBarValue_(void) const,method,gui,Grid,getVertScrollBarValue_,void,True,False,True,False,False,False,True
1385,1384,0x568,?getVertScrollBarWidth_@EditBox@gui@@IEBAHXZ,protected: int __cdecl gui::EditBox::getVertScrollBarWidth_(void) const,method,gui,EditBox,getVertScrollBarWidth_,void,True,False,False,False,False,False,True
1386,1385,0x569,?getVertScrollPosition@Grid@gui@@QEBAHXZ,public: int __cdecl gui::Grid::getVertScrollPosition(void) const,method,gui,Grid,getVertScrollPosition,void,True,False,False,False,False,False,True
1387,1386,0x56A,?getVertScrollRange@ScrollPane@gui@@QEBAXAEAN0@Z,"public: void __cdecl gui::ScrollPane::getVertScrollRange(double &, double &) const",method,gui,ScrollPane,getVertScrollRange,"double &, double &",True,False,False,False,False,False,True
1388,1387,0x56B,?getVertScrollValue@ScrollPane@gui@@QEBANXZ,public: double __cdecl gui::ScrollPane::getVertScrollValue(void) const,method,gui,ScrollPane,getVertScrollValue,void,True,False,False,False,False,False,True
1389,1388,0x56C,?getView@ComboList@gui@@QEBAPEAVComboListView@2@XZ,public: class gui::ComboListView * __cdecl gui::ComboList::getView(void) const,method,gui,ComboList,getView,void,True,False,False,False,False,False,True
1390,1389,0x56D,?getView@EditBox@gui@@QEBAPEAVEditBoxView@2@XZ,public: class gui::EditBoxView * __cdecl gui::EditBox::getView(void) const,method,gui,EditBox,getView,void,True,False,False,False,False,False,True
1391,1390,0x56E,?getView@Grid@gui@@QEBAPEAVGridView@2@XZ,public: class gui::GridView * __cdecl gui::Grid::getView(void) const,method,gui,Grid,getView,void,True,False,False,False,False,False,True
1392,1391,0x56F,?getView@ListBoxBase@gui@@QEBAPEAVListBoxViewBase@2@XZ,public: class gui::ListBoxViewBase * __cdecl gui::ListBoxBase::getView(void) const,method,gui,ListBoxBase,getView,void,True,False,False,False,False,False,True
1393,1392,0x570,?getView@ScrollPane@gui@@QEBAPEAVScrollPaneView@2@XZ,public: class gui::ScrollPaneView * __cdecl gui::ScrollPane::getView(void) const,method,gui,ScrollPane,getView,void,True,False,False,False,False,False,True
1394,1393,0x571,?getView@WindowBase@gui@@QEBAPEAVWindowView@2@XZ,public: class gui::WindowView * __cdecl gui::WindowBase::getView(void) const,method,gui,WindowBase,getView,void,True,False,False,False,False,False,True
1395,1394,0x572,?getViewPosition@EditBoxCaret@gui@@QEBAAEBVVec2i@osg@@XZ,public: class osg::Vec2i const & __cdecl gui::EditBoxCaret::getViewPosition(void) const,method,gui,EditBoxCaret,getViewPosition,void,True,False,False,False,False,False,True
1396,1395,0x573,?getViewSkin@ComboListSkin@skin@gui@@QEBAPEAVSkin@23@XZ,public: class gui::skin::Skin * __cdecl gui::skin::ComboListSkin::getViewSkin(void) const,method,gui::skin,ComboListSkin,getViewSkin,void,True,False,False,False,False,False,True
1397,1396,0x574,?getViewSkin@EditBoxSkin@skin@gui@@QEBAPEAVSkin@23@XZ,public: class gui::skin::Skin * __cdecl gui::skin::EditBoxSkin::getViewSkin(void) const,method,gui::skin,EditBoxSkin,getViewSkin,void,True,False,False,False,False,False,True
1398,1397,0x575,?getViewSkin@ScrollPaneSkin@skin@gui@@QEBAPEAVSkin@23@XZ,public: class gui::skin::Skin * __cdecl gui::skin::ScrollPaneSkin::getViewSkin(void) const,method,gui::skin,ScrollPaneSkin,getViewSkin,void,True,False,False,False,False,False,True
1399,1398,0x576,?getViewSkin@WindowBaseSkin@skin@gui@@QEBAPEAVSkin@23@XZ,public: class gui::skin::Skin * __cdecl gui::skin::WindowBaseSkin::getViewSkin(void) const,method,gui::skin,WindowBaseSkin,getViewSkin,void,True,False,False,False,False,False,True
1400,1399,0x577,?getViewportPosition@GUI@gui@@QEBAAEBVVec2i@osg@@XZ,public: class osg::Vec2i const & __cdecl gui::GUI::getViewportPosition(void) const,method,gui,GUI,getViewportPosition,void,True,False,False,False,False,False,True
1401,1400,0x578,?getViewportSize@GUI@gui@@QEBAAEBVVec2i@osg@@XZ,public: class osg::Vec2i const & __cdecl gui::GUI::getViewportSize(void) const,method,gui,GUI,getViewportSize,void,True,False,False,False,False,False,True
1402,1401,0x579,?getVisible@Widget@gui@@UEBA_N_N@Z,public: virtual bool __cdecl gui::Widget::getVisible(bool) const,method,gui,Widget,getVisible,bool,True,False,True,False,False,False,True
1403,1402,0x57A,?getVisible@WindowHeader@gui@@UEBA_NXZ,public: virtual bool __cdecl gui::WindowHeader::getVisible(void) const,method,gui,WindowHeader,getVisible,void,True,False,True,False,False,False,True
1404,1403,0x57B,?getVisibleColumns_@Grid@gui@@IEBAXAEAV?$vector@HV?$allocator@H@ed@@@ed@@AEAH@Z,"protected: void __cdecl gui::Grid::getVisibleColumns_(class ed::vector<int, class ed::allocator<int>> &, int &) const",method,gui,Grid,getVisibleColumns_,"class ed::vector<int, class ed::allocator<int>> &, int &",True,False,False,False,False,False,True
1405,1404,0x57C,?getVisibleItemCount@ListBoxBase@gui@@QEBAHXZ,public: int __cdecl gui::ListBoxBase::getVisibleItemCount(void) const,method,gui,ListBoxBase,getVisibleItemCount,void,True,False,False,False,False,False,True
1406,1405,0x57D,?getVisibleItemCount_@ListBoxBase@gui@@MEBAHXZ,protected: virtual int __cdecl gui::ListBoxBase::getVisibleItemCount_(void) const,method,gui,ListBoxBase,getVisibleItemCount_,void,True,False,True,False,False,False,True
1407,1406,0x57E,?getVisibleItemsIndices2_@ListBoxBase@gui@@MEBA?AV?$vector@HV?$allocator@H@ed@@@ed@@XZ,"protected: virtual class ed::vector<int, class ed::allocator<int>> __cdecl gui::ListBoxBase::getVisibleItemsIndices2_(void) const",method,gui,ListBoxBase,getVisibleItemsIndices2_,void,True,False,True,False,False,False,True
1408,1407,0x57F,?getVisibleItemsIndices_@ListBoxBase@gui@@MEBA_NAEAH0@Z,"protected: virtual bool __cdecl gui::ListBoxBase::getVisibleItemsIndices_(int &, int &) const",method,gui,ListBoxBase,getVisibleItemsIndices_,"int &, int &",True,False,True,False,False,False,True
1409,1408,0x580,?getVisibleItems_@EditBox@gui@@MEBAXAEAV?$vector@PEAVEditBoxItem@gui@@V?$allocator@PEAVEditBoxItem@gui@@@ed@@@ed@@@Z,"protected: virtual void __cdecl gui::EditBox::getVisibleItems_(class ed::vector<class gui::EditBoxItem *, class ed::allocator<class gui::EditBoxItem *>> &) const",method,gui,EditBox,getVisibleItems_,"class ed::vector<class gui::EditBoxItem *, class ed::allocator<class gui::EditBoxItem *>> &",True,False,True,False,False,False,True
1410,1409,0x581,?getVisibleLineCount_@EditBox@gui@@MEBAHXZ,protected: virtual int __cdecl gui::EditBox::getVisibleLineCount_(void) const,method,gui,EditBox,getVisibleLineCount_,void,True,False,True,False,False,False,True
1411,1410,0x582,?getVisibleRows_@Grid@gui@@IEBAAEBV?$vector@HV?$allocator@H@ed@@@ed@@XZ,"protected: class ed::vector<int, class ed::allocator<int>> const & __cdecl gui::Grid::getVisibleRows_(void) const",method,gui,Grid,getVisibleRows_,void,True,False,False,False,False,False,True
1412,1411,0x583,?getWidget@BuddyWindow@gui@@UEBAPEAVWidget@2@H@Z,public: virtual class gui::Widget * __cdecl gui::BuddyWindow::getWidget(int) const,method,gui,BuddyWindow,getWidget,int,True,False,True,False,False,False,True
1413,1412,0x584,?getWidget@Container@gui@@UEBAPEAVWidget@2@H@Z,public: virtual class gui::Widget * __cdecl gui::Container::getWidget(int) const,method,gui,Container,getWidget,int,True,False,True,False,False,False,True
1414,1413,0x585,?getWidget@Menu@gui@@UEBAPEAVMenuItemBase@2@H@Z,public: virtual class gui::MenuItemBase * __cdecl gui::Menu::getWidget(int) const,method,gui,Menu,getWidget,int,True,False,True,False,False,False,True
1415,1414,0x586,?getWidget@PieMenu@gui@@UEBAPEAVPieMenuItem@2@H@Z,public: virtual class gui::PieMenuItem * __cdecl gui::PieMenu::getWidget(int) const,method,gui,PieMenu,getWidget,int,True,False,True,False,False,False,True
1416,1415,0x587,?getWidget@ScrollPane@gui@@UEBAPEAVWidget@2@H@Z,public: virtual class gui::Widget * __cdecl gui::ScrollPane::getWidget(int) const,method,gui,ScrollPane,getWidget,int,True,False,True,False,False,False,True
1417,1416,0x588,?getWidget@WindowBase@gui@@UEBAPEAVWidget@2@H@Z,public: virtual class gui::Widget * __cdecl gui::WindowBase::getWidget(int) const,method,gui,WindowBase,getWidget,int,True,False,True,False,False,False,True
1418,1417,0x589,?getWidgetAtScreenPoint@Container@gui@@UEBAPEAVWidget@2@AEBVVec2i@osg@@@Z,public: virtual class gui::Widget * __cdecl gui::Container::getWidgetAtScreenPoint(class osg::Vec2i const &) const,method,gui,Container,getWidgetAtScreenPoint,class osg::Vec2i const &,True,False,True,False,False,False,True
1419,1418,0x58A,?getWidgetAtScreenPoint@PieMenu@gui@@UEBAPEAVWidget@2@AEBVVec2i@osg@@@Z,public: virtual class gui::Widget * __cdecl gui::PieMenu::getWidgetAtScreenPoint(class osg::Vec2i const &) const,method,gui,PieMenu,getWidgetAtScreenPoint,class osg::Vec2i const &,True,False,True,False,False,False,True
1420,1419,0x58B,?getWidgetAtScreenPoint@Widget@gui@@UEBAPEAV12@AEBVVec2i@osg@@@Z,public: virtual class gui::Widget * __cdecl gui::Widget::getWidgetAtScreenPoint(class osg::Vec2i const &) const,method,gui,Widget,getWidgetAtScreenPoint,class osg::Vec2i const &,True,False,True,False,False,False,True
1421,1420,0x58C,?getWidgetAtScreenPoint_@Widget@gui@@IEBAPEAV12@AEBVVec2i@osg@@@Z,protected: class gui::Widget * __cdecl gui::Widget::getWidgetAtScreenPoint_(class osg::Vec2i const &) const,method,gui,Widget,getWidgetAtScreenPoint_,class osg::Vec2i const &,True,False,False,False,False,False,True
1422,1421,0x58D,?getWidgetCallbackType@gui@@YAHAEBV?$basic_string@D@ed@@@Z,int __cdecl gui::getWidgetCallbackType(class ed::basic_string<char> const &),method,,gui,getWidgetCallbackType,class ed::basic_string<char> const &,False,False,False,False,False,False,True
1423,1422,0x58E,?getWidgetCount@BuddyWindow@gui@@UEBAHXZ,public: virtual int __cdecl gui::BuddyWindow::getWidgetCount(void) const,method,gui,BuddyWindow,getWidgetCount,void,True,False,True,False,False,False,True
1424,1423,0x58F,?getWidgetCount@Container@gui@@UEBAHXZ,public: virtual int __cdecl gui::Container::getWidgetCount(void) const,method,gui,Container,getWidgetCount,void,True,False,True,False,False,False,True
1425,1424,0x590,?getWidgetCount@Menu@gui@@UEBAHXZ,public: virtual int __cdecl gui::Menu::getWidgetCount(void) const,method,gui,Menu,getWidgetCount,void,True,False,True,False,False,False,True
1426,1425,0x591,?getWidgetCount@PieMenu@gui@@UEBAHXZ,public: virtual int __cdecl gui::PieMenu::getWidgetCount(void) const,method,gui,PieMenu,getWidgetCount,void,True,False,True,False,False,False,True
1427,1426,0x592,?getWidgetCount@ScrollPane@gui@@UEBAHXZ,public: virtual int __cdecl gui::ScrollPane::getWidgetCount(void) const,method,gui,ScrollPane,getWidgetCount,void,True,False,True,False,False,False,True
1428,1427,0x593,?getWidgetCount@WindowBase@gui@@UEBAHXZ,public: virtual int __cdecl gui::WindowBase::getWidgetCount(void) const,method,gui,WindowBase,getWidgetCount,void,True,False,True,False,False,False,True
1429,1428,0x594,?getWidgetCount_@Container@gui@@MEBAHXZ,protected: virtual int __cdecl gui::Container::getWidgetCount_(void) const,method,gui,Container,getWidgetCount_,void,True,False,True,False,False,False,True
1430,1429,0x595,?getWidgetIndex@GridHeaderCell@gui@@QEBAHPEAVWidget@2@@Z,public: int __cdecl gui::GridHeaderCell::getWidgetIndex(class gui::Widget *) const,method,gui,GridHeaderCell,getWidgetIndex,class gui::Widget *,True,False,False,False,False,False,True
1431,1430,0x596,?getWidgetIndex@Menu@gui@@QEBAHPEAVMenuItemBase@2@@Z,public: int __cdecl gui::Menu::getWidgetIndex(class gui::MenuItemBase *) const,method,gui,Menu,getWidgetIndex,class gui::MenuItemBase *,True,False,False,False,False,False,True
1432,1431,0x597,?getWidgetIndex@Panel@gui@@QEBAHPEAVWidget@2@@Z,public: int __cdecl gui::Panel::getWidgetIndex(class gui::Widget *) const,method,gui,Panel,getWidgetIndex,class gui::Widget *,True,False,False,False,False,False,True
1433,1432,0x598,?getWidgetIndex@PieMenu@gui@@QEBAHPEAVPieMenuItem@2@@Z,public: int __cdecl gui::PieMenu::getWidgetIndex(class gui::PieMenuItem *) const,method,gui,PieMenu,getWidgetIndex,class gui::PieMenuItem *,True,False,False,False,False,False,True
1434,1433,0x599,?getWidgetIndex@ScrollPane@gui@@QEBAHPEAVWidget@2@@Z,public: int __cdecl gui::ScrollPane::getWidgetIndex(class gui::Widget *) const,method,gui,ScrollPane,getWidgetIndex,class gui::Widget *,True,False,False,False,False,False,True
1435,1434,0x59A,?getWidgetIndex_@Container@gui@@MEBAHPEAVWidget@2@@Z,protected: virtual int __cdecl gui::Container::getWidgetIndex_(class gui::Widget *) const,method,gui,Container,getWidgetIndex_,class gui::Widget *,True,False,True,False,False,False,True
1436,1435,0x59B,?getWidgetNonZoomedSize_@Skin@skin@gui@@MEBA?AVVec2i@osg@@XZ,protected: virtual class osg::Vec2i __cdecl gui::skin::Skin::getWidgetNonZoomedSize_(void) const,method,gui::skin,Skin,getWidgetNonZoomedSize_,void,True,False,True,False,False,False,True
1437,1436,0x59C,?getWidgetSkin@Widget@gui@@UEBAPEAVSkin@skin@2@XZ,public: virtual class gui::skin::Skin * __cdecl gui::Widget::getWidgetSkin(void) const,method,gui,Widget,getWidgetSkin,void,True,False,True,False,False,False,True
1438,1437,0x59D,?getWidgetType@AnimatedColorStatic@gui@@UEBAPEBDXZ,public: virtual char const * __cdecl gui::AnimatedColorStatic::getWidgetType(void) const,method,gui,AnimatedColorStatic,getWidgetType,void,True,False,True,False,False,False,True
1439,1438,0x59E,?getWidgetType@Button@gui@@UEBAPEBDXZ,public: virtual char const * __cdecl gui::Button::getWidgetType(void) const,method,gui,Button,getWidgetType,void,True,False,True,False,False,False,True
1440,1439,0x59F,?getWidgetType@CheckBox@gui@@UEBAPEBDXZ,public: virtual char const * __cdecl gui::CheckBox::getWidgetType(void) const,method,gui,CheckBox,getWidgetType,void,True,False,True,False,False,False,True
1441,1440,0x5A0,?getWidgetType@CheckListBox@gui@@UEBAPEBDXZ,public: virtual char const * __cdecl gui::CheckListBox::getWidgetType(void) const,method,gui,CheckListBox,getWidgetType,void,True,False,True,False,False,False,True
1442,1441,0x5A1,?getWidgetType@CheckListBoxLine@gui@@UEBAPEBDXZ,public: virtual char const * __cdecl gui::CheckListBoxLine::getWidgetType(void) const,method,gui,CheckListBoxLine,getWidgetType,void,True,False,True,False,False,False,True
1443,1442,0x5A2,?getWidgetType@ColorTextStatic@gui@@UEBAPEBDXZ,public: virtual char const * __cdecl gui::ColorTextStatic::getWidgetType(void) const,method,gui,ColorTextStatic,getWidgetType,void,True,False,True,False,False,False,True
1444,1443,0x5A3,?getWidgetType@ComboBox@gui@@UEBAPEBDXZ,public: virtual char const * __cdecl gui::ComboBox::getWidgetType(void) const,method,gui,ComboBox,getWidgetType,void,True,False,True,False,False,False,True
1445,1444,0x5A4,?getWidgetType@ComboList@gui@@UEBAPEBDXZ,public: virtual char const * __cdecl gui::ComboList::getWidgetType(void) const,method,gui,ComboList,getWidgetType,void,True,False,True,False,False,False,True
1446,1445,0x5A5,?getWidgetType@Dial@gui@@UEBAPEBDXZ,public: virtual char const * __cdecl gui::Dial::getWidgetType(void) const,method,gui,Dial,getWidgetType,void,True,False,True,False,False,False,True
1447,1446,0x5A6,?getWidgetType@EditBox@gui@@UEBAPEBDXZ,public: virtual char const * __cdecl gui::EditBox::getWidgetType(void) const,method,gui,EditBox,getWidgetType,void,True,False,True,False,False,False,True
1448,1447,0x5A7,?getWidgetType@Grid@gui@@UEBAPEBDXZ,public: virtual char const * __cdecl gui::Grid::getWidgetType(void) const,method,gui,Grid,getWidgetType,void,True,False,True,False,False,False,True
1449,1448,0x5A8,?getWidgetType@GridHeaderCell@gui@@UEBAPEBDXZ,public: virtual char const * __cdecl gui::GridHeaderCell::getWidgetType(void) const,method,gui,GridHeaderCell,getWidgetType,void,True,False,True,False,False,False,True
1450,1449,0x5A9,?getWidgetType@HorzProgressBar@gui@@UEBAPEBDXZ,public: virtual char const * __cdecl gui::HorzProgressBar::getWidgetType(void) const,method,gui,HorzProgressBar,getWidgetType,void,True,False,True,False,False,False,True
1451,1450,0x5AA,?getWidgetType@HorzRangeIndicator@gui@@UEBAPEBDXZ,public: virtual char const * __cdecl gui::HorzRangeIndicator::getWidgetType(void) const,method,gui,HorzRangeIndicator,getWidgetType,void,True,False,True,False,False,False,True
1452,1451,0x5AB,?getWidgetType@HorzScrollBar@gui@@UEBAPEBDXZ,public: virtual char const * __cdecl gui::HorzScrollBar::getWidgetType(void) const,method,gui,HorzScrollBar,getWidgetType,void,True,False,True,False,False,False,True
1453,1452,0x5AC,?getWidgetType@HorzSlider@gui@@UEBAPEBDXZ,public: virtual char const * __cdecl gui::HorzSlider::getWidgetType(void) const,method,gui,HorzSlider,getWidgetType,void,True,False,True,False,False,False,True
1454,1453,0x5AD,?getWidgetType@ListBox@gui@@UEBAPEBDXZ,public: virtual char const * __cdecl gui::ListBox::getWidgetType(void) const,method,gui,ListBox,getWidgetType,void,True,False,True,False,False,False,True
1455,1454,0x5AE,?getWidgetType@ListBoxLine@gui@@UEBAPEBDXZ,public: virtual char const * __cdecl gui::ListBoxLine::getWidgetType(void) const,method,gui,ListBoxLine,getWidgetType,void,True,False,True,False,False,False,True
1456,1455,0x5AF,?getWidgetType@Menu@gui@@UEBAPEBDXZ,public: virtual char const * __cdecl gui::Menu::getWidgetType(void) const,method,gui,Menu,getWidgetType,void,True,False,True,False,False,False,True
1457,1456,0x5B0,?getWidgetType@MenuBar@gui@@UEBAPEBDXZ,public: virtual char const * __cdecl gui::MenuBar::getWidgetType(void) const,method,gui,MenuBar,getWidgetType,void,True,False,True,False,False,False,True
1458,1457,0x5B1,?getWidgetType@MenuBarItem@gui@@UEBAPEBDXZ,public: virtual char const * __cdecl gui::MenuBarItem::getWidgetType(void) const,method,gui,MenuBarItem,getWidgetType,void,True,False,True,False,False,False,True
1459,1458,0x5B2,?getWidgetType@MenuCheckItem@gui@@UEBAPEBDXZ,public: virtual char const * __cdecl gui::MenuCheckItem::getWidgetType(void) const,method,gui,MenuCheckItem,getWidgetType,void,True,False,True,False,False,False,True
1460,1459,0x5B3,?getWidgetType@MenuItem@gui@@UEBAPEBDXZ,public: virtual char const * __cdecl gui::MenuItem::getWidgetType(void) const,method,gui,MenuItem,getWidgetType,void,True,False,True,False,False,False,True
1461,1460,0x5B4,?getWidgetType@MenuRadioItem@gui@@UEBAPEBDXZ,public: virtual char const * __cdecl gui::MenuRadioItem::getWidgetType(void) const,method,gui,MenuRadioItem,getWidgetType,void,True,False,True,False,False,False,True
1462,1461,0x5B5,?getWidgetType@MenuSeparatorItem@gui@@UEBAPEBDXZ,public: virtual char const * __cdecl gui::MenuSeparatorItem::getWidgetType(void) const,method,gui,MenuSeparatorItem,getWidgetType,void,True,False,True,False,False,False,True
1463,1462,0x5B6,?getWidgetType@MenuSubItem@gui@@UEBAPEBDXZ,public: virtual char const * __cdecl gui::MenuSubItem::getWidgetType(void) const,method,gui,MenuSubItem,getWidgetType,void,True,False,True,False,False,False,True
1464,1463,0x5B7,?getWidgetType@ModalWindow@gui@@UEBAPEBDXZ,public: virtual char const * __cdecl gui::ModalWindow::getWidgetType(void) const,method,gui,ModalWindow,getWidgetType,void,True,False,True,False,False,False,True
1465,1464,0x5B8,?getWidgetType@OverlayWindow@gui@@UEBAPEBDXZ,public: virtual char const * __cdecl gui::OverlayWindow::getWidgetType(void) const,method,gui,OverlayWindow,getWidgetType,void,True,False,True,False,False,False,True
1466,1465,0x5B9,?getWidgetType@Panel@gui@@UEBAPEBDXZ,public: virtual char const * __cdecl gui::Panel::getWidgetType(void) const,method,gui,Panel,getWidgetType,void,True,False,True,False,False,False,True
1467,1466,0x5BA,?getWidgetType@PieMenu@gui@@UEBAPEBDXZ,public: virtual char const * __cdecl gui::PieMenu::getWidgetType(void) const,method,gui,PieMenu,getWidgetType,void,True,False,True,False,False,False,True
1468,1467,0x5BB,?getWidgetType@PieMenuItem@gui@@UEBAPEBDXZ,public: virtual char const * __cdecl gui::PieMenuItem::getWidgetType(void) const,method,gui,PieMenuItem,getWidgetType,void,True,False,True,False,False,False,True
1469,1468,0x5BC,?getWidgetType@PieMenuSubItem@gui@@UEBAPEBDXZ,public: virtual char const * __cdecl gui::PieMenuSubItem::getWidgetType(void) const,method,gui,PieMenuSubItem,getWidgetType,void,True,False,True,False,False,False,True
1470,1469,0x5BD,?getWidgetType@RadioButton@gui@@UEBAPEBDXZ,public: virtual char const * __cdecl gui::RadioButton::getWidgetType(void) const,method,gui,RadioButton,getWidgetType,void,True,False,True,False,False,False,True
1471,1470,0x5BE,?getWidgetType@ScrollPane@gui@@UEBAPEBDXZ,public: virtual char const * __cdecl gui::ScrollPane::getWidgetType(void) const,method,gui,ScrollPane,getWidgetType,void,True,False,True,False,False,False,True
1472,1471,0x5BF,?getWidgetType@SpinBox@gui@@UEBAPEBDXZ,public: virtual char const * __cdecl gui::SpinBox::getWidgetType(void) const,method,gui,SpinBox,getWidgetType,void,True,False,True,False,False,False,True
1473,1472,0x5C0,?getWidgetType@Static@gui@@UEBAPEBDXZ,public: virtual char const * __cdecl gui::Static::getWidgetType(void) const,method,gui,Static,getWidgetType,void,True,False,True,False,False,False,True
1474,1473,0x5C1,?getWidgetType@SwitchButton@gui@@UEBAPEBDXZ,public: virtual char const * __cdecl gui::SwitchButton::getWidgetType(void) const,method,gui,SwitchButton,getWidgetType,void,True,False,True,False,False,False,True
1475,1474,0x5C2,?getWidgetType@TabGroupItem@gui@@UEBAPEBDXZ,public: virtual char const * __cdecl gui::TabGroupItem::getWidgetType(void) const,method,gui,TabGroupItem,getWidgetType,void,True,False,True,False,False,False,True
1476,1475,0x5C3,?getWidgetType@ToggleButton@gui@@UEBAPEBDXZ,public: virtual char const * __cdecl gui::ToggleButton::getWidgetType(void) const,method,gui,ToggleButton,getWidgetType,void,True,False,True,False,False,False,True
1477,1476,0x5C4,?getWidgetType@VertProgressBar@gui@@UEBAPEBDXZ,public: virtual char const * __cdecl gui::VertProgressBar::getWidgetType(void) const,method,gui,VertProgressBar,getWidgetType,void,True,False,True,False,False,False,True
1478,1477,0x5C5,?getWidgetType@VertRangeIndicator@gui@@UEBAPEBDXZ,public: virtual char const * __cdecl gui::VertRangeIndicator::getWidgetType(void) const,method,gui,VertRangeIndicator,getWidgetType,void,True,False,True,False,False,False,True
1479,1478,0x5C6,?getWidgetType@VertScrollBar@gui@@UEBAPEBDXZ,public: virtual char const * __cdecl gui::VertScrollBar::getWidgetType(void) const,method,gui,VertScrollBar,getWidgetType,void,True,False,True,False,False,False,True
1480,1479,0x5C7,?getWidgetType@VertSlider@gui@@UEBAPEBDXZ,public: virtual char const * __cdecl gui::VertSlider::getWidgetType(void) const,method,gui,VertSlider,getWidgetType,void,True,False,True,False,False,False,True
1481,1480,0x5C8,?getWidgetType@Widget@gui@@UEBAPEBDXZ,public: virtual char const * __cdecl gui::Widget::getWidgetType(void) const,method,gui,Widget,getWidgetType,void,True,False,True,False,False,False,True
1482,1481,0x5C9,?getWidgetType@Window@gui@@UEBAPEBDXZ,public: virtual char const * __cdecl gui::Window::getWidgetType(void) const,method,gui,Window,getWidgetType,void,True,False,True,False,False,False,True
1483,1482,0x5CA,?getWidget_@Container@gui@@MEBAPEAVWidget@2@H@Z,protected: virtual class gui::Widget * __cdecl gui::Container::getWidget_(int) const,method,gui,Container,getWidget_,int,True,False,True,False,False,False,True
1484,1483,0x5CB,?getWidth@ListBoxLineBase@gui@@QEBAHXZ,public: int __cdecl gui::ListBoxLineBase::getWidth(void) const,method,gui,ListBoxLineBase,getWidth,void,True,False,False,False,False,False,True
1485,1484,0x5CC,?getWindow@ComboBox@gui@@QEBAPEAVComboBoxWindow@2@XZ,public: class gui::ComboBoxWindow * __cdecl gui::ComboBox::getWindow(void) const,method,gui,ComboBox,getWindow,void,True,False,False,False,False,False,True
1486,1485,0x5CD,?getWindow@ComboList@gui@@QEBAPEAVComboListWindow@2@XZ,public: class gui::ComboListWindow * __cdecl gui::ComboList::getWindow(void) const,method,gui,ComboList,getWindow,void,True,False,False,False,False,False,True
1487,1486,0x5CE,?getWindowSkin@ComboBoxSkin@skin@gui@@QEBAPEAVWindowBaseSkin@23@XZ,public: class gui::skin::WindowBaseSkin * __cdecl gui::skin::ComboBoxSkin::getWindowSkin(void) const,method,gui::skin,ComboBoxSkin,getWindowSkin,void,True,False,False,False,False,False,True
1488,1487,0x5CF,?getWindowSkin@ComboListSkin@skin@gui@@QEBAPEAVWindowBaseSkin@23@XZ,public: class gui::skin::WindowBaseSkin * __cdecl gui::skin::ComboListSkin::getWindowSkin(void) const,method,gui::skin,ComboListSkin,getWindowSkin,void,True,False,False,False,False,False,True
1489,1488,0x5D0,?getWindowVisible@ComboBox@gui@@UEBA_NXZ,public: virtual bool __cdecl gui::ComboBox::getWindowVisible(void) const,method,gui,ComboBox,getWindowVisible,void,True,False,True,False,False,False,True
1490,1489,0x5D1,?getWindowVisible@ComboList@gui@@UEBA_NXZ,public: virtual bool __cdecl gui::ComboList::getWindowVisible(void) const,method,gui,ComboList,getWindowVisible,void,True,False,True,False,False,False,True
1491,1490,0x5D2,?getWindowsManager@GUI@gui@@QEBAPEAVWindowsManager@2@H@Z,public: class gui::WindowsManager * __cdecl gui::GUI::getWindowsManager(int) const,method,gui,GUI,getWindowsManager,int,True,False,False,False,False,False,True
1492,1491,0x5D3,?getWords@EditBoxItem@gui@@QEBAAEBV?$vector@UWord@EditBoxItem@gui@@V?$allocator@UWord@EditBoxItem@gui@@@ed@@@ed@@XZ,"public: class ed::vector<struct gui::EditBoxItem::Word, class ed::allocator<struct gui::EditBoxItem::Word>> const & __cdecl gui::EditBoxItem::getWords(void) const",method,gui,EditBoxItem,getWords,void,True,False,False,False,False,False,True
1493,1492,0x5D4,?getWrapping@Text@gui@@QEBA_NXZ,public: bool __cdecl gui::Text::getWrapping(void) const,method,gui,Text,getWrapping,void,True,False,False,False,False,False,True
1494,1493,0x5D5,?getZOrder@OffscreenWindow@gui@@UEBAHXZ,public: virtual int __cdecl gui::OffscreenWindow::getZOrder(void) const,method,gui,OffscreenWindow,getZOrder,void,True,False,True,False,False,False,True
1495,1494,0x5D6,?getZOrder@OverlayWindow@gui@@UEBAHXZ,public: virtual int __cdecl gui::OverlayWindow::getZOrder(void) const,method,gui,OverlayWindow,getZOrder,void,True,False,True,False,False,False,True
1496,1495,0x5D7,?getZOrder@Window@gui@@UEBAHXZ,public: virtual int __cdecl gui::Window::getZOrder(void) const,method,gui,Window,getZOrder,void,True,False,True,False,False,False,True
1497,1496,0x5D8,?getZoom@Widget@gui@@UEBAMXZ,public: virtual float __cdecl gui::Widget::getZoom(void) const,method,gui,Widget,getZoom,void,True,False,True,False,False,False,True
1498,1497,0x5D9,?handleComboButtonClick_@ComboBox@gui@@MEAA_NAEBVVec2i@osg@@W4MouseButton@2@@Z,"protected: virtual bool __cdecl gui::ComboBox::handleComboButtonClick_(class osg::Vec2i const &, enum gui::MouseButton)",method,gui,ComboBox,handleComboButtonClick_,"class osg::Vec2i const &, enum gui::MouseButton",False,False,True,False,False,False,True
1499,1498,0x5DA,?handleTabButton@WindowsManager@gui@@QEAA_NXZ,public: bool __cdecl gui::WindowsManager::handleTabButton(void),method,gui,WindowsManager,handleTabButton,void,False,False,False,False,False,False,True
1500,1499,0x5DB,?handler@Layout@gui@@QEBAPEAVLayoutHandler@2@XZ,public: class gui::LayoutHandler * __cdecl gui::Layout::handler(void) const,method,gui,Layout,handler,void,True,False,False,False,False,False,True
1501,1500,0x5DC,?handler@Widget@gui@@QEBAPEAVWidgetHandler@2@XZ,public: class gui::WidgetHandler * __cdecl gui::Widget::handler(void) const,method,gui,Widget,handler,void,True,False,False,False,False,False,True
1502,1501,0x5DD,?hideParentMenu_@Menu@gui@@IEAAXXZ,protected: void __cdecl gui::Menu::hideParentMenu_(void),method,gui,Menu,hideParentMenu_,void,False,False,False,False,False,False,True
1503,1502,0x5DE,?highlightSubMenuItem@Menu@gui@@QEAAXXZ,public: void __cdecl gui::Menu::highlightSubMenuItem(void),method,gui,Menu,highlightSubMenuItem,void,False,False,False,False,False,False,True
1504,1503,0x5DF,?increaseValue_@ScrollBarBase@gui@@MEAAXXZ,protected: virtual void __cdecl gui::ScrollBarBase::increaseValue_(void),method,gui,ScrollBarBase,increaseValue_,void,False,False,True,False,False,False,True
1505,1504,0x5E0,?insertAnchorInfo@AnchorLayout@gui@@UEAAXAEBVAnchorInfo@12@H@Z,"public: virtual void __cdecl gui::AnchorLayout::insertAnchorInfo(class gui::AnchorLayout::AnchorInfo const &, int)",method,gui,AnchorLayout,insertAnchorInfo,"class gui::AnchorLayout::AnchorInfo const &, int",False,False,True,False,False,False,True
1506,1505,0x5E1,?insertChar_@EditBox@gui@@IEAAXH@Z,protected: void __cdecl gui::EditBox::insertChar_(int),method,gui,EditBox,insertChar_,int,False,False,False,False,False,False,True
1507,1506,0x5E2,?insertColumn@Grid@gui@@QEAAXHPEAVGridHeaderCell@2@H@Z,"public: void __cdecl gui::Grid::insertColumn(int, class gui::GridHeaderCell *, int)",method,gui,Grid,insertColumn,"int, class gui::GridHeaderCell *, int",False,False,False,False,False,False,True
1508,1507,0x5E3,?insertColumn@GridHeader@gui@@QEAAXPEAVGridHeaderCell@2@H@Z,"public: void __cdecl gui::GridHeader::insertColumn(class gui::GridHeaderCell *, int)",method,gui,GridHeader,insertColumn,"class gui::GridHeaderCell *, int",False,False,False,False,False,False,True
1509,1508,0x5E4,?insertItem@CheckListBox@gui@@QEAAXPEAVCheckListBoxLine@2@H@Z,"public: void __cdecl gui::CheckListBox::insertItem(class gui::CheckListBoxLine *, int)",method,gui,CheckListBox,insertItem,"class gui::CheckListBoxLine *, int",False,False,False,False,False,False,True
1510,1509,0x5E5,?insertItem@ComboBox@gui@@QEAAXPEAVListBoxLine@2@H@Z,"public: void __cdecl gui::ComboBox::insertItem(class gui::ListBoxLine *, int)",method,gui,ComboBox,insertItem,"class gui::ListBoxLine *, int",False,False,False,False,False,False,True
1511,1510,0x5E6,?insertItem@ComboList@gui@@QEAAXPEAVListBoxLine@2@H@Z,"public: void __cdecl gui::ComboList::insertItem(class gui::ListBoxLine *, int)",method,gui,ComboList,insertItem,"class gui::ListBoxLine *, int",False,False,False,False,False,False,True
1512,1511,0x5E7,?insertItem@ListBox@gui@@QEAAXPEAVListBoxLine@2@H@Z,"public: void __cdecl gui::ListBox::insertItem(class gui::ListBoxLine *, int)",method,gui,ListBox,insertItem,"class gui::ListBoxLine *, int",False,False,False,False,False,False,True
1513,1512,0x5E8,?insertItem@MenuBar@gui@@QEAAXPEAVMenuBarItem@2@H@Z,"public: void __cdecl gui::MenuBar::insertItem(class gui::MenuBarItem *, int)",method,gui,MenuBar,insertItem,"class gui::MenuBarItem *, int",False,False,False,False,False,False,True
1514,1513,0x5E9,?insertItem_@ListBoxBase@gui@@IEAAXPEAVListBoxLineBase@2@H@Z,"protected: void __cdecl gui::ListBoxBase::insertItem_(class gui::ListBoxLineBase *, int)",method,gui,ListBoxBase,insertItem_,"class gui::ListBoxLineBase *, int",False,False,False,False,False,False,True
1515,1514,0x5EA,?insertNewParagraph_@EditBox@gui@@IEAAXXZ,protected: void __cdecl gui::EditBox::insertNewParagraph_(void),method,gui,EditBox,insertNewParagraph_,void,False,False,False,False,False,False,True
1516,1515,0x5EB,?insertOverlayWidget@WindowBase@gui@@UEAAXPEAVWidget@2@H@Z,"public: virtual void __cdecl gui::WindowBase::insertOverlayWidget(class gui::Widget *, int)",method,gui,WindowBase,insertOverlayWidget,"class gui::Widget *, int",False,False,True,False,False,False,True
1517,1516,0x5EC,?insertRow@Grid@gui@@QEAAXHH@Z,"public: void __cdecl gui::Grid::insertRow(int, int)",method,gui,Grid,insertRow,"int, int",False,False,False,False,False,False,True
1518,1517,0x5ED,?insertWidget@BuddyWindow@gui@@UEAAXPEAVWidget@2@H@Z,"public: virtual void __cdecl gui::BuddyWindow::insertWidget(class gui::Widget *, int)",method,gui,BuddyWindow,insertWidget,"class gui::Widget *, int",False,False,True,False,False,False,True
1519,1518,0x5EE,?insertWidget@GridHeaderCell@gui@@QEAAXPEAVWidget@2@H@Z,"public: void __cdecl gui::GridHeaderCell::insertWidget(class gui::Widget *, int)",method,gui,GridHeaderCell,insertWidget,"class gui::Widget *, int",False,False,False,False,False,False,True
1520,1519,0x5EF,?insertWidget@Menu@gui@@QEAAXPEAVMenuItemBase@2@H@Z,"public: void __cdecl gui::Menu::insertWidget(class gui::MenuItemBase *, int)",method,gui,Menu,insertWidget,"class gui::MenuItemBase *, int",False,False,False,False,False,False,True
1521,1520,0x5F0,?insertWidget@Panel@gui@@QEAAXPEAVWidget@2@H@Z,"public: void __cdecl gui::Panel::insertWidget(class gui::Widget *, int)",method,gui,Panel,insertWidget,"class gui::Widget *, int",False,False,False,False,False,False,True
1522,1521,0x5F1,?insertWidget@PieMenu@gui@@QEAAXPEAVPieMenuItem@2@H@Z,"public: void __cdecl gui::PieMenu::insertWidget(class gui::PieMenuItem *, int)",method,gui,PieMenu,insertWidget,"class gui::PieMenuItem *, int",False,False,False,False,False,False,True
1523,1522,0x5F2,?insertWidget@ScrollPane@gui@@QEAAXPEAVWidget@2@H@Z,"public: void __cdecl gui::ScrollPane::insertWidget(class gui::Widget *, int)",method,gui,ScrollPane,insertWidget,"class gui::Widget *, int",False,False,False,False,False,False,True
1524,1523,0x5F3,?insertWidget@WindowBase@gui@@UEAAXPEAVWidget@2@H@Z,"public: virtual void __cdecl gui::WindowBase::insertWidget(class gui::Widget *, int)",method,gui,WindowBase,insertWidget,"class gui::Widget *, int",False,False,True,False,False,False,True
1525,1524,0x5F4,?insertWidget@WindowView@gui@@QEAAXPEAVWidget@2@H@Z,"public: void __cdecl gui::WindowView::insertWidget(class gui::Widget *, int)",method,gui,WindowView,insertWidget,"class gui::Widget *, int",False,False,False,False,False,False,True
1526,1525,0x5F5,?insertWidget_@Container@gui@@MEAAXPEAVWidget@2@H@Z,"protected: virtual void __cdecl gui::Container::insertWidget_(class gui::Widget *, int)",method,gui,Container,insertWidget_,"class gui::Widget *, int",False,False,True,False,False,False,True
1527,1526,0x5F6,?instance_@Application@gui@@1PEAV12@EA,protected: static class gui::Application *gui::Application::instance_,symbol,,,,,False,False,False,False,False,False,True
1528,1527,0x5F7,?invalidateSurface@GUI@gui@@QEAAXH@Z,public: void __cdecl gui::GUI::invalidateSurface(int),method,gui,GUI,invalidateSurface,int,False,False,False,False,False,False,True
1529,1528,0x5F8,?isSymbolWordSeparator@textutil@@YA_N_W@Z,bool __cdecl textutil::isSymbolWordSeparator(wchar_t),method,,textutil,isSymbolWordSeparator,wchar_t,False,False,False,False,False,False,True
1530,1529,0x5F9,?itemChangeCallbackName@ListBoxBase@gui@@2V?$basic_string@D@ed@@B,public: static class ed::basic_string<char> const gui::ListBoxBase::itemChangeCallbackName,symbol,,,,,False,False,False,False,False,False,True
1531,1530,0x5FA,?itemMouseDoubleDownCallbackName@ListBoxBase@gui@@2V?$basic_string@D@ed@@B,public: static class ed::basic_string<char> const gui::ListBoxBase::itemMouseDoubleDownCallbackName,symbol,,,,,False,False,False,False,False,False,True
1532,1531,0x5FB,?itemMouseDownCallbackName@ListBoxBase@gui@@2V?$basic_string@D@ed@@B,public: static class ed::basic_string<char> const gui::ListBoxBase::itemMouseDownCallbackName,symbol,,,,,False,False,False,False,False,False,True
1533,1532,0x5FC,?itemMouseInCallbackName@Menu@gui@@2V?$basic_string@D@ed@@B,public: static class ed::basic_string<char> const gui::Menu::itemMouseInCallbackName,symbol,,,,,False,False,False,False,False,False,True
1534,1533,0x5FD,?itemMouseInCallbackName@PieMenu@gui@@2V?$basic_string@D@ed@@B,public: static class ed::basic_string<char> const gui::PieMenu::itemMouseInCallbackName,symbol,,,,,False,False,False,False,False,False,True
1535,1534,0x5FE,?itemMouseMoveCallbackName@ListBoxBase@gui@@2V?$basic_string@D@ed@@B,public: static class ed::basic_string<char> const gui::ListBoxBase::itemMouseMoveCallbackName,symbol,,,,,False,False,False,False,False,False,True
1536,1535,0x5FF,?itemMouseOutCallbackName@Menu@gui@@2V?$basic_string@D@ed@@B,public: static class ed::basic_string<char> const gui::Menu::itemMouseOutCallbackName,symbol,,,,,False,False,False,False,False,False,True
1537,1536,0x600,?itemMouseOutCallbackName@PieMenu@gui@@2V?$basic_string@D@ed@@B,public: static class ed::basic_string<char> const gui::PieMenu::itemMouseOutCallbackName,symbol,,,,,False,False,False,False,False,False,True
1538,1537,0x601,?itemMouseUpCallbackName@ListBoxBase@gui@@2V?$basic_string@D@ed@@B,public: static class ed::basic_string<char> const gui::ListBoxBase::itemMouseUpCallbackName,symbol,,,,,False,False,False,False,False,False,True
1539,1538,0x602,?keyDown@GUI@gui@@QEAAXW4KeyboardButton@2@H@Z,"public: void __cdecl gui::GUI::keyDown(enum gui::KeyboardButton, int)",method,gui,GUI,keyDown,"enum gui::KeyboardButton, int",False,False,False,False,False,False,True
1540,1539,0x603,?keyUp@GUI@gui@@QEAAXW4KeyboardButton@2@H@Z,"public: void __cdecl gui::GUI::keyUp(enum gui::KeyboardButton, int)",method,gui,GUI,keyUp,"enum gui::KeyboardButton, int",False,False,False,False,False,False,True
1541,1540,0x604,?kill@ModalWindow@gui@@UEAAXXZ,public: virtual void __cdecl gui::ModalWindow::kill(void),method,gui,ModalWindow,kill,void,False,False,True,False,False,False,True
1542,1541,0x605,?kill@WindowBase@gui@@UEAAXXZ,public: virtual void __cdecl gui::WindowBase::kill(void),method,gui,WindowBase,kill,void,False,False,True,False,False,False,True
1543,1542,0x606,?killWindow@GUI@gui@@QEAAXPEAVWindowBase@2@@Z,public: void __cdecl gui::GUI::killWindow(class gui::WindowBase *),method,gui,GUI,killWindow,class gui::WindowBase *,False,False,False,False,False,False,True
1544,1543,0x607,?load@Skin@skin@gui@@UEAAXAEBV?$basic_string@D@ed@@@Z,public: virtual void __cdecl gui::skin::Skin::load(class ed::basic_string<char> const &),method,gui::skin,Skin,load,class ed::basic_string<char> const &,False,False,True,False,False,False,True
1545,1544,0x608,?loadFromScript@Skin@skin@gui@@UEAAXPEAUlua_State@@@Z,public: virtual void __cdecl gui::skin::Skin::loadFromScript(struct lua_State *),method,gui::skin,Skin,loadFromScript,struct lua_State *,False,False,True,False,False,False,True
1546,1545,0x609,?loadParams@Data@skin@gui@@QEAAXPEAUlua_State@@@Z,public: void __cdecl gui::skin::Data::loadParams(struct lua_State *),method,gui::skin,Data,loadParams,struct lua_State *,False,False,False,False,False,False,True
1547,1546,0x60A,?loadParamsFromTable@Data@skin@gui@@QEAAXPEAUlua_State@@@Z,public: void __cdecl gui::skin::Data::loadParamsFromTable(struct lua_State *),method,gui::skin,Data,loadParamsFromTable,struct lua_State *,False,False,False,False,False,False,True
1548,1547,0x60B,?loadParams_@Data@skin@gui@@MEAAXPEAUlua_State@@@Z,protected: virtual void __cdecl gui::skin::Data::loadParams_(struct lua_State *),method,gui::skin,Data,loadParams_,struct lua_State *,False,False,True,False,False,False,True
1549,1548,0x60C,?loadSkin@GUI@gui@@QEAAXAEBV?$basic_string@D@ed@@AEAVSkin@skin@2@@Z,"public: void __cdecl gui::GUI::loadSkin(class ed::basic_string<char> const &, class gui::skin::Skin &)",method,gui,GUI,loadSkin,"class ed::basic_string<char> const &, class gui::skin::Skin &",False,False,False,False,False,False,True
1550,1549,0x60D,?loadSkinData_@ListBoxLineSkinBase@skin@gui@@MEAAXPEAUlua_State@@@Z,protected: virtual void __cdecl gui::skin::ListBoxLineSkinBase::loadSkinData_(struct lua_State *),method,gui::skin,ListBoxLineSkinBase,loadSkinData_,struct lua_State *,False,False,True,False,False,False,True
1551,1550,0x60E,?loadSkinData_@Skin@skin@gui@@MEAAXPEAUlua_State@@@Z,protected: virtual void __cdecl gui::skin::Skin::loadSkinData_(struct lua_State *),method,gui::skin,Skin,loadSkinData_,struct lua_State *,False,False,True,False,False,False,True
1552,1551,0x60F,?loadSkin_@MenuItemBase@gui@@MEAAXXZ,protected: virtual void __cdecl gui::MenuItemBase::loadSkin_(void),method,gui,MenuItemBase,loadSkin_,void,False,False,True,False,False,False,True
1553,1552,0x610,?loadSkin_@PieMenuItem@gui@@MEAAXXZ,protected: virtual void __cdecl gui::PieMenuItem::loadSkin_(void),method,gui,PieMenuItem,loadSkin_,void,False,False,True,False,False,False,True
1554,1553,0x611,?loadSkin_@PieMenuSubItem@gui@@MEAAXXZ,protected: virtual void __cdecl gui::PieMenuSubItem::loadSkin_(void),method,gui,PieMenuSubItem,loadSkin_,void,False,False,True,False,False,False,True
1555,1554,0x612,?loadSkin_@Skin@skin@gui@@MEAAXPEAUlua_State@@@Z,protected: virtual void __cdecl gui::skin::Skin::loadSkin_(struct lua_State *),method,gui::skin,Skin,loadSkin_,struct lua_State *,False,False,True,False,False,False,True
1556,1555,0x613,?loadState_@Data@skin@gui@@MEAAXPEAUlua_State@@W4InteractiveState@23@@Z,"protected: virtual void __cdecl gui::skin::Data::loadState_(struct lua_State *, enum gui::skin::InteractiveState)",method,gui::skin,Data,loadState_,"struct lua_State *, enum gui::skin::InteractiveState",False,False,True,False,False,False,True
1557,1556,0x614,?loadStates@Data@skin@gui@@QEAAXPEAUlua_State@@@Z,public: void __cdecl gui::skin::Data::loadStates(struct lua_State *),method,gui::skin,Data,loadStates,struct lua_State *,False,False,False,False,False,False,True
1558,1557,0x615,?loadSubSkin_@Skin@skin@gui@@MEAAXPEAUlua_State@@PEBDAEAVData@23@@Z,"protected: virtual void __cdecl gui::skin::Skin::loadSubSkin_(struct lua_State *, char const *, class gui::skin::Data &)",method,gui::skin,Skin,loadSubSkin_,"struct lua_State *, char const *, class gui::skin::Data &",False,False,True,False,False,False,True
1559,1558,0x616,?loadSubSkin_@Skin@skin@gui@@MEAAXPEAUlua_State@@PEBDPEAV123@@Z,"protected: virtual void __cdecl gui::skin::Skin::loadSubSkin_(struct lua_State *, char const *, class gui::skin::Skin *)",method,gui::skin,Skin,loadSubSkin_,"struct lua_State *, char const *, class gui::skin::Skin *",False,False,True,False,False,False,True
1560,1559,0x617,?loadSubSkins_@AutoScrollTextSkin@skin@gui@@MEAAXPEAUlua_State@@@Z,protected: virtual void __cdecl gui::skin::AutoScrollTextSkin::loadSubSkins_(struct lua_State *),method,gui::skin,AutoScrollTextSkin,loadSubSkins_,struct lua_State *,False,False,True,False,False,False,True
1561,1560,0x618,?loadSubSkins_@CheckListBoxSkin@skin@gui@@MEAAXPEAUlua_State@@@Z,protected: virtual void __cdecl gui::skin::CheckListBoxSkin::loadSubSkins_(struct lua_State *),method,gui::skin,CheckListBoxSkin,loadSubSkins_,struct lua_State *,False,False,True,False,False,False,True
1562,1561,0x619,?loadSubSkins_@ComboBoxSkin@skin@gui@@MEAAXPEAUlua_State@@@Z,protected: virtual void __cdecl gui::skin::ComboBoxSkin::loadSubSkins_(struct lua_State *),method,gui::skin,ComboBoxSkin,loadSubSkins_,struct lua_State *,False,False,True,False,False,False,True
1563,1562,0x61A,?loadSubSkins_@ComboListSkin@skin@gui@@MEAAXPEAUlua_State@@@Z,protected: virtual void __cdecl gui::skin::ComboListSkin::loadSubSkins_(struct lua_State *),method,gui::skin,ComboListSkin,loadSubSkins_,struct lua_State *,False,False,True,False,False,False,True
1564,1563,0x61B,?loadSubSkins_@DialSkin@skin@gui@@MEAAXPEAUlua_State@@@Z,protected: virtual void __cdecl gui::skin::DialSkin::loadSubSkins_(struct lua_State *),method,gui::skin,DialSkin,loadSubSkins_,struct lua_State *,False,False,True,False,False,False,True
1565,1564,0x61C,?loadSubSkins_@EditBoxSkin@skin@gui@@MEAAXPEAUlua_State@@@Z,protected: virtual void __cdecl gui::skin::EditBoxSkin::loadSubSkins_(struct lua_State *),method,gui::skin,EditBoxSkin,loadSubSkins_,struct lua_State *,False,False,True,False,False,False,True
1566,1565,0x61D,?loadSubSkins_@ListBoxSkin@skin@gui@@MEAAXPEAUlua_State@@@Z,protected: virtual void __cdecl gui::skin::ListBoxSkin::loadSubSkins_(struct lua_State *),method,gui::skin,ListBoxSkin,loadSubSkins_,struct lua_State *,False,False,True,False,False,False,True
1567,1566,0x61E,?loadSubSkins_@MenuBarSkin@skin@gui@@MEAAXPEAUlua_State@@@Z,protected: virtual void __cdecl gui::skin::MenuBarSkin::loadSubSkins_(struct lua_State *),method,gui::skin,MenuBarSkin,loadSubSkins_,struct lua_State *,False,False,True,False,False,False,True
1568,1567,0x61F,?loadSubSkins_@ScrollBarSkin@skin@gui@@MEAAXPEAUlua_State@@@Z,protected: virtual void __cdecl gui::skin::ScrollBarSkin::loadSubSkins_(struct lua_State *),method,gui::skin,ScrollBarSkin,loadSubSkins_,struct lua_State *,False,False,True,False,False,False,True
1569,1568,0x620,?loadSubSkins_@ScrollPaneSkin@skin@gui@@MEAAXPEAUlua_State@@@Z,protected: virtual void __cdecl gui::skin::ScrollPaneSkin::loadSubSkins_(struct lua_State *),method,gui::skin,ScrollPaneSkin,loadSubSkins_,struct lua_State *,False,False,True,False,False,False,True
1570,1569,0x621,?loadSubSkins_@Skin@skin@gui@@MEAAXPEAUlua_State@@@Z,protected: virtual void __cdecl gui::skin::Skin::loadSubSkins_(struct lua_State *),method,gui::skin,Skin,loadSubSkins_,struct lua_State *,False,False,True,False,False,False,True
1571,1570,0x622,?loadSubSkins_@SliderSkin@skin@gui@@MEAAXPEAUlua_State@@@Z,protected: virtual void __cdecl gui::skin::SliderSkin::loadSubSkins_(struct lua_State *),method,gui::skin,SliderSkin,loadSubSkins_,struct lua_State *,False,False,True,False,False,False,True
1572,1571,0x623,?loadSubSkins_@SpinBoxSkin@skin@gui@@MEAAXPEAUlua_State@@@Z,protected: virtual void __cdecl gui::skin::SpinBoxSkin::loadSubSkins_(struct lua_State *),method,gui::skin,SpinBoxSkin,loadSubSkins_,struct lua_State *,False,False,True,False,False,False,True
1573,1572,0x624,?loadWindowFromResource@GUI@gui@@QEAAXPEBDPEAVWindowBase@2@@Z,"public: void __cdecl gui::GUI::loadWindowFromResource(char const *, class gui::WindowBase *)",method,gui,GUI,loadWindowFromResource,"char const *, class gui::WindowBase *",False,False,False,False,False,False,True
1574,1573,0x625,?localize@Container@gui@@UEAAXAEBV?$unordered_map@V?$basic_string@_W@ed@@V12@U?$hash@V?$basic_string@_W@ed@@@std@@U?$equal_to@V?$basic_string@_W@ed@@@4@V?$allocator@U?$pair@$$CBV?$basic_string@_W@ed@@V12@@std@@@2@@std@@@Z,"public: virtual void __cdecl gui::Container::localize(class std::unordered_map<class ed::basic_string<wchar_t>, class ed::basic_string<wchar_t>, struct std::hash<class ed::basic_string<wchar_t>>, struct std::equal_to<class ed::basic_string<wchar_t>>, class ed::allocator<struct std::pair<class ed::basic_string<wchar_t> const, class ed::basic_string<wchar_t>>>> const &)",method,gui,Container,localize,"class std::unordered_map<class ed::basic_string<wchar_t>, class ed::basic_string<wchar_t>, struct std::hash<class ed::basic_string<wchar_t>>, struct std::equal_to<class ed::basic_string<wchar_t>>, class ed::allocator<struct std::pair<class ed::basic_string<wchar_t> const, class ed::basic_string<wchar_t>>>> const &",False,False,True,False,False,False,True
1575,1574,0x626,?localize@Widget@gui@@UEAAXAEBV?$unordered_map@V?$basic_string@_W@ed@@V12@U?$hash@V?$basic_string@_W@ed@@@std@@U?$equal_to@V?$basic_string@_W@ed@@@4@V?$allocator@U?$pair@$$CBV?$basic_string@_W@ed@@V12@@std@@@2@@std@@@Z,"public: virtual void __cdecl gui::Widget::localize(class std::unordered_map<class ed::basic_string<wchar_t>, class ed::basic_string<wchar_t>, struct std::hash<class ed::basic_string<wchar_t>>, struct std::equal_to<class ed::basic_string<wchar_t>>, class ed::allocator<struct std::pair<class ed::basic_string<wchar_t> const, class ed::basic_string<wchar_t>>>> const &)",method,gui,Widget,localize,"class std::unordered_map<class ed::basic_string<wchar_t>, class ed::basic_string<wchar_t>, struct std::hash<class ed::basic_string<wchar_t>>, struct std::equal_to<class ed::basic_string<wchar_t>>, class ed::allocator<struct std::pair<class ed::basic_string<wchar_t> const, class ed::basic_string<wchar_t>>>> const &",False,False,True,False,False,False,True
1576,1575,0x627,?make@Bkg@gui@@QEBAXPEAVGraphicCommands@2@@Z,public: void __cdecl gui::Bkg::make(class gui::GraphicCommands *) const,method,gui,Bkg,make,class gui::GraphicCommands *,True,False,False,False,False,False,True
1577,1576,0x628,?make@EditBoxLineSkin@gui@@UEBAXPEAVGraphicCommands@2@@Z,public: virtual void __cdecl gui::EditBoxLineSkin::make(class gui::GraphicCommands *) const,method,gui,EditBoxLineSkin,make,class gui::GraphicCommands *,True,False,True,False,False,False,True
1578,1577,0x629,?make@EditBoxSkin@skin@gui@@UEBAXPEAVGraphicCommands@3@@Z,public: virtual void __cdecl gui::skin::EditBoxSkin::make(class gui::GraphicCommands *) const,method,gui::skin,EditBoxSkin,make,class gui::GraphicCommands *,True,False,True,False,False,False,True
1579,1578,0x62A,?make@FocusRect@gui@@QEBAXPEAVGraphicCommands@2@@Z,public: void __cdecl gui::FocusRect::make(class gui::GraphicCommands *) const,method,gui,FocusRect,make,class gui::GraphicCommands *,True,False,False,False,False,False,True
1580,1579,0x62B,?make@GridViewSkin@skin@gui@@UEBAXPEAVGraphicCommands@3@@Z,public: virtual void __cdecl gui::skin::GridViewSkin::make(class gui::GraphicCommands *) const,method,gui::skin,GridViewSkin,make,class gui::GraphicCommands *,True,False,True,False,False,False,True
1581,1580,0x62C,?make@Image@gui@@QEBAXPEAVGraphicCommands@2@@Z,public: void __cdecl gui::Image::make(class gui::GraphicCommands *) const,method,gui,Image,make,class gui::GraphicCommands *,True,False,False,False,False,False,True
1582,1581,0x62D,?make@Image@gui@@QEBAXPEAVGraphicCommands@2@AEBVVec4f@osg@@@Z,"public: void __cdecl gui::Image::make(class gui::GraphicCommands *, class osg::Vec4f const &) const",method,gui,Image,make,"class gui::GraphicCommands *, class osg::Vec4f const &",True,False,False,False,False,False,True
1583,1582,0x62E,?make@ShaderEffect@skin@gui@@UEAAXPEAVGraphicCommands@3@@Z,public: virtual void __cdecl gui::skin::ShaderEffect::make(class gui::GraphicCommands *),method,gui::skin,ShaderEffect,make,class gui::GraphicCommands *,False,False,True,False,False,False,True
1584,1583,0x62F,?make@Skin@skin@gui@@UEBAXPEAVGraphicCommands@3@@Z,public: virtual void __cdecl gui::skin::Skin::make(class gui::GraphicCommands *) const,method,gui::skin,Skin,make,class gui::GraphicCommands *,True,False,True,False,False,False,True
1585,1584,0x630,?make@Text@gui@@QEBAXPEAVGraphicCommands@2@@Z,public: void __cdecl gui::Text::make(class gui::GraphicCommands *) const,method,gui,Text,make,class gui::GraphicCommands *,True,False,False,False,False,False,True
1586,1585,0x631,?make@Text@gui@@QEBAXPEAVGraphicCommands@2@AEBVVec4f@osg@@@Z,"public: void __cdecl gui::Text::make(class gui::GraphicCommands *, class osg::Vec4f const &) const",method,gui,Text,make,"class gui::GraphicCommands *, class osg::Vec4f const &",True,False,False,False,False,False,True
1587,1586,0x632,?make@Widget@gui@@UEBAXPEAVGraphicCommands@2@@Z,public: virtual void __cdecl gui::Widget::make(class gui::GraphicCommands *) const,method,gui,Widget,make,class gui::GraphicCommands *,True,False,True,False,False,False,True
1588,1587,0x633,?makeBeginClipByInsets@Skin@skin@gui@@MEBAXPEAVGraphicCommands@3@@Z,protected: virtual void __cdecl gui::skin::Skin::makeBeginClipByInsets(class gui::GraphicCommands *) const,method,gui::skin,Skin,makeBeginClipByInsets,class gui::GraphicCommands *,True,False,True,False,False,False,True
1589,1588,0x634,?makeBeginClip_@Widget@gui@@MEBAXPEAVGraphicCommands@2@@Z,protected: virtual void __cdecl gui::Widget::makeBeginClip_(class gui::GraphicCommands *) const,method,gui,Widget,makeBeginClip_,class gui::GraphicCommands *,True,False,True,False,False,False,True
1590,1589,0x635,?makeBkg_@Skin@skin@gui@@MEBAXPEAVGraphicCommands@3@@Z,protected: virtual void __cdecl gui::skin::Skin::makeBkg_(class gui::GraphicCommands *) const,method,gui::skin,Skin,makeBkg_,class gui::GraphicCommands *,True,False,True,False,False,False,True
1591,1590,0x636,?makeCheck_@CheckBaseSkin@skin@gui@@MEBAXPEAVGraphicCommands@3@@Z,protected: virtual void __cdecl gui::skin::CheckBaseSkin::makeCheck_(class gui::GraphicCommands *) const,method,gui::skin,CheckBaseSkin,makeCheck_,class gui::GraphicCommands *,True,False,True,False,False,False,True
1592,1591,0x637,?makeCheck_@CheckListBoxLineSkin@skin@gui@@MEBAXPEAVGraphicCommands@3@@Z,protected: virtual void __cdecl gui::skin::CheckListBoxLineSkin::makeCheck_(class gui::GraphicCommands *) const,method,gui::skin,CheckListBoxLineSkin,makeCheck_,class gui::GraphicCommands *,True,False,True,False,False,False,True
1593,1592,0x638,?makeChildren@Container@gui@@UEBAXPEAVGraphicCommands@2@@Z,public: virtual void __cdecl gui::Container::makeChildren(class gui::GraphicCommands *) const,method,gui,Container,makeChildren,class gui::GraphicCommands *,True,False,True,False,False,False,True
1594,1593,0x639,?makeChildren@GridHeader@gui@@UEBAXPEAVGraphicCommands@2@@Z,public: virtual void __cdecl gui::GridHeader::makeChildren(class gui::GraphicCommands *) const,method,gui,GridHeader,makeChildren,class gui::GraphicCommands *,True,False,True,False,False,False,True
1595,1594,0x63A,?makeChildren@GridView@gui@@UEBAXPEAVGraphicCommands@2@@Z,public: virtual void __cdecl gui::GridView::makeChildren(class gui::GraphicCommands *) const,method,gui,GridView,makeChildren,class gui::GraphicCommands *,True,False,True,False,False,False,True
1596,1595,0x63B,?makeChildren@PieMenu@gui@@UEBAXPEAVGraphicCommands@2@@Z,public: virtual void __cdecl gui::PieMenu::makeChildren(class gui::GraphicCommands *) const,method,gui,PieMenu,makeChildren,class gui::GraphicCommands *,True,False,True,False,False,False,True
1597,1596,0x63C,?makeChildren@Widget@gui@@UEBAXPEAVGraphicCommands@2@@Z,public: virtual void __cdecl gui::Widget::makeChildren(class gui::GraphicCommands *) const,method,gui,Widget,makeChildren,class gui::GraphicCommands *,True,False,True,False,False,False,True
1598,1597,0x63D,?makeChildren_@ChartSkin@skin@gui@@MEBAXPEAVGraphicCommands@3@@Z,protected: virtual void __cdecl gui::skin::ChartSkin::makeChildren_(class gui::GraphicCommands *) const,method,gui::skin,ChartSkin,makeChildren_,class gui::GraphicCommands *,True,False,True,False,False,False,True
1599,1598,0x63E,?makeChildren_@Skin@skin@gui@@MEBAXPEAVGraphicCommands@3@@Z,protected: virtual void __cdecl gui::skin::Skin::makeChildren_(class gui::GraphicCommands *) const,method,gui::skin,Skin,makeChildren_,class gui::GraphicCommands *,True,False,True,False,False,False,True
1600,1599,0x63F,?makeClipped_@Widget@gui@@MEBAXPEAVGraphicCommands@2@@Z,protected: virtual void __cdecl gui::Widget::makeClipped_(class gui::GraphicCommands *) const,method,gui,Widget,makeClipped_,class gui::GraphicCommands *,True,False,True,False,False,False,True
1601,1600,0x640,?makeCurve_@ChartSkin@skin@gui@@IEBAXPEAVGraphicCommands@3@@Z,protected: void __cdecl gui::skin::ChartSkin::makeCurve_(class gui::GraphicCommands *) const,method,gui::skin,ChartSkin,makeCurve_,class gui::GraphicCommands *,True,False,False,False,False,False,True
1602,1601,0x641,?makeEndClipByInsets@Skin@skin@gui@@MEBAXPEAVGraphicCommands@3@@Z,protected: virtual void __cdecl gui::skin::Skin::makeEndClipByInsets(class gui::GraphicCommands *) const,method,gui::skin,Skin,makeEndClipByInsets,class gui::GraphicCommands *,True,False,True,False,False,False,True
1603,1602,0x642,?makeEndClip_@Widget@gui@@MEBAXPEAVGraphicCommands@2@@Z,protected: virtual void __cdecl gui::Widget::makeEndClip_(class gui::GraphicCommands *) const,method,gui,Widget,makeEndClip_,class gui::GraphicCommands *,True,False,True,False,False,False,True
1604,1603,0x643,?makeFocusRect@ComboBoxSkin@skin@gui@@UEBAXPEAVGraphicCommands@3@@Z,public: virtual void __cdecl gui::skin::ComboBoxSkin::makeFocusRect(class gui::GraphicCommands *) const,method,gui::skin,ComboBoxSkin,makeFocusRect,class gui::GraphicCommands *,True,False,True,False,False,False,True
1605,1604,0x644,?makeFocusRect@EditBoxSkin@skin@gui@@UEBAXPEAVGraphicCommands@3@@Z,public: virtual void __cdecl gui::skin::EditBoxSkin::makeFocusRect(class gui::GraphicCommands *) const,method,gui::skin,EditBoxSkin,makeFocusRect,class gui::GraphicCommands *,True,False,True,False,False,False,True
1606,1605,0x645,?makeFocusRect@PieMenuItemSkin@skin@gui@@UEBAXPEAVGraphicCommands@3@@Z,public: virtual void __cdecl gui::skin::PieMenuItemSkin::makeFocusRect(class gui::GraphicCommands *) const,method,gui::skin,PieMenuItemSkin,makeFocusRect,class gui::GraphicCommands *,True,False,True,False,False,False,True
1607,1606,0x646,?makeFocusRect@PieMenuSkin@skin@gui@@UEBAXPEAVGraphicCommands@3@@Z,public: virtual void __cdecl gui::skin::PieMenuSkin::makeFocusRect(class gui::GraphicCommands *) const,method,gui::skin,PieMenuSkin,makeFocusRect,class gui::GraphicCommands *,True,False,True,False,False,False,True
1608,1607,0x647,?makeFocusRect@Skin@skin@gui@@UEBAXPEAVGraphicCommands@3@@Z,public: virtual void __cdecl gui::skin::Skin::makeFocusRect(class gui::GraphicCommands *) const,method,gui::skin,Skin,makeFocusRect,class gui::GraphicCommands *,True,False,True,False,False,False,True
1609,1608,0x648,?makeFocusRect@SpinBoxSkin@skin@gui@@UEBAXPEAVGraphicCommands@3@@Z,public: virtual void __cdecl gui::skin::SpinBoxSkin::makeFocusRect(class gui::GraphicCommands *) const,method,gui::skin,SpinBoxSkin,makeFocusRect,class gui::GraphicCommands *,True,False,True,False,False,False,True
1610,1609,0x649,?makeFocusRect_@Widget@gui@@MEBAXPEAVGraphicCommands@2@@Z,protected: virtual void __cdecl gui::Widget::makeFocusRect_(class gui::GraphicCommands *) const,method,gui,Widget,makeFocusRect_,class gui::GraphicCommands *,True,False,True,False,False,False,True
1611,1610,0x64A,?makeHorzGuides_@ChartSkin@skin@gui@@IEBAXPEAVGraphicCommands@3@@Z,protected: void __cdecl gui::skin::ChartSkin::makeHorzGuides_(class gui::GraphicCommands *) const,method,gui::skin,ChartSkin,makeHorzGuides_,class gui::GraphicCommands *,True,False,False,False,False,False,True
1612,1611,0x64B,?makeIdentity@GraphicCommandModelViewMatrixGuard@gui@@QEAAAEAV12@XZ,public: class gui::GraphicCommandModelViewMatrixGuard & __cdecl gui::GraphicCommandModelViewMatrixGuard::makeIdentity(void),method,gui,GraphicCommandModelViewMatrixGuard,makeIdentity,void,False,False,False,False,False,False,True
1613,1612,0x64C,?makeImage_@AnimatedColorStaticSkin@skin@gui@@MEBAXPEAVGraphicCommands@3@@Z,protected: virtual void __cdecl gui::skin::AnimatedColorStaticSkin::makeImage_(class gui::GraphicCommands *) const,method,gui::skin,AnimatedColorStaticSkin,makeImage_,class gui::GraphicCommands *,True,False,True,False,False,False,True
1614,1613,0x64D,?makeImage_@Skin@skin@gui@@MEBAXPEAVGraphicCommands@3@@Z,protected: virtual void __cdecl gui::skin::Skin::makeImage_(class gui::GraphicCommands *) const,method,gui::skin,Skin,makeImage_,class gui::GraphicCommands *,True,False,True,False,False,False,True
1615,1614,0x64E,?makeModelView_@AutoScrollText@gui@@UEBAXPEAVGraphicCommands@2@@Z,public: virtual void __cdecl gui::AutoScrollText::makeModelView_(class gui::GraphicCommands *) const,method,gui,AutoScrollText,makeModelView_,class gui::GraphicCommands *,True,False,True,False,False,False,True
1616,1615,0x64F,?makeModelView_@DialArrow@gui@@MEBAXPEAVGraphicCommands@2@@Z,protected: virtual void __cdecl gui::DialArrow::makeModelView_(class gui::GraphicCommands *) const,method,gui,DialArrow,makeModelView_,class gui::GraphicCommands *,True,False,True,False,False,False,True
1617,1616,0x650,?makeModelView_@PieMenuItem@gui@@MEBAXPEAVGraphicCommands@2@@Z,protected: virtual void __cdecl gui::PieMenuItem::makeModelView_(class gui::GraphicCommands *) const,method,gui,PieMenuItem,makeModelView_,class gui::GraphicCommands *,True,False,True,False,False,False,True
1618,1617,0x651,?makeModelView_@Static@gui@@MEBAXPEAVGraphicCommands@2@@Z,protected: virtual void __cdecl gui::Static::makeModelView_(class gui::GraphicCommands *) const,method,gui,Static,makeModelView_,class gui::GraphicCommands *,True,False,True,False,False,False,True
1619,1618,0x652,?makeModelView_@TextureView@gui@@MEBAXPEAVGraphicCommands@2@@Z,protected: virtual void __cdecl gui::TextureView::makeModelView_(class gui::GraphicCommands *) const,method,gui,TextureView,makeModelView_,class gui::GraphicCommands *,True,False,True,False,False,False,True
1620,1619,0x653,?makeModelView_@Widget@gui@@MEBAXPEAVGraphicCommands@2@@Z,protected: virtual void __cdecl gui::Widget::makeModelView_(class gui::GraphicCommands *) const,method,gui,Widget,makeModelView_,class gui::GraphicCommands *,True,False,True,False,False,False,True
1621,1620,0x654,?makeOrtho2D@GraphicCommandProjectionMatrixGuard@gui@@QEAAXMMMM@Z,"public: void __cdecl gui::GraphicCommandProjectionMatrixGuard::makeOrtho2D(float, float, float, float)",method,gui,GraphicCommandProjectionMatrixGuard,makeOrtho2D,"float, float, float, float",False,False,False,False,False,False,True
1622,1621,0x655,?makeParse@Widget@gui@@UEAAXPEAVGraphicCommands@2@@Z,public: virtual void __cdecl gui::Widget::makeParse(class gui::GraphicCommands *),method,gui,Widget,makeParse,class gui::GraphicCommands *,False,False,True,False,False,False,True
1623,1622,0x656,?makeParse_@Container@gui@@MEAAXPEAVGraphicCommands@2@@Z,protected: virtual void __cdecl gui::Container::makeParse_(class gui::GraphicCommands *),method,gui,Container,makeParse_,class gui::GraphicCommands *,False,False,True,False,False,False,True
1624,1623,0x657,?makeParse_@Widget@gui@@MEAAXPEAVGraphicCommands@2@@Z,protected: virtual void __cdecl gui::Widget::makeParse_(class gui::GraphicCommands *),method,gui,Widget,makeParse_,class gui::GraphicCommands *,False,False,True,False,False,False,True
1625,1624,0x658,?makeRotate@GraphicCommandModelViewMatrixGuard@gui@@QEAAAEAV12@MMMM@Z,"public: class gui::GraphicCommandModelViewMatrixGuard & __cdecl gui::GraphicCommandModelViewMatrixGuard::makeRotate(float, float, float, float)",method,gui,GraphicCommandModelViewMatrixGuard,makeRotate,"float, float, float, float",False,False,False,False,False,False,True
1626,1625,0x659,?makeStep@ProgressBar@gui@@UEAAXXZ,public: virtual void __cdecl gui::ProgressBar::makeStep(void),method,gui,ProgressBar,makeStep,void,False,False,True,False,False,False,True
1627,1626,0x65A,?makeTarget@Skin@skin@gui@@QEBAXPEAVGraphicCommands@3@@Z,public: void __cdecl gui::skin::Skin::makeTarget(class gui::GraphicCommands *) const,method,gui::skin,Skin,makeTarget,class gui::GraphicCommands *,True,False,False,False,False,False,True
1628,1627,0x65B,?makeText_@AnimatedColorStaticSkin@skin@gui@@MEBAXPEAVGraphicCommands@3@@Z,protected: virtual void __cdecl gui::skin::AnimatedColorStaticSkin::makeText_(class gui::GraphicCommands *) const,method,gui::skin,AnimatedColorStaticSkin,makeText_,class gui::GraphicCommands *,True,False,True,False,False,False,True
1629,1628,0x65C,?makeText_@ColorTextStaticSkin@gui@@MEBAXPEAVGraphicCommands@2@@Z,protected: virtual void __cdecl gui::ColorTextStaticSkin::makeText_(class gui::GraphicCommands *) const,method,gui,ColorTextStaticSkin,makeText_,class gui::GraphicCommands *,True,False,True,False,False,False,True
1630,1629,0x65D,?makeText_@EditBoxSkin@skin@gui@@MEBAXPEAVGraphicCommands@3@@Z,protected: virtual void __cdecl gui::skin::EditBoxSkin::makeText_(class gui::GraphicCommands *) const,method,gui::skin,EditBoxSkin,makeText_,class gui::GraphicCommands *,True,False,True,False,False,False,True
1631,1630,0x65E,?makeText_@Skin@skin@gui@@MEBAXPEAVGraphicCommands@3@@Z,protected: virtual void __cdecl gui::skin::Skin::makeText_(class gui::GraphicCommands *) const,method,gui::skin,Skin,makeText_,class gui::GraphicCommands *,True,False,True,False,False,False,True
1632,1631,0x65F,?makeTranslate@GraphicCommandModelViewMatrixGuard@gui@@QEAAAEAV12@MMM@Z,"public: class gui::GraphicCommandModelViewMatrixGuard & __cdecl gui::GraphicCommandModelViewMatrixGuard::makeTranslate(float, float, float)",method,gui,GraphicCommandModelViewMatrixGuard,makeTranslate,"float, float, float",False,False,False,False,False,False,True
1633,1632,0x660,?makeVertGuides_@ChartSkin@skin@gui@@IEBAXPEAVGraphicCommands@3@@Z,protected: void __cdecl gui::skin::ChartSkin::makeVertGuides_(class gui::GraphicCommands *) const,method,gui::skin,ChartSkin,makeVertGuides_,class gui::GraphicCommands *,True,False,False,False,False,False,True
1634,1633,0x661,?make_@CheckBaseSkin@skin@gui@@MEBAXPEAVGraphicCommands@3@@Z,protected: virtual void __cdecl gui::skin::CheckBaseSkin::make_(class gui::GraphicCommands *) const,method,gui::skin,CheckBaseSkin,make_,class gui::GraphicCommands *,True,False,True,False,False,False,True
1635,1634,0x662,?make_@CheckListBoxLineSkin@skin@gui@@MEBAXPEAVGraphicCommands@3@@Z,protected: virtual void __cdecl gui::skin::CheckListBoxLineSkin::make_(class gui::GraphicCommands *) const,method,gui::skin,CheckListBoxLineSkin,make_,class gui::GraphicCommands *,True,False,True,False,False,False,True
1636,1635,0x663,?make_@PieMenuSkin@skin@gui@@MEBAXPEAVGraphicCommands@3@@Z,protected: virtual void __cdecl gui::skin::PieMenuSkin::make_(class gui::GraphicCommands *) const,method,gui::skin,PieMenuSkin,make_,class gui::GraphicCommands *,True,False,True,False,False,False,True
1637,1636,0x664,?make_@Skin@skin@gui@@MEBAXPEAVGraphicCommands@3@@Z,protected: virtual void __cdecl gui::skin::Skin::make_(class gui::GraphicCommands *) const,method,gui::skin,Skin,make_,class gui::GraphicCommands *,True,False,True,False,False,False,True
1638,1637,0x665,?make_@Widget@gui@@MEBAXPEAVGraphicCommands@2@@Z,protected: virtual void __cdecl gui::Widget::make_(class gui::GraphicCommands *) const,method,gui,Widget,make_,class gui::GraphicCommands *,True,False,True,False,False,False,True
1639,1638,0x666,?make_@WindowBase@gui@@MEBAXPEAVGraphicCommands@2@@Z,protected: virtual void __cdecl gui::WindowBase::make_(class gui::GraphicCommands *) const,method,gui,WindowBase,make_,class gui::GraphicCommands *,True,False,True,False,False,False,True
1640,1639,0x667,?markNeedUpdate@GridView@gui@@QEAAXXZ,public: void __cdecl gui::GridView::markNeedUpdate(void),method,gui,GridView,markNeedUpdate,void,False,False,False,False,False,False,True
1641,1640,0x668,?markToRedraw_@Grid@gui@@MEAAXXZ,protected: virtual void __cdecl gui::Grid::markToRedraw_(void),method,gui,Grid,markToRedraw_,void,False,False,True,False,False,False,True
1642,1641,0x669,?markToRedraw_@ListBoxBase@gui@@MEAAXXZ,protected: virtual void __cdecl gui::ListBoxBase::markToRedraw_(void),method,gui,ListBoxBase,markToRedraw_,void,False,False,True,False,False,False,True
1643,1642,0x66A,?mouseDown@GUI@gui@@QEAAXW4MouseButton@2@@Z,public: void __cdecl gui::GUI::mouseDown(enum gui::MouseButton),method,gui,GUI,mouseDown,enum gui::MouseButton,False,False,False,False,False,False,True
1644,1643,0x66B,?mouseMove@GUI@gui@@QEAAXHH@Z,"public: void __cdecl gui::GUI::mouseMove(int, int)",method,gui,GUI,mouseMove,"int, int",False,False,False,False,False,False,True
1645,1644,0x66C,?mouseUp@GUI@gui@@QEAAXW4MouseButton@2@@Z,public: void __cdecl gui::GUI::mouseUp(enum gui::MouseButton),method,gui,GUI,mouseUp,enum gui::MouseButton,False,False,False,False,False,False,True
1646,1645,0x66D,?mouseWheel@GUI@gui@@QEAAXH@Z,public: void __cdecl gui::GUI::mouseWheel(int),method,gui,GUI,mouseWheel,int,False,False,False,False,False,False,True
1647,1646,0x66E,?moveCaret_@EditBox@gui@@IEAAXHH@Z,"protected: void __cdecl gui::EditBox::moveCaret_(int, int)",method,gui,EditBox,moveCaret_,"int, int",False,False,False,False,False,False,True
1648,1647,0x66F,?offscreenToViewport@GUI@gui@@QEBA?AV?$RectImpl@VVec2i@osg@@@osg@@AEBV34@@Z,public: class osg::RectImpl<class osg::Vec2i> __cdecl gui::GUI::offscreenToViewport(class osg::RectImpl<class osg::Vec2i> const &) const,method,gui,GUI,offscreenToViewport,class osg::RectImpl<class osg::Vec2i> const &,True,False,False,False,False,False,True
1649,1648,0x670,?onActivate@Application@gui@@UEAAX_N@Z,public: virtual void __cdecl gui::Application::onActivate(bool),method,gui,Application,onActivate,bool,False,False,True,False,False,False,True
1650,1649,0x671,?onActiveChanged_@PopupWindow@gui@@MEAAX_N@Z,protected: virtual void __cdecl gui::PopupWindow::onActiveChanged_(bool),method,gui,PopupWindow,onActiveChanged_,bool,False,False,True,False,False,False,True
1651,1650,0x672,?onAngleChanged_@Static@gui@@MEAAXN@Z,protected: virtual void __cdecl gui::Static::onAngleChanged_(double),method,gui,Static,onAngleChanged_,double,False,False,True,False,False,False,True
1652,1651,0x673,?onAngleChanged_@TextureView@gui@@MEAAXN@Z,protected: virtual void __cdecl gui::TextureView::onAngleChanged_(double),method,gui,TextureView,onAngleChanged_,double,False,False,True,False,False,False,True
1653,1652,0x674,?onChangeEditBox_@ComboBox@gui@@MEAAXXZ,protected: virtual void __cdecl gui::ComboBox::onChangeEditBox_(void),method,gui,ComboBox,onChangeEditBox_,void,False,False,True,False,False,False,True
1654,1653,0x675,?onChangeListBox_@ComboBox@gui@@MEAAXXZ,protected: virtual void __cdecl gui::ComboBox::onChangeListBox_(void),method,gui,ComboBox,onChangeListBox_,void,False,False,True,False,False,False,True
1655,1654,0x676,?onChange_@EditBox@gui@@MEAAXXZ,protected: virtual void __cdecl gui::EditBox::onChange_(void),method,gui,EditBox,onChange_,void,False,False,True,False,False,False,True
1656,1655,0x677,?onChange_@SpinBox@gui@@MEAAXXZ,protected: virtual void __cdecl gui::SpinBox::onChange_(void),method,gui,SpinBox,onChange_,void,False,False,True,False,False,False,True
1657,1656,0x678,?onChange_@SwitchButton@gui@@MEAAXXZ,protected: virtual void __cdecl gui::SwitchButton::onChange_(void),method,gui,SwitchButton,onChange_,void,False,False,True,False,False,False,True
1658,1657,0x679,?onChange_@ToggleButton@gui@@MEAAXXZ,protected: virtual void __cdecl gui::ToggleButton::onChange_(void),method,gui,ToggleButton,onChange_,void,False,False,True,False,False,False,True
1659,1658,0x67A,?onChange_@Widget@gui@@MEAAXXZ,protected: virtual void __cdecl gui::Widget::onChange_(void),method,gui,Widget,onChange_,void,False,False,True,False,False,False,True
1660,1659,0x67B,?onChar@BuddyWindow@gui@@UEAA_NW4KeyboardButton@2@H@Z,"public: virtual bool __cdecl gui::BuddyWindow::onChar(enum gui::KeyboardButton, int)",method,gui,BuddyWindow,onChar,"enum gui::KeyboardButton, int",False,False,True,False,False,False,True
1661,1660,0x67C,?onChar@ComboBoxWindow@gui@@UEAA_NW4KeyboardButton@2@H@Z,"public: virtual bool __cdecl gui::ComboBoxWindow::onChar(enum gui::KeyboardButton, int)",method,gui,ComboBoxWindow,onChar,"enum gui::KeyboardButton, int",False,False,True,False,False,False,True
1662,1661,0x67D,?onChar@Container@gui@@UEAA_NW4KeyboardButton@2@H@Z,"public: virtual bool __cdecl gui::Container::onChar(enum gui::KeyboardButton, int)",method,gui,Container,onChar,"enum gui::KeyboardButton, int",False,False,True,False,False,False,True
1663,1662,0x67E,?onChar@EditBox@gui@@UEAA_NW4KeyboardButton@2@H@Z,"public: virtual bool __cdecl gui::EditBox::onChar(enum gui::KeyboardButton, int)",method,gui,EditBox,onChar,"enum gui::KeyboardButton, int",False,False,True,False,False,False,True
1664,1663,0x67F,?onChar@GUI@gui@@QEAAXW4KeyboardButton@2@H@Z,"public: void __cdecl gui::GUI::onChar(enum gui::KeyboardButton, int)",method,gui,GUI,onChar,"enum gui::KeyboardButton, int",False,False,False,False,False,False,True
1665,1664,0x680,?onChar@Widget@gui@@UEAA_NW4KeyboardButton@2@H@Z,"public: virtual bool __cdecl gui::Widget::onChar(enum gui::KeyboardButton, int)",method,gui,Widget,onChar,"enum gui::KeyboardButton, int",False,False,True,False,False,False,True
1666,1665,0x681,?onChar@WindowBase@gui@@UEAA_NW4KeyboardButton@2@H@Z,"public: virtual bool __cdecl gui::WindowBase::onChar(enum gui::KeyboardButton, int)",method,gui,WindowBase,onChar,"enum gui::KeyboardButton, int",False,False,True,False,False,False,True
1667,1666,0x682,?onCharMessage@GUI@gui@@QEAAXW4KeyboardButton@2@H@Z,"public: void __cdecl gui::GUI::onCharMessage(enum gui::KeyboardButton, int)",method,gui,GUI,onCharMessage,"enum gui::KeyboardButton, int",False,False,False,False,False,False,True
1668,1667,0x683,?onCheckRangeChanged_@SpinBox@gui@@MEAAX_N@Z,protected: virtual void __cdecl gui::SpinBox::onCheckRangeChanged_(bool),method,gui,SpinBox,onCheckRangeChanged_,bool,False,False,True,False,False,False,True
1669,1668,0x684,?onCheckVisibleChanged_@CheckListBoxLine@gui@@MEAAX_N@Z,protected: virtual void __cdecl gui::CheckListBoxLine::onCheckVisibleChanged_(bool),method,gui,CheckListBoxLine,onCheckVisibleChanged_,bool,False,False,True,False,False,False,True
1670,1669,0x685,?onCheckedChanged_@CheckListBoxLine@gui@@MEAAX_N@Z,protected: virtual void __cdecl gui::CheckListBoxLine::onCheckedChanged_(bool),method,gui,CheckListBoxLine,onCheckedChanged_,bool,False,False,True,False,False,False,True
1671,1670,0x686,?onChildBecomeDirty_@Widget@gui@@MEAAXPEAV12@@Z,protected: virtual void __cdecl gui::Widget::onChildBecomeDirty_(class gui::Widget *),method,gui,Widget,onChildBecomeDirty_,class gui::Widget *,False,False,True,False,False,False,True
1672,1671,0x687,?onCloseButton_@ModalWindow@gui@@MEAAXXZ,protected: virtual void __cdecl gui::ModalWindow::onCloseButton_(void),method,gui,ModalWindow,onCloseButton_,void,False,False,True,False,False,False,True
1673,1672,0x688,?onClose_@WindowBase@gui@@MEAAXXZ,protected: virtual void __cdecl gui::WindowBase::onClose_(void),method,gui,WindowBase,onClose_,void,False,False,True,False,False,False,True
1674,1673,0x689,?onDecreaseButtonChange_@SpinBox@gui@@MEAAXXZ,protected: virtual void __cdecl gui::SpinBox::onDecreaseButtonChange_(void),method,gui,SpinBox,onDecreaseButtonChange_,void,False,False,True,False,False,False,True
1675,1674,0x68A,?onEditBoxChange_@ComboBox@gui@@MEAAXXZ,protected: virtual void __cdecl gui::ComboBox::onEditBoxChange_(void),method,gui,ComboBox,onEditBoxChange_,void,False,False,True,False,False,False,True
1676,1675,0x68B,?onEditBoxChange_@SpinBox@gui@@MEAAXXZ,protected: virtual void __cdecl gui::SpinBox::onEditBoxChange_(void),method,gui,SpinBox,onEditBoxChange_,void,False,False,True,False,False,False,True
1677,1676,0x68C,?onEnableChanged_@Container@gui@@MEAAX_N@Z,protected: virtual void __cdecl gui::Container::onEnableChanged_(bool),method,gui,Container,onEnableChanged_,bool,False,False,True,False,False,False,True
1678,1677,0x68D,?onEnableChanged_@Widget@gui@@MEAAX_N@Z,protected: virtual void __cdecl gui::Widget::onEnableChanged_(bool),method,gui,Widget,onEnableChanged_,bool,False,False,True,False,False,False,True
1679,1678,0x68E,?onFocusChanged_@ButtonBase@gui@@MEAAX_N@Z,protected: virtual void __cdecl gui::ButtonBase::onFocusChanged_(bool),method,gui,ButtonBase,onFocusChanged_,bool,False,False,True,False,False,False,True
1680,1679,0x68F,?onFocusChanged_@ComboBox@gui@@MEAAX_N@Z,protected: virtual void __cdecl gui::ComboBox::onFocusChanged_(bool),method,gui,ComboBox,onFocusChanged_,bool,False,False,True,False,False,False,True
1681,1680,0x690,?onFocusChanged_@Container@gui@@MEAAX_N@Z,protected: virtual void __cdecl gui::Container::onFocusChanged_(bool),method,gui,Container,onFocusChanged_,bool,False,False,True,False,False,False,True
1682,1681,0x691,?onFocusChanged_@EditBox@gui@@MEAAX_N@Z,protected: virtual void __cdecl gui::EditBox::onFocusChanged_(bool),method,gui,EditBox,onFocusChanged_,bool,False,False,True,False,False,False,True
1683,1682,0x692,?onFocusChanged_@ListBoxBase@gui@@MEAAX_N@Z,protected: virtual void __cdecl gui::ListBoxBase::onFocusChanged_(bool),method,gui,ListBoxBase,onFocusChanged_,bool,False,False,True,False,False,False,True
1684,1683,0x693,?onFocusChanged_@Menu@gui@@MEAAX_N@Z,protected: virtual void __cdecl gui::Menu::onFocusChanged_(bool),method,gui,Menu,onFocusChanged_,bool,False,False,True,False,False,False,True
1685,1684,0x694,?onFocusChanged_@SpinBox@gui@@MEAAX_N@Z,protected: virtual void __cdecl gui::SpinBox::onFocusChanged_(bool),method,gui,SpinBox,onFocusChanged_,bool,False,False,True,False,False,False,True
1686,1685,0x695,?onFocusChanged_@Widget@gui@@MEAAX_N@Z,protected: virtual void __cdecl gui::Widget::onFocusChanged_(bool),method,gui,Widget,onFocusChanged_,bool,False,False,True,False,False,False,True
1687,1686,0x696,?onFocusChanged_@Window@gui@@MEAAX_N@Z,protected: virtual void __cdecl gui::Window::onFocusChanged_(bool),method,gui,Window,onFocusChanged_,bool,False,False,True,False,False,False,True
1688,1687,0x697,?onHasCursorChanged_@WindowBase@gui@@MEAAX_N@Z,protected: virtual void __cdecl gui::WindowBase::onHasCursorChanged_(bool),method,gui,WindowBase,onHasCursorChanged_,bool,False,False,True,False,False,False,True
1689,1688,0x698,?onHide_@TabGroupItem@gui@@MEAAXXZ,protected: virtual void __cdecl gui::TabGroupItem::onHide_(void),method,gui,TabGroupItem,onHide_,void,False,False,True,False,False,False,True
1690,1689,0x699,?onHighlightedChanged_@MenuItemBase@gui@@MEAAX_N@Z,protected: virtual void __cdecl gui::MenuItemBase::onHighlightedChanged_(bool),method,gui,MenuItemBase,onHighlightedChanged_,bool,False,False,True,False,False,False,True
1691,1690,0x69A,?onHorzScrollBarChange_@EditBox@gui@@MEAAXXZ,protected: virtual void __cdecl gui::EditBox::onHorzScrollBarChange_(void),method,gui,EditBox,onHorzScrollBarChange_,void,False,False,True,False,False,False,True
1692,1691,0x69B,?onHorzScrollBarChange_@Grid@gui@@MEAAXXZ,protected: virtual void __cdecl gui::Grid::onHorzScrollBarChange_(void),method,gui,Grid,onHorzScrollBarChange_,void,False,False,True,False,False,False,True
1693,1692,0x69C,?onHorzScrollBarChange_@ListBoxBase@gui@@MEAAXXZ,protected: virtual void __cdecl gui::ListBoxBase::onHorzScrollBarChange_(void),method,gui,ListBoxBase,onHorzScrollBarChange_,void,False,False,True,False,False,False,True
1694,1693,0x69D,?onHorzScrollBarChange_@ScrollPane@gui@@IEAAXXZ,protected: void __cdecl gui::ScrollPane::onHorzScrollBarChange_(void),method,gui,ScrollPane,onHorzScrollBarChange_,void,False,False,False,False,False,False,True
1695,1694,0x69E,?onHotKey@WindowBase@gui@@UEAA_NAEBUHotKey@12@@Z,public: virtual bool __cdecl gui::WindowBase::onHotKey(struct gui::WindowBase::HotKey const &),method,gui,WindowBase,onHotKey,struct gui::WindowBase::HotKey const &,False,False,True,False,False,False,True
1696,1695,0x69F,?onHoveredWidgetChanged_@Container@gui@@MEAAXPEAVWidgetHandler@2@AEBVVec2i@osg@@@Z,"protected: virtual void __cdecl gui::Container::onHoveredWidgetChanged_(class gui::WidgetHandler *, class osg::Vec2i const &)",method,gui,Container,onHoveredWidgetChanged_,"class gui::WidgetHandler *, class osg::Vec2i const &",False,False,True,False,False,False,True
1697,1696,0x6A0,?onHoveredWidgetChanged_@Menu@gui@@MEAAXPEAVWidgetHandler@2@AEBVVec2i@osg@@@Z,"protected: virtual void __cdecl gui::Menu::onHoveredWidgetChanged_(class gui::WidgetHandler *, class osg::Vec2i const &)",method,gui,Menu,onHoveredWidgetChanged_,"class gui::WidgetHandler *, class osg::Vec2i const &",False,False,True,False,False,False,True
1698,1697,0x6A1,?onHoveredWidgetChanged_@MenuBar@gui@@MEAAXPEAVWidgetHandler@2@AEBVVec2i@osg@@@Z,"protected: virtual void __cdecl gui::MenuBar::onHoveredWidgetChanged_(class gui::WidgetHandler *, class osg::Vec2i const &)",method,gui,MenuBar,onHoveredWidgetChanged_,"class gui::WidgetHandler *, class osg::Vec2i const &",False,False,True,False,False,False,True
1699,1698,0x6A2,?onIncreaseButtonChange_@SpinBox@gui@@MEAAXXZ,protected: virtual void __cdecl gui::SpinBox::onIncreaseButtonChange_(void),method,gui,SpinBox,onIncreaseButtonChange_,void,False,False,True,False,False,False,True
1700,1699,0x6A3,?onItemChange_@CheckListBox@gui@@MEAAXPEAVCheckListBoxLine@2@@Z,protected: virtual void __cdecl gui::CheckListBox::onItemChange_(class gui::CheckListBoxLine *),method,gui,CheckListBox,onItemChange_,class gui::CheckListBoxLine *,False,False,True,False,False,False,True
1701,1700,0x6A4,?onItemChanged@ListBoxBase@gui@@UEAAXPEAVListBoxLineBase@2@@Z,public: virtual void __cdecl gui::ListBoxBase::onItemChanged(class gui::ListBoxLineBase *),method,gui,ListBoxBase,onItemChanged,class gui::ListBoxLineBase *,False,False,True,False,False,False,True
1702,1701,0x6A5,?onItemMouseDoubleClick_@CheckListBox@gui@@MEAAXAEBVVec2i@osg@@PEAVListBoxLineBase@2@@Z,"protected: virtual void __cdecl gui::CheckListBox::onItemMouseDoubleClick_(class osg::Vec2i const &, class gui::ListBoxLineBase *)",method,gui,CheckListBox,onItemMouseDoubleClick_,"class osg::Vec2i const &, class gui::ListBoxLineBase *",False,False,True,False,False,False,True
1703,1702,0x6A6,?onItemMouseDoubleClick_@ListBoxBase@gui@@MEAAXAEBVVec2i@osg@@PEAVListBoxLineBase@2@@Z,"protected: virtual void __cdecl gui::ListBoxBase::onItemMouseDoubleClick_(class osg::Vec2i const &, class gui::ListBoxLineBase *)",method,gui,ListBoxBase,onItemMouseDoubleClick_,"class osg::Vec2i const &, class gui::ListBoxLineBase *",False,False,True,False,False,False,True
1704,1703,0x6A7,?onItemMouseDown_@CheckListBox@gui@@MEAAXAEBVVec2i@osg@@PEAVListBoxLineBase@2@@Z,"protected: virtual void __cdecl gui::CheckListBox::onItemMouseDown_(class osg::Vec2i const &, class gui::ListBoxLineBase *)",method,gui,CheckListBox,onItemMouseDown_,"class osg::Vec2i const &, class gui::ListBoxLineBase *",False,False,True,False,False,False,True
1705,1704,0x6A8,?onItemMouseDown_@ListBoxBase@gui@@MEAAXAEBVVec2i@osg@@PEAVListBoxLineBase@2@@Z,"protected: virtual void __cdecl gui::ListBoxBase::onItemMouseDown_(class osg::Vec2i const &, class gui::ListBoxLineBase *)",method,gui,ListBoxBase,onItemMouseDown_,"class osg::Vec2i const &, class gui::ListBoxLineBase *",False,False,True,False,False,False,True
1706,1705,0x6A9,?onItemMouseIn_@Menu@gui@@MEAAXPEAVWidgetHandler@2@@Z,protected: virtual void __cdecl gui::Menu::onItemMouseIn_(class gui::WidgetHandler *),method,gui,Menu,onItemMouseIn_,class gui::WidgetHandler *,False,False,True,False,False,False,True
1707,1706,0x6AA,?onItemMouseIn_@PieMenu@gui@@MEAAXPEAVWidgetHandler@2@@Z,protected: virtual void __cdecl gui::PieMenu::onItemMouseIn_(class gui::WidgetHandler *),method,gui,PieMenu,onItemMouseIn_,class gui::WidgetHandler *,False,False,True,False,False,False,True
1708,1707,0x6AB,?onItemMouseMove_@CheckListBox@gui@@MEAAXAEBVVec2i@osg@@PEAVListBoxLineBase@2@@Z,"protected: virtual void __cdecl gui::CheckListBox::onItemMouseMove_(class osg::Vec2i const &, class gui::ListBoxLineBase *)",method,gui,CheckListBox,onItemMouseMove_,"class osg::Vec2i const &, class gui::ListBoxLineBase *",False,False,True,False,False,False,True
1709,1708,0x6AC,?onItemMouseMove_@ListBoxBase@gui@@MEAAXAEBVVec2i@osg@@PEAVListBoxLineBase@2@@Z,"protected: virtual void __cdecl gui::ListBoxBase::onItemMouseMove_(class osg::Vec2i const &, class gui::ListBoxLineBase *)",method,gui,ListBoxBase,onItemMouseMove_,"class osg::Vec2i const &, class gui::ListBoxLineBase *",False,False,True,False,False,False,True
1710,1709,0x6AD,?onItemMouseOut_@Menu@gui@@MEAAXPEAVWidgetHandler@2@@Z,protected: virtual void __cdecl gui::Menu::onItemMouseOut_(class gui::WidgetHandler *),method,gui,Menu,onItemMouseOut_,class gui::WidgetHandler *,False,False,True,False,False,False,True
1711,1710,0x6AE,?onItemMouseOut_@PieMenu@gui@@MEAAXPEAVWidgetHandler@2@@Z,protected: virtual void __cdecl gui::PieMenu::onItemMouseOut_(class gui::WidgetHandler *),method,gui,PieMenu,onItemMouseOut_,class gui::WidgetHandler *,False,False,True,False,False,False,True
1712,1711,0x6AF,?onItemMouseUp@ComboBoxWindow@gui@@UEAAXXZ,public: virtual void __cdecl gui::ComboBoxWindow::onItemMouseUp(void),method,gui,ComboBoxWindow,onItemMouseUp,void,False,False,True,False,False,False,True
1713,1712,0x6B0,?onItemMouseUp@ComboListWindow@gui@@UEAAXXZ,public: virtual void __cdecl gui::ComboListWindow::onItemMouseUp(void),method,gui,ComboListWindow,onItemMouseUp,void,False,False,True,False,False,False,True
1714,1713,0x6B1,?onItemMouseUp_@CheckListBox@gui@@MEAAXAEBVVec2i@osg@@PEAVListBoxLineBase@2@@Z,"protected: virtual void __cdecl gui::CheckListBox::onItemMouseUp_(class osg::Vec2i const &, class gui::ListBoxLineBase *)",method,gui,CheckListBox,onItemMouseUp_,"class osg::Vec2i const &, class gui::ListBoxLineBase *",False,False,True,False,False,False,True
1715,1714,0x6B2,?onItemMouseUp_@ComboBoxListBox@gui@@MEAAXAEBVVec2i@osg@@PEAVListBoxLineBase@2@@Z,"protected: virtual void __cdecl gui::ComboBoxListBox::onItemMouseUp_(class osg::Vec2i const &, class gui::ListBoxLineBase *)",method,gui,ComboBoxListBox,onItemMouseUp_,"class osg::Vec2i const &, class gui::ListBoxLineBase *",False,False,True,False,False,False,True
1716,1715,0x6B3,?onItemMouseUp_@ComboListListBox@gui@@MEAAXAEBVVec2i@osg@@PEAVListBoxLineBase@2@@Z,"protected: virtual void __cdecl gui::ComboListListBox::onItemMouseUp_(class osg::Vec2i const &, class gui::ListBoxLineBase *)",method,gui,ComboListListBox,onItemMouseUp_,"class osg::Vec2i const &, class gui::ListBoxLineBase *",False,False,True,False,False,False,True
1717,1716,0x6B4,?onItemMouseUp_@ListBoxBase@gui@@MEAAXAEBVVec2i@osg@@PEAVListBoxLineBase@2@@Z,"protected: virtual void __cdecl gui::ListBoxBase::onItemMouseUp_(class osg::Vec2i const &, class gui::ListBoxLineBase *)",method,gui,ListBoxBase,onItemMouseUp_,"class osg::Vec2i const &, class gui::ListBoxLineBase *",False,False,True,False,False,False,True
1718,1717,0x6B5,?onItemMouseUp_@MenuItemBase@gui@@MEAAXXZ,protected: virtual void __cdecl gui::MenuItemBase::onItemMouseUp_(void),method,gui,MenuItemBase,onItemMouseUp_,void,False,False,True,False,False,False,True
1719,1718,0x6B6,?onItemMouseUp_@PieMenuItem@gui@@MEAAXXZ,protected: virtual void __cdecl gui::PieMenuItem::onItemMouseUp_(void),method,gui,PieMenuItem,onItemMouseUp_,void,False,False,True,False,False,False,True
1720,1719,0x6B7,?onItemMouseUp_@PieMenuSubItem@gui@@MEAAXXZ,protected: virtual void __cdecl gui::PieMenuSubItem::onItemMouseUp_(void),method,gui,PieMenuSubItem,onItemMouseUp_,void,False,False,True,False,False,False,True
1721,1720,0x6B8,?onItemSelected_@Menu@gui@@MEAAXPEAVWidgetHandler@2@@Z,protected: virtual void __cdecl gui::Menu::onItemSelected_(class gui::WidgetHandler *),method,gui,Menu,onItemSelected_,class gui::WidgetHandler *,False,False,True,False,False,False,True
1722,1721,0x6B9,?onItemSelected_@PieMenu@gui@@MEAAXPEAVWidgetHandler@2@@Z,protected: virtual void __cdecl gui::PieMenu::onItemSelected_(class gui::WidgetHandler *),method,gui,PieMenu,onItemSelected_,class gui::WidgetHandler *,False,False,True,False,False,False,True
1723,1722,0x6BA,?onKeyDown@BuddyWindow@gui@@UEAA_NW4KeyboardButton@2@H@Z,"public: virtual bool __cdecl gui::BuddyWindow::onKeyDown(enum gui::KeyboardButton, int)",method,gui,BuddyWindow,onKeyDown,"enum gui::KeyboardButton, int",False,False,True,False,False,False,True
1724,1723,0x6BB,?onKeyDown@ButtonBase@gui@@UEAA_NW4KeyboardButton@2@H@Z,"public: virtual bool __cdecl gui::ButtonBase::onKeyDown(enum gui::KeyboardButton, int)",method,gui,ButtonBase,onKeyDown,"enum gui::KeyboardButton, int",False,False,True,False,False,False,True
1725,1724,0x6BC,?onKeyDown@CheckListBox@gui@@UEAA_NW4KeyboardButton@2@H@Z,"public: virtual bool __cdecl gui::CheckListBox::onKeyDown(enum gui::KeyboardButton, int)",method,gui,CheckListBox,onKeyDown,"enum gui::KeyboardButton, int",False,False,True,False,False,False,True
1726,1725,0x6BD,?onKeyDown@ComboBox@gui@@UEAA_NW4KeyboardButton@2@H@Z,"public: virtual bool __cdecl gui::ComboBox::onKeyDown(enum gui::KeyboardButton, int)",method,gui,ComboBox,onKeyDown,"enum gui::KeyboardButton, int",False,False,True,False,False,False,True
1727,1726,0x6BE,?onKeyDown@ComboBoxWindow@gui@@UEAA_NW4KeyboardButton@2@H@Z,"public: virtual bool __cdecl gui::ComboBoxWindow::onKeyDown(enum gui::KeyboardButton, int)",method,gui,ComboBoxWindow,onKeyDown,"enum gui::KeyboardButton, int",False,False,True,False,False,False,True
1728,1727,0x6BF,?onKeyDown@ComboList@gui@@UEAA_NW4KeyboardButton@2@H@Z,"public: virtual bool __cdecl gui::ComboList::onKeyDown(enum gui::KeyboardButton, int)",method,gui,ComboList,onKeyDown,"enum gui::KeyboardButton, int",False,False,True,False,False,False,True
1729,1728,0x6C0,?onKeyDown@ComboListWindow@gui@@UEAA_NW4KeyboardButton@2@H@Z,"public: virtual bool __cdecl gui::ComboListWindow::onKeyDown(enum gui::KeyboardButton, int)",method,gui,ComboListWindow,onKeyDown,"enum gui::KeyboardButton, int",False,False,True,False,False,False,True
1730,1729,0x6C1,?onKeyDown@Container@gui@@UEAA_NW4KeyboardButton@2@H@Z,"public: virtual bool __cdecl gui::Container::onKeyDown(enum gui::KeyboardButton, int)",method,gui,Container,onKeyDown,"enum gui::KeyboardButton, int",False,False,True,False,False,False,True
1731,1730,0x6C2,?onKeyDown@Dial@gui@@UEAA_NW4KeyboardButton@2@H@Z,"public: virtual bool __cdecl gui::Dial::onKeyDown(enum gui::KeyboardButton, int)",method,gui,Dial,onKeyDown,"enum gui::KeyboardButton, int",False,False,True,False,False,False,True
1732,1731,0x6C3,?onKeyDown@EditBox@gui@@UEAA_NW4KeyboardButton@2@H@Z,"public: virtual bool __cdecl gui::EditBox::onKeyDown(enum gui::KeyboardButton, int)",method,gui,EditBox,onKeyDown,"enum gui::KeyboardButton, int",False,False,True,False,False,False,True
1733,1732,0x6C4,?onKeyDown@Grid@gui@@UEAA_NW4KeyboardButton@2@H@Z,"public: virtual bool __cdecl gui::Grid::onKeyDown(enum gui::KeyboardButton, int)",method,gui,Grid,onKeyDown,"enum gui::KeyboardButton, int",False,False,True,False,False,False,True
1734,1733,0x6C5,?onKeyDown@ListBox@gui@@UEAA_NW4KeyboardButton@2@H@Z,"public: virtual bool __cdecl gui::ListBox::onKeyDown(enum gui::KeyboardButton, int)",method,gui,ListBox,onKeyDown,"enum gui::KeyboardButton, int",False,False,True,False,False,False,True
1735,1734,0x6C6,?onKeyDown@Slider@gui@@UEAA_NW4KeyboardButton@2@H@Z,"public: virtual bool __cdecl gui::Slider::onKeyDown(enum gui::KeyboardButton, int)",method,gui,Slider,onKeyDown,"enum gui::KeyboardButton, int",False,False,True,False,False,False,True
1736,1735,0x6C7,?onKeyDown@SpinBox@gui@@UEAA_NW4KeyboardButton@2@H@Z,"public: virtual bool __cdecl gui::SpinBox::onKeyDown(enum gui::KeyboardButton, int)",method,gui,SpinBox,onKeyDown,"enum gui::KeyboardButton, int",False,False,True,False,False,False,True
1737,1736,0x6C8,?onKeyDown@Widget@gui@@UEAA_NW4KeyboardButton@2@H@Z,"public: virtual bool __cdecl gui::Widget::onKeyDown(enum gui::KeyboardButton, int)",method,gui,Widget,onKeyDown,"enum gui::KeyboardButton, int",False,False,True,False,False,False,True
1738,1737,0x6C9,?onKeyDown@WindowBase@gui@@UEAA_NW4KeyboardButton@2@H@Z,"public: virtual bool __cdecl gui::WindowBase::onKeyDown(enum gui::KeyboardButton, int)",method,gui,WindowBase,onKeyDown,"enum gui::KeyboardButton, int",False,False,True,False,False,False,True
1739,1738,0x6CA,?onKeyDownMessage@GUI@gui@@QEAAXW4KeyboardButton@2@H@Z,"public: void __cdecl gui::GUI::onKeyDownMessage(enum gui::KeyboardButton, int)",method,gui,GUI,onKeyDownMessage,"enum gui::KeyboardButton, int",False,False,False,False,False,False,True
1740,1739,0x6CB,?onKeyUp@BuddyWindow@gui@@UEAA_NW4KeyboardButton@2@H@Z,"public: virtual bool __cdecl gui::BuddyWindow::onKeyUp(enum gui::KeyboardButton, int)",method,gui,BuddyWindow,onKeyUp,"enum gui::KeyboardButton, int",False,False,True,False,False,False,True
1741,1740,0x6CC,?onKeyUp@ButtonBase@gui@@UEAA_NW4KeyboardButton@2@H@Z,"public: virtual bool __cdecl gui::ButtonBase::onKeyUp(enum gui::KeyboardButton, int)",method,gui,ButtonBase,onKeyUp,"enum gui::KeyboardButton, int",False,False,True,False,False,False,True
1742,1741,0x6CD,?onKeyUp@ComboBoxWindow@gui@@UEAA_NW4KeyboardButton@2@H@Z,"public: virtual bool __cdecl gui::ComboBoxWindow::onKeyUp(enum gui::KeyboardButton, int)",method,gui,ComboBoxWindow,onKeyUp,"enum gui::KeyboardButton, int",False,False,True,False,False,False,True
1743,1742,0x6CE,?onKeyUp@Container@gui@@UEAA_NW4KeyboardButton@2@H@Z,"public: virtual bool __cdecl gui::Container::onKeyUp(enum gui::KeyboardButton, int)",method,gui,Container,onKeyUp,"enum gui::KeyboardButton, int",False,False,True,False,False,False,True
1744,1743,0x6CF,?onKeyUp@Widget@gui@@UEAA_NW4KeyboardButton@2@H@Z,"public: virtual bool __cdecl gui::Widget::onKeyUp(enum gui::KeyboardButton, int)",method,gui,Widget,onKeyUp,"enum gui::KeyboardButton, int",False,False,True,False,False,False,True
1745,1744,0x6D0,?onKeyUp@WindowBase@gui@@UEAA_NW4KeyboardButton@2@H@Z,"public: virtual bool __cdecl gui::WindowBase::onKeyUp(enum gui::KeyboardButton, int)",method,gui,WindowBase,onKeyUp,"enum gui::KeyboardButton, int",False,False,True,False,False,False,True
1746,1745,0x6D1,?onKeyUpMessage@GUI@gui@@QEAAXW4KeyboardButton@2@H@Z,"public: void __cdecl gui::GUI::onKeyUpMessage(enum gui::KeyboardButton, int)",method,gui,GUI,onKeyUpMessage,"enum gui::KeyboardButton, int",False,False,False,False,False,False,True
1747,1746,0x6D2,?onListBoxChange_@ComboBox@gui@@MEAAXXZ,protected: virtual void __cdecl gui::ComboBox::onListBoxChange_(void),method,gui,ComboBox,onListBoxChange_,void,False,False,True,False,False,False,True
1748,1747,0x6D3,?onListBoxChange_@ComboList@gui@@MEAAXXZ,protected: virtual void __cdecl gui::ComboList::onListBoxChange_(void),method,gui,ComboList,onListBoxChange_,void,False,False,True,False,False,False,True
1749,1748,0x6D4,?onMenuChanged_@MenuItemBase@gui@@MEAAXPEAVWidgetHandler@2@@Z,protected: virtual void __cdecl gui::MenuItemBase::onMenuChanged_(class gui::WidgetHandler *),method,gui,MenuItemBase,onMenuChanged_,class gui::WidgetHandler *,False,False,True,False,False,False,True
1750,1749,0x6D5,?onMenuChanged_@PieMenuItem@gui@@MEAAXPEAVWidgetHandler@2@@Z,protected: virtual void __cdecl gui::PieMenuItem::onMenuChanged_(class gui::WidgetHandler *),method,gui,PieMenuItem,onMenuChanged_,class gui::WidgetHandler *,False,False,True,False,False,False,True
1751,1750,0x6D6,?onMenuVisibleChanged_@MenuBarItem@gui@@IEAAXPEAVMenu@2@@Z,protected: void __cdecl gui::MenuBarItem::onMenuVisibleChanged_(class gui::Menu *),method,gui,MenuBarItem,onMenuVisibleChanged_,class gui::Menu *,False,False,False,False,False,False,True
1752,1751,0x6D7,?onMouseCursorMove@Container@gui@@UEAAXAEBVVec2i@osg@@@Z,public: virtual void __cdecl gui::Container::onMouseCursorMove(class osg::Vec2i const &),method,gui,Container,onMouseCursorMove,class osg::Vec2i const &,False,False,True,False,False,False,True
1753,1752,0x6D8,?onMouseCursorMove@Widget@gui@@UEAAXAEBVVec2i@osg@@@Z,public: virtual void __cdecl gui::Widget::onMouseCursorMove(class osg::Vec2i const &),method,gui,Widget,onMouseCursorMove,class osg::Vec2i const &,False,False,True,False,False,False,True
1754,1753,0x6D9,?onMouseDoubleClick@ButtonBase@gui@@UEAAXAEBVVec2i@osg@@W4MouseButton@2@@Z,"public: virtual void __cdecl gui::ButtonBase::onMouseDoubleClick(class osg::Vec2i const &, enum gui::MouseButton)",method,gui,ButtonBase,onMouseDoubleClick,"class osg::Vec2i const &, enum gui::MouseButton",False,False,True,False,False,False,True
1755,1754,0x6DA,?onMouseDoubleClick@ComboBox@gui@@UEAAXAEBVVec2i@osg@@W4MouseButton@2@@Z,"public: virtual void __cdecl gui::ComboBox::onMouseDoubleClick(class osg::Vec2i const &, enum gui::MouseButton)",method,gui,ComboBox,onMouseDoubleClick,"class osg::Vec2i const &, enum gui::MouseButton",False,False,True,False,False,False,True
1756,1755,0x6DB,?onMouseDoubleClick@ComboList@gui@@UEAAXAEBVVec2i@osg@@W4MouseButton@2@@Z,"public: virtual void __cdecl gui::ComboList::onMouseDoubleClick(class osg::Vec2i const &, enum gui::MouseButton)",method,gui,ComboList,onMouseDoubleClick,"class osg::Vec2i const &, enum gui::MouseButton",False,False,True,False,False,False,True
1757,1756,0x6DC,?onMouseDoubleClick@Container@gui@@UEAAXAEBVVec2i@osg@@W4MouseButton@2@@Z,"public: virtual void __cdecl gui::Container::onMouseDoubleClick(class osg::Vec2i const &, enum gui::MouseButton)",method,gui,Container,onMouseDoubleClick,"class osg::Vec2i const &, enum gui::MouseButton",False,False,True,False,False,False,True
1758,1757,0x6DD,?onMouseDoubleClick@EditBox@gui@@UEAAXAEBVVec2i@osg@@W4MouseButton@2@@Z,"public: virtual void __cdecl gui::EditBox::onMouseDoubleClick(class osg::Vec2i const &, enum gui::MouseButton)",method,gui,EditBox,onMouseDoubleClick,"class osg::Vec2i const &, enum gui::MouseButton",False,False,True,False,False,False,True
1759,1758,0x6DE,?onMouseDoubleClick@GridHeader@gui@@UEAAXAEBVVec2i@osg@@W4MouseButton@2@@Z,"public: virtual void __cdecl gui::GridHeader::onMouseDoubleClick(class osg::Vec2i const &, enum gui::MouseButton)",method,gui,GridHeader,onMouseDoubleClick,"class osg::Vec2i const &, enum gui::MouseButton",False,False,True,False,False,False,True
1760,1759,0x6DF,?onMouseDoubleClick@GridHeaderCell@gui@@UEAAXAEBVVec2i@osg@@W4MouseButton@2@@Z,"public: virtual void __cdecl gui::GridHeaderCell::onMouseDoubleClick(class osg::Vec2i const &, enum gui::MouseButton)",method,gui,GridHeaderCell,onMouseDoubleClick,"class osg::Vec2i const &, enum gui::MouseButton",False,False,True,False,False,False,True
1761,1760,0x6E0,?onMouseDoubleClick@HorzScrollBar@gui@@UEAAXAEBVVec2i@osg@@W4MouseButton@2@@Z,"public: virtual void __cdecl gui::HorzScrollBar::onMouseDoubleClick(class osg::Vec2i const &, enum gui::MouseButton)",method,gui,HorzScrollBar,onMouseDoubleClick,"class osg::Vec2i const &, enum gui::MouseButton",False,False,True,False,False,False,True
1762,1761,0x6E1,?onMouseDoubleClick@HorzSlider@gui@@UEAAXAEBVVec2i@osg@@W4MouseButton@2@@Z,"public: virtual void __cdecl gui::HorzSlider::onMouseDoubleClick(class osg::Vec2i const &, enum gui::MouseButton)",method,gui,HorzSlider,onMouseDoubleClick,"class osg::Vec2i const &, enum gui::MouseButton",False,False,True,False,False,False,True
1763,1762,0x6E2,?onMouseDoubleClick@MenuBar@gui@@UEAAXAEBVVec2i@osg@@W4MouseButton@2@@Z,"public: virtual void __cdecl gui::MenuBar::onMouseDoubleClick(class osg::Vec2i const &, enum gui::MouseButton)",method,gui,MenuBar,onMouseDoubleClick,"class osg::Vec2i const &, enum gui::MouseButton",False,False,True,False,False,False,True
1764,1763,0x6E3,?onMouseDoubleClick@MouseListener@GUI@gui@@UEAAXHHW4MouseButton@3@@Z,"public: virtual void __cdecl gui::GUI::MouseListener::onMouseDoubleClick(int, int, enum gui::MouseButton)",method,gui::GUI,MouseListener,onMouseDoubleClick,"int, int, enum gui::MouseButton",False,False,True,False,False,False,True
1765,1764,0x6E4,?onMouseDoubleClick@VertScrollBar@gui@@UEAAXAEBVVec2i@osg@@W4MouseButton@2@@Z,"public: virtual void __cdecl gui::VertScrollBar::onMouseDoubleClick(class osg::Vec2i const &, enum gui::MouseButton)",method,gui,VertScrollBar,onMouseDoubleClick,"class osg::Vec2i const &, enum gui::MouseButton",False,False,True,False,False,False,True
1766,1765,0x6E5,?onMouseDoubleClick@VertSlider@gui@@UEAAXAEBVVec2i@osg@@W4MouseButton@2@@Z,"public: virtual void __cdecl gui::VertSlider::onMouseDoubleClick(class osg::Vec2i const &, enum gui::MouseButton)",method,gui,VertSlider,onMouseDoubleClick,"class osg::Vec2i const &, enum gui::MouseButton",False,False,True,False,False,False,True
1767,1766,0x6E6,?onMouseDoubleClick@Widget@gui@@UEAAXAEBVVec2i@osg@@W4MouseButton@2@@Z,"public: virtual void __cdecl gui::Widget::onMouseDoubleClick(class osg::Vec2i const &, enum gui::MouseButton)",method,gui,Widget,onMouseDoubleClick,"class osg::Vec2i const &, enum gui::MouseButton",False,False,True,False,False,False,True
1768,1767,0x6E7,?onMouseDown@ButtonBase@gui@@UEAAXAEBVVec2i@osg@@W4MouseButton@2@@Z,"public: virtual void __cdecl gui::ButtonBase::onMouseDown(class osg::Vec2i const &, enum gui::MouseButton)",method,gui,ButtonBase,onMouseDown,"class osg::Vec2i const &, enum gui::MouseButton",False,False,True,False,False,False,True
1769,1768,0x6E8,?onMouseDown@ComboBox@gui@@UEAAXAEBVVec2i@osg@@W4MouseButton@2@@Z,"public: virtual void __cdecl gui::ComboBox::onMouseDown(class osg::Vec2i const &, enum gui::MouseButton)",method,gui,ComboBox,onMouseDown,"class osg::Vec2i const &, enum gui::MouseButton",False,False,True,False,False,False,True
1770,1769,0x6E9,?onMouseDown@ComboList@gui@@UEAAXAEBVVec2i@osg@@W4MouseButton@2@@Z,"public: virtual void __cdecl gui::ComboList::onMouseDown(class osg::Vec2i const &, enum gui::MouseButton)",method,gui,ComboList,onMouseDown,"class osg::Vec2i const &, enum gui::MouseButton",False,False,True,False,False,False,True
1771,1770,0x6EA,?onMouseDown@Container@gui@@UEAAXAEBVVec2i@osg@@W4MouseButton@2@@Z,"public: virtual void __cdecl gui::Container::onMouseDown(class osg::Vec2i const &, enum gui::MouseButton)",method,gui,Container,onMouseDown,"class osg::Vec2i const &, enum gui::MouseButton",False,False,True,False,False,False,True
1772,1771,0x6EB,?onMouseDown@Dial@gui@@UEAAXAEBVVec2i@osg@@W4MouseButton@2@@Z,"public: virtual void __cdecl gui::Dial::onMouseDown(class osg::Vec2i const &, enum gui::MouseButton)",method,gui,Dial,onMouseDown,"class osg::Vec2i const &, enum gui::MouseButton",False,False,True,False,False,False,True
1773,1772,0x6EC,?onMouseDown@EditBox@gui@@UEAAXAEBVVec2i@osg@@W4MouseButton@2@@Z,"public: virtual void __cdecl gui::EditBox::onMouseDown(class osg::Vec2i const &, enum gui::MouseButton)",method,gui,EditBox,onMouseDown,"class osg::Vec2i const &, enum gui::MouseButton",False,False,True,False,False,False,True
1774,1773,0x6ED,?onMouseDown@GridHeader@gui@@UEAAXAEBVVec2i@osg@@W4MouseButton@2@@Z,"public: virtual void __cdecl gui::GridHeader::onMouseDown(class osg::Vec2i const &, enum gui::MouseButton)",method,gui,GridHeader,onMouseDown,"class osg::Vec2i const &, enum gui::MouseButton",False,False,True,False,False,False,True
1775,1774,0x6EE,?onMouseDown@GridHeaderCell@gui@@UEAAXAEBVVec2i@osg@@W4MouseButton@2@@Z,"public: virtual void __cdecl gui::GridHeaderCell::onMouseDown(class osg::Vec2i const &, enum gui::MouseButton)",method,gui,GridHeaderCell,onMouseDown,"class osg::Vec2i const &, enum gui::MouseButton",False,False,True,False,False,False,True
1776,1775,0x6EF,?onMouseDown@HorzScrollBar@gui@@UEAAXAEBVVec2i@osg@@W4MouseButton@2@@Z,"public: virtual void __cdecl gui::HorzScrollBar::onMouseDown(class osg::Vec2i const &, enum gui::MouseButton)",method,gui,HorzScrollBar,onMouseDown,"class osg::Vec2i const &, enum gui::MouseButton",False,False,True,False,False,False,True
1777,1776,0x6F0,?onMouseDown@HorzSlider@gui@@UEAAXAEBVVec2i@osg@@W4MouseButton@2@@Z,"public: virtual void __cdecl gui::HorzSlider::onMouseDown(class osg::Vec2i const &, enum gui::MouseButton)",method,gui,HorzSlider,onMouseDown,"class osg::Vec2i const &, enum gui::MouseButton",False,False,True,False,False,False,True
1778,1777,0x6F1,?onMouseDown@Menu@gui@@UEAAXAEBVVec2i@osg@@W4MouseButton@2@@Z,"public: virtual void __cdecl gui::Menu::onMouseDown(class osg::Vec2i const &, enum gui::MouseButton)",method,gui,Menu,onMouseDown,"class osg::Vec2i const &, enum gui::MouseButton",False,False,True,False,False,False,True
1779,1778,0x6F2,?onMouseDown@MenuBar@gui@@UEAAXAEBVVec2i@osg@@W4MouseButton@2@@Z,"public: virtual void __cdecl gui::MenuBar::onMouseDown(class osg::Vec2i const &, enum gui::MouseButton)",method,gui,MenuBar,onMouseDown,"class osg::Vec2i const &, enum gui::MouseButton",False,False,True,False,False,False,True
1780,1779,0x6F3,?onMouseDown@MouseListener@GUI@gui@@UEAAXHHW4MouseButton@3@@Z,"public: virtual void __cdecl gui::GUI::MouseListener::onMouseDown(int, int, enum gui::MouseButton)",method,gui::GUI,MouseListener,onMouseDown,"int, int, enum gui::MouseButton",False,False,True,False,False,False,True
1781,1780,0x6F4,?onMouseDown@PieMenu@gui@@UEAAXAEBVVec2i@osg@@W4MouseButton@2@@Z,"public: virtual void __cdecl gui::PieMenu::onMouseDown(class osg::Vec2i const &, enum gui::MouseButton)",method,gui,PieMenu,onMouseDown,"class osg::Vec2i const &, enum gui::MouseButton",False,False,True,False,False,False,True
1782,1781,0x6F5,?onMouseDown@PieMenuItem@gui@@UEAAXAEBVVec2i@osg@@W4MouseButton@2@@Z,"public: virtual void __cdecl gui::PieMenuItem::onMouseDown(class osg::Vec2i const &, enum gui::MouseButton)",method,gui,PieMenuItem,onMouseDown,"class osg::Vec2i const &, enum gui::MouseButton",False,False,True,False,False,False,True
1783,1782,0x6F6,?onMouseDown@TabGroupItem@gui@@UEAAXAEBVVec2i@osg@@W4MouseButton@2@@Z,"public: virtual void __cdecl gui::TabGroupItem::onMouseDown(class osg::Vec2i const &, enum gui::MouseButton)",method,gui,TabGroupItem,onMouseDown,"class osg::Vec2i const &, enum gui::MouseButton",False,False,True,False,False,False,True
1784,1783,0x6F7,?onMouseDown@VertScrollBar@gui@@UEAAXAEBVVec2i@osg@@W4MouseButton@2@@Z,"public: virtual void __cdecl gui::VertScrollBar::onMouseDown(class osg::Vec2i const &, enum gui::MouseButton)",method,gui,VertScrollBar,onMouseDown,"class osg::Vec2i const &, enum gui::MouseButton",False,False,True,False,False,False,True
1785,1784,0x6F8,?onMouseDown@VertSlider@gui@@UEAAXAEBVVec2i@osg@@W4MouseButton@2@@Z,"public: virtual void __cdecl gui::VertSlider::onMouseDown(class osg::Vec2i const &, enum gui::MouseButton)",method,gui,VertSlider,onMouseDown,"class osg::Vec2i const &, enum gui::MouseButton",False,False,True,False,False,False,True
1786,1785,0x6F9,?onMouseDown@Widget@gui@@UEAAXAEBVVec2i@osg@@W4MouseButton@2@@Z,"public: virtual void __cdecl gui::Widget::onMouseDown(class osg::Vec2i const &, enum gui::MouseButton)",method,gui,Widget,onMouseDown,"class osg::Vec2i const &, enum gui::MouseButton",False,False,True,False,False,False,True
1787,1786,0x6FA,?onMouseDown@WindowBase@gui@@UEAAXAEBVVec2i@osg@@W4MouseButton@2@@Z,"public: virtual void __cdecl gui::WindowBase::onMouseDown(class osg::Vec2i const &, enum gui::MouseButton)",method,gui,WindowBase,onMouseDown,"class osg::Vec2i const &, enum gui::MouseButton",False,False,True,False,False,False,True
1788,1787,0x6FB,?onMouseDownMessage@GUI@gui@@QEAAXW4MouseButton@2@@Z,public: void __cdecl gui::GUI::onMouseDownMessage(enum gui::MouseButton),method,gui,GUI,onMouseDownMessage,enum gui::MouseButton,False,False,False,False,False,False,True
1789,1788,0x6FC,?onMouseDown_@ComboList@gui@@MEAAXAEBVVec2i@osg@@W4MouseButton@2@@Z,"protected: virtual void __cdecl gui::ComboList::onMouseDown_(class osg::Vec2i const &, enum gui::MouseButton)",method,gui,ComboList,onMouseDown_,"class osg::Vec2i const &, enum gui::MouseButton",False,False,True,False,False,False,True
1790,1789,0x6FD,?onMouseEnter@ButtonBase@gui@@UEAAXAEBVVec2i@osg@@@Z,public: virtual void __cdecl gui::ButtonBase::onMouseEnter(class osg::Vec2i const &),method,gui,ButtonBase,onMouseEnter,class osg::Vec2i const &,False,False,True,False,False,False,True
1791,1790,0x6FE,?onMouseEnter@ComboBox@gui@@UEAAXAEBVVec2i@osg@@@Z,public: virtual void __cdecl gui::ComboBox::onMouseEnter(class osg::Vec2i const &),method,gui,ComboBox,onMouseEnter,class osg::Vec2i const &,False,False,True,False,False,False,True
1792,1791,0x6FF,?onMouseEnter@ComboList@gui@@UEAAXAEBVVec2i@osg@@@Z,public: virtual void __cdecl gui::ComboList::onMouseEnter(class osg::Vec2i const &),method,gui,ComboList,onMouseEnter,class osg::Vec2i const &,False,False,True,False,False,False,True
1793,1792,0x700,?onMouseEnter@Container@gui@@UEAAXAEBVVec2i@osg@@@Z,public: virtual void __cdecl gui::Container::onMouseEnter(class osg::Vec2i const &),method,gui,Container,onMouseEnter,class osg::Vec2i const &,False,False,True,False,False,False,True
1794,1793,0x701,?onMouseEnter@Dial@gui@@UEAAXAEBVVec2i@osg@@@Z,public: virtual void __cdecl gui::Dial::onMouseEnter(class osg::Vec2i const &),method,gui,Dial,onMouseEnter,class osg::Vec2i const &,False,False,True,False,False,False,True
1795,1794,0x702,?onMouseEnter@EditBox@gui@@UEAAXAEBVVec2i@osg@@@Z,public: virtual void __cdecl gui::EditBox::onMouseEnter(class osg::Vec2i const &),method,gui,EditBox,onMouseEnter,class osg::Vec2i const &,False,False,True,False,False,False,True
1796,1795,0x703,?onMouseEnter@GridHeaderCell@gui@@UEAAXAEBVVec2i@osg@@@Z,public: virtual void __cdecl gui::GridHeaderCell::onMouseEnter(class osg::Vec2i const &),method,gui,GridHeaderCell,onMouseEnter,class osg::Vec2i const &,False,False,True,False,False,False,True
1797,1796,0x704,?onMouseEnter@ListBoxLineBase@gui@@UEAAXAEBVVec2i@osg@@@Z,public: virtual void __cdecl gui::ListBoxLineBase::onMouseEnter(class osg::Vec2i const &),method,gui,ListBoxLineBase,onMouseEnter,class osg::Vec2i const &,False,False,True,False,False,False,True
1798,1797,0x705,?onMouseEnter@Menu@gui@@UEAAXAEBVVec2i@osg@@@Z,public: virtual void __cdecl gui::Menu::onMouseEnter(class osg::Vec2i const &),method,gui,Menu,onMouseEnter,class osg::Vec2i const &,False,False,True,False,False,False,True
1799,1798,0x706,?onMouseEnter@MenuBarItem@gui@@UEAAXAEBVVec2i@osg@@@Z,public: virtual void __cdecl gui::MenuBarItem::onMouseEnter(class osg::Vec2i const &),method,gui,MenuBarItem,onMouseEnter,class osg::Vec2i const &,False,False,True,False,False,False,True
1800,1799,0x707,?onMouseEnter@MenuItemBase@gui@@UEAAXAEBVVec2i@osg@@@Z,public: virtual void __cdecl gui::MenuItemBase::onMouseEnter(class osg::Vec2i const &),method,gui,MenuItemBase,onMouseEnter,class osg::Vec2i const &,False,False,True,False,False,False,True
1801,1800,0x708,?onMouseEnter@MenuSeparatorItem@gui@@UEAAXAEBVVec2i@osg@@@Z,public: virtual void __cdecl gui::MenuSeparatorItem::onMouseEnter(class osg::Vec2i const &),method,gui,MenuSeparatorItem,onMouseEnter,class osg::Vec2i const &,False,False,True,False,False,False,True
1802,1801,0x709,?onMouseEnter@PieMenuItem@gui@@UEAAXAEBVVec2i@osg@@@Z,public: virtual void __cdecl gui::PieMenuItem::onMouseEnter(class osg::Vec2i const &),method,gui,PieMenuItem,onMouseEnter,class osg::Vec2i const &,False,False,True,False,False,False,True
1803,1802,0x70A,?onMouseEnter@TabGroupItem@gui@@UEAAXAEBVVec2i@osg@@@Z,public: virtual void __cdecl gui::TabGroupItem::onMouseEnter(class osg::Vec2i const &),method,gui,TabGroupItem,onMouseEnter,class osg::Vec2i const &,False,False,True,False,False,False,True
1804,1803,0x70B,?onMouseEnter@Widget@gui@@UEAAXAEBVVec2i@osg@@@Z,public: virtual void __cdecl gui::Widget::onMouseEnter(class osg::Vec2i const &),method,gui,Widget,onMouseEnter,class osg::Vec2i const &,False,False,True,False,False,False,True
1805,1804,0x70C,?onMouseEnter@WindowBase@gui@@UEAAXAEBVVec2i@osg@@@Z,public: virtual void __cdecl gui::WindowBase::onMouseEnter(class osg::Vec2i const &),method,gui,WindowBase,onMouseEnter,class osg::Vec2i const &,False,False,True,False,False,False,True
1806,1805,0x70D,?onMouseLeave@ButtonBase@gui@@UEAAXAEBVVec2i@osg@@@Z,public: virtual void __cdecl gui::ButtonBase::onMouseLeave(class osg::Vec2i const &),method,gui,ButtonBase,onMouseLeave,class osg::Vec2i const &,False,False,True,False,False,False,True
1807,1806,0x70E,?onMouseLeave@ComboBox@gui@@UEAAXAEBVVec2i@osg@@@Z,public: virtual void __cdecl gui::ComboBox::onMouseLeave(class osg::Vec2i const &),method,gui,ComboBox,onMouseLeave,class osg::Vec2i const &,False,False,True,False,False,False,True
1808,1807,0x70F,?onMouseLeave@ComboList@gui@@UEAAXAEBVVec2i@osg@@@Z,public: virtual void __cdecl gui::ComboList::onMouseLeave(class osg::Vec2i const &),method,gui,ComboList,onMouseLeave,class osg::Vec2i const &,False,False,True,False,False,False,True
1809,1808,0x710,?onMouseLeave@Container@gui@@UEAAXAEBVVec2i@osg@@@Z,public: virtual void __cdecl gui::Container::onMouseLeave(class osg::Vec2i const &),method,gui,Container,onMouseLeave,class osg::Vec2i const &,False,False,True,False,False,False,True
1810,1809,0x711,?onMouseLeave@Dial@gui@@UEAAXAEBVVec2i@osg@@@Z,public: virtual void __cdecl gui::Dial::onMouseLeave(class osg::Vec2i const &),method,gui,Dial,onMouseLeave,class osg::Vec2i const &,False,False,True,False,False,False,True
1811,1810,0x712,?onMouseLeave@EditBox@gui@@UEAAXAEBVVec2i@osg@@@Z,public: virtual void __cdecl gui::EditBox::onMouseLeave(class osg::Vec2i const &),method,gui,EditBox,onMouseLeave,class osg::Vec2i const &,False,False,True,False,False,False,True
1812,1811,0x713,?onMouseLeave@Grid@gui@@UEAAXAEBVVec2i@osg@@@Z,public: virtual void __cdecl gui::Grid::onMouseLeave(class osg::Vec2i const &),method,gui,Grid,onMouseLeave,class osg::Vec2i const &,False,False,True,False,False,False,True
1813,1812,0x714,?onMouseLeave@GridHeader@gui@@UEAAXAEBVVec2i@osg@@@Z,public: virtual void __cdecl gui::GridHeader::onMouseLeave(class osg::Vec2i const &),method,gui,GridHeader,onMouseLeave,class osg::Vec2i const &,False,False,True,False,False,False,True
1814,1813,0x715,?onMouseLeave@GridHeaderCell@gui@@UEAAXAEBVVec2i@osg@@@Z,public: virtual void __cdecl gui::GridHeaderCell::onMouseLeave(class osg::Vec2i const &),method,gui,GridHeaderCell,onMouseLeave,class osg::Vec2i const &,False,False,True,False,False,False,True
1815,1814,0x716,?onMouseLeave@ListBoxLineBase@gui@@UEAAXAEBVVec2i@osg@@@Z,public: virtual void __cdecl gui::ListBoxLineBase::onMouseLeave(class osg::Vec2i const &),method,gui,ListBoxLineBase,onMouseLeave,class osg::Vec2i const &,False,False,True,False,False,False,True
1816,1815,0x717,?onMouseLeave@Menu@gui@@UEAAXAEBVVec2i@osg@@@Z,public: virtual void __cdecl gui::Menu::onMouseLeave(class osg::Vec2i const &),method,gui,Menu,onMouseLeave,class osg::Vec2i const &,False,False,True,False,False,False,True
1817,1816,0x718,?onMouseLeave@MenuBarItem@gui@@UEAAXAEBVVec2i@osg@@@Z,public: virtual void __cdecl gui::MenuBarItem::onMouseLeave(class osg::Vec2i const &),method,gui,MenuBarItem,onMouseLeave,class osg::Vec2i const &,False,False,True,False,False,False,True
1818,1817,0x719,?onMouseLeave@MenuItemBase@gui@@UEAAXAEBVVec2i@osg@@@Z,public: virtual void __cdecl gui::MenuItemBase::onMouseLeave(class osg::Vec2i const &),method,gui,MenuItemBase,onMouseLeave,class osg::Vec2i const &,False,False,True,False,False,False,True
1819,1818,0x71A,?onMouseLeave@MenuSeparatorItem@gui@@UEAAXAEBVVec2i@osg@@@Z,public: virtual void __cdecl gui::MenuSeparatorItem::onMouseLeave(class osg::Vec2i const &),method,gui,MenuSeparatorItem,onMouseLeave,class osg::Vec2i const &,False,False,True,False,False,False,True
1820,1819,0x71B,?onMouseLeave@PieMenuItem@gui@@UEAAXAEBVVec2i@osg@@@Z,public: virtual void __cdecl gui::PieMenuItem::onMouseLeave(class osg::Vec2i const &),method,gui,PieMenuItem,onMouseLeave,class osg::Vec2i const &,False,False,True,False,False,False,True
1821,1820,0x71C,?onMouseLeave@TabGroupItem@gui@@UEAAXAEBVVec2i@osg@@@Z,public: virtual void __cdecl gui::TabGroupItem::onMouseLeave(class osg::Vec2i const &),method,gui,TabGroupItem,onMouseLeave,class osg::Vec2i const &,False,False,True,False,False,False,True
1822,1821,0x71D,?onMouseLeave@Widget@gui@@UEAAXAEBVVec2i@osg@@@Z,public: virtual void __cdecl gui::Widget::onMouseLeave(class osg::Vec2i const &),method,gui,Widget,onMouseLeave,class osg::Vec2i const &,False,False,True,False,False,False,True
1823,1822,0x71E,?onMouseLeave@WindowBase@gui@@UEAAXAEBVVec2i@osg@@@Z,public: virtual void __cdecl gui::WindowBase::onMouseLeave(class osg::Vec2i const &),method,gui,WindowBase,onMouseLeave,class osg::Vec2i const &,False,False,True,False,False,False,True
1824,1823,0x71F,?onMouseMove@ButtonBase@gui@@UEAAXAEBVVec2i@osg@@@Z,public: virtual void __cdecl gui::ButtonBase::onMouseMove(class osg::Vec2i const &),method,gui,ButtonBase,onMouseMove,class osg::Vec2i const &,False,False,True,False,False,False,True
1825,1824,0x720,?onMouseMove@ComboBox@gui@@UEAAXAEBVVec2i@osg@@@Z,public: virtual void __cdecl gui::ComboBox::onMouseMove(class osg::Vec2i const &),method,gui,ComboBox,onMouseMove,class osg::Vec2i const &,False,False,True,False,False,False,True
1826,1825,0x721,?onMouseMove@ComboList@gui@@UEAAXAEBVVec2i@osg@@@Z,public: virtual void __cdecl gui::ComboList::onMouseMove(class osg::Vec2i const &),method,gui,ComboList,onMouseMove,class osg::Vec2i const &,False,False,True,False,False,False,True
1827,1826,0x722,?onMouseMove@Container@gui@@UEAAXAEBVVec2i@osg@@@Z,public: virtual void __cdecl gui::Container::onMouseMove(class osg::Vec2i const &),method,gui,Container,onMouseMove,class osg::Vec2i const &,False,False,True,False,False,False,True
1828,1827,0x723,?onMouseMove@Dial@gui@@UEAAXAEBVVec2i@osg@@@Z,public: virtual void __cdecl gui::Dial::onMouseMove(class osg::Vec2i const &),method,gui,Dial,onMouseMove,class osg::Vec2i const &,False,False,True,False,False,False,True
1829,1828,0x724,?onMouseMove@EditBox@gui@@UEAAXAEBVVec2i@osg@@@Z,public: virtual void __cdecl gui::EditBox::onMouseMove(class osg::Vec2i const &),method,gui,EditBox,onMouseMove,class osg::Vec2i const &,False,False,True,False,False,False,True
1830,1829,0x725,?onMouseMove@Grid@gui@@UEAAXAEBVVec2i@osg@@@Z,public: virtual void __cdecl gui::Grid::onMouseMove(class osg::Vec2i const &),method,gui,Grid,onMouseMove,class osg::Vec2i const &,False,False,True,False,False,False,True
1831,1830,0x726,?onMouseMove@GridHeader@gui@@UEAAXAEBVVec2i@osg@@@Z,public: virtual void __cdecl gui::GridHeader::onMouseMove(class osg::Vec2i const &),method,gui,GridHeader,onMouseMove,class osg::Vec2i const &,False,False,True,False,False,False,True
1832,1831,0x727,?onMouseMove@MouseListener@GUI@gui@@UEAAXHH@Z,"public: virtual void __cdecl gui::GUI::MouseListener::onMouseMove(int, int)",method,gui::GUI,MouseListener,onMouseMove,"int, int",False,False,True,False,False,False,True
1833,1832,0x728,?onMouseMove@Widget@gui@@UEAAXAEBVVec2i@osg@@@Z,public: virtual void __cdecl gui::Widget::onMouseMove(class osg::Vec2i const &),method,gui,Widget,onMouseMove,class osg::Vec2i const &,False,False,True,False,False,False,True
1834,1833,0x729,?onMouseMove@WindowBase@gui@@UEAAXAEBVVec2i@osg@@@Z,public: virtual void __cdecl gui::WindowBase::onMouseMove(class osg::Vec2i const &),method,gui,WindowBase,onMouseMove,class osg::Vec2i const &,False,False,True,False,False,False,True
1835,1834,0x72A,?onMouseMoveMessage@GUI@gui@@QEAAXAEBVVec2i@osg@@@Z,public: void __cdecl gui::GUI::onMouseMoveMessage(class osg::Vec2i const &),method,gui,GUI,onMouseMoveMessage,class osg::Vec2i const &,False,False,False,False,False,False,True
1836,1835,0x72B,?onMouseReleased@ButtonBase@gui@@UEAAXXZ,public: virtual void __cdecl gui::ButtonBase::onMouseReleased(void),method,gui,ButtonBase,onMouseReleased,void,False,False,True,False,False,False,True
1837,1836,0x72C,?onMouseReleased@ComboBox@gui@@UEAAXXZ,public: virtual void __cdecl gui::ComboBox::onMouseReleased(void),method,gui,ComboBox,onMouseReleased,void,False,False,True,False,False,False,True
1838,1837,0x72D,?onMouseReleased@ComboList@gui@@UEAAXXZ,public: virtual void __cdecl gui::ComboList::onMouseReleased(void),method,gui,ComboList,onMouseReleased,void,False,False,True,False,False,False,True
1839,1838,0x72E,?onMouseReleased@GridHeaderCell@gui@@UEAAXXZ,public: virtual void __cdecl gui::GridHeaderCell::onMouseReleased(void),method,gui,GridHeaderCell,onMouseReleased,void,False,False,True,False,False,False,True
1840,1839,0x72F,?onMouseReleased@Widget@gui@@UEAAXXZ,public: virtual void __cdecl gui::Widget::onMouseReleased(void),method,gui,Widget,onMouseReleased,void,False,False,True,False,False,False,True
1841,1840,0x730,?onMouseUp@ButtonBase@gui@@UEAAXAEBVVec2i@osg@@W4MouseButton@2@@Z,"public: virtual void __cdecl gui::ButtonBase::onMouseUp(class osg::Vec2i const &, enum gui::MouseButton)",method,gui,ButtonBase,onMouseUp,"class osg::Vec2i const &, enum gui::MouseButton",False,False,True,False,False,False,True
1842,1841,0x731,?onMouseUp@ComboBox@gui@@UEAAXAEBVVec2i@osg@@W4MouseButton@2@@Z,"public: virtual void __cdecl gui::ComboBox::onMouseUp(class osg::Vec2i const &, enum gui::MouseButton)",method,gui,ComboBox,onMouseUp,"class osg::Vec2i const &, enum gui::MouseButton",False,False,True,False,False,False,True
1843,1842,0x732,?onMouseUp@ComboList@gui@@UEAAXAEBVVec2i@osg@@W4MouseButton@2@@Z,"public: virtual void __cdecl gui::ComboList::onMouseUp(class osg::Vec2i const &, enum gui::MouseButton)",method,gui,ComboList,onMouseUp,"class osg::Vec2i const &, enum gui::MouseButton",False,False,True,False,False,False,True
1844,1843,0x733,?onMouseUp@Container@gui@@UEAAXAEBVVec2i@osg@@W4MouseButton@2@@Z,"public: virtual void __cdecl gui::Container::onMouseUp(class osg::Vec2i const &, enum gui::MouseButton)",method,gui,Container,onMouseUp,"class osg::Vec2i const &, enum gui::MouseButton",False,False,True,False,False,False,True
1845,1844,0x734,?onMouseUp@Dial@gui@@UEAAXAEBVVec2i@osg@@W4MouseButton@2@@Z,"public: virtual void __cdecl gui::Dial::onMouseUp(class osg::Vec2i const &, enum gui::MouseButton)",method,gui,Dial,onMouseUp,"class osg::Vec2i const &, enum gui::MouseButton",False,False,True,False,False,False,True
1846,1845,0x735,?onMouseUp@EditBox@gui@@UEAAXAEBVVec2i@osg@@W4MouseButton@2@@Z,"public: virtual void __cdecl gui::EditBox::onMouseUp(class osg::Vec2i const &, enum gui::MouseButton)",method,gui,EditBox,onMouseUp,"class osg::Vec2i const &, enum gui::MouseButton",False,False,True,False,False,False,True
1847,1846,0x736,?onMouseUp@GridHeader@gui@@UEAAXAEBVVec2i@osg@@W4MouseButton@2@@Z,"public: virtual void __cdecl gui::GridHeader::onMouseUp(class osg::Vec2i const &, enum gui::MouseButton)",method,gui,GridHeader,onMouseUp,"class osg::Vec2i const &, enum gui::MouseButton",False,False,True,False,False,False,True
1848,1847,0x737,?onMouseUp@GridHeaderCell@gui@@UEAAXAEBVVec2i@osg@@W4MouseButton@2@@Z,"public: virtual void __cdecl gui::GridHeaderCell::onMouseUp(class osg::Vec2i const &, enum gui::MouseButton)",method,gui,GridHeaderCell,onMouseUp,"class osg::Vec2i const &, enum gui::MouseButton",False,False,True,False,False,False,True
1849,1848,0x738,?onMouseUp@Menu@gui@@UEAAXAEBVVec2i@osg@@W4MouseButton@2@@Z,"public: virtual void __cdecl gui::Menu::onMouseUp(class osg::Vec2i const &, enum gui::MouseButton)",method,gui,Menu,onMouseUp,"class osg::Vec2i const &, enum gui::MouseButton",False,False,True,False,False,False,True
1850,1849,0x739,?onMouseUp@MenuBar@gui@@UEAAXAEBVVec2i@osg@@W4MouseButton@2@@Z,"public: virtual void __cdecl gui::MenuBar::onMouseUp(class osg::Vec2i const &, enum gui::MouseButton)",method,gui,MenuBar,onMouseUp,"class osg::Vec2i const &, enum gui::MouseButton",False,False,True,False,False,False,True
1851,1850,0x73A,?onMouseUp@MenuCheckItem@gui@@UEAAXAEBVVec2i@osg@@W4MouseButton@2@@Z,"public: virtual void __cdecl gui::MenuCheckItem::onMouseUp(class osg::Vec2i const &, enum gui::MouseButton)",method,gui,MenuCheckItem,onMouseUp,"class osg::Vec2i const &, enum gui::MouseButton",False,False,True,False,False,False,True
1852,1851,0x73B,?onMouseUp@MenuItem@gui@@UEAAXAEBVVec2i@osg@@W4MouseButton@2@@Z,"public: virtual void __cdecl gui::MenuItem::onMouseUp(class osg::Vec2i const &, enum gui::MouseButton)",method,gui,MenuItem,onMouseUp,"class osg::Vec2i const &, enum gui::MouseButton",False,False,True,False,False,False,True
1853,1852,0x73C,?onMouseUp@MenuSeparatorItem@gui@@UEAAXAEBVVec2i@osg@@W4MouseButton@2@@Z,"public: virtual void __cdecl gui::MenuSeparatorItem::onMouseUp(class osg::Vec2i const &, enum gui::MouseButton)",method,gui,MenuSeparatorItem,onMouseUp,"class osg::Vec2i const &, enum gui::MouseButton",False,False,True,False,False,False,True
1854,1853,0x73D,?onMouseUp@MouseListener@GUI@gui@@UEAAXHHW4MouseButton@3@@Z,"public: virtual void __cdecl gui::GUI::MouseListener::onMouseUp(int, int, enum gui::MouseButton)",method,gui::GUI,MouseListener,onMouseUp,"int, int, enum gui::MouseButton",False,False,True,False,False,False,True
1855,1854,0x73E,?onMouseUp@PieMenu@gui@@UEAAXAEBVVec2i@osg@@W4MouseButton@2@@Z,"public: virtual void __cdecl gui::PieMenu::onMouseUp(class osg::Vec2i const &, enum gui::MouseButton)",method,gui,PieMenu,onMouseUp,"class osg::Vec2i const &, enum gui::MouseButton",False,False,True,False,False,False,True
1856,1855,0x73F,?onMouseUp@PieMenuItem@gui@@UEAAXAEBVVec2i@osg@@W4MouseButton@2@@Z,"public: virtual void __cdecl gui::PieMenuItem::onMouseUp(class osg::Vec2i const &, enum gui::MouseButton)",method,gui,PieMenuItem,onMouseUp,"class osg::Vec2i const &, enum gui::MouseButton",False,False,True,False,False,False,True
1857,1856,0x740,?onMouseUp@Widget@gui@@UEAAXAEBVVec2i@osg@@W4MouseButton@2@@Z,"public: virtual void __cdecl gui::Widget::onMouseUp(class osg::Vec2i const &, enum gui::MouseButton)",method,gui,Widget,onMouseUp,"class osg::Vec2i const &, enum gui::MouseButton",False,False,True,False,False,False,True
1858,1857,0x741,?onMouseUp@WindowBase@gui@@UEAAXAEBVVec2i@osg@@W4MouseButton@2@@Z,"public: virtual void __cdecl gui::WindowBase::onMouseUp(class osg::Vec2i const &, enum gui::MouseButton)",method,gui,WindowBase,onMouseUp,"class osg::Vec2i const &, enum gui::MouseButton",False,False,True,False,False,False,True
1859,1858,0x742,?onMouseUpMessage@GUI@gui@@QEAAXW4MouseButton@2@@Z,public: void __cdecl gui::GUI::onMouseUpMessage(enum gui::MouseButton),method,gui,GUI,onMouseUpMessage,enum gui::MouseButton,False,False,False,False,False,False,True
1860,1859,0x743,?onMouseWheel@Container@gui@@UEAA_NAEBVVec2i@osg@@H@Z,"public: virtual bool __cdecl gui::Container::onMouseWheel(class osg::Vec2i const &, int)",method,gui,Container,onMouseWheel,"class osg::Vec2i const &, int",False,False,True,False,False,False,True
1861,1860,0x744,?onMouseWheel@EditBox@gui@@UEAA_NAEBVVec2i@osg@@H@Z,"public: virtual bool __cdecl gui::EditBox::onMouseWheel(class osg::Vec2i const &, int)",method,gui,EditBox,onMouseWheel,"class osg::Vec2i const &, int",False,False,True,False,False,False,True
1862,1861,0x745,?onMouseWheel@Grid@gui@@UEAA_NAEBVVec2i@osg@@H@Z,"public: virtual bool __cdecl gui::Grid::onMouseWheel(class osg::Vec2i const &, int)",method,gui,Grid,onMouseWheel,"class osg::Vec2i const &, int",False,False,True,False,False,False,True
1863,1862,0x746,?onMouseWheel@ListBoxBase@gui@@UEAA_NAEBVVec2i@osg@@H@Z,"public: virtual bool __cdecl gui::ListBoxBase::onMouseWheel(class osg::Vec2i const &, int)",method,gui,ListBoxBase,onMouseWheel,"class osg::Vec2i const &, int",False,False,True,False,False,False,True
1864,1863,0x747,?onMouseWheel@MouseListener@GUI@gui@@UEAAXHHH@Z,"public: virtual void __cdecl gui::GUI::MouseListener::onMouseWheel(int, int, int)",method,gui::GUI,MouseListener,onMouseWheel,"int, int, int",False,False,True,False,False,False,True
1865,1864,0x748,?onMouseWheel@PopupWindow@gui@@UEAA_NAEBVVec2i@osg@@H@Z,"public: virtual bool __cdecl gui::PopupWindow::onMouseWheel(class osg::Vec2i const &, int)",method,gui,PopupWindow,onMouseWheel,"class osg::Vec2i const &, int",False,False,True,False,False,False,True
1866,1865,0x749,?onMouseWheel@ScrollPane@gui@@UEAA_NAEBVVec2i@osg@@H@Z,"public: virtual bool __cdecl gui::ScrollPane::onMouseWheel(class osg::Vec2i const &, int)",method,gui,ScrollPane,onMouseWheel,"class osg::Vec2i const &, int",False,False,True,False,False,False,True
1867,1866,0x74A,?onMouseWheel@Widget@gui@@UEAA_NAEBVVec2i@osg@@H@Z,"public: virtual bool __cdecl gui::Widget::onMouseWheel(class osg::Vec2i const &, int)",method,gui,Widget,onMouseWheel,"class osg::Vec2i const &, int",False,False,True,False,False,False,True
1868,1867,0x74B,?onMouseWheelMessage@GUI@gui@@QEAAXH@Z,public: void __cdecl gui::GUI::onMouseWheelMessage(int),method,gui,GUI,onMouseWheelMessage,int,False,False,False,False,False,False,True
1869,1868,0x74C,?onPageStepChanged_@Dial@gui@@MEAAXN@Z,protected: virtual void __cdecl gui::Dial::onPageStepChanged_(double),method,gui,Dial,onPageStepChanged_,double,False,False,True,False,False,False,True
1870,1869,0x74D,?onPageStepChanged_@ScrollBarBase@gui@@MEAAXN@Z,protected: virtual void __cdecl gui::ScrollBarBase::onPageStepChanged_(double),method,gui,ScrollBarBase,onPageStepChanged_,double,False,False,True,False,False,False,True
1871,1870,0x74E,?onPageStepChanged_@Slider@gui@@MEAAXN@Z,protected: virtual void __cdecl gui::Slider::onPageStepChanged_(double),method,gui,Slider,onPageStepChanged_,double,False,False,True,False,False,False,True
1872,1871,0x74F,?onPageStepChanged_@SpinBox@gui@@MEAAXN@Z,protected: virtual void __cdecl gui::SpinBox::onPageStepChanged_(double),method,gui,SpinBox,onPageStepChanged_,double,False,False,True,False,False,False,True
1873,1872,0x750,?onParentChanged_@SwitchButton@gui@@MEAAXPEAVWidgetHandler@2@@Z,protected: virtual void __cdecl gui::SwitchButton::onParentChanged_(class gui::WidgetHandler *),method,gui,SwitchButton,onParentChanged_,class gui::WidgetHandler *,False,False,True,False,False,False,True
1874,1873,0x751,?onParentChanged_@TabGroupItem@gui@@MEAAXPEAVWidgetHandler@2@@Z,protected: virtual void __cdecl gui::TabGroupItem::onParentChanged_(class gui::WidgetHandler *),method,gui,TabGroupItem,onParentChanged_,class gui::WidgetHandler *,False,False,True,False,False,False,True
1875,1874,0x752,?onParentChanged_@Widget@gui@@MEAAXPEAVWidgetHandler@2@@Z,protected: virtual void __cdecl gui::Widget::onParentChanged_(class gui::WidgetHandler *),method,gui,Widget,onParentChanged_,class gui::WidgetHandler *,False,False,True,False,False,False,True
1876,1875,0x753,?onParentMenuChanged_@Menu@gui@@IEAAXPEAVWidgetHandler@2@@Z,protected: void __cdecl gui::Menu::onParentMenuChanged_(class gui::WidgetHandler *),method,gui,Menu,onParentMenuChanged_,class gui::WidgetHandler *,False,False,False,False,False,False,True
1877,1876,0x754,?onPivotPointChanged_@Static@gui@@MEAAXAEBVVec2i@osg@@@Z,protected: virtual void __cdecl gui::Static::onPivotPointChanged_(class osg::Vec2i const &),method,gui,Static,onPivotPointChanged_,class osg::Vec2i const &,False,False,True,False,False,False,True
1878,1877,0x755,?onPivotPointChanged_@TextureView@gui@@MEAAXAEBVVec2i@osg@@@Z,protected: virtual void __cdecl gui::TextureView::onPivotPointChanged_(class osg::Vec2i const &),method,gui,TextureView,onPivotPointChanged_,class osg::Vec2i const &,False,False,True,False,False,False,True
1879,1878,0x756,?onPositionChanged_@Container@gui@@MEAAXAEBVVec2i@osg@@@Z,protected: virtual void __cdecl gui::Container::onPositionChanged_(class osg::Vec2i const &),method,gui,Container,onPositionChanged_,class osg::Vec2i const &,False,False,True,False,False,False,True
1880,1879,0x757,?onPositionChanged_@Menu@gui@@MEAAXAEBVVec2i@osg@@@Z,protected: virtual void __cdecl gui::Menu::onPositionChanged_(class osg::Vec2i const &),method,gui,Menu,onPositionChanged_,class osg::Vec2i const &,False,False,True,False,False,False,True
1881,1880,0x758,?onPositionChanged_@PieMenu@gui@@MEAAXAEBVVec2i@osg@@@Z,protected: virtual void __cdecl gui::PieMenu::onPositionChanged_(class osg::Vec2i const &),method,gui,PieMenu,onPositionChanged_,class osg::Vec2i const &,False,False,True,False,False,False,True
1882,1881,0x759,?onPositionChanged_@Widget@gui@@MEAAXAEBVVec2i@osg@@@Z,protected: virtual void __cdecl gui::Widget::onPositionChanged_(class osg::Vec2i const &),method,gui,Widget,onPositionChanged_,class osg::Vec2i const &,False,False,True,False,False,False,True
1883,1882,0x75A,?onQuit@Application@gui@@UEAAXXZ,public: virtual void __cdecl gui::Application::onQuit(void),method,gui,Application,onQuit,void,False,False,True,False,False,False,True
1884,1883,0x75B,?onRangeChanged_@Dial@gui@@MEAAXNN@Z,"protected: virtual void __cdecl gui::Dial::onRangeChanged_(double, double)",method,gui,Dial,onRangeChanged_,"double, double",False,False,True,False,False,False,True
1885,1884,0x75C,?onRangeChanged_@ProgressBar@gui@@MEAAXNN@Z,"protected: virtual void __cdecl gui::ProgressBar::onRangeChanged_(double, double)",method,gui,ProgressBar,onRangeChanged_,"double, double",False,False,True,False,False,False,True
1886,1885,0x75D,?onRangeChanged_@RangeIndicator@gui@@MEAAXNN@Z,"protected: virtual void __cdecl gui::RangeIndicator::onRangeChanged_(double, double)",method,gui,RangeIndicator,onRangeChanged_,"double, double",False,False,True,False,False,False,True
1887,1886,0x75E,?onRangeChanged_@ScrollBar@gui@@MEAAXNN@Z,"protected: virtual void __cdecl gui::ScrollBar::onRangeChanged_(double, double)",method,gui,ScrollBar,onRangeChanged_,"double, double",False,False,True,False,False,False,True
1888,1887,0x75F,?onRangeChanged_@ScrollBarBase@gui@@MEAAXNN@Z,"protected: virtual void __cdecl gui::ScrollBarBase::onRangeChanged_(double, double)",method,gui,ScrollBarBase,onRangeChanged_,"double, double",False,False,True,False,False,False,True
1889,1888,0x760,?onRangeChanged_@Slider@gui@@MEAAXNN@Z,"protected: virtual void __cdecl gui::Slider::onRangeChanged_(double, double)",method,gui,Slider,onRangeChanged_,"double, double",False,False,True,False,False,False,True
1890,1889,0x761,?onRangeChanged_@SpinBox@gui@@MEAAXNN@Z,"protected: virtual void __cdecl gui::SpinBox::onRangeChanged_(double, double)",method,gui,SpinBox,onRangeChanged_,"double, double",False,False,True,False,False,False,True
1891,1890,0x762,?onRawKeyInput@RawKeyListener@GUI@gui@@UEAAXAEBURawKeyInfo@3@@Z,public: virtual void __cdecl gui::GUI::RawKeyListener::onRawKeyInput(struct gui::RawKeyInfo const &),method,gui::GUI,RawKeyListener,onRawKeyInput,struct gui::RawKeyInfo const &,False,False,True,False,False,False,True
1892,1891,0x763,?onRawKeyInputMessage@GUI@gui@@QEAAXAEBURawKeyInfo@2@@Z,public: void __cdecl gui::GUI::onRawKeyInputMessage(struct gui::RawKeyInfo const &),method,gui,GUI,onRawKeyInputMessage,struct gui::RawKeyInfo const &,False,False,False,False,False,False,True
1893,1892,0x764,?onRawMouseInput@RawMouseListener@GUI@gui@@UEAAXAEBURawMouseInfo@3@@Z,public: virtual void __cdecl gui::GUI::RawMouseListener::onRawMouseInput(struct gui::RawMouseInfo const &),method,gui::GUI,RawMouseListener,onRawMouseInput,struct gui::RawMouseInfo const &,False,False,True,False,False,False,True
1894,1893,0x765,?onRawMouseInputMessage@GUI@gui@@QEAAXURawMouseInfo@2@@Z,public: void __cdecl gui::GUI::onRawMouseInputMessage(struct gui::RawMouseInfo),method,gui,GUI,onRawMouseInputMessage,struct gui::RawMouseInfo,False,False,False,False,False,False,True
1895,1894,0x766,?onScrollPositionChanged_@ListBoxBase@gui@@MEAAXH@Z,protected: virtual void __cdecl gui::ListBoxBase::onScrollPositionChanged_(int),method,gui,ListBoxBase,onScrollPositionChanged_,int,False,False,True,False,False,False,True
1896,1895,0x767,?onSelectedChanged_@ListBoxLineBase@gui@@MEAAX_N@Z,protected: virtual void __cdecl gui::ListBoxLineBase::onSelectedChanged_(bool),method,gui,ListBoxLineBase,onSelectedChanged_,bool,False,False,True,False,False,False,True
1897,1896,0x768,?onShortcutChanged_@MenuItemBase@gui@@MEAAXAEBV?$basic_string@_W@ed@@@Z,protected: virtual void __cdecl gui::MenuItemBase::onShortcutChanged_(class ed::basic_string<wchar_t> const &),method,gui,MenuItemBase,onShortcutChanged_,class ed::basic_string<wchar_t> const &,False,False,True,False,False,False,True
1898,1897,0x769,?onShow_@TabGroupItem@gui@@MEAAXXZ,protected: virtual void __cdecl gui::TabGroupItem::onShow_(void),method,gui,TabGroupItem,onShow_,void,False,False,True,False,False,False,True
1899,1898,0x76A,?onSizeChanged_@ComboBox@gui@@MEAAXAEBVVec2i@osg@@@Z,protected: virtual void __cdecl gui::ComboBox::onSizeChanged_(class osg::Vec2i const &),method,gui,ComboBox,onSizeChanged_,class osg::Vec2i const &,False,False,True,False,False,False,True
1900,1899,0x76B,?onSizeChanged_@ComboList@gui@@MEAAXAEBVVec2i@osg@@@Z,protected: virtual void __cdecl gui::ComboList::onSizeChanged_(class osg::Vec2i const &),method,gui,ComboList,onSizeChanged_,class osg::Vec2i const &,False,False,True,False,False,False,True
1901,1900,0x76C,?onSizeChanged_@Container@gui@@MEAAXAEBVVec2i@osg@@@Z,protected: virtual void __cdecl gui::Container::onSizeChanged_(class osg::Vec2i const &),method,gui,Container,onSizeChanged_,class osg::Vec2i const &,False,False,True,False,False,False,True
1902,1901,0x76D,?onSizeChanged_@Dial@gui@@MEAAXAEBVVec2i@osg@@@Z,protected: virtual void __cdecl gui::Dial::onSizeChanged_(class osg::Vec2i const &),method,gui,Dial,onSizeChanged_,class osg::Vec2i const &,False,False,True,False,False,False,True
1903,1902,0x76E,?onSizeChanged_@EditBox@gui@@MEAAXAEBVVec2i@osg@@@Z,protected: virtual void __cdecl gui::EditBox::onSizeChanged_(class osg::Vec2i const &),method,gui,EditBox,onSizeChanged_,class osg::Vec2i const &,False,False,True,False,False,False,True
1904,1903,0x76F,?onSizeChanged_@Grid@gui@@MEAAXAEBVVec2i@osg@@@Z,protected: virtual void __cdecl gui::Grid::onSizeChanged_(class osg::Vec2i const &),method,gui,Grid,onSizeChanged_,class osg::Vec2i const &,False,False,True,False,False,False,True
1905,1904,0x770,?onSizeChanged_@ListBoxBase@gui@@MEAAXAEBVVec2i@osg@@@Z,protected: virtual void __cdecl gui::ListBoxBase::onSizeChanged_(class osg::Vec2i const &),method,gui,ListBoxBase,onSizeChanged_,class osg::Vec2i const &,False,False,True,False,False,False,True
1906,1905,0x771,?onSizeChanged_@PieMenu@gui@@MEAAXAEBVVec2i@osg@@@Z,protected: virtual void __cdecl gui::PieMenu::onSizeChanged_(class osg::Vec2i const &),method,gui,PieMenu,onSizeChanged_,class osg::Vec2i const &,False,False,True,False,False,False,True
1907,1906,0x772,?onSizeChanged_@ProgressBar@gui@@MEAAXAEBVVec2i@osg@@@Z,protected: virtual void __cdecl gui::ProgressBar::onSizeChanged_(class osg::Vec2i const &),method,gui,ProgressBar,onSizeChanged_,class osg::Vec2i const &,False,False,True,False,False,False,True
1908,1907,0x773,?onSizeChanged_@RangeIndicator@gui@@MEAAXAEBVVec2i@osg@@@Z,protected: virtual void __cdecl gui::RangeIndicator::onSizeChanged_(class osg::Vec2i const &),method,gui,RangeIndicator,onSizeChanged_,class osg::Vec2i const &,False,False,True,False,False,False,True
1909,1908,0x774,?onSizeChanged_@ScrollBar@gui@@MEAAXAEBVVec2i@osg@@@Z,protected: virtual void __cdecl gui::ScrollBar::onSizeChanged_(class osg::Vec2i const &),method,gui,ScrollBar,onSizeChanged_,class osg::Vec2i const &,False,False,True,False,False,False,True
1910,1909,0x775,?onSizeChanged_@ScrollPane@gui@@MEAAXAEBVVec2i@osg@@@Z,protected: virtual void __cdecl gui::ScrollPane::onSizeChanged_(class osg::Vec2i const &),method,gui,ScrollPane,onSizeChanged_,class osg::Vec2i const &,False,False,True,False,False,False,True
1911,1910,0x776,?onSizeChanged_@Slider@gui@@MEAAXAEBVVec2i@osg@@@Z,protected: virtual void __cdecl gui::Slider::onSizeChanged_(class osg::Vec2i const &),method,gui,Slider,onSizeChanged_,class osg::Vec2i const &,False,False,True,False,False,False,True
1912,1911,0x777,?onSizeChanged_@SpinBox@gui@@MEAAXAEBVVec2i@osg@@@Z,protected: virtual void __cdecl gui::SpinBox::onSizeChanged_(class osg::Vec2i const &),method,gui,SpinBox,onSizeChanged_,class osg::Vec2i const &,False,False,True,False,False,False,True
1913,1912,0x778,?onSizeChanged_@Widget@gui@@MEAAXAEBVVec2i@osg@@@Z,protected: virtual void __cdecl gui::Widget::onSizeChanged_(class osg::Vec2i const &),method,gui,Widget,onSizeChanged_,class osg::Vec2i const &,False,False,True,False,False,False,True
1914,1913,0x779,?onSizeChanged_@WindowBase@gui@@MEAAXAEBVVec2i@osg@@@Z,protected: virtual void __cdecl gui::WindowBase::onSizeChanged_(class osg::Vec2i const &),method,gui,WindowBase,onSizeChanged_,class osg::Vec2i const &,False,False,True,False,False,False,True
1915,1914,0x77A,?onSizeChanged_@WindowHeader@gui@@MEAAXAEBVVec2i@osg@@@Z,protected: virtual void __cdecl gui::WindowHeader::onSizeChanged_(class osg::Vec2i const &),method,gui,WindowHeader,onSizeChanged_,class osg::Vec2i const &,False,False,True,False,False,False,True
1916,1915,0x77B,?onStateChanged_@SwitchButton@gui@@MEAAXH@Z,protected: virtual void __cdecl gui::SwitchButton::onStateChanged_(int),method,gui,SwitchButton,onStateChanged_,int,False,False,True,False,False,False,True
1917,1916,0x77C,?onStateChanged_@TabGroupItem@gui@@MEAAX_N@Z,protected: virtual void __cdecl gui::TabGroupItem::onStateChanged_(bool),method,gui,TabGroupItem,onStateChanged_,bool,False,False,True,False,False,False,True
1918,1917,0x77D,?onStateChanged_@ToggleButton@gui@@MEAAXH@Z,protected: virtual void __cdecl gui::ToggleButton::onStateChanged_(int),method,gui,ToggleButton,onStateChanged_,int,False,False,True,False,False,False,True
1919,1918,0x77E,?onStepChanged_@Dial@gui@@MEAAXN@Z,protected: virtual void __cdecl gui::Dial::onStepChanged_(double),method,gui,Dial,onStepChanged_,double,False,False,True,False,False,False,True
1920,1919,0x77F,?onStepChanged_@ProgressBar@gui@@MEAAXN@Z,protected: virtual void __cdecl gui::ProgressBar::onStepChanged_(double),method,gui,ProgressBar,onStepChanged_,double,False,False,True,False,False,False,True
1921,1920,0x780,?onStepChanged_@ScrollBarBase@gui@@MEAAXN@Z,protected: virtual void __cdecl gui::ScrollBarBase::onStepChanged_(double),method,gui,ScrollBarBase,onStepChanged_,double,False,False,True,False,False,False,True
1922,1921,0x781,?onStepChanged_@Slider@gui@@MEAAXN@Z,protected: virtual void __cdecl gui::Slider::onStepChanged_(double),method,gui,Slider,onStepChanged_,double,False,False,True,False,False,False,True
1923,1922,0x782,?onStepChanged_@SpinBox@gui@@MEAAXN@Z,protected: virtual void __cdecl gui::SpinBox::onStepChanged_(double),method,gui,SpinBox,onStepChanged_,double,False,False,True,False,False,False,True
1924,1923,0x783,?onSubMenuChanged_@Menu@gui@@IEAAXPEAVWidgetHandler@2@@Z,protected: void __cdecl gui::Menu::onSubMenuChanged_(class gui::WidgetHandler *),method,gui,Menu,onSubMenuChanged_,class gui::WidgetHandler *,False,False,False,False,False,False,True
1925,1924,0x784,?onTextChanged_@EditBox@gui@@MEAAXV?$basic_string_view@_WU?$char_traits@_W@std@@@std@@@Z,"protected: virtual void __cdecl gui::EditBox::onTextChanged_(class std::basic_string_view<wchar_t, struct std::char_traits<wchar_t>>)",method,gui,EditBox,onTextChanged_,"class std::basic_string_view<wchar_t, struct std::char_traits<wchar_t>>",False,False,True,False,False,False,True
1926,1925,0x785,?onTextChanged_@ListBoxLineBase@gui@@MEAAXV?$basic_string_view@_WU?$char_traits@_W@std@@@std@@@Z,"protected: virtual void __cdecl gui::ListBoxLineBase::onTextChanged_(class std::basic_string_view<wchar_t, struct std::char_traits<wchar_t>>)",method,gui,ListBoxLineBase,onTextChanged_,"class std::basic_string_view<wchar_t, struct std::char_traits<wchar_t>>",False,False,True,False,False,False,True
1927,1926,0x786,?onTextChanged_@MenuItemBase@gui@@MEAAXV?$basic_string_view@_WU?$char_traits@_W@std@@@std@@@Z,"protected: virtual void __cdecl gui::MenuItemBase::onTextChanged_(class std::basic_string_view<wchar_t, struct std::char_traits<wchar_t>>)",method,gui,MenuItemBase,onTextChanged_,"class std::basic_string_view<wchar_t, struct std::char_traits<wchar_t>>",False,False,True,False,False,False,True
1928,1927,0x787,?onTextChanged_@Tooltip@gui@@MEAAXV?$basic_string_view@_WU?$char_traits@_W@std@@@std@@@Z,"protected: virtual void __cdecl gui::Tooltip::onTextChanged_(class std::basic_string_view<wchar_t, struct std::char_traits<wchar_t>>)",method,gui,Tooltip,onTextChanged_,"class std::basic_string_view<wchar_t, struct std::char_traits<wchar_t>>",False,False,True,False,False,False,True
1929,1928,0x788,?onTextChanged_@Widget@gui@@MEAAXV?$basic_string_view@_WU?$char_traits@_W@std@@@std@@@Z,"protected: virtual void __cdecl gui::Widget::onTextChanged_(class std::basic_string_view<wchar_t, struct std::char_traits<wchar_t>>)",method,gui,Widget,onTextChanged_,"class std::basic_string_view<wchar_t, struct std::char_traits<wchar_t>>",False,False,True,False,False,False,True
1930,1929,0x789,?onTextChanged_@WindowBase@gui@@MEAAXV?$basic_string_view@_WU?$char_traits@_W@std@@@std@@@Z,"protected: virtual void __cdecl gui::WindowBase::onTextChanged_(class std::basic_string_view<wchar_t, struct std::char_traits<wchar_t>>)",method,gui,WindowBase,onTextChanged_,"class std::basic_string_view<wchar_t, struct std::char_traits<wchar_t>>",False,False,True,False,False,False,True
1931,1930,0x78A,?onThumbPressed_@ScrollBar@gui@@MEAAXXZ,protected: virtual void __cdecl gui::ScrollBar::onThumbPressed_(void),method,gui,ScrollBar,onThumbPressed_,void,False,False,True,False,False,False,True
1932,1931,0x78B,?onThumbPressed_@Slider@gui@@MEAAXXZ,protected: virtual void __cdecl gui::Slider::onThumbPressed_(void),method,gui,Slider,onThumbPressed_,void,False,False,True,False,False,False,True
1933,1932,0x78C,?onThumbReleased_@ScrollBar@gui@@MEAAXXZ,protected: virtual void __cdecl gui::ScrollBar::onThumbReleased_(void),method,gui,ScrollBar,onThumbReleased_,void,False,False,True,False,False,False,True
1934,1933,0x78D,?onThumbReleased_@Slider@gui@@MEAAXXZ,protected: virtual void __cdecl gui::Slider::onThumbReleased_(void),method,gui,Slider,onThumbReleased_,void,False,False,True,False,False,False,True
1935,1934,0x78E,?onThumbValueChanged_@ScrollBar@gui@@MEAAXN@Z,protected: virtual void __cdecl gui::ScrollBar::onThumbValueChanged_(double),method,gui,ScrollBar,onThumbValueChanged_,double,False,False,True,False,False,False,True
1936,1935,0x78F,?onThumbValueChanged_@ScrollBarBase@gui@@MEAAXN@Z,protected: virtual void __cdecl gui::ScrollBarBase::onThumbValueChanged_(double),method,gui,ScrollBarBase,onThumbValueChanged_,double,False,False,True,False,False,False,True
1937,1936,0x790,?onValueChanged_@Dial@gui@@MEAAXN@Z,protected: virtual void __cdecl gui::Dial::onValueChanged_(double),method,gui,Dial,onValueChanged_,double,False,False,True,False,False,False,True
1938,1937,0x791,?onValueChanged_@ProgressBar@gui@@MEAAXN@Z,protected: virtual void __cdecl gui::ProgressBar::onValueChanged_(double),method,gui,ProgressBar,onValueChanged_,double,False,False,True,False,False,False,True
1939,1938,0x792,?onValueChanged_@ScrollBar@gui@@MEAAXN@Z,protected: virtual void __cdecl gui::ScrollBar::onValueChanged_(double),method,gui,ScrollBar,onValueChanged_,double,False,False,True,False,False,False,True
1940,1939,0x793,?onValueChanged_@ScrollBarBase@gui@@MEAAXN@Z,protected: virtual void __cdecl gui::ScrollBarBase::onValueChanged_(double),method,gui,ScrollBarBase,onValueChanged_,double,False,False,True,False,False,False,True
1941,1940,0x794,?onValueChanged_@Slider@gui@@MEAAXN@Z,protected: virtual void __cdecl gui::Slider::onValueChanged_(double),method,gui,Slider,onValueChanged_,double,False,False,True,False,False,False,True
1942,1941,0x795,?onValueChanged_@SpinBox@gui@@MEAAXN@Z,protected: virtual void __cdecl gui::SpinBox::onValueChanged_(double),method,gui,SpinBox,onValueChanged_,double,False,False,True,False,False,False,True
1943,1942,0x796,?onValueRangeChanged_@RangeIndicator@gui@@MEAAXNN@Z,"protected: virtual void __cdecl gui::RangeIndicator::onValueRangeChanged_(double, double)",method,gui,RangeIndicator,onValueRangeChanged_,"double, double",False,False,True,False,False,False,True
1944,1943,0x797,?onVertScrollBarChange_@EditBox@gui@@MEAAXXZ,protected: virtual void __cdecl gui::EditBox::onVertScrollBarChange_(void),method,gui,EditBox,onVertScrollBarChange_,void,False,False,True,False,False,False,True
1945,1944,0x798,?onVertScrollBarChange_@Grid@gui@@MEAAXXZ,protected: virtual void __cdecl gui::Grid::onVertScrollBarChange_(void),method,gui,Grid,onVertScrollBarChange_,void,False,False,True,False,False,False,True
1946,1945,0x799,?onVertScrollBarChange_@ListBoxBase@gui@@MEAAXXZ,protected: virtual void __cdecl gui::ListBoxBase::onVertScrollBarChange_(void),method,gui,ListBoxBase,onVertScrollBarChange_,void,False,False,True,False,False,False,True
1947,1946,0x79A,?onVertScrollBarChange_@ScrollPane@gui@@IEAAXXZ,protected: void __cdecl gui::ScrollPane::onVertScrollBarChange_(void),method,gui,ScrollPane,onVertScrollBarChange_,void,False,False,False,False,False,False,True
1948,1947,0x79B,?onViewMouseDoubleClick@EditBox@gui@@IEAAXAEBVVec2i@osg@@@Z,protected: void __cdecl gui::EditBox::onViewMouseDoubleClick(class osg::Vec2i const &),method,gui,EditBox,onViewMouseDoubleClick,class osg::Vec2i const &,False,False,False,False,False,False,True
1949,1948,0x79C,?onViewMouseDown_@EditBox@gui@@IEAAXAEBVVec2i@osg@@@Z,protected: void __cdecl gui::EditBox::onViewMouseDown_(class osg::Vec2i const &),method,gui,EditBox,onViewMouseDown_,class osg::Vec2i const &,False,False,False,False,False,False,True
1950,1949,0x79D,?onViewMouseMove_@EditBox@gui@@IEAAXAEBVVec2i@osg@@@Z,protected: void __cdecl gui::EditBox::onViewMouseMove_(class osg::Vec2i const &),method,gui,EditBox,onViewMouseMove_,class osg::Vec2i const &,False,False,False,False,False,False,True
1951,1950,0x79E,?onViewMouseUp_@EditBox@gui@@IEAAXAEBVVec2i@osg@@@Z,protected: void __cdecl gui::EditBox::onViewMouseUp_(class osg::Vec2i const &),method,gui,EditBox,onViewMouseUp_,class osg::Vec2i const &,False,False,False,False,False,False,True
1952,1951,0x79F,?onVisibleChanged_@ListBoxLineBase@gui@@MEAAX_N@Z,protected: virtual void __cdecl gui::ListBoxLineBase::onVisibleChanged_(bool),method,gui,ListBoxLineBase,onVisibleChanged_,bool,False,False,True,False,False,False,True
1953,1952,0x7A0,?onVisibleChanged_@Menu@gui@@MEAAX_N@Z,protected: virtual void __cdecl gui::Menu::onVisibleChanged_(bool),method,gui,Menu,onVisibleChanged_,bool,False,False,True,False,False,False,True
1954,1953,0x7A1,?onVisibleChanged_@ModalWindow@gui@@MEAAX_N@Z,protected: virtual void __cdecl gui::ModalWindow::onVisibleChanged_(bool),method,gui,ModalWindow,onVisibleChanged_,bool,False,False,True,False,False,False,True
1955,1954,0x7A2,?onVisibleChanged_@OverlayWindow@gui@@MEAAX_N@Z,protected: virtual void __cdecl gui::OverlayWindow::onVisibleChanged_(bool),method,gui,OverlayWindow,onVisibleChanged_,bool,False,False,True,False,False,False,True
1956,1955,0x7A3,?onVisibleChanged_@PieMenu@gui@@MEAAX_N@Z,protected: virtual void __cdecl gui::PieMenu::onVisibleChanged_(bool),method,gui,PieMenu,onVisibleChanged_,bool,False,False,True,False,False,False,True
1957,1956,0x7A4,?onVisibleChanged_@PopupWindow@gui@@MEAAX_N@Z,protected: virtual void __cdecl gui::PopupWindow::onVisibleChanged_(bool),method,gui,PopupWindow,onVisibleChanged_,bool,False,False,True,False,False,False,True
1958,1957,0x7A5,?onVisibleChanged_@Widget@gui@@MEAAX_N@Z,protected: virtual void __cdecl gui::Widget::onVisibleChanged_(bool),method,gui,Widget,onVisibleChanged_,bool,False,False,True,False,False,False,True
1959,1958,0x7A6,?onVisibleChanged_@Window@gui@@MEAAX_N@Z,protected: virtual void __cdecl gui::Window::onVisibleChanged_(bool),method,gui,Window,onVisibleChanged_,bool,False,False,True,False,False,False,True
1960,1959,0x7A7,?onWidgetDestroy@Container@gui@@UEAAXPEAVWidgetHandler@2@@Z,public: virtual void __cdecl gui::Container::onWidgetDestroy(class gui::WidgetHandler *),method,gui,Container,onWidgetDestroy,class gui::WidgetHandler *,False,False,True,False,False,False,True
1961,1960,0x7A8,?onWidgetDestroy@GridView@gui@@UEAAXPEAVWidgetHandler@2@@Z,public: virtual void __cdecl gui::GridView::onWidgetDestroy(class gui::WidgetHandler *),method,gui,GridView,onWidgetDestroy,class gui::WidgetHandler *,False,False,True,False,False,False,True
1962,1961,0x7A9,?onWindowCursorChanged@WindowsManager@gui@@QEAAXPEAVWindowBase@2@@Z,public: void __cdecl gui::WindowsManager::onWindowCursorChanged(class gui::WindowBase *),method,gui,WindowsManager,onWindowCursorChanged,class gui::WindowBase *,False,False,False,False,False,False,True
1963,1962,0x7AA,?onZOrderChanged_@OffscreenWindow@gui@@MEAAXH@Z,protected: virtual void __cdecl gui::OffscreenWindow::onZOrderChanged_(int),method,gui,OffscreenWindow,onZOrderChanged_,int,False,False,True,False,False,False,True
1964,1963,0x7AB,?onZOrderChanged_@OverlayWindow@gui@@MEAAXH@Z,protected: virtual void __cdecl gui::OverlayWindow::onZOrderChanged_(int),method,gui,OverlayWindow,onZOrderChanged_,int,False,False,True,False,False,False,True
1965,1964,0x7AC,?onZOrderChanged_@Window@gui@@MEAAXH@Z,protected: virtual void __cdecl gui::Window::onZOrderChanged_(int),method,gui,Window,onZOrderChanged_,int,False,False,True,False,False,False,True
1966,1965,0x7AD,?onZoomChanged_@Widget@gui@@MEAAXM@Z,protected: virtual void __cdecl gui::Widget::onZoomChanged_(float),method,gui,Widget,onZoomChanged_,float,False,False,True,False,False,False,True
1967,1966,0x7AE,?ownerSkinUpdateWidget@Data@skin@gui@@MEAAX_N@Z,protected: virtual void __cdecl gui::skin::Data::ownerSkinUpdateWidget(bool),method,gui::skin,Data,ownerSkinUpdateWidget,bool,False,False,True,False,False,False,True
1968,1967,0x7AF,?parse@GUI@gui@@QEAAXXZ,public: void __cdecl gui::GUI::parse(void),method,gui,GUI,parse,void,False,False,False,False,False,False,True
1969,1968,0x7B0,?parse@GraphicCommands@gui@@QEAAXV?$function@$$A6AXXZ@std@@@Z,public: void __cdecl gui::GraphicCommands::parse(class std::function<void __cdecl(void)>),method,gui,GraphicCommands,parse,class std::function<void __cdecl(void)>,False,False,False,False,False,False,True
1970,1969,0x7B1,?parse@Widget@gui@@UEAAXXZ,public: virtual void __cdecl gui::Widget::parse(void),method,gui,Widget,parse,void,False,False,True,False,False,False,True
1971,1970,0x7B2,?parseChildren_@Container@gui@@MEAAXXZ,protected: virtual void __cdecl gui::Container::parseChildren_(void),method,gui,Container,parseChildren_,void,False,False,True,False,False,False,True
1972,1971,0x7B3,?parseText@textutil@@YAXV?$basic_string_view@_WU?$char_traits@_W@std@@@std@@AEBV?$set@V?$basic_string@_W@ed@@U?$less@V?$basic_string@_W@ed@@@std@@V?$allocator@V?$basic_string@_W@ed@@@2@@ed@@AEAV?$list@UTextBlock@textutil@@V?$allocator@UTextBlock@textutil@@@ed@@@5@@Z,"void __cdecl textutil::parseText(class std::basic_string_view<wchar_t, struct std::char_traits<wchar_t>>, class ed::set<class ed::basic_string<wchar_t>, struct std::less<class ed::basic_string<wchar_t>>, class ed::allocator<class ed::basic_string<wchar_t>>> const &, class ed::list<struct textutil::TextBlock, class ed::allocator<struct textutil::TextBlock>> &)",method,,textutil,parseText,"class std::basic_string_view<wchar_t, struct std::char_traits<wchar_t>>, class ed::set<class ed::basic_string<wchar_t>, struct std::less<class ed::basic_string<wchar_t>>, class ed::allocator<class ed::basic_string<wchar_t>>> const &, class ed::list<struct textutil::TextBlock, class ed::allocator<struct textutil::TextBlock>> &",False,False,False,False,False,False,True
1973,1972,0x7B4,?parse_@Container@gui@@MEAAXXZ,protected: virtual void __cdecl gui::Container::parse_(void),method,gui,Container,parse_,void,False,False,True,False,False,False,True
1974,1973,0x7B5,?parse_@Widget@gui@@MEAAXXZ,protected: virtual void __cdecl gui::Widget::parse_(void),method,gui,Widget,parse_,void,False,False,True,False,False,False,True
1975,1974,0x7B6,?paste_@EditBox@gui@@IEAAXXZ,protected: void __cdecl gui::EditBox::paste_(void),method,gui,EditBox,paste_,void,False,False,False,False,False,False,True
1976,1975,0x7B7,?placeTextLineHorz_@ColorTextStaticSkin@gui@@IEBAXAEBUInfo@Text@2@AEAVTextLine@12@@Z,"protected: void __cdecl gui::ColorTextStaticSkin::placeTextLineHorz_(struct gui::Text::Info const &, class gui::ColorTextStaticSkin::TextLine &) const",method,gui,ColorTextStaticSkin,placeTextLineHorz_,"struct gui::Text::Info const &, class gui::ColorTextStaticSkin::TextLine &",True,False,False,False,False,False,True
1977,1976,0x7B8,?placeTextLinesHorz_@ColorTextStaticSkin@gui@@IEBAHAEBUInfo@Text@2@AEAV?$vector@PEAVTextLine@ColorTextStaticSkin@gui@@V?$allocator@PEAVTextLine@ColorTextStaticSkin@gui@@@ed@@@ed@@@Z,"protected: int __cdecl gui::ColorTextStaticSkin::placeTextLinesHorz_(struct gui::Text::Info const &, class ed::vector<class gui::ColorTextStaticSkin::TextLine *, class ed::allocator<class gui::ColorTextStaticSkin::TextLine *>> &) const",method,gui,ColorTextStaticSkin,placeTextLinesHorz_,"struct gui::Text::Info const &, class ed::vector<class gui::ColorTextStaticSkin::TextLine *, class ed::allocator<class gui::ColorTextStaticSkin::TextLine *>> &",True,False,False,False,False,False,True
1978,1977,0x7B9,?placeTextLinesVert_@ColorTextStaticSkin@gui@@IEBAXHAEBUInfo@Text@2@AEAV?$vector@PEAVTextLine@ColorTextStaticSkin@gui@@V?$allocator@PEAVTextLine@ColorTextStaticSkin@gui@@@ed@@@ed@@@Z,"protected: void __cdecl gui::ColorTextStaticSkin::placeTextLinesVert_(int, struct gui::Text::Info const &, class ed::vector<class gui::ColorTextStaticSkin::TextLine *, class ed::allocator<class gui::ColorTextStaticSkin::TextLine *>> &) const",method,gui,ColorTextStaticSkin,placeTextLinesVert_,"int, struct gui::Text::Info const &, class ed::vector<class gui::ColorTextStaticSkin::TextLine *, class ed::allocator<class gui::ColorTextStaticSkin::TextLine *>> &",True,False,False,False,False,False,True
1979,1978,0x7BA,?placeTextLines_@ColorTextStaticSkin@gui@@IEBAXAEBUInfo@Text@2@AEAV?$vector@PEAVTextLine@ColorTextStaticSkin@gui@@V?$allocator@PEAVTextLine@ColorTextStaticSkin@gui@@@ed@@@ed@@@Z,"protected: void __cdecl gui::ColorTextStaticSkin::placeTextLines_(struct gui::Text::Info const &, class ed::vector<class gui::ColorTextStaticSkin::TextLine *, class ed::allocator<class gui::ColorTextStaticSkin::TextLine *>> &) const",method,gui,ColorTextStaticSkin,placeTextLines_,"struct gui::Text::Info const &, class ed::vector<class gui::ColorTextStaticSkin::TextLine *, class ed::allocator<class gui::ColorTextStaticSkin::TextLine *>> &",True,False,False,False,False,False,True
1980,1979,0x7BB,?placeWrappedTextLineHorz_@ColorTextStaticSkin@gui@@IEBAXAEBUInfo@Text@2@AEAVTextLine@12@@Z,"protected: void __cdecl gui::ColorTextStaticSkin::placeWrappedTextLineHorz_(struct gui::Text::Info const &, class gui::ColorTextStaticSkin::TextLine &) const",method,gui,ColorTextStaticSkin,placeWrappedTextLineHorz_,"struct gui::Text::Info const &, class gui::ColorTextStaticSkin::TextLine &",True,False,False,False,False,False,True
1981,1980,0x7BC,?popClipRect@GraphicCommands@gui@@QEAAXXZ,public: void __cdecl gui::GraphicCommands::popClipRect(void),method,gui,GraphicCommands,popClipRect,void,False,False,False,False,False,False,True
1982,1981,0x7BD,?popMouseCursor@WindowBase@gui@@UEAAXXZ,public: virtual void __cdecl gui::WindowBase::popMouseCursor(void),method,gui,WindowBase,popMouseCursor,void,False,False,True,False,False,False,True
1983,1982,0x7BE,?popViewport@GraphicCommands@gui@@QEAAXXZ,public: void __cdecl gui::GraphicCommands::popViewport(void),method,gui,GraphicCommands,popViewport,void,False,False,False,False,False,False,True
1984,1983,0x7BF,?positionCallbackName@Widget@gui@@2V?$basic_string@D@ed@@B,public: static class ed::basic_string<char> const gui::Widget::positionCallbackName,symbol,,,,,False,False,False,False,False,False,True
1985,1984,0x7C0,?preMultModelViewMatrix@GraphicCommands@gui@@QEAAXAEBVMatrixf@osg@@@Z,public: void __cdecl gui::GraphicCommands::preMultModelViewMatrix(class osg::Matrixf const &),method,gui,GraphicCommands,preMultModelViewMatrix,class osg::Matrixf const &,False,False,False,False,False,False,True
1986,1985,0x7C1,?prepareTooltip@WindowsManager@gui@@QEAA_NXZ,public: bool __cdecl gui::WindowsManager::prepareTooltip(void),method,gui,WindowsManager,prepareTooltip,void,False,False,False,False,False,False,True
1987,1986,0x7C2,?processKeyboardCallbacks@GUI@gui@@QEBA_NW4KeyboardButton@2@H_N@Z,"public: bool __cdecl gui::GUI::processKeyboardCallbacks(enum gui::KeyboardButton, int, bool) const",method,gui,GUI,processKeyboardCallbacks,"enum gui::KeyboardButton, int, bool",True,False,False,False,False,False,True
1988,1987,0x7C3,?processMessages@GUI@gui@@QEAAXXZ,public: void __cdecl gui::GUI::processMessages(void),method,gui,GUI,processMessages,void,False,False,False,False,False,False,True
1989,1988,0x7C4,?processModal@Application@gui@@UEAAXXZ,public: virtual void __cdecl gui::Application::processModal(void),method,gui,Application,processModal,void,False,False,True,False,False,False,True
1990,1989,0x7C5,?pushClipRect@GraphicCommands@gui@@QEAAXAEBV?$RectImpl@VVec2i@osg@@@osg@@@Z,public: void __cdecl gui::GraphicCommands::pushClipRect(class osg::RectImpl<class osg::Vec2i> const &),method,gui,GraphicCommands,pushClipRect,class osg::RectImpl<class osg::Vec2i> const &,False,False,False,False,False,False,True
1991,1990,0x7C6,?pushMouseCursor@WindowBase@gui@@UEAAXH@Z,public: virtual void __cdecl gui::WindowBase::pushMouseCursor(int),method,gui,WindowBase,pushMouseCursor,int,False,False,True,False,False,False,True
1992,1991,0x7C7,?pushViewport@GraphicCommands@gui@@QEAAXAEBV?$RectImpl@VVec2i@osg@@@osg@@@Z,public: void __cdecl gui::GraphicCommands::pushViewport(class osg::RectImpl<class osg::Vec2i> const &),method,gui,GraphicCommands,pushViewport,class osg::RectImpl<class osg::Vec2i> const &,False,False,False,False,False,False,True
1993,1992,0x7C8,?putIntoScript@Skin@skin@gui@@UEBAXPEAUlua_State@@@Z,public: virtual void __cdecl gui::skin::Skin::putIntoScript(struct lua_State *) const,method,gui::skin,Skin,putIntoScript,struct lua_State *,True,False,True,False,False,False,True
1994,1993,0x7C9,?quit@Application@gui@@UEAAXXZ,public: virtual void __cdecl gui::Application::quit(void),method,gui,Application,quit,void,False,False,True,False,False,False,True
1995,1994,0x7CA,?rawKeyInput@GUI@gui@@QEAAXAEBURawKeyInfo@2@@Z,public: void __cdecl gui::GUI::rawKeyInput(struct gui::RawKeyInfo const &),method,gui,GUI,rawKeyInput,struct gui::RawKeyInfo const &,False,False,False,False,False,False,True
1996,1995,0x7CB,?rawMouseInput@GUI@gui@@QEAAXURawMouseInfo@2@@Z,public: void __cdecl gui::GUI::rawMouseInput(struct gui::RawMouseInfo),method,gui,GUI,rawMouseInput,struct gui::RawMouseInfo,False,False,False,False,False,False,True
1997,1996,0x7CC,?redraw@Bkg@gui@@QEAAXXZ,public: void __cdecl gui::Bkg::redraw(void),method,gui,Bkg,redraw,void,False,False,False,False,False,False,True
1998,1997,0x7CD,?redraw@EditBoxLineSkin@gui@@UEAAXXZ,public: virtual void __cdecl gui::EditBoxLineSkin::redraw(void),method,gui,EditBoxLineSkin,redraw,void,False,False,True,False,False,False,True
1999,1998,0x7CE,?redraw@EditBoxSkin@skin@gui@@UEAAXXZ,public: virtual void __cdecl gui::skin::EditBoxSkin::redraw(void),method,gui::skin,EditBoxSkin,redraw,void,False,False,True,False,False,False,True
2000,1999,0x7CF,?redraw@FocusRect@gui@@QEAAXXZ,public: void __cdecl gui::FocusRect::redraw(void),method,gui,FocusRect,redraw,void,False,False,False,False,False,False,True
2001,2000,0x7D0,?redraw@GUI@gui@@QEAAX_N@Z,public: void __cdecl gui::GUI::redraw(bool),method,gui,GUI,redraw,bool,False,False,False,False,False,False,True
2002,2001,0x7D1,?redraw@GridViewSkin@skin@gui@@UEAAXXZ,public: virtual void __cdecl gui::skin::GridViewSkin::redraw(void),method,gui::skin,GridViewSkin,redraw,void,False,False,True,False,False,False,True
2003,2002,0x7D2,?redraw@Image@gui@@QEAAXAEBVVec2i@osg@@@Z,public: void __cdecl gui::Image::redraw(class osg::Vec2i const &),method,gui,Image,redraw,class osg::Vec2i const &,False,False,False,False,False,False,True
2004,2003,0x7D3,?redraw@Skin@skin@gui@@UEAAXXZ,public: virtual void __cdecl gui::skin::Skin::redraw(void),method,gui::skin,Skin,redraw,void,False,False,True,False,False,False,True
2005,2004,0x7D4,?redraw@Text@gui@@QEAAXV?$basic_string_view@_WU?$char_traits@_W@std@@@std@@AEBVVec2i@osg@@_N@Z,"public: void __cdecl gui::Text::redraw(class std::basic_string_view<wchar_t, struct std::char_traits<wchar_t>>, class osg::Vec2i const &, bool)",method,gui,Text,redraw,"class std::basic_string_view<wchar_t, struct std::char_traits<wchar_t>>, class osg::Vec2i const &, bool",False,False,False,False,False,False,True
2006,2005,0x7D5,?redraw@Widget@gui@@UEAAXXZ,public: virtual void __cdecl gui::Widget::redraw(void),method,gui,Widget,redraw,void,False,False,True,False,False,False,True
2007,2006,0x7D6,?redrawAll@Widget@gui@@SAXXZ,public: static void __cdecl gui::Widget::redrawAll(void),method,gui,Widget,redrawAll,void,False,True,False,False,False,False,True
2008,2007,0x7D7,?redrawBkg_@Skin@skin@gui@@MEAAXW4InteractiveState@23@H@Z,"protected: virtual void __cdecl gui::skin::Skin::redrawBkg_(enum gui::skin::InteractiveState, int)",method,gui::skin,Skin,redrawBkg_,"enum gui::skin::InteractiveState, int",False,False,True,False,False,False,True
2009,2008,0x7D8,?redrawCheck_@CheckBaseSkin@skin@gui@@MEAAXW4InteractiveState@23@H@Z,"protected: virtual void __cdecl gui::skin::CheckBaseSkin::redrawCheck_(enum gui::skin::InteractiveState, int)",method,gui::skin,CheckBaseSkin,redrawCheck_,"enum gui::skin::InteractiveState, int",False,False,True,False,False,False,True
2010,2009,0x7D9,?redrawCheck_@CheckListBoxLineSkin@skin@gui@@MEAAXW4InteractiveState@23@H@Z,"protected: virtual void __cdecl gui::skin::CheckListBoxLineSkin::redrawCheck_(enum gui::skin::InteractiveState, int)",method,gui::skin,CheckListBoxLineSkin,redrawCheck_,"enum gui::skin::InteractiveState, int",False,False,True,False,False,False,True
2011,2010,0x7DA,?redrawChildren@Container@gui@@UEAAXXZ,public: virtual void __cdecl gui::Container::redrawChildren(void),method,gui,Container,redrawChildren,void,False,False,True,False,False,False,True
2012,2011,0x7DB,?redrawChildren@Widget@gui@@UEAAXXZ,public: virtual void __cdecl gui::Widget::redrawChildren(void),method,gui,Widget,redrawChildren,void,False,False,True,False,False,False,True
2013,2012,0x7DC,?redrawCurve_@ChartSkin@skin@gui@@IEAAXXZ,protected: void __cdecl gui::skin::ChartSkin::redrawCurve_(void),method,gui::skin,ChartSkin,redrawCurve_,void,False,False,False,False,False,False,True
2014,2013,0x7DD,?redrawFocusRect_@AutoScrollTextSkin@skin@gui@@MEAAXXZ,protected: virtual void __cdecl gui::skin::AutoScrollTextSkin::redrawFocusRect_(void),method,gui::skin,AutoScrollTextSkin,redrawFocusRect_,void,False,False,True,False,False,False,True
2015,2014,0x7DE,?redrawFocusRect_@ComboBoxSkin@skin@gui@@MEAAXXZ,protected: virtual void __cdecl gui::skin::ComboBoxSkin::redrawFocusRect_(void),method,gui::skin,ComboBoxSkin,redrawFocusRect_,void,False,False,True,False,False,False,True
2016,2015,0x7DF,?redrawFocusRect_@EditBoxSkin@skin@gui@@MEAAXXZ,protected: virtual void __cdecl gui::skin::EditBoxSkin::redrawFocusRect_(void),method,gui::skin,EditBoxSkin,redrawFocusRect_,void,False,False,True,False,False,False,True
2017,2016,0x7E0,?redrawFocusRect_@Skin@skin@gui@@MEAAXXZ,protected: virtual void __cdecl gui::skin::Skin::redrawFocusRect_(void),method,gui::skin,Skin,redrawFocusRect_,void,False,False,True,False,False,False,True
2018,2017,0x7E1,?redrawFocusRect_@SpinBoxSkin@skin@gui@@MEAAXXZ,protected: virtual void __cdecl gui::skin::SpinBoxSkin::redrawFocusRect_(void),method,gui::skin,SpinBoxSkin,redrawFocusRect_,void,False,False,True,False,False,False,True
2019,2018,0x7E2,?redrawHorzGuides_@ChartSkin@skin@gui@@IEAAXXZ,protected: void __cdecl gui::skin::ChartSkin::redrawHorzGuides_(void),method,gui::skin,ChartSkin,redrawHorzGuides_,void,False,False,False,False,False,False,True
2020,2019,0x7E3,?redrawImage_@Skin@skin@gui@@MEAAXAEAPEAVImage@3@PEBUInfo@43@@Z,"protected: virtual void __cdecl gui::skin::Skin::redrawImage_(class gui::Image *&, struct gui::Image::Info const *)",method,gui::skin,Skin,redrawImage_,"class gui::Image *&, struct gui::Image::Info const *",False,False,True,False,False,False,True
2021,2020,0x7E4,?redrawImage_@Skin@skin@gui@@MEAAXW4InteractiveState@23@H@Z,"protected: virtual void __cdecl gui::skin::Skin::redrawImage_(enum gui::skin::InteractiveState, int)",method,gui::skin,Skin,redrawImage_,"enum gui::skin::InteractiveState, int",False,False,True,False,False,False,True
2022,2021,0x7E5,?redrawText_@ColorTextStaticSkin@gui@@MEAAXW4InteractiveState@skin@2@H@Z,"protected: virtual void __cdecl gui::ColorTextStaticSkin::redrawText_(enum gui::skin::InteractiveState, int)",method,gui,ColorTextStaticSkin,redrawText_,"enum gui::skin::InteractiveState, int",False,False,True,False,False,False,True
2023,2022,0x7E6,?redrawText_@EditBoxSkin@skin@gui@@MEAAXW4InteractiveState@23@H@Z,"protected: virtual void __cdecl gui::skin::EditBoxSkin::redrawText_(enum gui::skin::InteractiveState, int)",method,gui::skin,EditBoxSkin,redrawText_,"enum gui::skin::InteractiveState, int",False,False,True,False,False,False,True
2024,2023,0x7E7,?redrawText_@Skin@skin@gui@@MEAAXW4InteractiveState@23@H@Z,"protected: virtual void __cdecl gui::skin::Skin::redrawText_(enum gui::skin::InteractiveState, int)",method,gui::skin,Skin,redrawText_,"enum gui::skin::InteractiveState, int",False,False,True,False,False,False,True
2025,2024,0x7E8,?redrawVertGuides_@ChartSkin@skin@gui@@IEAAXXZ,protected: void __cdecl gui::skin::ChartSkin::redrawVertGuides_(void),method,gui::skin,ChartSkin,redrawVertGuides_,void,False,False,False,False,False,False,True
2026,2025,0x7E9,?redraw_@ChartSkin@skin@gui@@MEAAXXZ,protected: virtual void __cdecl gui::skin::ChartSkin::redraw_(void),method,gui::skin,ChartSkin,redraw_,void,False,False,True,False,False,False,True
2027,2026,0x7EA,?redraw_@CheckBaseSkin@skin@gui@@MEAAXXZ,protected: virtual void __cdecl gui::skin::CheckBaseSkin::redraw_(void),method,gui::skin,CheckBaseSkin,redraw_,void,False,False,True,False,False,False,True
2028,2027,0x7EB,?redraw_@CheckListBoxLineSkin@skin@gui@@MEAAXXZ,protected: virtual void __cdecl gui::skin::CheckListBoxLineSkin::redraw_(void),method,gui::skin,CheckListBoxLineSkin,redraw_,void,False,False,True,False,False,False,True
2029,2028,0x7EC,?redraw_@Container@gui@@MEAAXXZ,protected: virtual void __cdecl gui::Container::redraw_(void),method,gui,Container,redraw_,void,False,False,True,False,False,False,True
2030,2029,0x7ED,?redraw_@PieMenuSkin@skin@gui@@MEAAXXZ,protected: virtual void __cdecl gui::skin::PieMenuSkin::redraw_(void),method,gui::skin,PieMenuSkin,redraw_,void,False,False,True,False,False,False,True
2031,2030,0x7EE,?redraw_@ScrollPane@gui@@MEAAXXZ,protected: virtual void __cdecl gui::ScrollPane::redraw_(void),method,gui,ScrollPane,redraw_,void,False,False,True,False,False,False,True
2032,2031,0x7EF,?redraw_@Skin@skin@gui@@MEAAXXZ,protected: virtual void __cdecl gui::skin::Skin::redraw_(void),method,gui::skin,Skin,redraw_,void,False,False,True,False,False,False,True
2033,2032,0x7F0,?redraw_@TextureView@gui@@MEAAXXZ,protected: virtual void __cdecl gui::TextureView::redraw_(void),method,gui,TextureView,redraw_,void,False,False,True,False,False,False,True
2034,2033,0x7F1,?redraw_@Widget@gui@@MEAAXXZ,protected: virtual void __cdecl gui::Widget::redraw_(void),method,gui,Widget,redraw_,void,False,False,True,False,False,False,True
2035,2034,0x7F2,?registerKeyboardButtonsNames@gui@@YAXXZ,void __cdecl gui::registerKeyboardButtonsNames(void),method,,gui,registerKeyboardButtonsNames,void,False,False,False,False,False,False,True
2036,2035,0x7F3,?release@LayoutHandler@gui@@KAXPEAV12@@Z,protected: static void __cdecl gui::LayoutHandler::release(class gui::LayoutHandler *),method,gui,LayoutHandler,release,class gui::LayoutHandler *,False,True,False,False,False,False,True
2037,2036,0x7F4,?release@WidgetHandler@gui@@KAXPEAV12@@Z,protected: static void __cdecl gui::WidgetHandler::release(class gui::WidgetHandler *),method,gui,WidgetHandler,release,class gui::WidgetHandler *,False,True,False,False,False,False,True
2038,2037,0x7F5,?releaseCachedGeometryID@gui@@YAXI@Z,void __cdecl gui::releaseCachedGeometryID(unsigned int),method,,gui,releaseCachedGeometryID,unsigned int,False,False,False,False,False,False,True
2039,2038,0x7F6,?releaseMouse@WindowsManager@gui@@QEAAXPEAVWidgetHandler@2@@Z,public: void __cdecl gui::WindowsManager::releaseMouse(class gui::WidgetHandler *),method,gui,WindowsManager,releaseMouse,class gui::WidgetHandler *,False,False,False,False,False,False,True
2040,2039,0x7F7,?removeAll@Grid@gui@@QEAAXXZ,public: void __cdecl gui::Grid::removeAll(void),method,gui,Grid,removeAll,void,False,False,False,False,False,False,True
2041,2040,0x7F8,?removeAllColumns@GridHeader@gui@@QEAAXXZ,public: void __cdecl gui::GridHeader::removeAllColumns(void),method,gui,GridHeader,removeAllColumns,void,False,False,False,False,False,False,True
2042,2041,0x7F9,?removeAllItems@ComboBox@gui@@QEAAXXZ,public: void __cdecl gui::ComboBox::removeAllItems(void),method,gui,ComboBox,removeAllItems,void,False,False,False,False,False,False,True
2043,2042,0x7FA,?removeAllItems@ComboList@gui@@QEAAXXZ,public: void __cdecl gui::ComboList::removeAllItems(void),method,gui,ComboList,removeAllItems,void,False,False,False,False,False,False,True
2044,2043,0x7FB,?removeAllItems@ListBoxBase@gui@@QEAAXXZ,public: void __cdecl gui::ListBoxBase::removeAllItems(void),method,gui,ListBoxBase,removeAllItems,void,False,False,False,False,False,False,True
2045,2044,0x7FC,?removeAllItems@MenuBar@gui@@QEAAXXZ,public: void __cdecl gui::MenuBar::removeAllItems(void),method,gui,MenuBar,removeAllItems,void,False,False,False,False,False,False,True
2046,2045,0x7FD,?removeAllRows@Grid@gui@@QEAAXXZ,public: void __cdecl gui::Grid::removeAllRows(void),method,gui,Grid,removeAllRows,void,False,False,False,False,False,False,True
2047,2046,0x7FE,?removeAllRows_@Grid@gui@@IEAAXXZ,protected: void __cdecl gui::Grid::removeAllRows_(void),method,gui,Grid,removeAllRows_,void,False,False,False,False,False,False,True
2048,2047,0x7FF,?removeAllWidgets@BuddyWindow@gui@@QEAAXXZ,public: void __cdecl gui::BuddyWindow::removeAllWidgets(void),method,gui,BuddyWindow,removeAllWidgets,void,False,False,False,False,False,False,True
2049,2048,0x800,?removeAllWidgets@GridHeaderCell@gui@@QEAAXXZ,public: void __cdecl gui::GridHeaderCell::removeAllWidgets(void),method,gui,GridHeaderCell,removeAllWidgets,void,False,False,False,False,False,False,True
2050,2049,0x801,?removeAllWidgets@Menu@gui@@QEAAXXZ,public: void __cdecl gui::Menu::removeAllWidgets(void),method,gui,Menu,removeAllWidgets,void,False,False,False,False,False,False,True
2051,2050,0x802,?removeAllWidgets@Panel@gui@@QEAAXXZ,public: void __cdecl gui::Panel::removeAllWidgets(void),method,gui,Panel,removeAllWidgets,void,False,False,False,False,False,False,True
2052,2051,0x803,?removeAllWidgets@PieMenu@gui@@QEAAXXZ,public: void __cdecl gui::PieMenu::removeAllWidgets(void),method,gui,PieMenu,removeAllWidgets,void,False,False,False,False,False,False,True
2053,2052,0x804,?removeAllWidgets@ScrollPane@gui@@QEAAXXZ,public: void __cdecl gui::ScrollPane::removeAllWidgets(void),method,gui,ScrollPane,removeAllWidgets,void,False,False,False,False,False,False,True
2054,2053,0x805,?removeAllWidgets@WindowBase@gui@@QEAAXXZ,public: void __cdecl gui::WindowBase::removeAllWidgets(void),method,gui,WindowBase,removeAllWidgets,void,False,False,False,False,False,False,True
2055,2054,0x806,?removeAllWidgets@WindowView@gui@@QEAAXXZ,public: void __cdecl gui::WindowView::removeAllWidgets(void),method,gui,WindowView,removeAllWidgets,void,False,False,False,False,False,False,True
2056,2055,0x807,?removeAllWidgets_@Container@gui@@MEAAXXZ,protected: virtual void __cdecl gui::Container::removeAllWidgets_(void),method,gui,Container,removeAllWidgets_,void,False,False,True,False,False,False,True
2057,2056,0x808,?removeAnchorInfo@AnchorLayout@gui@@UEAAXH@Z,public: virtual void __cdecl gui::AnchorLayout::removeAnchorInfo(int),method,gui,AnchorLayout,removeAnchorInfo,int,False,False,True,False,False,False,True
2058,2057,0x809,?removeCell@Grid@gui@@QEAAPEAVWidget@2@HH@Z,"public: class gui::Widget * __cdecl gui::Grid::removeCell(int, int)",method,gui,Grid,removeCell,"int, int",False,False,False,False,False,False,True
2059,2058,0x80A,?removeColumn@Grid@gui@@QEAAXH@Z,public: void __cdecl gui::Grid::removeColumn(int),method,gui,Grid,removeColumn,int,False,False,False,False,False,False,True
2060,2059,0x80B,?removeColumn@GridHeader@gui@@QEAAXH@Z,public: void __cdecl gui::GridHeader::removeColumn(int),method,gui,GridHeader,removeColumn,int,False,False,False,False,False,False,True
2061,2060,0x80C,?removeColumn_@Grid@gui@@IEAAXH_N@Z,"protected: void __cdecl gui::Grid::removeColumn_(int, bool)",method,gui,Grid,removeColumn_,"int, bool",False,False,False,False,False,False,True
2062,2061,0x80D,?removeCustomWindow@GUI@gui@@QEAAXPEAVWindowBase@2@@Z,public: void __cdecl gui::GUI::removeCustomWindow(class gui::WindowBase *),method,gui,GUI,removeCustomWindow,class gui::WindowBase *,False,False,False,False,False,False,True
2063,2062,0x80E,?removeHighlight_@Menu@gui@@IEAAXXZ,protected: void __cdecl gui::Menu::removeHighlight_(void),method,gui,Menu,removeHighlight_,void,False,False,False,False,False,False,True
2064,2063,0x80F,?removeHotKeyCallback@WindowBase@gui@@UEAA_NAEBUHotKey@12@V?$shared_ptr@V?$function@$$A6AXXZ@std@@@std@@@Z,"public: virtual bool __cdecl gui::WindowBase::removeHotKeyCallback(struct gui::WindowBase::HotKey const &, class std::shared_ptr<class std::function<void __cdecl(void)>>)",method,gui,WindowBase,removeHotKeyCallback,"struct gui::WindowBase::HotKey const &, class std::shared_ptr<class std::function<void __cdecl(void)>>",False,False,True,False,False,False,True
2065,2064,0x810,?removeItem@CheckListBox@gui@@QEAAXPEAVCheckListBoxLine@2@@Z,public: void __cdecl gui::CheckListBox::removeItem(class gui::CheckListBoxLine *),method,gui,CheckListBox,removeItem,class gui::CheckListBoxLine *,False,False,False,False,False,False,True
2066,2065,0x811,?removeItem@ComboBox@gui@@QEAAXPEAVListBoxLine@2@@Z,public: void __cdecl gui::ComboBox::removeItem(class gui::ListBoxLine *),method,gui,ComboBox,removeItem,class gui::ListBoxLine *,False,False,False,False,False,False,True
2067,2066,0x812,?removeItem@ComboList@gui@@QEAAXPEAVListBoxLine@2@@Z,public: void __cdecl gui::ComboList::removeItem(class gui::ListBoxLine *),method,gui,ComboList,removeItem,class gui::ListBoxLine *,False,False,False,False,False,False,True
2068,2067,0x813,?removeItem@ListBox@gui@@QEAAXPEAVListBoxLine@2@@Z,public: void __cdecl gui::ListBox::removeItem(class gui::ListBoxLine *),method,gui,ListBox,removeItem,class gui::ListBoxLine *,False,False,False,False,False,False,True
2069,2068,0x814,?removeItem@MenuBar@gui@@QEAAXPEAVMenuBarItem@2@@Z,public: void __cdecl gui::MenuBar::removeItem(class gui::MenuBarItem *),method,gui,MenuBar,removeItem,class gui::MenuBarItem *,False,False,False,False,False,False,True
2070,2069,0x815,?removeItem_@ListBoxBase@gui@@IEAAXPEAVListBoxLineBase@2@@Z,protected: void __cdecl gui::ListBoxBase::removeItem_(class gui::ListBoxLineBase *),method,gui,ListBoxBase,removeItem_,class gui::ListBoxLineBase *,False,False,False,False,False,False,True
2071,2070,0x816,?removeKeyboardCallback@GUI@gui@@QEAAXV?$shared_ptr@V?$function@$$A6A_NW4KeyboardButton@gui@@H_N@Z@std@@@std@@@Z,"public: void __cdecl gui::GUI::removeKeyboardCallback(class std::shared_ptr<class std::function<bool __cdecl(enum gui::KeyboardButton, int, bool)>>)",method,gui,GUI,removeKeyboardCallback,"class std::shared_ptr<class std::function<bool __cdecl(enum gui::KeyboardButton, int, bool)>>",False,False,False,False,False,False,True
2072,2071,0x817,?removeKeyboardCallback@Widget@gui@@UEAAXW4KeyboardCallbackType@2@V?$shared_ptr@V?$function@$$A6A_NW4KeyboardButton@gui@@H@Z@std@@@std@@@Z,"public: virtual void __cdecl gui::Widget::removeKeyboardCallback(enum gui::KeyboardCallbackType, class std::shared_ptr<class std::function<bool __cdecl(enum gui::KeyboardButton, int)>>)",method,gui,Widget,removeKeyboardCallback,"enum gui::KeyboardCallbackType, class std::shared_ptr<class std::function<bool __cdecl(enum gui::KeyboardButton, int)>>",False,False,True,False,False,False,True
2073,2072,0x818,?removeMouseCallback@Widget@gui@@UEAAXW4MouseCallbackType@2@V?$shared_ptr@V?$function@$$A6AXHHH@Z@std@@@std@@@Z,"public: virtual void __cdecl gui::Widget::removeMouseCallback(enum gui::MouseCallbackType, class std::shared_ptr<class std::function<void __cdecl(int, int, int)>>)",method,gui,Widget,removeMouseCallback,"enum gui::MouseCallbackType, class std::shared_ptr<class std::function<void __cdecl(int, int, int)>>",False,False,True,False,False,False,True
2074,2073,0x819,?removeMouseListener@GUI@gui@@QEAAXPEAVMouseListener@12@@Z,public: void __cdecl gui::GUI::removeMouseListener(class gui::GUI::MouseListener *),method,gui,GUI,removeMouseListener,class gui::GUI::MouseListener *,False,False,False,False,False,False,True
2075,2074,0x81A,?removeMouseWheelCallback@Widget@gui@@UEAAXV?$shared_ptr@V?$function@$$A6A_NHHH@Z@std@@@std@@@Z,"public: virtual void __cdecl gui::Widget::removeMouseWheelCallback(class std::shared_ptr<class std::function<bool __cdecl(int, int, int)>>)",method,gui,Widget,removeMouseWheelCallback,"class std::shared_ptr<class std::function<bool __cdecl(int, int, int)>>",False,False,True,False,False,False,True
2076,2075,0x81B,?removeOverlayWidget@WindowBase@gui@@UEAAXPEAVWidget@2@@Z,public: virtual void __cdecl gui::WindowBase::removeOverlayWidget(class gui::Widget *),method,gui,WindowBase,removeOverlayWidget,class gui::Widget *,False,False,True,False,False,False,True
2077,2076,0x81C,?removeRawKeyListener@GUI@gui@@QEAAXPEAVRawKeyListener@12@@Z,public: void __cdecl gui::GUI::removeRawKeyListener(class gui::GUI::RawKeyListener *),method,gui,GUI,removeRawKeyListener,class gui::GUI::RawKeyListener *,False,False,False,False,False,False,True
2078,2077,0x81D,?removeRawMouseListener@GUI@gui@@QEAAXPEAVRawMouseListener@12@@Z,public: void __cdecl gui::GUI::removeRawMouseListener(class gui::GUI::RawMouseListener *),method,gui,GUI,removeRawMouseListener,class gui::GUI::RawMouseListener *,False,False,False,False,False,False,True
2079,2078,0x81E,?removeRow@Grid@gui@@QEAAXH@Z,public: void __cdecl gui::Grid::removeRow(int),method,gui,Grid,removeRow,int,False,False,False,False,False,False,True
2080,2079,0x81F,?removeRowCallback@Grid@gui@@UEAAXW4GridRowCallbackType@2@V?$shared_ptr@V?$function@$$A6AXHH@Z@std@@@std@@@Z,"public: virtual void __cdecl gui::Grid::removeRowCallback(enum gui::GridRowCallbackType, class std::shared_ptr<class std::function<void __cdecl(int, int)>>)",method,gui,Grid,removeRowCallback,"enum gui::GridRowCallbackType, class std::shared_ptr<class std::function<void __cdecl(int, int)>>",False,False,True,False,False,False,True
2081,2080,0x820,?removeRow_@Grid@gui@@IEAAXH_N@Z,"protected: void __cdecl gui::Grid::removeRow_(int, bool)",method,gui,Grid,removeRow_,"int, bool",False,False,False,False,False,False,True
2082,2081,0x821,?removeTarget@UpdateManager@gui@@QEAAXPEAVUpdateTarget@2@@Z,public: void __cdecl gui::UpdateManager::removeTarget(class gui::UpdateTarget *),method,gui,UpdateManager,removeTarget,class gui::UpdateTarget *,False,False,False,False,False,False,True
2083,2082,0x822,?removeUpdateCallback@Application@gui@@UEAAXV?$shared_ptr@V?$function@$$A6AXXZ@std@@@std@@@Z,public: virtual void __cdecl gui::Application::removeUpdateCallback(class std::shared_ptr<class std::function<void __cdecl(void)>>),method,gui,Application,removeUpdateCallback,class std::shared_ptr<class std::function<void __cdecl(void)>>,False,False,True,False,False,False,True
2084,2083,0x823,?removeWidget@BuddyWindow@gui@@UEAAXPEAVWidget@2@@Z,public: virtual void __cdecl gui::BuddyWindow::removeWidget(class gui::Widget *),method,gui,BuddyWindow,removeWidget,class gui::Widget *,False,False,True,False,False,False,True
2085,2084,0x824,?removeWidget@GridHeaderCell@gui@@QEAAXPEAVWidget@2@@Z,public: void __cdecl gui::GridHeaderCell::removeWidget(class gui::Widget *),method,gui,GridHeaderCell,removeWidget,class gui::Widget *,False,False,False,False,False,False,True
2086,2085,0x825,?removeWidget@Menu@gui@@QEAAXPEAVMenuItemBase@2@@Z,public: void __cdecl gui::Menu::removeWidget(class gui::MenuItemBase *),method,gui,Menu,removeWidget,class gui::MenuItemBase *,False,False,False,False,False,False,True
2087,2086,0x826,?removeWidget@Panel@gui@@QEAAXPEAVWidget@2@@Z,public: void __cdecl gui::Panel::removeWidget(class gui::Widget *),method,gui,Panel,removeWidget,class gui::Widget *,False,False,False,False,False,False,True
2088,2087,0x827,?removeWidget@PieMenu@gui@@QEAAXPEAVPieMenuItem@2@@Z,public: void __cdecl gui::PieMenu::removeWidget(class gui::PieMenuItem *),method,gui,PieMenu,removeWidget,class gui::PieMenuItem *,False,False,False,False,False,False,True
2089,2088,0x828,?removeWidget@ScrollPane@gui@@QEAAXPEAVWidget@2@@Z,public: void __cdecl gui::ScrollPane::removeWidget(class gui::Widget *),method,gui,ScrollPane,removeWidget,class gui::Widget *,False,False,False,False,False,False,True
2090,2089,0x829,?removeWidget@WindowBase@gui@@UEAAXPEAVWidget@2@@Z,public: virtual void __cdecl gui::WindowBase::removeWidget(class gui::Widget *),method,gui,WindowBase,removeWidget,class gui::Widget *,False,False,True,False,False,False,True
2091,2090,0x82A,?removeWidget@WindowView@gui@@QEAAXPEAVWidget@2@@Z,public: void __cdecl gui::WindowView::removeWidget(class gui::Widget *),method,gui,WindowView,removeWidget,class gui::Widget *,False,False,False,False,False,False,True
2092,2091,0x82B,?removeWidgetCallback@Widget@gui@@UEAAXHV?$shared_ptr@V?$function@$$A6AXXZ@std@@@std@@@Z,"public: virtual void __cdecl gui::Widget::removeWidgetCallback(int, class std::shared_ptr<class std::function<void __cdecl(void)>>)",method,gui,Widget,removeWidgetCallback,"int, class std::shared_ptr<class std::function<void __cdecl(void)>>",False,False,True,False,False,False,True
2093,2092,0x82C,?removeWidget_@Container@gui@@MEAAXPEAVWidget@2@@Z,protected: virtual void __cdecl gui::Container::removeWidget_(class gui::Widget *),method,gui,Container,removeWidget_,class gui::Widget *,False,False,True,False,False,False,True
2094,2093,0x82D,?replaceTabsBySpaces@textutil@@YA?AV?$basic_string@_W@ed@@V?$basic_string_view@_WU?$char_traits@_W@std@@@std@@@Z,"class ed::basic_string<wchar_t> __cdecl textutil::replaceTabsBySpaces(class std::basic_string_view<wchar_t, struct std::char_traits<wchar_t>>)",method,,textutil,replaceTabsBySpaces,"class std::basic_string_view<wchar_t, struct std::char_traits<wchar_t>>",False,False,False,False,False,False,True
2095,2094,0x82E,?reset@EditBoxSelection@gui@@QEAAXXZ,public: void __cdecl gui::EditBoxSelection::reset(void),method,gui,EditBoxSelection,reset,void,False,False,False,False,False,False,True
2096,2095,0x82F,?resetCallbacks@Application@gui@@QEAAXXZ,public: void __cdecl gui::Application::resetCallbacks(void),method,gui,Application,resetCallbacks,void,False,False,False,False,False,False,True
2097,2096,0x830,?resetLinesSelection_@EditBox@gui@@IEAAXXZ,protected: void __cdecl gui::EditBox::resetLinesSelection_(void),method,gui,EditBox,resetLinesSelection_,void,False,False,False,False,False,False,True
2098,2097,0x831,?resetParent@SwitchButton@gui@@UEAAXXZ,public: virtual void __cdecl gui::SwitchButton::resetParent(void),method,gui,SwitchButton,resetParent,void,False,False,True,False,False,False,True
2099,2098,0x832,?resetParent@Widget@gui@@UEAAXXZ,public: virtual void __cdecl gui::Widget::resetParent(void),method,gui,Widget,resetParent,void,False,False,True,False,False,False,True
2100,2099,0x833,?resetWidgets_@Container@gui@@MEAAXXZ,protected: virtual void __cdecl gui::Container::resetWidgets_(void),method,gui,Container,resetWidgets_,void,False,False,True,False,False,False,True
2101,2100,0x834,?screenToViewport@GUI@gui@@QEBA?AV?$RectImpl@VVec2i@osg@@@osg@@AEBV34@@Z,public: class osg::RectImpl<class osg::Vec2i> __cdecl gui::GUI::screenToViewport(class osg::RectImpl<class osg::Vec2i> const &) const,method,gui,GUI,screenToViewport,class osg::RectImpl<class osg::Vec2i> const &,True,False,False,False,False,False,True
2102,2101,0x835,?screenToWidget@Widget@gui@@UEBA?AVVec2i@osg@@AEBV34@@Z,public: virtual class osg::Vec2i __cdecl gui::Widget::screenToWidget(class osg::Vec2i const &) const,method,gui,Widget,screenToWidget,class osg::Vec2i const &,True,False,True,False,False,False,True
2103,2102,0x836,?scrollDown_@ListBoxBase@gui@@MEAAXXZ,protected: virtual void __cdecl gui::ListBoxBase::scrollDown_(void),method,gui,ListBoxBase,scrollDown_,void,False,False,True,False,False,False,True
2104,2103,0x837,?scrollUp_@ListBoxBase@gui@@MEAAXXZ,protected: virtual void __cdecl gui::ListBoxBase::scrollUp_(void),method,gui,ListBoxBase,scrollUp_,void,False,False,True,False,False,False,True
2105,2104,0x838,?selectAll@EditBox@gui@@QEAAXXZ,public: void __cdecl gui::EditBox::selectAll(void),method,gui,EditBox,selectAll,void,False,False,False,False,False,False,True
2106,2105,0x839,?selectAll_@EditBox@gui@@IEAAXXZ,protected: void __cdecl gui::EditBox::selectAll_(void),method,gui,EditBox,selectAll_,void,False,False,False,False,False,False,True
2107,2106,0x83A,?selectFirstVisibleItem@ListBoxBase@gui@@UEAA_NXZ,public: virtual bool __cdecl gui::ListBoxBase::selectFirstVisibleItem(void),method,gui,ListBoxBase,selectFirstVisibleItem,void,False,False,True,False,False,False,True
2108,2107,0x83B,?selectItem@CheckListBox@gui@@QEAAXPEAVCheckListBoxLine@2@@Z,public: void __cdecl gui::CheckListBox::selectItem(class gui::CheckListBoxLine *),method,gui,CheckListBox,selectItem,class gui::CheckListBoxLine *,False,False,False,False,False,False,True
2109,2108,0x83C,?selectItem@ComboBox@gui@@QEAAXPEAVListBoxLine@2@@Z,public: void __cdecl gui::ComboBox::selectItem(class gui::ListBoxLine *),method,gui,ComboBox,selectItem,class gui::ListBoxLine *,False,False,False,False,False,False,True
2110,2109,0x83D,?selectItem@ComboList@gui@@QEAAXPEAVListBoxLine@2@@Z,public: void __cdecl gui::ComboList::selectItem(class gui::ListBoxLine *),method,gui,ComboList,selectItem,class gui::ListBoxLine *,False,False,False,False,False,False,True
2111,2110,0x83E,?selectItem@ListBox@gui@@QEAAXPEAVListBoxLine@2@@Z,public: void __cdecl gui::ListBox::selectItem(class gui::ListBoxLine *),method,gui,ListBox,selectItem,class gui::ListBoxLine *,False,False,False,False,False,False,True
2112,2111,0x83F,?selectItemAndPutIntoView_@ListBoxBase@gui@@MEAAXH@Z,protected: virtual void __cdecl gui::ListBoxBase::selectItemAndPutIntoView_(int),method,gui,ListBoxBase,selectItemAndPutIntoView_,int,False,False,True,False,False,False,True
2113,2112,0x840,?selectItem_@ListBoxBase@gui@@IEAAXPEAVListBoxLineBase@2@@Z,protected: void __cdecl gui::ListBoxBase::selectItem_(class gui::ListBoxLineBase *),method,gui,ListBoxBase,selectItem_,class gui::ListBoxLineBase *,False,False,False,False,False,False,True
2114,2113,0x841,?selectLastVisibleItem@ListBoxBase@gui@@UEAA_NXZ,public: virtual bool __cdecl gui::ListBoxBase::selectLastVisibleItem(void),method,gui,ListBoxBase,selectLastVisibleItem,void,False,False,True,False,False,False,True
2115,2114,0x842,?selectNextItem_@ComboBox@gui@@MEAAXXZ,protected: virtual void __cdecl gui::ComboBox::selectNextItem_(void),method,gui,ComboBox,selectNextItem_,void,False,False,True,False,False,False,True
2116,2115,0x843,?selectNextItem_@ComboList@gui@@MEAAXXZ,protected: virtual void __cdecl gui::ComboList::selectNextItem_(void),method,gui,ComboList,selectNextItem_,void,False,False,True,False,False,False,True
2117,2116,0x844,?selectNextVisibleItem@ListBoxBase@gui@@UEAA_NXZ,public: virtual bool __cdecl gui::ListBoxBase::selectNextVisibleItem(void),method,gui,ListBoxBase,selectNextVisibleItem,void,False,False,True,False,False,False,True
2118,2117,0x845,?selectPageDownVisibleItem@ListBoxBase@gui@@UEAA_NXZ,public: virtual bool __cdecl gui::ListBoxBase::selectPageDownVisibleItem(void),method,gui,ListBoxBase,selectPageDownVisibleItem,void,False,False,True,False,False,False,True
2119,2118,0x846,?selectPageUpVisibleItem@ListBoxBase@gui@@UEAA_NXZ,public: virtual bool __cdecl gui::ListBoxBase::selectPageUpVisibleItem(void),method,gui,ListBoxBase,selectPageUpVisibleItem,void,False,False,True,False,False,False,True
2120,2119,0x847,?selectPrevItem_@ComboBox@gui@@MEAAXXZ,protected: virtual void __cdecl gui::ComboBox::selectPrevItem_(void),method,gui,ComboBox,selectPrevItem_,void,False,False,True,False,False,False,True
2121,2120,0x848,?selectPrevItem_@ComboList@gui@@MEAAXXZ,protected: virtual void __cdecl gui::ComboList::selectPrevItem_(void),method,gui,ComboList,selectPrevItem_,void,False,False,True,False,False,False,True
2122,2121,0x849,?selectPrevVisibleItem@ListBoxBase@gui@@UEAA_NXZ,public: virtual bool __cdecl gui::ListBoxBase::selectPrevVisibleItem(void),method,gui,ListBoxBase,selectPrevVisibleItem,void,False,False,True,False,False,False,True
2123,2122,0x84A,?selectRow@Grid@gui@@QEAAXH@Z,public: void __cdecl gui::Grid::selectRow(int),method,gui,Grid,selectRow,int,False,False,False,False,False,False,True
2124,2123,0x84B,?selectionChangeCallbackName@ListBoxBase@gui@@2V?$basic_string@D@ed@@B,public: static class ed::basic_string<char> const gui::ListBoxBase::selectionChangeCallbackName,symbol,,,,,False,False,False,False,False,False,True
2125,2124,0x84C,?set@Bkg@gui@@QEAAXAEBUInfo@12@@Z,public: void __cdecl gui::Bkg::set(struct gui::Bkg::Info const &),method,gui,Bkg,set,struct gui::Bkg::Info const &,False,False,False,False,False,False,True
2126,2125,0x84D,?set@GraphicCommandDrawCircle@gui@@QEAAPEAV12@AEBVVec4f@osg@@MI@Z,"public: class gui::GraphicCommandDrawCircle * __cdecl gui::GraphicCommandDrawCircle::set(class osg::Vec4f const &, float, unsigned int)",method,gui,GraphicCommandDrawCircle,set,"class osg::Vec4f const &, float, unsigned int",False,False,False,False,False,False,True
2127,2126,0x84E,?set@GraphicCommandDrawGeometry@gui@@QEAAPEAV12@AEBV?$vector@VuiBaseVertex@@V?$allocator@VuiBaseVertex@@@ed@@@ed@@AEBV?$vector@HV?$allocator@H@ed@@@4@W4PrimitiveType@uiBaseGeometry@@HV?$Ptr@VuiBaseTexture@@VuiTextureCleaner@@@4@@Z,"public: class gui::GraphicCommandDrawGeometry * __cdecl gui::GraphicCommandDrawGeometry::set(class ed::vector<class uiBaseVertex, class ed::allocator<class uiBaseVertex>> const &, class ed::vector<int, class ed::allocator<int>> const &, enum uiBaseGeometry::PrimitiveType, int, class ed::Ptr<class uiBaseTexture, class uiTextureCleaner>)",method,gui,GraphicCommandDrawGeometry,set,"class ed::vector<class uiBaseVertex, class ed::allocator<class uiBaseVertex>> const &, class ed::vector<int, class ed::allocator<int>> const &, enum uiBaseGeometry::PrimitiveType, int, class ed::Ptr<class uiBaseTexture, class uiTextureCleaner>",False,False,False,False,False,False,True
2128,2127,0x84F,?set@GraphicCommandDrawGeometry@gui@@QEAAPEAV12@IAEBV?$vector@VuiBaseVertex@@V?$allocator@VuiBaseVertex@@@ed@@@ed@@AEBV?$vector@HV?$allocator@H@ed@@@4@W4PrimitiveType@uiBaseGeometry@@HV?$Ptr@VuiBaseTexture@@VuiTextureCleaner@@@4@@Z,"public: class gui::GraphicCommandDrawGeometry * __cdecl gui::GraphicCommandDrawGeometry::set(unsigned int, class ed::vector<class uiBaseVertex, class ed::allocator<class uiBaseVertex>> const &, class ed::vector<int, class ed::allocator<int>> const &, enum uiBaseGeometry::PrimitiveType, int, class ed::Ptr<class uiBaseTexture, class uiTextureCleaner>)",method,gui,GraphicCommandDrawGeometry,set,"unsigned int, class ed::vector<class uiBaseVertex, class ed::allocator<class uiBaseVertex>> const &, class ed::vector<int, class ed::allocator<int>> const &, enum uiBaseGeometry::PrimitiveType, int, class ed::Ptr<class uiBaseTexture, class uiTextureCleaner>",False,False,False,False,False,False,True
2129,2128,0x850,?set@GraphicCommandDrawLifeBar@gui@@QEAAPEAV12@AEBVVec4f@osg@@AEBVVec2f@4@M@Z,"public: class gui::GraphicCommandDrawLifeBar * __cdecl gui::GraphicCommandDrawLifeBar::set(class osg::Vec4f const &, class osg::Vec2f const &, float)",method,gui,GraphicCommandDrawLifeBar,set,"class osg::Vec4f const &, class osg::Vec2f const &, float",False,False,False,False,False,False,True
2130,2129,0x851,?set@GraphicCommandParse@gui@@QEAAPEAV12@V?$function@$$A6AXXZ@std@@@Z,public: class gui::GraphicCommandParse * __cdecl gui::GraphicCommandParse::set(class std::function<void __cdecl(void)>),method,gui,GraphicCommandParse,set,class std::function<void __cdecl(void)>,False,False,False,False,False,False,True
2131,2130,0x852,?set@GraphicCommandPushShaderTechnique@gui@@QEAAPEAV12@W4TechniqueType@uiBaseRenderer@@@Z,public: class gui::GraphicCommandPushShaderTechnique * __cdecl gui::GraphicCommandPushShaderTechnique::set(enum uiBaseRenderer::TechniqueType),method,gui,GraphicCommandPushShaderTechnique,set,enum uiBaseRenderer::TechniqueType,False,False,False,False,False,False,True
2132,2131,0x853,?set@GraphicCommandSetOpacity@gui@@QEAAPEAV12@M@Z,public: class gui::GraphicCommandSetOpacity * __cdecl gui::GraphicCommandSetOpacity::set(float),method,gui,GraphicCommandSetOpacity,set,float,False,False,False,False,False,False,True
2133,2132,0x854,?set@GraphicCommandSetShaderTechnique@gui@@QEAAPEAV12@W4TechniqueType@uiBaseRenderer@@@Z,public: class gui::GraphicCommandSetShaderTechnique * __cdecl gui::GraphicCommandSetShaderTechnique::set(enum uiBaseRenderer::TechniqueType),method,gui,GraphicCommandSetShaderTechnique,set,enum uiBaseRenderer::TechniqueType,False,False,False,False,False,False,True
2134,2133,0x855,?set@GraphicCommandSetTextureFiltering@gui@@QEAAPEAV12@W4TextureSampler@uiBaseRenderer@@@Z,public: class gui::GraphicCommandSetTextureFiltering * __cdecl gui::GraphicCommandSetTextureFiltering::set(enum uiBaseRenderer::TextureSampler),method,gui,GraphicCommandSetTextureFiltering,set,enum uiBaseRenderer::TextureSampler,False,False,False,False,False,False,True
2135,2134,0x856,?set@GraphicCommandShiftPosition@gui@@QEAAPEAV12@MMM@Z,"public: class gui::GraphicCommandShiftPosition * __cdecl gui::GraphicCommandShiftPosition::set(float, float, float)",method,gui,GraphicCommandShiftPosition,set,"float, float, float",False,False,False,False,False,False,True
2136,2135,0x857,?set@Image@gui@@QEAAXAEBUInfo@12@@Z,public: void __cdecl gui::Image::set(struct gui::Image::Info const &),method,gui,Image,set,struct gui::Image::Info const &,False,False,False,False,False,False,True
2137,2136,0x858,?set@Text@gui@@QEAAXAEBUInfo@12@@Z,public: void __cdecl gui::Text::set(struct gui::Text::Info const &),method,gui,Text,set,struct gui::Text::Info const &,False,False,False,False,False,False,True
2138,2137,0x859,?setAcceptDecimalPoint@EditBox@gui@@QEAAX_N@Z,public: void __cdecl gui::EditBox::setAcceptDecimalPoint(bool),method,gui,EditBox,setAcceptDecimalPoint,bool,False,False,False,False,False,False,True
2139,2138,0x85A,?setAcceptDecimalPoint@SpinBox@gui@@QEAAX_N@Z,public: void __cdecl gui::SpinBox::setAcceptDecimalPoint(bool),method,gui,SpinBox,setAcceptDecimalPoint,bool,False,False,False,False,False,False,True
2140,2139,0x85B,?setActive@MenuBarItem@gui@@QEAAX_N@Z,public: void __cdecl gui::MenuBarItem::setActive(bool),method,gui,MenuBarItem,setActive,bool,False,False,False,False,False,False,True
2141,2140,0x85C,?setActive@MenuItemBase@gui@@UEAAXXZ,public: virtual void __cdecl gui::MenuItemBase::setActive(void),method,gui,MenuItemBase,setActive,void,False,False,True,False,False,False,True
2142,2141,0x85D,?setActive@MenuSubItem@gui@@UEAAXXZ,public: virtual void __cdecl gui::MenuSubItem::setActive(void),method,gui,MenuSubItem,setActive,void,False,False,True,False,False,False,True
2143,2142,0x85E,?setActive@PopupWindow@gui@@QEAAX_N@Z,public: void __cdecl gui::PopupWindow::setActive(bool),method,gui,PopupWindow,setActive,bool,False,False,False,False,False,False,True
2144,2143,0x85F,?setActiveItem_@MenuBar@gui@@IEAAXPEAVMenuBarItem@2@@Z,protected: void __cdecl gui::MenuBar::setActiveItem_(class gui::MenuBarItem *),method,gui,MenuBar,setActiveItem_,class gui::MenuBarItem *,False,False,False,False,False,False,True
2145,2144,0x860,?setAlign@Image@gui@@UEAAXAEBVAlign2@2@@Z,public: virtual void __cdecl gui::Image::setAlign(class gui::Align2 const &),method,gui,Image,setAlign,class gui::Align2 const &,False,False,True,False,False,False,True
2146,2145,0x861,?setAlign@Text@gui@@QEAAXAEBVAlign2@2@@Z,public: void __cdecl gui::Text::setAlign(class gui::Align2 const &),method,gui,Text,setAlign,class gui::Align2 const &,False,False,False,False,False,False,True
2147,2146,0x862,?setAllowLineNumbers@EditBox@gui@@QEAAX_N@Z,public: void __cdecl gui::EditBox::setAllowLineNumbers(bool),method,gui,EditBox,setAllowLineNumbers,bool,False,False,False,False,False,False,True
2148,2147,0x863,?setAnchorInfo@AnchorLayout@gui@@UEAAXAEBVAnchorInfo@12@H@Z,"public: virtual void __cdecl gui::AnchorLayout::setAnchorInfo(class gui::AnchorLayout::AnchorInfo const &, int)",method,gui,AnchorLayout,setAnchorInfo,"class gui::AnchorLayout::AnchorInfo const &, int",False,False,True,False,False,False,True
2149,2148,0x864,?setAngle@DialArrow@gui@@QEAAXN@Z,public: void __cdecl gui::DialArrow::setAngle(double),method,gui,DialArrow,setAngle,double,False,False,False,False,False,False,True
2150,2149,0x865,?setAngle@PieMenuItem@gui@@QEAAXNN@Z,"public: void __cdecl gui::PieMenuItem::setAngle(double, double)",method,gui,PieMenuItem,setAngle,"double, double",False,False,False,False,False,False,True
2151,2150,0x866,?setAngle@Static@gui@@UEAAXN@Z,public: virtual void __cdecl gui::Static::setAngle(double),method,gui,Static,setAngle,double,False,False,True,False,False,False,True
2152,2151,0x867,?setAngle@TextureView@gui@@UEAAXN@Z,public: virtual void __cdecl gui::TextureView::setAngle(double),method,gui,TextureView,setAngle,double,False,False,True,False,False,False,True
2153,2152,0x868,?setAsWidget@WindowBase@gui@@UEAAX_N@Z,public: virtual void __cdecl gui::WindowBase::setAsWidget(bool),method,gui,WindowBase,setAsWidget,bool,False,False,True,False,False,False,True
2154,2153,0x869,?setBkg@Data@skin@gui@@QEAAXPEBUInfo@Bkg@3@W4InteractiveState@23@H@Z,"public: void __cdecl gui::skin::Data::setBkg(struct gui::Bkg::Info const *, enum gui::skin::InteractiveState, int)",method,gui::skin,Data,setBkg,"struct gui::Bkg::Info const *, enum gui::skin::InteractiveState, int",False,False,False,False,False,False,True
2155,2154,0x86A,?setBkgColor@Text@gui@@QEAAXAEBVVec4f@osg@@@Z,public: void __cdecl gui::Text::setBkgColor(class osg::Vec4f const &),method,gui,Text,setBkgColor,class osg::Vec4f const &,False,False,False,False,False,False,True
2156,2155,0x86B,?setBkgPicture@GUI@gui@@QEAAXAEBV?$basic_string@D@ed@@_N@Z,"public: void __cdecl gui::GUI::setBkgPicture(class ed::basic_string<char> const &, bool)",method,gui,GUI,setBkgPicture,"class ed::basic_string<char> const &, bool",False,False,False,False,False,False,True
2157,2156,0x86C,?setBlurColor@Text@gui@@QEAAXAEBVVec4f@osg@@@Z,public: void __cdecl gui::Text::setBlurColor(class osg::Vec4f const &),method,gui,Text,setBlurColor,class osg::Vec4f const &,False,False,False,False,False,False,True
2158,2157,0x86D,?setBounds@FocusRect@gui@@QEAAXAEBV?$RectImpl@VVec2i@osg@@@osg@@@Z,public: void __cdecl gui::FocusRect::setBounds(class osg::RectImpl<class osg::Vec2i> const &),method,gui,FocusRect,setBounds,class osg::RectImpl<class osg::Vec2i> const &,False,False,False,False,False,False,True
2159,2158,0x86E,?setBuddyWidget@BuddyWindow@gui@@QEAAXPEAVWidget@2@@Z,public: void __cdecl gui::BuddyWindow::setBuddyWidget(class gui::Widget *),method,gui,BuddyWindow,setBuddyWidget,class gui::Widget *,False,False,False,False,False,False,True
2160,2159,0x86F,?setButtonsVisible@SpinBox@gui@@QEAAX_N@Z,public: void __cdecl gui::SpinBox::setButtonsVisible(bool),method,gui,SpinBox,setButtonsVisible,bool,False,False,False,False,False,False,True
2161,2160,0x870,?setCached@GraphicCommandDrawGeometry@gui@@QEAAPEAV12@IW4PrimitiveType@uiBaseGeometry@@HV?$Ptr@VuiBaseTexture@@VuiTextureCleaner@@@ed@@@Z,"public: class gui::GraphicCommandDrawGeometry * __cdecl gui::GraphicCommandDrawGeometry::setCached(unsigned int, enum uiBaseGeometry::PrimitiveType, int, class ed::Ptr<class uiBaseTexture, class uiTextureCleaner>)",method,gui,GraphicCommandDrawGeometry,setCached,"unsigned int, enum uiBaseGeometry::PrimitiveType, int, class ed::Ptr<class uiBaseTexture, class uiTextureCleaner>",False,False,False,False,False,False,True
2162,2161,0x871,?setCaptionsAlign@FormLayout@gui@@QEAAXAEBVAlign@2@0@Z,"public: void __cdecl gui::FormLayout::setCaptionsAlign(class gui::Align const &, class gui::Align const &)",method,gui,FormLayout,setCaptionsAlign,"class gui::Align const &, class gui::Align const &",False,False,False,False,False,False,True
2163,2162,0x872,?setCell@Grid@gui@@QEAAXHHPEAVWidget@2@_N@Z,"public: void __cdecl gui::Grid::setCell(int, int, class gui::Widget *, bool)",method,gui,Grid,setCell,"int, int, class gui::Widget *, bool",False,False,False,False,False,False,True
2164,2163,0x873,?setCellColors@Bkg@gui@@QEAAXAEBV?$vector@VVec4f@osg@@V?$allocator@VVec4f@osg@@@ed@@@ed@@@Z,"public: void __cdecl gui::Bkg::setCellColors(class ed::vector<class osg::Vec4f, class ed::allocator<class osg::Vec4f>> const &)",method,gui,Bkg,setCellColors,"class ed::vector<class osg::Vec4f, class ed::allocator<class osg::Vec4f>> const &",False,False,False,False,False,False,True
2165,2164,0x874,?setCheckRange@SpinBox@gui@@UEAAX_N@Z,public: virtual void __cdecl gui::SpinBox::setCheckRange(bool),method,gui,SpinBox,setCheckRange,bool,False,False,True,False,False,False,True
2166,2165,0x875,?setCheckVisible@CheckListBoxLine@gui@@QEAAX_N@Z,public: void __cdecl gui::CheckListBoxLine::setCheckVisible(bool),method,gui,CheckListBoxLine,setCheckVisible,bool,False,False,False,False,False,False,True
2167,2166,0x876,?setChecked@CheckListBoxLine@gui@@QEAAX_N@Z,public: void __cdecl gui::CheckListBoxLine::setChecked(bool),method,gui,CheckListBoxLine,setChecked,bool,False,False,False,False,False,False,True
2168,2167,0x877,?setClipResizeCursor@WindowBase@gui@@UEAAX_N@Z,public: virtual void __cdecl gui::WindowBase::setClipResizeCursor(bool),method,gui,WindowBase,setClipResizeCursor,bool,False,False,True,False,False,False,True
2169,2168,0x878,?setColor@FocusRect@gui@@QEAAXAEBVVec4f@osg@@@Z,public: void __cdecl gui::FocusRect::setColor(class osg::Vec4f const &),method,gui,FocusRect,setColor,class osg::Vec4f const &,False,False,False,False,False,False,True
2170,2169,0x879,?setColor@Image@gui@@QEAAXAEBVVec4f@osg@@@Z,public: void __cdecl gui::Image::setColor(class osg::Vec4f const &),method,gui,Image,setColor,class osg::Vec4f const &,False,False,False,False,False,False,True
2171,2170,0x87A,?setColor@Text@gui@@QEAAXAEBVVec4f@osg@@@Z,public: void __cdecl gui::Text::setColor(class osg::Vec4f const &),method,gui,Text,setColor,class osg::Vec4f const &,False,False,False,False,False,False,True
2172,2171,0x87B,?setColor@luautil@@YAXPEAUlua_State@@AEBVVec4f@osg@@@Z,"void __cdecl luautil::setColor(struct lua_State *, class osg::Vec4f const &)",method,,luautil,setColor,"struct lua_State *, class osg::Vec4f const &",False,False,False,False,False,False,True
2173,2172,0x87C,?setColumn@GridHeader@gui@@QEAAXHPEAVGridHeaderCell@2@@Z,"public: void __cdecl gui::GridHeader::setColumn(int, class gui::GridHeaderCell *)",method,gui,GridHeader,setColumn,"int, class gui::GridHeaderCell *",False,False,False,False,False,False,True
2174,2173,0x87D,?setColumnHeader@Grid@gui@@QEAAXHPEAVGridHeaderCell@2@@Z,"public: void __cdecl gui::Grid::setColumnHeader(int, class gui::GridHeaderCell *)",method,gui,Grid,setColumnHeader,"int, class gui::GridHeaderCell *",False,False,False,False,False,False,True
2175,2174,0x87E,?setColumnWidth@Grid@gui@@QEAAXHH@Z,"public: void __cdecl gui::Grid::setColumnWidth(int, int)",method,gui,Grid,setColumnWidth,"int, int",False,False,False,False,False,False,True
2176,2175,0x87F,?setContainer@AnchorLayout@gui@@UEAAXPEAVWidgetHandler@2@@Z,public: virtual void __cdecl gui::AnchorLayout::setContainer(class gui::WidgetHandler *),method,gui,AnchorLayout,setContainer,class gui::WidgetHandler *,False,False,True,False,False,False,True
2177,2176,0x880,?setContainer@Layout@gui@@UEAAXPEAVWidgetHandler@2@@Z,public: virtual void __cdecl gui::Layout::setContainer(class gui::WidgetHandler *),method,gui,Layout,setContainer,class gui::WidgetHandler *,False,False,True,False,False,False,True
2178,2177,0x881,?setCurrSubMenu@PieMenu@gui@@QEAAXPEAVWidgetHandler@2@@Z,public: void __cdecl gui::PieMenu::setCurrSubMenu(class gui::WidgetHandler *),method,gui,PieMenu,setCurrSubMenu,class gui::WidgetHandler *,False,False,False,False,False,False,True
2179,2178,0x882,?setCurrTime@ShaderEffect@skin@gui@@UEAAXM@Z,public: virtual void __cdecl gui::skin::ShaderEffect::setCurrTime(float),method,gui::skin,ShaderEffect,setCurrTime,float,False,False,True,False,False,False,True
2180,2179,0x883,?setCurrTime@ShaderEffectAlpha@skin@gui@@UEAAXM@Z,public: virtual void __cdecl gui::skin::ShaderEffectAlpha::setCurrTime(float),method,gui::skin,ShaderEffectAlpha,setCurrTime,float,False,False,True,False,False,False,True
2181,2180,0x884,?setCurrTime@ShaderEffectAppearQuads@skin@gui@@UEAAXM@Z,public: virtual void __cdecl gui::skin::ShaderEffectAppearQuads::setCurrTime(float),method,gui::skin,ShaderEffectAppearQuads,setCurrTime,float,False,False,True,False,False,False,True
2182,2181,0x885,?setCurrTime@ShaderEffectFlickerQuads@skin@gui@@UEAAXM@Z,public: virtual void __cdecl gui::skin::ShaderEffectFlickerQuads::setCurrTime(float),method,gui::skin,ShaderEffectFlickerQuads,setCurrTime,float,False,False,True,False,False,False,True
2183,2182,0x886,?setCurrTime@ShaderEffectShowMsg@skin@gui@@UEAAXM@Z,public: virtual void __cdecl gui::skin::ShaderEffectShowMsg::setCurrTime(float),method,gui::skin,ShaderEffectShowMsg,setCurrTime,float,False,False,True,False,False,False,True
2184,2183,0x887,?setCyclic@Dial@gui@@UEAAX_N@Z,public: virtual void __cdecl gui::Dial::setCyclic(bool),method,gui,Dial,setCyclic,bool,False,False,True,False,False,False,True
2185,2184,0x888,?setData@EditBoxLine@gui@@UEAAXPEBVEditBoxItem@2@@Z,public: virtual void __cdecl gui::EditBoxLine::setData(class gui::EditBoxItem const *),method,gui,EditBoxLine,setData,class gui::EditBoxItem const *,False,False,True,False,False,False,True
2186,2185,0x889,?setDeactivateByClickValue@MenuBar@gui@@QEAAX_N@Z,public: void __cdecl gui::MenuBar::setDeactivateByClickValue(bool),method,gui,MenuBar,setDeactivateByClickValue,bool,False,False,False,False,False,False,True
2187,2186,0x88A,?setDeactiveItem_@MenuBar@gui@@IEAAXPEAVMenuBarItem@2@@Z,protected: void __cdecl gui::MenuBar::setDeactiveItem_(class gui::MenuBarItem *),method,gui,MenuBar,setDeactiveItem_,class gui::MenuBarItem *,False,False,False,False,False,False,True
2188,2187,0x88B,?setDebugDraw@GUI@gui@@QEAAX_N@Z,public: void __cdecl gui::GUI::setDebugDraw(bool),method,gui,GUI,setDebugDraw,bool,False,False,False,False,False,False,True
2189,2188,0x88C,?setDefaultTooltipSkin@WindowsManager@gui@@QEAAXPEBVTooltipSkin@skin@2@@Z,public: void __cdecl gui::WindowsManager::setDefaultTooltipSkin(class gui::skin::TooltipSkin const *),method,gui,WindowsManager,setDefaultTooltipSkin,class gui::skin::TooltipSkin const *,False,False,False,False,False,False,True
2190,2189,0x88D,?setDirty@Bkg@gui@@QEAAX_N@Z,public: void __cdecl gui::Bkg::setDirty(bool),method,gui,Bkg,setDirty,bool,False,False,False,False,False,False,True
2191,2190,0x88E,?setDirty@Container@gui@@UEAAXW4DirtyFlag@Widget@2@@Z,public: virtual void __cdecl gui::Container::setDirty(enum gui::Widget::DirtyFlag),method,gui,Container,setDirty,enum gui::Widget::DirtyFlag,False,False,True,False,False,False,True
2192,2191,0x88F,?setDirty@GridHeaderCell@gui@@UEAAXW4DirtyFlag@Widget@2@@Z,public: virtual void __cdecl gui::GridHeaderCell::setDirty(enum gui::Widget::DirtyFlag),method,gui,GridHeaderCell,setDirty,enum gui::Widget::DirtyFlag,False,False,True,False,False,False,True
2193,2192,0x890,?setDirty@Image@gui@@QEAAX_N@Z,public: void __cdecl gui::Image::setDirty(bool),method,gui,Image,setDirty,bool,False,False,False,False,False,False,True
2194,2193,0x891,?setDirty@PieMenu@gui@@UEAAXW4DirtyFlag@Widget@2@@Z,public: virtual void __cdecl gui::PieMenu::setDirty(enum gui::Widget::DirtyFlag),method,gui,PieMenu,setDirty,enum gui::Widget::DirtyFlag,False,False,True,False,False,False,True
2195,2194,0x892,?setDirty@PieMenuItem@gui@@UEAAXW4DirtyFlag@Widget@2@@Z,public: virtual void __cdecl gui::PieMenuItem::setDirty(enum gui::Widget::DirtyFlag),method,gui,PieMenuItem,setDirty,enum gui::Widget::DirtyFlag,False,False,True,False,False,False,True
2196,2195,0x893,?setDirty@Text@gui@@QEAAX_N@Z,public: void __cdecl gui::Text::setDirty(bool),method,gui,Text,setDirty,bool,False,False,False,False,False,False,True
2197,2196,0x894,?setDirty@Widget@gui@@UEAAXW4DirtyFlag@12@@Z,public: virtual void __cdecl gui::Widget::setDirty(enum gui::Widget::DirtyFlag),method,gui,Widget,setDirty,enum gui::Widget::DirtyFlag,False,False,True,False,False,False,True
2198,2197,0x895,?setDirtySize@Widget@gui@@UEAAX_N@Z,public: virtual void __cdecl gui::Widget::setDirtySize(bool),method,gui,Widget,setDirtySize,bool,False,False,True,False,False,False,True
2199,2198,0x896,?setDoRedrawCallback@Widget@gui@@UEAAXV?$function@$$A6AXXZ@std@@@Z,public: virtual void __cdecl gui::Widget::setDoRedrawCallback(class std::function<void __cdecl(void)>),method,gui,Widget,setDoRedrawCallback,class std::function<void __cdecl(void)>,False,False,True,False,False,False,True
2200,2199,0x897,?setDoubleClickTime@GUI@gui@@QEAAXN@Z,public: void __cdecl gui::GUI::setDoubleClickTime(double),method,gui,GUI,setDoubleClickTime,double,False,False,False,False,False,False,True
2201,2200,0x898,?setDraggable@GridHeaderCell@gui@@UEAAX_N@Z,public: virtual void __cdecl gui::GridHeaderCell::setDraggable(bool),method,gui,GridHeaderCell,setDraggable,bool,False,False,True,False,False,False,True
2202,2201,0x899,?setDraggable@WindowBase@gui@@UEAAX_N@Z,public: virtual void __cdecl gui::WindowBase::setDraggable(bool),method,gui,WindowBase,setDraggable,bool,False,False,True,False,False,False,True
2203,2202,0x89A,?setDrawParams_@ShaderEffect@skin@gui@@MEBAXXZ,protected: virtual void __cdecl gui::skin::ShaderEffect::setDrawParams_(void) const,method,gui::skin,ShaderEffect,setDrawParams_,void,True,False,True,False,False,False,True
2204,2203,0x89B,?setDrawParams_@ShaderEffectAlpha@skin@gui@@MEBAXXZ,protected: virtual void __cdecl gui::skin::ShaderEffectAlpha::setDrawParams_(void) const,method,gui::skin,ShaderEffectAlpha,setDrawParams_,void,True,False,True,False,False,False,True
2205,2204,0x89C,?setDrawParams_@ShaderEffectAppearQuads@skin@gui@@MEBAXXZ,protected: virtual void __cdecl gui::skin::ShaderEffectAppearQuads::setDrawParams_(void) const,method,gui::skin,ShaderEffectAppearQuads,setDrawParams_,void,True,False,True,False,False,False,True
2206,2205,0x89D,?setDrawParams_@ShaderEffectFlickerQuads@skin@gui@@MEBAXXZ,protected: virtual void __cdecl gui::skin::ShaderEffectFlickerQuads::setDrawParams_(void) const,method,gui::skin,ShaderEffectFlickerQuads,setDrawParams_,void,True,False,True,False,False,False,True
2207,2206,0x89E,?setDrawParams_@ShaderEffectShowMsg@skin@gui@@MEBAXXZ,protected: virtual void __cdecl gui::skin::ShaderEffectShowMsg::setDrawParams_(void) const,method,gui::skin,ShaderEffectShowMsg,setDrawParams_,void,True,False,True,False,False,False,True
2208,2207,0x89F,?setDrawToTarget@Widget@gui@@UEAAX_N@Z,public: virtual void __cdecl gui::Widget::setDrawToTarget(bool),method,gui,Widget,setDrawToTarget,bool,False,False,True,False,False,False,True
2209,2208,0x8A0,?setDrawToTargetVR@GUI@gui@@QEAAX_N@Z,public: void __cdecl gui::GUI::setDrawToTargetVR(bool),method,gui,GUI,setDrawToTargetVR,bool,False,False,False,False,False,False,True
2210,2209,0x8A1,?setEditBoxLine@EditBoxItem@gui@@QEBAXPEAVEditBoxLine@2@@Z,public: void __cdecl gui::EditBoxItem::setEditBoxLine(class gui::EditBoxLine *) const,method,gui,EditBoxItem,setEditBoxLine,class gui::EditBoxLine *,True,False,False,False,False,False,True
2211,2210,0x8A2,?setEnableSearchLine@ComboBox@gui@@QEAAX_N@Z,public: void __cdecl gui::ComboBox::setEnableSearchLine(bool),method,gui,ComboBox,setEnableSearchLine,bool,False,False,False,False,False,False,True
2212,2211,0x8A3,?setEnabled@Widget@gui@@UEAAX_N@Z,public: virtual void __cdecl gui::Widget::setEnabled(bool),method,gui,Widget,setEnabled,bool,False,False,True,False,False,False,True
2213,2212,0x8A4,?setFieldsAlign@FormLayout@gui@@QEAAXAEBVAlign@2@0@Z,"public: void __cdecl gui::FormLayout::setFieldsAlign(class gui::Align const &, class gui::Align const &)",method,gui,FormLayout,setFieldsAlign,"class gui::Align const &, class gui::Align const &",False,False,False,False,False,False,True
2214,2213,0x8A5,?setFixedColumnCount@Grid@gui@@QEAAXH@Z,public: void __cdecl gui::Grid::setFixedColumnCount(int),method,gui,Grid,setFixedColumnCount,int,False,False,False,False,False,False,True
2215,2214,0x8A6,?setFocused@PopupWindow@gui@@UEAAX_N@Z,public: virtual void __cdecl gui::PopupWindow::setFocused(bool),method,gui,PopupWindow,setFocused,bool,False,False,True,False,False,False,True
2216,2215,0x8A7,?setFocused@Widget@gui@@UEAAX_N@Z,public: virtual void __cdecl gui::Widget::setFocused(bool),method,gui,Widget,setFocused,bool,False,False,True,False,False,False,True
2217,2216,0x8A8,?setFocusedWidget_@Container@gui@@MEAAXPEAVWidgetHandler@2@@Z,protected: virtual void __cdecl gui::Container::setFocusedWidget_(class gui::WidgetHandler *),method,gui,Container,setFocusedWidget_,class gui::WidgetHandler *,False,False,True,False,False,False,True
2218,2217,0x8A9,?setFocusedWidget_@Widget@gui@@MEAAXPEAVWidgetHandler@2@@Z,protected: virtual void __cdecl gui::Widget::setFocusedWidget_(class gui::WidgetHandler *),method,gui,Widget,setFocusedWidget_,class gui::WidgetHandler *,False,False,True,False,False,False,True
2219,2218,0x8AA,?setFont@Text@gui@@QEAAXAEBV?$basic_string@D@ed@@HW4Blur@uiBaseFont@@@Z,"public: void __cdecl gui::Text::setFont(class ed::basic_string<char> const &, int, enum uiBaseFont::Blur)",method,gui,Text,setFont,"class ed::basic_string<char> const &, int, enum uiBaseFont::Blur",False,False,False,False,False,False,True
2220,2219,0x8AB,?setFonts@ColorTextStatic@gui@@QEAAXAEBV?$unordered_map@V?$basic_string@_W@ed@@V12@U?$hash@V?$basic_string@_W@ed@@@std@@U?$equal_to@V?$basic_string@_W@ed@@@4@V?$allocator@U?$pair@$$CBV?$basic_string@_W@ed@@V12@@std@@@2@@std@@@Z,"public: void __cdecl gui::ColorTextStatic::setFonts(class std::unordered_map<class ed::basic_string<wchar_t>, class ed::basic_string<wchar_t>, struct std::hash<class ed::basic_string<wchar_t>>, struct std::equal_to<class ed::basic_string<wchar_t>>, class ed::allocator<struct std::pair<class ed::basic_string<wchar_t> const, class ed::basic_string<wchar_t>>>> const &)",method,gui,ColorTextStatic,setFonts,"class std::unordered_map<class ed::basic_string<wchar_t>, class ed::basic_string<wchar_t>, struct std::hash<class ed::basic_string<wchar_t>>, struct std::equal_to<class ed::basic_string<wchar_t>>, class ed::allocator<struct std::pair<class ed::basic_string<wchar_t> const, class ed::basic_string<wchar_t>>>> const &",False,False,False,False,False,False,True
2221,2220,0x8AC,?setFormatString@SpinBox@gui@@QEAAXAEBV?$basic_string@_W@ed@@@Z,public: void __cdecl gui::SpinBox::setFormatString(class ed::basic_string<wchar_t> const &),method,gui,SpinBox,setFormatString,class ed::basic_string<wchar_t> const &,False,False,False,False,False,False,True
2222,2221,0x8AD,?setFramerate@Application@gui@@UEAAXH@Z,public: virtual void __cdecl gui::Application::setFramerate(int),method,gui,Application,setFramerate,int,False,False,True,False,False,False,True
2223,2222,0x8AE,?setGap@HorzLayout@gui@@QEAAXH@Z,public: void __cdecl gui::HorzLayout::setGap(int),method,gui,HorzLayout,setGap,int,False,False,False,False,False,False,True
2224,2223,0x8AF,?setGap@VertLayout@gui@@QEAAXH@Z,public: void __cdecl gui::VertLayout::setGap(int),method,gui,VertLayout,setGap,int,False,False,False,False,False,False,True
2225,2224,0x8B0,?setGrid@GridHeaderCell@gui@@QEAAXPEAVGrid@2@@Z,public: void __cdecl gui::GridHeaderCell::setGrid(class gui::Grid *),method,gui,GridHeaderCell,setGrid,class gui::Grid *,False,False,False,False,False,False,True
2226,2225,0x8B1,?setGroupNumber@MenuRadioItem@gui@@UEAAXH@Z,public: virtual void __cdecl gui::MenuRadioItem::setGroupNumber(int),method,gui,MenuRadioItem,setGroupNumber,int,False,False,True,False,False,False,True
2227,2226,0x8B2,?setHasButtons_@ScrollBar@gui@@IEAAX_N@Z,protected: void __cdecl gui::ScrollBar::setHasButtons_(bool),method,gui,ScrollBar,setHasButtons_,bool,False,False,False,False,False,False,True
2228,2227,0x8B3,?setHasCloseButton@WindowHeader@gui@@QEAAX_N@Z,public: void __cdecl gui::WindowHeader::setHasCloseButton(bool),method,gui,WindowHeader,setHasCloseButton,bool,False,False,False,False,False,False,True
2229,2228,0x8B4,?setHasCursor@WindowBase@gui@@UEAAX_N@Z,public: virtual void __cdecl gui::WindowBase::setHasCursor(bool),method,gui,WindowBase,setHasCursor,bool,False,False,True,False,False,False,True
2230,2229,0x8B5,?setHeaderCellSkin_@Grid@gui@@IEAAXAEAPEAVGridHeaderCell@2@@Z,protected: void __cdecl gui::Grid::setHeaderCellSkin_(class gui::GridHeaderCell *&),method,gui,Grid,setHeaderCellSkin_,class gui::GridHeaderCell *&,False,False,False,False,False,False,True
2231,2230,0x8B6,?setHighlighted@MenuItemBase@gui@@QEAAX_N@Z,public: void __cdecl gui::MenuItemBase::setHighlighted(bool),method,gui,MenuItemBase,setHighlighted,bool,False,False,False,False,False,False,True
2232,2231,0x8B7,?setHintText@ComboBox@gui@@QEAAXAEBV?$basic_string@_W@ed@@@Z,public: void __cdecl gui::ComboBox::setHintText(class ed::basic_string<wchar_t> const &),method,gui,ComboBox,setHintText,class ed::basic_string<wchar_t> const &,False,False,False,False,False,False,True
2233,2232,0x8B8,?setHintText@EditBox@gui@@QEAAXAEBV?$basic_string@_W@ed@@@Z,public: void __cdecl gui::EditBox::setHintText(class ed::basic_string<wchar_t> const &),method,gui,EditBox,setHintText,class ed::basic_string<wchar_t> const &,False,False,False,False,False,False,True
2234,2233,0x8B9,?setHorzAlign@Align2@gui@@QEAAXAEBVAlign@2@@Z,public: void __cdecl gui::Align2::setHorzAlign(class gui::Align const &),method,gui,Align2,setHorzAlign,class gui::Align const &,False,False,False,False,False,False,True
2235,2234,0x8BA,?setHorzAlign@HorzLayout@gui@@QEAAXAEBVAlign@2@@Z,public: void __cdecl gui::HorzLayout::setHorzAlign(class gui::Align const &),method,gui,HorzLayout,setHorzAlign,class gui::Align const &,False,False,False,False,False,False,True
2236,2235,0x8BB,?setHorzAlign@VertLayout@gui@@QEAAXAEBVAlign@2@@Z,public: void __cdecl gui::VertLayout::setHorzAlign(class gui::Align const &),method,gui,VertLayout,setHorzAlign,class gui::Align const &,False,False,False,False,False,False,True
2237,2236,0x8BC,?setHorzGap@BorderLayout@gui@@QEAAXH@Z,public: void __cdecl gui::BorderLayout::setHorzGap(int),method,gui,BorderLayout,setHorzGap,int,False,False,False,False,False,False,True
2238,2237,0x8BD,?setHorzGap@FormLayout@gui@@QEAAXH@Z,public: void __cdecl gui::FormLayout::setHorzGap(int),method,gui,FormLayout,setHorzGap,int,False,False,False,False,False,False,True
2239,2238,0x8BE,?setHorzMouseWheel@ScrollPane@gui@@QEAAX_N@Z,public: void __cdecl gui::ScrollPane::setHorzMouseWheel(bool),method,gui,ScrollPane,setHorzMouseWheel,bool,False,False,False,False,False,False,True
2240,2239,0x8BF,?setHorzScrollBarPageStep@Grid@gui@@QEAAXN@Z,public: void __cdecl gui::Grid::setHorzScrollBarPageStep(double),method,gui,Grid,setHorzScrollBarPageStep,double,False,False,False,False,False,False,True
2241,2240,0x8C0,?setHorzScrollBarPageStep@ScrollPane@gui@@QEAAXN@Z,public: void __cdecl gui::ScrollPane::setHorzScrollBarPageStep(double),method,gui,ScrollPane,setHorzScrollBarPageStep,double,False,False,False,False,False,False,True
2242,2241,0x8C1,?setHorzScrollBarStep@Grid@gui@@QEAAXN@Z,public: void __cdecl gui::Grid::setHorzScrollBarStep(double),method,gui,Grid,setHorzScrollBarStep,double,False,False,False,False,False,False,True
2243,2242,0x8C2,?setHorzScrollBarStep@ScrollPane@gui@@QEAAXN@Z,public: void __cdecl gui::ScrollPane::setHorzScrollBarStep(double),method,gui,ScrollPane,setHorzScrollBarStep,double,False,False,False,False,False,False,True
2244,2243,0x8C3,?setHorzScrollBarValue_@EditBox@gui@@IEAAXH@Z,protected: void __cdecl gui::EditBox::setHorzScrollBarValue_(int),method,gui,EditBox,setHorzScrollBarValue_,int,False,False,False,False,False,False,True
2245,2244,0x8C4,?setHorzScrollPosition@Grid@gui@@QEAAXH@Z,public: void __cdecl gui::Grid::setHorzScrollPosition(int),method,gui,Grid,setHorzScrollPosition,int,False,False,False,False,False,False,True
2246,2245,0x8C5,?setHorzScrollValue@ScrollPane@gui@@QEAAXN@Z,public: void __cdecl gui::ScrollPane::setHorzScrollValue(double),method,gui,ScrollPane,setHorzScrollValue,double,False,False,False,False,False,False,True
2247,2246,0x8C6,?setIdentity@GraphicCommandModelViewMatrixGuard@gui@@QEAAXXZ,public: void __cdecl gui::GraphicCommandModelViewMatrixGuard::setIdentity(void),method,gui,GraphicCommandModelViewMatrixGuard,setIdentity,void,False,False,False,False,False,False,True
2248,2247,0x8C7,?setImage@Data@skin@gui@@QEAAXPEBUInfo@Image@3@W4InteractiveState@23@H@Z,"public: void __cdecl gui::skin::Data::setImage(struct gui::Image::Info const *, enum gui::skin::InteractiveState, int)",method,gui::skin,Data,setImage,"struct gui::Image::Info const *, enum gui::skin::InteractiveState, int",False,False,False,False,False,False,True
2249,2248,0x8C8,?setImageColor@AnimatedColorStatic@gui@@QEAAXAEBVVec4f@osg@@@Z,public: void __cdecl gui::AnimatedColorStatic::setImageColor(class osg::Vec4f const &),method,gui,AnimatedColorStatic,setImageColor,class osg::Vec4f const &,False,False,False,False,False,False,True
2250,2249,0x8C9,?setImageInfo@TextureView@gui@@QEAAXAEBUInfo@Image@2@@Z,public: void __cdecl gui::TextureView::setImageInfo(struct gui::Image::Info const &),method,gui,TextureView,setImageInfo,struct gui::Image::Info const &,False,False,False,False,False,False,True
2251,2250,0x8CA,?setInitialAngle@PieMenu@gui@@QEAAXN@Z,public: void __cdecl gui::PieMenu::setInitialAngle(double),method,gui,PieMenu,setInitialAngle,double,False,False,False,False,False,False,True
2252,2251,0x8CB,?setInsets@Bkg@gui@@QEAAXAEBVInsets@2@@Z,public: void __cdecl gui::Bkg::setInsets(class gui::Insets const &),method,gui,Bkg,setInsets,class gui::Insets const &,False,False,False,False,False,False,True
2253,2252,0x8CC,?setInsets@FocusRect@gui@@QEAAXAEBVInsets@2@@Z,public: void __cdecl gui::FocusRect::setInsets(class gui::Insets const &),method,gui,FocusRect,setInsets,class gui::Insets const &,False,False,False,False,False,False,True
2254,2253,0x8CD,?setInsets@Image@gui@@QEAAXAEBVInsets@2@@Z,public: void __cdecl gui::Image::setInsets(class gui::Insets const &),method,gui,Image,setInsets,class gui::Insets const &,False,False,False,False,False,False,True
2255,2254,0x8CE,?setInsets@Text@gui@@QEAAXAEBVInsets@2@@Z,public: void __cdecl gui::Text::setInsets(class gui::Insets const &),method,gui,Text,setInsets,class gui::Insets const &,False,False,False,False,False,False,True
2256,2255,0x8CF,?setItem@ComboListView@gui@@QEAAXPEBVListBoxLine@2@@Z,public: void __cdecl gui::ComboListView::setItem(class gui::ListBoxLine const *),method,gui,ComboListView,setItem,class gui::ListBoxLine const *,False,False,False,False,False,False,True
2257,2256,0x8D0,?setItemSelected_@ListBoxBase@gui@@MEAAXPEAVListBoxLineBase@2@_N@Z,"protected: virtual void __cdecl gui::ListBoxBase::setItemSelected_(class gui::ListBoxLineBase *, bool)",method,gui,ListBoxBase,setItemSelected_,"class gui::ListBoxLineBase *, bool",False,False,True,False,False,False,True
2258,2257,0x8D1,?setItemSkin_@ListBoxBase@gui@@MEAAXPEAVListBoxLineBase@2@@Z,protected: virtual void __cdecl gui::ListBoxBase::setItemSkin_(class gui::ListBoxLineBase *),method,gui,ListBoxBase,setItemSkin_,class gui::ListBoxLineBase *,False,False,True,False,False,False,True
2259,2258,0x8D2,?setItemVisible@CheckListBox@gui@@QEAAXPEAVCheckListBoxLine@2@@Z,public: void __cdecl gui::CheckListBox::setItemVisible(class gui::CheckListBoxLine *),method,gui,CheckListBox,setItemVisible,class gui::CheckListBoxLine *,False,False,False,False,False,False,True
2260,2259,0x8D3,?setItemVisible@ListBox@gui@@QEAAXPEAVListBoxLine@2@@Z,public: void __cdecl gui::ListBox::setItemVisible(class gui::ListBoxLine *),method,gui,ListBox,setItemVisible,class gui::ListBoxLine *,False,False,False,False,False,False,True
2261,2260,0x8D4,?setItemVisible_@ListBoxBase@gui@@MEAAXPEAVListBoxLineBase@2@@Z,protected: virtual void __cdecl gui::ListBoxBase::setItemVisible_(class gui::ListBoxLineBase *),method,gui,ListBoxBase,setItemVisible_,class gui::ListBoxLineBase *,False,False,True,False,False,False,True
2262,2261,0x8D5,?setItemsAngle_@PieMenu@gui@@IEAAXXZ,protected: void __cdecl gui::PieMenu::setItemsAngle_(void),method,gui,PieMenu,setItemsAngle_,void,False,False,False,False,False,False,True
2263,2262,0x8D6,?setLayout@Container@gui@@UEAAXPEAVLayoutHandler@2@@Z,public: virtual void __cdecl gui::Container::setLayout(class gui::LayoutHandler *),method,gui,Container,setLayout,class gui::LayoutHandler *,False,False,True,False,False,False,True
2264,2263,0x8D7,?setLayout@ScrollPane@gui@@UEAAXPEAVLayoutHandler@2@@Z,public: virtual void __cdecl gui::ScrollPane::setLayout(class gui::LayoutHandler *),method,gui,ScrollPane,setLayout,class gui::LayoutHandler *,False,False,True,False,False,False,True
2265,2264,0x8D8,?setLayout@WindowBase@gui@@UEAAXPEAVLayoutHandler@2@@Z,public: virtual void __cdecl gui::WindowBase::setLayout(class gui::LayoutHandler *),method,gui,WindowBase,setLayout,class gui::LayoutHandler *,False,False,True,False,False,False,True
2266,2265,0x8D9,?setLineHeight@Text@gui@@QEAAXH@Z,public: void __cdecl gui::Text::setLineHeight(int),method,gui,Text,setLineHeight,int,False,False,False,False,False,False,True
2267,2266,0x8DA,?setLineThroughColor@Text@gui@@QEAAXAEBVVec4f@osg@@@Z,public: void __cdecl gui::Text::setLineThroughColor(class osg::Vec4f const &),method,gui,Text,setLineThroughColor,class osg::Vec4f const &,False,False,False,False,False,False,True
2268,2267,0x8DB,?setLineThroughHeight@Text@gui@@QEAAXH@Z,public: void __cdecl gui::Text::setLineThroughHeight(int),method,gui,Text,setLineThroughHeight,int,False,False,False,False,False,False,True
2269,2268,0x8DC,?setLineThroughOffset@Text@gui@@QEAAXH@Z,public: void __cdecl gui::Text::setLineThroughOffset(int),method,gui,Text,setLineThroughOffset,int,False,False,False,False,False,False,True
2270,2269,0x8DD,?setLinesSelection_@EditBox@gui@@IEAAXAEBUEditBoxSelection@2@@Z,protected: void __cdecl gui::EditBox::setLinesSelection_(struct gui::EditBoxSelection const &),method,gui,EditBox,setLinesSelection_,struct gui::EditBoxSelection const &,False,False,False,False,False,False,True
2271,2270,0x8DE,?setListBox@ListBoxLineBase@gui@@QEAAXPEAVListBoxBase@2@@Z,public: void __cdecl gui::ListBoxLineBase::setListBox(class gui::ListBoxBase *),method,gui,ListBoxLineBase,setListBox,class gui::ListBoxBase *,False,False,False,False,False,False,True
2272,2271,0x8DF,?setListener@Menu@gui@@QEAAXPEAVListener@12@@Z,public: void __cdecl gui::Menu::setListener(class gui::Menu::Listener *),method,gui,Menu,setListener,class gui::Menu::Listener *,False,False,False,False,False,False,True
2273,2272,0x8E0,?setListener@PieMenu@gui@@QEAAXPEAVListener@12@@Z,public: void __cdecl gui::PieMenu::setListener(class gui::PieMenu::Listener *),method,gui,PieMenu,setListener,class gui::PieMenu::Listener *,False,False,False,False,False,False,True
2274,2273,0x8E1,?setLoaded@Data@skin@gui@@UEAAXXZ,public: virtual void __cdecl gui::skin::Data::setLoaded(void),method,gui::skin,Data,setLoaded,void,False,False,True,False,False,False,True
2275,2274,0x8E2,?setLockFlow@ModalWindow@gui@@QEAAX_N@Z,public: void __cdecl gui::ModalWindow::setLockFlow(bool),method,gui,ModalWindow,setLockFlow,bool,False,False,False,False,False,False,True
2276,2275,0x8E3,?setMakeScreenShotCallback@GUI@gui@@QEAAXP6AXPEBD@Z@Z,public: void __cdecl gui::GUI::setMakeScreenShotCallback(void (__cdecl *)(char const *)),method,gui,GUI,setMakeScreenShotCallback,void (__cdecl *)(char const *),False,False,False,False,False,False,True
2277,2276,0x8E4,?setMaxItemCount@ComboWindow@gui@@QEAAXH@Z,public: void __cdecl gui::ComboWindow::setMaxItemCount(int),method,gui,ComboWindow,setMaxItemCount,int,False,False,False,False,False,False,True
2278,2277,0x8E5,?setMenu@MenuBarItem@gui@@QEAAXPEAVMenu@2@@Z,public: void __cdecl gui::MenuBarItem::setMenu(class gui::Menu *),method,gui,MenuBarItem,setMenu,class gui::Menu *,False,False,False,False,False,False,True
2279,2278,0x8E6,?setMenu@MenuItemBase@gui@@QEAAXPEAVMenu@2@@Z,public: void __cdecl gui::MenuItemBase::setMenu(class gui::Menu *),method,gui,MenuItemBase,setMenu,class gui::Menu *,False,False,False,False,False,False,True
2280,2279,0x8E7,?setMenu@PieMenuItem@gui@@QEAAXPEAVPieMenu@2@@Z,public: void __cdecl gui::PieMenuItem::setMenu(class gui::PieMenu *),method,gui,PieMenuItem,setMenu,class gui::PieMenu *,False,False,False,False,False,False,True
2281,2280,0x8E8,?setMenuBarItemSkin_@MenuBar@gui@@IEAAXPEAVMenuBarItem@2@@Z,protected: void __cdecl gui::MenuBar::setMenuBarItemSkin_(class gui::MenuBarItem *),method,gui,MenuBar,setMenuBarItemSkin_,class gui::MenuBarItem *,False,False,False,False,False,False,True
2282,2281,0x8E9,?setMinItemRadius@PieMenu@gui@@QEAAXH@Z,public: void __cdecl gui::PieMenu::setMinItemRadius(int),method,gui,PieMenu,setMinItemRadius,int,False,False,False,False,False,False,True
2283,2282,0x8EA,?setModelTimeFunc@UpdateManager@gui@@QEAAXV?$function@$$A6ANXZ@std@@@Z,public: void __cdecl gui::UpdateManager::setModelTimeFunc(class std::function<double __cdecl(void)>),method,gui,UpdateManager,setModelTimeFunc,class std::function<double __cdecl(void)>,False,False,False,False,False,False,True
2284,2283,0x8EB,?setModelViewMatrix@GraphicCommands@gui@@QEAAXAEBVMatrixf@osg@@@Z,public: void __cdecl gui::GraphicCommands::setModelViewMatrix(class osg::Matrixf const &),method,gui,GraphicCommands,setModelViewMatrix,class osg::Matrixf const &,False,False,False,False,False,False,True
2285,2284,0x8EC,?setMouseColumnResizing@Grid@gui@@QEAAX_N@Z,public: void __cdecl gui::Grid::setMouseColumnResizing(bool),method,gui,Grid,setMouseColumnResizing,bool,False,False,False,False,False,False,True
2286,2285,0x8ED,?setMouseOffset@GUI@gui@@QEAAXAEBVVec2i@osg@@@Z,public: void __cdecl gui::GUI::setMouseOffset(class osg::Vec2i const &),method,gui,GUI,setMouseOffset,class osg::Vec2i const &,False,False,False,False,False,False,True
2287,2286,0x8EE,?setMouseScale@GUI@gui@@QEAAXAEBVVec2f@osg@@@Z,public: void __cdecl gui::GUI::setMouseScale(class osg::Vec2f const &),method,gui,GUI,setMouseScale,class osg::Vec2f const &,False,False,False,False,False,False,True
2288,2287,0x8EF,?setMultiline@EditBox@gui@@QEAAX_N@Z,public: void __cdecl gui::EditBox::setMultiline(bool),method,gui,EditBox,setMultiline,bool,False,False,False,False,False,False,True
2289,2288,0x8F0,?setName@Widget@gui@@UEAAXAEBV?$basic_string@_W@ed@@@Z,public: virtual void __cdecl gui::Widget::setName(class ed::basic_string<wchar_t> const &),method,gui,Widget,setName,class ed::basic_string<wchar_t> const &,False,False,True,False,False,False,True
2290,2289,0x8F1,?setNextWidgetFocused@WindowBase@gui@@UEAAXXZ,public: virtual void __cdecl gui::WindowBase::setNextWidgetFocused(void),method,gui,WindowBase,setNextWidgetFocused,void,False,False,True,False,False,False,True
2291,2290,0x8F2,?setNumeric@EditBox@gui@@QEAAX_N@Z,public: void __cdecl gui::EditBox::setNumeric(bool),method,gui,EditBox,setNumeric,bool,False,False,False,False,False,False,True
2292,2291,0x8F3,?setOffset@Align@gui@@QEAAXH@Z,public: void __cdecl gui::Align::setOffset(int),method,gui,Align,setOffset,int,False,False,False,False,False,False,True
2293,2292,0x8F4,?setOffset@EditBoxCaret@gui@@QEAAXAEBVVec2i@osg@@@Z,public: void __cdecl gui::EditBoxCaret::setOffset(class osg::Vec2i const &),method,gui,EditBoxCaret,setOffset,class osg::Vec2i const &,False,False,False,False,False,False,True
2294,2293,0x8F5,?setOnActivateCallback@Application@gui@@UEAAXV?$function@$$A6AX_N@Z@std@@@Z,public: virtual void __cdecl gui::Application::setOnActivateCallback(class std::function<void __cdecl(bool)>),method,gui,Application,setOnActivateCallback,class std::function<void __cdecl(bool)>,False,False,True,False,False,False,True
2295,2294,0x8F6,?setOnQuitCallback@Application@gui@@UEAAXV?$function@$$A6AXXZ@std@@@Z,public: virtual void __cdecl gui::Application::setOnQuitCallback(class std::function<void __cdecl(void)>),method,gui,Application,setOnQuitCallback,class std::function<void __cdecl(void)>,False,False,True,False,False,False,True
2296,2295,0x8F7,?setOpacity@GraphicCommands@gui@@QEAAXM@Z,public: void __cdecl gui::GraphicCommands::setOpacity(float),method,gui,GraphicCommands,setOpacity,float,False,False,False,False,False,False,True
2297,2296,0x8F8,?setOpacity@Widget@gui@@UEAAXM@Z,public: virtual void __cdecl gui::Widget::setOpacity(float),method,gui,Widget,setOpacity,float,False,False,True,False,False,False,True
2298,2297,0x8F9,?setOwner@Data@skin@gui@@UEAAXPEAVSkin@23@@Z,public: virtual void __cdecl gui::skin::Data::setOwner(class gui::skin::Skin *),method,gui::skin,Data,setOwner,class gui::skin::Skin *,False,False,True,False,False,False,True
2299,2298,0x8FA,?setOwner@ShaderEffect@skin@gui@@UEAAXPEAVWidgetHandler@3@@Z,public: virtual void __cdecl gui::skin::ShaderEffect::setOwner(class gui::WidgetHandler *),method,gui::skin,ShaderEffect,setOwner,class gui::WidgetHandler *,False,False,True,False,False,False,True
2300,2299,0x8FB,?setPageStep@Dial@gui@@UEAAXN@Z,public: virtual void __cdecl gui::Dial::setPageStep(double),method,gui,Dial,setPageStep,double,False,False,True,False,False,False,True
2301,2300,0x8FC,?setPageStep@ScrollBarBase@gui@@UEAAXN@Z,public: virtual void __cdecl gui::ScrollBarBase::setPageStep(double),method,gui,ScrollBarBase,setPageStep,double,False,False,True,False,False,False,True
2302,2301,0x8FD,?setPageStep@Slider@gui@@UEAAXN@Z,public: virtual void __cdecl gui::Slider::setPageStep(double),method,gui,Slider,setPageStep,double,False,False,True,False,False,False,True
2303,2302,0x8FE,?setPageStep@SpinBox@gui@@UEAAXN@Z,public: virtual void __cdecl gui::SpinBox::setPageStep(double),method,gui,SpinBox,setPageStep,double,False,False,True,False,False,False,True
2304,2303,0x8FF,?setParams@ShaderEffect@skin@gui@@UEAAXAEBVShaderEffectParams@23@@Z,public: virtual void __cdecl gui::skin::ShaderEffect::setParams(class gui::skin::ShaderEffectParams const &),method,gui::skin,ShaderEffect,setParams,class gui::skin::ShaderEffectParams const &,False,False,True,False,False,False,True
2305,2304,0x900,?setParams@ShaderEffectAlpha@skin@gui@@UEAAXAEBVShaderEffectParams@23@@Z,public: virtual void __cdecl gui::skin::ShaderEffectAlpha::setParams(class gui::skin::ShaderEffectParams const &),method,gui::skin,ShaderEffectAlpha,setParams,class gui::skin::ShaderEffectParams const &,False,False,True,False,False,False,True
2306,2305,0x901,?setParams@ShaderEffectAppearQuads@skin@gui@@UEAAXAEBVShaderEffectParams@23@@Z,public: virtual void __cdecl gui::skin::ShaderEffectAppearQuads::setParams(class gui::skin::ShaderEffectParams const &),method,gui::skin,ShaderEffectAppearQuads,setParams,class gui::skin::ShaderEffectParams const &,False,False,True,False,False,False,True
2307,2306,0x902,?setParams@ShaderEffectFlickerQuads@skin@gui@@UEAAXAEBVShaderEffectParams@23@@Z,public: virtual void __cdecl gui::skin::ShaderEffectFlickerQuads::setParams(class gui::skin::ShaderEffectParams const &),method,gui::skin,ShaderEffectFlickerQuads,setParams,class gui::skin::ShaderEffectParams const &,False,False,True,False,False,False,True
2308,2307,0x903,?setParams@ShaderEffectShowMsg@skin@gui@@UEAAXAEBVShaderEffectParams@23@@Z,public: virtual void __cdecl gui::skin::ShaderEffectShowMsg::setParams(class gui::skin::ShaderEffectParams const &),method,gui::skin,ShaderEffectShowMsg,setParams,class gui::skin::ShaderEffectParams const &,False,False,True,False,False,False,True
2309,2308,0x904,?setParent@Widget@gui@@UEAAXPEAVWidgetHandler@2@@Z,public: virtual void __cdecl gui::Widget::setParent(class gui::WidgetHandler *),method,gui,Widget,setParent,class gui::WidgetHandler *,False,False,True,False,False,False,True
2310,2309,0x905,?setParentMenu@Menu@gui@@QEAAXPEAV12@@Z,public: void __cdecl gui::Menu::setParentMenu(class gui::Menu *),method,gui,Menu,setParentMenu,class gui::Menu *,False,False,False,False,False,False,True
2311,2310,0x906,?setParentMenu@PieMenu@gui@@QEAAXPEAVWidgetHandler@2@@Z,public: void __cdecl gui::PieMenu::setParentMenu(class gui::WidgetHandler *),method,gui,PieMenu,setParentMenu,class gui::WidgetHandler *,False,False,False,False,False,False,True
2312,2311,0x907,?setPassword@EditBox@gui@@QEAAX_N@Z,public: void __cdecl gui::EditBox::setPassword(bool),method,gui,EditBox,setPassword,bool,False,False,False,False,False,False,True
2313,2312,0x908,?setPivotPoint@Static@gui@@UEAAXAEBVVec2i@osg@@@Z,public: virtual void __cdecl gui::Static::setPivotPoint(class osg::Vec2i const &),method,gui,Static,setPivotPoint,class osg::Vec2i const &,False,False,True,False,False,False,True
2314,2313,0x909,?setPivotPoint@TextureView@gui@@UEAAXAEBVVec2i@osg@@@Z,public: virtual void __cdecl gui::TextureView::setPivotPoint(class osg::Vec2i const &),method,gui,TextureView,setPivotPoint,class osg::Vec2i const &,False,False,True,False,False,False,True
2315,2314,0x90A,?setPosition@Bkg@gui@@QEAAXAEBVVec2i@osg@@@Z,public: void __cdecl gui::Bkg::setPosition(class osg::Vec2i const &),method,gui,Bkg,setPosition,class osg::Vec2i const &,False,False,False,False,False,False,True
2316,2315,0x90B,?setPosition@Widget@gui@@UEAAXAEBVVec2i@osg@@@Z,public: virtual void __cdecl gui::Widget::setPosition(class osg::Vec2i const &),method,gui,Widget,setPosition,class osg::Vec2i const &,False,False,True,False,False,False,True
2317,2316,0x90C,?setPrevWidgetFocused@WindowBase@gui@@UEAAXXZ,public: virtual void __cdecl gui::WindowBase::setPrevWidgetFocused(void),method,gui,WindowBase,setPrevWidgetFocused,void,False,False,True,False,False,False,True
2318,2317,0x90D,?setProjectionMatrix@GraphicCommands@gui@@QEAAXAEBVMatrixf@osg@@@Z,public: void __cdecl gui::GraphicCommands::setProjectionMatrix(class osg::Matrixf const &),method,gui,GraphicCommands,setProjectionMatrix,class osg::Matrixf const &,False,False,False,False,False,False,True
2319,2318,0x90E,?setRadius@PieMenuItem@gui@@QEAAXNN@Z,"public: void __cdecl gui::PieMenuItem::setRadius(double, double)",method,gui,PieMenuItem,setRadius,"double, double",False,False,False,False,False,False,True
2320,2319,0x90F,?setRange@Dial@gui@@UEAAXNN@Z,"public: virtual void __cdecl gui::Dial::setRange(double, double)",method,gui,Dial,setRange,"double, double",False,False,True,False,False,False,True
2321,2320,0x910,?setRange@ProgressBar@gui@@UEAAXNN@Z,"public: virtual void __cdecl gui::ProgressBar::setRange(double, double)",method,gui,ProgressBar,setRange,"double, double",False,False,True,False,False,False,True
2322,2321,0x911,?setRange@RangeIndicator@gui@@UEAAXNN@Z,"public: virtual void __cdecl gui::RangeIndicator::setRange(double, double)",method,gui,RangeIndicator,setRange,"double, double",False,False,True,False,False,False,True
2323,2322,0x912,?setRange@ScrollBarBase@gui@@UEAAXNN@Z,"public: virtual void __cdecl gui::ScrollBarBase::setRange(double, double)",method,gui,ScrollBarBase,setRange,"double, double",False,False,True,False,False,False,True
2324,2323,0x913,?setRange@Slider@gui@@UEAAXNN@Z,"public: virtual void __cdecl gui::Slider::setRange(double, double)",method,gui,Slider,setRange,"double, double",False,False,True,False,False,False,True
2325,2324,0x914,?setRange@SpinBox@gui@@UEAAXNN@Z,"public: virtual void __cdecl gui::SpinBox::setRange(double, double)",method,gui,SpinBox,setRange,"double, double",False,False,True,False,False,False,True
2326,2325,0x915,?setReadOnly@EditBox@gui@@QEAAX_N@Z,public: void __cdecl gui::EditBox::setReadOnly(bool),method,gui,EditBox,setReadOnly,bool,False,False,False,False,False,False,True
2327,2326,0x916,?setReadonly@ComboBox@gui@@UEAAX_N@Z,public: virtual void __cdecl gui::ComboBox::setReadonly(bool),method,gui,ComboBox,setReadonly,bool,False,False,True,False,False,False,True
2328,2327,0x917,?setRedrawCallback@Widget@gui@@UEAAXV?$function@$$A6AXXZ@std@@@Z,public: virtual void __cdecl gui::Widget::setRedrawCallback(class std::function<void __cdecl(void)>),method,gui,Widget,setRedrawCallback,class std::function<void __cdecl(void)>,False,False,True,False,False,False,True
2329,2328,0x918,?setResizable@WindowBase@gui@@UEAAX_N@Z,public: virtual void __cdecl gui::WindowBase::setResizable(bool),method,gui,WindowBase,setResizable,bool,False,False,True,False,False,False,True
2330,2329,0x919,?setResizeToFill@Image@gui@@QEAAX_N@Z,public: void __cdecl gui::Image::setResizeToFill(bool),method,gui,Image,setResizeToFill,bool,False,False,False,False,False,False,True
2331,2330,0x91A,?setResourceString@Widget@gui@@UEAAXAEBV?$basic_string@D@ed@@@Z,public: virtual void __cdecl gui::Widget::setResourceString(class ed::basic_string<char> const &),method,gui,Widget,setResourceString,class ed::basic_string<char> const &,False,False,True,False,False,False,True
2332,2331,0x91B,?setRotate@GraphicCommandModelViewMatrixGuard@gui@@QEAAXMMMM@Z,"public: void __cdecl gui::GraphicCommandModelViewMatrixGuard::setRotate(float, float, float, float)",method,gui,GraphicCommandModelViewMatrixGuard,setRotate,"float, float, float, float",False,False,False,False,False,False,True
2333,2332,0x91C,?setRowHeight@Grid@gui@@QEAAXHH@Z,"public: void __cdecl gui::Grid::setRowHeight(int, int)",method,gui,Grid,setRowHeight,"int, int",False,False,False,False,False,False,True
2334,2333,0x91D,?setRowVisible@Grid@gui@@QEAAXH@Z,public: void __cdecl gui::Grid::setRowVisible(int),method,gui,Grid,setRowVisible,int,False,False,False,False,False,False,True
2335,2334,0x91E,?setScrollPosition@ListBoxBase@gui@@QEAAXH@Z,public: void __cdecl gui::ListBoxBase::setScrollPosition(int),method,gui,ListBoxBase,setScrollPosition,int,False,False,False,False,False,False,True
2336,2335,0x91F,?setSelected@ListBoxLineBase@gui@@QEAAX_N@Z,public: void __cdecl gui::ListBoxLineBase::setSelected(bool),method,gui,ListBoxLineBase,setSelected,bool,False,False,False,False,False,False,True
2337,2336,0x920,?setSelection@EditBox@gui@@QEAAXUEditBoxSelection@2@@Z,public: void __cdecl gui::EditBox::setSelection(struct gui::EditBoxSelection),method,gui,EditBox,setSelection,struct gui::EditBoxSelection,False,False,False,False,False,False,True
2338,2337,0x921,?setSelection@EditBoxItem@gui@@QEAAXHH@Z,"public: void __cdecl gui::EditBoxItem::setSelection(int, int)",method,gui,EditBoxItem,setSelection,"int, int",False,False,False,False,False,False,True
2339,2338,0x922,?setSelection_@EditBox@gui@@IEAAXAEBUEditBoxSelection@2@@Z,protected: void __cdecl gui::EditBox::setSelection_(struct gui::EditBoxSelection const &),method,gui,EditBox,setSelection_,struct gui::EditBoxSelection const &,False,False,False,False,False,False,True
2340,2339,0x923,?setShaderEffect@Skin@skin@gui@@UEAAXPEBDPEBVShaderEffectParams@23@@Z,"public: virtual void __cdecl gui::skin::Skin::setShaderEffect(char const *, class gui::skin::ShaderEffectParams const *)",method,gui::skin,Skin,setShaderEffect,"char const *, class gui::skin::ShaderEffectParams const *",False,False,True,False,False,False,True
2341,2340,0x924,?setShaderEffect@Widget@gui@@UEAAXPEBDPEBVShaderEffectParams@skin@2@@Z,"public: virtual void __cdecl gui::Widget::setShaderEffect(char const *, class gui::skin::ShaderEffectParams const *)",method,gui,Widget,setShaderEffect,"char const *, class gui::skin::ShaderEffectParams const *",False,False,True,False,False,False,True
2342,2341,0x925,?setShadowColor@Text@gui@@QEAAXAEBVVec4f@osg@@@Z,public: void __cdecl gui::Text::setShadowColor(class osg::Vec4f const &),method,gui,Text,setShadowColor,class osg::Vec4f const &,False,False,False,False,False,False,True
2343,2342,0x926,?setShadowOffset@Text@gui@@QEAAXAEBVVec2i@osg@@@Z,public: void __cdecl gui::Text::setShadowOffset(class osg::Vec2i const &),method,gui,Text,setShadowOffset,class osg::Vec2i const &,False,False,False,False,False,False,True
2344,2343,0x927,?setShortcut@MenuItemBase@gui@@QEAAXAEBV?$basic_string@_W@ed@@@Z,public: void __cdecl gui::MenuItemBase::setShortcut(class ed::basic_string<wchar_t> const &),method,gui,MenuItemBase,setShortcut,class ed::basic_string<wchar_t> const &,False,False,False,False,False,False,True
2345,2344,0x928,?setSize@Bkg@gui@@QEAAXAEBVVec2i@osg@@@Z,public: void __cdecl gui::Bkg::setSize(class osg::Vec2i const &),method,gui,Bkg,setSize,class osg::Vec2i const &,False,False,False,False,False,False,True
2346,2345,0x929,?setSize@Image@gui@@QEAAXAEBVVec2i@osg@@@Z,public: void __cdecl gui::Image::setSize(class osg::Vec2i const &),method,gui,Image,setSize,class osg::Vec2i const &,False,False,False,False,False,False,True
2347,2346,0x92A,?setSize@Widget@gui@@UEAAXAEBVVec2i@osg@@@Z,public: virtual void __cdecl gui::Widget::setSize(class osg::Vec2i const &),method,gui,Widget,setSize,class osg::Vec2i const &,False,False,True,False,False,False,True
2348,2347,0x92B,?setSizeChanged@Skin@skin@gui@@UEAAXXZ,public: virtual void __cdecl gui::skin::Skin::setSizeChanged(void),method,gui::skin,Skin,setSizeChanged,void,False,False,True,False,False,False,True
2349,2348,0x92C,?setSkinData@Skin@skin@gui@@QEAAXPEAVData@23@_N@Z,"public: void __cdecl gui::skin::Skin::setSkinData(class gui::skin::Data *, bool)",method,gui::skin,Skin,setSkinData,"class gui::skin::Data *, bool",False,False,False,False,False,False,True
2350,2349,0x92D,?setStartTime@ShaderEffect@skin@gui@@UEAAXM@Z,public: virtual void __cdecl gui::skin::ShaderEffect::setStartTime(float),method,gui::skin,ShaderEffect,setStartTime,float,False,False,True,False,False,False,True
2351,2350,0x92E,?setState@MenuCheckItem@gui@@UEAAX_N@Z,public: virtual void __cdecl gui::MenuCheckItem::setState(bool),method,gui,MenuCheckItem,setState,bool,False,False,True,False,False,False,True
2352,2351,0x92F,?setState@MenuRadioItem@gui@@UEAAX_N@Z,public: virtual void __cdecl gui::MenuRadioItem::setState(bool),method,gui,MenuRadioItem,setState,bool,False,False,True,False,False,False,True
2353,2352,0x930,?setState@TabGroupItem@gui@@UEAAX_N@Z,public: virtual void __cdecl gui::TabGroupItem::setState(bool),method,gui,TabGroupItem,setState,bool,False,False,True,False,False,False,True
2354,2353,0x931,?setState@ToggleButton@gui@@UEAAXH@Z,public: virtual void __cdecl gui::ToggleButton::setState(int),method,gui,ToggleButton,setState,int,False,False,True,False,False,False,True
2355,2354,0x932,?setStep@Dial@gui@@UEAAXN@Z,public: virtual void __cdecl gui::Dial::setStep(double),method,gui,Dial,setStep,double,False,False,True,False,False,False,True
2356,2355,0x933,?setStep@ProgressBar@gui@@UEAAXN@Z,public: virtual void __cdecl gui::ProgressBar::setStep(double),method,gui,ProgressBar,setStep,double,False,False,True,False,False,False,True
2357,2356,0x934,?setStep@ScrollBarBase@gui@@UEAAXN@Z,public: virtual void __cdecl gui::ScrollBarBase::setStep(double),method,gui,ScrollBarBase,setStep,double,False,False,True,False,False,False,True
2358,2357,0x935,?setStep@Slider@gui@@UEAAXN@Z,public: virtual void __cdecl gui::Slider::setStep(double),method,gui,Slider,setStep,double,False,False,True,False,False,False,True
2359,2358,0x936,?setStep@SpinBox@gui@@UEAAXN@Z,public: virtual void __cdecl gui::SpinBox::setStep(double),method,gui,SpinBox,setStep,double,False,False,True,False,False,False,True
2360,2359,0x937,?setSubMenu@Menu@gui@@QEAAXPEAV12@@Z,public: void __cdecl gui::Menu::setSubMenu(class gui::Menu *),method,gui,Menu,setSubMenu,class gui::Menu *,False,False,False,False,False,False,True
2361,2360,0x938,?setSubMenu@MenuItemBase@gui@@QEAAXPEAVMenu@2@@Z,public: void __cdecl gui::MenuItemBase::setSubMenu(class gui::Menu *),method,gui,MenuItemBase,setSubMenu,class gui::Menu *,False,False,False,False,False,False,True
2362,2361,0x939,?setSubMenu@PieMenuSubItem@gui@@QEAAXPEAVPieMenu@2@@Z,public: void __cdecl gui::PieMenuSubItem::setSubMenu(class gui::PieMenu *),method,gui,PieMenuSubItem,setSubMenu,class gui::PieMenu *,False,False,False,False,False,False,True
2363,2362,0x93A,?setSurfaceId@WindowBase@gui@@UEAAXH@Z,public: virtual void __cdecl gui::WindowBase::setSurfaceId(int),method,gui,WindowBase,setSurfaceId,int,False,False,True,False,False,False,True
2364,2363,0x93B,?setSurfaceMouseCursorCallback@GUI@gui@@QEAAXHV?$function@$$A6AX_NHPEAVWindowBase@gui@@@Z@std@@@Z,"public: void __cdecl gui::GUI::setSurfaceMouseCursorCallback(int, class std::function<void __cdecl(bool, int, class gui::WindowBase *)>)",method,gui,GUI,setSurfaceMouseCursorCallback,"int, class std::function<void __cdecl(bool, int, class gui::WindowBase *)>",False,False,False,False,False,False,True
2365,2364,0x93C,?setSurfaceMouseFunc@GUI@gui@@QEAAXHV?$function@$$A6A?AVVec2i@osg@@HH@Z@std@@@Z,"public: void __cdecl gui::GUI::setSurfaceMouseFunc(int, class std::function<class osg::Vec2i __cdecl(int, int)>)",method,gui,GUI,setSurfaceMouseFunc,"int, class std::function<class osg::Vec2i __cdecl(int, int)>",False,False,False,False,False,False,True
2366,2365,0x93D,?setTabFocused@ComboBox@gui@@UEAAXXZ,public: virtual void __cdecl gui::ComboBox::setTabFocused(void),method,gui,ComboBox,setTabFocused,void,False,False,True,False,False,False,True
2367,2366,0x93E,?setTabFocused@EditBox@gui@@UEAAXXZ,public: virtual void __cdecl gui::EditBox::setTabFocused(void),method,gui,EditBox,setTabFocused,void,False,False,True,False,False,False,True
2368,2367,0x93F,?setTabFocused@SpinBox@gui@@UEAAXXZ,public: virtual void __cdecl gui::SpinBox::setTabFocused(void),method,gui,SpinBox,setTabFocused,void,False,False,True,False,False,False,True
2369,2368,0x940,?setTabFocused@Widget@gui@@UEAAXXZ,public: virtual void __cdecl gui::Widget::setTabFocused(void),method,gui,Widget,setTabFocused,void,False,False,True,False,False,False,True
2370,2369,0x941,?setTabOrder@Widget@gui@@UEAAXH@Z,public: virtual void __cdecl gui::Widget::setTabOrder(int),method,gui,Widget,setTabOrder,int,False,False,True,False,False,False,True
2371,2370,0x942,?setTabSpacesCount@GUI@gui@@QEAAXH@Z,public: void __cdecl gui::GUI::setTabSpacesCount(int),method,gui,GUI,setTabSpacesCount,int,False,False,False,False,False,False,True
2372,2371,0x943,?setTargetMips@Skin@skin@gui@@QEAAXH@Z,public: void __cdecl gui::skin::Skin::setTargetMips(int),method,gui::skin,Skin,setTargetMips,int,False,False,False,False,False,False,True
2373,2372,0x944,?setTargetMsaa@Skin@skin@gui@@QEAAXH@Z,public: void __cdecl gui::skin::Skin::setTargetMsaa(int),method,gui::skin,Skin,setTargetMsaa,int,False,False,False,False,False,False,True
2374,2373,0x945,?setTargetSize@Skin@skin@gui@@QEAAXAEBVVec2i@osg@@@Z,public: void __cdecl gui::skin::Skin::setTargetSize(class osg::Vec2i const &),method,gui::skin,Skin,setTargetSize,class osg::Vec2i const &,False,False,False,False,False,False,True
2375,2374,0x946,?setTargetWidget@GUI@gui@@QEAAXPEAVWidget@2@@Z,public: void __cdecl gui::GUI::setTargetWidget(class gui::Widget *),method,gui,GUI,setTargetWidget,class gui::Widget *,False,False,False,False,False,False,True
2376,2375,0x947,?setTelemetry@GUI@gui@@SAXPEAVIUserActionTelemetry@inter@@@Z,public: static void __cdecl gui::GUI::setTelemetry(class inter::IUserActionTelemetry *),method,gui,GUI,setTelemetry,class inter::IUserActionTelemetry *,False,True,False,False,False,False,True
2377,2376,0x948,?setText@ComboBox@gui@@UEAAXV?$basic_string_view@_WU?$char_traits@_W@std@@@std@@@Z,"public: virtual void __cdecl gui::ComboBox::setText(class std::basic_string_view<wchar_t, struct std::char_traits<wchar_t>>)",method,gui,ComboBox,setText,"class std::basic_string_view<wchar_t, struct std::char_traits<wchar_t>>",False,False,True,False,False,False,True
2378,2377,0x949,?setText@Data@skin@gui@@QEAAXPEBUInfo@Text@3@W4InteractiveState@23@H@Z,"public: void __cdecl gui::skin::Data::setText(struct gui::Text::Info const *, enum gui::skin::InteractiveState, int)",method,gui::skin,Data,setText,"struct gui::Text::Info const *, enum gui::skin::InteractiveState, int",False,False,False,False,False,False,True
2379,2378,0x94A,?setText@EditBox@gui@@UEAAXV?$basic_string_view@_WU?$char_traits@_W@std@@@std@@@Z,"public: virtual void __cdecl gui::EditBox::setText(class std::basic_string_view<wchar_t, struct std::char_traits<wchar_t>>)",method,gui,EditBox,setText,"class std::basic_string_view<wchar_t, struct std::char_traits<wchar_t>>",False,False,True,False,False,False,True
2380,2379,0x94B,?setText@Widget@gui@@UEAAXV?$basic_string_view@_WU?$char_traits@_W@std@@@std@@@Z,"public: virtual void __cdecl gui::Widget::setText(class std::basic_string_view<wchar_t, struct std::char_traits<wchar_t>>)",method,gui,Widget,setText,"class std::basic_string_view<wchar_t, struct std::char_traits<wchar_t>>",False,False,True,False,False,False,True
2381,2380,0x94C,?setTextChanged@Skin@skin@gui@@UEAAXXZ,public: virtual void __cdecl gui::skin::Skin::setTextChanged(void),method,gui::skin,Skin,setTextChanged,void,False,False,True,False,False,False,True
2382,2381,0x94D,?setTextColor@AnimatedColorStatic@gui@@QEAAXAEBVVec4f@osg@@@Z,public: void __cdecl gui::AnimatedColorStatic::setTextColor(class osg::Vec4f const &),method,gui,AnimatedColorStatic,setTextColor,class osg::Vec4f const &,False,False,False,False,False,False,True
2383,2382,0x94E,?setTextWrapping@EditBox@gui@@QEAAX_N@Z,public: void __cdecl gui::EditBox::setTextWrapping(bool),method,gui,EditBox,setTextWrapping,bool,False,False,False,False,False,False,True
2384,2383,0x94F,?setTexture@Bkg@gui@@QEAAXAEBV?$basic_string@D@ed@@AEBV?$RectImpl@VVec2i@osg@@@osg@@@Z,"public: void __cdecl gui::Bkg::setTexture(class ed::basic_string<char> const &, class osg::RectImpl<class osg::Vec2i> const &)",method,gui,Bkg,setTexture,"class ed::basic_string<char> const &, class osg::RectImpl<class osg::Vec2i> const &",False,False,False,False,False,False,True
2385,2384,0x950,?setTexture@Bkg@gui@@QEAAXV?$Ptr@VuiBaseTexture@@VuiTextureCleaner@@@ed@@@Z,"public: void __cdecl gui::Bkg::setTexture(class ed::Ptr<class uiBaseTexture, class uiTextureCleaner>)",method,gui,Bkg,setTexture,"class ed::Ptr<class uiBaseTexture, class uiTextureCleaner>",False,False,False,False,False,False,True
2386,2385,0x951,?setTexture@Image@gui@@QEAAXAEBV?$basic_string@D@ed@@AEBV?$RectImpl@VVec2i@osg@@@osg@@@Z,"public: void __cdecl gui::Image::setTexture(class ed::basic_string<char> const &, class osg::RectImpl<class osg::Vec2i> const &)",method,gui,Image,setTexture,"class ed::basic_string<char> const &, class osg::RectImpl<class osg::Vec2i> const &",False,False,False,False,False,False,True
2387,2386,0x952,?setTexture@Image@gui@@QEAAXV?$Ptr@VuiBaseTexture@@VuiTextureCleaner@@@ed@@_N@Z,"public: void __cdecl gui::Image::setTexture(class ed::Ptr<class uiBaseTexture, class uiTextureCleaner>, bool)",method,gui,Image,setTexture,"class ed::Ptr<class uiBaseTexture, class uiTextureCleaner>, bool",False,False,False,False,False,False,True
2388,2387,0x953,?setTexture@ShaderEffect@skin@gui@@UEAAXV?$Ptr@VuiBaseTexture@@VuiTextureCleaner@@@ed@@@Z,"public: virtual void __cdecl gui::skin::ShaderEffect::setTexture(class ed::Ptr<class uiBaseTexture, class uiTextureCleaner>)",method,gui::skin,ShaderEffect,setTexture,"class ed::Ptr<class uiBaseTexture, class uiTextureCleaner>",False,False,True,False,False,False,True
2389,2388,0x954,?setTexture@TextureView@gui@@QEAAXV?$Ptr@VuiBaseTexture@@VuiTextureCleaner@@@ed@@@Z,"public: void __cdecl gui::TextureView::setTexture(class ed::Ptr<class uiBaseTexture, class uiTextureCleaner>)",method,gui,TextureView,setTexture,"class ed::Ptr<class uiBaseTexture, class uiTextureCleaner>",False,False,False,False,False,False,True
2390,2389,0x955,?setThumbValue@ScrollBarBase@gui@@UEAAXN@Z,public: virtual void __cdecl gui::ScrollBarBase::setThumbValue(double),method,gui,ScrollBarBase,setThumbValue,double,False,False,True,False,False,False,True
2391,2390,0x956,?setTileHorizontally@Image@gui@@QEAAX_N@Z,public: void __cdecl gui::Image::setTileHorizontally(bool),method,gui,Image,setTileHorizontally,bool,False,False,False,False,False,False,True
2392,2391,0x957,?setTileVertically@Image@gui@@QEAAX_N@Z,public: void __cdecl gui::Image::setTileVertically(bool),method,gui,Image,setTileVertically,bool,False,False,False,False,False,False,True
2393,2392,0x958,?setTooltipSkin@Widget@gui@@UEAAXPEAVSkin@skin@2@@Z,public: virtual void __cdecl gui::Widget::setTooltipSkin(class gui::skin::Skin *),method,gui,Widget,setTooltipSkin,class gui::skin::Skin *,False,False,True,False,False,False,True
2394,2393,0x959,?setTooltipText@Widget@gui@@UEAAXAEBV?$basic_string@_W@ed@@@Z,public: virtual void __cdecl gui::Widget::setTooltipText(class ed::basic_string<wchar_t> const &),method,gui,Widget,setTooltipText,class ed::basic_string<wchar_t> const &,False,False,True,False,False,False,True
2395,2394,0x95A,?setTranslate@GraphicCommandModelViewMatrixGuard@gui@@QEAAXMMM@Z,"public: void __cdecl gui::GraphicCommandModelViewMatrixGuard::setTranslate(float, float, float)",method,gui,GraphicCommandModelViewMatrixGuard,setTranslate,"float, float, float",False,False,False,False,False,False,True
2396,2395,0x95B,?setTransparentForUserInput@Window@gui@@UEAAX_N@Z,public: virtual void __cdecl gui::Window::setTransparentForUserInput(bool),method,gui,Window,setTransparentForUserInput,bool,False,False,True,False,False,False,True
2397,2396,0x95C,?setType@Align@gui@@QEAAXW4Type@12@@Z,public: void __cdecl gui::Align::setType(enum gui::Align::Type),method,gui,Align,setType,enum gui::Align::Type,False,False,False,False,False,False,True
2398,2397,0x95D,?setUseEllipsis@Text@gui@@QEAAX_N@Z,public: void __cdecl gui::Text::setUseEllipsis(bool),method,gui,Text,setUseEllipsis,bool,False,False,False,False,False,False,True
2399,2398,0x95E,?setUserTexSampler@Image@gui@@QEAAXH@Z,public: void __cdecl gui::Image::setUserTexSampler(int),method,gui,Image,setUserTexSampler,int,False,False,False,False,False,False,True
2400,2399,0x95F,?setValue@Dial@gui@@UEAAXN@Z,public: virtual void __cdecl gui::Dial::setValue(double),method,gui,Dial,setValue,double,False,False,True,False,False,False,True
2401,2400,0x960,?setValue@ProgressBar@gui@@UEAAXN@Z,public: virtual void __cdecl gui::ProgressBar::setValue(double),method,gui,ProgressBar,setValue,double,False,False,True,False,False,False,True
2402,2401,0x961,?setValue@ScrollBarBase@gui@@UEAAXN@Z,public: virtual void __cdecl gui::ScrollBarBase::setValue(double),method,gui,ScrollBarBase,setValue,double,False,False,True,False,False,False,True
2403,2402,0x962,?setValue@ScrollBarThumb@gui@@UEAAXN@Z,public: virtual void __cdecl gui::ScrollBarThumb::setValue(double),method,gui,ScrollBarThumb,setValue,double,False,False,True,False,False,False,True
2404,2403,0x963,?setValue@Slider@gui@@UEAAXN@Z,public: virtual void __cdecl gui::Slider::setValue(double),method,gui,Slider,setValue,double,False,False,True,False,False,False,True
2405,2404,0x964,?setValue@SliderThumb@gui@@UEAAXN@Z,public: virtual void __cdecl gui::SliderThumb::setValue(double),method,gui,SliderThumb,setValue,double,False,False,True,False,False,False,True
2406,2405,0x965,?setValue@SpinBox@gui@@UEAAXN@Z,public: virtual void __cdecl gui::SpinBox::setValue(double),method,gui,SpinBox,setValue,double,False,False,True,False,False,False,True
2407,2406,0x966,?setValueRange@RangeIndicator@gui@@UEAAXNN@Z,"public: virtual void __cdecl gui::RangeIndicator::setValueRange(double, double)",method,gui,RangeIndicator,setValueRange,"double, double",False,False,True,False,False,False,True
2408,2407,0x967,?setValues@Chart@gui@@QEAAXAEBV?$vector@MV?$allocator@M@ed@@@ed@@@Z,"public: void __cdecl gui::Chart::setValues(class ed::vector<float, class ed::allocator<float>> const &)",method,gui,Chart,setValues,"class ed::vector<float, class ed::allocator<float>> const &",False,False,False,False,False,False,True
2409,2408,0x968,?setVertAlign@Align2@gui@@QEAAXAEBVAlign@2@@Z,public: void __cdecl gui::Align2::setVertAlign(class gui::Align const &),method,gui,Align2,setVertAlign,class gui::Align const &,False,False,False,False,False,False,True
2410,2409,0x969,?setVertAlign@HorzLayout@gui@@QEAAXAEBVAlign@2@@Z,public: void __cdecl gui::HorzLayout::setVertAlign(class gui::Align const &),method,gui,HorzLayout,setVertAlign,class gui::Align const &,False,False,False,False,False,False,True
2411,2410,0x96A,?setVertAlign@VertLayout@gui@@QEAAXAEBVAlign@2@@Z,public: void __cdecl gui::VertLayout::setVertAlign(class gui::Align const &),method,gui,VertLayout,setVertAlign,class gui::Align const &,False,False,False,False,False,False,True
2412,2411,0x96B,?setVertGap@BorderLayout@gui@@QEAAXH@Z,public: void __cdecl gui::BorderLayout::setVertGap(int),method,gui,BorderLayout,setVertGap,int,False,False,False,False,False,False,True
2413,2412,0x96C,?setVertGap@FormLayout@gui@@QEAAXH@Z,public: void __cdecl gui::FormLayout::setVertGap(int),method,gui,FormLayout,setVertGap,int,False,False,False,False,False,False,True
2414,2413,0x96D,?setVertMouseWheel@ScrollPane@gui@@QEAAX_N@Z,public: void __cdecl gui::ScrollPane::setVertMouseWheel(bool),method,gui,ScrollPane,setVertMouseWheel,bool,False,False,False,False,False,False,True
2415,2414,0x96E,?setVertScrollBarPageStep@Grid@gui@@QEAAXN@Z,public: void __cdecl gui::Grid::setVertScrollBarPageStep(double),method,gui,Grid,setVertScrollBarPageStep,double,False,False,False,False,False,False,True
2416,2415,0x96F,?setVertScrollBarPageStep@ScrollPane@gui@@QEAAXN@Z,public: void __cdecl gui::ScrollPane::setVertScrollBarPageStep(double),method,gui,ScrollPane,setVertScrollBarPageStep,double,False,False,False,False,False,False,True
2417,2416,0x970,?setVertScrollBarStep@Grid@gui@@QEAAXN@Z,public: void __cdecl gui::Grid::setVertScrollBarStep(double),method,gui,Grid,setVertScrollBarStep,double,False,False,False,False,False,False,True
2418,2417,0x971,?setVertScrollBarStep@ScrollPane@gui@@QEAAXN@Z,public: void __cdecl gui::ScrollPane::setVertScrollBarStep(double),method,gui,ScrollPane,setVertScrollBarStep,double,False,False,False,False,False,False,True
2419,2418,0x972,?setVertScrollBarValue_@EditBox@gui@@IEAAXH@Z,protected: void __cdecl gui::EditBox::setVertScrollBarValue_(int),method,gui,EditBox,setVertScrollBarValue_,int,False,False,False,False,False,False,True
2420,2419,0x973,?setVertScrollPosition@Grid@gui@@QEAAXH@Z,public: void __cdecl gui::Grid::setVertScrollPosition(int),method,gui,Grid,setVertScrollPosition,int,False,False,False,False,False,False,True
2421,2420,0x974,?setVertScrollValue@ScrollPane@gui@@QEAAXN@Z,public: void __cdecl gui::ScrollPane::setVertScrollValue(double),method,gui,ScrollPane,setVertScrollValue,double,False,False,False,False,False,False,True
2422,2421,0x975,?setViewDirty@Grid@gui@@QEAAXXZ,public: void __cdecl gui::Grid::setViewDirty(void),method,gui,Grid,setViewDirty,void,False,False,False,False,False,False,True
2423,2422,0x976,?setViewOffset_@ScrollPane@gui@@IEAAXXZ,protected: void __cdecl gui::ScrollPane::setViewOffset_(void),method,gui,ScrollPane,setViewOffset_,void,False,False,False,False,False,False,True
2424,2423,0x977,?setViewPosition@EditBoxCaret@gui@@QEAAXAEBVVec2i@osg@@@Z,public: void __cdecl gui::EditBoxCaret::setViewPosition(class osg::Vec2i const &),method,gui,EditBoxCaret,setViewPosition,class osg::Vec2i const &,False,False,False,False,False,False,True
2425,2424,0x978,?setViewportPosition@GUI@gui@@QEAAXAEBVVec2i@osg@@@Z,public: void __cdecl gui::GUI::setViewportPosition(class osg::Vec2i const &),method,gui,GUI,setViewportPosition,class osg::Vec2i const &,False,False,False,False,False,False,True
2426,2425,0x979,?setViewportSize@GUI@gui@@QEAAXAEBVVec2i@osg@@@Z,public: void __cdecl gui::GUI::setViewportSize(class osg::Vec2i const &),method,gui,GUI,setViewportSize,class osg::Vec2i const &,False,False,False,False,False,False,True
2427,2426,0x97A,?setVisible@Widget@gui@@UEAAX_N@Z,public: virtual void __cdecl gui::Widget::setVisible(bool),method,gui,Widget,setVisible,bool,False,False,True,False,False,False,True
2428,2427,0x97B,?setWidget@ButtonSkin@skin@gui@@QEAAXPEAVButton@3@@Z,public: void __cdecl gui::skin::ButtonSkin::setWidget(class gui::Button *),method,gui::skin,ButtonSkin,setWidget,class gui::Button *,False,False,False,False,False,False,True
2429,2428,0x97C,?setWidget@ListBoxLineSkinBase@skin@gui@@QEAAXPEAVListBoxLineBase@3@@Z,public: void __cdecl gui::skin::ListBoxLineSkinBase::setWidget(class gui::ListBoxLineBase *),method,gui::skin,ListBoxLineSkinBase,setWidget,class gui::ListBoxLineBase *,False,False,False,False,False,False,True
2430,2429,0x97D,?setWidget@ScrollBarSkin@skin@gui@@QEAAXPEAVScrollBar@3@@Z,public: void __cdecl gui::skin::ScrollBarSkin::setWidget(class gui::ScrollBar *),method,gui::skin,ScrollBarSkin,setWidget,class gui::ScrollBar *,False,False,False,False,False,False,True
2431,2430,0x97E,?setWidget@ScrollBarThumbSkin@skin@gui@@QEAAXPEAVScrollBarThumb@3@@Z,public: void __cdecl gui::skin::ScrollBarThumbSkin::setWidget(class gui::ScrollBarThumb *),method,gui::skin,ScrollBarThumbSkin,setWidget,class gui::ScrollBarThumb *,False,False,False,False,False,False,True
2432,2431,0x97F,?setWidget@StaticSkin@skin@gui@@QEAAXPEAVStatic@3@@Z,public: void __cdecl gui::skin::StaticSkin::setWidget(class gui::Static *),method,gui::skin,StaticSkin,setWidget,class gui::Static *,False,False,False,False,False,False,True
2433,2432,0x980,?setWindowTransparentForUserInput@WindowsManager@gui@@QEAAXPEAVWindow@2@@Z,public: void __cdecl gui::WindowsManager::setWindowTransparentForUserInput(class gui::Window *),method,gui,WindowsManager,setWindowTransparentForUserInput,class gui::Window *,False,False,False,False,False,False,True
2434,2433,0x981,?setWindowVisible@ComboBox@gui@@UEAAX_N@Z,public: virtual void __cdecl gui::ComboBox::setWindowVisible(bool),method,gui,ComboBox,setWindowVisible,bool,False,False,True,False,False,False,True
2435,2434,0x982,?setWindowVisible@ComboList@gui@@UEAAX_N@Z,public: virtual void __cdecl gui::ComboList::setWindowVisible(bool),method,gui,ComboList,setWindowVisible,bool,False,False,True,False,False,False,True
2436,2435,0x983,?setWords@EditBoxItem@gui@@QEAAXAEBV?$vector@UWord@EditBoxItem@gui@@V?$allocator@UWord@EditBoxItem@gui@@@ed@@@ed@@@Z,"public: void __cdecl gui::EditBoxItem::setWords(class ed::vector<struct gui::EditBoxItem::Word, class ed::allocator<struct gui::EditBoxItem::Word>> const &)",method,gui,EditBoxItem,setWords,"class ed::vector<struct gui::EditBoxItem::Word, class ed::allocator<struct gui::EditBoxItem::Word>> const &",False,False,False,False,False,False,True
2437,2436,0x984,?setWrapping@Text@gui@@QEAAX_N@Z,public: void __cdecl gui::Text::setWrapping(bool),method,gui,Text,setWrapping,bool,False,False,False,False,False,False,True
2438,2437,0x985,?setZOrder@OffscreenWindow@gui@@UEAAXH@Z,public: virtual void __cdecl gui::OffscreenWindow::setZOrder(int),method,gui,OffscreenWindow,setZOrder,int,False,False,True,False,False,False,True
2439,2438,0x986,?setZOrder@OverlayWindow@gui@@UEAAXH@Z,public: virtual void __cdecl gui::OverlayWindow::setZOrder(int),method,gui,OverlayWindow,setZOrder,int,False,False,True,False,False,False,True
2440,2439,0x987,?setZOrder@Window@gui@@UEAAXH@Z,public: virtual void __cdecl gui::Window::setZOrder(int),method,gui,Window,setZOrder,int,False,False,True,False,False,False,True
2441,2440,0x988,?setZoom@Widget@gui@@UEAAXM@Z,public: virtual void __cdecl gui::Widget::setZoom(float),method,gui,Widget,setZoom,float,False,False,True,False,False,False,True
2442,2441,0x989,?shiftPosition@GraphicCommands@gui@@QEAAXMMM@Z,"public: void __cdecl gui::GraphicCommands::shiftPosition(float, float, float)",method,gui,GraphicCommands,shiftPosition,"float, float, float",False,False,False,False,False,False,True
2443,2442,0x98A,?shutdown@LayoutHandler@gui@@SAXXZ,public: static void __cdecl gui::LayoutHandler::shutdown(void),method,gui,LayoutHandler,shutdown,void,False,True,False,False,False,False,True
2444,2443,0x98B,?shutdown@WidgetHandler@gui@@SAXXZ,public: static void __cdecl gui::WidgetHandler::shutdown(void),method,gui,WidgetHandler,shutdown,void,False,True,False,False,False,False,True
2445,2444,0x98C,?sizeCallbackName@Widget@gui@@2V?$basic_string@D@ed@@B,public: static class ed::basic_string<char> const gui::Widget::sizeCallbackName,symbol,,,,,False,False,False,False,False,False,True
2446,2445,0x98D,?stat@?$SimpleGraphicCommand@VGraphicCommandDrawBkg@gui@@@gui@@SAXXZ,public: static void __cdecl gui::SimpleGraphicCommand<class gui::GraphicCommandDrawBkg>::stat(void),method,gui,GraphicCommandDrawBkg>,stat,void,False,True,False,False,False,False,True
2447,2446,0x98E,?stat@?$SimpleGraphicCommand@VGraphicCommandDrawCircle@gui@@@gui@@SAXXZ,public: static void __cdecl gui::SimpleGraphicCommand<class gui::GraphicCommandDrawCircle>::stat(void),method,gui,GraphicCommandDrawCircle>,stat,void,False,True,False,False,False,False,True
2448,2447,0x98F,?stat@?$SimpleGraphicCommand@VGraphicCommandDrawFunc@gui@@@gui@@SAXXZ,public: static void __cdecl gui::SimpleGraphicCommand<class gui::GraphicCommandDrawFunc>::stat(void),method,gui,GraphicCommandDrawFunc>,stat,void,False,True,False,False,False,False,True
2449,2448,0x990,?stat@?$SimpleGraphicCommand@VGraphicCommandDrawGeometry@gui@@@gui@@SAXXZ,public: static void __cdecl gui::SimpleGraphicCommand<class gui::GraphicCommandDrawGeometry>::stat(void),method,gui,GraphicCommandDrawGeometry>,stat,void,False,True,False,False,False,False,True
2450,2449,0x991,?stat@?$SimpleGraphicCommand@VGraphicCommandDrawLifeBar@gui@@@gui@@SAXXZ,public: static void __cdecl gui::SimpleGraphicCommand<class gui::GraphicCommandDrawLifeBar>::stat(void),method,gui,GraphicCommandDrawLifeBar>,stat,void,False,True,False,False,False,False,True
2451,2450,0x992,?stat@?$SimpleGraphicCommand@VGraphicCommandDrawQuads@gui@@@gui@@SAXXZ,public: static void __cdecl gui::SimpleGraphicCommand<class gui::GraphicCommandDrawQuads>::stat(void),method,gui,GraphicCommandDrawQuads>,stat,void,False,True,False,False,False,False,True
2452,2451,0x993,?stat@?$SimpleGraphicCommand@VGraphicCommandDrawText@gui@@@gui@@SAXXZ,public: static void __cdecl gui::SimpleGraphicCommand<class gui::GraphicCommandDrawText>::stat(void),method,gui,GraphicCommandDrawText>,stat,void,False,True,False,False,False,False,True
2453,2452,0x994,?stat@?$SimpleGraphicCommand@VGraphicCommandDrawToTarget@gui@@@gui@@SAXXZ,public: static void __cdecl gui::SimpleGraphicCommand<class gui::GraphicCommandDrawToTarget>::stat(void),method,gui,GraphicCommandDrawToTarget>,stat,void,False,True,False,False,False,False,True
2454,2453,0x995,?stat@?$SimpleGraphicCommand@VGraphicCommandModelViewMatrix@gui@@@gui@@SAXXZ,public: static void __cdecl gui::SimpleGraphicCommand<class gui::GraphicCommandModelViewMatrix>::stat(void),method,gui,GraphicCommandModelViewMatrix>,stat,void,False,True,False,False,False,False,True
2455,2454,0x996,?stat@?$SimpleGraphicCommand@VGraphicCommandParse@gui@@@gui@@SAXXZ,public: static void __cdecl gui::SimpleGraphicCommand<class gui::GraphicCommandParse>::stat(void),method,gui,GraphicCommandParse>,stat,void,False,True,False,False,False,False,True
2456,2455,0x997,?stat@?$SimpleGraphicCommand@VGraphicCommandPopClipRect@gui@@@gui@@SAXXZ,public: static void __cdecl gui::SimpleGraphicCommand<class gui::GraphicCommandPopClipRect>::stat(void),method,gui,GraphicCommandPopClipRect>,stat,void,False,True,False,False,False,False,True
2457,2456,0x998,?stat@?$SimpleGraphicCommand@VGraphicCommandPopShaderTechnique@gui@@@gui@@SAXXZ,public: static void __cdecl gui::SimpleGraphicCommand<class gui::GraphicCommandPopShaderTechnique>::stat(void),method,gui,GraphicCommandPopShaderTechnique>,stat,void,False,True,False,False,False,False,True
2458,2457,0x999,?stat@?$SimpleGraphicCommand@VGraphicCommandPopViewport@gui@@@gui@@SAXXZ,public: static void __cdecl gui::SimpleGraphicCommand<class gui::GraphicCommandPopViewport>::stat(void),method,gui,GraphicCommandPopViewport>,stat,void,False,True,False,False,False,False,True
2459,2458,0x99A,?stat@?$SimpleGraphicCommand@VGraphicCommandPreMultModelViewMatrix@gui@@@gui@@SAXXZ,public: static void __cdecl gui::SimpleGraphicCommand<class gui::GraphicCommandPreMultModelViewMatrix>::stat(void),method,gui,GraphicCommandPreMultModelViewMatrix>,stat,void,False,True,False,False,False,False,True
2460,2459,0x99B,?stat@?$SimpleGraphicCommand@VGraphicCommandProjectionMatrix@gui@@@gui@@SAXXZ,public: static void __cdecl gui::SimpleGraphicCommand<class gui::GraphicCommandProjectionMatrix>::stat(void),method,gui,GraphicCommandProjectionMatrix>,stat,void,False,True,False,False,False,False,True
2461,2460,0x99C,?stat@?$SimpleGraphicCommand@VGraphicCommandPushClipRect@gui@@@gui@@SAXXZ,public: static void __cdecl gui::SimpleGraphicCommand<class gui::GraphicCommandPushClipRect>::stat(void),method,gui,GraphicCommandPushClipRect>,stat,void,False,True,False,False,False,False,True
2462,2461,0x99D,?stat@?$SimpleGraphicCommand@VGraphicCommandPushShaderTechnique@gui@@@gui@@SAXXZ,public: static void __cdecl gui::SimpleGraphicCommand<class gui::GraphicCommandPushShaderTechnique>::stat(void),method,gui,GraphicCommandPushShaderTechnique>,stat,void,False,True,False,False,False,False,True
2463,2462,0x99E,?stat@?$SimpleGraphicCommand@VGraphicCommandPushViewport@gui@@@gui@@SAXXZ,public: static void __cdecl gui::SimpleGraphicCommand<class gui::GraphicCommandPushViewport>::stat(void),method,gui,GraphicCommandPushViewport>,stat,void,False,True,False,False,False,False,True
2464,2463,0x99F,?stat@?$SimpleGraphicCommand@VGraphicCommandSetModelViewMatrix@gui@@@gui@@SAXXZ,public: static void __cdecl gui::SimpleGraphicCommand<class gui::GraphicCommandSetModelViewMatrix>::stat(void),method,gui,GraphicCommandSetModelViewMatrix>,stat,void,False,True,False,False,False,False,True
2465,2464,0x9A0,?stat@?$SimpleGraphicCommand@VGraphicCommandSetOpacity@gui@@@gui@@SAXXZ,public: static void __cdecl gui::SimpleGraphicCommand<class gui::GraphicCommandSetOpacity>::stat(void),method,gui,GraphicCommandSetOpacity>,stat,void,False,True,False,False,False,False,True
2466,2465,0x9A1,?stat@?$SimpleGraphicCommand@VGraphicCommandSetShaderTechnique@gui@@@gui@@SAXXZ,public: static void __cdecl gui::SimpleGraphicCommand<class gui::GraphicCommandSetShaderTechnique>::stat(void),method,gui,GraphicCommandSetShaderTechnique>,stat,void,False,True,False,False,False,False,True
2467,2466,0x9A2,?stat@?$SimpleGraphicCommand@VGraphicCommandSetTextureFiltering@gui@@@gui@@SAXXZ,public: static void __cdecl gui::SimpleGraphicCommand<class gui::GraphicCommandSetTextureFiltering>::stat(void),method,gui,GraphicCommandSetTextureFiltering>,stat,void,False,True,False,False,False,False,True
2468,2467,0x9A3,?stat@?$SimpleGraphicCommand@VGraphicCommandShiftPosition@gui@@@gui@@SAXXZ,public: static void __cdecl gui::SimpleGraphicCommand<class gui::GraphicCommandShiftPosition>::stat(void),method,gui,GraphicCommandShiftPosition>,stat,void,False,True,False,False,False,False,True
2469,2468,0x9A4,?stretchColumns@Grid@gui@@QEAAXAEBV?$vector@HV?$allocator@H@ed@@@ed@@@Z,"public: void __cdecl gui::Grid::stretchColumns(class ed::vector<int, class ed::allocator<int>> const &)",method,gui,Grid,stretchColumns,"class ed::vector<int, class ed::allocator<int>> const &",False,False,False,False,False,False,True
2470,2469,0x9A5,?submitCustomOverlay@GUI@gui@@QEAAX_J@Z,public: void __cdecl gui::GUI::submitCustomOverlay(__int64),method,gui,GUI,submitCustomOverlay,__int64,False,False,False,False,False,False,True
2471,2470,0x9A6,?submitCustomOverlay@GUI@gui@@QEAAX_JV?$function@$$A6AXPEAVGraphicCommands@gui@@@Z@std@@@Z,"public: void __cdecl gui::GUI::submitCustomOverlay(__int64, class std::function<void __cdecl(class gui::GraphicCommands *)>)",method,gui,GUI,submitCustomOverlay,"__int64, class std::function<void __cdecl(class gui::GraphicCommands *)>",False,False,False,False,False,False,True
2472,2471,0x9A7,?submitGraphicCommands@GUI@gui@@QEAAXV?$function@$$A6AXPEAVGraphicCommands@gui@@@Z@std@@@Z,public: void __cdecl gui::GUI::submitGraphicCommands(class std::function<void __cdecl(class gui::GraphicCommands *)>),method,gui,GUI,submitGraphicCommands,class std::function<void __cdecl(class gui::GraphicCommands *)>,False,False,False,False,False,False,True
2473,2472,0x9A8,?submitPolyline@gui@@YAXPEAVGraphicCommands@1@AEBUuiPolyLine@@_NH@Z,"void __cdecl gui::submitPolyline(class gui::GraphicCommands *, struct uiPolyLine const &, bool, int)",method,,gui,submitPolyline,"class gui::GraphicCommands *, struct uiPolyLine const &, bool, int",False,False,False,False,False,False,True
2474,2473,0x9A9,?submitPolylineWithCache@gui@@YAXPEAVGraphicCommands@1@AEA_NIAEBUuiPolyLine@@_NH@Z,"void __cdecl gui::submitPolylineWithCache(class gui::GraphicCommands *, bool &, unsigned int, struct uiPolyLine const &, bool, int)",method,,gui,submitPolylineWithCache,"class gui::GraphicCommands *, bool &, unsigned int, struct uiPolyLine const &, bool, int",False,False,False,False,False,False,True
2475,2474,0x9AA,?thumbPressedCallbackName@ScrollBar@gui@@2V?$basic_string@D@ed@@B,public: static class ed::basic_string<char> const gui::ScrollBar::thumbPressedCallbackName,symbol,,,,,False,False,False,False,False,False,True
2476,2475,0x9AB,?thumbPressedCallbackName@Slider@gui@@2V?$basic_string@D@ed@@B,public: static class ed::basic_string<char> const gui::Slider::thumbPressedCallbackName,symbol,,,,,False,False,False,False,False,False,True
2477,2476,0x9AC,?thumbReleasedCallbackName@ScrollBar@gui@@2V?$basic_string@D@ed@@B,public: static class ed::basic_string<char> const gui::ScrollBar::thumbReleasedCallbackName,symbol,,,,,False,False,False,False,False,False,True
2478,2477,0x9AD,?thumbReleasedCallbackName@Slider@gui@@2V?$basic_string@D@ed@@B,public: static class ed::basic_string<char> const gui::Slider::thumbReleasedCallbackName,symbol,,,,,False,False,False,False,False,False,True
2479,2478,0x9AE,?unloadParams@Data@skin@gui@@QEBAXPEAUlua_State@@@Z,public: void __cdecl gui::skin::Data::unloadParams(struct lua_State *) const,method,gui::skin,Data,unloadParams,struct lua_State *,True,False,False,False,False,False,True
2480,2479,0x9AF,?unloadParamsToTable@Data@skin@gui@@QEBAXPEAUlua_State@@@Z,public: void __cdecl gui::skin::Data::unloadParamsToTable(struct lua_State *) const,method,gui::skin,Data,unloadParamsToTable,struct lua_State *,True,False,False,False,False,False,True
2481,2480,0x9B0,?unloadParams_@Data@skin@gui@@MEBAXPEAUlua_State@@@Z,protected: virtual void __cdecl gui::skin::Data::unloadParams_(struct lua_State *) const,method,gui::skin,Data,unloadParams_,struct lua_State *,True,False,True,False,False,False,True
2482,2481,0x9B1,?unloadSkinData_@Skin@skin@gui@@MEBAXPEAUlua_State@@@Z,protected: virtual void __cdecl gui::skin::Skin::unloadSkinData_(struct lua_State *) const,method,gui::skin,Skin,unloadSkinData_,struct lua_State *,True,False,True,False,False,False,True
2483,2482,0x9B2,?unloadSkin_@Skin@skin@gui@@MEBAXPEAUlua_State@@@Z,protected: virtual void __cdecl gui::skin::Skin::unloadSkin_(struct lua_State *) const,method,gui::skin,Skin,unloadSkin_,struct lua_State *,True,False,True,False,False,False,True
2484,2483,0x9B3,?unloadState_@Data@skin@gui@@MEBAXPEAUlua_State@@W4InteractiveState@23@AEBV?$unordered_map@HV?$shared_ptr@VStateInfo@skin@gui@@@std@@U?$hash@H@2@U?$equal_to@H@2@V?$allocator@U?$pair@$$CBHV?$shared_ptr@VStateInfo@skin@gui@@@std@@@std@@@ed@@@std@@@Z,"protected: virtual void __cdecl gui::skin::Data::unloadState_(struct lua_State *, enum gui::skin::InteractiveState, class std::unordered_map<int, class std::shared_ptr<class gui::skin::StateInfo>, struct std::hash<int>, struct std::equal_to<int>, class ed::allocator<struct std::pair<int const, class std::shared_ptr<class gui::skin::StateInfo>>>> const &) const",method,gui::skin,Data,unloadState_,"struct lua_State *, enum gui::skin::InteractiveState, class std::unordered_map<int, class std::shared_ptr<class gui::skin::StateInfo>, struct std::hash<int>, struct std::equal_to<int>, class ed::allocator<struct std::pair<int const, class std::shared_ptr<class gui::skin::StateInfo>>>> const &",True,False,True,False,False,False,True
2485,2484,0x9B4,?unloadStates@Data@skin@gui@@QEBAXPEAUlua_State@@@Z,public: void __cdecl gui::skin::Data::unloadStates(struct lua_State *) const,method,gui::skin,Data,unloadStates,struct lua_State *,True,False,False,False,False,False,True
2486,2485,0x9B5,?unloadSubSkin_@Skin@skin@gui@@MEBAXPEAUlua_State@@PEBDAEBVData@23@@Z,"protected: virtual void __cdecl gui::skin::Skin::unloadSubSkin_(struct lua_State *, char const *, class gui::skin::Data const &) const",method,gui::skin,Skin,unloadSubSkin_,"struct lua_State *, char const *, class gui::skin::Data const &",True,False,True,False,False,False,True
2487,2486,0x9B6,?unloadSubSkin_@Skin@skin@gui@@MEBAXPEAUlua_State@@PEBDPEBV123@@Z,"protected: virtual void __cdecl gui::skin::Skin::unloadSubSkin_(struct lua_State *, char const *, class gui::skin::Skin const *) const",method,gui::skin,Skin,unloadSubSkin_,"struct lua_State *, char const *, class gui::skin::Skin const *",True,False,True,False,False,False,True
2488,2487,0x9B7,?unloadSubSkins_@AutoScrollTextSkin@skin@gui@@MEBAXPEAUlua_State@@@Z,protected: virtual void __cdecl gui::skin::AutoScrollTextSkin::unloadSubSkins_(struct lua_State *) const,method,gui::skin,AutoScrollTextSkin,unloadSubSkins_,struct lua_State *,True,False,True,False,False,False,True
2489,2488,0x9B8,?unloadSubSkins_@CheckListBoxSkin@skin@gui@@MEBAXPEAUlua_State@@@Z,protected: virtual void __cdecl gui::skin::CheckListBoxSkin::unloadSubSkins_(struct lua_State *) const,method,gui::skin,CheckListBoxSkin,unloadSubSkins_,struct lua_State *,True,False,True,False,False,False,True
2490,2489,0x9B9,?unloadSubSkins_@ComboBoxSkin@skin@gui@@MEBAXPEAUlua_State@@@Z,protected: virtual void __cdecl gui::skin::ComboBoxSkin::unloadSubSkins_(struct lua_State *) const,method,gui::skin,ComboBoxSkin,unloadSubSkins_,struct lua_State *,True,False,True,False,False,False,True
2491,2490,0x9BA,?unloadSubSkins_@ComboListSkin@skin@gui@@MEBAXPEAUlua_State@@@Z,protected: virtual void __cdecl gui::skin::ComboListSkin::unloadSubSkins_(struct lua_State *) const,method,gui::skin,ComboListSkin,unloadSubSkins_,struct lua_State *,True,False,True,False,False,False,True
2492,2491,0x9BB,?unloadSubSkins_@DialSkin@skin@gui@@MEBAXPEAUlua_State@@@Z,protected: virtual void __cdecl gui::skin::DialSkin::unloadSubSkins_(struct lua_State *) const,method,gui::skin,DialSkin,unloadSubSkins_,struct lua_State *,True,False,True,False,False,False,True
2493,2492,0x9BC,?unloadSubSkins_@EditBoxSkin@skin@gui@@MEBAXPEAUlua_State@@@Z,protected: virtual void __cdecl gui::skin::EditBoxSkin::unloadSubSkins_(struct lua_State *) const,method,gui::skin,EditBoxSkin,unloadSubSkins_,struct lua_State *,True,False,True,False,False,False,True
2494,2493,0x9BD,?unloadSubSkins_@ListBoxSkin@skin@gui@@MEBAXPEAUlua_State@@@Z,protected: virtual void __cdecl gui::skin::ListBoxSkin::unloadSubSkins_(struct lua_State *) const,method,gui::skin,ListBoxSkin,unloadSubSkins_,struct lua_State *,True,False,True,False,False,False,True
2495,2494,0x9BE,?unloadSubSkins_@MenuBarSkin@skin@gui@@MEBAXPEAUlua_State@@@Z,protected: virtual void __cdecl gui::skin::MenuBarSkin::unloadSubSkins_(struct lua_State *) const,method,gui::skin,MenuBarSkin,unloadSubSkins_,struct lua_State *,True,False,True,False,False,False,True
2496,2495,0x9BF,?unloadSubSkins_@ScrollBarSkin@skin@gui@@MEBAXPEAUlua_State@@@Z,protected: virtual void __cdecl gui::skin::ScrollBarSkin::unloadSubSkins_(struct lua_State *) const,method,gui::skin,ScrollBarSkin,unloadSubSkins_,struct lua_State *,True,False,True,False,False,False,True
2497,2496,0x9C0,?unloadSubSkins_@ScrollPaneSkin@skin@gui@@MEBAXPEAUlua_State@@@Z,protected: virtual void __cdecl gui::skin::ScrollPaneSkin::unloadSubSkins_(struct lua_State *) const,method,gui::skin,ScrollPaneSkin,unloadSubSkins_,struct lua_State *,True,False,True,False,False,False,True
2498,2497,0x9C1,?unloadSubSkins_@Skin@skin@gui@@MEBAXPEAUlua_State@@@Z,protected: virtual void __cdecl gui::skin::Skin::unloadSubSkins_(struct lua_State *) const,method,gui::skin,Skin,unloadSubSkins_,struct lua_State *,True,False,True,False,False,False,True
2499,2498,0x9C2,?unloadSubSkins_@SliderSkin@skin@gui@@MEBAXPEAUlua_State@@@Z,protected: virtual void __cdecl gui::skin::SliderSkin::unloadSubSkins_(struct lua_State *) const,method,gui::skin,SliderSkin,unloadSubSkins_,struct lua_State *,True,False,True,False,False,False,True
2500,2499,0x9C3,?unloadSubSkins_@SpinBoxSkin@skin@gui@@MEBAXPEAUlua_State@@@Z,protected: virtual void __cdecl gui::skin::SpinBoxSkin::unloadSubSkins_(struct lua_State *) const,method,gui::skin,SpinBoxSkin,unloadSubSkins_,struct lua_State *,True,False,True,False,False,False,True
2501,2500,0x9C4,?update@Application@gui@@UEAAXXZ,public: virtual void __cdecl gui::Application::update(void),method,gui,Application,update,void,False,False,True,False,False,False,True
2502,2501,0x9C5,?update@GridHeader@gui@@QEAAXXZ,public: void __cdecl gui::GridHeader::update(void),method,gui,GridHeader,update,void,False,False,False,False,False,False,True
2503,2502,0x9C6,?update@GridView@gui@@QEAAXXZ,public: void __cdecl gui::GridView::update(void),method,gui,GridView,update,void,False,False,False,False,False,False,True
2504,2503,0x9C7,?update@ShaderEffect@skin@gui@@UEAAXM@Z,public: virtual void __cdecl gui::skin::ShaderEffect::update(float),method,gui::skin,ShaderEffect,update,float,False,False,True,False,False,False,True
2505,2504,0x9C8,?updateArrowAngle_@Dial@gui@@MEAAXAEBVVec2i@osg@@@Z,protected: virtual void __cdecl gui::Dial::updateArrowAngle_(class osg::Vec2i const &),method,gui,Dial,updateArrowAngle_,class osg::Vec2i const &,False,False,True,False,False,False,True
2506,2505,0x9C9,?updateArrowPosition_@Dial@gui@@MEAAXXZ,protected: virtual void __cdecl gui::Dial::updateArrowPosition_(void),method,gui,Dial,updateArrowPosition_,void,False,False,True,False,False,False,True
2507,2506,0x9CA,?updateArrow_@Dial@gui@@MEAAXXZ,protected: virtual void __cdecl gui::Dial::updateArrow_(void),method,gui,Dial,updateArrow_,void,False,False,True,False,False,False,True
2508,2507,0x9CB,?updateCaretOffset_@EditBox@gui@@IEAAXXZ,protected: void __cdecl gui::EditBox::updateCaretOffset_(void),method,gui,EditBox,updateCaretOffset_,void,False,False,False,False,False,False,True
2509,2508,0x9CC,?updateCaretPosition_@EditBox@gui@@IEAAXXZ,protected: void __cdecl gui::EditBox::updateCaretPosition_(void),method,gui,EditBox,updateCaretPosition_,void,False,False,False,False,False,False,True
2510,2509,0x9CD,?updateChildren_@EditBox@gui@@MEAAXXZ,protected: virtual void __cdecl gui::EditBox::updateChildren_(void),method,gui,EditBox,updateChildren_,void,False,False,True,False,False,False,True
2511,2510,0x9CE,?updateChildren_@Grid@gui@@MEAAXXZ,protected: virtual void __cdecl gui::Grid::updateChildren_(void),method,gui,Grid,updateChildren_,void,False,False,True,False,False,False,True
2512,2511,0x9CF,?updateChildren_@ListBoxBase@gui@@IEAAXXZ,protected: void __cdecl gui::ListBoxBase::updateChildren_(void),method,gui,ListBoxBase,updateChildren_,void,False,False,False,False,False,False,True
2513,2512,0x9D0,?updateContent_@Menu@gui@@IEAAXXZ,protected: void __cdecl gui::Menu::updateContent_(void),method,gui,Menu,updateContent_,void,False,False,False,False,False,False,True
2514,2513,0x9D1,?updateContents_@EditBox@gui@@MEAAXXZ,protected: virtual void __cdecl gui::EditBox::updateContents_(void),method,gui,EditBox,updateContents_,void,False,False,True,False,False,False,True
2515,2514,0x9D2,?updateEditBox_@ComboBox@gui@@MEAAXXZ,protected: virtual void __cdecl gui::ComboBox::updateEditBox_(void),method,gui,ComboBox,updateEditBox_,void,False,False,True,False,False,False,True
2516,2515,0x9D3,?updateEditBox_@SpinBox@gui@@MEAAXXZ,protected: virtual void __cdecl gui::SpinBox::updateEditBox_(void),method,gui,SpinBox,updateEditBox_,void,False,False,True,False,False,False,True
2517,2516,0x9D4,?updateFillerSize_@HorzProgressBar@gui@@MEAAXXZ,protected: virtual void __cdecl gui::HorzProgressBar::updateFillerSize_(void),method,gui,HorzProgressBar,updateFillerSize_,void,False,False,True,False,False,False,True
2518,2517,0x9D5,?updateFillerSize_@HorzSlider@gui@@MEAAXXZ,protected: virtual void __cdecl gui::HorzSlider::updateFillerSize_(void),method,gui,HorzSlider,updateFillerSize_,void,False,False,True,False,False,False,True
2519,2518,0x9D6,?updateFillerSize_@VertProgressBar@gui@@MEAAXXZ,protected: virtual void __cdecl gui::VertProgressBar::updateFillerSize_(void),method,gui,VertProgressBar,updateFillerSize_,void,False,False,True,False,False,False,True
2520,2519,0x9D7,?updateFillerSize_@VertSlider@gui@@MEAAXXZ,protected: virtual void __cdecl gui::VertSlider::updateFillerSize_(void),method,gui,VertSlider,updateFillerSize_,void,False,False,True,False,False,False,True
2521,2520,0x9D8,?updateFiller_@HorzRangeIndicator@gui@@MEAAXXZ,protected: virtual void __cdecl gui::HorzRangeIndicator::updateFiller_(void),method,gui,HorzRangeIndicator,updateFiller_,void,False,False,True,False,False,False,True
2522,2521,0x9D9,?updateFiller_@ProgressBar@gui@@MEAAXXZ,protected: virtual void __cdecl gui::ProgressBar::updateFiller_(void),method,gui,ProgressBar,updateFiller_,void,False,False,True,False,False,False,True
2523,2522,0x9DA,?updateFiller_@VertRangeIndicator@gui@@MEAAXXZ,protected: virtual void __cdecl gui::VertRangeIndicator::updateFiller_(void),method,gui,VertRangeIndicator,updateFiller_,void,False,False,True,False,False,False,True
2524,2523,0x9DB,?updateHeaderSize_@Grid@gui@@MEAAX_N@Z,protected: virtual void __cdecl gui::Grid::updateHeaderSize_(bool),method,gui,Grid,updateHeaderSize_,bool,False,False,True,False,False,False,True
2525,2524,0x9DC,?updateHeader_@Grid@gui@@MEAAXXZ,protected: virtual void __cdecl gui::Grid::updateHeader_(void),method,gui,Grid,updateHeader_,void,False,False,True,False,False,False,True
2526,2525,0x9DD,?updateHorzScrollBarSize_@EditBox@gui@@MEAAX_N0@Z,"protected: virtual void __cdecl gui::EditBox::updateHorzScrollBarSize_(bool, bool)",method,gui,EditBox,updateHorzScrollBarSize_,"bool, bool",False,False,True,False,False,False,True
2527,2526,0x9DE,?updateHorzScrollBarSize_@Grid@gui@@MEAAX_N@Z,protected: virtual void __cdecl gui::Grid::updateHorzScrollBarSize_(bool),method,gui,Grid,updateHorzScrollBarSize_,bool,False,False,True,False,False,False,True
2528,2527,0x9DF,?updateHorzScrollBarSize_@ListBoxBase@gui@@IEAAX_N@Z,protected: void __cdecl gui::ListBoxBase::updateHorzScrollBarSize_(bool),method,gui,ListBoxBase,updateHorzScrollBarSize_,bool,False,False,False,False,False,False,True
2529,2528,0x9E0,?updateHorzScrollBar_@EditBox@gui@@MEAAX_N@Z,protected: virtual void __cdecl gui::EditBox::updateHorzScrollBar_(bool),method,gui,EditBox,updateHorzScrollBar_,bool,False,False,True,False,False,False,True
2530,2529,0x9E1,?updateHorzScrollBar_@Grid@gui@@MEAAX_N@Z,protected: virtual void __cdecl gui::Grid::updateHorzScrollBar_(bool),method,gui,Grid,updateHorzScrollBar_,bool,False,False,True,False,False,False,True
2531,2530,0x9E2,?updateHorzScrollBar_@ListBoxBase@gui@@IEAAX_N@Z,protected: void __cdecl gui::ListBoxBase::updateHorzScrollBar_(bool),method,gui,ListBoxBase,updateHorzScrollBar_,bool,False,False,False,False,False,False,True
2532,2531,0x9E3,?updateHoveredRow@GridView@gui@@QEAAXXZ,public: void __cdecl gui::GridView::updateHoveredRow(void),method,gui,GridView,updateHoveredRow,void,False,False,False,False,False,False,True
2533,2532,0x9E4,?updateHoveredRow_@Grid@gui@@IEAAXAEBVVec2i@osg@@@Z,protected: void __cdecl gui::Grid::updateHoveredRow_(class osg::Vec2i const &),method,gui,Grid,updateHoveredRow_,class osg::Vec2i const &,False,False,False,False,False,False,True
2534,2533,0x9E5,?updateHoveredWidget_@Container@gui@@IEAAXAEBVVec2i@osg@@@Z,protected: void __cdecl gui::Container::updateHoveredWidget_(class osg::Vec2i const &),method,gui,Container,updateHoveredWidget_,class osg::Vec2i const &,False,False,False,False,False,False,True
2535,2534,0x9E6,?updateLayout@Container@gui@@UEAAX_N@Z,public: virtual void __cdecl gui::Container::updateLayout(bool),method,gui,Container,updateLayout,bool,False,False,True,False,False,False,True
2536,2535,0x9E7,?updateLines@EditBoxView@gui@@QEAAXAEBV?$vector@PEAVEditBoxItem@gui@@V?$allocator@PEAVEditBoxItem@gui@@@ed@@@ed@@H@Z,"public: void __cdecl gui::EditBoxView::updateLines(class ed::vector<class gui::EditBoxItem *, class ed::allocator<class gui::EditBoxItem *>> const &, int)",method,gui,EditBoxView,updateLines,"class ed::vector<class gui::EditBoxItem *, class ed::allocator<class gui::EditBoxItem *>> const &, int",False,False,False,False,False,False,True
2537,2536,0x9E8,?updateLinesHorzOffset@EditBoxView@gui@@QEAAXH@Z,public: void __cdecl gui::EditBoxView::updateLinesHorzOffset(int),method,gui,EditBoxView,updateLinesHorzOffset,int,False,False,False,False,False,False,True
2538,2537,0x9E9,?updateMaxItemCount@ComboBoxSkin@skin@gui@@UEAAXXZ,public: virtual void __cdecl gui::skin::ComboBoxSkin::updateMaxItemCount(void),method,gui::skin,ComboBoxSkin,updateMaxItemCount,void,False,False,True,False,False,False,True
2539,2538,0x9EA,?updateMaxItemCount@ComboListSkin@skin@gui@@UEAAXXZ,public: virtual void __cdecl gui::skin::ComboListSkin::updateMaxItemCount(void),method,gui::skin,ComboListSkin,updateMaxItemCount,void,False,False,True,False,False,False,True
2540,2539,0x9EB,?updateScrollBars_@EditBox@gui@@IEAAXXZ,protected: void __cdecl gui::EditBox::updateScrollBars_(void),method,gui,EditBox,updateScrollBars_,void,False,False,False,False,False,False,True
2541,2540,0x9EC,?updateSearch@ComboBoxWindow@gui@@QEAAX_N@Z,public: void __cdecl gui::ComboBoxWindow::updateSearch(bool),method,gui,ComboBoxWindow,updateSearch,bool,False,False,False,False,False,False,True
2542,2541,0x9ED,?updateSelectedItem_@ListBoxBase@gui@@MEAA_NPEAVListBoxLineBase@2@@Z,protected: virtual bool __cdecl gui::ListBoxBase::updateSelectedItem_(class gui::ListBoxLineBase *),method,gui,ListBoxBase,updateSelectedItem_,class gui::ListBoxLineBase *,False,False,True,False,False,False,True
2543,2542,0x9EE,?updateSelection@ComboBoxWindow@gui@@QEAAXXZ,public: void __cdecl gui::ComboBoxWindow::updateSelection(void),method,gui,ComboBoxWindow,updateSelection,void,False,False,False,False,False,False,True
2544,2543,0x9EF,?updateSize@AnchorLayout@gui@@UEAAXXZ,public: virtual void __cdecl gui::AnchorLayout::updateSize(void),method,gui,AnchorLayout,updateSize,void,False,False,True,False,False,False,True
2545,2544,0x9F0,?updateSize@BorderLayout@gui@@UEAAXXZ,public: virtual void __cdecl gui::BorderLayout::updateSize(void),method,gui,BorderLayout,updateSize,void,False,False,True,False,False,False,True
2546,2545,0x9F1,?updateSize@Container@gui@@UEAAXXZ,public: virtual void __cdecl gui::Container::updateSize(void),method,gui,Container,updateSize,void,False,False,True,False,False,False,True
2547,2546,0x9F2,?updateSize@FormLayout@gui@@UEAAXXZ,public: virtual void __cdecl gui::FormLayout::updateSize(void),method,gui,FormLayout,updateSize,void,False,False,True,False,False,False,True
2548,2547,0x9F3,?updateSize@HorzLayout@gui@@UEAAXXZ,public: virtual void __cdecl gui::HorzLayout::updateSize(void),method,gui,HorzLayout,updateSize,void,False,False,True,False,False,False,True
2549,2548,0x9F4,?updateSize@Layout@gui@@UEAAXXZ,public: virtual void __cdecl gui::Layout::updateSize(void),method,gui,Layout,updateSize,void,False,False,True,False,False,False,True
2550,2549,0x9F5,?updateSize@VertLayout@gui@@UEAAXXZ,public: virtual void __cdecl gui::VertLayout::updateSize(void),method,gui,VertLayout,updateSize,void,False,False,True,False,False,False,True
2551,2550,0x9F6,?updateSize@Widget@gui@@UEAAXXZ,public: virtual void __cdecl gui::Widget::updateSize(void),method,gui,Widget,updateSize,void,False,False,True,False,False,False,True
2552,2551,0x9F7,?updateSize_@Menu@gui@@MEAAXXZ,protected: virtual void __cdecl gui::Menu::updateSize_(void),method,gui,Menu,updateSize_,void,False,False,True,False,False,False,True
2553,2552,0x9F8,?updateSize_@Widget@gui@@MEAAXXZ,protected: virtual void __cdecl gui::Widget::updateSize_(void),method,gui,Widget,updateSize_,void,False,False,True,False,False,False,True
2554,2553,0x9F9,?updateTarget_@Skin@skin@gui@@MEAAXXZ,protected: virtual void __cdecl gui::skin::Skin::updateTarget_(void),method,gui::skin,Skin,updateTarget_,void,False,False,True,False,False,False,True
2555,2554,0x9FA,?updateTargets@UpdateManager@gui@@QEAAXXZ,public: void __cdecl gui::UpdateManager::updateTargets(void),method,gui,UpdateManager,updateTargets,void,False,False,False,False,False,False,True
2556,2555,0x9FB,?updateThumbPosition_@HorzScrollBar@gui@@MEAAXXZ,protected: virtual void __cdecl gui::HorzScrollBar::updateThumbPosition_(void),method,gui,HorzScrollBar,updateThumbPosition_,void,False,False,True,False,False,False,True
2557,2556,0x9FC,?updateThumbPosition_@HorzSlider@gui@@MEAAXXZ,protected: virtual void __cdecl gui::HorzSlider::updateThumbPosition_(void),method,gui,HorzSlider,updateThumbPosition_,void,False,False,True,False,False,False,True
2558,2557,0x9FD,?updateThumbPosition_@VertScrollBar@gui@@MEAAXXZ,protected: virtual void __cdecl gui::VertScrollBar::updateThumbPosition_(void),method,gui,VertScrollBar,updateThumbPosition_,void,False,False,True,False,False,False,True
2559,2558,0x9FE,?updateThumbPosition_@VertSlider@gui@@MEAAXXZ,protected: virtual void __cdecl gui::VertSlider::updateThumbPosition_(void),method,gui,VertSlider,updateThumbPosition_,void,False,False,True,False,False,False,True
2560,2559,0x9FF,?updateThumbSize_@HorzScrollBar@gui@@MEAAXXZ,protected: virtual void __cdecl gui::HorzScrollBar::updateThumbSize_(void),method,gui,HorzScrollBar,updateThumbSize_,void,False,False,True,False,False,False,True
2561,2560,0xA00,?updateThumbSize_@HorzSlider@gui@@MEAAXXZ,protected: virtual void __cdecl gui::HorzSlider::updateThumbSize_(void),method,gui,HorzSlider,updateThumbSize_,void,False,False,True,False,False,False,True
2562,2561,0xA01,?updateThumbSize_@VertScrollBar@gui@@MEAAXXZ,protected: virtual void __cdecl gui::VertScrollBar::updateThumbSize_(void),method,gui,VertScrollBar,updateThumbSize_,void,False,False,True,False,False,False,True
2563,2562,0xA02,?updateThumbSize_@VertSlider@gui@@MEAAXXZ,protected: virtual void __cdecl gui::VertSlider::updateThumbSize_(void),method,gui,VertSlider,updateThumbSize_,void,False,False,True,False,False,False,True
2564,2563,0xA03,?updateVertScrollBarSize_@EditBox@gui@@MEAAX_N0@Z,"protected: virtual void __cdecl gui::EditBox::updateVertScrollBarSize_(bool, bool)",method,gui,EditBox,updateVertScrollBarSize_,"bool, bool",False,False,True,False,False,False,True
2565,2564,0xA04,?updateVertScrollBarSize_@Grid@gui@@MEAAX_N@Z,protected: virtual void __cdecl gui::Grid::updateVertScrollBarSize_(bool),method,gui,Grid,updateVertScrollBarSize_,bool,False,False,True,False,False,False,True
2566,2565,0xA05,?updateVertScrollBarSize_@ListBoxBase@gui@@IEAAX_N@Z,protected: void __cdecl gui::ListBoxBase::updateVertScrollBarSize_(bool),method,gui,ListBoxBase,updateVertScrollBarSize_,bool,False,False,False,False,False,False,True
2567,2566,0xA06,?updateVertScrollBar_@EditBox@gui@@MEAAX_N@Z,protected: virtual void __cdecl gui::EditBox::updateVertScrollBar_(bool),method,gui,EditBox,updateVertScrollBar_,bool,False,False,True,False,False,False,True
2568,2567,0xA07,?updateVertScrollBar_@Grid@gui@@MEAAX_N@Z,protected: virtual void __cdecl gui::Grid::updateVertScrollBar_(bool),method,gui,Grid,updateVertScrollBar_,bool,False,False,True,False,False,False,True
2569,2568,0xA08,?updateVertScrollBar_@ListBoxBase@gui@@IEAAX_N@Z,protected: void __cdecl gui::ListBoxBase::updateVertScrollBar_(bool),method,gui,ListBoxBase,updateVertScrollBar_,bool,False,False,False,False,False,False,True
2570,2569,0xA09,?updateViewSize_@EditBox@gui@@MEAAX_N0@Z,"protected: virtual void __cdecl gui::EditBox::updateViewSize_(bool, bool)",method,gui,EditBox,updateViewSize_,"bool, bool",False,False,True,False,False,False,True
2571,2570,0xA0A,?updateViewSize_@Grid@gui@@MEAAX_N0@Z,"protected: virtual void __cdecl gui::Grid::updateViewSize_(bool, bool)",method,gui,Grid,updateViewSize_,"bool, bool",False,False,True,False,False,False,True
2572,2571,0xA0B,?updateViewSize_@ListBoxBase@gui@@IEAAX_N0@Z,"protected: void __cdecl gui::ListBoxBase::updateViewSize_(bool, bool)",method,gui,ListBoxBase,updateViewSize_,"bool, bool",False,False,False,False,False,False,True
2573,2572,0xA0C,?updateView_@ComboList@gui@@MEAAXXZ,protected: virtual void __cdecl gui::ComboList::updateView_(void),method,gui,ComboList,updateView_,void,False,False,True,False,False,False,True
2574,2573,0xA0D,?updateView_@EditBox@gui@@MEAAXXZ,protected: virtual void __cdecl gui::EditBox::updateView_(void),method,gui,EditBox,updateView_,void,False,False,True,False,False,False,True
2575,2574,0xA0E,?updateView_@Grid@gui@@MEAAXXZ,protected: virtual void __cdecl gui::Grid::updateView_(void),method,gui,Grid,updateView_,void,False,False,True,False,False,False,True
2576,2575,0xA0F,?updateView_@ListBoxBase@gui@@MEAAXXZ,protected: virtual void __cdecl gui::ListBoxBase::updateView_(void),method,gui,ListBoxBase,updateView_,void,False,False,True,False,False,False,True
2577,2576,0xA10,?updateVisibleRowIndices_@Grid@gui@@IEAAXXZ,protected: void __cdecl gui::Grid::updateVisibleRowIndices_(void),method,gui,Grid,updateVisibleRowIndices_,void,False,False,False,False,False,False,True
2578,2577,0xA11,?updateVisibleRow_@Grid@gui@@MEAAXXZ,protected: virtual void __cdecl gui::Grid::updateVisibleRow_(void),method,gui,Grid,updateVisibleRow_,void,False,False,True,False,False,False,True
2579,2578,0xA12,?updateWidget@Skin@skin@gui@@UEBAX_N@Z,public: virtual void __cdecl gui::skin::Skin::updateWidget(bool) const,method,gui::skin,Skin,updateWidget,bool,True,False,True,False,False,False,True
2580,2579,0xA13,?updateWidgetBounds_@ScrollPane@gui@@IEAAXXZ,protected: void __cdecl gui::ScrollPane::updateWidgetBounds_(void),method,gui,ScrollPane,updateWidgetBounds_,void,False,False,False,False,False,False,True
2581,2580,0xA14,?updateWidgetsBounds@ScrollPane@gui@@QEAAXXZ,public: void __cdecl gui::ScrollPane::updateWidgetsBounds(void),method,gui,ScrollPane,updateWidgetsBounds,void,False,False,False,False,False,False,True
2582,2581,0xA15,?updateWidgetsSizes_@ScrollPane@gui@@IEAAX_N0@Z,"protected: void __cdecl gui::ScrollPane::updateWidgetsSizes_(bool, bool)",method,gui,ScrollPane,updateWidgetsSizes_,"bool, bool",False,False,False,False,False,False,True
2583,2582,0xA16,?updateWidgets_@WindowBase@gui@@MEAAXXZ,protected: virtual void __cdecl gui::WindowBase::updateWidgets_(void),method,gui,WindowBase,updateWidgets_,void,False,False,True,False,False,False,True
2584,2583,0xA17,?updateWidth@ListBoxLineBase@gui@@QEAAXXZ,public: void __cdecl gui::ListBoxLineBase::updateWidth(void),method,gui,ListBoxLineBase,updateWidth,void,False,False,False,False,False,False,True
2585,2584,0xA18,?update_@Menu@gui@@IEAAXN@Z,protected: void __cdecl gui::Menu::update_(double),method,gui,Menu,update_,double,False,False,False,False,False,False,True
2586,2585,0xA19,?update_@PieMenu@gui@@IEAAXN@Z,protected: void __cdecl gui::PieMenu::update_(double),method,gui,PieMenu,update_,double,False,False,False,False,False,False,True
2587,2586,0xA1A,?validatePageStep_@Dial@gui@@MEBANN@Z,protected: virtual double __cdecl gui::Dial::validatePageStep_(double) const,method,gui,Dial,validatePageStep_,double,True,False,True,False,False,False,True
2588,2587,0xA1B,?validatePageStep_@ScrollBarBase@gui@@MEBANN@Z,protected: virtual double __cdecl gui::ScrollBarBase::validatePageStep_(double) const,method,gui,ScrollBarBase,validatePageStep_,double,True,False,True,False,False,False,True
2589,2588,0xA1C,?validatePageStep_@Slider@gui@@MEBANN@Z,protected: virtual double __cdecl gui::Slider::validatePageStep_(double) const,method,gui,Slider,validatePageStep_,double,True,False,True,False,False,False,True
2590,2589,0xA1D,?validateRange_@Dial@gui@@MEBA_NNN@Z,"protected: virtual bool __cdecl gui::Dial::validateRange_(double, double) const",method,gui,Dial,validateRange_,"double, double",True,False,True,False,False,False,True
2591,2590,0xA1E,?validateRange_@ProgressBar@gui@@MEBA_NNN@Z,"protected: virtual bool __cdecl gui::ProgressBar::validateRange_(double, double) const",method,gui,ProgressBar,validateRange_,"double, double",True,False,True,False,False,False,True
2592,2591,0xA1F,?validateRange_@RangeIndicator@gui@@MEBA_NNN@Z,"protected: virtual bool __cdecl gui::RangeIndicator::validateRange_(double, double) const",method,gui,RangeIndicator,validateRange_,"double, double",True,False,True,False,False,False,True
2593,2592,0xA20,?validateRange_@ScrollBarBase@gui@@MEBA_NNN@Z,"protected: virtual bool __cdecl gui::ScrollBarBase::validateRange_(double, double) const",method,gui,ScrollBarBase,validateRange_,"double, double",True,False,True,False,False,False,True
2594,2593,0xA21,?validateRange_@Slider@gui@@MEBA_NNN@Z,"protected: virtual bool __cdecl gui::Slider::validateRange_(double, double) const",method,gui,Slider,validateRange_,"double, double",True,False,True,False,False,False,True
2595,2594,0xA22,?validateRange_@SpinBox@gui@@MEBA_NNN@Z,"protected: virtual bool __cdecl gui::SpinBox::validateRange_(double, double) const",method,gui,SpinBox,validateRange_,"double, double",True,False,True,False,False,False,True
2596,2595,0xA23,?validateSize_@Menu@gui@@MEBA?AVVec2i@osg@@AEBV34@@Z,protected: virtual class osg::Vec2i __cdecl gui::Menu::validateSize_(class osg::Vec2i const &) const,method,gui,Menu,validateSize_,class osg::Vec2i const &,True,False,True,False,False,False,True
2597,2596,0xA24,?validateSize_@MenuItemBase@gui@@MEBA?AVVec2i@osg@@AEBV34@@Z,protected: virtual class osg::Vec2i __cdecl gui::MenuItemBase::validateSize_(class osg::Vec2i const &) const,method,gui,MenuItemBase,validateSize_,class osg::Vec2i const &,True,False,True,False,False,False,True
2598,2597,0xA25,?validateSize_@Widget@gui@@MEBA?AVVec2i@osg@@AEBV34@@Z,protected: virtual class osg::Vec2i __cdecl gui::Widget::validateSize_(class osg::Vec2i const &) const,method,gui,Widget,validateSize_,class osg::Vec2i const &,True,False,True,False,False,False,True
2599,2598,0xA26,?validateState_@ToggleButton@gui@@MEBAHH@Z,protected: virtual int __cdecl gui::ToggleButton::validateState_(int) const,method,gui,ToggleButton,validateState_,int,True,False,True,False,False,False,True
2600,2599,0xA27,?validateStep_@Dial@gui@@MEBANN@Z,protected: virtual double __cdecl gui::Dial::validateStep_(double) const,method,gui,Dial,validateStep_,double,True,False,True,False,False,False,True
2601,2600,0xA28,?validateStep_@ProgressBar@gui@@MEBANN@Z,protected: virtual double __cdecl gui::ProgressBar::validateStep_(double) const,method,gui,ProgressBar,validateStep_,double,True,False,True,False,False,False,True
2602,2601,0xA29,?validateStep_@ScrollBarBase@gui@@MEBANN@Z,protected: virtual double __cdecl gui::ScrollBarBase::validateStep_(double) const,method,gui,ScrollBarBase,validateStep_,double,True,False,True,False,False,False,True
2603,2602,0xA2A,?validateStep_@Slider@gui@@MEBANN@Z,protected: virtual double __cdecl gui::Slider::validateStep_(double) const,method,gui,Slider,validateStep_,double,True,False,True,False,False,False,True
2604,2603,0xA2B,?validateThumbValue_@ScrollBarBase@gui@@MEBANN@Z,protected: virtual double __cdecl gui::ScrollBarBase::validateThumbValue_(double) const,method,gui,ScrollBarBase,validateThumbValue_,double,True,False,True,False,False,False,True
2605,2604,0xA2C,?validateValueRange_@RangeIndicator@gui@@MEBA_NNN@Z,"protected: virtual bool __cdecl gui::RangeIndicator::validateValueRange_(double, double) const",method,gui,RangeIndicator,validateValueRange_,"double, double",True,False,True,False,False,False,True
2606,2605,0xA2D,?validateValue_@Dial@gui@@MEBANN@Z,protected: virtual double __cdecl gui::Dial::validateValue_(double) const,method,gui,Dial,validateValue_,double,True,False,True,False,False,False,True
2607,2606,0xA2E,?validateValue_@ProgressBar@gui@@MEBANN@Z,protected: virtual double __cdecl gui::ProgressBar::validateValue_(double) const,method,gui,ProgressBar,validateValue_,double,True,False,True,False,False,False,True
2608,2607,0xA2F,?validateValue_@ScrollBarBase@gui@@MEBANN@Z,protected: virtual double __cdecl gui::ScrollBarBase::validateValue_(double) const,method,gui,ScrollBarBase,validateValue_,double,True,False,True,False,False,False,True
2609,2608,0xA30,?validateValue_@Slider@gui@@MEBANN@Z,protected: virtual double __cdecl gui::Slider::validateValue_(double) const,method,gui,Slider,validateValue_,double,True,False,True,False,False,False,True
2610,2609,0xA31,?validateValue_@SpinBox@gui@@MEBANN@Z,protected: virtual double __cdecl gui::SpinBox::validateValue_(double) const,method,gui,SpinBox,validateValue_,double,True,False,True,False,False,False,True
2611,2610,0xA32,?viewportToScreen@GUI@gui@@QEBA?AV?$RectImpl@VVec2i@osg@@@osg@@AEBV34@@Z,public: class osg::RectImpl<class osg::Vec2i> __cdecl gui::GUI::viewportToScreen(class osg::RectImpl<class osg::Vec2i> const &) const,method,gui,GUI,viewportToScreen,class osg::RectImpl<class osg::Vec2i> const &,True,False,False,False,False,False,True
2612,2611,0xA33,?widgetToParentWidget@Widget@gui@@QEBA?AVVec2i@osg@@AEBV34@PEAV12@@Z,"public: class osg::Vec2i __cdecl gui::Widget::widgetToParentWidget(class osg::Vec2i const &, class gui::Widget *) const",method,gui,Widget,widgetToParentWidget,"class osg::Vec2i const &, class gui::Widget *",True,False,False,False,False,False,True
2613,2612,0xA34,?widgetToScreen@Widget@gui@@UEBA?AVVec2i@osg@@AEBV34@@Z,public: virtual class osg::Vec2i __cdecl gui::Widget::widgetToScreen(class osg::Vec2i const &) const,method,gui,Widget,widgetToScreen,class osg::Vec2i const &,True,False,True,False,False,False,True
2614,2613,0xA35,?windowPlacementInfoInvalidate@Application@gui@@UEAAXXZ,public: virtual void __cdecl gui::Application::windowPlacementInfoInvalidate(void),method,gui,Application,windowPlacementInfoInvalidate,void,False,False,True,False,False,False,True
