ordinal,rva,rva_hex,name,demangled,symbol_type,namespace,class_name,function_name,parameters,const,static,virtual,is_vftable,is_vbtable,is_rtti,demangle_ok
1,0,0x0,??0?$Evoker@VLandObjectDestroyNotifierBase@@V?$Link@VLandObjectDestroyNotifierBase@@@@@@QEAA@AEBV0@@Z,"public: __cdecl Evoker<class LandObjectDestroyNotifierBase, class Link<class LandObjectDestroyNotifierBase>>::Evoker<class LandObjectDestroyNotifierBase, class Link<class LandObjectDestroyNotifierBase>>(class Evoker<class LandObjectDestroyNotifierBase, class Link<class LandObjectDestroyNotifierBase>> const &)",function,,,LandObjectDestroyNotifierBase>>,"class Evoker<class LandObjectDestroyNotifierBase, class Link<class LandObjectDestroyNotifierBase>> const &",False,False,False,False,False,False,True
2,1,0x1,??0?$Evoker@VLandObjectDestroyNotifierBase@@V?$Link@VLandObjectDestroyNotifierBase@@@@@@QEAA@XZ,"public: __cdecl Evoker<class LandObjectDestroyNotifierBase, class Link<class LandObjectDestroyNotifierBase>>::Evoker<class LandObjectDestroyNotifierBase, class Link<class LandObjectDestroyNotifierBase>>(void)",function,,,LandObjectDestroyNotifierBase>>,void,False,False,False,False,False,False,True
3,2,0x2,??0DamageInfo@@QEAA@MHW4DamageCause@@I@Z,"public: __cdecl DamageInfo::DamageInfo(float, int, enum DamageCause, unsigned int)",method,,DamageInfo,DamageInfo,"float, int, enum DamageCause, unsigned int",False,False,False,False,False,False,True
4,3,0x3,??0DistanceKiller@@QEAA@AEBV0@@Z,public: __cdecl DistanceKiller::DistanceKiller(class DistanceKiller const &),method,,DistanceKiller,DistanceKiller,class DistanceKiller const &,False,False,False,False,False,False,True
5,4,0x4,??0DistanceKiller@@QEAA@MPEAVDistanceKillerManager@@@Z,"public: __cdecl DistanceKiller::DistanceKiller(float, class DistanceKillerManager *)",method,,DistanceKiller,DistanceKiller,"float, class DistanceKillerManager *",False,False,False,False,False,False,True
6,5,0x5,??0DistanceKillerManager@@QEAA@AEBV0@@Z,public: __cdecl DistanceKillerManager::DistanceKillerManager(class DistanceKillerManager const &),method,,DistanceKillerManager,DistanceKillerManager,class DistanceKillerManager const &,False,False,False,False,False,False,True
7,6,0x6,??0DistanceKillerManager@@QEAA@M@Z,public: __cdecl DistanceKillerManager::DistanceKillerManager(float),method,,DistanceKillerManager,DistanceKillerManager,float,False,False,False,False,False,False,True
8,7,0x7,??0ForestSceneObject@@QEAA@$$QEAV0@@Z,public: __cdecl ForestSceneObject::ForestSceneObject(class ForestSceneObject &&),method,,ForestSceneObject,ForestSceneObject,class ForestSceneObject &&,False,False,False,False,False,False,True
9,8,0x8,??0ForestSceneObject@@QEAA@AEBV0@@Z,public: __cdecl ForestSceneObject::ForestSceneObject(class ForestSceneObject const &),method,,ForestSceneObject,ForestSceneObject,class ForestSceneObject const &,False,False,False,False,False,False,True
10,9,0x9,??0ForestSceneObject@@QEAA@VMatrixd@osg@@PEAVIModel@model@@@Z,"public: __cdecl ForestSceneObject::ForestSceneObject(class osg::Matrixd, class model::IModel *)",method,,ForestSceneObject,ForestSceneObject,"class osg::Matrixd, class model::IModel *",False,False,False,False,False,False,True
11,10,0xA,??0HierarchyLayer@@QEAA@AEBV0@@Z,public: __cdecl HierarchyLayer::HierarchyLayer(class HierarchyLayer const &),method,,HierarchyLayer,HierarchyLayer,class HierarchyLayer const &,False,False,False,False,False,False,True
12,11,0xB,??0HierarchyLayer@@QEAA@XZ,public: __cdecl HierarchyLayer::HierarchyLayer(void),method,,HierarchyLayer,HierarchyLayer,void,False,False,False,False,False,False,True
13,12,0xC,??0HierarchyLinearNode@@QEAA@AEBV0@@Z,public: __cdecl HierarchyLinearNode::HierarchyLinearNode(class HierarchyLinearNode const &),method,,HierarchyLinearNode,HierarchyLinearNode,class HierarchyLinearNode const &,False,False,False,False,False,False,True
14,13,0xD,??0HierarchyLinearNode@@QEAA@XZ,public: __cdecl HierarchyLinearNode::HierarchyLinearNode(void),method,,HierarchyLinearNode,HierarchyLinearNode,void,False,False,False,False,False,False,True
15,14,0xE,??0HierarchyStorage@@QEAA@AEBV0@@Z,public: __cdecl HierarchyStorage::HierarchyStorage(class HierarchyStorage const &),method,,HierarchyStorage,HierarchyStorage,class HierarchyStorage const &,False,False,False,False,False,False,True
16,15,0xF,??0HierarchyStorage@@QEAA@IPEAVHierarchyNode@@@Z,"public: __cdecl HierarchyStorage::HierarchyStorage(unsigned int, class HierarchyNode *)",method,,HierarchyStorage,HierarchyStorage,"unsigned int, class HierarchyNode *",False,False,False,False,False,False,True
17,16,0x10,??0LandObjectDestroyNotifierBase@@QEAA@$$QEAV0@@Z,public: __cdecl LandObjectDestroyNotifierBase::LandObjectDestroyNotifierBase(class LandObjectDestroyNotifierBase &&),method,,LandObjectDestroyNotifierBase,LandObjectDestroyNotifierBase,class LandObjectDestroyNotifierBase &&,False,False,False,False,False,False,True
18,17,0x11,??0LandObjectDestroyNotifierBase@@QEAA@AEBV0@@Z,public: __cdecl LandObjectDestroyNotifierBase::LandObjectDestroyNotifierBase(class LandObjectDestroyNotifierBase const &),method,,LandObjectDestroyNotifierBase,LandObjectDestroyNotifierBase,class LandObjectDestroyNotifierBase const &,False,False,False,False,False,False,True
19,18,0x12,??0LandObjectDestroyNotifierBase@@QEAA@XZ,public: __cdecl LandObjectDestroyNotifierBase::LandObjectDestroyNotifierBase(void),method,,LandObjectDestroyNotifierBase,LandObjectDestroyNotifierBase,void,False,False,False,False,False,False,True
20,19,0x13,??0LandObjectDestroySignal@@QEAA@$$QEAV0@@Z,public: __cdecl LandObjectDestroySignal::LandObjectDestroySignal(class LandObjectDestroySignal &&),method,,LandObjectDestroySignal,LandObjectDestroySignal,class LandObjectDestroySignal &&,False,False,False,False,False,False,True
21,20,0x14,??0LandObjectDestroySignal@@QEAA@AEBV0@@Z,public: __cdecl LandObjectDestroySignal::LandObjectDestroySignal(class LandObjectDestroySignal const &),method,,LandObjectDestroySignal,LandObjectDestroySignal,class LandObjectDestroySignal const &,False,False,False,False,False,False,True
22,21,0x15,??0LandObjectDestroySignal@@QEAA@XZ,public: __cdecl LandObjectDestroySignal::LandObjectDestroySignal(void),method,,LandObjectDestroySignal,LandObjectDestroySignal,void,False,False,False,False,False,False,True
23,22,0x16,??0LandObjectInitData@@QEAA@$$QEAU0@@Z,public: __cdecl LandObjectInitData::LandObjectInitData(struct LandObjectInitData &&),method,,LandObjectInitData,LandObjectInitData,struct LandObjectInitData &&,False,False,False,False,False,False,True
24,23,0x17,??0LandObjectInitData@@QEAA@AEBU0@@Z,public: __cdecl LandObjectInitData::LandObjectInitData(struct LandObjectInitData const &),method,,LandObjectInitData,LandObjectInitData,struct LandObjectInitData const &,False,False,False,False,False,False,True
25,24,0x18,??0LandObjectInitData@@QEAA@PEBD@Z,public: __cdecl LandObjectInitData::LandObjectInitData(char const *),method,,LandObjectInitData,LandObjectInitData,char const *,False,False,False,False,False,False,True
26,25,0x19,??0LandObjectInitData@@QEAA@XZ,public: __cdecl LandObjectInitData::LandObjectInitData(void),method,,LandObjectInitData,LandObjectInitData,void,False,False,False,False,False,False,True
27,26,0x1A,??0ModelLightObject@@QEAA@XZ,public: __cdecl ModelLightObject::ModelLightObject(void),method,,ModelLightObject,ModelLightObject,void,False,False,False,False,False,False,True
28,27,0x1B,??0RegisterManager@@QEAA@AEBV0@@Z,public: __cdecl RegisterManager::RegisterManager(class RegisterManager const &),method,,RegisterManager,RegisterManager,class RegisterManager const &,False,False,False,False,False,False,True
29,28,0x1C,??0RegisterManager@@QEAA@XZ,public: __cdecl RegisterManager::RegisterManager(void),method,,RegisterManager,RegisterManager,void,False,False,False,False,False,False,True
30,29,0x1D,??0Registered@@QEAA@I@Z,public: __cdecl Registered::Registered(unsigned int),method,,Registered,Registered,unsigned int,False,False,False,False,False,False,True
31,30,0x1E,??0SceneObject@@QEAA@I@Z,public: __cdecl SceneObject::SceneObject(unsigned int),method,,SceneObject,SceneObject,unsigned int,False,False,False,False,False,False,True
32,31,0x1F,??0TerrainSceneObject@@QEAA@$$QEAV0@@Z,public: __cdecl TerrainSceneObject::TerrainSceneObject(class TerrainSceneObject &&),method,,TerrainSceneObject,TerrainSceneObject,class TerrainSceneObject &&,False,False,False,False,False,False,True
33,32,0x20,??0TerrainSceneObject@@QEAA@AEBV0@@Z,public: __cdecl TerrainSceneObject::TerrainSceneObject(class TerrainSceneObject const &),method,,TerrainSceneObject,TerrainSceneObject,class TerrainSceneObject const &,False,False,False,False,False,False,True
34,33,0x21,??0TerrainSceneObject@@QEAA@I@Z,public: __cdecl TerrainSceneObject::TerrainSceneObject(unsigned int),method,,TerrainSceneObject,TerrainSceneObject,unsigned int,False,False,False,False,False,False,True
35,34,0x22,??0lLandObject@@QEAA@AEBV0@@Z,public: __cdecl lLandObject::lLandObject(class lLandObject const &),method,,lLandObject,lLandObject,class lLandObject const &,False,False,False,False,False,False,True
36,35,0x23,??0lLandObject@@QEAA@XZ,public: __cdecl lLandObject::lLandObject(void),method,,lLandObject,lLandObject,void,False,False,False,False,False,False,True
37,36,0x24,??0lObjectDynData@@QEAA@XZ,public: __cdecl lObjectDynData::lObjectDynData(void),method,,lObjectDynData,lObjectDynData,void,False,False,False,False,False,False,True
38,37,0x25,??0lTypeObjectManager@@QEAA@AEBV0@@Z,public: __cdecl lTypeObjectManager::lTypeObjectManager(class lTypeObjectManager const &),method,,lTypeObjectManager,lTypeObjectManager,class lTypeObjectManager const &,False,False,False,False,False,False,True
39,38,0x26,??0lTypeObjectManager@@QEAA@XZ,public: __cdecl lTypeObjectManager::lTypeObjectManager(void),method,,lTypeObjectManager,lTypeObjectManager,void,False,False,False,False,False,False,True
40,39,0x27,??0viClosestHandlerInfo@@QEAA@AEBVVec3f@osg@@@Z,public: __cdecl viClosestHandlerInfo::viClosestHandlerInfo(class osg::Vec3f const &),method,,viClosestHandlerInfo,viClosestHandlerInfo,class osg::Vec3f const &,False,False,False,False,False,False,True
41,40,0x28,??0viLight@@QEAA@AEBV0@@Z,public: __cdecl viLight::viLight(class viLight const &),method,,viLight,viLight,class viLight const &,False,False,False,False,False,False,True
42,41,0x29,??0viLight@@QEAA@XZ,public: __cdecl viLight::viLight(void),method,,viLight,viLight,void,False,False,False,False,False,False,True
43,42,0x2A,??0viMovingObject@@QEAA@IAEBVVec3f@osg@@@Z,"public: __cdecl viMovingObject::viMovingObject(unsigned int, class osg::Vec3f const &)",method,,viMovingObject,viMovingObject,"unsigned int, class osg::Vec3f const &",False,False,False,False,False,False,True
44,43,0x2B,??0viObject@@QEAA@AEBV0@@Z,public: __cdecl viObject::viObject(class viObject const &),method,,viObject,viObject,class viObject const &,False,False,False,False,False,False,True
45,44,0x2C,??0viObject@@QEAA@I@Z,public: __cdecl viObject::viObject(unsigned int),method,,viObject,viObject,unsigned int,False,False,False,False,False,False,True
46,45,0x2D,??0viObjectFlatShape@@QEAA@I@Z,public: __cdecl viObjectFlatShape::viObjectFlatShape(unsigned int),method,,viObjectFlatShape,viObjectFlatShape,unsigned int,False,False,False,False,False,False,True
47,46,0x2E,??0viObjectNode@@QEAA@AEBV0@@Z,public: __cdecl viObjectNode::viObjectNode(class viObjectNode const &),method,,viObjectNode,viObjectNode,class viObjectNode const &,False,False,False,False,False,False,True
48,47,0x2F,??0viObjectNode@@QEAA@IPEAV0@@Z,"public: __cdecl viObjectNode::viObjectNode(unsigned int, class viObjectNode *)",method,,viObjectNode,viObjectNode,"unsigned int, class viObjectNode *",False,False,False,False,False,False,True
49,48,0x30,??0viObjectShape@@QEAA@AEBV0@@Z,public: __cdecl viObjectShape::viObjectShape(class viObjectShape const &),method,,viObjectShape,viObjectShape,class viObjectShape const &,False,False,False,False,False,False,True
50,49,0x31,??0viObjectShape@@QEAA@I@Z,public: __cdecl viObjectShape::viObjectShape(unsigned int),method,,viObjectShape,viObjectShape,unsigned int,False,False,False,False,False,False,True
51,50,0x32,??0viObjectShapeCustom@@QEAA@AEBV0@@Z,public: __cdecl viObjectShapeCustom::viObjectShapeCustom(class viObjectShapeCustom const &),method,,viObjectShapeCustom,viObjectShapeCustom,class viObjectShapeCustom const &,False,False,False,False,False,False,True
52,51,0x33,??0viObjectShapeCustom@@QEAA@XZ,public: __cdecl viObjectShapeCustom::viObjectShapeCustom(void),method,,viObjectShapeCustom,viObjectShapeCustom,void,False,False,False,False,False,False,True
53,52,0x34,??0viSearch@@QEAA@PEBVClipVolume@@P6A_NPEAVviObject@@PEAV0@PEAX@Z3I@Z,"public: __cdecl viSearch::viSearch(class ClipVolume const *, bool (__cdecl *)(class viObject *, class viSearch *, void *), void *, unsigned int)",method,,viSearch,viSearch,"class ClipVolume const *, bool (__cdecl *)(class viObject *, class viSearch *, void *), void *, unsigned int",False,False,False,False,False,False,True
54,53,0x35,??0viSearch@@QEAA@PEBVClipVolume@@P6A_NPEAVviObject@@PEAV0@PEAX@Z3PEAPEAV2@II@Z,"public: __cdecl viSearch::viSearch(class ClipVolume const *, bool (__cdecl *)(class viObject *, class viSearch *, void *), void *, class viObject **, unsigned int, unsigned int)",method,,viSearch,viSearch,"class ClipVolume const *, bool (__cdecl *)(class viObject *, class viSearch *, void *), void *, class viObject **, unsigned int, unsigned int",False,False,False,False,False,False,True
55,54,0x36,??0viSearch@@QEAA@PEBVClipVolume@@PEAPEAVviObject@@II@Z,"public: __cdecl viSearch::viSearch(class ClipVolume const *, class viObject **, unsigned int, unsigned int)",method,,viSearch,viSearch,"class ClipVolume const *, class viObject **, unsigned int, unsigned int",False,False,False,False,False,False,True
56,55,0x37,??0vi_helper@@QEAA@XZ,public: __cdecl vi_helper::vi_helper(void),method,,vi_helper,vi_helper,void,False,False,False,False,False,False,True
57,56,0x38,??0wShape@@QEAA@$$QEAU0@@Z,public: __cdecl wShape::wShape(struct wShape &&),method,,wShape,wShape,struct wShape &&,False,False,False,False,False,False,True
58,57,0x39,??0wShape@@QEAA@AEBU0@@Z,public: __cdecl wShape::wShape(struct wShape const &),method,,wShape,wShape,struct wShape const &,False,False,False,False,False,False,True
59,58,0x3A,??0wShape@@QEAA@XZ,public: __cdecl wShape::wShape(void),method,,wShape,wShape,void,False,False,False,False,False,False,True
60,59,0x3B,??1?$Evoker@VLandObjectDestroyNotifierBase@@V?$Link@VLandObjectDestroyNotifierBase@@@@@@UEAA@XZ,"public: virtual __cdecl Evoker<class LandObjectDestroyNotifierBase, class Link<class LandObjectDestroyNotifierBase>>::~Evoker<class LandObjectDestroyNotifierBase, class Link<class LandObjectDestroyNotifierBase>>(void)",function,,,LandObjectDestroyNotifierBase>>,void,False,False,True,False,False,False,True
61,60,0x3C,??1DistanceKiller@@QEAA@XZ,public: __cdecl DistanceKiller::~DistanceKiller(void),method,,DistanceKiller,~DistanceKiller,void,False,False,False,False,False,False,True
62,61,0x3D,??1DistanceKillerManager@@QEAA@XZ,public: __cdecl DistanceKillerManager::~DistanceKillerManager(void),method,,DistanceKillerManager,~DistanceKillerManager,void,False,False,False,False,False,False,True
63,62,0x3E,??1ForestSceneObject@@UEAA@XZ,public: virtual __cdecl ForestSceneObject::~ForestSceneObject(void),method,,ForestSceneObject,~ForestSceneObject,void,False,False,True,False,False,False,True
64,63,0x3F,??1HierarchyLayer@@UEAA@XZ,public: virtual __cdecl HierarchyLayer::~HierarchyLayer(void),method,,HierarchyLayer,~HierarchyLayer,void,False,False,True,False,False,False,True
65,64,0x40,??1HierarchyLinearNode@@UEAA@XZ,public: virtual __cdecl HierarchyLinearNode::~HierarchyLinearNode(void),method,,HierarchyLinearNode,~HierarchyLinearNode,void,False,False,True,False,False,False,True
66,65,0x41,??1HierarchyStorage@@UEAA@XZ,public: virtual __cdecl HierarchyStorage::~HierarchyStorage(void),method,,HierarchyStorage,~HierarchyStorage,void,False,False,True,False,False,False,True
67,66,0x42,??1LandObjectDestroyNotifierBase@@QEAA@XZ,public: __cdecl LandObjectDestroyNotifierBase::~LandObjectDestroyNotifierBase(void),method,,LandObjectDestroyNotifierBase,~LandObjectDestroyNotifierBase,void,False,False,False,False,False,False,True
68,67,0x43,??1LandObjectDestroySignal@@UEAA@XZ,public: virtual __cdecl LandObjectDestroySignal::~LandObjectDestroySignal(void),method,,LandObjectDestroySignal,~LandObjectDestroySignal,void,False,False,True,False,False,False,True
69,68,0x44,??1RegisterManager@@UEAA@XZ,public: virtual __cdecl RegisterManager::~RegisterManager(void),method,,RegisterManager,~RegisterManager,void,False,False,True,False,False,False,True
70,69,0x45,??1Registered@@UEAA@XZ,public: virtual __cdecl Registered::~Registered(void),method,,Registered,~Registered,void,False,False,True,False,False,False,True
71,70,0x46,??1SceneObject@@UEAA@XZ,public: virtual __cdecl SceneObject::~SceneObject(void),method,,SceneObject,~SceneObject,void,False,False,True,False,False,False,True
72,71,0x47,??1TerrainSceneObject@@UEAA@XZ,public: virtual __cdecl TerrainSceneObject::~TerrainSceneObject(void),method,,TerrainSceneObject,~TerrainSceneObject,void,False,False,True,False,False,False,True
73,72,0x48,??1lDynObjectManager@@UEAA@XZ,public: virtual __cdecl lDynObjectManager::~lDynObjectManager(void),method,,lDynObjectManager,~lDynObjectManager,void,False,False,True,False,False,False,True
74,73,0x49,??1lLandObject@@UEAA@XZ,public: virtual __cdecl lLandObject::~lLandObject(void),method,,lLandObject,~lLandObject,void,False,False,True,False,False,False,True
75,74,0x4A,??1lObjectDynData@@UEAA@XZ,public: virtual __cdecl lObjectDynData::~lObjectDynData(void),method,,lObjectDynData,~lObjectDynData,void,False,False,True,False,False,False,True
76,75,0x4B,??1lTypeObjectManager@@UEAA@XZ,public: virtual __cdecl lTypeObjectManager::~lTypeObjectManager(void),method,,lTypeObjectManager,~lTypeObjectManager,void,False,False,True,False,False,False,True
77,76,0x4C,??1viLight@@UEAA@XZ,public: virtual __cdecl viLight::~viLight(void),method,,viLight,~viLight,void,False,False,True,False,False,False,True
78,77,0x4D,??1viMovingObject@@UEAA@XZ,public: virtual __cdecl viMovingObject::~viMovingObject(void),method,,viMovingObject,~viMovingObject,void,False,False,True,False,False,False,True
79,78,0x4E,??1viObject@@UEAA@XZ,public: virtual __cdecl viObject::~viObject(void),method,,viObject,~viObject,void,False,False,True,False,False,False,True
80,79,0x4F,??1viObjectFlatShape@@UEAA@XZ,public: virtual __cdecl viObjectFlatShape::~viObjectFlatShape(void),method,,viObjectFlatShape,~viObjectFlatShape,void,False,False,True,False,False,False,True
81,80,0x50,??1viObjectNode@@UEAA@XZ,public: virtual __cdecl viObjectNode::~viObjectNode(void),method,,viObjectNode,~viObjectNode,void,False,False,True,False,False,False,True
82,81,0x51,??1viObjectShape@@UEAA@XZ,public: virtual __cdecl viObjectShape::~viObjectShape(void),method,,viObjectShape,~viObjectShape,void,False,False,True,False,False,False,True
83,82,0x52,??1viObjectShapeCustom@@UEAA@XZ,public: virtual __cdecl viObjectShapeCustom::~viObjectShapeCustom(void),method,,viObjectShapeCustom,~viObjectShapeCustom,void,False,False,True,False,False,False,True
84,83,0x53,??1vi_helper@@UEAA@XZ,public: virtual __cdecl vi_helper::~vi_helper(void),method,,vi_helper,~vi_helper,void,False,False,True,False,False,False,True
85,84,0x54,??1wShape@@QEAA@XZ,public: __cdecl wShape::~wShape(void),method,,wShape,~wShape,void,False,False,False,False,False,False,True
86,85,0x55,??4?$Evoker@VLandObjectDestroyNotifierBase@@V?$Link@VLandObjectDestroyNotifierBase@@@@@@QEAAAEAV0@AEBV0@@Z,"public: class Evoker<class LandObjectDestroyNotifierBase, class Link<class LandObjectDestroyNotifierBase>> & __cdecl Evoker<class LandObjectDestroyNotifierBase, class Link<class LandObjectDestroyNotifierBase>>::operator=(class Evoker<class LandObjectDestroyNotifierBase, class Link<class LandObjectDestroyNotifierBase>> const &)",symbol,,,,,False,False,False,False,False,False,True
87,86,0x56,??4DamageInfo@@QEAAAEAV0@$$QEAV0@@Z,public: class DamageInfo & __cdecl DamageInfo::operator=(class DamageInfo &&),symbol,,,,,False,False,False,False,False,False,True
88,87,0x57,??4DamageInfo@@QEAAAEAV0@AEBV0@@Z,public: class DamageInfo & __cdecl DamageInfo::operator=(class DamageInfo const &),symbol,,,,,False,False,False,False,False,False,True
89,88,0x58,??4DistanceKiller@@QEAAAEAV0@AEBV0@@Z,public: class DistanceKiller & __cdecl DistanceKiller::operator=(class DistanceKiller const &),symbol,,,,,False,False,False,False,False,False,True
90,89,0x59,??4DistanceKillerManager@@QEAAAEAV0@AEBV0@@Z,public: class DistanceKillerManager & __cdecl DistanceKillerManager::operator=(class DistanceKillerManager const &),symbol,,,,,False,False,False,False,False,False,True
91,90,0x5A,??4ForestSceneObject@@QEAAAEAV0@$$QEAV0@@Z,public: class ForestSceneObject & __cdecl ForestSceneObject::operator=(class ForestSceneObject &&),symbol,,,,,False,False,False,False,False,False,True
92,91,0x5B,??4ForestSceneObject@@QEAAAEAV0@AEBV0@@Z,public: class ForestSceneObject & __cdecl ForestSceneObject::operator=(class ForestSceneObject const &),symbol,,,,,False,False,False,False,False,False,True
93,92,0x5C,??4HierarchyLayer@@QEAAAEAV0@AEBV0@@Z,public: class HierarchyLayer & __cdecl HierarchyLayer::operator=(class HierarchyLayer const &),symbol,,,,,False,False,False,False,False,False,True
94,93,0x5D,??4HierarchyLinearNode@@QEAAAEAV0@AEBV0@@Z,public: class HierarchyLinearNode & __cdecl HierarchyLinearNode::operator=(class HierarchyLinearNode const &),symbol,,,,,False,False,False,False,False,False,True
95,94,0x5E,??4HierarchyStorage@@QEAAAEAV0@AEBV0@@Z,public: class HierarchyStorage & __cdecl HierarchyStorage::operator=(class HierarchyStorage const &),symbol,,,,,False,False,False,False,False,False,True
96,95,0x5F,??4LandObjectDestroyNotifierBase@@QEAAAEAV0@$$QEAV0@@Z,public: class LandObjectDestroyNotifierBase & __cdecl LandObjectDestroyNotifierBase::operator=(class LandObjectDestroyNotifierBase &&),symbol,,,,,False,False,False,False,False,False,True
97,96,0x60,??4LandObjectDestroyNotifierBase@@QEAAAEAV0@AEBV0@@Z,public: class LandObjectDestroyNotifierBase & __cdecl LandObjectDestroyNotifierBase::operator=(class LandObjectDestroyNotifierBase const &),symbol,,,,,False,False,False,False,False,False,True
98,97,0x61,??4LandObjectDestroySignal@@QEAAAEAV0@$$QEAV0@@Z,public: class LandObjectDestroySignal & __cdecl LandObjectDestroySignal::operator=(class LandObjectDestroySignal &&),symbol,,,,,False,False,False,False,False,False,True
99,98,0x62,??4LandObjectDestroySignal@@QEAAAEAV0@AEBV0@@Z,public: class LandObjectDestroySignal & __cdecl LandObjectDestroySignal::operator=(class LandObjectDestroySignal const &),symbol,,,,,False,False,False,False,False,False,True
100,99,0x63,??4LandObjectInitData@@QEAAAEAU0@$$QEAU0@@Z,public: struct LandObjectInitData & __cdecl LandObjectInitData::operator=(struct LandObjectInitData &&),symbol,,,,,False,False,False,False,False,False,True
101,100,0x64,??4LandObjectInitData@@QEAAAEAU0@AEBU0@@Z,public: struct LandObjectInitData & __cdecl LandObjectInitData::operator=(struct LandObjectInitData const &),symbol,,,,,False,False,False,False,False,False,True
102,101,0x65,??4RegisterManager@@QEAAAEAV0@AEBV0@@Z,public: class RegisterManager & __cdecl RegisterManager::operator=(class RegisterManager const &),symbol,,,,,False,False,False,False,False,False,True
103,102,0x66,??4TerrainSceneObject@@QEAAAEAV0@$$QEAV0@@Z,public: class TerrainSceneObject & __cdecl TerrainSceneObject::operator=(class TerrainSceneObject &&),symbol,,,,,False,False,False,False,False,False,True
104,103,0x67,??4TerrainSceneObject@@QEAAAEAV0@AEBV0@@Z,public: class TerrainSceneObject & __cdecl TerrainSceneObject::operator=(class TerrainSceneObject const &),symbol,,,,,False,False,False,False,False,False,True
105,104,0x68,??4lTypeObjectManager@@QEAAAEAV0@AEBV0@@Z,public: class lTypeObjectManager & __cdecl lTypeObjectManager::operator=(class lTypeObjectManager const &),symbol,,,,,False,False,False,False,False,False,True
106,105,0x69,??4viClosestHandlerInfo@@QEAAAEAU0@$$QEAU0@@Z,public: struct viClosestHandlerInfo & __cdecl viClosestHandlerInfo::operator=(struct viClosestHandlerInfo &&),symbol,,,,,False,False,False,False,False,False,True
107,106,0x6A,??4viClosestHandlerInfo@@QEAAAEAU0@AEBU0@@Z,public: struct viClosestHandlerInfo & __cdecl viClosestHandlerInfo::operator=(struct viClosestHandlerInfo const &),symbol,,,,,False,False,False,False,False,False,True
108,107,0x6B,??4viLight@@QEAAAEAV0@AEBV0@@Z,public: class viLight & __cdecl viLight::operator=(class viLight const &),symbol,,,,,False,False,False,False,False,False,True
109,108,0x6C,??4viObject@@QEAAAEAV0@AEBV0@@Z,public: class viObject & __cdecl viObject::operator=(class viObject const &),symbol,,,,,False,False,False,False,False,False,True
110,109,0x6D,??4wShape@@QEAAAEAU0@$$QEAU0@@Z,public: struct wShape & __cdecl wShape::operator=(struct wShape &&),symbol,,,,,False,False,False,False,False,False,True
111,110,0x6E,??4wShape@@QEAAAEAU0@AEBU0@@Z,public: struct wShape & __cdecl wShape::operator=(struct wShape const &),symbol,,,,,False,False,False,False,False,False,True
112,111,0x6F,??BSceneObject@@QEBA_NXZ,public: bool __cdecl SceneObject::operator bool(void) const,function,,,bool,void,True,False,False,False,False,False,True
113,112,0x70,??_7?$Evoker@VLandObjectDestroyNotifierBase@@V?$Link@VLandObjectDestroyNotifierBase@@@@@@6B@,"const Evoker<class LandObjectDestroyNotifierBase, class Link<class LandObjectDestroyNotifierBase>>::`vftable'",vftable,,,,,False,False,False,True,False,False,True
114,113,0x71,??_7DistanceKiller@@6B@,const DistanceKiller::`vftable',vftable,,,,,False,False,False,True,False,False,True
115,114,0x72,??_7ForestSceneObject@@6B@,const ForestSceneObject::`vftable',vftable,,,,,False,False,False,True,False,False,True
116,115,0x73,??_7HierarchyLayer@@6B@,const HierarchyLayer::`vftable',vftable,,,,,False,False,False,True,False,False,True
117,116,0x74,??_7HierarchyLinearNode@@6B@,const HierarchyLinearNode::`vftable',vftable,,,,,False,False,False,True,False,False,True
118,117,0x75,??_7HierarchyStorage@@6B@,const HierarchyStorage::`vftable',vftable,,,,,False,False,False,True,False,False,True
119,118,0x76,??_7LandObjectDestroyNotifierBase@@6B@,const LandObjectDestroyNotifierBase::`vftable',vftable,,,,,False,False,False,True,False,False,True
120,119,0x77,??_7LandObjectDestroySignal@@6B@,const LandObjectDestroySignal::`vftable',vftable,,,,,False,False,False,True,False,False,True
121,120,0x78,??_7RegisterManager@@6B@,const RegisterManager::`vftable',vftable,,,,,False,False,False,True,False,False,True
122,121,0x79,??_7SceneObject@@6B@,const SceneObject::`vftable',vftable,,,,,False,False,False,True,False,False,True
123,122,0x7A,??_7TerrainSceneObject@@6B@,const TerrainSceneObject::`vftable',vftable,,,,,False,False,False,True,False,False,True
124,123,0x7B,??_7lLandObject@@6BISceneObject@@@,const lLandObject::`vftable'{for `ISceneObject'},vftable,,,,,False,False,False,True,False,False,True
125,124,0x7C,??_7lLandObject@@6BModelInstance@Graphics@@@,const lLandObject::`vftable'{for `Graphics::ModelInstance'},vftable,,,,,False,False,False,True,False,False,True
126,125,0x7D,??_7lLandObject@@6BviObject@@@,const lLandObject::`vftable'{for `viObject'},vftable,,,,,False,False,False,True,False,False,True
127,126,0x7E,??_7lTypeObjectManager@@6B@,const lTypeObjectManager::`vftable',vftable,,,,,False,False,False,True,False,False,True
128,127,0x7F,??_7viLight@@6BSuicide@@@,const viLight::`vftable'{for `Suicide'},vftable,,,,,False,False,False,True,False,False,True
129,128,0x80,??_7viLight@@6BviObject@@@,const viLight::`vftable'{for `viObject'},vftable,,,,,False,False,False,True,False,False,True
130,129,0x81,??_7viMovingObject@@6BISceneObject@@@,const viMovingObject::`vftable'{for `ISceneObject'},vftable,,,,,False,False,False,True,False,False,True
131,130,0x82,??_7viMovingObject@@6BModelInstance@Graphics@@@,const viMovingObject::`vftable'{for `Graphics::ModelInstance'},vftable,,,,,False,False,False,True,False,False,True
132,131,0x83,??_7viMovingObject@@6BviObject@@@,const viMovingObject::`vftable'{for `viObject'},vftable,,,,,False,False,False,True,False,False,True
133,132,0x84,??_7viObject@@6B@,const viObject::`vftable',vftable,,,,,False,False,False,True,False,False,True
134,133,0x85,??_7viObjectNode@@6BISceneObject@@@,const viObjectNode::`vftable'{for `ISceneObject'},vftable,,,,,False,False,False,True,False,False,True
135,134,0x86,??_7viObjectNode@@6BModelInstance@Graphics@@@,const viObjectNode::`vftable'{for `Graphics::ModelInstance'},vftable,,,,,False,False,False,True,False,False,True
136,135,0x87,??_7viObjectNode@@6BviObject@@@,const viObjectNode::`vftable'{for `viObject'},vftable,,,,,False,False,False,True,False,False,True
137,136,0x88,??_7viObjectShape@@6BISceneObject@@@,const viObjectShape::`vftable'{for `ISceneObject'},vftable,,,,,False,False,False,True,False,False,True
138,137,0x89,??_7viObjectShape@@6BModelInstance@Graphics@@@,const viObjectShape::`vftable'{for `Graphics::ModelInstance'},vftable,,,,,False,False,False,True,False,False,True
139,138,0x8A,??_7viObjectShape@@6BviObject@@@,const viObjectShape::`vftable'{for `viObject'},vftable,,,,,False,False,False,True,False,False,True
140,139,0x8B,??_7viObjectShapeCustom@@6BISceneObject@@@,const viObjectShapeCustom::`vftable'{for `ISceneObject'},vftable,,,,,False,False,False,True,False,False,True
141,140,0x8C,??_7viObjectShapeCustom@@6BModelInstance@Graphics@@@,const viObjectShapeCustom::`vftable'{for `Graphics::ModelInstance'},vftable,,,,,False,False,False,True,False,False,True
142,141,0x8D,??_7viObjectShapeCustom@@6BviObject@@@,const viObjectShapeCustom::`vftable'{for `viObject'},vftable,,,,,False,False,False,True,False,False,True
143,142,0x8E,??_7wShape@@6B@,const wShape::`vftable',vftable,,,,,False,False,False,True,False,False,True
144,143,0x8F,??_FRegistered@@QEAAXXZ,public: void __cdecl Registered::`default ctor closure'(void),function,,,closure',void,False,False,False,False,False,False,True
145,144,0x90,??_FviMovingObject@@QEAAXXZ,public: void __cdecl viMovingObject::`default ctor closure'(void),function,,,closure',void,False,False,False,False,False,False,True
146,145,0x91,??_FviObject@@QEAAXXZ,public: void __cdecl viObject::`default ctor closure'(void),function,,,closure',void,False,False,False,False,False,False,True
147,146,0x92,??_FviObjectFlatShape@@QEAAXXZ,public: void __cdecl viObjectFlatShape::`default ctor closure'(void),function,,,closure',void,False,False,False,False,False,False,True
148,147,0x93,??_FviObjectNode@@QEAAXXZ,public: void __cdecl viObjectNode::`default ctor closure'(void),function,,,closure',void,False,False,False,False,False,False,True
149,148,0x94,??_FviObjectShape@@QEAAXXZ,public: void __cdecl viObjectShape::`default ctor closure'(void),function,,,closure',void,False,False,False,False,False,False,True
150,149,0x95,?AddChild@viObjectNode@@AEAAHPEAV1@@Z,private: int __cdecl viObjectNode::AddChild(class viObjectNode *),method,,viObjectNode,AddChild,class viObjectNode *,False,False,False,False,False,False,True
151,150,0x96,?AddDestroyedObject@lLandObject@@SAXI@Z,public: static void __cdecl lLandObject::AddDestroyedObject(unsigned int),method,,lLandObject,AddDestroyedObject,unsigned int,False,True,False,False,False,False,True
152,151,0x97,?AddObject@HierarchyLinearNode@@UEAA_NPEAVHierarchyNode@@@Z,public: virtual bool __cdecl HierarchyLinearNode::AddObject(class HierarchyNode *),method,,HierarchyLinearNode,AddObject,class HierarchyNode *,False,False,True,False,False,False,True
153,152,0x98,?AddObjectPrivate@HierarchyStorage@@UEAA_NPEAVviObject@@@Z,public: virtual bool __cdecl HierarchyStorage::AddObjectPrivate(class viObject *),method,,HierarchyStorage,AddObjectPrivate,class viObject *,False,False,True,False,False,False,True
154,153,0x99,?AddToEffects@viLight@@UEAAXPEAVeffectState@Graphics@@@Z,public: virtual void __cdecl viLight::AddToEffects(class Graphics::effectState *),method,,viLight,AddToEffects,class Graphics::effectState *,False,False,True,False,False,False,True
155,154,0x9A,?AircraftSetBoardNumberArgs@@YAXAEAV?$vector@MV?$allocator128@M@ed@@@ed@@AEBV?$basic_string@D@2@@Z,"void __cdecl AircraftSetBoardNumberArgs(class ed::vector<float, class ed::allocator128<float>> &, class ed::basic_string<char> const &)",function,,,AircraftSetBoardNumberArgs,"class ed::vector<float, class ed::allocator128<float>> &, class ed::basic_string<char> const &",False,False,False,False,False,False,True
156,155,0x9B,?ArgNetState@lObjectDynData@@UEAAXAEAUAnimHolderNetState@Graphics@@@Z,public: virtual void __cdecl lObjectDynData::ArgNetState(struct Graphics::AnimHolderNetState &),method,,lObjectDynData,ArgNetState,struct Graphics::AnimHolderNetState &,False,False,True,False,False,False,True
157,156,0x9C,?ArgNetStateSet@lObjectDynData@@UEAAXAEBUAnimHolderNetState@Graphics@@@Z,public: virtual void __cdecl lObjectDynData::ArgNetStateSet(struct Graphics::AnimHolderNetState const &),method,,lObjectDynData,ArgNetStateSet,struct Graphics::AnimHolderNetState const &,False,False,True,False,False,False,True
158,157,0x9D,?ArgPlay@lObjectDynData@@UEAA_NHMMM@Z,"public: virtual bool __cdecl lObjectDynData::ArgPlay(int, float, float, float)",method,,lObjectDynData,ArgPlay,"int, float, float, float",False,False,True,False,False,False,True
159,158,0x9E,?ArgSet@lObjectDynData@@UEAA_NHM@Z,"public: virtual bool __cdecl lObjectDynData::ArgSet(int, float)",method,,lObjectDynData,ArgSet,"int, float",False,False,True,False,False,False,True
160,159,0x9F,?Build@HierarchyLayer@@UEAAXXZ,public: virtual void __cdecl HierarchyLayer::Build(void),method,,HierarchyLayer,Build,void,False,False,True,False,False,False,True
161,160,0xA0,?CalculateBoxes@HierarchyLayer@@UEAAXXZ,public: virtual void __cdecl HierarchyLayer::CalculateBoxes(void),method,,HierarchyLayer,CalculateBoxes,void,False,False,True,False,False,False,True
162,161,0xA1,?CanTakeDamage@lLandObject@@UEAA_NM@Z,public: virtual bool __cdecl lLandObject::CanTakeDamage(float),method,,lLandObject,CanTakeDamage,float,False,False,True,False,False,False,True
163,162,0xA2,?ChangeParent@viObjectNode@@QEAAXPEAV1@@Z,public: void __cdecl viObjectNode::ChangeParent(class viObjectNode *),method,,viObjectNode,ChangeParent,class viObjectNode *,False,False,False,False,False,False,True
164,163,0xA3,?ChangePos@viObject@@UEAAXAEBV?$wPosition3@M@@@Z,public: virtual void __cdecl viObject::ChangePos(class wPosition3<float> const &),method,,viObject,ChangePos,class wPosition3<float> const &,False,False,True,False,False,False,True
165,164,0xA4,?ChangePos@viObjectNode@@MEAAXAEBV?$wPosition3@M@@@Z,protected: virtual void __cdecl viObjectNode::ChangePos(class wPosition3<float> const &),method,,viObjectNode,ChangePos,class wPosition3<float> const &,False,False,True,False,False,False,True
166,165,0xA5,?ChangePos@viObjectShape@@UEAAXAEBV?$wPosition3@M@@@Z,public: virtual void __cdecl viObjectShape::ChangePos(class wPosition3<float> const &),method,,viObjectShape,ChangePos,class wPosition3<float> const &,False,False,True,False,False,False,True
167,166,0xA6,?Child@viObjectNode@@QEBAPEAV1@H@Z,public: class viObjectNode * __cdecl viObjectNode::Child(int) const,method,,viObjectNode,Child,int,True,False,False,False,False,False,True
168,167,0xA7,?ChildCount@viObjectNode@@QEBAHXZ,public: int __cdecl viObjectNode::ChildCount(void) const,method,,viObjectNode,ChildCount,void,True,False,False,False,False,False,True
169,168,0xA8,?ClearDestroyedObjects@lLandObject@@SAXXZ,public: static void __cdecl lLandObject::ClearDestroyedObjects(void),method,,lLandObject,ClearDestroyedObjects,void,False,True,False,False,False,False,True
170,169,0xA9,?Coalition@lLandObject@@QEBA?AW4wcCoalitionName@@XZ,public: enum wcCoalitionName __cdecl lLandObject::Coalition(void) const,method,,lLandObject,Coalition,void,True,False,False,False,False,False,True
171,170,0xAA,?Count@viSearch@@QEBAIXZ,public: unsigned int __cdecl viSearch::Count(void) const,method,,viSearch,Count,void,True,False,False,False,False,False,True
172,171,0xAB,?Country@lLandObject@@QEBAEXZ,public: unsigned char __cdecl lLandObject::Country(void) const,method,,lLandObject,Country,void,True,False,False,False,False,False,True
173,172,0xAC,?Create@RegisterManager@@SAPEAV1@XZ,public: static class RegisterManager * __cdecl RegisterManager::Create(void),method,,RegisterManager,Create,void,False,True,False,False,False,False,True
174,173,0xAD,?Create@lTypeObjectManager@@SAPEAV1@XZ,public: static class lTypeObjectManager * __cdecl lTypeObjectManager::Create(void),method,,lTypeObjectManager,Create,void,False,True,False,False,False,False,True
175,174,0xAE,?Create@viLight@@SAPEAV1@PEBD@Z,public: static class viLight * __cdecl viLight::Create(char const *),method,,viLight,Create,char const *,False,True,False,False,False,False,True
176,175,0xAF,?Create@viObjectManager@@SAPEAV1@AEBV?$BoundingBoxImpl@VVec3f@osg@@@osg@@@Z,public: static class viObjectManager * __cdecl viObjectManager::Create(class osg::BoundingBoxImpl<class osg::Vec3f> const &),method,,viObjectManager,Create,class osg::BoundingBoxImpl<class osg::Vec3f> const &,False,True,False,False,False,False,True
177,176,0xB0,?CreateDynamicData@lLandObject@@MEAAXXZ,protected: virtual void __cdecl lLandObject::CreateDynamicData(void),method,,lLandObject,CreateDynamicData,void,False,False,True,False,False,False,True
178,177,0xB1,?CreateObject@viObjectShapeCustom@@SAPEAV1@PEBDAEBV?$wPosition3@M@@NPEAVviObjectNode@@@Z,"public: static class viObjectShapeCustom * __cdecl viObjectShapeCustom::CreateObject(char const *, class wPosition3<float> const &, double, class viObjectNode *)",method,,viObjectShapeCustom,CreateObject,"char const *, class wPosition3<float> const &, double, class viObjectNode *",False,True,False,False,False,False,True
179,178,0xB2,?CreateObject@viObjectShapeCustom@@SAPEAV1@VModelPtr@Graphics@@AEBV?$wPosition3@M@@NPEAVviObjectNode@@@Z,"public: static class viObjectShapeCustom * __cdecl viObjectShapeCustom::CreateObject(class Graphics::ModelPtr, class wPosition3<float> const &, double, class viObjectNode *)",method,,viObjectShapeCustom,CreateObject,"class Graphics::ModelPtr, class wPosition3<float> const &, double, class viObjectNode *",False,True,False,False,False,False,True
180,179,0xB3,?CurLife@lLandObject@@QEBANXZ,public: double __cdecl lLandObject::CurLife(void) const,method,,lLandObject,CurLife,void,True,False,False,False,False,False,True
181,180,0xB4,?Degrade@lLandObject@@QEAAX_NI@Z,"public: void __cdecl lLandObject::Degrade(bool, unsigned int)",method,,lLandObject,Degrade,"bool, unsigned int",False,False,False,False,False,False,True
182,181,0xB5,?Degrade@lLandObject@@UEAAX_N@Z,public: virtual void __cdecl lLandObject::Degrade(bool),method,,lLandObject,Degrade,bool,False,False,True,False,False,False,True
183,182,0xB6,?DeleteObjects@HierarchyLinearNode@@UEAAXXZ,public: virtual void __cdecl HierarchyLinearNode::DeleteObjects(void),method,,HierarchyLinearNode,DeleteObjects,void,False,False,True,False,False,False,True
184,183,0xB7,?Destroy@lTypeObjectManager@@SAXXZ,public: static void __cdecl lTypeObjectManager::Destroy(void),method,,lTypeObjectManager,Destroy,void,False,True,False,False,False,False,True
185,184,0xB8,?Destroy@viLight@@SAXPEAV1@@Z,public: static void __cdecl viLight::Destroy(class viLight *),method,,viLight,Destroy,class viLight *,False,True,False,False,False,False,True
186,185,0xB9,?Destroy@viLight@@SAXV?$Link@VviLight@@@@@Z,public: static void __cdecl viLight::Destroy(class Link<class viLight>),method,,viLight,Destroy,class Link<class viLight>,False,True,False,False,False,False,True
187,186,0xBA,?DynData@lLandObject@@QEAAPEAVlObjectDynData@@XZ,public: class lObjectDynData * __cdecl lLandObject::DynData(void),method,,lLandObject,DynData,void,False,False,False,False,False,False,True
188,187,0xBB,?DynData@lLandObject@@QEBAPEBVlObjectDynData@@XZ,public: class lObjectDynData const * __cdecl lLandObject::DynData(void) const,method,,lLandObject,DynData,void,True,False,False,False,False,False,True
189,188,0xBC,?Finish@viSearch@@QEAAXXZ,public: void __cdecl viSearch::Finish(void),method,,viSearch,Finish,void,False,False,False,False,False,False,True
190,189,0xBD,?Finish@wShape@@SAXXZ,public: static void __cdecl wShape::Finish(void),method,,wShape,Finish,void,False,True,False,False,False,False,True
191,190,0xBE,?ForceID@Registered@@UEAA_NII@Z,"public: virtual bool __cdecl Registered::ForceID(unsigned int, unsigned int)",method,,Registered,ForceID,"unsigned int, unsigned int",False,False,True,False,False,False,True
192,191,0xBF,?ForceID@lLandObject@@MEAA_NII@Z,"protected: virtual bool __cdecl lLandObject::ForceID(unsigned int, unsigned int)",method,,lLandObject,ForceID,"unsigned int, unsigned int",False,False,True,False,False,False,True
193,192,0xC0,?ForceID@viObject@@UEAA_NII@Z,"public: virtual bool __cdecl viObject::ForceID(unsigned int, unsigned int)",method,,viObject,ForceID,"unsigned int, unsigned int",False,False,True,False,False,False,True
194,193,0xC1,?GetArgsNetState@lLandObject@@QEAAXAEAUAnimHolderNetState@Graphics@@@Z,public: void __cdecl lLandObject::GetArgsNetState(struct Graphics::AnimHolderNetState &),method,,lLandObject,GetArgsNetState,struct Graphics::AnimHolderNetState &,False,False,False,False,False,False,True
195,194,0xC2,?GetBox@HierarchyLinearNode@@UEBAAEBV?$BoundingBoxImpl@VVec3f@osg@@@osg@@XZ,public: virtual class osg::BoundingBoxImpl<class osg::Vec3f> const & __cdecl HierarchyLinearNode::GetBox(void) const,method,,HierarchyLinearNode,GetBox,void,True,False,True,False,False,False,True
196,195,0xC3,?GetBoxList@viObjectManager@@QEAAHAEBVVec3f@osg@@0P6A_NPEAVviObject@@PEAVviSearch@@PEAX@Z3I@Z,"public: int __cdecl viObjectManager::GetBoxList(class osg::Vec3f const &, class osg::Vec3f const &, bool (__cdecl *)(class viObject *, class viSearch *, void *), void *, unsigned int)",method,,viObjectManager,GetBoxList,"class osg::Vec3f const &, class osg::Vec3f const &, bool (__cdecl *)(class viObject *, class viSearch *, void *), void *, unsigned int",False,False,False,False,False,False,True
197,196,0xC4,?GetBoxList@viObjectManager@@QEAAHAEBVVec3f@osg@@0PEAPEAVviObject@@HI@Z,"public: int __cdecl viObjectManager::GetBoxList(class osg::Vec3f const &, class osg::Vec3f const &, class viObject **, int, unsigned int)",method,,viObjectManager,GetBoxList,"class osg::Vec3f const &, class osg::Vec3f const &, class viObject **, int, unsigned int",False,False,False,False,False,False,True
198,197,0xC5,?GetCameraList@viObjectManager@@QEAAHAEAV?$wPosition3@M@@MMP6A_NPEAVviObject@@PEAVviSearch@@PEAX@Z3IM@Z,"public: int __cdecl viObjectManager::GetCameraList(class wPosition3<float> &, float, float, bool (__cdecl *)(class viObject *, class viSearch *, void *), void *, unsigned int, float)",method,,viObjectManager,GetCameraList,"class wPosition3<float> &, float, float, bool (__cdecl *)(class viObject *, class viSearch *, void *), void *, unsigned int, float",False,False,False,False,False,False,True
199,198,0xC6,?GetCameraList@viObjectManager@@QEAAHAEAV?$wPosition3@M@@MMPEAPEAVviObject@@HI@Z,"public: int __cdecl viObjectManager::GetCameraList(class wPosition3<float> &, float, float, class viObject **, int, unsigned int)",method,,viObjectManager,GetCameraList,"class wPosition3<float> &, float, float, class viObject **, int, unsigned int",False,False,False,False,False,False,True
200,199,0xC7,?GetCount@HierarchyLinearNode@@UEAAIXZ,public: virtual unsigned int __cdecl HierarchyLinearNode::GetCount(void),method,,HierarchyLinearNode,GetCount,void,False,False,True,False,False,False,True
201,200,0xC8,?GetCount@HierarchyStorage@@UEAAIXZ,public: virtual unsigned int __cdecl HierarchyStorage::GetCount(void),method,,HierarchyStorage,GetCount,void,False,False,True,False,False,False,True
202,201,0xC9,?GetDamager@DamageInfo@@QEBAPEAVRegistered@@XZ,public: class Registered * __cdecl DamageInfo::GetDamager(void) const,method,,DamageInfo,GetDamager,void,True,False,False,False,False,False,True
203,202,0xCA,?GetDecl@wShape@@SAPEAU1@HH@Z,"public: static struct wShape * __cdecl wShape::GetDecl(int, int)",method,,wShape,GetDecl,"int, int",False,True,False,False,False,False,True
204,203,0xCB,?GetDecl@wShape@@SAPEAU1@PEBD@Z,public: static struct wShape * __cdecl wShape::GetDecl(char const *),method,,wShape,GetDecl,char const *,False,True,False,False,False,False,True
205,204,0xCC,?GetDrawArguments@viObjectShape@@UEAAAEBV?$vector@MV?$allocator128@M@ed@@@ed@@XZ,"public: virtual class ed::vector<float, class ed::allocator128<float>> const & __cdecl viObjectShape::GetDrawArguments(void)",method,,viObjectShape,GetDrawArguments,void,False,False,True,False,False,False,True
206,205,0xCD,?GetDrawArguments@viObjectShapeCustom@@UEAAAEBV?$vector@MV?$allocator128@M@ed@@@ed@@XZ,"public: virtual class ed::vector<float, class ed::allocator128<float>> const & __cdecl viObjectShapeCustom::GetDrawArguments(void)",method,,viObjectShapeCustom,GetDrawArguments,void,False,False,True,False,False,False,True
207,206,0xCE,?GetDynData@lLandObject@@QEAAPEAVlObjectDynData@@_N@Z,public: class lObjectDynData * __cdecl lLandObject::GetDynData(bool),method,,lLandObject,GetDynData,bool,False,False,False,False,False,False,True
208,207,0xCF,?GetEffectState@viObjectShape@@QEAAAEAVeffectState@Graphics@@XZ,public: class Graphics::effectState & __cdecl viObjectShape::GetEffectState(void),method,,viObjectShape,GetEffectState,void,False,False,False,False,False,False,True
209,208,0xD0,?GetKillerDistance@DistanceKiller@@QEAAMXZ,public: float __cdecl DistanceKiller::GetKillerDistance(void),method,,DistanceKiller,GetKillerDistance,void,False,False,False,False,False,False,True
210,209,0xD1,?GetLuminanceAt@viLight@@UEAA?AVVec3f@osg@@AEBV23@@Z,public: virtual class osg::Vec3f __cdecl viLight::GetLuminanceAt(class osg::Vec3f const &),method,,viLight,GetLuminanceAt,class osg::Vec3f const &,False,False,True,False,False,False,True
211,210,0xD2,?GetModel@wShape@@UEAA?AVModelPtr@Graphics@@XZ,public: virtual class Graphics::ModelPtr __cdecl wShape::GetModel(void),method,,wShape,GetModel,void,False,False,True,False,False,False,True
212,211,0xD3,?GetObjects@HierarchyLinearNode@@UEAA_NPEAVviSearch@@W4IntersectionType@@@Z,"public: virtual bool __cdecl HierarchyLinearNode::GetObjects(class viSearch *, enum IntersectionType)",method,,HierarchyLinearNode,GetObjects,"class viSearch *, enum IntersectionType",False,False,True,False,False,False,True
213,212,0xD4,?GetObjects@HierarchyStorage@@UEAAXPEAVviSearch@@@Z,public: virtual void __cdecl HierarchyStorage::GetObjects(class viSearch *),method,,HierarchyStorage,GetObjects,class viSearch *,False,False,True,False,False,False,True
214,213,0xD5,?GetObjects@viObjectManager@@QEAAHPEBVClipVolume@@P6A_NPEAVviObject@@PEAVviSearch@@PEAX@Z3I@Z,"public: int __cdecl viObjectManager::GetObjects(class ClipVolume const *, bool (__cdecl *)(class viObject *, class viSearch *, void *), void *, unsigned int)",method,,viObjectManager,GetObjects,"class ClipVolume const *, bool (__cdecl *)(class viObject *, class viSearch *, void *), void *, unsigned int",False,False,False,False,False,False,True
215,214,0xD6,?GetObjects@viObjectManager@@QEAAHPEBVClipVolume@@PEAPEAVviObject@@HI@Z,"public: int __cdecl viObjectManager::GetObjects(class ClipVolume const *, class viObject **, int, unsigned int)",method,,viObjectManager,GetObjects,"class ClipVolume const *, class viObject **, int, unsigned int",False,False,False,False,False,False,True
216,215,0xD7,?GetPoint@ModelLightObject@@UEAA?AVVec3d@osg@@XZ,public: virtual class osg::Vec3d __cdecl ModelLightObject::GetPoint(void),method,,ModelLightObject,GetPoint,void,False,False,True,False,False,False,True
217,216,0xD8,?GetPoint@lLandObject@@UEAA?AVVec3d@osg@@XZ,public: virtual class osg::Vec3d __cdecl lLandObject::GetPoint(void),method,,lLandObject,GetPoint,void,False,False,True,False,False,False,True
218,217,0xD9,?GetPoint@viObject@@UEAA?AVVec3d@osg@@XZ,public: virtual class osg::Vec3d __cdecl viObject::GetPoint(void),method,,viObject,GetPoint,void,False,False,True,False,False,False,True
219,218,0xDA,?GetPoint@viObjectShape@@UEAA?AVVec3d@osg@@XZ,public: virtual class osg::Vec3d __cdecl viObjectShape::GetPoint(void),method,,viObjectShape,GetPoint,void,False,False,True,False,False,False,True
220,219,0xDB,?GetPoint@viObjectShapeCustom@@UEAA?AVVec3d@osg@@XZ,public: virtual class osg::Vec3d __cdecl viObjectShapeCustom::GetPoint(void),method,,viObjectShapeCustom,GetPoint,void,False,False,True,False,False,False,True
221,220,0xDC,?GetPosition@ModelLightObject@@UEAAAEBV?$wPosition3@M@@XZ,public: virtual class wPosition3<float> const & __cdecl ModelLightObject::GetPosition(void),method,,ModelLightObject,GetPosition,void,False,False,True,False,False,False,True
222,221,0xDD,?GetPosition@lLandObject@@UEAAAEBV?$wPosition3@M@@XZ,public: virtual class wPosition3<float> const & __cdecl lLandObject::GetPosition(void),method,,lLandObject,GetPosition,void,False,False,True,False,False,False,True
223,222,0xDE,?GetPosition@viLight@@UEAAAEBV?$wPosition3@M@@XZ,public: virtual class wPosition3<float> const & __cdecl viLight::GetPosition(void),method,,viLight,GetPosition,void,False,False,True,False,False,False,True
224,223,0xDF,?GetPosition@viObjectNode@@UEAAAEBV?$wPosition3@M@@XZ,public: virtual class wPosition3<float> const & __cdecl viObjectNode::GetPosition(void),method,,viObjectNode,GetPosition,void,False,False,True,False,False,False,True
225,224,0xE0,?GetPosition@viObjectShapeCustom@@UEAAAEBV?$wPosition3@M@@XZ,public: virtual class wPosition3<float> const & __cdecl viObjectShapeCustom::GetPosition(void),method,,viObjectShapeCustom,GetPosition,void,False,False,True,False,False,False,True
226,225,0xE1,?GetSegmentList@viObjectManager@@QEAAHAEBVVec3f@osg@@0P6A_NPEAVviObject@@PEAVviSearch@@PEAX@Z3I@Z,"public: int __cdecl viObjectManager::GetSegmentList(class osg::Vec3f const &, class osg::Vec3f const &, bool (__cdecl *)(class viObject *, class viSearch *, void *), void *, unsigned int)",method,,viObjectManager,GetSegmentList,"class osg::Vec3f const &, class osg::Vec3f const &, bool (__cdecl *)(class viObject *, class viSearch *, void *), void *, unsigned int",False,False,False,False,False,False,True
227,226,0xE2,?GetSegmentList@viObjectManager@@QEAAHAEBVVec3f@osg@@0PEAPEAVviObject@@HI@Z,"public: int __cdecl viObjectManager::GetSegmentList(class osg::Vec3f const &, class osg::Vec3f const &, class viObject **, int, unsigned int)",method,,viObjectManager,GetSegmentList,"class osg::Vec3f const &, class osg::Vec3f const &, class viObject **, int, unsigned int",False,False,False,False,False,False,True
228,227,0xE3,?GetSize@ModelLightObject@@UEAAMXZ,public: virtual float __cdecl ModelLightObject::GetSize(void),method,,ModelLightObject,GetSize,void,False,False,True,False,False,False,True
229,228,0xE4,?GetSize@viLight@@UEAAMXZ,public: virtual float __cdecl viLight::GetSize(void),method,,viLight,GetSize,void,False,False,True,False,False,False,True
230,229,0xE5,?GetSize@viMovingObject@@UEAAMXZ,public: virtual float __cdecl viMovingObject::GetSize(void),method,,viMovingObject,GetSize,void,False,False,True,False,False,False,True
231,230,0xE6,?GetStatistics@HierarchyStorage@@UEAAXQEAD@Z,public: virtual void __cdecl HierarchyStorage::GetStatistics(char *const),method,,HierarchyStorage,GetStatistics,char *const,False,False,True,False,False,False,True
232,231,0xE7,?Init@ModelLightObject@@QEAA_NPEAVviObjectShape@@I@Z,"public: bool __cdecl ModelLightObject::Init(class viObjectShape *, unsigned int)",method,,ModelLightObject,Init,"class viObjectShape *, unsigned int",False,False,False,False,False,False,True
233,232,0xE8,?Init@lLandObject@@UEAAXAEBULandObjectInitData@@@Z,public: virtual void __cdecl lLandObject::Init(struct LandObjectInitData const &),method,,lLandObject,Init,struct LandObjectInitData const &,False,False,True,False,False,False,True
234,233,0xE9,?Init@lObjectDynData@@UEAAXPEAVlLandObject@@@Z,public: virtual void __cdecl lObjectDynData::Init(class lLandObject *),method,,lObjectDynData,Init,class lLandObject *,False,False,True,False,False,False,True
235,234,0xEA,?Init@viLight@@UEAA_NPEBD@Z,public: virtual bool __cdecl viLight::Init(char const *),method,,viLight,Init,char const *,False,False,True,False,False,False,True
236,235,0xEB,?Init@viObjectShapeCustom@@IEAAXPEAVviObjectNode@@AEBV?$wPosition3@M@@N@Z,"protected: void __cdecl viObjectShapeCustom::Init(class viObjectNode *, class wPosition3<float> const &, double)",method,,viObjectShapeCustom,Init,"class viObjectNode *, class wPosition3<float> const &, double",False,False,False,False,False,False,True
237,236,0xEC,?Init@wShape@@SAX_N0@Z,"public: static void __cdecl wShape::Init(bool, bool)",method,,wShape,Init,"bool, bool",False,True,False,False,False,False,True
238,237,0xED,?InitLand@wShape@@SAXXZ,public: static void __cdecl wShape::InitLand(void),method,,wShape,InitLand,void,False,True,False,False,False,False,True
239,238,0xEE,?IsDead@lLandObject@@UEBA_NXZ,public: virtual bool __cdecl lLandObject::IsDead(void) const,method,,lLandObject,IsDead,void,True,False,True,False,False,False,True
240,239,0xEF,?IsMarkedDestroyed@lLandObject@@SA_NI@Z,public: static bool __cdecl lLandObject::IsMarkedDestroyed(unsigned int),method,,lLandObject,IsMarkedDestroyed,unsigned int,False,True,False,False,False,False,True
241,240,0xF0,?IsNetServer@lLandObject@@QEBA_NXZ,public: bool __cdecl lLandObject::IsNetServer(void) const,method,,lLandObject,IsNetServer,void,True,False,False,False,False,False,True
242,241,0xF1,?IsSearch@viObject@@QEAA_NH@Z,public: bool __cdecl viObject::IsSearch(int),method,,viObject,IsSearch,int,False,False,False,False,False,False,True
243,242,0xF2,?Life0@lLandObject@@UEBAMXZ,public: virtual float __cdecl lLandObject::Life0(void) const,method,,lLandObject,Life0,void,True,False,True,False,False,False,True
244,243,0xF3,?Life@lLandObject@@UEBAMXZ,public: virtual float __cdecl lLandObject::Life(void) const,method,,lLandObject,Life,void,True,False,True,False,False,False,True
245,244,0xF4,?LocalBox@lLandObject@@UEAAAEBUgBox@@N@Z,public: virtual struct gBox const & __cdecl lLandObject::LocalBox(double),method,,lLandObject,LocalBox,double,False,False,True,False,False,False,True
246,245,0xF5,?LocalBox@viLight@@UEAAAEBUgBox@@N@Z,public: virtual struct gBox const & __cdecl viLight::LocalBox(double),method,,viLight,LocalBox,double,False,False,True,False,False,False,True
247,246,0xF6,?LocalBox@viObjectShape@@UEAAAEBUgBox@@N@Z,public: virtual struct gBox const & __cdecl viObjectShape::LocalBox(double),method,,viObjectShape,LocalBox,double,False,False,True,False,False,False,True
248,247,0xF7,?Name@HierarchyStorage@@UEAAPEBDXZ,public: virtual char const * __cdecl HierarchyStorage::Name(void),method,,HierarchyStorage,Name,void,False,False,True,False,False,False,True
249,248,0xF8,?OnChangeEffectState@viObjectShape@@QEAA_NXZ,public: bool __cdecl viObjectShape::OnChangeEffectState(void),method,,viObjectShape,OnChangeEffectState,void,False,False,False,False,False,False,True
250,249,0xF9,?OnParentChangePos@lLandObject@@EEAAXXZ,private: virtual void __cdecl lLandObject::OnParentChangePos(void),method,,lLandObject,OnParentChangePos,void,False,False,True,False,False,False,True
251,250,0xFA,?OnParentChangePos@viObjectNode@@MEAAXXZ,protected: virtual void __cdecl viObjectNode::OnParentChangePos(void),method,,viObjectNode,OnParentChangePos,void,False,False,True,False,False,False,True
252,251,0xFB,?OnParentChangePos@viObjectShapeCustom@@UEAAXXZ,public: virtual void __cdecl viObjectShapeCustom::OnParentChangePos(void),method,,viObjectShapeCustom,OnParentChangePos,void,False,False,True,False,False,False,True
253,252,0xFC,?OnParentDeath@viObjectNode@@MEAAXXZ,protected: virtual void __cdecl viObjectNode::OnParentDeath(void),method,,viObjectNode,OnParentDeath,void,False,False,True,False,False,False,True
254,253,0xFD,?OnParentDeath@viObjectShapeCustom@@EEAAXXZ,private: virtual void __cdecl viObjectShapeCustom::OnParentDeath(void),method,,viObjectShapeCustom,OnParentDeath,void,False,False,True,False,False,False,True
255,254,0xFE,?Parent@viObjectNode@@QEBAPEAV1@XZ,public: class viObjectNode * __cdecl viObjectNode::Parent(void) const,method,,viObjectNode,Parent,void,True,False,False,False,False,False,True
256,255,0xFF,?Parse@lLandObject@@UEAAXAEAVModelParser@Graphics@@AEBV?$wPosition3@M@@PEAVeffectState@3@@Z,"public: virtual void __cdecl lLandObject::Parse(class Graphics::ModelParser &, class wPosition3<float> const &, class Graphics::effectState *)",method,,lLandObject,Parse,"class Graphics::ModelParser &, class wPosition3<float> const &, class Graphics::effectState *",False,False,True,False,False,False,True
257,256,0x100,?Parse@viObject@@UEAAXAEAVModelParser@Graphics@@AEBV?$wPosition3@M@@PEAVeffectState@3@@Z,"public: virtual void __cdecl viObject::Parse(class Graphics::ModelParser &, class wPosition3<float> const &, class Graphics::effectState *)",method,,viObject,Parse,"class Graphics::ModelParser &, class wPosition3<float> const &, class Graphics::effectState *",False,False,True,False,False,False,True
258,257,0x101,?Parse@viObjectShape@@UEAAXAEAVModelParser@Graphics@@AEBV?$wPosition3@M@@PEAVeffectState@3@@Z,"public: virtual void __cdecl viObjectShape::Parse(class Graphics::ModelParser &, class wPosition3<float> const &, class Graphics::effectState *)",method,,viObjectShape,Parse,"class Graphics::ModelParser &, class wPosition3<float> const &, class Graphics::effectState *",False,False,True,False,False,False,True
259,258,0x102,?ParseWithVolumeTestResult@viObjectShape@@UEAAXAEAVModelParser@Graphics@@AEBV?$wPosition3@M@@W4IntersectionType@@@Z,"public: virtual void __cdecl viObjectShape::ParseWithVolumeTestResult(class Graphics::ModelParser &, class wPosition3<float> const &, enum IntersectionType)",method,,viObjectShape,ParseWithVolumeTestResult,"class Graphics::ModelParser &, class wPosition3<float> const &, enum IntersectionType",False,False,True,False,False,False,True
260,259,0x103,?PlayArg@lLandObject@@QEAA_NHMMM@Z,"public: bool __cdecl lLandObject::PlayArg(int, float, float, float)",method,,lLandObject,PlayArg,"int, float, float, float",False,False,False,False,False,False,True
261,260,0x104,?Position@lLandObject@@UEAAAEBV?$wPosition3@M@@N@Z,public: virtual class wPosition3<float> const & __cdecl lLandObject::Position(double),method,,lLandObject,Position,double,False,False,True,False,False,False,True
262,261,0x105,?Position@viLight@@UEAAAEBV?$wPosition3@M@@N@Z,public: virtual class wPosition3<float> const & __cdecl viLight::Position(double),method,,viLight,Position,double,False,False,True,False,False,False,True
263,262,0x106,?Position@viObjectShapeCustom@@UEAAAEBV?$wPosition3@M@@N@Z,public: virtual class wPosition3<float> const & __cdecl viObjectShapeCustom::Position(double),method,,viObjectShapeCustom,Position,double,False,False,True,False,False,False,True
264,263,0x107,?PostCollisionProcessing@lLandObject@@UEAAXPEAUwsCollisionData@@@Z,public: virtual void __cdecl lLandObject::PostCollisionProcessing(struct wsCollisionData *),method,,lLandObject,PostCollisionProcessing,struct wsCollisionData *,False,False,True,False,False,False,True
265,264,0x108,?PrepareFrame@ModelLightObject@@UEAAXAEBVVec3d@osg@@@Z,public: virtual void __cdecl ModelLightObject::PrepareFrame(class osg::Vec3d const &),method,,ModelLightObject,PrepareFrame,class osg::Vec3d const &,False,False,True,False,False,False,True
266,265,0x109,?PrepareFrame@viLight@@UEAAXAEBVVec3d@osg@@@Z,public: virtual void __cdecl viLight::PrepareFrame(class osg::Vec3d const &),method,,viLight,PrepareFrame,class osg::Vec3d const &,False,False,True,False,False,False,True
267,266,0x10A,?PreserveHere@HierarchyLayer@@MEAA_NPEAVHierarchyNode@@@Z,protected: virtual bool __cdecl HierarchyLayer::PreserveHere(class HierarchyNode *),method,,HierarchyLayer,PreserveHere,class HierarchyNode *,False,False,True,False,False,False,True
268,267,0x10B,?PreserveHere@HierarchyLinearNode@@MEAA_NPEAVHierarchyNode@@@Z,protected: virtual bool __cdecl HierarchyLinearNode::PreserveHere(class HierarchyNode *),method,,HierarchyLinearNode,PreserveHere,class HierarchyNode *,False,False,True,False,False,False,True
269,268,0x10C,?Purge@HierarchyStorage@@UEAAXI@Z,public: virtual void __cdecl HierarchyStorage::Purge(unsigned int),method,,HierarchyStorage,Purge,unsigned int,False,False,True,False,False,False,True
270,269,0x10D,?QueryEditor@viLight@@QEAAPEAVLight@Graphics@@XZ,public: class Graphics::Light * __cdecl viLight::QueryEditor(void),method,,viLight,QueryEditor,void,False,False,False,False,False,False,True
271,270,0x10E,?RecursiveLightsUpdate@viObjectNode@@AEAAXXZ,private: void __cdecl viObjectNode::RecursiveLightsUpdate(void),method,,viObjectNode,RecursiveLightsUpdate,void,False,False,False,False,False,False,True
272,271,0x10F,?Register@DistanceKillerManager@@AEAAXPEAVDistanceKiller@@@Z,private: void __cdecl DistanceKillerManager::Register(class DistanceKiller *),method,,DistanceKillerManager,Register,class DistanceKiller *,False,False,False,False,False,False,True
273,272,0x110,?Register@Registered@@MEAA_NXZ,protected: virtual bool __cdecl Registered::Register(void),method,,Registered,Register,void,False,False,True,False,False,False,True
274,273,0x111,?Register@viObject@@MEAA_NXZ,protected: virtual bool __cdecl viObject::Register(void),method,,viObject,Register,void,False,False,True,False,False,False,True
275,274,0x112,?RegisterKillByDistance@DistanceKiller@@QEAAXXZ,public: void __cdecl DistanceKiller::RegisterKillByDistance(void),method,,DistanceKiller,RegisterKillByDistance,void,False,False,False,False,False,False,True
276,275,0x113,?ReinitState@lLandObject@@UEAAXXZ,public: virtual void __cdecl lLandObject::ReinitState(void),method,,lLandObject,ReinitState,void,False,False,True,False,False,False,True
277,276,0x114,?RemoveChild@viObjectNode@@AEAAXH@Z,private: void __cdecl viObjectNode::RemoveChild(int),method,,viObjectNode,RemoveChild,int,False,False,False,False,False,False,True
278,277,0x115,?RemoveObject@HierarchyLinearNode@@UEAA_NPEAVHierarchyNode@@@Z,public: virtual bool __cdecl HierarchyLinearNode::RemoveObject(class HierarchyNode *),method,,HierarchyLinearNode,RemoveObject,class HierarchyNode *,False,False,True,False,False,False,True
279,278,0x116,?RemoveObjectPrivate@HierarchyStorage@@UEAA_NPEAVviObject@@@Z,public: virtual bool __cdecl HierarchyStorage::RemoveObjectPrivate(class viObject *),method,,HierarchyStorage,RemoveObjectPrivate,class viObject *,False,False,True,False,False,False,True
280,279,0x117,?ScalarVelocity@viMovingObject@@UEBAMXZ,public: virtual float __cdecl viMovingObject::ScalarVelocity(void) const,method,,viMovingObject,ScalarVelocity,void,True,False,True,False,False,False,True
281,280,0x118,?SearchFromThisNode@viObject@@QEAA_NPEAVviSearch@@@Z,public: bool __cdecl viObject::SearchFromThisNode(class viSearch *),method,,viObject,SearchFromThisNode,class viSearch *,False,False,False,False,False,False,True
282,281,0x119,?SetAcceptance@HierarchyLayer@@QEAAX_N@Z,public: void __cdecl HierarchyLayer::SetAcceptance(bool),method,,HierarchyLayer,SetAcceptance,bool,False,False,False,False,False,False,True
283,282,0x11A,?SetArgsNetState@lLandObject@@QEAAXAEBUAnimHolderNetState@Graphics@@@Z,public: void __cdecl lLandObject::SetArgsNetState(struct Graphics::AnimHolderNetState const &),method,,lLandObject,SetArgsNetState,struct Graphics::AnimHolderNetState const &,False,False,False,False,False,False,True
284,283,0x11B,?SetCoalition@lLandObject@@QEAAXW4wcCoalitionName@@@Z,public: void __cdecl lLandObject::SetCoalition(enum wcCoalitionName),method,,lLandObject,SetCoalition,enum wcCoalitionName,False,False,False,False,False,False,True
285,284,0x11C,?SetDrawArg@lLandObject@@QEAA_NHM@Z,"public: bool __cdecl lLandObject::SetDrawArg(int, float)",method,,lLandObject,SetDrawArg,"int, float",False,False,False,False,False,False,True
286,285,0x11D,?SetKillerDistance@DistanceKiller@@QEAAXM@Z,public: void __cdecl DistanceKiller::SetKillerDistance(float),method,,DistanceKiller,SetKillerDistance,float,False,False,False,False,False,False,True
287,286,0x11E,?SetLife@lLandObject@@AEAAXN@Z,private: void __cdecl lLandObject::SetLife(double),method,,lLandObject,SetLife,double,False,False,False,False,False,False,True
288,287,0x11F,?SetLife@lObjectDynData@@UEAAXN@Z,public: virtual void __cdecl lObjectDynData::SetLife(double),method,,lObjectDynData,SetLife,double,False,False,True,False,False,False,True
289,288,0x120,?SetModel@viObjectShape@@UEAAXVModelPtr@Graphics@@@Z,public: virtual void __cdecl viObjectShape::SetModel(class Graphics::ModelPtr),method,,viObjectShape,SetModel,class Graphics::ModelPtr,False,False,True,False,False,False,True
290,289,0x121,?SetModel@viObjectShapeCustom@@UEAAXVModelPtr@Graphics@@@Z,public: virtual void __cdecl viObjectShapeCustom::SetModel(class Graphics::ModelPtr),method,,viObjectShapeCustom,SetModel,class Graphics::ModelPtr,False,False,True,False,False,False,True
291,290,0x122,?SetModelByName@viObjectShape@@QEAAXPEBD@Z,public: void __cdecl viObjectShape::SetModelByName(char const *),method,,viObjectShape,SetModelByName,char const *,False,False,False,False,False,False,True
292,291,0x123,?SetModelParam@viObjectShapeCustom@@QEAAXHM@Z,"public: void __cdecl viObjectShapeCustom::SetModelParam(int, float)",method,,viObjectShapeCustom,SetModelParam,"int, float",False,False,False,False,False,False,True
293,292,0x124,?SetModelParams@viObjectShapeCustom@@QEAAXAEBV?$vector@MV?$allocator128@M@ed@@@ed@@@Z,"public: void __cdecl viObjectShapeCustom::SetModelParams(class ed::vector<float, class ed::allocator128<float>> const &)",method,,viObjectShapeCustom,SetModelParams,"class ed::vector<float, class ed::allocator128<float>> const &",False,False,False,False,False,False,True
294,293,0x125,?SetOwner@lObjectDynData@@QEAAXPEAVlLandObject@@@Z,public: void __cdecl lObjectDynData::SetOwner(class lLandObject *),method,,lObjectDynData,SetOwner,class lLandObject *,False,False,False,False,False,False,True
295,294,0x126,?SetPoint@viObjectShapeCustom@@QEAAXAEBVVec3d@osg@@@Z,public: void __cdecl viObjectShapeCustom::SetPoint(class osg::Vec3d const &),method,,viObjectShapeCustom,SetPoint,class osg::Vec3d const &,False,False,False,False,False,False,True
296,295,0x127,?SetPos@lLandObject@@UEAAXAEBV?$wPosition3@M@@@Z,public: virtual void __cdecl lLandObject::SetPos(class wPosition3<float> const &),method,,lLandObject,SetPos,class wPosition3<float> const &,False,False,True,False,False,False,True
297,296,0x128,?SetPosition@viLight@@UEAAXAEBV?$wPosition3@M@@@Z,public: virtual void __cdecl viLight::SetPosition(class wPosition3<float> const &),method,,viLight,SetPosition,class wPosition3<float> const &,False,False,True,False,False,False,True
298,297,0x129,?SetPositionType@wShape@@SAXE@Z,public: static void __cdecl wShape::SetPositionType(unsigned char),method,,wShape,SetPositionType,unsigned char,False,True,False,False,False,False,True
299,298,0x12A,?SetSearchID@viObject@@QEAAXH@Z,public: void __cdecl viObject::SetSearchID(int),method,,viObject,SetSearchID,int,False,False,False,False,False,False,True
300,299,0x12B,?SetThreshold@DistanceKillerManager@@QEAAXM@Z,public: void __cdecl DistanceKillerManager::SetThreshold(float),method,,DistanceKillerManager,SetThreshold,float,False,False,False,False,False,False,True
301,300,0x12C,?Start@wShape@@SAXXZ,public: static void __cdecl wShape::Start(void),method,,wShape,Start,void,False,True,False,False,False,False,True
302,301,0x12D,?StartNet@wShape@@SAXXZ,public: static void __cdecl wShape::StartNet(void),method,,wShape,StartNet,void,False,True,False,False,False,False,True
303,302,0x12E,?Stop@wShape@@SAXXZ,public: static void __cdecl wShape::Stop(void),method,,wShape,Stop,void,False,True,False,False,False,False,True
304,303,0x12F,?Store@viSearch@@QEAAPEAPEAVviObject@@XZ,public: class viObject ** __cdecl viSearch::Store(void),method,,viSearch,Store,void,False,False,False,False,False,False,True
305,304,0x130,?Subdivide@HierarchyLayer@@UEAA_NXZ,public: virtual bool __cdecl HierarchyLayer::Subdivide(void),method,,HierarchyLayer,Subdivide,void,False,False,True,False,False,False,True
306,305,0x131,?SubmitImmediateDebugGeometry@viObject@@UEAAXXZ,public: virtual void __cdecl viObject::SubmitImmediateDebugGeometry(void),method,,viObject,SubmitImmediateDebugGeometry,void,False,False,True,False,False,False,True
307,306,0x132,?TakeDamage@lLandObject@@UEAAXNII@Z,"public: virtual void __cdecl lLandObject::TakeDamage(double, unsigned int, unsigned int)",method,,lLandObject,TakeDamage,"double, unsigned int, unsigned int",False,False,True,False,False,False,True
308,307,0x133,?TestAndInsert@viSearch@@UEAA_NPEAVviObject@@_N@Z,"public: virtual bool __cdecl viSearch::TestAndInsert(class viObject *, bool)",method,,viSearch,TestAndInsert,"class viObject *, bool",False,False,True,False,False,False,True
309,308,0x134,?TestVolume@viLight@@UEAA?AW4IntersectionType@@AEBVClipVolume@@@Z,public: virtual enum IntersectionType __cdecl viLight::TestVolume(class ClipVolume const &),method,,viLight,TestVolume,class ClipVolume const &,False,False,True,False,False,False,True
310,309,0x135,?TestVolume@viObject@@UEAA?AW4IntersectionType@@AEBVClipVolume@@@Z,public: virtual enum IntersectionType __cdecl viObject::TestVolume(class ClipVolume const &),method,,viObject,TestVolume,class ClipVolume const &,False,False,True,False,False,False,True
311,310,0x136,?TestVolume@viObjectFlatShape@@UEAA?AW4IntersectionType@@AEBVClipVolume@@@Z,public: virtual enum IntersectionType __cdecl viObjectFlatShape::TestVolume(class ClipVolume const &),method,,viObjectFlatShape,TestVolume,class ClipVolume const &,False,False,True,False,False,False,True
312,311,0x137,?TopMostParentSpace_GetPosition@viObjectNode@@IEAA?AV?$wPosition3@M@@XZ,protected: class wPosition3<float> __cdecl viObjectNode::TopMostParentSpace_GetPosition(void),method,,viObjectNode,TopMostParentSpace_GetPosition,void,False,False,False,False,False,False,True
313,312,0x138,?Type0@lLandObject@@QEBAPEAUwShape@@XZ,public: struct wShape * __cdecl lLandObject::Type0(void) const,method,,lLandObject,Type0,void,True,False,False,False,False,False,True
314,313,0x139,?Type@lLandObject@@QEBAPEAUwShape@@XZ,public: struct wShape * __cdecl lLandObject::Type(void) const,method,,lLandObject,Type,void,True,False,False,False,False,False,True
315,314,0x13A,?Unregister@DistanceKillerManager@@AEAAXPEAVDistanceKiller@@@Z,private: void __cdecl DistanceKillerManager::Unregister(class DistanceKiller *),method,,DistanceKillerManager,Unregister,class DistanceKiller *,False,False,False,False,False,False,True
316,315,0x13B,?Unregister@Registered@@MEAA_NXZ,protected: virtual bool __cdecl Registered::Unregister(void),method,,Registered,Unregister,void,False,False,True,False,False,False,True
317,316,0x13C,?Unregister@viObject@@MEAA_NXZ,protected: virtual bool __cdecl viObject::Unregister(void),method,,viObject,Unregister,void,False,False,True,False,False,False,True
318,317,0x13D,?UnregisterKillByDistance@DistanceKiller@@QEAAXXZ,public: void __cdecl DistanceKiller::UnregisterKillByDistance(void),method,,DistanceKiller,UnregisterKillByDistance,void,False,False,False,False,False,False,True
319,318,0x13E,?Update@DistanceKillerManager@@QEAAXAEBVVec3f@osg@@@Z,public: void __cdecl DistanceKillerManager::Update(class osg::Vec3f const &),method,,DistanceKillerManager,Update,class osg::Vec3f const &,False,False,False,False,False,False,True
320,319,0x13F,?Update@ModelLightObject@@UEAAXXZ,public: virtual void __cdecl ModelLightObject::Update(void),method,,ModelLightObject,Update,void,False,False,True,False,False,False,True
321,320,0x140,?Update@viLight@@UEAAXXZ,public: virtual void __cdecl viLight::Update(void),method,,viLight,Update,void,False,False,True,False,False,False,True
322,321,0x141,?UpdateGraphicState@viObject@@UEAAIXZ,public: virtual unsigned int __cdecl viObject::UpdateGraphicState(void),method,,viObject,UpdateGraphicState,void,False,False,True,False,False,False,True
323,322,0x142,?UpdateGraphicState@viObjectShape@@UEAAIXZ,public: virtual unsigned int __cdecl viObjectShape::UpdateGraphicState(void),method,,viObjectShape,UpdateGraphicState,void,False,False,True,False,False,False,True
324,323,0x143,?UpdateSpaceRegistration@lLandObject@@QEAAXXZ,public: void __cdecl lLandObject::UpdateSpaceRegistration(void),method,,lLandObject,UpdateSpaceRegistration,void,False,False,False,False,False,False,True
325,324,0x144,?UseChildren@viObjectNode@@UEAA_NNW4viArgumentPurpose@@@Z,"public: virtual bool __cdecl viObjectNode::UseChildren(double, enum viArgumentPurpose)",method,,viObjectNode,UseChildren,"double, enum viArgumentPurpose",False,False,True,False,False,False,True
326,325,0x145,?VectorAngular@viMovingObject@@UEBAAEBVVec3f@osg@@XZ,public: virtual class osg::Vec3f const & __cdecl viMovingObject::VectorAngular(void) const,method,,viMovingObject,VectorAngular,void,True,False,True,False,False,False,True
327,326,0x146,?VectorVelocity@viMovingObject@@UEBAAEBVVec3f@osg@@XZ,public: virtual class osg::Vec3f const & __cdecl viMovingObject::VectorVelocity(void) const,method,,viMovingObject,VectorVelocity,void,True,False,True,False,False,False,True
328,327,0x147,?WasInSearch@HierarchyLinearNode@@IEAA_NPEAVviSearch@@@Z,protected: bool __cdecl HierarchyLinearNode::WasInSearch(class viSearch *),method,,HierarchyLinearNode,WasInSearch,class viSearch *,False,False,False,False,False,False,True
329,328,0x148,?WorldSpaceWithParents_GetPoint@viObjectNode@@IEAA?AVVec3d@osg@@XZ,protected: class osg::Vec3d __cdecl viObjectNode::WorldSpaceWithParents_GetPoint(void),method,,viObjectNode,WorldSpaceWithParents_GetPoint,void,False,False,False,False,False,False,True
330,329,0x149,?WorldSpaceWithParents_GetPosition@viObjectNode@@IEAA?AV?$wPosition3@M@@XZ,protected: class wPosition3<float> __cdecl viObjectNode::WorldSpaceWithParents_GetPosition(void),method,,viObjectNode,WorldSpaceWithParents_GetPosition,void,False,False,False,False,False,False,True
331,330,0x14A,?add@?$Evoker@VLandObjectDestroyNotifierBase@@V?$Link@VLandObjectDestroyNotifierBase@@@@@@QEAAXV?$Link@VLandObjectDestroyNotifierBase@@@@@Z,"public: void __cdecl Evoker<class LandObjectDestroyNotifierBase, class Link<class LandObjectDestroyNotifierBase>>::add(class Link<class LandObjectDestroyNotifierBase>)",method,,LandObjectDestroyNotifierBase>>,add,class Link<class LandObjectDestroyNotifierBase>,False,False,False,False,False,False,True
332,331,0x14B,?advanceGraphRevision@lLandObject@@QEAAXXZ,public: void __cdecl lLandObject::advanceGraphRevision(void),method,,lLandObject,advanceGraphRevision,void,False,False,False,False,False,False,True
333,332,0x14C,?allocateRequiredAmount@@YAXAEAV?$vector@MV?$allocator128@M@ed@@@ed@@IVModelPtr@Graphics@@@Z,"void __cdecl allocateRequiredAmount(class ed::vector<float, class ed::allocator128<float>> &, unsigned int, class Graphics::ModelPtr)",function,,,allocateRequiredAmount,"class ed::vector<float, class ed::allocator128<float>> &, unsigned int, class Graphics::ModelPtr",False,False,False,False,False,False,True
334,333,0x14D,?attach_obj@vi_helper@@QEAAXV?$DbgObjWrapper@VIDbgObj@eddd@@@eddd@@AEBV?$wPosition3@M@@@Z,"public: void __cdecl vi_helper::attach_obj(class eddd::DbgObjWrapper<class eddd::IDbgObj>, class wPosition3<float> const &)",method,,vi_helper,attach_obj,"class eddd::DbgObjWrapper<class eddd::IDbgObj>, class wPosition3<float> const &",False,False,False,False,False,False,True
335,334,0x14E,?attach_obj_at_index@vi_helper@@QEAAXIV?$DbgObjWrapper@VIDbgObj@eddd@@@eddd@@PEBV?$wPosition3@M@@@Z,"public: void __cdecl vi_helper::attach_obj_at_index(unsigned int, class eddd::DbgObjWrapper<class eddd::IDbgObj>, class wPosition3<float> const *)",method,,vi_helper,attach_obj_at_index,"unsigned int, class eddd::DbgObjWrapper<class eddd::IDbgObj>, class wPosition3<float> const *",False,False,False,False,False,False,True
336,335,0x14F,?cameraKiller@@3VDistanceKillerManager@@A,class DistanceKillerManager cameraKiller,symbol,,,,,False,False,False,False,False,False,True
337,336,0x150,?canBeImpostor@viObjectShape@@UEBA_NXZ,public: virtual bool __cdecl viObjectShape::canBeImpostor(void) const,method,,viObjectShape,canBeImpostor,void,True,False,True,False,False,False,True
338,337,0x151,?cancel@?$Evoker@VLandObjectDestroyNotifierBase@@V?$Link@VLandObjectDestroyNotifierBase@@@@@@QEAAXXZ,"public: void __cdecl Evoker<class LandObjectDestroyNotifierBase, class Link<class LandObjectDestroyNotifierBase>>::cancel(void)",method,,LandObjectDestroyNotifierBase>>,cancel,void,False,False,False,False,False,False,True
339,338,0x152,?cast_GraphicEffect@viObject@@UEAAPEAVGraphicEffect@Effects@@XZ,public: virtual class Effects::GraphicEffect * __cdecl viObject::cast_GraphicEffect(void),method,,viObject,cast_GraphicEffect,void,False,False,True,False,False,False,True
340,339,0x153,?cast_MovingObject@Registered@@UEAAPEAVMovingObject@@XZ,public: virtual class MovingObject * __cdecl Registered::cast_MovingObject(void),method,,Registered,cast_MovingObject,void,False,False,True,False,False,False,True
341,340,0x154,?cast_lLandObject@Registered@@UEAAPEAVlLandObject@@XZ,public: virtual class lLandObject * __cdecl Registered::cast_lLandObject(void),method,,Registered,cast_lLandObject,void,False,False,True,False,False,False,True
342,341,0x155,?cast_lLandObject@lLandObject@@UEAAPEAV1@XZ,public: virtual class lLandObject * __cdecl lLandObject::cast_lLandObject(void),method,,lLandObject,cast_lLandObject,void,False,False,True,False,False,False,True
343,342,0x156,?cast_viObject@Registered@@UEAAPEAVviObject@@XZ,public: virtual class viObject * __cdecl Registered::cast_viObject(void),method,,Registered,cast_viObject,void,False,False,True,False,False,False,True
344,343,0x157,?cast_viObject@viObject@@UEAAPEAV1@XZ,public: virtual class viObject * __cdecl viObject::cast_viObject(void),method,,viObject,cast_viObject,void,False,False,True,False,False,False,True
345,344,0x158,?cast_viObjectNode@Registered@@UEAAPEAVviObjectNode@@XZ,public: virtual class viObjectNode * __cdecl Registered::cast_viObjectNode(void),method,,Registered,cast_viObjectNode,void,False,False,True,False,False,False,True
346,345,0x159,?cast_viObjectNode@viObjectNode@@UEAAPEAV1@XZ,public: virtual class viObjectNode * __cdecl viObjectNode::cast_viObjectNode(void),method,,viObjectNode,cast_viObjectNode,void,False,False,True,False,False,False,True
347,346,0x15A,?cast_viObjectShape@Registered@@UEAAPEAVviObjectShape@@XZ,public: virtual class viObjectShape * __cdecl Registered::cast_viObjectShape(void),method,,Registered,cast_viObjectShape,void,False,False,True,False,False,False,True
348,347,0x15B,?cast_viObjectShape@viObjectShape@@UEAAPEAV1@XZ,public: virtual class viObjectShape * __cdecl viObjectShape::cast_viObjectShape(void),method,,viObjectShape,cast_viObjectShape,void,False,False,True,False,False,False,True
349,348,0x15C,?cast_viObjectShapeCustom@Registered@@UEAAPEAVviObjectShapeCustom@@XZ,public: virtual class viObjectShapeCustom * __cdecl Registered::cast_viObjectShapeCustom(void),method,,Registered,cast_viObjectShapeCustom,void,False,False,True,False,False,False,True
350,349,0x15D,?cast_viObjectShapeCustom@viObjectShapeCustom@@UEAAPEAV1@XZ,public: virtual class viObjectShapeCustom * __cdecl viObjectShapeCustom::cast_viObjectShapeCustom(void),method,,viObjectShapeCustom,cast_viObjectShapeCustom,void,False,False,True,False,False,False,True
351,350,0x15E,?checkDrawingInCockpit@viObject@@UEAA_NXZ,public: virtual bool __cdecl viObject::checkDrawingInCockpit(void),method,,viObject,checkDrawingInCockpit,void,False,False,True,False,False,False,True
352,351,0x15F,?checkEachIteration@?$Evoker@VLandObjectDestroyNotifierBase@@V?$Link@VLandObjectDestroyNotifierBase@@@@@@AEAA_NAEAV?$_Vector_iterator@V?$_Vector_val@U?$_Simple_types@V?$Link@VLandObjectDestroyNotifierBase@@@@@std@@@std@@@std@@@Z,"private: bool __cdecl Evoker<class LandObjectDestroyNotifierBase, class Link<class LandObjectDestroyNotifierBase>>::checkEachIteration(class std::_Vector_iterator<class std::_Vector_val<struct std::_Simple_types<class Link<class LandObjectDestroyNotifierBase>>>> &)",method,,LandObjectDestroyNotifierBase>>,checkEachIteration,class std::_Vector_iterator<class std::_Vector_val<struct std::_Simple_types<class Link<class LandObjectDestroyNotifierBase>>>> &,False,False,False,False,False,False,True
353,352,0x160,?clear@?$Evoker@VLandObjectDestroyNotifierBase@@V?$Link@VLandObjectDestroyNotifierBase@@@@@@QEAAXXZ,"public: void __cdecl Evoker<class LandObjectDestroyNotifierBase, class Link<class LandObjectDestroyNotifierBase>>::clear(void)",method,,LandObjectDestroyNotifierBase>>,clear,void,False,False,False,False,False,False,True
354,353,0x161,?create@vi_helper@@SAPEAV1@V?$DbgObjWrapper@VIDbgObj@eddd@@@eddd@@@Z,public: static class vi_helper * __cdecl vi_helper::create(class eddd::DbgObjWrapper<class eddd::IDbgObj>),method,,vi_helper,create,class eddd::DbgObjWrapper<class eddd::IDbgObj>,False,True,False,False,False,False,True
355,354,0x162,?destroy@lLandObject@@QEAAXXZ,public: void __cdecl lLandObject::destroy(void),method,,lLandObject,destroy,void,False,False,False,False,False,False,True
356,355,0x163,?detachFromTerrainSceneObject@lLandObject@@IEAAXXZ,protected: void __cdecl lLandObject::detachFromTerrainSceneObject(void),method,,lLandObject,detachFromTerrainSceneObject,void,False,False,False,False,False,False,True
357,356,0x164,?detach_all@vi_helper@@QEAAXXZ,public: void __cdecl vi_helper::detach_all(void),method,,vi_helper,detach_all,void,False,False,False,False,False,False,True
358,357,0x165,?evoke@?$Evoker@VLandObjectDestroyNotifierBase@@V?$Link@VLandObjectDestroyNotifierBase@@@@@@QEAAXP8LandObjectDestroyNotifierBase@@EAAXXZ@Z,"public: void __cdecl Evoker<class LandObjectDestroyNotifierBase, class Link<class LandObjectDestroyNotifierBase>>::evoke(void (__cdecl LandObjectDestroyNotifierBase::*)(void))",method,,LandObjectDestroyNotifierBase>>,evoke,void (__cdecl LandObjectDestroyNotifierBase::*)(void),False,False,False,False,False,False,True
359,358,0x166,?for_each_child@viObjectNode@@QEAAXNW4viArgumentPurpose@@V?$function@$$A6AXPEAVviObjectNode@@@Z@std@@@Z,"public: void __cdecl viObjectNode::for_each_child(double, enum viArgumentPurpose, class std::function<void __cdecl(class viObjectNode *)>)",method,,viObjectNode,for_each_child,"double, enum viArgumentPurpose, class std::function<void __cdecl(class viObjectNode *)>",False,False,False,False,False,False,True
360,359,0x167,?getArgsFromLiveryDiff@@YA?AV?$vector@UargValuePair@@V?$allocator@UargValuePair@@@ed@@@ed@@PEBVILivery@@AEBV?$vector@MV?$allocator128@M@ed@@@2@@Z,"class ed::vector<struct argValuePair, class ed::allocator<struct argValuePair>> __cdecl getArgsFromLiveryDiff(class ILivery const *, class ed::vector<float, class ed::allocator128<float>> const &)",function,,,getArgsFromLiveryDiff,"class ILivery const *, class ed::vector<float, class ed::allocator128<float>> const &",False,False,False,False,False,False,True
361,360,0x168,?getGraphicsLight@viLight@@QEBAPEAVLight@Graphics@@XZ,public: class Graphics::Light * __cdecl viLight::getGraphicsLight(void) const,method,,viLight,getGraphicsLight,void,True,False,False,False,False,False,True
362,361,0x169,?getHostID@RegStorage@@SAHXZ,public: static int __cdecl RegStorage::getHostID(void),method,,RegStorage,getHostID,void,False,True,False,False,False,False,True
363,362,0x16A,?getLights@ModelLights@@QEAAAEAV?$vector@PEAVModelLightObject@@V?$allocator@PEAVModelLightObject@@@ed@@@ed@@XZ,"public: class ed::vector<class ModelLightObject *, class ed::allocator<class ModelLightObject *>> & __cdecl ModelLights::getLights(void)",method,,ModelLights,getLights,void,False,False,False,False,False,False,True
364,363,0x16B,?getMissionID@lLandObject@@QEBAAEBV?$basic_string@D@ed@@XZ,public: class ed::basic_string<char> const & __cdecl lLandObject::getMissionID(void) const,method,,lLandObject,getMissionID,void,True,False,False,False,False,False,True
365,364,0x16C,?getModelParams@ForestSceneObject@@UEBAPEBVIModelParams@model@@XZ,public: virtual class model::IModelParams const * __cdecl ForestSceneObject::getModelParams(void) const,method,,ForestSceneObject,getModelParams,void,True,False,True,False,False,False,True
366,365,0x16D,?getModelParams@SceneObject@@UEBAPEBVIModelParams@model@@XZ,public: virtual class model::IModelParams const * __cdecl SceneObject::getModelParams(void) const,method,,SceneObject,getModelParams,void,True,False,True,False,False,False,True
367,366,0x16E,?getModelParams@TerrainSceneObject@@UEBAPEBVIModelParams@model@@XZ,public: virtual class model::IModelParams const * __cdecl TerrainSceneObject::getModelParams(void) const,method,,TerrainSceneObject,getModelParams,void,True,False,True,False,False,False,True
368,367,0x16F,?getModelParams@viObjectShape@@UEBAPEBVIModelParams@model@@XZ,public: virtual class model::IModelParams const * __cdecl viObjectShape::getModelParams(void) const,method,,viObjectShape,getModelParams,void,True,False,True,False,False,False,True
369,368,0x170,?getName@lLandObject@@QEBAAEBV?$basic_string@D@ed@@XZ,public: class ed::basic_string<char> const & __cdecl lLandObject::getName(void) const,method,,lLandObject,getName,void,True,False,False,False,False,False,True
370,369,0x171,?getObjectID@ForestSceneObject@@UEBAIXZ,public: virtual unsigned int __cdecl ForestSceneObject::getObjectID(void) const,method,,ForestSceneObject,getObjectID,void,True,False,True,False,False,False,True
371,370,0x172,?getObjectID@SceneObject@@UEBAIXZ,public: virtual unsigned int __cdecl SceneObject::getObjectID(void) const,method,,SceneObject,getObjectID,void,True,False,True,False,False,False,True
372,371,0x173,?getObjectID@TerrainSceneObject@@UEBAIXZ,public: virtual unsigned int __cdecl TerrainSceneObject::getObjectID(void) const,method,,TerrainSceneObject,getObjectID,void,True,False,True,False,False,False,True
373,372,0x174,?getObjectID@viObjectShape@@UEBAIXZ,public: virtual unsigned int __cdecl viObjectShape::getObjectID(void) const,method,,viObjectShape,getObjectID,void,True,False,True,False,False,False,True
374,373,0x175,?getObjectPosition@ForestSceneObject@@UEBA?AVMatrixd@osg@@XZ,public: virtual class osg::Matrixd __cdecl ForestSceneObject::getObjectPosition(void) const,method,,ForestSceneObject,getObjectPosition,void,True,False,True,False,False,False,True
375,374,0x176,?getObjectPosition@SceneObject@@UEBA?AVMatrixd@osg@@XZ,public: virtual class osg::Matrixd __cdecl SceneObject::getObjectPosition(void) const,method,,SceneObject,getObjectPosition,void,True,False,True,False,False,False,True
376,375,0x177,?getObjectPosition@TerrainSceneObject@@UEBA?AVMatrixd@osg@@XZ,public: virtual class osg::Matrixd __cdecl TerrainSceneObject::getObjectPosition(void) const,method,,TerrainSceneObject,getObjectPosition,void,True,False,True,False,False,False,True
377,376,0x178,?getObjectPosition@viObjectShape@@UEBA?AVMatrixd@osg@@XZ,public: virtual class osg::Matrixd __cdecl viObjectShape::getObjectPosition(void) const,method,,viObjectShape,getObjectPosition,void,True,False,True,False,False,False,True
378,377,0x179,?getObjectType@ForestSceneObject@@UEBAPEAVIModel@model@@XZ,public: virtual class model::IModel * __cdecl ForestSceneObject::getObjectType(void) const,method,,ForestSceneObject,getObjectType,void,True,False,True,False,False,False,True
379,378,0x17A,?getObjectType@SceneObject@@UEBAPEAVIModel@model@@XZ,public: virtual class model::IModel * __cdecl SceneObject::getObjectType(void) const,method,,SceneObject,getObjectType,void,True,False,True,False,False,False,True
380,379,0x17B,?getObjectType@TerrainSceneObject@@UEBAPEAVIModel@model@@XZ,public: virtual class model::IModel * __cdecl TerrainSceneObject::getObjectType(void) const,method,,TerrainSceneObject,getObjectType,void,True,False,True,False,False,False,True
381,380,0x17C,?getObjectType@lLandObject@@UEBAPEAVIModel@model@@XZ,public: virtual class model::IModel * __cdecl lLandObject::getObjectType(void) const,method,,lLandObject,getObjectType,void,True,False,True,False,False,False,True
382,381,0x17D,?getObjectType@viObjectShape@@UEBAPEAVIModel@model@@XZ,public: virtual class model::IModel * __cdecl viObjectShape::getObjectType(void) const,method,,viObjectShape,getObjectType,void,True,False,True,False,False,False,True
383,382,0x17E,?getPositionInParentSpace@viObjectNode@@UEAAAEBV?$wPosition3@M@@N@Z,public: virtual class wPosition3<float> const & __cdecl viObjectNode::getPositionInParentSpace(double),method,,viObjectNode,getPositionInParentSpace,double,False,False,True,False,False,False,True
384,383,0x17F,?getPositionUsingMode@lLandObject@@EEBA?AW4positionUsingMode@@XZ,private: virtual enum positionUsingMode __cdecl lLandObject::getPositionUsingMode(void) const,method,,lLandObject,getPositionUsingMode,void,True,False,True,False,False,False,True
385,384,0x180,?getPositionUsingMode@viObjectNode@@UEBA?AW4positionUsingMode@@XZ,public: virtual enum positionUsingMode __cdecl viObjectNode::getPositionUsingMode(void) const,method,,viObjectNode,getPositionUsingMode,void,True,False,True,False,False,False,True
386,385,0x181,?getPositionUsingMode@viObjectShapeCustom@@UEBA?AW4positionUsingMode@@XZ,public: virtual enum positionUsingMode __cdecl viObjectShapeCustom::getPositionUsingMode(void) const,method,,viObjectShapeCustom,getPositionUsingMode,void,True,False,True,False,False,False,True
387,386,0x182,?getRadius@viObject@@QEAANXZ,public: double __cdecl viObject::getRadius(void),method,,viObject,getRadius,void,False,False,False,False,False,False,True
388,387,0x183,?getSceneObjectInterface@viObject@@UEAAPEAVISceneObject@@XZ,public: virtual class ISceneObject * __cdecl viObject::getSceneObjectInterface(void),method,,viObject,getSceneObjectInterface,void,False,False,True,False,False,False,True
389,388,0x184,?getSceneObjectInterface@viObjectShape@@UEAAPEAVISceneObject@@XZ,public: virtual class ISceneObject * __cdecl viObjectShape::getSceneObjectInterface(void),method,,viObjectShape,getSceneObjectInterface,void,False,False,True,False,False,False,True
390,389,0x185,?getStaticData@lLandObject@@QEBAPEBUStaticObjectData@@XZ,public: struct StaticObjectData const * __cdecl lLandObject::getStaticData(void) const,method,,lLandObject,getStaticData,void,True,False,False,False,False,False,True
391,390,0x186,?getTypeName@lLandObject@@QEBAAEBV?$basic_string@D@ed@@XZ,public: class ed::basic_string<char> const & __cdecl lLandObject::getTypeName(void) const,method,,lLandObject,getTypeName,void,True,False,False,False,False,False,True
392,391,0x187,?getViType@ForestSceneObject@@UEBAIXZ,public: virtual unsigned int __cdecl ForestSceneObject::getViType(void) const,method,,ForestSceneObject,getViType,void,True,False,True,False,False,False,True
393,392,0x188,?getViType@SceneObject@@UEBAIXZ,public: virtual unsigned int __cdecl SceneObject::getViType(void) const,method,,SceneObject,getViType,void,True,False,True,False,False,False,True
394,393,0x189,?getViType@TerrainSceneObject@@UEBAIXZ,public: virtual unsigned int __cdecl TerrainSceneObject::getViType(void) const,method,,TerrainSceneObject,getViType,void,True,False,True,False,False,False,True
395,394,0x18A,?getViType@viObjectShape@@UEBAIXZ,public: virtual unsigned int __cdecl viObjectShape::getViType(void) const,method,,viObjectShape,getViType,void,True,False,True,False,False,False,True
396,395,0x18B,?getVisibility@lLandObject@@UEBAMXZ,public: virtual float __cdecl lLandObject::getVisibility(void) const,method,,lLandObject,getVisibility,void,True,False,True,False,False,False,True
397,396,0x18C,?getVisibility@viObjectShape@@UEBAMXZ,public: virtual float __cdecl viObjectShape::getVisibility(void) const,method,,viObjectShape,getVisibility,void,True,False,True,False,False,False,True
398,397,0x18D,?get_Registered@SceneObject@@UEAAPEAVRegistered@@XZ,public: virtual class Registered * __cdecl SceneObject::get_Registered(void),method,,SceneObject,get_Registered,void,False,False,True,False,False,False,True
399,398,0x18E,?get_Registered@viObjectShape@@UEAAPEAVRegistered@@XZ,public: virtual class Registered * __cdecl viObjectShape::get_Registered(void),method,,viObjectShape,get_Registered,void,False,False,True,False,False,False,True
400,399,0x18F,?get_attached_object@vi_helper@@QEAA?AV?$DbgObjWrapper@VIDbgObj@eddd@@@eddd@@I@Z,public: class eddd::DbgObjWrapper<class eddd::IDbgObj> __cdecl vi_helper::get_attached_object(unsigned int),method,,vi_helper,get_attached_object,unsigned int,False,False,False,False,False,False,True
401,400,0x190,?get_attached_object_position@vi_helper@@QEBAPEBV?$wPosition3@M@@I@Z,public: class wPosition3<float> const * __cdecl vi_helper::get_attached_object_position(unsigned int) const,method,,vi_helper,get_attached_object_position,unsigned int,True,False,False,False,False,False,True
402,401,0x191,?hide@vi_helper@@QEAAXXZ,public: void __cdecl vi_helper::hide(void),method,,vi_helper,hide,void,False,False,False,False,False,False,True
403,402,0x192,?initFromMapObject@lLandObject@@IEAA_NAEAVISceneObject@@@Z,protected: bool __cdecl lLandObject::initFromMapObject(class ISceneObject &),method,,lLandObject,initFromMapObject,class ISceneObject &,False,False,False,False,False,False,True
404,403,0x193,?instance@RegisterManager@@2PEAV1@EA,public: static class RegisterManager *RegisterManager::instance,symbol,,,,,False,False,False,False,False,False,True
405,404,0x194,?instance@lDynObjectManager@@2PEAV1@EA,public: static class lDynObjectManager *lDynObjectManager::instance,symbol,,,,,False,False,False,False,False,False,True
406,405,0x195,?instance@lTypeObjectManager@@2PEAV1@EA,public: static class lTypeObjectManager *lTypeObjectManager::instance,symbol,,,,,False,False,False,False,False,False,True
407,406,0x196,?instance@viObjectManager@@2PEAV1@EA,public: static class viObjectManager *viObjectManager::instance,symbol,,,,,False,False,False,False,False,False,True
408,407,0x197,?intersectModel@@YA_NAEBVISceneObject@@0AEAV?$basic_string@D@ed@@1AEAVVec3d@osg@@2@Z,"bool __cdecl intersectModel(class ISceneObject const &, class ISceneObject const &, class ed::basic_string<char> &, class ed::basic_string<char> &, class osg::Vec3d &, class osg::Vec3d &)",function,,,intersectModel,"class ISceneObject const &, class ISceneObject const &, class ed::basic_string<char> &, class ed::basic_string<char> &, class osg::Vec3d &, class osg::Vec3d &",False,False,False,False,False,False,True
409,408,0x198,?intersectModel@@YA_NAEBVISceneObject@@0AEAV?$basic_string@D@ed@@1AEAVVec3d@osg@@@Z,"bool __cdecl intersectModel(class ISceneObject const &, class ISceneObject const &, class ed::basic_string<char> &, class ed::basic_string<char> &, class osg::Vec3d &)",function,,,intersectModel,"class ISceneObject const &, class ISceneObject const &, class ed::basic_string<char> &, class ed::basic_string<char> &, class osg::Vec3d &",False,False,False,False,False,False,True
410,409,0x199,?intersectSegment@@YAPEBDAEBVISceneObject@@AEBVVec3d@osg@@1AEAV23@2@Z,"char const * __cdecl intersectSegment(class ISceneObject const &, class osg::Vec3d const &, class osg::Vec3d const &, class osg::Vec3d &, class osg::Vec3d &)",function,,,intersectSegment,"class ISceneObject const &, class osg::Vec3d const &, class osg::Vec3d const &, class osg::Vec3d &, class osg::Vec3d &",False,False,False,False,False,False,True
411,410,0x19A,?intersectSegment@@YAPEBDAEBVISceneObject@@AEBVVec3d@osg@@1AEAV23@AEAN2@Z,"char const * __cdecl intersectSegment(class ISceneObject const &, class osg::Vec3d const &, class osg::Vec3d const &, class osg::Vec3d &, double &, class osg::Vec3d &)",function,,,intersectSegment,"class ISceneObject const &, class osg::Vec3d const &, class osg::Vec3d const &, class osg::Vec3d &, double &, class osg::Vec3d &",False,False,False,False,False,False,True
412,411,0x19B,?intersectSegment@@YAPEBDAEBVISceneObject@@AEBVVec3f@osg@@1AEAV23@2@Z,"char const * __cdecl intersectSegment(class ISceneObject const &, class osg::Vec3f const &, class osg::Vec3f const &, class osg::Vec3f &, class osg::Vec3f &)",function,,,intersectSegment,"class ISceneObject const &, class osg::Vec3f const &, class osg::Vec3f const &, class osg::Vec3f &, class osg::Vec3f &",False,False,False,False,False,False,True
413,412,0x19C,?intersectSegment@@YAPEBDAEBVISceneObject@@AEBVVec3f@osg@@1AEAV23@AEAN2@Z,"char const * __cdecl intersectSegment(class ISceneObject const &, class osg::Vec3f const &, class osg::Vec3f const &, class osg::Vec3f &, double &, class osg::Vec3f &)",function,,,intersectSegment,"class ISceneObject const &, class osg::Vec3f const &, class osg::Vec3f const &, class osg::Vec3f &, double &, class osg::Vec3f &",False,False,False,False,False,False,True
414,413,0x19D,?isReflectionOfTerrainSceneObject@lLandObject@@IEBA_NXZ,protected: bool __cdecl lLandObject::isReflectionOfTerrainSceneObject(void) const,method,,lLandObject,isReflectionOfTerrainSceneObject,void,True,False,False,False,False,False,True
415,414,0x19E,?markTransparentAtThisMoment@lLandObject@@QEAAX_N@Z,public: void __cdecl lLandObject::markTransparentAtThisMoment(bool),method,,lLandObject,markTransparentAtThisMoment,bool,False,False,False,False,False,False,True
416,415,0x19F,?merge@?$Evoker@VLandObjectDestroyNotifierBase@@V?$Link@VLandObjectDestroyNotifierBase@@@@@@IEAAXAEAV?$vector@V?$Link@VLandObjectDestroyNotifierBase@@@@V?$allocator@V?$Link@VLandObjectDestroyNotifierBase@@@@@ed@@@ed@@AEBV23@@Z,"protected: void __cdecl Evoker<class LandObjectDestroyNotifierBase, class Link<class LandObjectDestroyNotifierBase>>::merge(class ed::vector<class Link<class LandObjectDestroyNotifierBase>, class ed::allocator<class Link<class LandObjectDestroyNotifierBase>>> &, class ed::vector<class Link<class LandObjectDestroyNotifierBase>, class ed::allocator<class Link<class LandObjectDestroyNotifierBase>>> const &)",method,,LandObjectDestroyNotifierBase>>,merge,"class ed::vector<class Link<class LandObjectDestroyNotifierBase>, class ed::allocator<class Link<class LandObjectDestroyNotifierBase>>> &, class ed::vector<class Link<class LandObjectDestroyNotifierBase>, class ed::allocator<class Link<class LandObjectDestroyNotifierBase>>> const &",False,False,False,False,False,False,True
417,416,0x1A0,?modelReadyToParse@viObjectShape@@MEAAXVModelPtr@Graphics@@AEAVModelParser@3@AEBV?$wPosition3@M@@PEAVeffectState@3@@Z,"protected: virtual void __cdecl viObjectShape::modelReadyToParse(class Graphics::ModelPtr, class Graphics::ModelParser &, class wPosition3<float> const &, class Graphics::effectState *)",method,,viObjectShape,modelReadyToParse,"class Graphics::ModelPtr, class Graphics::ModelParser &, class wPosition3<float> const &, class Graphics::effectState *",False,False,True,False,False,False,True
418,417,0x1A1,?netHost@Registered@@QEBAHXZ,public: int __cdecl Registered::netHost(void) const,method,,Registered,netHost,void,True,False,False,False,False,False,True
419,418,0x1A2,?notifyDestroy@LandObjectDestroySignal@@QEAAXPEAVlLandObject@@@Z,public: void __cdecl LandObjectDestroySignal::notifyDestroy(class lLandObject *),method,,LandObjectDestroySignal,notifyDestroy,class lLandObject *,False,False,False,False,False,False,True
420,419,0x1A3,?notifyOnDestroy@lLandObject@@QEAAXPEAVLandObjectDestroyNotifierBase@@@Z,public: void __cdecl lLandObject::notifyOnDestroy(class LandObjectDestroyNotifierBase *),method,,lLandObject,notifyOnDestroy,class LandObjectDestroyNotifierBase *,False,False,False,False,False,False,True
421,420,0x1A4,?objectIsPartOfToMe@viObjectNode@@QEBA_NAEAVISceneObject@@@Z,public: bool __cdecl viObjectNode::objectIsPartOfToMe(class ISceneObject &) const,method,,viObjectNode,objectIsPartOfToMe,class ISceneObject &,True,False,False,False,False,False,True
422,421,0x1A5,?obtainModel@wShape@@QEAA_N_N@Z,public: bool __cdecl wShape::obtainModel(bool),method,,wShape,obtainModel,bool,False,False,False,False,False,False,True
423,422,0x1A6,?onFinishEvoke@?$Evoker@VLandObjectDestroyNotifierBase@@V?$Link@VLandObjectDestroyNotifierBase@@@@@@AEAAXXZ,"private: void __cdecl Evoker<class LandObjectDestroyNotifierBase, class Link<class LandObjectDestroyNotifierBase>>::onFinishEvoke(void)",method,,LandObjectDestroyNotifierBase>>,onFinishEvoke,void,False,False,False,False,False,False,True
424,423,0x1A7,?onStartEvoke@?$Evoker@VLandObjectDestroyNotifierBase@@V?$Link@VLandObjectDestroyNotifierBase@@@@@@AEAAXXZ,"private: void __cdecl Evoker<class LandObjectDestroyNotifierBase, class Link<class LandObjectDestroyNotifierBase>>::onStartEvoke(void)",method,,LandObjectDestroyNotifierBase>>,onStartEvoke,void,False,False,False,False,False,False,True
425,424,0x1A8,?onStateChanged@lLandObject@@MEAAXXZ,protected: virtual void __cdecl lLandObject::onStateChanged(void),method,,lLandObject,onStateChanged,void,False,False,True,False,False,False,True
426,425,0x1A9,?placeToSurface@@YAXIAEAV?$wPosition3@M@@AEBVVec3f@osg@@MAEBV?$BoundingBoxImpl@VVec3f@osg@@@3@@Z,"void __cdecl placeToSurface(unsigned int, class wPosition3<float> &, class osg::Vec3f const &, float, class osg::BoundingBoxImpl<class osg::Vec3f> const &)",function,,,placeToSurface,"unsigned int, class wPosition3<float> &, class osg::Vec3f const &, float, class osg::BoundingBoxImpl<class osg::Vec3f> const &",False,False,False,False,False,False,True
427,426,0x1AA,?prepareForRendering@viObject@@UEAAXXZ,public: virtual void __cdecl viObject::prepareForRendering(void),method,,viObject,prepareForRendering,void,False,False,True,False,False,False,True
428,427,0x1AB,?randomEvenly@lCrater@@2VRandomObject@@A,public: static class RandomObject lCrater::randomEvenly,symbol,,,,,False,False,False,False,False,False,True
429,428,0x1AC,?remove@?$Evoker@VLandObjectDestroyNotifierBase@@V?$Link@VLandObjectDestroyNotifierBase@@@@@@IEAAXAEAV?$vector@V?$Link@VLandObjectDestroyNotifierBase@@@@V?$allocator@V?$Link@VLandObjectDestroyNotifierBase@@@@@ed@@@ed@@AEBV23@@Z,"protected: void __cdecl Evoker<class LandObjectDestroyNotifierBase, class Link<class LandObjectDestroyNotifierBase>>::remove(class ed::vector<class Link<class LandObjectDestroyNotifierBase>, class ed::allocator<class Link<class LandObjectDestroyNotifierBase>>> &, class ed::vector<class Link<class LandObjectDestroyNotifierBase>, class ed::allocator<class Link<class LandObjectDestroyNotifierBase>>> const &)",method,,LandObjectDestroyNotifierBase>>,remove,"class ed::vector<class Link<class LandObjectDestroyNotifierBase>, class ed::allocator<class Link<class LandObjectDestroyNotifierBase>>> &, class ed::vector<class Link<class LandObjectDestroyNotifierBase>, class ed::allocator<class Link<class LandObjectDestroyNotifierBase>>> const &",False,False,False,False,False,False,True
430,429,0x1AD,?remove@?$Evoker@VLandObjectDestroyNotifierBase@@V?$Link@VLandObjectDestroyNotifierBase@@@@@@QEAAXV?$Link@VLandObjectDestroyNotifierBase@@@@@Z,"public: void __cdecl Evoker<class LandObjectDestroyNotifierBase, class Link<class LandObjectDestroyNotifierBase>>::remove(class Link<class LandObjectDestroyNotifierBase>)",method,,LandObjectDestroyNotifierBase>>,remove,class Link<class LandObjectDestroyNotifierBase>,False,False,False,False,False,False,True
431,430,0x1AE,?removeAll@?$Evoker@VLandObjectDestroyNotifierBase@@V?$Link@VLandObjectDestroyNotifierBase@@@@@@IEAAXAEAV?$vector@V?$Link@VLandObjectDestroyNotifierBase@@@@V?$allocator@V?$Link@VLandObjectDestroyNotifierBase@@@@@ed@@@ed@@AEBV?$Link@VLandObjectDestroyNotifierBase@@@@@Z,"protected: void __cdecl Evoker<class LandObjectDestroyNotifierBase, class Link<class LandObjectDestroyNotifierBase>>::removeAll(class ed::vector<class Link<class LandObjectDestroyNotifierBase>, class ed::allocator<class Link<class LandObjectDestroyNotifierBase>>> &, class Link<class LandObjectDestroyNotifierBase> const &)",method,,LandObjectDestroyNotifierBase>>,removeAll,"class ed::vector<class Link<class LandObjectDestroyNotifierBase>, class ed::allocator<class Link<class LandObjectDestroyNotifierBase>>> &, class Link<class LandObjectDestroyNotifierBase> const &",False,False,False,False,False,False,True
432,431,0x1AF,?removeFromDistrict@lLandObject@@AEAAXXZ,private: void __cdecl lLandObject::removeFromDistrict(void),method,,lLandObject,removeFromDistrict,void,False,False,False,False,False,False,True
433,432,0x1B0,?setArgsFromLivery@@YAXPEBVILivery@@AEAV?$vector@MV?$allocator128@M@ed@@@ed@@@Z,"void __cdecl setArgsFromLivery(class ILivery const *, class ed::vector<float, class ed::allocator128<float>> &)",function,,,setArgsFromLivery,"class ILivery const *, class ed::vector<float, class ed::allocator128<float>> &",False,False,False,False,False,False,True
434,433,0x1B1,?setArgsFromLiveryWithRestore@@YAXPEBVILivery@@AEAV?$vector@MV?$allocator128@M@ed@@@ed@@AEAV?$vector@UargValuePair@@V?$allocator@UargValuePair@@@ed@@@3@@Z,"void __cdecl setArgsFromLiveryWithRestore(class ILivery const *, class ed::vector<float, class ed::allocator128<float>> &, class ed::vector<struct argValuePair, class ed::allocator<struct argValuePair>> &)",function,,,setArgsFromLiveryWithRestore,"class ILivery const *, class ed::vector<float, class ed::allocator128<float>> &, class ed::vector<struct argValuePair, class ed::allocator<struct argValuePair>> &",False,False,False,False,False,False,True
435,434,0x1B2,?setHostID@RegStorage@@CAXH@Z,private: static void __cdecl RegStorage::setHostID(int),method,,RegStorage,setHostID,int,False,True,False,False,False,False,True
436,435,0x1B3,?setLiveryFrom@lLandObject@@MEAAXAEBUStaticObjectData@@@Z,protected: virtual void __cdecl lLandObject::setLiveryFrom(struct StaticObjectData const &),method,,lLandObject,setLiveryFrom,struct StaticObjectData const &,False,False,True,False,False,False,True
437,436,0x1B4,?setNewShape@lLandObject@@AEAAXPEAUwShape@@@Z,private: void __cdecl lLandObject::setNewShape(struct wShape *),method,,lLandObject,setNewShape,struct wShape *,False,False,False,False,False,False,True
438,437,0x1B5,?setStaticData@lLandObject@@UEAAXAEBUStaticObjectData@@@Z,public: virtual void __cdecl lLandObject::setStaticData(struct StaticObjectData const &),method,,lLandObject,setStaticData,struct StaticObjectData const &,False,False,True,False,False,False,True
439,438,0x1B6,?set_attached_object_position@vi_helper@@QEAAXIAEBV?$wPosition3@M@@@Z,"public: void __cdecl vi_helper::set_attached_object_position(unsigned int, class wPosition3<float> const &)",method,,vi_helper,set_attached_object_position,"unsigned int, class wPosition3<float> const &",False,False,False,False,False,False,True
440,439,0x1B7,?set_lifetime@vi_helper@@QEAAXM@Z,public: void __cdecl vi_helper::set_lifetime(float),method,,vi_helper,set_lifetime,float,False,False,False,False,False,False,True
441,440,0x1B8,?set_obj@vi_helper@@QEAAXV?$DbgObjWrapper@VIDbgObj@eddd@@@eddd@@@Z,public: void __cdecl vi_helper::set_obj(class eddd::DbgObjWrapper<class eddd::IDbgObj>),method,,vi_helper,set_obj,class eddd::DbgObjWrapper<class eddd::IDbgObj>,False,False,False,False,False,False,True
442,441,0x1B9,?set_point@vi_helper@@QEAAXAEBVVec3d@osg@@@Z,public: void __cdecl vi_helper::set_point(class osg::Vec3d const &),method,,vi_helper,set_point,class osg::Vec3d const &,False,False,False,False,False,False,True
443,442,0x1BA,?set_velocity@vi_helper@@QEAAXAEBVVec3f@osg@@@Z,public: void __cdecl vi_helper::set_velocity(class osg::Vec3f const &),method,,vi_helper,set_velocity,class osg::Vec3f const &,False,False,False,False,False,False,True
444,443,0x1BB,?take_missionID@lLandObject@@UEAAXAEBV?$basic_string@D@ed@@0@Z,"public: virtual void __cdecl lLandObject::take_missionID(class ed::basic_string<char> const &, class ed::basic_string<char> const &)",method,,lLandObject,take_missionID,"class ed::basic_string<char> const &, class ed::basic_string<char> const &",False,False,True,False,False,False,True
445,444,0x1BC,?unhide@vi_helper@@QEAAXXZ,public: void __cdecl vi_helper::unhide(void),method,,vi_helper,unhide,void,False,False,False,False,False,False,True
446,445,0x1BD,?update@ModelLights@@QEAAXXZ,public: void __cdecl ModelLights::update(void),method,,ModelLights,update,void,False,False,False,False,False,False,True
447,446,0x1BE,?viClosestHandler@@YA_NPEAVviObject@@PEAVviSearch@@PEAX@Z,"bool __cdecl viClosestHandler(class viObject *, class viSearch *, void *)",function,,,viClosestHandler,"class viObject *, class viSearch *, void *",False,False,False,False,False,False,True
448,447,0x1BF,?viCounterHandler@@YA_NPEAVviObject@@PEAVviSearch@@PEAX@Z,"bool __cdecl viCounterHandler(class viObject *, class viSearch *, void *)",function,,,viCounterHandler,"class viObject *, class viSearch *, void *",False,False,False,False,False,False,True
449,448,0x1C0,?viDefaultSerializerMask@@3IA,unsigned int viDefaultSerializerMask,symbol,,,,,False,False,False,False,False,False,True
450,449,0x1C1,?viMaxHeightHandler@@YA_NPEAVviObject@@PEAVviSearch@@PEAX@Z,"bool __cdecl viMaxHeightHandler(class viObject *, class viSearch *, void *)",function,,,viMaxHeightHandler,"class viObject *, class viSearch *, void *",False,False,False,False,False,False,True
451,450,0x1C2,?viObjectNodeIsPartOfToMe@viObjectNode@@QEBA_NPEBV1@@Z,public: bool __cdecl viObjectNode::viObjectNodeIsPartOfToMe(class viObjectNode const *) const,method,,viObjectNode,viObjectNodeIsPartOfToMe,class viObjectNode const *,True,False,False,False,False,False,True
452,451,0x1C3,?viRegister@viObject@@MEAA_NXZ,protected: virtual bool __cdecl viObject::viRegister(void),method,,viObject,viRegister,void,False,False,True,False,False,False,True
453,452,0x1C4,?viSetType@Registered@@UEAAXI@Z,public: virtual void __cdecl Registered::viSetType(unsigned int),method,,Registered,viSetType,unsigned int,False,False,True,False,False,False,True
454,453,0x1C5,?viSetType@lLandObject@@UEAAXI@Z,public: virtual void __cdecl lLandObject::viSetType(unsigned int),method,,lLandObject,viSetType,unsigned int,False,False,True,False,False,False,True
455,454,0x1C6,?viShapeHandler@@YA_NPEAVviObject@@PEAVviSearch@@PEAX@Z,"bool __cdecl viShapeHandler(class viObject *, class viSearch *, void *)",function,,,viShapeHandler,"class viObject *, class viSearch *, void *",False,False,False,False,False,False,True
456,455,0x1C7,?viUnregister@viObject@@MEAA_NXZ,protected: virtual bool __cdecl viObject::viUnregister(void),method,,viObject,viUnregister,void,False,False,True,False,False,False,True
457,456,0x1C8,?visible@vi_helper@@QEAA_NXZ,public: bool __cdecl vi_helper::visible(void),method,,vi_helper,visible,void,False,False,False,False,False,False,True
