ordinal,rva,rva_hex,name,demangled,symbol_type,namespace,class_name,function_name,parameters,const,static,virtual,is_vftable,is_vbtable,is_rtti,demangle_ok
1,0,0x0,??0ACLS@@QEAA@AEBU0@@Z,public: __cdecl ACLS::ACLS(struct ACLS const &),method,,ACLS,ACLS,struct ACLS const &,False,False,False,False,False,False,True
2,1,0x1,??0ACLS@@QEAA@XZ,public: __cdecl ACLS::ACLS(void),method,,ACLS,ACLS,void,False,False,False,False,False,False,True
3,2,0x2,??0ATCAirdromeParams@ResourceProvider@woATC@@QEAA@AEBU012@@Z,public: __cdecl woATC::ResourceProvider::ATCAirdromeParams::ATCAirdromeParams(struct woATC::ResourceProvider::ATCAirdromeParams const &),method,woATC::ResourceProvider,ATCAirdromeParams,ATCAirdromeParams,struct woATC::ResourceProvider::ATCAirdromeParams const &,False,False,False,False,False,False,True
4,3,0x3,??0ATCAirdromeParams@ResourceProvider@woATC@@QEAA@XZ,public: __cdecl woATC::ResourceProvider::ATCAirdromeParams::ATCAirdromeParams(void),method,woATC::ResourceProvider,ATCAirdromeParams,ATCAirdromeParams,void,False,False,False,False,False,False,True
5,4,0x4,??0ATCCommonParams@ResourceProvider@woATC@@QEAA@AEBU012@@Z,public: __cdecl woATC::ResourceProvider::ATCCommonParams::ATCCommonParams(struct woATC::ResourceProvider::ATCCommonParams const &),method,woATC::ResourceProvider,ATCCommonParams,ATCCommonParams,struct woATC::ResourceProvider::ATCCommonParams const &,False,False,False,False,False,False,True
6,5,0x5,??0ATCCommonParams@ResourceProvider@woATC@@QEAA@XZ,public: __cdecl woATC::ResourceProvider::ATCCommonParams::ATCCommonParams(void),method,woATC::ResourceProvider,ATCCommonParams,ATCCommonParams,void,False,False,False,False,False,False,True
7,6,0x6,??0ClientData@@QEAA@$$QEAU0@@Z,public: __cdecl ClientData::ClientData(struct ClientData &&),method,,ClientData,ClientData,struct ClientData &&,False,False,False,False,False,False,True
8,7,0x7,??0ClientData@@QEAA@AEBU0@@Z,public: __cdecl ClientData::ClientData(struct ClientData const &),method,,ClientData,ClientData,struct ClientData const &,False,False,False,False,False,False,True
9,8,0x8,??0ClientData@@QEAA@I@Z,public: __cdecl ClientData::ClientData(unsigned int),method,,ClientData,ClientData,unsigned int,False,False,False,False,False,False,True
10,9,0x9,??0ClientData@@QEAA@XZ,public: __cdecl ClientData::ClientData(void),method,,ClientData,ClientData,void,False,False,False,False,False,False,True
11,10,0xA,??0LSO@@QEAA@AEBU0@@Z,public: __cdecl LSO::LSO(struct LSO const &),method,,LSO,LSO,struct LSO const &,False,False,False,False,False,False,True
12,11,0xB,??0LSO@@QEAA@XZ,public: __cdecl LSO::LSO(void),method,,LSO,LSO,void,False,False,False,False,False,False,True
13,12,0xC,??0MarshalClientData@@QEAA@$$QEAU0@@Z,public: __cdecl MarshalClientData::MarshalClientData(struct MarshalClientData &&),method,,MarshalClientData,MarshalClientData,struct MarshalClientData &&,False,False,False,False,False,False,True
14,13,0xD,??0MarshalClientData@@QEAA@AEBU0@@Z,public: __cdecl MarshalClientData::MarshalClientData(struct MarshalClientData const &),method,,MarshalClientData,MarshalClientData,struct MarshalClientData const &,False,False,False,False,False,False,True
15,14,0xE,??0MarshalClientData@@QEAA@I@Z,public: __cdecl MarshalClientData::MarshalClientData(unsigned int),method,,MarshalClientData,MarshalClientData,unsigned int,False,False,False,False,False,False,True
16,15,0xF,??0MarshalClientData@@QEAA@XZ,public: __cdecl MarshalClientData::MarshalClientData(void),method,,MarshalClientData,MarshalClientData,void,False,False,False,False,False,False,True
17,16,0x10,??0Params@ResourceProvider@wGroundCrewOwner@@QEAA@AEBU012@@Z,public: __cdecl wGroundCrewOwner::ResourceProvider::Params::Params(struct wGroundCrewOwner::ResourceProvider::Params const &),method,wGroundCrewOwner::ResourceProvider,Params,Params,struct wGroundCrewOwner::ResourceProvider::Params const &,False,False,False,False,False,False,True
18,17,0x11,??0Params@ResourceProvider@wGroundCrewOwner@@QEAA@XZ,public: __cdecl wGroundCrewOwner::ResourceProvider::Params::Params(void),method,wGroundCrewOwner::ResourceProvider,Params,Params,void,False,False,False,False,False,False,True
19,18,0x12,??0Params@ResourceProvider@wHeliport@@QEAA@$$QEAU012@@Z,public: __cdecl wHeliport::ResourceProvider::Params::Params(struct wHeliport::ResourceProvider::Params &&),method,wHeliport::ResourceProvider,Params,Params,struct wHeliport::ResourceProvider::Params &&,False,False,False,False,False,False,True
20,19,0x13,??0Params@ResourceProvider@wHeliport@@QEAA@AEBU012@@Z,public: __cdecl wHeliport::ResourceProvider::Params::Params(struct wHeliport::ResourceProvider::Params const &),method,wHeliport::ResourceProvider,Params,Params,struct wHeliport::ResourceProvider::Params const &,False,False,False,False,False,False,True
21,20,0x14,??0Params@ResourceProvider@wHeliport@@QEAA@XZ,public: __cdecl wHeliport::ResourceProvider::Params::Params(void),method,wHeliport::ResourceProvider,Params,Params,void,False,False,False,False,False,False,True
22,21,0x15,??0wAirbase@@QEAA@XZ,public: __cdecl wAirbase::wAirbase(void),method,,wAirbase,wAirbase,void,False,False,False,False,False,False,True
23,22,0x16,??0wAirdrome@@QEAA@XZ,public: __cdecl wAirdrome::wAirdrome(void),method,,wAirdrome,wAirdrome,void,False,False,False,False,False,False,True
24,23,0x17,??0wCarrierCrew@@QEAA@EPEAVwGroundCrewOwner@@@Z,"public: __cdecl wCarrierCrew::wCarrierCrew(unsigned char, class wGroundCrewOwner *)",method,,wCarrierCrew,wCarrierCrew,"unsigned char, class wGroundCrewOwner *",False,False,False,False,False,False,True
25,24,0x18,??0wGroundCrew@@QEAA@PEAVwGroundCrewOwner@@PEAVIwoLA@@@Z,"public: __cdecl wGroundCrew::wGroundCrew(class wGroundCrewOwner *, class IwoLA *)",method,,wGroundCrew,wGroundCrew,"class wGroundCrewOwner *, class IwoLA *",False,False,False,False,False,False,True
26,25,0x19,??0wGroundCrew@@QEAA@XZ,public: __cdecl wGroundCrew::wGroundCrew(void),method,,wGroundCrew,wGroundCrew,void,False,False,False,False,False,False,True
27,26,0x1A,??0wGroundCrewOwner@@QEAA@XZ,public: __cdecl wGroundCrewOwner::wGroundCrewOwner(void),method,,wGroundCrewOwner,wGroundCrewOwner,void,False,False,False,False,False,False,True
28,27,0x1B,??0wHeliport@@QEAA@XZ,public: __cdecl wHeliport::wHeliport(void),method,,wHeliport,wHeliport,void,False,False,False,False,False,False,True
29,28,0x1C,??0wcAirSquadron@@QEAA@AEBV0@@Z,public: __cdecl wcAirSquadron::wcAirSquadron(class wcAirSquadron const &),method,,wcAirSquadron,wcAirSquadron,class wcAirSquadron const &,False,False,False,False,False,False,True
30,29,0x1D,??0wcAirSquadron@@QEAA@PEAVwcAirWing@@AEBV?$basic_string@D@ed@@@Z,"public: __cdecl wcAirSquadron::wcAirSquadron(class wcAirWing *, class ed::basic_string<char> const &)",method,,wcAirSquadron,wcAirSquadron,"class wcAirWing *, class ed::basic_string<char> const &",False,False,False,False,False,False,True
31,30,0x1E,??0wcAirSquadronPilot@@QEAA@AEBV0@@Z,public: __cdecl wcAirSquadronPilot::wcAirSquadronPilot(class wcAirSquadronPilot const &),method,,wcAirSquadronPilot,wcAirSquadronPilot,class wcAirSquadronPilot const &,False,False,False,False,False,False,True
32,31,0x1F,??0wcAirSquadronPilot@@QEAA@PEAVwcAirSquadron@@AEBV?$basic_string@D@ed@@1H1111II@Z,"public: __cdecl wcAirSquadronPilot::wcAirSquadronPilot(class wcAirSquadron *, class ed::basic_string<char> const &, class ed::basic_string<char> const &, int, class ed::basic_string<char> const &, class ed::basic_string<char> const &, class ed::basic_string<char> const &, class ed::basic_string<char> const &, unsigned int, unsigned int)",method,,wcAirSquadronPilot,wcAirSquadronPilot,"class wcAirSquadron *, class ed::basic_string<char> const &, class ed::basic_string<char> const &, int, class ed::basic_string<char> const &, class ed::basic_string<char> const &, class ed::basic_string<char> const &, class ed::basic_string<char> const &, unsigned int, unsigned int",False,False,False,False,False,False,True
33,32,0x20,??0wcAirWing@@QEAA@AEBV0@@Z,public: __cdecl wcAirWing::wcAirWing(class wcAirWing const &),method,,wcAirWing,wcAirWing,class wcAirWing const &,False,False,False,False,False,False,True
34,33,0x21,??0wcAirWing@@QEAA@PEAVwAirbase@@AEBV?$basic_string@D@ed@@@Z,"public: __cdecl wcAirWing::wcAirWing(class wAirbase *, class ed::basic_string<char> const &)",method,,wcAirWing,wcAirWing,"class wAirbase *, class ed::basic_string<char> const &",False,False,False,False,False,False,True
35,34,0x22,??0woATC@@QEAA@XZ,public: __cdecl woATC::woATC(void),method,,woATC,woATC,void,False,False,False,False,False,False,True
36,35,0x23,??0woRunWay@@QEAA@XZ,public: __cdecl woRunWay::woRunWay(void),method,,woRunWay,woRunWay,void,False,False,False,False,False,False,True
37,36,0x24,??0wsAdrElevator@@QEAA@AEBU0@@Z,public: __cdecl wsAdrElevator::wsAdrElevator(struct wsAdrElevator const &),method,,wsAdrElevator,wsAdrElevator,struct wsAdrElevator const &,False,False,False,False,False,False,True
38,37,0x25,??0wsAdrElevator@@QEAA@XZ,public: __cdecl wsAdrElevator::wsAdrElevator(void),method,,wsAdrElevator,wsAdrElevator,void,False,False,False,False,False,False,True
39,38,0x26,??0wsAdrTerminal@@QEAA@AEBV0@@Z,public: __cdecl wsAdrTerminal::wsAdrTerminal(class wsAdrTerminal const &),method,,wsAdrTerminal,wsAdrTerminal,class wsAdrTerminal const &,False,False,False,False,False,False,True
40,39,0x27,??0wsAdrTerminal@@QEAA@XZ,public: __cdecl wsAdrTerminal::wsAdrTerminal(void),method,,wsAdrTerminal,wsAdrTerminal,void,False,False,False,False,False,False,True
41,40,0x28,??0wsBasicTerminal@@QEAA@AEBV0@@Z,public: __cdecl wsBasicTerminal::wsBasicTerminal(class wsBasicTerminal const &),method,,wsBasicTerminal,wsBasicTerminal,class wsBasicTerminal const &,False,False,False,False,False,False,True
42,41,0x29,??0wsBasicTerminal@@QEAA@XZ,public: __cdecl wsBasicTerminal::wsBasicTerminal(void),method,,wsBasicTerminal,wsBasicTerminal,void,False,False,False,False,False,False,True
43,42,0x2A,??1ACLS@@UEAA@XZ,public: virtual __cdecl ACLS::~ACLS(void),method,,ACLS,~ACLS,void,False,False,True,False,False,False,True
44,43,0x2B,??1ATCAirdromeParams@ResourceProvider@woATC@@UEAA@XZ,public: virtual __cdecl woATC::ResourceProvider::ATCAirdromeParams::~ATCAirdromeParams(void),method,woATC::ResourceProvider,ATCAirdromeParams,~ATCAirdromeParams,void,False,False,True,False,False,False,True
45,44,0x2C,??1ATCCommonParams@ResourceProvider@woATC@@UEAA@XZ,public: virtual __cdecl woATC::ResourceProvider::ATCCommonParams::~ATCCommonParams(void),method,woATC::ResourceProvider,ATCCommonParams,~ATCCommonParams,void,False,False,True,False,False,False,True
46,45,0x2D,??1ClientData@@QEAA@XZ,public: __cdecl ClientData::~ClientData(void),method,,ClientData,~ClientData,void,False,False,False,False,False,False,True
47,46,0x2E,??1LSO@@UEAA@XZ,public: virtual __cdecl LSO::~LSO(void),method,,LSO,~LSO,void,False,False,True,False,False,False,True
48,47,0x2F,??1MarshalClientData@@QEAA@XZ,public: __cdecl MarshalClientData::~MarshalClientData(void),method,,MarshalClientData,~MarshalClientData,void,False,False,False,False,False,False,True
49,48,0x30,??1Params@ResourceProvider@wGroundCrewOwner@@UEAA@XZ,public: virtual __cdecl wGroundCrewOwner::ResourceProvider::Params::~Params(void),method,wGroundCrewOwner::ResourceProvider,Params,~Params,void,False,False,True,False,False,False,True
50,49,0x31,??1Params@ResourceProvider@wHeliport@@UEAA@XZ,public: virtual __cdecl wHeliport::ResourceProvider::Params::~Params(void),method,wHeliport::ResourceProvider,Params,~Params,void,False,False,True,False,False,False,True
51,50,0x32,??1wAirbase@@UEAA@XZ,public: virtual __cdecl wAirbase::~wAirbase(void),method,,wAirbase,~wAirbase,void,False,False,True,False,False,False,True
52,51,0x33,??1wAirdrome@@UEAA@XZ,public: virtual __cdecl wAirdrome::~wAirdrome(void),method,,wAirdrome,~wAirdrome,void,False,False,True,False,False,False,True
53,52,0x34,??1wCarrierCrew@@UEAA@XZ,public: virtual __cdecl wCarrierCrew::~wCarrierCrew(void),method,,wCarrierCrew,~wCarrierCrew,void,False,False,True,False,False,False,True
54,53,0x35,??1wGroundCrew@@UEAA@XZ,public: virtual __cdecl wGroundCrew::~wGroundCrew(void),method,,wGroundCrew,~wGroundCrew,void,False,False,True,False,False,False,True
55,54,0x36,??1wGroundCrewOwner@@UEAA@XZ,public: virtual __cdecl wGroundCrewOwner::~wGroundCrewOwner(void),method,,wGroundCrewOwner,~wGroundCrewOwner,void,False,False,True,False,False,False,True
56,55,0x37,??1wHeliport@@UEAA@XZ,public: virtual __cdecl wHeliport::~wHeliport(void),method,,wHeliport,~wHeliport,void,False,False,True,False,False,False,True
57,56,0x38,??1wcAirSquadron@@QEAA@XZ,public: __cdecl wcAirSquadron::~wcAirSquadron(void),method,,wcAirSquadron,~wcAirSquadron,void,False,False,False,False,False,False,True
58,57,0x39,??1wcAirSquadronPilot@@QEAA@XZ,public: __cdecl wcAirSquadronPilot::~wcAirSquadronPilot(void),method,,wcAirSquadronPilot,~wcAirSquadronPilot,void,False,False,False,False,False,False,True
59,58,0x3A,??1wcAirWing@@UEAA@XZ,public: virtual __cdecl wcAirWing::~wcAirWing(void),method,,wcAirWing,~wcAirWing,void,False,False,True,False,False,False,True
60,59,0x3B,??1woATC@@UEAA@XZ,public: virtual __cdecl woATC::~woATC(void),method,,woATC,~woATC,void,False,False,True,False,False,False,True
61,60,0x3C,??1woRunWay@@UEAA@XZ,public: virtual __cdecl woRunWay::~woRunWay(void),method,,woRunWay,~woRunWay,void,False,False,True,False,False,False,True
62,61,0x3D,??1wsAdrElevator@@UEAA@XZ,public: virtual __cdecl wsAdrElevator::~wsAdrElevator(void),method,,wsAdrElevator,~wsAdrElevator,void,False,False,True,False,False,False,True
63,62,0x3E,??1wsAdrTerminal@@UEAA@XZ,public: virtual __cdecl wsAdrTerminal::~wsAdrTerminal(void),method,,wsAdrTerminal,~wsAdrTerminal,void,False,False,True,False,False,False,True
64,63,0x3F,??1wsBasicTerminal@@UEAA@XZ,public: virtual __cdecl wsBasicTerminal::~wsBasicTerminal(void),method,,wsBasicTerminal,~wsBasicTerminal,void,False,False,True,False,False,False,True
65,64,0x40,??4ACLS@@QEAAAEAU0@AEBU0@@Z,public: struct ACLS & __cdecl ACLS::operator=(struct ACLS const &),symbol,,,,,False,False,False,False,False,False,True
66,65,0x41,??4ATCAirdromeParams@ResourceProvider@woATC@@QEAAAEAU012@AEBU012@@Z,public: struct woATC::ResourceProvider::ATCAirdromeParams & __cdecl woATC::ResourceProvider::ATCAirdromeParams::operator=(struct woATC::ResourceProvider::ATCAirdromeParams const &),symbol,,,,,False,False,False,False,False,False,True
67,66,0x42,??4ATCCommonParams@ResourceProvider@woATC@@QEAAAEAU012@AEBU012@@Z,public: struct woATC::ResourceProvider::ATCCommonParams & __cdecl woATC::ResourceProvider::ATCCommonParams::operator=(struct woATC::ResourceProvider::ATCCommonParams const &),symbol,,,,,False,False,False,False,False,False,True
68,67,0x43,??4AirdromesRadioSetup@@QEAAAEAU0@$$QEAU0@@Z,public: struct AirdromesRadioSetup & __cdecl AirdromesRadioSetup::operator=(struct AirdromesRadioSetup &&),symbol,,,,,False,False,False,False,False,False,True
69,68,0x44,??4AirdromesRadioSetup@@QEAAAEAU0@AEBU0@@Z,public: struct AirdromesRadioSetup & __cdecl AirdromesRadioSetup::operator=(struct AirdromesRadioSetup const &),symbol,,,,,False,False,False,False,False,False,True
70,69,0x45,??4ClientData@@QEAAAEAU0@$$QEAU0@@Z,public: struct ClientData & __cdecl ClientData::operator=(struct ClientData &&),symbol,,,,,False,False,False,False,False,False,True
71,70,0x46,??4ClientData@@QEAAAEAU0@AEBU0@@Z,public: struct ClientData & __cdecl ClientData::operator=(struct ClientData const &),symbol,,,,,False,False,False,False,False,False,True
72,71,0x47,??4LSO@@QEAAAEAU0@AEBU0@@Z,public: struct LSO & __cdecl LSO::operator=(struct LSO const &),symbol,,,,,False,False,False,False,False,False,True
73,72,0x48,??4MarshalClientData@@QEAAAEAU0@$$QEAU0@@Z,public: struct MarshalClientData & __cdecl MarshalClientData::operator=(struct MarshalClientData &&),symbol,,,,,False,False,False,False,False,False,True
74,73,0x49,??4MarshalClientData@@QEAAAEAU0@AEBU0@@Z,public: struct MarshalClientData & __cdecl MarshalClientData::operator=(struct MarshalClientData const &),symbol,,,,,False,False,False,False,False,False,True
75,74,0x4A,??4Params@ResourceProvider@wGroundCrewOwner@@QEAAAEAU012@AEBU012@@Z,public: struct wGroundCrewOwner::ResourceProvider::Params & __cdecl wGroundCrewOwner::ResourceProvider::Params::operator=(struct wGroundCrewOwner::ResourceProvider::Params const &),symbol,,,,,False,False,False,False,False,False,True
76,75,0x4B,??4Params@ResourceProvider@wHeliport@@QEAAAEAU012@$$QEAU012@@Z,public: struct wHeliport::ResourceProvider::Params & __cdecl wHeliport::ResourceProvider::Params::operator=(struct wHeliport::ResourceProvider::Params &&),symbol,,,,,False,False,False,False,False,False,True
77,76,0x4C,??4Params@ResourceProvider@wHeliport@@QEAAAEAU012@AEBU012@@Z,public: struct wHeliport::ResourceProvider::Params & __cdecl wHeliport::ResourceProvider::Params::operator=(struct wHeliport::ResourceProvider::Params const &),symbol,,,,,False,False,False,False,False,False,True
78,77,0x4D,??4RunwayDirection@@QEAAAEAU0@AEBU0@@Z,public: struct RunwayDirection & __cdecl RunwayDirection::operator=(struct RunwayDirection const &),symbol,,,,,False,False,False,False,False,False,True
79,78,0x4E,??4wcAirSquadron@@QEAAAEAV0@AEBV0@@Z,public: class wcAirSquadron & __cdecl wcAirSquadron::operator=(class wcAirSquadron const &),symbol,,,,,False,False,False,False,False,False,True
80,79,0x4F,??4wcAirSquadronPilot@@QEAAAEAV0@AEBV0@@Z,public: class wcAirSquadronPilot & __cdecl wcAirSquadronPilot::operator=(class wcAirSquadronPilot const &),symbol,,,,,False,False,False,False,False,False,True
81,80,0x50,??4wcAirWing@@QEAAAEAV0@AEBV0@@Z,public: class wcAirWing & __cdecl wcAirWing::operator=(class wcAirWing const &),symbol,,,,,False,False,False,False,False,False,True
82,81,0x51,??4wsAdrElevator@@QEAAAEAU0@AEBU0@@Z,public: struct wsAdrElevator & __cdecl wsAdrElevator::operator=(struct wsAdrElevator const &),symbol,,,,,False,False,False,False,False,False,True
83,82,0x52,??4wsAdrTerminal@@QEAAAEAV0@AEBV0@@Z,public: class wsAdrTerminal & __cdecl wsAdrTerminal::operator=(class wsAdrTerminal const &),symbol,,,,,False,False,False,False,False,False,True
84,83,0x53,??4wsBasicTerminal@@QEAAAEAV0@AEBV0@@Z,public: class wsBasicTerminal & __cdecl wsBasicTerminal::operator=(class wsBasicTerminal const &),symbol,,,,,False,False,False,False,False,False,True
85,84,0x54,??5@YAAEAVStream@Mail@@AEAV01@AEAV?$map@IHU?$less@I@std@@V?$allocator@U?$pair@$$CBIH@std@@@ed@@@std@@@Z,"class Mail::Stream & __cdecl operator>>(class Mail::Stream &, class std::map<unsigned int, int, struct std::less<unsigned int>, class ed::allocator<struct std::pair<unsigned int const, int>>> &)",function,,,operator>>,"class Mail::Stream &, class std::map<unsigned int, int, struct std::less<unsigned int>, class ed::allocator<struct std::pair<unsigned int const, int>>> &",False,False,False,False,False,False,True
86,85,0x55,??5@YAAEAVStream@Mail@@AEAV01@AEAV?$map@IUClientInitState@@U?$less@I@std@@V?$allocator@U?$pair@$$CBIUClientInitState@@@std@@@ed@@@std@@@Z,"class Mail::Stream & __cdecl operator>>(class Mail::Stream &, class std::map<unsigned int, struct ClientInitState, struct std::less<unsigned int>, class ed::allocator<struct std::pair<unsigned int const, struct ClientInitState>>> &)",function,,,operator>>,"class Mail::Stream &, class std::map<unsigned int, struct ClientInitState, struct std::less<unsigned int>, class ed::allocator<struct std::pair<unsigned int const, struct ClientInitState>>> &",False,False,False,False,False,False,True
87,86,0x56,??5@YAAEAVStream@Mail@@AEAV01@AEAV?$vector@UTerminalState@@V?$allocator@UTerminalState@@@ed@@@ed@@@Z,"class Mail::Stream & __cdecl operator>>(class Mail::Stream &, class ed::vector<struct TerminalState, class ed::allocator<struct TerminalState>> &)",function,,,operator>>,"class Mail::Stream &, class ed::vector<struct TerminalState, class ed::allocator<struct TerminalState>> &",False,False,False,False,False,False,True
88,87,0x57,??_7ACLS@@6B@,const ACLS::`vftable',vftable,,,,,False,False,False,True,False,False,True
89,88,0x58,??_7ATCAirdromeParams@ResourceProvider@woATC@@6B@,const woATC::ResourceProvider::ATCAirdromeParams::`vftable',vftable,,,,,False,False,False,True,False,False,True
90,89,0x59,??_7ATCCommonParams@ResourceProvider@woATC@@6B@,const woATC::ResourceProvider::ATCCommonParams::`vftable',vftable,,,,,False,False,False,True,False,False,True
91,90,0x5A,??_7LSO@@6B@,const LSO::`vftable',vftable,,,,,False,False,False,True,False,False,True
92,91,0x5B,??_7Params@ResourceProvider@wGroundCrewOwner@@6B@,const wGroundCrewOwner::ResourceProvider::Params::`vftable',vftable,,,,,False,False,False,True,False,False,True
93,92,0x5C,??_7Params@ResourceProvider@wHeliport@@6B@,const wHeliport::ResourceProvider::Params::`vftable',vftable,,,,,False,False,False,True,False,False,True
94,93,0x5D,??_7wAirbase@@6BISceneObject@@@,const wAirbase::`vftable'{for `ISceneObject'},vftable,,,,,False,False,False,True,False,False,True
95,94,0x5E,??_7wAirbase@@6BIwAirbase@@@,const wAirbase::`vftable'{for `IwAirbase'},vftable,,,,,False,False,False,True,False,False,True
96,95,0x5F,??_7wAirbase@@6BIwNetObject@@@,const wAirbase::`vftable'{for `IwNetObject'},vftable,,,,,False,False,False,True,False,False,True
97,96,0x60,??_7wAirbase@@6BModelInstance@Graphics@@@,const wAirbase::`vftable'{for `Graphics::ModelInstance'},vftable,,,,,False,False,False,True,False,False,True
98,97,0x61,??_7wAirbase@@6BSuicide@@@,const wAirbase::`vftable'{for `Suicide'},vftable,,,,,False,False,False,True,False,False,True
99,98,0x62,??_7wAirbase@@6BviObject@@@,const wAirbase::`vftable'{for `viObject'},vftable,,,,,False,False,False,True,False,False,True
100,99,0x63,??_7wAirbase@@6BwGroundCrewOwner@@@,const wAirbase::`vftable'{for `wGroundCrewOwner'},vftable,,,,,False,False,False,True,False,False,True
101,100,0x64,??_7wAirdrome@@6B@,const wAirdrome::`vftable',vftable,,,,,False,False,False,True,False,False,True
102,101,0x65,??_7wAirdrome@@6BISceneObject@@@,const wAirdrome::`vftable'{for `ISceneObject'},vftable,,,,,False,False,False,True,False,False,True
103,102,0x66,??_7wAirdrome@@6BIwAirbase@@@,const wAirdrome::`vftable'{for `IwAirbase'},vftable,,,,,False,False,False,True,False,False,True
104,103,0x67,??_7wAirdrome@@6BIwNetObject@@@,const wAirdrome::`vftable'{for `IwNetObject'},vftable,,,,,False,False,False,True,False,False,True
105,104,0x68,??_7wAirdrome@@6BModelInstance@Graphics@@@,const wAirdrome::`vftable'{for `Graphics::ModelInstance'},vftable,,,,,False,False,False,True,False,False,True
106,105,0x69,??_7wAirdrome@@6BSuicide@@@,const wAirdrome::`vftable'{for `Suicide'},vftable,,,,,False,False,False,True,False,False,True
107,106,0x6A,??_7wAirdrome@@6BviObject@@@,const wAirdrome::`vftable'{for `viObject'},vftable,,,,,False,False,False,True,False,False,True
108,107,0x6B,??_7wAirdrome@@6BwGroundCrewOwner@@@,const wAirdrome::`vftable'{for `wGroundCrewOwner'},vftable,,,,,False,False,False,True,False,False,True
109,108,0x6C,??_7wCarrierCrew@@6BIwNetObject@@@,const wCarrierCrew::`vftable'{for `IwNetObject'},vftable,,,,,False,False,False,True,False,False,True
110,109,0x6D,??_7wCarrierCrew@@6BwStaticCarrierCrew@@@,const wCarrierCrew::`vftable'{for `wStaticCarrierCrew'},vftable,,,,,False,False,False,True,False,False,True
111,110,0x6E,??_7wGroundCrew@@6B@,const wGroundCrew::`vftable',vftable,,,,,False,False,False,True,False,False,True
112,111,0x6F,??_7wGroundCrewOwner@@6B@,const wGroundCrewOwner::`vftable',vftable,,,,,False,False,False,True,False,False,True
113,112,0x70,??_7wHeliport@@6BISceneObject@@@,const wHeliport::`vftable'{for `ISceneObject'},vftable,,,,,False,False,False,True,False,False,True
114,113,0x71,??_7wHeliport@@6BIwAirbase@@@,const wHeliport::`vftable'{for `IwAirbase'},vftable,,,,,False,False,False,True,False,False,True
115,114,0x72,??_7wHeliport@@6BIwNetObject@@@,const wHeliport::`vftable'{for `IwNetObject'},vftable,,,,,False,False,False,True,False,False,True
116,115,0x73,??_7wHeliport@@6BModelInstance@Graphics@@@,const wHeliport::`vftable'{for `Graphics::ModelInstance'},vftable,,,,,False,False,False,True,False,False,True
117,116,0x74,??_7wHeliport@@6BSuicide@@@,const wHeliport::`vftable'{for `Suicide'},vftable,,,,,False,False,False,True,False,False,True
118,117,0x75,??_7wHeliport@@6BviObject@@@,const wHeliport::`vftable'{for `viObject'},vftable,,,,,False,False,False,True,False,False,True
119,118,0x76,??_7wHeliport@@6BwGroundCrewOwner@@@,const wHeliport::`vftable'{for `wGroundCrewOwner'},vftable,,,,,False,False,False,True,False,False,True
120,119,0x77,??_7wcAirWing@@6B@,const wcAirWing::`vftable',vftable,,,,,False,False,False,True,False,False,True
121,120,0x78,??_7woATC@@6B?$FakeUnknown@VIdentifiable@Common@@@Common@@@,const woATC::`vftable'{for `Common::FakeUnknown<class Common::Identifiable>'},vftable,,,,,False,False,False,True,False,False,True
122,121,0x79,??_7woATC@@6BwSharedSurfaceAIHumanCommunicator@@@,const woATC::`vftable'{for `wSharedSurfaceAIHumanCommunicator'},vftable,,,,,False,False,False,True,False,False,True
123,122,0x7A,??_7woRunWay@@6BISceneObject@@@,const woRunWay::`vftable'{for `ISceneObject'},vftable,,,,,False,False,False,True,False,False,True
124,123,0x7B,??_7woRunWay@@6BIwNetObject@@@,const woRunWay::`vftable'{for `IwNetObject'},vftable,,,,,False,False,False,True,False,False,True
125,124,0x7C,??_7woRunWay@@6BModelInstance@Graphics@@@,const woRunWay::`vftable'{for `Graphics::ModelInstance'},vftable,,,,,False,False,False,True,False,False,True
126,125,0x7D,??_7woRunWay@@6BSuicide@@@,const woRunWay::`vftable'{for `Suicide'},vftable,,,,,False,False,False,True,False,False,True
127,126,0x7E,??_7woRunWay@@6BviObject@@@,const woRunWay::`vftable'{for `viObject'},vftable,,,,,False,False,False,True,False,False,True
128,127,0x7F,??_7wsAdrElevator@@6B@,const wsAdrElevator::`vftable',vftable,,,,,False,False,False,True,False,False,True
129,128,0x80,??_7wsAdrTerminal@@6B@,const wsAdrTerminal::`vftable',vftable,,,,,False,False,False,True,False,False,True
130,129,0x81,??_7wsBasicTerminal@@6B@,const wsBasicTerminal::`vftable',vftable,,,,,False,False,False,True,False,False,True
131,130,0x82,?AddATC@wAirbase@@UEAAXH@Z,public: virtual void __cdecl wAirbase::AddATC(int),method,,wAirbase,AddATC,int,False,False,True,False,False,False,True
132,131,0x83,?AddATCComm@wAirbase@@UEAAXNW4wModulation@@H@Z,"public: virtual void __cdecl wAirbase::AddATCComm(double, enum wModulation, int)",method,,wAirbase,AddATCComm,"double, enum wModulation, int",False,False,True,False,False,False,True
133,132,0x84,?AddElevator@woATC@@IEAAPEAUwsAdrElevator@@HW4ElevatorTypes@@@Z,"protected: struct wsAdrElevator * __cdecl woATC::AddElevator(int, enum ElevatorTypes)",method,,woATC,AddElevator,"int, enum ElevatorTypes",False,False,False,False,False,False,True
134,133,0x85,?AddRunWay@wAirdrome@@AEAAPEAVwoRunWay@@AEAV?$wPosition3@M@@MMVwsType@@@Z,"private: class woRunWay * __cdecl wAirdrome::AddRunWay(class wPosition3<float> &, float, float, class wsType)",method,,wAirdrome,AddRunWay,"class wPosition3<float> &, float, float, class wsType",False,False,False,False,False,False,True
135,134,0x86,?AddTerminalPoint@woATC@@IEAAPEAVwsAdrTerminal@@HHMMMI@Z,"protected: class wsAdrTerminal * __cdecl woATC::AddTerminalPoint(int, int, float, float, float, unsigned int)",method,,woATC,AddTerminalPoint,"int, int, float, float, float, unsigned int",False,False,False,False,False,False,True
136,135,0x87,?Can_Client_TakeOff@woATC@@QEAA_NAEBUClientData@@@Z,public: bool __cdecl woATC::Can_Client_TakeOff(struct ClientData const &),method,,woATC,Can_Client_TakeOff,struct ClientData const &,False,False,False,False,False,False,True
137,136,0x88,?Check_RunWayHit@wAirdrome@@AEBA_NAEBVVec3f@osg@@H@Z,"private: bool __cdecl wAirdrome::Check_RunWayHit(class osg::Vec3f const &, int) const",method,,wAirdrome,Check_RunWayHit,"class osg::Vec3f const &, int",True,False,False,False,False,False,True
138,137,0x89,?Class@wAirdrome@@UEBAHXZ,public: virtual int __cdecl wAirdrome::Class(void) const,method,,wAirdrome,Class,void,True,False,True,False,False,False,True
139,138,0x8A,?Class@wHeliport@@UEBAHXZ,public: virtual int __cdecl wHeliport::Class(void) const,method,,wHeliport,Class,void,True,False,True,False,False,False,True
140,139,0x8B,?Class@woRunWay@@UEBAHXZ,public: virtual int __cdecl woRunWay::Class(void) const,method,,woRunWay,Class,void,True,False,True,False,False,False,True
141,140,0x8C,?Clean_Taxi@wAirdrome@@QEAAXI@Z,public: void __cdecl wAirdrome::Clean_Taxi(unsigned int),method,,wAirdrome,Clean_Taxi,unsigned int,False,False,False,False,False,False,True
142,141,0x8D,?Clean_Taxi@woATC@@QEAAXI@Z,public: void __cdecl woATC::Clean_Taxi(unsigned int),method,,woATC,Clean_Taxi,unsigned int,False,False,False,False,False,False,True
143,142,0x8E,?Clean_Terminals@woATC@@IEAAXE@Z,protected: void __cdecl woATC::Clean_Terminals(unsigned char),method,,woATC,Clean_Terminals,unsigned char,False,False,False,False,False,False,True
144,143,0x8F,?Clear@LSO@@QEAAXXZ,public: void __cdecl LSO::Clear(void),method,,LSO,Clear,void,False,False,False,False,False,False,True
145,144,0x90,?Control@wAirdrome@@QEAAXXZ,public: void __cdecl wAirdrome::Control(void),method,,wAirdrome,Control,void,False,False,False,False,False,False,True
146,145,0x91,?Control@wHeliport@@QEAAXXZ,public: void __cdecl wHeliport::Control(void),method,,wHeliport,Control,void,False,False,False,False,False,False,True
147,146,0x92,?Control@woATC@@QEAAXXZ,public: void __cdecl woATC::Control(void),method,,woATC,Control,void,False,False,False,False,False,False,True
148,147,0x93,?Control_Beacons@wAirdrome@@AEAAXXZ,private: void __cdecl wAirdrome::Control_Beacons(void),method,,wAirdrome,Control_Beacons,void,False,False,False,False,False,False,True
149,148,0x94,?Control_Light@wAirdrome@@AEAAXXZ,private: void __cdecl wAirdrome::Control_Light(void),method,,wAirdrome,Control_Light,void,False,False,False,False,False,False,True
150,149,0x95,?Control_Radar_Mail@wAirdrome@@AEAAXXZ,private: void __cdecl wAirdrome::Control_Radar_Mail(void),method,,wAirdrome,Control_Radar_Mail,void,False,False,False,False,False,False,True
151,150,0x96,?Course@wAirdrome@@UEAA?BMXZ,public: virtual float const __cdecl wAirdrome::Course(void),method,,wAirdrome,Course,void,False,False,True,False,False,False,True
152,151,0x97,?Course@woRunWay@@UEAA?BMXZ,public: virtual float const __cdecl woRunWay::Course(void),method,,woRunWay,Course,void,False,False,True,False,False,False,True
153,152,0x98,?Create@wAirdrome@@SAXHAEAVConfig@Lua@@@Z,"public: static void __cdecl wAirdrome::Create(int, class Lua::Config &)",method,,wAirdrome,Create,"int, class Lua::Config &",False,True,False,False,False,False,True
154,153,0x99,?CreatePathOnAirfield@wAirdrome@@QEAAPEAVIRoute@edterrain@@HHMM_NAEBV?$vector@HV?$allocator@H@ed@@@ed@@AEA_N@Z,"public: class edterrain::IRoute * __cdecl wAirdrome::CreatePathOnAirfield(int, int, float, float, bool, class ed::vector<int, class ed::allocator<int>> const &, bool &)",method,,wAirdrome,CreatePathOnAirfield,"int, int, float, float, bool, class ed::vector<int, class ed::allocator<int>> const &, bool &",False,False,False,False,False,False,True
155,154,0x9A,?CreateRunWay@wAirdrome@@AEAAXXZ,private: void __cdecl wAirdrome::CreateRunWay(void),method,,wAirdrome,CreateRunWay,void,False,False,False,False,False,False,True
156,155,0x9B,?DeleteRunWay@wAirdrome@@AEAAXXZ,private: void __cdecl wAirdrome::DeleteRunWay(void),method,,wAirdrome,DeleteRunWay,void,False,False,False,False,False,False,True
157,156,0x9C,?Determine_ShipRunwayNumForTO@woATC@@QEAAHI@Z,public: int __cdecl woATC::Determine_ShipRunwayNumForTO(unsigned int),method,,woATC,Determine_ShipRunwayNumForTO,unsigned int,False,False,False,False,False,False,True
158,157,0x9D,?FillProjectorList@wAirdrome@@IEAAXAEAVConfig@Lua@@@Z,protected: void __cdecl wAirdrome::FillProjectorList(class Lua::Config &),method,,wAirdrome,FillProjectorList,class Lua::Config &,False,False,False,False,False,False,True
159,158,0x9E,?GENERATE@AirdromesRadioSetup@@2NB,public: static double const AirdromesRadioSetup::GENERATE,symbol,,,,,False,False,False,False,False,False,True
160,159,0x9F,?GetAirdromePlaceData@wAirdrome@@AEAAXHAEAVConfig@Lua@@@Z,"private: void __cdecl wAirdrome::GetAirdromePlaceData(int, class Lua::Config &)",method,,wAirdrome,GetAirdromePlaceData,"int, class Lua::Config &",False,False,False,False,False,False,True
161,160,0xA0,?GetAirfieldCrossPoint@wAirdrome@@QEAA_NIPEAVVec3f@osg@@@Z,"public: bool __cdecl wAirdrome::GetAirfieldCrossPoint(unsigned int, class osg::Vec3f *)",method,,wAirdrome,GetAirfieldCrossPoint,"unsigned int, class osg::Vec3f *",False,False,False,False,False,False,True
162,161,0xA1,?GetCrossRoadOnAirfield@wAirdrome@@QEAAPEBVICrossroad@edterrain@@I@Z,public: class edterrain::ICrossroad const * __cdecl wAirdrome::GetCrossRoadOnAirfield(unsigned int),method,,wAirdrome,GetCrossRoadOnAirfield,unsigned int,False,False,False,False,False,False,True
163,162,0xA2,?GetNumCrossRoadsOnAirfield@wAirdrome@@QEAAIXZ,public: unsigned int __cdecl wAirdrome::GetNumCrossRoadsOnAirfield(void),method,,wAirdrome,GetNumCrossRoadsOnAirfield,void,False,False,False,False,False,False,True
164,163,0xA3,?GetPlacementData@wAirdrome@@QEBAAEBUairfield_placement_data@@XZ,public: struct airfield_placement_data const & __cdecl wAirdrome::GetPlacementData(void) const,method,,wAirdrome,GetPlacementData,void,True,False,False,False,False,False,True
165,164,0xA4,?GetRoadOnAirfield@wAirdrome@@QEAAPEBVIRoute@edterrain@@I@Z,public: class edterrain::IRoute const * __cdecl wAirdrome::GetRoadOnAirfield(unsigned int),method,,wAirdrome,GetRoadOnAirfield,unsigned int,False,False,False,False,False,False,True
166,165,0xA5,?GetRunWayID@wAirdrome@@QEAAIH@Z,public: unsigned int __cdecl wAirdrome::GetRunWayID(int),method,,wAirdrome,GetRunWayID,int,False,False,False,False,False,False,True
167,166,0xA6,?GetRunWaysCount@wAirbase@@QEBAIXZ,public: unsigned int __cdecl wAirbase::GetRunWaysCount(void) const,method,,wAirbase,GetRunWaysCount,void,True,False,False,False,False,False,True
168,167,0xA7,?GetRunwayPosition@wAirdrome@@UEBAAEBV?$wPosition3@M@@H@Z,public: virtual class wPosition3<float> const & __cdecl wAirdrome::GetRunwayPosition(int) const,method,,wAirdrome,GetRunwayPosition,int,True,False,True,False,False,False,True
169,168,0xA8,?GetRunwayPosition@wHeliport@@UEBAAEBV?$wPosition3@M@@H@Z,public: virtual class wPosition3<float> const & __cdecl wHeliport::GetRunwayPosition(int) const,method,,wHeliport,GetRunwayPosition,int,True,False,True,False,False,False,True
170,169,0xA9,?Get_BirthValid@woATC@@QEAA_NXZ,public: bool __cdecl woATC::Get_BirthValid(void),method,,woATC,Get_BirthValid,void,False,False,False,False,False,False,True
171,170,0xAA,?Get_ElevatorTaxis@wAirbase@@UEAAPEAUTaxiRoute@@XZ,public: virtual struct TaxiRoute * __cdecl wAirbase::Get_ElevatorTaxis(void),method,,wAirbase,Get_ElevatorTaxis,void,False,False,True,False,False,False,True
172,171,0xAB,?Get_HelBirthValid@woATC@@QEAA_NH@Z,public: bool __cdecl woATC::Get_HelBirthValid(int),method,,woATC,Get_HelBirthValid,int,False,False,False,False,False,False,True
173,172,0xAC,?Get_HelicopterTaxis@wAirbase@@UEAAPEAUTaxiRoute@@XZ,public: virtual struct TaxiRoute * __cdecl wAirbase::Get_HelicopterTaxis(void),method,,wAirbase,Get_HelicopterTaxis,void,False,False,True,False,False,False,True
174,173,0xAD,?Get_In_Taxi@wsAdrElevator@@QEAAPEAUTaxiPoint@@I@Z,public: struct TaxiPoint * __cdecl wsAdrElevator::Get_In_Taxi(unsigned int),method,,wsAdrElevator,Get_In_Taxi,unsigned int,False,False,False,False,False,False,True
175,174,0xAE,?Get_Landing_Point@wAirbase@@UEAA?AVVec3f@osg@@XZ,public: virtual class osg::Vec3f __cdecl wAirbase::Get_Landing_Point(void),method,,wAirbase,Get_Landing_Point,void,False,False,True,False,False,False,True
176,175,0xAF,?Get_Landing_Point@wAirbase@@UEAAHPEAV?$wPosition3@M@@I@Z,"public: virtual int __cdecl wAirbase::Get_Landing_Point(class wPosition3<float> *, unsigned int)",method,,wAirbase,Get_Landing_Point,"class wPosition3<float> *, unsigned int",False,False,True,False,False,False,True
177,176,0xB0,?Get_Landing_Point@woATC@@QEAAHPEAV?$wPosition3@M@@I@Z,"public: int __cdecl woATC::Get_Landing_Point(class wPosition3<float> *, unsigned int)",method,,woATC,Get_Landing_Point,"class wPosition3<float> *, unsigned int",False,False,False,False,False,False,True
178,177,0xB1,?Get_Landing_RW_Point@woATC@@IEAAHPEAVMovingObject@@HH@Z,"protected: int __cdecl woATC::Get_Landing_RW_Point(class MovingObject *, int, int)",method,,woATC,Get_Landing_RW_Point,"class MovingObject *, int, int",False,False,False,False,False,False,True
179,178,0xB2,?Get_NumClosestRW@wAirdrome@@QEAAHMAEBVVec3f@osg@@@Z,"public: int __cdecl wAirdrome::Get_NumClosestRW(float, class osg::Vec3f const &)",method,,wAirdrome,Get_NumClosestRW,"float, class osg::Vec3f const &",False,False,False,False,False,False,True
180,179,0xB3,?Get_Out_Taxi@wsAdrElevator@@QEAAPEAUTaxiPoint@@I@Z,public: struct TaxiPoint * __cdecl wsAdrElevator::Get_Out_Taxi(unsigned int),method,,wsAdrElevator,Get_Out_Taxi,unsigned int,False,False,False,False,False,False,True
181,180,0xB4,?Get_RW_Course_Number@wAirdrome@@QEAAH_NPEAH@Z,"public: int __cdecl wAirdrome::Get_RW_Course_Number(bool, int *)",method,,wAirdrome,Get_RW_Course_Number,"bool, int *",False,False,False,False,False,False,True
182,181,0xB5,?Get_RW_Number@wAirdrome@@QEBAH_N@Z,public: int __cdecl wAirdrome::Get_RW_Number(bool) const,method,,wAirdrome,Get_RW_Number,bool,True,False,False,False,False,False,True
183,182,0xB6,?Get_ShipRunwayNumForTO@woATC@@QEAAHI@Z,public: int __cdecl woATC::Get_ShipRunwayNumForTO(unsigned int),method,,woATC,Get_ShipRunwayNumForTO,unsigned int,False,False,False,False,False,False,True
184,183,0xB7,?Get_TO_RW_Point@woATC@@IEAAHAEAH@Z,protected: int __cdecl woATC::Get_TO_RW_Point(int &),method,,woATC,Get_TO_RW_Point,int &,False,False,False,False,False,False,True
185,184,0xB8,?Get_TakeOff_Point@wAirbase@@UEAAHPEAV?$wPosition3@M@@I@Z,"public: virtual int __cdecl wAirbase::Get_TakeOff_Point(class wPosition3<float> *, unsigned int)",method,,wAirbase,Get_TakeOff_Point,"class wPosition3<float> *, unsigned int",False,False,True,False,False,False,True
186,185,0xB9,?Get_TakeOff_Point@woATC@@QEAAHPEAV?$wPosition3@M@@I@Z,"public: int __cdecl woATC::Get_TakeOff_Point(class wPosition3<float> *, unsigned int)",method,,woATC,Get_TakeOff_Point,"class wPosition3<float> *, unsigned int",False,False,False,False,False,False,True
187,186,0xBA,?Get_Taxi@woATC@@QEAAPEAUTaxiPoint@@I@Z,public: struct TaxiPoint * __cdecl woATC::Get_Taxi(unsigned int),method,,woATC,Get_Taxi,unsigned int,False,False,False,False,False,False,True
188,187,0xBB,?Get_TaxiForTO@woATC@@QEAAPEAUTaxiPoint@@IAEAH@Z,"public: struct TaxiPoint * __cdecl woATC::Get_TaxiForTO(unsigned int, int &)",method,,woATC,Get_TaxiForTO,"unsigned int, int &",False,False,False,False,False,False,True
189,188,0xBC,?Get_Taxi_Elevator_Out@woATC@@QEAAPEAUTaxiPoint@@I@Z,public: struct TaxiPoint * __cdecl woATC::Get_Taxi_Elevator_Out(unsigned int),method,,woATC,Get_Taxi_Elevator_Out,unsigned int,False,False,False,False,False,False,True
190,189,0xBD,?Get_Taxis@wAirbase@@UEAAPEAUTaxiRoute@@XZ,public: virtual struct TaxiRoute * __cdecl wAirbase::Get_Taxis(void),method,,wAirbase,Get_Taxis,void,False,False,True,False,False,False,True
191,190,0xBE,?Get_TaxisForTO@wAirbase@@UEAAPEAUTaxiRoute@@XZ,public: virtual struct TaxiRoute * __cdecl wAirbase::Get_TaxisForTO(void),method,,wAirbase,Get_TaxisForTO,void,False,False,True,False,False,False,True
192,191,0xBF,?Get_Terminal@wsAdrElevator@@QEAAPEAVwsAdrTerminal@@I@Z,public: class wsAdrTerminal * __cdecl wsAdrElevator::Get_Terminal(unsigned int),method,,wsAdrElevator,Get_Terminal,unsigned int,False,False,False,False,False,False,True
193,192,0xC0,?Glide_Slope@wAirbase@@UEBA_NI@Z,public: virtual bool __cdecl wAirbase::Glide_Slope(unsigned int) const,method,,wAirbase,Glide_Slope,unsigned int,True,False,True,False,False,False,True
194,193,0xC1,?Glide_Slope@woATC@@QEBA_NI@Z,public: bool __cdecl woATC::Glide_Slope(unsigned int) const,method,,woATC,Glide_Slope,unsigned int,True,False,False,False,False,False,True
195,194,0xC2,?Hrad@wAirdrome@@UEAA?BMXZ,public: virtual float const __cdecl wAirdrome::Hrad(void),method,,wAirdrome,Hrad,void,False,False,True,False,False,False,True
196,195,0xC3,?Hrad@woRunWay@@UEAA?BMXZ,public: virtual float const __cdecl woRunWay::Hrad(void),method,,woRunWay,Hrad,void,False,False,True,False,False,False,True
197,196,0xC4,?In_Air_@ClientData@@QEBA_NXZ,public: bool __cdecl ClientData::In_Air_(void) const,method,,ClientData,In_Air_,void,True,False,False,False,False,False,True
198,197,0xC5,?Init0@woATC@@IEAAXXZ,protected: void __cdecl woATC::Init0(void),method,,woATC,Init0,void,False,False,False,False,False,False,True
199,198,0xC6,?Init@ACLS@@QEAAXPEAVwoATC@@@Z,public: void __cdecl ACLS::Init(class woATC *),method,,ACLS,Init,class woATC *,False,False,False,False,False,False,True
200,199,0xC7,?Init@LSO@@QEAAXPEAVwoATC@@@Z,public: void __cdecl LSO::Init(class woATC *),method,,LSO,Init,class woATC *,False,False,False,False,False,False,True
201,200,0xC8,?Init@wAirdrome@@AEAAXHAEAVConfig@Lua@@@Z,"private: void __cdecl wAirdrome::Init(int, class Lua::Config &)",method,,wAirdrome,Init,"int, class Lua::Config &",False,False,False,False,False,False,True
202,201,0xC9,?Init_Terminals@woATC@@IEAAXXZ,protected: void __cdecl woATC::Init_Terminals(void),method,,woATC,Init_Terminals,void,False,False,False,False,False,False,True
203,202,0xCA,?L@wcAirWing@@0PEAUlua_State@@EA,private: static struct lua_State *wcAirWing::L,symbol,,,,,False,False,False,False,False,False,True
204,203,0xCB,?LogAirWingPilotData@wcAirWing@@SAXPEBDAEBUAirWingPilotData@@@Z,"public: static void __cdecl wcAirWing::LogAirWingPilotData(char const *, struct AirWingPilotData const &)",method,,wcAirWing,LogAirWingPilotData,"char const *, struct AirWingPilotData const &",False,True,False,False,False,False,True
205,204,0xCC,?LuaFinish@wcAirWing@@SAXXZ,public: static void __cdecl wcAirWing::LuaFinish(void),method,,wcAirWing,LuaFinish,void,False,True,False,False,False,False,True
206,205,0xCD,?LuaInit@wcAirWing@@SAXXZ,public: static void __cdecl wcAirWing::LuaInit(void),method,,wcAirWing,LuaInit,void,False,True,False,False,False,False,True
207,206,0xCE,?OnOffProjector@wAirdrome@@QEAAX_N@Z,public: void __cdecl wAirdrome::OnOffProjector(bool),method,,wAirdrome,OnOffProjector,bool,False,False,False,False,False,False,True
208,207,0xCF,?On_RunWay@wAirdrome@@QEBA_NAEBVVec3f@osg@@HAEAY01H@Z,"public: bool __cdecl wAirdrome::On_RunWay(class osg::Vec3f const &, int, int (&)[2]) const",method,,wAirdrome,On_RunWay,"class osg::Vec3f const &, int, int (&)[2]",True,False,False,False,False,False,True
209,208,0xD0,?ParseServerConfig@wcAirWing@@SAXAEAVConfig@Lua@@@Z,public: static void __cdecl wcAirWing::ParseServerConfig(class Lua::Config &),method,,wcAirWing,ParseServerConfig,class Lua::Config &,False,True,False,False,False,False,True
210,209,0xD1,?Position@ClientData@@QEBAAEBV?$wPosition3@M@@XZ,public: class wPosition3<float> const & __cdecl ClientData::Position(void) const,method,,ClientData,Position,void,True,False,False,False,False,False,True
211,210,0xD2,?PostCollisionProcessing@wAirdrome@@UEAAXPEAUwsCollisionData@@@Z,public: virtual void __cdecl wAirdrome::PostCollisionProcessing(struct wsCollisionData *),method,,wAirdrome,PostCollisionProcessing,struct wsCollisionData *,False,False,True,False,False,False,True
212,211,0xD3,?PostCollisionProcessing@woRunWay@@UEAAXPEAUwsCollisionData@@@Z,public: virtual void __cdecl woRunWay::PostCollisionProcessing(struct wsCollisionData *),method,,woRunWay,PostCollisionProcessing,struct wsCollisionData *,False,False,True,False,False,False,True
213,212,0xD4,?RequestCrewPermission@woATC@@QEBA_NPEAVIwoLA@@W4GroundCrewRequest@wGroundCrew@@@Z,"public: bool __cdecl woATC::RequestCrewPermission(class IwoLA *, enum wGroundCrew::GroundCrewRequest) const",method,,woATC,RequestCrewPermission,"class IwoLA *, enum wGroundCrew::GroundCrewRequest",True,False,False,False,False,False,True
214,213,0xD5,?Reset_BirthValid@woATC@@QEAAXAEBV?$cPointerTemplate@VwControl@@@@@Z,public: void __cdecl woATC::Reset_BirthValid(class cPointerTemplate<class wControl> const &),method,,woATC,Reset_BirthValid,class cPointerTemplate<class wControl> const &,False,False,False,False,False,False,True
215,214,0xD6,?Reset_HelBirthValid@woATC@@QEAAXAEBV?$cPointerTemplate@VwControl@@@@H@Z,"public: void __cdecl woATC::Reset_HelBirthValid(class cPointerTemplate<class wControl> const &, int)",method,,woATC,Reset_HelBirthValid,"class cPointerTemplate<class wControl> const &, int",False,False,False,False,False,False,True
216,215,0xD7,?SetATC@wAirdrome@@AEAAXAEAVConfig@Lua@@@Z,private: void __cdecl wAirdrome::SetATC(class Lua::Config &),method,,wAirdrome,SetATC,class Lua::Config &,False,False,False,False,False,False,True
217,216,0xD8,?SetParking@woATC@@EEAAXHPEAVMovingObject@@@Z,"private: virtual void __cdecl woATC::SetParking(int, class MovingObject *)",method,,woATC,SetParking,"int, class MovingObject *",False,False,True,False,False,False,True
218,217,0xD9,?Set_BirthValid@woATC@@QEAAXAEBV?$cPointerTemplate@VwControl@@@@@Z,public: void __cdecl woATC::Set_BirthValid(class cPointerTemplate<class wControl> const &),method,,woATC,Set_BirthValid,class cPointerTemplate<class wControl> const &,False,False,False,False,False,False,True
219,218,0xDA,?Set_HelBirthValid@woATC@@QEAAXAEBV?$cPointerTemplate@VwControl@@@@@Z,public: void __cdecl woATC::Set_HelBirthValid(class cPointerTemplate<class wControl> const &),method,,woATC,Set_HelBirthValid,class cPointerTemplate<class wControl> const &,False,False,False,False,False,False,True
220,219,0xDB,?TakeOffTaxiRoute@woATC@@QEAAPEAVIRoute@edterrain@@XZ,public: class edterrain::IRoute * __cdecl woATC::TakeOffTaxiRoute(void),method,,woATC,TakeOffTaxiRoute,void,False,False,False,False,False,False,True
221,220,0xDC,?_get_crew@wAirbase@@IEAAPEAVCrewBehavior@@AEAVReader@Mail@@@Z,protected: class CrewBehavior * __cdecl wAirbase::_get_crew(class Mail::Reader &),method,,wAirbase,_get_crew,class Mail::Reader &,False,False,False,False,False,False,True
222,221,0xDD,?_get_crew@wAirbase@@IEAAPEAVCrewBehavior@@E@Z,protected: class CrewBehavior * __cdecl wAirbase::_get_crew(unsigned char),method,,wAirbase,_get_crew,unsigned char,False,False,False,False,False,False,True
223,222,0xDE,?_get_gear_positions_local@wCarrierCrew@@IEAA?AU?$array@VVec3f@osg@@$02@ed@@MPEAVwoLABase@@@Z,"protected: struct ed::array<class osg::Vec3f, 3> __cdecl wCarrierCrew::_get_gear_positions_local(float, class woLABase *)",method,,wCarrierCrew,_get_gear_positions_local,"float, class woLABase *",False,False,False,False,False,False,True
224,223,0xDF,?_gui_callback_handle@wGroundCrewOwner@@1IA,protected: static unsigned int wGroundCrewOwner::_gui_callback_handle,symbol,,,,,False,False,False,False,False,False,True
225,224,0xE0,?_gui_callbacks@wGroundCrewOwner@@1V?$unordered_map@PEAVwGroundCrewOwner@@V?$function@$$A6AXXZ@std@@U?$hash@PEAVwGroundCrewOwner@@@3@U?$equal_to@PEAVwGroundCrewOwner@@@3@V?$allocator@U?$pair@QEAVwGroundCrewOwner@@V?$function@$$A6AXXZ@std@@@std@@@ed@@@std@@A,"protected: static class std::unordered_map<class wGroundCrewOwner *, class std::function<void __cdecl(void)>, struct std::hash<class wGroundCrewOwner *>, struct std::equal_to<class wGroundCrewOwner *>, class ed::allocator<struct std::pair<class wGroundCrewOwner *const, class std::function<void __cdecl(void)>>>> wGroundCrewOwner::_gui_callbacks",symbol,,,,,False,False,False,False,False,False,True
226,225,0xE1,?_gui_mutex@wGroundCrewOwner@@1Vmutex@ed@@A,protected: static class ed::mutex wGroundCrewOwner::_gui_mutex,symbol,,,,,False,False,False,False,False,False,True
227,226,0xE2,?_init_behavior_tree_nodes@wCarrierCrew@@UEAAXAEAVBehaviorTreeFactory@BT@@@Z,public: virtual void __cdecl wCarrierCrew::_init_behavior_tree_nodes(class BT::BehaviorTreeFactory &),method,,wCarrierCrew,_init_behavior_tree_nodes,class BT::BehaviorTreeFactory &,False,False,True,False,False,False,True
228,227,0xE3,?_wait_positioning_after_JBD@wCarrierCrew@@QEAA_NM@Z,public: bool __cdecl wCarrierCrew::_wait_positioning_after_JBD(float),method,,wCarrierCrew,_wait_positioning_after_JBD,float,False,False,False,False,False,False,True
229,228,0xE4,?acquire@wsBasicTerminal@@QEAAXI@Z,public: void __cdecl wsBasicTerminal::acquire(unsigned int),method,,wsBasicTerminal,acquire,unsigned int,False,False,False,False,False,False,True
230,229,0xE5,?acquire@wsBasicTerminal@@QEAAXIAEBV?$basic_string@D@ed@@0@Z,"public: void __cdecl wsBasicTerminal::acquire(unsigned int, class ed::basic_string<char> const &, class ed::basic_string<char> const &)",method,,wsBasicTerminal,acquire,"unsigned int, class ed::basic_string<char> const &, class ed::basic_string<char> const &",False,False,False,False,False,False,True
231,230,0xE6,?acquireFreeShipSpawnTerm_@woATC@@QEAAHIIAEBV?$basic_string@D@ed@@_NM@Z,"public: int __cdecl woATC::acquireFreeShipSpawnTerm_(unsigned int, unsigned int, class ed::basic_string<char> const &, bool, float)",method,,woATC,acquireFreeShipSpawnTerm_,"unsigned int, unsigned int, class ed::basic_string<char> const &, bool, float",False,False,False,False,False,False,True
232,231,0xE7,?acquireFreeShipTerm_@woATC@@AEAAHI@Z,private: int __cdecl woATC::acquireFreeShipTerm_(unsigned int),method,,woATC,acquireFreeShipTerm_,unsigned int,False,False,False,False,False,False,True
233,232,0xE8,?acquireFreeTerm_@woATC@@AEAAHI_N@Z,"private: int __cdecl woATC::acquireFreeTerm_(unsigned int, bool)",method,,woATC,acquireFreeTerm_,"unsigned int, bool",False,False,False,False,False,False,True
234,233,0xE9,?acquired_point@wGroundCrew@@QEBAAEBVVec3d@osg@@XZ,public: class osg::Vec3d const & __cdecl wGroundCrew::acquired_point(void) const,method,,wGroundCrew,acquired_point,void,True,False,False,False,False,False,True
235,234,0xEA,?acquired_point_check@wGroundCrew@@QEBA_NXZ,public: bool __cdecl wGroundCrew::acquired_point_check(void) const,method,,wGroundCrew,acquired_point_check,void,True,False,False,False,False,False,True
236,235,0xEB,?acquired_point_check@wGroundCrew@@SA_NAEBVVec3d@osg@@PEBVMovingObject@@@Z,"public: static bool __cdecl wGroundCrew::acquired_point_check(class osg::Vec3d const &, class MovingObject const *)",method,,wGroundCrew,acquired_point_check,"class osg::Vec3d const &, class MovingObject const *",False,True,False,False,False,False,True
237,236,0xEC,?acquired_point_check@wGroundCrew@@SA_NPEBVMovingObject@@0@Z,"public: static bool __cdecl wGroundCrew::acquired_point_check(class MovingObject const *, class MovingObject const *)",method,,wGroundCrew,acquired_point_check,"class MovingObject const *, class MovingObject const *",False,True,False,False,False,False,True
238,237,0xED,?activateRwyNavaid@wAirdrome@@IEAAXHW4BeaconType@@_N@Z,"protected: void __cdecl wAirdrome::activateRwyNavaid(int, enum BeaconType, bool)",method,,wAirdrome,activateRwyNavaid,"int, enum BeaconType, bool",False,False,False,False,False,False,True
239,238,0xEE,?addClientRWCrossing@woATC@@AEAAXIH@Z,"private: void __cdecl woATC::addClientRWCrossing(unsigned int, int)",method,,woATC,addClientRWCrossing,"unsigned int, int",False,False,False,False,False,False,True
240,239,0xEF,?addLaunchPad@wHeliport@@IEAAXPEAVlLandHeliport@@@Z,protected: void __cdecl wHeliport::addLaunchPad(class lLandHeliport *),method,,wHeliport,addLaunchPad,class lLandHeliport *,False,False,False,False,False,False,True
241,240,0xF0,?addNewAirSquadron@wcAirWing@@QEAAPEAVwcAirSquadron@@AEBV?$basic_string@D@ed@@@Z,public: class wcAirSquadron * __cdecl wcAirWing::addNewAirSquadron(class ed::basic_string<char> const &),method,,wcAirWing,addNewAirSquadron,class ed::basic_string<char> const &,False,False,False,False,False,False,True
242,241,0xF1,?addNewPilot@wcAirWing@@QEAAPEAVwcAirSquadronPilot@@AEBV?$basic_string@D@ed@@0H0000IIPEAVwcAirSquadron@@I@Z,"public: class wcAirSquadronPilot * __cdecl wcAirWing::addNewPilot(class ed::basic_string<char> const &, class ed::basic_string<char> const &, int, class ed::basic_string<char> const &, class ed::basic_string<char> const &, class ed::basic_string<char> const &, class ed::basic_string<char> const &, unsigned int, unsigned int, class wcAirSquadron *, unsigned int)",method,,wcAirWing,addNewPilot,"class ed::basic_string<char> const &, class ed::basic_string<char> const &, int, class ed::basic_string<char> const &, class ed::basic_string<char> const &, class ed::basic_string<char> const &, class ed::basic_string<char> const &, unsigned int, unsigned int, class wcAirSquadron *, unsigned int",False,False,False,False,False,False,True
243,242,0xF2,?addPilotKillData@wcAirSquadron@@QEAAXPEAVwcAirSquadronPilot@@AEBUPilotKillData@@@Z,"public: void __cdecl wcAirSquadron::addPilotKillData(class wcAirSquadronPilot *, struct PilotKillData const &)",method,,wcAirSquadron,addPilotKillData,"class wcAirSquadronPilot *, struct PilotKillData const &",False,False,False,False,False,False,True
244,243,0xF3,?addPilotKillData@wcAirSquadronPilot@@QEAAXAEBUPilotKillData@@@Z,public: void __cdecl wcAirSquadronPilot::addPilotKillData(struct PilotKillData const &),method,,wcAirSquadronPilot,addPilotKillData,struct PilotKillData const &,False,False,False,False,False,False,True
245,244,0xF4,?addPilotLandingData@wcAirSquadron@@QEAAXPEAVwcAirSquadronPilot@@AEBUPilotLandingData@@@Z,"public: void __cdecl wcAirSquadron::addPilotLandingData(class wcAirSquadronPilot *, struct PilotLandingData const &)",method,,wcAirSquadron,addPilotLandingData,"class wcAirSquadronPilot *, struct PilotLandingData const &",False,False,False,False,False,False,True
246,245,0xF5,?addPilotLandingData@wcAirSquadronPilot@@QEAAXAEBUPilotLandingData@@@Z,public: void __cdecl wcAirSquadronPilot::addPilotLandingData(struct PilotLandingData const &),method,,wcAirSquadronPilot,addPilotLandingData,struct PilotLandingData const &,False,False,False,False,False,False,True
247,246,0xF6,?addPilotLandingData@wcAirWing@@QEAAXAEBUPilotLandingData@@@Z,public: void __cdecl wcAirWing::addPilotLandingData(struct PilotLandingData const &),method,,wcAirWing,addPilotLandingData,struct PilotLandingData const &,False,False,False,False,False,False,True
248,247,0xF7,?add_ground_crew@wGroundCrewOwner@@QEAAPEAVwGroundCrew@@PEAVIwoLA@@@Z,public: class wGroundCrew * __cdecl wGroundCrewOwner::add_ground_crew(class IwoLA *),method,,wGroundCrewOwner,add_ground_crew,class IwoLA *,False,False,False,False,False,False,True
249,248,0xF8,?add_taxi_crew_client@woATC@@QEAAXPEAVMovingObject@@PEAUTaxiPoint@@@Z,"public: void __cdecl woATC::add_taxi_crew_client(class MovingObject *, struct TaxiPoint *)",method,,woATC,add_taxi_crew_client,"class MovingObject *, struct TaxiPoint *",False,False,False,False,False,False,True
250,249,0xF9,?air_wings@wcAirWing@@0V?$vector@PEAVwcAirWing@@V?$allocator@PEAVwcAirWing@@@ed@@@ed@@A,"private: static class ed::vector<class wcAirWing *, class ed::allocator<class wcAirWing *>> wcAirWing::air_wings",symbol,,,,,False,False,False,False,False,False,True
251,250,0xFA,?applyClientStatus@woATC@@MEAAXAEAUClientData@@W4ClientStatus@@@Z,"protected: virtual void __cdecl woATC::applyClientStatus(struct ClientData &, enum ClientStatus)",method,,woATC,applyClientStatus,"struct ClientData &, enum ClientStatus",False,False,True,False,False,False,True
252,251,0xFB,?assignGroup@ClientData@@QEAAXPEAVwControl@@@Z,public: void __cdecl ClientData::assignGroup(class wControl *),method,,ClientData,assignGroup,class wControl *,False,False,False,False,False,False,True
253,252,0xFC,?atc_common_params@ResourceProvider@woATC@@2UATCCommonParams@12@A,public: static struct woATC::ResourceProvider::ATCCommonParams woATC::ResourceProvider::atc_common_params,symbol,,,,,False,False,False,False,False,False,True
254,253,0xFD,?attachBeaconToRunway@wAirdrome@@QEAAXHW4BeaconType@@VVec3f@osg@@@Z,"public: void __cdecl wAirdrome::attachBeaconToRunway(int, enum BeaconType, class osg::Vec3f)",method,,wAirdrome,attachBeaconToRunway,"int, enum BeaconType, class osg::Vec3f",False,False,False,False,False,False,True
255,254,0xFE,?autoCaptureIsOn@woATC@@QEBA_NXZ,public: bool __cdecl woATC::autoCaptureIsOn(void) const,method,,woATC,autoCaptureIsOn,void,True,False,False,False,False,False,True
256,255,0xFF,?bUseGreenieBoardLandingDataHistory@wcAirWing@@0_NA,private: static bool wcAirWing::bUseGreenieBoardLandingDataHistory,symbol,,,,,False,False,False,False,False,False,True
257,256,0x100,?bUseKillBoardDataHistory@wcAirWing@@0_NA,private: static bool wcAirWing::bUseKillBoardDataHistory,symbol,,,,,False,False,False,False,False,False,True
258,257,0x101,?buildBriefingRoom@wcAirSquadron@@QEAAPEAVIBriefingRoom@@XZ,public: class IBriefingRoom * __cdecl wcAirSquadron::buildBriefingRoom(void),method,,wcAirSquadron,buildBriefingRoom,void,False,False,False,False,False,False,True
259,258,0x102,?calculateACLS_TrafficControl@woATC@@AEAAXAEAUClientData@@PEBVParameter@@@Z,"private: void __cdecl woATC::calculateACLS_TrafficControl(struct ClientData &, class Parameter const *)",method,,woATC,calculateACLS_TrafficControl,"struct ClientData &, class Parameter const *",False,False,False,False,False,False,True
260,259,0x103,?call_ground_crew@wGroundCrewOwner@@UEAAPEAVwGroundCrew@@PEAVIwoLA@@_N@Z,"public: virtual class wGroundCrew * __cdecl wGroundCrewOwner::call_ground_crew(class IwoLA *, bool)",method,,wGroundCrewOwner,call_ground_crew,"class IwoLA *, bool",False,False,True,False,False,False,True
261,260,0x104,?canClientProceedToRunway@wAirbase@@UEAA_NI@Z,public: virtual bool __cdecl wAirbase::canClientProceedToRunway(unsigned int),method,,wAirbase,canClientProceedToRunway,unsigned int,False,False,True,False,False,False,True
262,261,0x105,?canClientProceedToRunway@wAirdrome@@UEAA_NI@Z,public: virtual bool __cdecl wAirdrome::canClientProceedToRunway(unsigned int),method,,wAirdrome,canClientProceedToRunway,unsigned int,False,False,True,False,False,False,True
263,262,0x106,?canClientProceedToRunway@woATC@@QEAA_NI@Z,public: bool __cdecl woATC::canClientProceedToRunway(unsigned int),method,,woATC,canClientProceedToRunway,unsigned int,False,False,False,False,False,False,True
264,263,0x107,?canClientShipTaxi@woATC@@QEAA_NI@Z,public: bool __cdecl woATC::canClientShipTaxi(unsigned int),method,,woATC,canClientShipTaxi,unsigned int,False,False,False,False,False,False,True
265,264,0x108,?canClientSopEngineOnParking@woATC@@QEAA_NI@Z,public: bool __cdecl woATC::canClientSopEngineOnParking(unsigned int),method,,woATC,canClientSopEngineOnParking,unsigned int,False,False,False,False,False,False,True
266,265,0x109,?canClientSpawnOnTerminal@woATC@@QEAA_NI@Z,public: bool __cdecl woATC::canClientSpawnOnTerminal(unsigned int),method,,woATC,canClientSpawnOnTerminal,unsigned int,False,False,False,False,False,False,True
267,266,0x10A,?canDelay@woATC@@UEBA_NAEBV?$Ptr@VwMessage@@UDefaultDeleter@ed@@@ed@@0@Z,"public: virtual bool __cdecl woATC::canDelay(class ed::Ptr<class wMessage, struct ed::DefaultDeleter> const &, class ed::Ptr<class wMessage, struct ed::DefaultDeleter> const &) const",method,,woATC,canDelay,"class ed::Ptr<class wMessage, struct ed::DefaultDeleter> const &, class ed::Ptr<class wMessage, struct ed::DefaultDeleter> const &",True,False,True,False,False,False,True
268,267,0x10B,?canInterrupt@woATC@@UEBA?AW4Interruption@wCommunicator@@AEBV?$Ptr@VwMessage@@UDefaultDeleter@ed@@@ed@@0@Z,"public: virtual enum wCommunicator::Interruption __cdecl woATC::canInterrupt(class ed::Ptr<class wMessage, struct ed::DefaultDeleter> const &, class ed::Ptr<class wMessage, struct ed::DefaultDeleter> const &) const",method,,woATC,canInterrupt,"class ed::Ptr<class wMessage, struct ed::DefaultDeleter> const &, class ed::Ptr<class wMessage, struct ed::DefaultDeleter> const &",True,False,True,False,False,False,True
269,268,0x10C,?canRemove@woATC@@UEBA_NAEBV?$Ptr@VwMessage@@UDefaultDeleter@ed@@@ed@@0@Z,"public: virtual bool __cdecl woATC::canRemove(class ed::Ptr<class wMessage, struct ed::DefaultDeleter> const &, class ed::Ptr<class wMessage, struct ed::DefaultDeleter> const &) const",method,,woATC,canRemove,"class ed::Ptr<class wMessage, struct ed::DefaultDeleter> const &, class ed::Ptr<class wMessage, struct ed::DefaultDeleter> const &",True,False,True,False,False,False,True
270,269,0x10D,?canStartLanding@woATC@@QEBA_NXZ,public: bool __cdecl woATC::canStartLanding(void) const,method,,woATC,canStartLanding,void,True,False,False,False,False,False,True
271,270,0x10E,?canStartTakeoff@woATC@@QEBA_NXZ,public: bool __cdecl woATC::canStartTakeoff(void) const,method,,woATC,canStartTakeoff,void,True,False,False,False,False,False,True
272,271,0x10F,?canTakeoff@ClientData@@QEBA_NPEAVwAirbase@@@Z,public: bool __cdecl ClientData::canTakeoff(class wAirbase *) const,method,,ClientData,canTakeoff,class wAirbase *,True,False,False,False,False,False,True
273,272,0x110,?canTaxiingClientProceedToElevator@woATC@@QEAA_NI@Z,public: bool __cdecl woATC::canTaxiingClientProceedToElevator(unsigned int),method,,woATC,canTaxiingClientProceedToElevator,unsigned int,False,False,False,False,False,False,True
274,273,0x111,?canUnitSpawnOnTerminalByType@woATC@@QEAA_NAEBV?$basic_string@D@ed@@M@Z,"public: bool __cdecl woATC::canUnitSpawnOnTerminalByType(class ed::basic_string<char> const &, float)",method,,woATC,canUnitSpawnOnTerminalByType,"class ed::basic_string<char> const &, float",False,False,False,False,False,False,True
275,274,0x112,?checkAllowCrossing@woATC@@QEAA_NPEAVwoLABase@@AEAY01$$CBH@Z,"public: bool __cdecl woATC::checkAllowCrossing(class woLABase *, int const (&)[2])",method,,woATC,checkAllowCrossing,"class woLABase *, int const (&)[2]",False,False,False,False,False,False,True
276,275,0x113,?checkAllowLandingForHelicopters@woATC@@QEAA_NPEAVwoLABase@@@Z,public: bool __cdecl woATC::checkAllowLandingForHelicopters(class woLABase *),method,,woATC,checkAllowLandingForHelicopters,class woLABase *,False,False,False,False,False,False,True
277,276,0x114,?checkAnyTermForObject@wAirbase@@UEAA_NI@Z,public: virtual bool __cdecl wAirbase::checkAnyTermForObject(unsigned int),method,,wAirbase,checkAnyTermForObject,unsigned int,False,False,True,False,False,False,True
278,277,0x115,?checkAnyTermForObject@woATC@@QEAA_NI@Z,public: bool __cdecl woATC::checkAnyTermForObject(unsigned int),method,,woATC,checkAnyTermForObject,unsigned int,False,False,False,False,False,False,True
279,278,0x116,?checkClosestToRW@woATC@@QEBA_NINH@Z,"public: bool __cdecl woATC::checkClosestToRW(unsigned int, double, int) const",method,,woATC,checkClosestToRW,"unsigned int, double, int",True,False,False,False,False,False,True
280,279,0x117,?checkIlluminationsConditions@woATC@@QEAA_NXZ,public: bool __cdecl woATC::checkIlluminationsConditions(void),method,,woATC,checkIlluminationsConditions,void,False,False,False,False,False,False,True
281,280,0x118,?checkObjectCrossing@woATC@@QEAA_NIAEAY01H@Z,"public: bool __cdecl woATC::checkObjectCrossing(unsigned int, int (&)[2])",method,,woATC,checkObjectCrossing,"unsigned int, int (&)[2]",False,False,False,False,False,False,True
282,281,0x119,?checkPointIsInServiceableArea@wAirdrome@@QEBA_NAEBVVec3d@osg@@@Z,public: bool __cdecl wAirdrome::checkPointIsInServiceableArea(class osg::Vec3d const &) const,method,,wAirdrome,checkPointIsInServiceableArea,class osg::Vec3d const &,True,False,False,False,False,False,True
283,282,0x11A,?checkPointIsInServiceableArea@wHeliport@@QEBA_NAEBVVec3d@osg@@@Z,public: bool __cdecl wHeliport::checkPointIsInServiceableArea(class osg::Vec3d const &) const,method,,wHeliport,checkPointIsInServiceableArea,class osg::Vec3d const &,True,False,False,False,False,False,True
284,283,0x11B,?checkRadio@woATC@@QEAA_NXZ,public: bool __cdecl woATC::checkRadio(void),method,,woATC,checkRadio,void,False,False,False,False,False,False,True
285,284,0x11C,?checkRadioResource@woATC@@QEBA_NXZ,public: bool __cdecl woATC::checkRadioResource(void) const,method,,woATC,checkRadioResource,void,True,False,False,False,False,False,True
286,285,0x11D,?checkRefuelCommandAvailability@wGroundCrew@@AEAA_NAEBUwGroundCrewCommand@@PEAM1@Z,"private: bool __cdecl wGroundCrew::checkRefuelCommandAvailability(struct wGroundCrewCommand const &, float *, float *)",method,,wGroundCrew,checkRefuelCommandAvailability,"struct wGroundCrewCommand const &, float *, float *",False,False,False,False,False,False,True
287,286,0x11E,?checkServiceableArea@@YA_NAEBVVec3d@osg@@PEAVMovingObject@@@Z,"bool __cdecl checkServiceableArea(class osg::Vec3d const &, class MovingObject *)",function,,,checkServiceableArea,"class osg::Vec3d const &, class MovingObject *",False,False,False,False,False,False,True
288,287,0x11F,?check_LA_in_start_box@wCarrierCrew@@QEAA_NI@Z,public: bool __cdecl wCarrierCrew::check_LA_in_start_box(unsigned int),method,,wCarrierCrew,check_LA_in_start_box,unsigned int,False,False,False,False,False,False,True
289,288,0x120,?check_aircraft_in_box@wCarrierCrew@@QEAA_NV?$wPosition3@M@@AEBV?$BoundingBoxImpl@VVec3f@osg@@@osg@@PEAV2@@Z,"public: bool __cdecl wCarrierCrew::check_aircraft_in_box(class wPosition3<float>, class osg::BoundingBoxImpl<class osg::Vec3f> const &, class wPosition3<float> *)",method,,wCarrierCrew,check_aircraft_in_box,"class wPosition3<float>, class osg::BoundingBoxImpl<class osg::Vec3f> const &, class wPosition3<float> *",False,False,False,False,False,False,True
290,289,0x121,?check_la_parked@wGroundCrewOwner@@QEAA_NI@Z,public: bool __cdecl wGroundCrewOwner::check_la_parked(unsigned int),method,,wGroundCrewOwner,check_la_parked,unsigned int,False,False,False,False,False,False,True
291,290,0x122,?check_resource@wGroundCrewOwner@@UEBA_NEPEAIPEAM@Z,"public: virtual bool __cdecl wGroundCrewOwner::check_resource(unsigned char, unsigned int *, float *) const",method,,wGroundCrewOwner,check_resource,"unsigned char, unsigned int *, float *",True,False,True,False,False,False,True
292,291,0x123,?check_resources_by_command@wGroundCrew@@QEBA_NW4GroundCrewCommandType@@PEAM@Z,"public: bool __cdecl wGroundCrew::check_resources_by_command(enum GroundCrewCommandType, float *) const",method,,wGroundCrew,check_resources_by_command,"enum GroundCrewCommandType, float *",True,False,False,False,False,False,True
293,292,0x124,?checkandUpdateDistTOVpp@woATC@@QEAA_NPEAVwoLABase@@M@Z,"public: bool __cdecl woATC::checkandUpdateDistTOVpp(class woLABase *, float)",method,,woATC,checkandUpdateDistTOVpp,"class woLABase *, float",False,False,False,False,False,False,True
294,293,0x125,?clear@wAirdrome@@SAXXZ,public: static void __cdecl wAirdrome::clear(void),method,,wAirdrome,clear,void,False,True,False,False,False,False,True
295,294,0x126,?clear@wGroundCrewOwner@@QEAAXXZ,public: void __cdecl wGroundCrewOwner::clear(void),method,,wGroundCrewOwner,clear,void,False,False,False,False,False,False,True
296,295,0x127,?clearLandingPlane@wAirbase@@UEAAXPEAVMovingObject@@@Z,public: virtual void __cdecl wAirbase::clearLandingPlane(class MovingObject *),method,,wAirbase,clearLandingPlane,class MovingObject *,False,False,True,False,False,False,True
297,296,0x128,?clear_communications@wAirdrome@@AEAAXXZ,private: void __cdecl wAirdrome::clear_communications(void),method,,wAirdrome,clear_communications,void,False,False,False,False,False,False,True
298,297,0x129,?clear_site@wAirdrome@@UEAAX_N@Z,public: virtual void __cdecl wAirdrome::clear_site(bool),method,,wAirdrome,clear_site,bool,False,False,True,False,False,False,True
299,298,0x12A,?clientInNotifiedNonClients@LSO@@QEAA_NI@Z,public: bool __cdecl LSO::clientInNotifiedNonClients(unsigned int),method,,LSO,clientInNotifiedNonClients,unsigned int,False,False,False,False,False,False,True
300,299,0x12B,?contolIllumination@wHeliport@@QEAAXXZ,public: void __cdecl wHeliport::contolIllumination(void),method,,wHeliport,contolIllumination,void,False,False,False,False,False,False,True
301,300,0x12C,?controlClientGroups@woATC@@IEAAXXZ,protected: void __cdecl woATC::controlClientGroups(void),method,,woATC,controlClientGroups,void,False,False,False,False,False,False,True
302,301,0x12D,?controlClientsStatus@woATC@@IEAAXXZ,protected: void __cdecl woATC::controlClientsStatus(void),method,,woATC,controlClientsStatus,void,False,False,False,False,False,False,True
303,302,0x12E,?controlElevators@woATC@@IEAAXXZ,protected: void __cdecl woATC::controlElevators(void),method,,woATC,controlElevators,void,False,False,False,False,False,False,True
304,303,0x12F,?controlLanding@woATC@@IEAAXAEANAEAI@Z,"protected: void __cdecl woATC::controlLanding(double &, unsigned int &)",method,,woATC,controlLanding,"double &, unsigned int &",False,False,False,False,False,False,True
305,304,0x130,?controlNonClients@woATC@@IEAAXXZ,protected: void __cdecl woATC::controlNonClients(void),method,,woATC,controlNonClients,void,False,False,False,False,False,False,True
306,305,0x131,?controlRepair@woATC@@IEAAXXZ,protected: void __cdecl woATC::controlRepair(void),method,,woATC,controlRepair,void,False,False,False,False,False,False,True
307,306,0x132,?controlRunwayOpen@woATC@@IEAAXXZ,protected: void __cdecl woATC::controlRunwayOpen(void),method,,woATC,controlRunwayOpen,void,False,False,False,False,False,False,True
308,307,0x133,?controlSpotLights@woATC@@IEAAXXZ,protected: void __cdecl woATC::controlSpotLights(void),method,,woATC,controlSpotLights,void,False,False,False,False,False,False,True
309,308,0x134,?controlTakeoff@woATC@@IEAAXXZ,protected: void __cdecl woATC::controlTakeoff(void),method,,woATC,controlTakeoff,void,False,False,False,False,False,False,True
310,309,0x135,?controlTakeoffAndLanding@woATC@@IEAAXXZ,protected: void __cdecl woATC::controlTakeoffAndLanding(void),method,,woATC,controlTakeoffAndLanding,void,False,False,False,False,False,False,True
311,310,0x136,?controlTaxi@woATC@@IEAAXXZ,protected: void __cdecl woATC::controlTaxi(void),method,,woATC,controlTaxi,void,False,False,False,False,False,False,True
312,311,0x137,?controlTaxingGroup@woATC@@IEAAXAEAUGroupTaxi@@@Z,protected: void __cdecl woATC::controlTaxingGroup(struct GroupTaxi &),method,,woATC,controlTaxingGroup,struct GroupTaxi &,False,False,False,False,False,False,True
313,312,0x138,?create@wHeliport@@KAPEAV1@IAEBUwHeliportState@@_N@Z,"protected: static class wHeliport * __cdecl wHeliport::create(unsigned int, struct wHeliportState const &, bool)",method,,wHeliport,create,"unsigned int, struct wHeliportState const &, bool",False,True,False,False,False,False,True
314,313,0x139,?createBriefingRoom@@YAPEAVIBriefingRoom@@PEAVwcAirSquadron@@@Z,class IBriefingRoom * __cdecl createBriefingRoom(class wcAirSquadron *),function,,,createBriefingRoom,class wcAirSquadron *,False,False,False,False,False,False,True
315,314,0x13A,?createFromCurrToRW@wAirdrome@@QEAAPEAVIRoute@edterrain@@I@Z,public: class edterrain::IRoute * __cdecl wAirdrome::createFromCurrToRW(unsigned int),method,,wAirdrome,createFromCurrToRW,unsigned int,False,False,False,False,False,False,True
316,315,0x13B,?createFromCurrToRW@woATC@@QEAAPEAVIRoute@edterrain@@I@Z,public: class edterrain::IRoute * __cdecl woATC::createFromCurrToRW(unsigned int),method,,woATC,createFromCurrToRW,unsigned int,False,False,False,False,False,False,True
317,316,0x13C,?createFromCurrToTerminal@wAirdrome@@QEAAPEAVIRoute@edterrain@@I@Z,public: class edterrain::IRoute * __cdecl wAirdrome::createFromCurrToTerminal(unsigned int),method,,wAirdrome,createFromCurrToTerminal,unsigned int,False,False,False,False,False,False,True
318,317,0x13D,?createFromCurrToTerminal@woATC@@QEAAPEAVIRoute@edterrain@@I@Z,public: class edterrain::IRoute * __cdecl woATC::createFromCurrToTerminal(unsigned int),method,,woATC,createFromCurrToTerminal,unsigned int,False,False,False,False,False,False,True
319,318,0x13E,?createLandingTaxiRoute@wAirdrome@@QEAAPEAVIRoute@edterrain@@I@Z,public: class edterrain::IRoute * __cdecl wAirdrome::createLandingTaxiRoute(unsigned int),method,,wAirdrome,createLandingTaxiRoute,unsigned int,False,False,False,False,False,False,True
320,319,0x13F,?createLandingTaxiRoute@woATC@@QEAAPEAVIRoute@edterrain@@I@Z,public: class edterrain::IRoute * __cdecl woATC::createLandingTaxiRoute(unsigned int),method,,woATC,createLandingTaxiRoute,unsigned int,False,False,False,False,False,False,True
321,320,0x140,?createRestoreLandingTaxi@wAirdrome@@QEAAPEAVIRoute@edterrain@@I@Z,public: class edterrain::IRoute * __cdecl wAirdrome::createRestoreLandingTaxi(unsigned int),method,,wAirdrome,createRestoreLandingTaxi,unsigned int,False,False,False,False,False,False,True
322,321,0x141,?createRestoreLandingTaxi@woATC@@QEAAPEAVIRoute@edterrain@@I@Z,public: class edterrain::IRoute * __cdecl woATC::createRestoreLandingTaxi(unsigned int),method,,woATC,createRestoreLandingTaxi,unsigned int,False,False,False,False,False,False,True
323,322,0x142,?createRestoreTakeOffTaxi@wAirdrome@@QEAAPEAVIRoute@edterrain@@I@Z,public: class edterrain::IRoute * __cdecl wAirdrome::createRestoreTakeOffTaxi(unsigned int),method,,wAirdrome,createRestoreTakeOffTaxi,unsigned int,False,False,False,False,False,False,True
324,323,0x143,?createRestoreTakeOffTaxi@woATC@@QEAAPEAVIRoute@edterrain@@I@Z,public: class edterrain::IRoute * __cdecl woATC::createRestoreTakeOffTaxi(unsigned int),method,,woATC,createRestoreTakeOffTaxi,unsigned int,False,False,False,False,False,False,True
325,324,0x144,?createTakeOffTaxiRoute@wAirdrome@@QEAAPEAVIRoute@edterrain@@I@Z,public: class edterrain::IRoute * __cdecl wAirdrome::createTakeOffTaxiRoute(unsigned int),method,,wAirdrome,createTakeOffTaxiRoute,unsigned int,False,False,False,False,False,False,True
326,325,0x145,?createTakeOffTaxiRoute@woATC@@QEAAPEAVIRoute@edterrain@@I@Z,public: class edterrain::IRoute * __cdecl woATC::createTakeOffTaxiRoute(unsigned int),method,,woATC,createTakeOffTaxiRoute,unsigned int,False,False,False,False,False,False,True
327,326,0x146,?create_airdrome_air_wing@wAirdrome@@2_NA,public: static bool wAirdrome::create_airdrome_air_wing,symbol,,,,,False,False,False,False,False,False,True
328,327,0x147,?create_crew@wCarrierCrew@@UEAAXAEAVConfig@Lua@@@Z,public: virtual void __cdecl wCarrierCrew::create_crew(class Lua::Config &),method,,wCarrierCrew,create_crew,class Lua::Config &,False,False,True,False,False,False,True
329,328,0x148,?create_spawn_delegation@wAirbase@@MEAAXXZ,protected: virtual void __cdecl wAirbase::create_spawn_delegation(void),method,,wAirbase,create_spawn_delegation,void,False,False,True,False,False,False,True
330,329,0x149,?create_warehouse@wAirbase@@MEAAXAEBV?$basic_string@D@ed@@@Z,protected: virtual void __cdecl wAirbase::create_warehouse(class ed::basic_string<char> const &),method,,wAirbase,create_warehouse,class ed::basic_string<char> const &,False,False,True,False,False,False,True
331,330,0x14A,?create_warehouse@wAirdrome@@IEAAXAEBV?$basic_string@D@ed@@AEAVConfig@Lua@@@Z,"protected: void __cdecl wAirdrome::create_warehouse(class ed::basic_string<char> const &, class Lua::Config &)",method,,wAirdrome,create_warehouse,"class ed::basic_string<char> const &, class Lua::Config &",False,False,False,False,False,False,True
332,331,0x14B,?crew_assign_plane@woATC@@QEAAXPEAVwCarrierCrew@@PEAVwoLABase@@H_N@Z,"public: void __cdecl woATC::crew_assign_plane(class wCarrierCrew *, class woLABase *, int, bool)",method,,woATC,crew_assign_plane,"class wCarrierCrew *, class woLABase *, int, bool",False,False,False,False,False,False,True
333,332,0x14C,?crews_gui@wGroundCrewOwner@@IEAAXXZ,protected: void __cdecl wGroundCrewOwner::crews_gui(void),method,,wGroundCrewOwner,crews_gui,void,False,False,False,False,False,False,True
334,333,0x14D,?debug_draw@wCarrierCrew@@UEAAXAEBV?$wPosition3@N@@@Z,public: virtual void __cdecl wCarrierCrew::debug_draw(class wPosition3<double> const &),method,,wCarrierCrew,debug_draw,class wPosition3<double> const &,False,False,True,False,False,False,True
335,334,0x14E,?deck_crew_notify_land@woATC@@QEAAXXZ,public: void __cdecl woATC::deck_crew_notify_land(void),method,,woATC,deck_crew_notify_land,void,False,False,False,False,False,False,True
336,335,0x14F,?default_position@wGroundCrew@@QEAAX_N@Z,public: void __cdecl wGroundCrew::default_position(bool),method,,wGroundCrew,default_position,bool,False,False,False,False,False,False,True
337,336,0x150,?distToRunway@wAirdrome@@QEBAMPEBURunwayDirection@@AEBVVec3f@osg@@AEAM@Z,"public: float __cdecl wAirdrome::distToRunway(struct RunwayDirection const *, class osg::Vec3f const &, float &) const",method,,wAirdrome,distToRunway,"struct RunwayDirection const *, class osg::Vec3f const &, float &",True,False,False,False,False,False,True
338,337,0x151,?dist_to_Runway@woATC@@QEBAMAEAHAEBV?$wPosition3@M@@@Z,"public: float __cdecl woATC::dist_to_Runway(int &, class wPosition3<float> const &) const",method,,woATC,dist_to_Runway,"int &, class wPosition3<float> const &",True,False,False,False,False,False,True
339,338,0x152,?distribute_coalition@woATC@@KAHAEAVConfig@Lua@@@Z,protected: static int __cdecl woATC::distribute_coalition(class Lua::Config &),method,,woATC,distribute_coalition,class Lua::Config &,False,True,False,False,False,False,True
340,339,0x153,?distribute_group@woATC@@SAHAEAVConfig@Lua@@H@Z,"public: static int __cdecl woATC::distribute_group(class Lua::Config &, int)",method,,woATC,distribute_group,"class Lua::Config &, int",False,True,False,False,False,False,True
341,340,0x154,?distribute_plane_gates@woATC@@SAXXZ,public: static void __cdecl woATC::distribute_plane_gates(void),method,,woATC,distribute_plane_gates,void,False,True,False,False,False,False,True
342,341,0x155,?distribute_unit@woATC@@IEAAHAEAVConfig@Lua@@HPEBDH@Z,"protected: int __cdecl woATC::distribute_unit(class Lua::Config &, int, char const *, int)",method,,woATC,distribute_unit,"class Lua::Config &, int, char const *, int",False,False,False,False,False,False,True
343,342,0x156,?doCloseDoor@wAirdrome@@IEAAXI@Z,protected: void __cdecl wAirdrome::doCloseDoor(unsigned int),method,,wAirdrome,doCloseDoor,unsigned int,False,False,False,False,False,False,True
344,343,0x157,?doDamage@wAirdrome@@IEAAXMG@Z,"protected: void __cdecl wAirdrome::doDamage(float, unsigned short)",method,,wAirdrome,doDamage,"float, unsigned short",False,False,False,False,False,False,True
345,344,0x158,?doOpenDoor@wAirdrome@@IEAAXI@Z,protected: void __cdecl wAirdrome::doOpenDoor(unsigned int),method,,wAirdrome,doOpenDoor,unsigned int,False,False,False,False,False,False,True
346,345,0x159,?enableCaptureThisBase@woATC@@QEAAX_N@Z,public: void __cdecl woATC::enableCaptureThisBase(bool),method,,woATC,enableCaptureThisBase,bool,False,False,False,False,False,False,True
347,346,0x15A,?erase_client@woATC@@AEAA?AV?$_Tree_iterator@V?$_Tree_val@U?$_Tree_simple_types@U?$pair@$$CBIUClientData@@@std@@@std@@@std@@@std@@V23@@Z,"private: class std::_Tree_iterator<class std::_Tree_val<struct std::_Tree_simple_types<struct std::pair<unsigned int const, struct ClientData>>>> __cdecl woATC::erase_client(class std::_Tree_iterator<class std::_Tree_val<struct std::_Tree_simple_types<struct std::pair<unsigned int const, struct ClientData>>>>)",method,,woATC,erase_client,"class std::_Tree_iterator<class std::_Tree_val<struct std::_Tree_simple_types<struct std::pair<unsigned int const, struct ClientData>>>>",False,False,False,False,False,False,True
348,347,0x15B,?fillClientsInitState@woATC@@QEAAXAEAV?$map@IUClientInitState@@U?$less@I@std@@V?$allocator@U?$pair@$$CBIUClientInitState@@@std@@@ed@@@std@@@Z,"public: void __cdecl woATC::fillClientsInitState(class std::map<unsigned int, struct ClientInitState, struct std::less<unsigned int>, class ed::allocator<struct std::pair<unsigned int const, struct ClientInitState>>> &)",method,,woATC,fillClientsInitState,"class std::map<unsigned int, struct ClientInitState, struct std::less<unsigned int>, class ed::allocator<struct std::pair<unsigned int const, struct ClientInitState>>> &",False,False,False,False,False,False,True
349,348,0x15C,?fillNetHeliportInitState@wHeliport@@IEBAXAEAUheliportInitState@@@Z,protected: void __cdecl wHeliport::fillNetHeliportInitState(struct heliportInitState &) const,method,,wHeliport,fillNetHeliportInitState,struct heliportInitState &,True,False,False,False,False,False,True
350,349,0x15D,?fillRunwaysStartOrder@woATC@@QEAAXAEAV?$map@IHU?$less@I@std@@V?$allocator@U?$pair@$$CBIH@std@@@ed@@@std@@@Z,"public: void __cdecl woATC::fillRunwaysStartOrder(class std::map<unsigned int, int, struct std::less<unsigned int>, class ed::allocator<struct std::pair<unsigned int const, int>>> &)",method,,woATC,fillRunwaysStartOrder,"class std::map<unsigned int, int, struct std::less<unsigned int>, class ed::allocator<struct std::pair<unsigned int const, int>>> &",False,False,False,False,False,False,True
351,350,0x15E,?fillTerminalsState@woATC@@QEAAXAEAV?$vector@UTerminalState@@V?$allocator@UTerminalState@@@ed@@@ed@@@Z,"public: void __cdecl woATC::fillTerminalsState(class ed::vector<struct TerminalState, class ed::allocator<struct TerminalState>> &)",method,,woATC,fillTerminalsState,"class ed::vector<struct TerminalState, class ed::allocator<struct TerminalState>> &",False,False,False,False,False,False,True
352,351,0x15F,?finishLanding@LSO@@QEAAXPEAUClientData@@@Z,public: void __cdecl LSO::finishLanding(struct ClientData *),method,,LSO,finishLanding,struct ClientData *,False,False,False,False,False,False,True
353,352,0x160,?forEachTerminal@woATC@@QEBAXV?$function@$$A6A_NPEBVwsAdrTerminal@@@Z@std@@@Z,public: void __cdecl woATC::forEachTerminal(class std::function<bool __cdecl(class wsAdrTerminal const *)>) const,method,,woATC,forEachTerminal,class std::function<bool __cdecl(class wsAdrTerminal const *)>,True,False,False,False,False,False,True
354,353,0x161,?formVPPName@wAirdrome@@AEAAHM@Z,private: int __cdecl wAirdrome::formVPPName(float),method,,wAirdrome,formVPPName,float,False,False,False,False,False,False,True
355,354,0x162,?free@wsBasicTerminal@@QEAAXXZ,public: void __cdecl wsBasicTerminal::free(void),method,,wsBasicTerminal,free,void,False,False,False,False,False,False,True
356,355,0x163,?freeClient@ACLS@@QEAAXI@Z,public: void __cdecl ACLS::freeClient(unsigned int),method,,ACLS,freeClient,unsigned int,False,False,False,False,False,False,True
357,356,0x164,?freeClient@woATC@@IEAA?AV?$_Tree_iterator@V?$_Tree_val@U?$_Tree_simple_types@U?$pair@$$CBIUClientData@@@std@@@std@@@std@@@std@@V23@@Z,"protected: class std::_Tree_iterator<class std::_Tree_val<struct std::_Tree_simple_types<struct std::pair<unsigned int const, struct ClientData>>>> __cdecl woATC::freeClient(class std::_Tree_iterator<class std::_Tree_val<struct std::_Tree_simple_types<struct std::pair<unsigned int const, struct ClientData>>>>)",method,,woATC,freeClient,"class std::_Tree_iterator<class std::_Tree_val<struct std::_Tree_simple_types<struct std::pair<unsigned int const, struct ClientData>>>>",False,False,False,False,False,False,True
358,357,0x165,?freeClient@woATC@@IEAAXAEAUClientData@@@Z,protected: void __cdecl woATC::freeClient(struct ClientData &),method,,woATC,freeClient,struct ClientData &,False,False,False,False,False,False,True
359,358,0x166,?freeUnusedTerminalAcquirement@woATC@@AEAA_NI@Z,private: bool __cdecl woATC::freeUnusedTerminalAcquirement(unsigned int),method,,woATC,freeUnusedTerminalAcquirement,unsigned int,False,False,False,False,False,False,True
360,359,0x167,?free_activity@wGroundCrew@@AEAAXXZ,private: void __cdecl wGroundCrew::free_activity(void),method,,wGroundCrew,free_activity,void,False,False,False,False,False,False,True
361,360,0x168,?free_ground_crew@wGroundCrewOwner@@UEAAXPEAVIwoLA@@@Z,public: virtual void __cdecl wGroundCrewOwner::free_ground_crew(class IwoLA *),method,,wGroundCrewOwner,free_ground_crew,class IwoLA *,False,False,True,False,False,False,True
362,361,0x169,?freqGenerators@AirdromesRadioSetup@@2U?$array@UFreqGenerator@AirdromesRadioSetup@@$03@ed@@A,"public: static struct ed::array<struct AirdromesRadioSetup::FreqGenerator, 4> AirdromesRadioSetup::freqGenerators",symbol,,,,,False,False,False,False,False,False,True
363,362,0x16A,?generic_message@wGroundCrew@@AEAAXW4wMsg@@@Z,private: void __cdecl wGroundCrew::generic_message(enum wMsg),method,,wGroundCrew,generic_message,enum wMsg,False,False,False,False,False,False,True
364,363,0x16B,?getATC@wAirbase@@UEBAPEAVwoATC@@XZ,public: virtual class woATC * __cdecl wAirbase::getATC(void) const,method,,wAirbase,getATC,void,True,False,True,False,False,False,True
365,364,0x16C,?getAirSquadron@wcAirWing@@QEAAPEAVwcAirSquadron@@AEBV?$basic_string@D@ed@@@Z,public: class wcAirSquadron * __cdecl wcAirWing::getAirSquadron(class ed::basic_string<char> const &),method,,wcAirWing,getAirSquadron,class ed::basic_string<char> const &,False,False,False,False,False,False,True
366,365,0x16D,?getAirSquadron@wcAirWing@@SAPEAVwcAirSquadron@@I@Z,public: static class wcAirSquadron * __cdecl wcAirWing::getAirSquadron(unsigned int),method,,wcAirWing,getAirSquadron,unsigned int,False,True,False,False,False,False,True
367,366,0x16E,?getAirWing@wAirbase@@QEBAPEAVwcAirWing@@XZ,public: class wcAirWing * __cdecl wAirbase::getAirWing(void) const,method,,wAirbase,getAirWing,void,True,False,False,False,False,False,True
368,367,0x16F,?getAirWing@wcAirWing@@SAPEAV1@AEBV?$basic_string@D@ed@@@Z,public: static class wcAirWing * __cdecl wcAirWing::getAirWing(class ed::basic_string<char> const &),method,,wcAirWing,getAirWing,class ed::basic_string<char> const &,False,True,False,False,False,False,True
369,368,0x170,?getAirWingAndSquadronNames@wcAirWing@@SA_NIIAEAV?$basic_string@D@ed@@00@Z,"public: static bool __cdecl wcAirWing::getAirWingAndSquadronNames(unsigned int, unsigned int, class ed::basic_string<char> &, class ed::basic_string<char> &, class ed::basic_string<char> &)",method,,wcAirWing,getAirWingAndSquadronNames,"unsigned int, unsigned int, class ed::basic_string<char> &, class ed::basic_string<char> &, class ed::basic_string<char> &",False,True,False,False,False,False,True
370,369,0x171,?getAirbase@wcAirWing@@QEAAPEAVwAirbase@@XZ,public: class wAirbase * __cdecl wcAirWing::getAirbase(void),method,,wcAirWing,getAirbase,void,False,False,False,False,False,False,True
371,370,0x172,?getAircraftDescriptor@ClientData@@QEBAPEBUAircraft_Descriptor@@XZ,public: struct Aircraft_Descriptor const * __cdecl ClientData::getAircraftDescriptor(void) const,method,,ClientData,getAircraftDescriptor,void,True,False,False,False,False,False,True
372,371,0x173,?getAircraftShedule@woATC@@QEAA_NIAEAVAircraftSchedule@taxiwaysDispatcher@@@Z,"public: bool __cdecl woATC::getAircraftShedule(unsigned int, class taxiwaysDispatcher::AircraftSchedule &)",method,,woATC,getAircraftShedule,"unsigned int, class taxiwaysDispatcher::AircraftSchedule &",False,False,False,False,False,False,True
373,372,0x174,?getAirdrome@wAirdrome@@SAPEAV1@I@Z,public: static class wAirdrome * __cdecl wAirdrome::getAirdrome(unsigned int),method,,wAirdrome,getAirdrome,unsigned int,False,True,False,False,False,False,True
374,373,0x175,?getAirdromeByLev4@wAirdrome@@SAPEAV1@G@Z,public: static class wAirdrome * __cdecl wAirdrome::getAirdromeByLev4(unsigned short),method,,wAirdrome,getAirdromeByLev4,unsigned short,False,True,False,False,False,False,True
375,374,0x176,?getAirdromeCount@wAirdrome@@SAIXZ,public: static unsigned int __cdecl wAirdrome::getAirdromeCount(void),method,,wAirdrome,getAirdromeCount,void,False,True,False,False,False,False,True
376,375,0x177,?getAirdromeIndex@wAirdrome@@SAHPEAV1@@Z,public: static int __cdecl wAirdrome::getAirdromeIndex(class wAirdrome *),method,,wAirdrome,getAirdromeIndex,class wAirdrome *,False,True,False,False,False,False,True
377,376,0x178,?getAirdromeName@wAirdrome@@SAAEBV?$basic_string@D@ed@@G_N@Z,"public: static class ed::basic_string<char> const & __cdecl wAirdrome::getAirdromeName(unsigned short, bool)",method,,wAirdrome,getAirdromeName,"unsigned short, bool",False,True,False,False,False,False,True
378,377,0x179,?getBriefingRoom@wcAirSquadron@@QEAAPEAVIBriefingRoom@@XZ,public: class IBriefingRoom * __cdecl wcAirSquadron::getBriefingRoom(void),method,,wcAirSquadron,getBriefingRoom,void,False,False,False,False,False,False,True
379,378,0x17A,?getBubbleState@woATC@@EEAAHH@Z,private: virtual int __cdecl woATC::getBubbleState(int),method,,woATC,getBubbleState,int,False,False,True,False,False,False,True
380,379,0x17B,?getCarrierRunwayStartNum@woATC@@QEAAHI@Z,public: int __cdecl woATC::getCarrierRunwayStartNum(unsigned int),method,,woATC,getCarrierRunwayStartNum,unsigned int,False,False,False,False,False,False,True
381,380,0x17C,?getCatapultShuttlePos@woATC@@UEBA?AVVec3f@osg@@HM@Z,"public: virtual class osg::Vec3f __cdecl woATC::getCatapultShuttlePos(int, float) const",method,,woATC,getCatapultShuttlePos,"int, float",True,False,True,False,False,False,True
382,381,0x17D,?getClient@woATC@@IEAAAEAUClientData@@I@Z,protected: struct ClientData & __cdecl woATC::getClient(unsigned int),method,,woATC,getClient,unsigned int,False,False,False,False,False,False,True
383,382,0x17E,?getClient@woATC@@QEBA_NIAEAUClientData@@@Z,"public: bool __cdecl woATC::getClient(unsigned int, struct ClientData &) const",method,,woATC,getClient,"unsigned int, struct ClientData &",True,False,False,False,False,False,True
384,383,0x17F,?getClientLandingNumber@woATC@@QEAAHI@Z,public: int __cdecl woATC::getClientLandingNumber(unsigned int),method,,woATC,getClientLandingNumber,unsigned int,False,False,False,False,False,False,True
385,384,0x180,?getClientRunwayPosition@woATC@@AEAA?AW4ClientRunwayPosition@1@AEBUClientData@@AEA_NAEAY01H@Z,"private: enum woATC::ClientRunwayPosition __cdecl woATC::getClientRunwayPosition(struct ClientData const &, bool &, int (&)[2])",method,,woATC,getClientRunwayPosition,"struct ClientData const &, bool &, int (&)[2]",False,False,False,False,False,False,True
386,385,0x181,?getClientRunwayPosition@woATC@@QEAA?AW4ClientRunwayPosition@1@IAEA_NAEAY01H@Z,"public: enum woATC::ClientRunwayPosition __cdecl woATC::getClientRunwayPosition(unsigned int, bool &, int (&)[2])",method,,woATC,getClientRunwayPosition,"unsigned int, bool &, int (&)[2]",False,False,False,False,False,False,True
387,386,0x182,?getClientVelocity@woATC@@IEBA?AVVec3f@osg@@AEBUClientData@@@Z,protected: class osg::Vec3f __cdecl woATC::getClientVelocity(struct ClientData const &) const,method,,woATC,getClientVelocity,struct ClientData const &,True,False,False,False,False,False,True
388,387,0x183,?getClients@woATC@@QEBAAEBV?$map@IUClientData@@U?$less@I@std@@V?$allocator@U?$pair@$$CBIUClientData@@@std@@@ed@@@std@@XZ,"public: class std::map<unsigned int, struct ClientData, struct std::less<unsigned int>, class ed::allocator<struct std::pair<unsigned int const, struct ClientData>>> const & __cdecl woATC::getClients(void) const",method,,woATC,getClients,void,True,False,False,False,False,False,True
389,388,0x184,?getCommander@wcAirSquadron@@QEAAPEAVwcAirSquadronPilot@@XZ,public: class wcAirSquadronPilot * __cdecl wcAirSquadron::getCommander(void),method,,wcAirSquadron,getCommander,void,False,False,False,False,False,False,True
390,389,0x185,?getCommunicator@wAirbase@@UEAAPEAVwCommunicator@@XZ,public: virtual class wCommunicator * __cdecl wAirbase::getCommunicator(void),method,,wAirbase,getCommunicator,void,False,False,True,False,False,False,True
391,390,0x186,?getConfig@wAirdrome@@SAPEAUlua_State@@XZ,public: static struct lua_State * __cdecl wAirdrome::getConfig(void),method,,wAirdrome,getConfig,void,False,True,False,False,False,False,True
392,391,0x187,?getCurrentAircraftPoR@woATC@@QEAA_NIAEAUPointOnRoad@edterrain@@@Z,"public: bool __cdecl woATC::getCurrentAircraftPoR(unsigned int, struct edterrain::PointOnRoad &)",method,,woATC,getCurrentAircraftPoR,"unsigned int, struct edterrain::PointOnRoad &",False,False,False,False,False,False,True
393,392,0x188,?getCurrentClientHookToEye@woATC@@QEAAMXZ,public: float __cdecl woATC::getCurrentClientHookToEye(void),method,,woATC,getCurrentClientHookToEye,void,False,False,False,False,False,False,True
394,393,0x189,?getCurrentLandPlaceID@ClientData@@QEBAIXZ,public: unsigned int __cdecl ClientData::getCurrentLandPlaceID(void) const,method,,ClientData,getCurrentLandPlaceID,void,True,False,False,False,False,False,True
395,394,0x18A,?getDefaultCameraPosition@wAirdrome@@QEBA?AV?$wPosition3@M@@XZ,public: class wPosition3<float> __cdecl wAirdrome::getDefaultCameraPosition(void) const,method,,wAirdrome,getDefaultCameraPosition,void,True,False,False,False,False,False,True
396,395,0x18B,?getDeniedStartRoads@wAirdrome@@QEAAXAEBV?$wPosition3@M@@HAEAV?$vector@HV?$allocator@H@ed@@@ed@@@Z,"public: void __cdecl wAirdrome::getDeniedStartRoads(class wPosition3<float> const &, int, class ed::vector<int, class ed::allocator<int>> &)",method,,wAirdrome,getDeniedStartRoads,"class wPosition3<float> const &, int, class ed::vector<int, class ed::allocator<int>> &",False,False,False,False,False,False,True
397,396,0x18C,?getDispatcherTower@wAirbase@@UEBA_NAEAVVec3f@osg@@@Z,public: virtual bool __cdecl wAirbase::getDispatcherTower(class osg::Vec3f &) const,method,,wAirbase,getDispatcherTower,class osg::Vec3f &,True,False,True,False,False,False,True
398,397,0x18D,?getDisplayName@wAirdrome@@QEBAAEBV?$basic_string@D@ed@@XZ,public: class ed::basic_string<char> const & __cdecl wAirdrome::getDisplayName(void) const,method,,wAirdrome,getDisplayName,void,True,False,False,False,False,False,True
399,398,0x18E,?getDistToAircraftRunwayRemain@woATC@@QEAAMI@Z,public: float __cdecl woATC::getDistToAircraftRunwayRemain(unsigned int),method,,woATC,getDistToAircraftRunwayRemain,unsigned int,False,False,False,False,False,False,True
400,399,0x18F,?getEAT@MarshalClientData@@QEBAHXZ,public: int __cdecl MarshalClientData::getEAT(void) const,method,,MarshalClientData,getEAT,void,True,False,False,False,False,False,True
401,400,0x190,?getElevatorByClientID@woATC@@AEAAPEAUwsAdrElevator@@I@Z,private: struct wsAdrElevator * __cdecl woATC::getElevatorByClientID(unsigned int),method,,woATC,getElevatorByClientID,unsigned int,False,False,False,False,False,False,True
402,401,0x191,?getElevatorByTerminal@woATC@@AEAAPEAUwsAdrElevator@@PEAVwsAdrTerminal@@@Z,private: struct wsAdrElevator * __cdecl woATC::getElevatorByTerminal(class wsAdrTerminal *),method,,woATC,getElevatorByTerminal,class wsAdrTerminal *,False,False,False,False,False,False,True
403,402,0x192,?getElevatorHeight@woATC@@EEAANH@Z,private: virtual double __cdecl woATC::getElevatorHeight(int),method,,woATC,getElevatorHeight,int,False,False,True,False,False,False,True
404,403,0x193,?getElevatorState@woATC@@EEAAHH@Z,private: virtual int __cdecl woATC::getElevatorState(int),method,,woATC,getElevatorState,int,False,False,True,False,False,False,True
405,404,0x194,?getFirstAliveRunWay@wAirdrome@@QEAAPEAVwoRunWay@@XZ,public: class woRunWay * __cdecl wAirdrome::getFirstAliveRunWay(void),method,,wAirdrome,getFirstAliveRunWay,void,False,False,False,False,False,False,True
406,405,0x195,?getForcedTerminalByClient_@woATC@@AEAAPEAVwsAdrTerminal@@I_N@Z,"private: class wsAdrTerminal * __cdecl woATC::getForcedTerminalByClient_(unsigned int, bool)",method,,woATC,getForcedTerminalByClient_,"unsigned int, bool",False,False,False,False,False,False,True
407,406,0x196,?getFoulDeck@woATC@@QEBA_NXZ,public: bool __cdecl woATC::getFoulDeck(void) const,method,,woATC,getFoulDeck,void,True,False,False,False,False,False,True
408,407,0x197,?getFreeCatapultsNum@woATC@@UEAAHXZ,public: virtual int __cdecl woATC::getFreeCatapultsNum(void),method,,woATC,getFreeCatapultsNum,void,False,False,True,False,False,False,True
409,408,0x198,?getFreeTerminalByClient_@woATC@@AEAAPEAVwsAdrTerminal@@AEBV?$basic_string@D@ed@@0M@Z,"private: class wsAdrTerminal * __cdecl woATC::getFreeTerminalByClient_(class ed::basic_string<char> const &, class ed::basic_string<char> const &, float)",method,,woATC,getFreeTerminalByClient_,"class ed::basic_string<char> const &, class ed::basic_string<char> const &, float",False,False,False,False,False,False,True
410,409,0x199,?getFuelResourceType@wGroundCrew@@AEBAEXZ,private: unsigned char __cdecl wGroundCrew::getFuelResourceType(void) const,method,,wGroundCrew,getFuelResourceType,void,True,False,False,False,False,False,True
411,410,0x19A,?getGlideSlopeOccupant@woATC@@QEBAIXZ,public: unsigned int __cdecl woATC::getGlideSlopeOccupant(void) const,method,,woATC,getGlideSlopeOccupant,void,True,False,False,False,False,False,True
412,411,0x19B,?getGlideSlopeOccupants@woATC@@QEBAAEBV?$set@IU?$less@I@std@@V?$allocator@I@ed@@@ed@@XZ,"public: class ed::set<unsigned int, struct std::less<unsigned int>, class ed::allocator<unsigned int>> const & __cdecl woATC::getGlideSlopeOccupants(void) const",method,,woATC,getGlideSlopeOccupants,void,True,False,False,False,False,False,True
413,412,0x19C,?getGlideslopeBA@LSO@@QEBAMXZ,public: float __cdecl LSO::getGlideslopeBA(void) const,method,,LSO,getGlideslopeBA,void,True,False,False,False,False,False,True
414,413,0x19D,?getGlideslopeBA@woATC@@QEBAMXZ,public: float __cdecl woATC::getGlideslopeBA(void) const,method,,woATC,getGlideslopeBA,void,True,False,False,False,False,False,True
415,414,0x19E,?getGroundCrewCommand@wGroundCrew@@SA?AUwGroundCrewCommand@@PEAVwMessage@@@Z,public: static struct wGroundCrewCommand __cdecl wGroundCrew::getGroundCrewCommand(class wMessage *),method,,wGroundCrew,getGroundCrewCommand,class wMessage *,False,True,False,False,False,False,True
416,415,0x19F,?getGroupRaw@ClientData@@QEBAPEAVwControl@@XZ,public: class wControl * __cdecl ClientData::getGroupRaw(void) const,method,,ClientData,getGroupRaw,void,True,False,False,False,False,False,True
417,416,0x1A0,?getGroupValidated@ClientData@@QEBAPEAVwControl@@XZ,public: class wControl * __cdecl ClientData::getGroupValidated(void) const,method,,ClientData,getGroupValidated,void,True,False,False,False,False,False,True
418,417,0x1A1,?getHookToEye@woATC@@SAMPEBUAircraft_Descriptor@@@Z,public: static float __cdecl woATC::getHookToEye(struct Aircraft_Descriptor const *),method,,woATC,getHookToEye,struct Aircraft_Descriptor const *,False,True,False,False,False,False,True
419,418,0x1A2,?getId@wAirdrome@@QEBAAEBV?$basic_string@D@ed@@XZ,public: class ed::basic_string<char> const & __cdecl wAirdrome::getId(void) const,method,,wAirdrome,getId,void,True,False,False,False,False,False,True
420,419,0x1A3,?getIlsFrequency@wAirdrome@@QEAANH@Z,public: double __cdecl wAirdrome::getIlsFrequency(int),method,,wAirdrome,getIlsFrequency,int,False,False,False,False,False,False,True
421,420,0x1A4,?getInitCoalition@woATC@@QEBA?AW4wcCoalitionName@@XZ,public: enum wcCoalitionName __cdecl woATC::getInitCoalition(void) const,method,,woATC,getInitCoalition,void,True,False,False,False,False,False,True
422,421,0x1A5,?getLA@wGroundCrew@@QEBAPEAVIwoLA@@XZ,public: class IwoLA * __cdecl wGroundCrew::getLA(void) const,method,,wGroundCrew,getLA,void,True,False,False,False,False,False,True
423,422,0x1A6,?getLA_@ClientData@@QEBAPEAVwoLABase@@XZ,public: class woLABase * __cdecl ClientData::getLA_(void) const,method,,ClientData,getLA_,void,True,False,False,False,False,False,True
424,423,0x1A7,?getLA_@MarshalClientData@@QEBAPEAVwoLABase@@XZ,public: class woLABase * __cdecl MarshalClientData::getLA_(void) const,method,,MarshalClientData,getLA_,void,True,False,False,False,False,False,True
425,424,0x1A8,?getLSOManualControlOverride@woATC@@QEAA_NXZ,public: bool __cdecl woATC::getLSOManualControlOverride(void),method,,woATC,getLSOManualControlOverride,void,False,False,False,False,False,False,True
426,425,0x1A9,?getLandingClient@woATC@@QEAA_NAEBUClientData@@AEAULandingClient@@@Z,"public: bool __cdecl woATC::getLandingClient(struct ClientData const &, struct LandingClient &)",method,,woATC,getLandingClient,"struct ClientData const &, struct LandingClient &",False,False,False,False,False,False,True
427,426,0x1AA,?getLaunchPads@wHeliport@@QEBAAEBV?$vector@PEAVlLandHeliport@@V?$allocator@PEAVlLandHeliport@@@ed@@@ed@@XZ,"public: class ed::vector<class lLandHeliport *, class ed::allocator<class lLandHeliport *>> const & __cdecl wHeliport::getLaunchPads(void) const",method,,wHeliport,getLaunchPads,void,True,False,False,False,False,False,True
428,427,0x1AB,?getLength@woRunWay@@QEAA?BMXZ,public: float const __cdecl woRunWay::getLength(void),method,,woRunWay,getLength,void,False,False,False,False,False,False,True
429,428,0x1AC,?getLocalPlayer@wcAirWing@@QEAAPEAVwcAirSquadronPilot@@XZ,public: class wcAirSquadronPilot * __cdecl wcAirWing::getLocalPlayer(void),method,,wcAirWing,getLocalPlayer,void,False,False,False,False,False,False,True
430,429,0x1AD,?getLocalPlayerAirSquadron@wcAirWing@@QEAAPEAVwcAirSquadron@@XZ,public: class wcAirSquadron * __cdecl wcAirWing::getLocalPlayerAirSquadron(void),method,,wcAirWing,getLocalPlayerAirSquadron,void,False,False,False,False,False,False,True
431,430,0x1AE,?getLuaState@wcAirWing@@SAPEAUlua_State@@XZ,public: static struct lua_State * __cdecl wcAirWing::getLuaState(void),method,,wcAirWing,getLuaState,void,False,True,False,False,False,False,True
432,431,0x1AF,?getMarshalClients@woATC@@QEBAPEBV?$map@HUMarshalStackClient@LSO@@U?$less@H@std@@V?$allocator@U?$pair@$$CBHUMarshalStackClient@LSO@@@std@@@ed@@@std@@XZ,"public: class std::map<int, struct LSO::MarshalStackClient, struct std::less<int>, class ed::allocator<struct std::pair<int const, struct LSO::MarshalStackClient>>> const * __cdecl woATC::getMarshalClients(void) const",method,,woATC,getMarshalClients,void,True,False,False,False,False,False,True
433,432,0x1B0,?getMarshalStackClient@LSO@@QEAAAEAUMarshalStackClient@1@IH@Z,"public: struct LSO::MarshalStackClient & __cdecl LSO::getMarshalStackClient(unsigned int, int)",method,,LSO,getMarshalStackClient,"unsigned int, int",False,False,False,False,False,False,True
434,433,0x1B1,?getMarshalStackClientEAT@woATC@@QEAAHI@Z,public: int __cdecl woATC::getMarshalStackClientEAT(unsigned int),method,,woATC,getMarshalStackClientEAT,unsigned int,False,False,False,False,False,False,True
435,434,0x1B2,?getMarshalStackClientassignedDistance@LSO@@QEAAMI@Z,public: float __cdecl LSO::getMarshalStackClientassignedDistance(unsigned int),method,,LSO,getMarshalStackClientassignedDistance,unsigned int,False,False,False,False,False,False,True
436,435,0x1B3,?getMarshalStackMaxDist@LSO@@QEAAMXZ,public: float __cdecl LSO::getMarshalStackMaxDist(void),method,,LSO,getMarshalStackMaxDist,void,False,False,False,False,False,False,True
437,436,0x1B4,?getMaxLength@wAirdrome@@QEAA?BMXZ,public: float const __cdecl wAirdrome::getMaxLength(void),method,,wAirdrome,getMaxLength,void,False,False,False,False,False,False,True
438,437,0x1B5,?getMaxMarshalStackDist@woATC@@QEAAMXZ,public: float __cdecl woATC::getMaxMarshalStackDist(void),method,,woATC,getMaxMarshalStackDist,void,False,False,False,False,False,False,True
439,438,0x1B6,?getMessageFromReply@wGroundCrew@@AEAA?AW4wMsg@@W4GroundCrewConditionalReply@@@Z,private: enum wMsg __cdecl wGroundCrew::getMessageFromReply(enum GroundCrewConditionalReply),method,,wGroundCrew,getMessageFromReply,enum GroundCrewConditionalReply,False,False,False,False,False,False,True
440,439,0x1B7,?getMyTerminal@woATC@@QEAAPEAVwsAdrTerminal@@PEAVMovingObject@@@Z,public: class wsAdrTerminal * __cdecl woATC::getMyTerminal(class MovingObject *),method,,woATC,getMyTerminal,class MovingObject *,False,False,False,False,False,False,True
441,440,0x1B8,?getName@wcAirWing@@QEAA?AV?$basic_string@D@ed@@XZ,public: class ed::basic_string<char> __cdecl wcAirWing::getName(void),method,,wcAirWing,getName,void,False,False,False,False,False,False,True
442,441,0x1B9,?getNearCrossroad@woATC@@QEAAHI_N@Z,"public: int __cdecl woATC::getNearCrossroad(unsigned int, bool)",method,,woATC,getNearCrossroad,"unsigned int, bool",False,False,False,False,False,False,True
443,442,0x1BA,?getNearRunwayCrossroad@woATC@@QEAAHI@Z,public: int __cdecl woATC::getNearRunwayCrossroad(unsigned int),method,,woATC,getNearRunwayCrossroad,unsigned int,False,False,False,False,False,False,True
444,443,0x1BB,?getObject@wAirbase@@EEAAPEAVMovingObject@@XZ,private: virtual class MovingObject * __cdecl wAirbase::getObject(void),method,,wAirbase,getObject,void,False,False,True,False,False,False,True
445,444,0x1BC,?getObject@wGroundCrewOwner@@UEAAPEAVMovingObject@@XZ,public: virtual class MovingObject * __cdecl wGroundCrewOwner::getObject(void),method,,wGroundCrewOwner,getObject,void,False,False,True,False,False,False,True
446,445,0x1BD,?getOrbit@wAirbase@@UEBA?AVVec3f@osg@@I@Z,public: virtual class osg::Vec3f __cdecl wAirbase::getOrbit(unsigned int) const,method,,wAirbase,getOrbit,unsigned int,True,False,True,False,False,False,True
447,446,0x1BE,?getOwner@wGroundCrew@@QEBAPEAVwGroundCrewOwner@@XZ,public: class wGroundCrewOwner * __cdecl wGroundCrew::getOwner(void) const,method,,wGroundCrew,getOwner,void,True,False,False,False,False,False,True
448,447,0x1BF,?getOwnerName@woATC@@IEBA?AV?$basic_string@D@ed@@XZ,protected: class ed::basic_string<char> __cdecl woATC::getOwnerName(void) const,method,,woATC,getOwnerName,void,True,False,False,False,False,False,True
449,448,0x1C0,?getParkingObjID@woATC@@MEAAHH@Z,protected: virtual int __cdecl woATC::getParkingObjID(int),method,,woATC,getParkingObjID,int,False,False,True,False,False,False,True
450,449,0x1C1,?getPilotByMissionID@wcAirWing@@QEAAPEAVwcAirSquadronPilot@@I@Z,public: class wcAirSquadronPilot * __cdecl wcAirWing::getPilotByMissionID(unsigned int),method,,wcAirWing,getPilotByMissionID,unsigned int,False,False,False,False,False,False,True
451,450,0x1C2,?getPilotByName@wcAirWing@@QEAAPEAVwcAirSquadronPilot@@AEBV?$basic_string@D@ed@@@Z,public: class wcAirSquadronPilot * __cdecl wcAirWing::getPilotByName(class ed::basic_string<char> const &),method,,wcAirWing,getPilotByName,class ed::basic_string<char> const &,False,False,False,False,False,False,True
452,451,0x1C3,?getPilotIndex@wcAirSquadron@@QEAAHAEBV?$basic_string@D@ed@@@Z,public: int __cdecl wcAirSquadron::getPilotIndex(class ed::basic_string<char> const &),method,,wcAirSquadron,getPilotIndex,class ed::basic_string<char> const &,False,False,False,False,False,False,True
453,452,0x1C4,?getPtr@ClientData@@QEBAPEAVwoLABase@@XZ,public: class woLABase * __cdecl ClientData::getPtr(void) const,method,,ClientData,getPtr,void,True,False,False,False,False,False,True
454,453,0x1C5,?getRWDir@woATC@@AEAAXAEAVVec3d@osg@@_N@Z,"private: void __cdecl woATC::getRWDir(class osg::Vec3d &, bool)",method,,woATC,getRWDir,"class osg::Vec3d &, bool",False,False,False,False,False,False,True
455,454,0x1C6,?getRWDirPos@wAirdrome@@QEBA?AV?$wPosition3@M@@PEBURunwayDirection@@@Z,public: class wPosition3<float> __cdecl wAirdrome::getRWDirPos(struct RunwayDirection const *) const,method,,wAirdrome,getRWDirPos,struct RunwayDirection const *,True,False,False,False,False,False,True
456,455,0x1C7,?getRWNumber@wAirdrome@@QEBAHAEBUClientData@@@Z,public: int __cdecl wAirdrome::getRWNumber(struct ClientData const &) const,method,,wAirdrome,getRWNumber,struct ClientData const &,True,False,False,False,False,False,True
457,456,0x1C8,?getRWdir@wAirdrome@@QEBAPEBURunwayDirection@@H@Z,public: struct RunwayDirection const * __cdecl wAirdrome::getRWdir(int) const,method,,wAirdrome,getRWdir,int,True,False,False,False,False,False,True
458,457,0x1C9,?getRWdirForPurpose@wAirbase@@UEBAPEBURunwayDirection@@W4E_RWdirPurpose@1@I@Z,"public: virtual struct RunwayDirection const * __cdecl wAirbase::getRWdirForPurpose(enum wAirbase::E_RWdirPurpose, unsigned int) const",method,,wAirbase,getRWdirForPurpose,"enum wAirbase::E_RWdirPurpose, unsigned int",True,False,True,False,False,False,True
459,458,0x1CA,?getRWdirForPurpose@wAirdrome@@UEBAPEBURunwayDirection@@W4E_RWdirPurpose@wAirbase@@I@Z,"public: virtual struct RunwayDirection const * __cdecl wAirdrome::getRWdirForPurpose(enum wAirbase::E_RWdirPurpose, unsigned int) const",method,,wAirdrome,getRWdirForPurpose,"enum wAirbase::E_RWdirPurpose, unsigned int",True,False,True,False,False,False,True
460,459,0x1CB,?getRWdirForPurposeRaw@wAirdrome@@IEBAPEBURunwayDirection@@W4E_RWdirPurpose@wAirbase@@I@Z,"protected: struct RunwayDirection const * __cdecl wAirdrome::getRWdirForPurposeRaw(enum wAirbase::E_RWdirPurpose, unsigned int) const",method,,wAirdrome,getRWdirForPurposeRaw,"enum wAirbase::E_RWdirPurpose, unsigned int",True,False,False,False,False,False,True
461,460,0x1CC,?getRadioBeacons@wAirdrome@@QEAAAEAV?$vector@U?$pair@PEAVIwRadioBeacon@@H@std@@V?$allocator@U?$pair@PEAVIwRadioBeacon@@H@std@@@ed@@@ed@@XZ,"public: class ed::vector<struct std::pair<class IwRadioBeacon *, int>, class ed::allocator<struct std::pair<class IwRadioBeacon *, int>>> & __cdecl wAirdrome::getRadioBeacons(void)",method,,wAirdrome,getRadioBeacons,void,False,False,False,False,False,False,True
462,461,0x1CD,?getRadioDeviceCallback@woATC@@QEAA@XZ,public: __cdecl woATC::getRadioDeviceCallback(void),method,,woATC,getRadioDeviceCallback,void,False,False,False,False,False,False,True
463,462,0x1CE,?getRadioSilentMode@woATC@@QEAA_NXZ,public: bool __cdecl woATC::getRadioSilentMode(void),method,,woATC,getRadioSilentMode,void,False,False,False,False,False,False,True
464,463,0x1CF,?getRange@MarshalClientData@@QEBAHXZ,public: int __cdecl MarshalClientData::getRange(void) const,method,,MarshalClientData,getRange,void,True,False,False,False,False,False,True
465,464,0x1D0,?getRecoveryCASE@woATC@@QEAA?AW4RecoveryCASE@@XZ,public: enum RecoveryCASE __cdecl woATC::getRecoveryCASE(void),method,,woATC,getRecoveryCASE,void,False,False,False,False,False,False,True
466,465,0x1D1,?getRequestedFuel@wGroundCrew@@AEBAMAEBUwGroundCrewCommand@@@Z,private: float __cdecl wGroundCrew::getRequestedFuel(struct wGroundCrewCommand const &) const,method,,wGroundCrew,getRequestedFuel,struct wGroundCrewCommand const &,True,False,False,False,False,False,True
467,466,0x1D2,?getRussianName@wAirdrome@@QEBAAEBV?$basic_string@D@ed@@XZ,public: class ed::basic_string<char> const & __cdecl wAirdrome::getRussianName(void) const,method,,wAirdrome,getRussianName,void,True,False,False,False,False,False,True
468,467,0x1D3,?getShelterToggleList@wAirdrome@@QEBAPEBV?$unordered_map@I_NU?$hash@I@std@@U?$equal_to@I@2@V?$allocator@U?$pair@$$CBI_N@std@@@ed@@@std@@XZ,"public: class std::unordered_map<unsigned int, bool, struct std::hash<unsigned int>, struct std::equal_to<unsigned int>, class ed::allocator<struct std::pair<unsigned int const, bool>>> const * __cdecl wAirdrome::getShelterToggleList(void) const",method,,wAirdrome,getShelterToggleList,void,True,False,False,False,False,False,True
469,468,0x1D4,?getShieldFlag@woATC@@UEAA_NH@Z,public: virtual bool __cdecl woATC::getShieldFlag(int),method,,woATC,getShieldFlag,int,False,False,True,False,False,False,True
470,469,0x1D5,?getShipFreeTerminalForTeleport@woATC@@QEAAPEAVwsAdrTerminal@@IIAEBV?$basic_string@D@ed@@@Z,"public: class wsAdrTerminal * __cdecl woATC::getShipFreeTerminalForTeleport(unsigned int, unsigned int, class ed::basic_string<char> const &)",method,,woATC,getShipFreeTerminalForTeleport,"unsigned int, unsigned int, class ed::basic_string<char> const &",False,False,False,False,False,False,True
471,470,0x1D6,?getShipFreeTerminalsForGroupHeliSpawn@woATC@@QEAAHXZ,public: int __cdecl woATC::getShipFreeTerminalsForGroupHeliSpawn(void),method,,woATC,getShipFreeTerminalsForGroupHeliSpawn,void,False,False,False,False,False,False,True
472,471,0x1D7,?getShipFreeTerminalsForGroupSpawn@woATC@@QEAAHXZ,public: int __cdecl woATC::getShipFreeTerminalsForGroupSpawn(void),method,,woATC,getShipFreeTerminalsForGroupSpawn,void,False,False,False,False,False,False,True
473,472,0x1D8,?getShipHeliTerminalByClient@woATC@@QEAAPEBVwsAdrTerminal@@I_N@Z,"public: class wsAdrTerminal const * __cdecl woATC::getShipHeliTerminalByClient(unsigned int, bool)",method,,woATC,getShipHeliTerminalByClient,"unsigned int, bool",False,False,False,False,False,False,True
474,473,0x1D9,?getShipSpawnFreeTerminalByClient_@woATC@@AEAAPEAVwsAdrTerminal@@IIAEBV?$basic_string@D@ed@@M@Z,"private: class wsAdrTerminal * __cdecl woATC::getShipSpawnFreeTerminalByClient_(unsigned int, unsigned int, class ed::basic_string<char> const &, float)",method,,woATC,getShipSpawnFreeTerminalByClient_,"unsigned int, unsigned int, class ed::basic_string<char> const &, float",False,False,False,False,False,False,True
475,474,0x1DA,?getShipSpawnTerminalByClient_@woATC@@AEAAPEAVwsAdrTerminal@@IIAEBV?$basic_string@D@ed@@_NM@Z,"private: class wsAdrTerminal * __cdecl woATC::getShipSpawnTerminalByClient_(unsigned int, unsigned int, class ed::basic_string<char> const &, bool, float)",method,,woATC,getShipSpawnTerminalByClient_,"unsigned int, unsigned int, class ed::basic_string<char> const &, bool, float",False,False,False,False,False,False,True
476,475,0x1DB,?getShipTerminalByClient_@woATC@@AEAAPEAVwsAdrTerminal@@I_N@Z,"private: class wsAdrTerminal * __cdecl woATC::getShipTerminalByClient_(unsigned int, bool)",method,,woATC,getShipTerminalByClient_,"unsigned int, bool",False,False,False,False,False,False,True
477,476,0x1DC,?getSomeoneOnLandingGlideslope@woATC@@IEAA_NXZ,protected: bool __cdecl woATC::getSomeoneOnLandingGlideslope(void),method,,woATC,getSomeoneOnLandingGlideslope,void,False,False,False,False,False,False,True
478,477,0x1DD,?getStackAltitude@MarshalClientData@@QEBAMXZ,public: float __cdecl MarshalClientData::getStackAltitude(void) const,method,,MarshalClientData,getStackAltitude,void,True,False,False,False,False,False,True
479,478,0x1DE,?getStatus@MarshalClientData@@QEBA?AW4MarshalStatus@@XZ,public: enum MarshalStatus __cdecl MarshalClientData::getStatus(void) const,method,,MarshalClientData,getStatus,void,True,False,False,False,False,False,True
480,479,0x1DF,?getT4@woATC@@QEBA?AVVec3f@osg@@MM@Z,"public: class osg::Vec3f __cdecl woATC::getT4(float, float) const",method,,woATC,getT4,"float, float",True,False,False,False,False,False,True
481,480,0x1E0,?getT4@woATC@@QEBA?AVVec3f@osg@@XZ,public: class osg::Vec3f __cdecl woATC::getT4(void) const,method,,woATC,getT4,void,True,False,False,False,False,False,True
482,481,0x1E1,?getTacanChannel@wAirdrome@@QEAANXZ,public: double __cdecl wAirdrome::getTacanChannel(void),method,,wAirdrome,getTacanChannel,void,False,False,False,False,False,False,True
483,482,0x1E2,?getTanGlideslopeBA@LSO@@QEBAMXZ,public: float __cdecl LSO::getTanGlideslopeBA(void) const,method,,LSO,getTanGlideslopeBA,void,True,False,False,False,False,False,True
484,483,0x1E3,?getTanGlideslopeBA@woATC@@QEBAMXZ,public: float __cdecl woATC::getTanGlideslopeBA(void) const,method,,woATC,getTanGlideslopeBA,void,True,False,False,False,False,False,True
485,484,0x1E4,?getTaxiways@wAirdrome@@QEAAPEAVIRoadNetwork@edterrain@@XZ,public: class edterrain::IRoadNetwork * __cdecl wAirdrome::getTaxiways(void),method,,wAirdrome,getTaxiways,void,False,False,False,False,False,False,True
486,485,0x1E5,?getTaxiways@wAirdrome@@QEBAPEBVIRoadNetwork@edterrain@@XZ,public: class edterrain::IRoadNetwork const * __cdecl wAirdrome::getTaxiways(void) const,method,,wAirdrome,getTaxiways,void,True,False,False,False,False,False,True
487,486,0x1E6,?getTerminal@woATC@@QEAAPEAVwsAdrTerminal@@IHH@Z,"public: class wsAdrTerminal * __cdecl woATC::getTerminal(unsigned int, int, int)",method,,woATC,getTerminal,"unsigned int, int, int",False,False,False,False,False,False,True
488,487,0x1E7,?getTerminalAtElevatorNum@woATC@@AEAAHI@Z,private: int __cdecl woATC::getTerminalAtElevatorNum(unsigned int),method,,woATC,getTerminalAtElevatorNum,unsigned int,False,False,False,False,False,False,True
489,488,0x1E8,?getTerminalByClient@wAirbase@@UEAAHI_N@Z,"public: virtual int __cdecl wAirbase::getTerminalByClient(unsigned int, bool)",method,,wAirbase,getTerminalByClient,"unsigned int, bool",False,False,True,False,False,False,True
490,489,0x1E9,?getTerminalByClient@woATC@@QEAAHI_N@Z,"public: int __cdecl woATC::getTerminalByClient(unsigned int, bool)",method,,woATC,getTerminalByClient,"unsigned int, bool",False,False,False,False,False,False,True
491,490,0x1EA,?getTerminalByClientPoint_@woATC@@AEAAPEAVwsAdrTerminal@@IAEBVVec3d@osg@@@Z,"private: class wsAdrTerminal * __cdecl woATC::getTerminalByClientPoint_(unsigned int, class osg::Vec3d const &)",method,,woATC,getTerminalByClientPoint_,"unsigned int, class osg::Vec3d const &",False,False,False,False,False,False,True
492,491,0x1EB,?getTerminalByClient_@woATC@@AEAAPEAVwsAdrTerminal@@AEBV?$basic_string@D@ed@@0_NM@Z,"private: class wsAdrTerminal * __cdecl woATC::getTerminalByClient_(class ed::basic_string<char> const &, class ed::basic_string<char> const &, bool, float)",method,,woATC,getTerminalByClient_,"class ed::basic_string<char> const &, class ed::basic_string<char> const &, bool, float",False,False,False,False,False,False,True
493,492,0x1EC,?getTerminalByClient_@woATC@@AEAAPEAVwsAdrTerminal@@IAEBV?$basic_string@D@ed@@_N@Z,"private: class wsAdrTerminal * __cdecl woATC::getTerminalByClient_(unsigned int, class ed::basic_string<char> const &, bool)",method,,woATC,getTerminalByClient_,"unsigned int, class ed::basic_string<char> const &, bool",False,False,False,False,False,False,True
494,493,0x1ED,?getTerminalByClient_@woATC@@AEAAPEAVwsAdrTerminal@@I_N@Z,"private: class wsAdrTerminal * __cdecl woATC::getTerminalByClient_(unsigned int, bool)",method,,woATC,getTerminalByClient_,"unsigned int, bool",False,False,False,False,False,False,True
495,494,0x1EE,?getTerminalByCrossName@woATC@@AEBAPEAVwsAdrTerminal@@AEBV?$basic_string@D@ed@@H@Z,"private: class wsAdrTerminal * __cdecl woATC::getTerminalByCrossName(class ed::basic_string<char> const &, int) const",method,,woATC,getTerminalByCrossName,"class ed::basic_string<char> const &, int",True,False,False,False,False,False,True
496,495,0x1EF,?getTerminalByIndexOrID@woATC@@AEBAPEAVwsAdrTerminal@@HAEBV?$basic_string@D@ed@@H@Z,"private: class wsAdrTerminal * __cdecl woATC::getTerminalByIndexOrID(int, class ed::basic_string<char> const &, int) const",method,,woATC,getTerminalByIndexOrID,"int, class ed::basic_string<char> const &, int",True,False,False,False,False,False,True
497,496,0x1F0,?getTerminalByTermIndex_0@woATC@@AEBAPEAVwsAdrTerminal@@H@Z,private: class wsAdrTerminal * __cdecl woATC::getTerminalByTermIndex_0(int) const,method,,woATC,getTerminalByTermIndex_0,int,True,False,False,False,False,False,True
498,497,0x1F1,?getTerminalByTermIndex_@woATC@@AEBAPEAVwsAdrTerminal@@H@Z,private: class wsAdrTerminal * __cdecl woATC::getTerminalByTermIndex_(int) const,method,,woATC,getTerminalByTermIndex_,int,True,False,False,False,False,False,True
499,498,0x1F2,?getTerminalList@woATC@@QEAAAEBV?$list@PEAVwsAdrTerminal@@V?$allocator@PEAVwsAdrTerminal@@@ed@@@ed@@XZ,"public: class ed::list<class wsAdrTerminal *, class ed::allocator<class wsAdrTerminal *>> const & __cdecl woATC::getTerminalList(void)",method,,woATC,getTerminalList,void,False,False,False,False,False,False,True
500,499,0x1F3,?getTerminalWOLA@woATC@@QEAAHH@Z,public: int __cdecl woATC::getTerminalWOLA(int),method,,woATC,getTerminalWOLA,int,False,False,False,False,False,False,True
501,500,0x1F4,?getTime_Dest@woATC@@QEBANXZ,public: double __cdecl woATC::getTime_Dest(void) const,method,,woATC,getTime_Dest,void,True,False,False,False,False,False,True
502,501,0x1F5,?getTraitWeightL@wAirdrome@@IEBANW4TraitsIdx@@H@Z,"protected: double __cdecl wAirdrome::getTraitWeightL(enum TraitsIdx, int) const",method,,wAirdrome,getTraitWeightL,"enum TraitsIdx, int",True,False,False,False,False,False,True
503,502,0x1F6,?getTraitWeightT@wAirdrome@@IEBANW4TraitsIdx@@H@Z,"protected: double __cdecl wAirdrome::getTraitWeightT(enum TraitsIdx, int) const",method,,wAirdrome,getTraitWeightT,"enum TraitsIdx, int",True,False,False,False,False,False,True
504,503,0x1F7,?getTrendCoalition@wAirbase@@UEBA?AV?$tuple@HW4wcCoalitionName@@W4TrendChanhed@wAirbase@@@std@@XZ,"public: virtual class std::tuple<int, enum wcCoalitionName, enum wAirbase::TrendChanhed> __cdecl wAirbase::getTrendCoalition(void) const",method,,wAirbase,getTrendCoalition,void,True,False,True,False,False,False,True
505,504,0x1F8,?getTrendCoalitionState@wAirbase@@UEBA?AUTrendInitState@@XZ,public: virtual struct TrendInitState __cdecl wAirbase::getTrendCoalitionState(void) const,method,,wAirbase,getTrendCoalitionState,void,True,False,True,False,False,False,True
506,505,0x1F9,?getUseLAWidth@woATC@@SA_NXZ,public: static bool __cdecl woATC::getUseLAWidth(void),method,,woATC,getUseLAWidth,void,False,True,False,False,False,False,True
507,506,0x1FA,?getVelocity@ClientData@@QEBAAEBVVec3f@osg@@XZ,public: class osg::Vec3f const & __cdecl ClientData::getVelocity(void) const,method,,ClientData,getVelocity,void,True,False,False,False,False,False,True
508,507,0x1FB,?getWarehouse@wGroundCrewOwner@@QEAAPEAVIwWarehouse@@XZ,public: class IwWarehouse * __cdecl wGroundCrewOwner::getWarehouse(void),method,,wGroundCrewOwner,getWarehouse,void,False,False,False,False,False,False,True
509,508,0x1FC,?getWarehouse@wGroundCrewOwner@@QEBAPEBVIwWarehouse@@XZ,public: class IwWarehouse const * __cdecl wGroundCrewOwner::getWarehouse(void) const,method,,wGroundCrewOwner,getWarehouse,void,True,False,False,False,False,False,True
510,509,0x1FD,?getWaveOffLights@woATC@@UEBAMXZ,public: virtual float __cdecl woATC::getWaveOffLights(void) const,method,,woATC,getWaveOffLights,void,True,False,True,False,False,False,True
511,510,0x1FE,?get_Elevator_Height@woATC@@QEAANI@Z,public: double __cdecl woATC::get_Elevator_Height(unsigned int),method,,woATC,get_Elevator_Height,unsigned int,False,False,False,False,False,False,True
512,511,0x1FF,?get_ICAO_Code@wAirdrome@@QEBAAEBV?$basic_string@D@ed@@XZ,public: class ed::basic_string<char> const & __cdecl wAirdrome::get_ICAO_Code(void) const,method,,wAirdrome,get_ICAO_Code,void,True,False,False,False,False,False,True
513,512,0x200,?get_LA@wCarrierCrew@@UEAAAEBV?$cPointerTemplate@VwoLABase@@@@XZ,public: virtual class cPointerTemplate<class woLABase> const & __cdecl wCarrierCrew::get_LA(void),method,,wCarrierCrew,get_LA,void,False,False,True,False,False,False,True
514,513,0x201,?get_LA_ptr@wCarrierCrew@@QEAAPEAVwoLABase@@XZ,public: class woLABase * __cdecl wCarrierCrew::get_LA_ptr(void),method,,wCarrierCrew,get_LA_ptr,void,False,False,False,False,False,False,True
515,514,0x202,?get_RW_SideOrientation@wAirdrome@@AEAAHAEBV?$basic_string@D@ed@@@Z,private: int __cdecl wAirdrome::get_RW_SideOrientation(class ed::basic_string<char> const &),method,,wAirdrome,get_RW_SideOrientation,class ed::basic_string<char> const &,False,False,False,False,False,False,True
516,515,0x203,?get_RW_data_by_name@wAirdrome@@QEAAHAEBV?$basic_string@D@ed@@@Z,public: int __cdecl wAirdrome::get_RW_data_by_name(class ed::basic_string<char> const &),method,,wAirdrome,get_RW_data_by_name,class ed::basic_string<char> const &,False,False,False,False,False,False,True
517,516,0x204,?get_acquire_order@wsBasicTerminal@@QEBAHXZ,public: int __cdecl wsBasicTerminal::get_acquire_order(void) const,method,,wsBasicTerminal,get_acquire_order,void,True,False,False,False,False,False,True
518,517,0x205,?get_acquired_miss_id@wsBasicTerminal@@QEBAAEBV?$basic_string@D@ed@@XZ,public: class ed::basic_string<char> const & __cdecl wsBasicTerminal::get_acquired_miss_id(void) const,method,,wsBasicTerminal,get_acquired_miss_id,void,True,False,False,False,False,False,True
519,518,0x206,?get_acquired_object@wsBasicTerminal@@QEBAPEAVwoLABase@@XZ,public: class woLABase * __cdecl wsBasicTerminal::get_acquired_object(void) const,method,,wsBasicTerminal,get_acquired_object,void,True,False,False,False,False,False,True
520,519,0x207,?get_acquired_object_miss_id@wsBasicTerminal@@QEBAPEAVwoLABase@@XZ,public: class woLABase * __cdecl wsBasicTerminal::get_acquired_object_miss_id(void) const,method,,wsBasicTerminal,get_acquired_object_miss_id,void,True,False,False,False,False,False,True
521,520,0x208,?get_carrier_crew@wGroundCrewOwner@@QEAAPEAVwCarrierCrew@@H@Z,public: class wCarrierCrew * __cdecl wGroundCrewOwner::get_carrier_crew(int),method,,wGroundCrewOwner,get_carrier_crew,int,False,False,False,False,False,False,True
522,521,0x209,?get_carrier_crew_config_hash@wGroundCrewOwner@@QEAAIXZ,public: unsigned int __cdecl wGroundCrewOwner::get_carrier_crew_config_hash(void),method,,wGroundCrewOwner,get_carrier_crew_config_hash,void,False,False,False,False,False,False,True
523,522,0x20A,?get_character_env@wGroundCrewOwner@@QEAAPEAVCharacterEnvironment@AnimatorLogic@@XZ,public: class AnimatorLogic::CharacterEnvironment * __cdecl wGroundCrewOwner::get_character_env(void),method,,wGroundCrewOwner,get_character_env,void,False,False,False,False,False,False,True
524,523,0x20B,?get_client_id@wsBasicTerminal@@QEBAIXZ,public: unsigned int __cdecl wsBasicTerminal::get_client_id(void) const,method,,wsBasicTerminal,get_client_id,void,True,False,False,False,False,False,True
525,524,0x20C,?get_crews_count@wGroundCrewOwner@@QEBAEXZ,public: unsigned char __cdecl wGroundCrewOwner::get_crews_count(void) const,method,,wGroundCrewOwner,get_crews_count,void,True,False,False,False,False,False,True
526,525,0x20D,?get_current_task@wGroundCrew@@QEBA?AUwGroundCrewCommand@@XZ,public: struct wGroundCrewCommand __cdecl wGroundCrew::get_current_task(void) const,method,,wGroundCrew,get_current_task,void,True,False,False,False,False,False,True
527,526,0x20E,?get_ground_crew@wGroundCrewOwner@@QEBAPEAVwGroundCrew@@PEAVIwoLA@@@Z,public: class wGroundCrew * __cdecl wGroundCrewOwner::get_ground_crew(class IwoLA *) const,method,,wGroundCrewOwner,get_ground_crew,class IwoLA *,True,False,False,False,False,False,True
528,527,0x20F,?get_gui_mutex@wGroundCrewOwner@@QEAA?AVmutex@ed@@XZ,public: class ed::mutex __cdecl wGroundCrewOwner::get_gui_mutex(void),method,,wGroundCrewOwner,get_gui_mutex,void,False,False,False,False,False,False,True
529,528,0x210,?get_hbb_mount_point_animation_offset@wCarrierCrew@@QEAA?AVVec3f@osg@@XZ,public: class osg::Vec3f __cdecl wCarrierCrew::get_hbb_mount_point_animation_offset(void),method,,wCarrierCrew,get_hbb_mount_point_animation_offset,void,False,False,False,False,False,False,True
530,529,0x211,?get_hbb_mount_point_animation_position@wCarrierCrew@@QEAA?AV?$wPosition3@M@@MAEAV2@@Z,"public: class wPosition3<float> __cdecl wCarrierCrew::get_hbb_mount_point_animation_position(float, class wPosition3<float> &)",method,,wCarrierCrew,get_hbb_mount_point_animation_position,"float, class wPosition3<float> &",False,False,False,False,False,False,True
531,530,0x212,?get_la_gear_in_box@wCarrierCrew@@QEAA_NPEAVwoLABase@@AEBV?$BoundingBoxImpl@VVec3f@osg@@@osg@@PEAV?$wPosition3@M@@@Z,"public: bool __cdecl wCarrierCrew::get_la_gear_in_box(class woLABase *, class osg::BoundingBoxImpl<class osg::Vec3f> const &, class wPosition3<float> *)",method,,wCarrierCrew,get_la_gear_in_box,"class woLABase *, class osg::BoundingBoxImpl<class osg::Vec3f> const &, class wPosition3<float> *",False,False,False,False,False,False,True
532,531,0x213,?get_la_id@wCarrierCrew@@QEAAIXZ,public: unsigned int __cdecl wCarrierCrew::get_la_id(void),method,,wCarrierCrew,get_la_id,void,False,False,False,False,False,False,True
533,532,0x214,?get_param_value@wAirdrome@@UEAAMI@Z,public: virtual float __cdecl wAirdrome::get_param_value(unsigned int),method,,wAirdrome,get_param_value,unsigned int,False,False,True,False,False,False,True
534,533,0x215,?get_parent_as_airdrome@woATC@@AEAAPEAVwAirdrome@@XZ,private: class wAirdrome * __cdecl woATC::get_parent_as_airdrome(void),method,,woATC,get_parent_as_airdrome,void,False,False,False,False,False,False,True
535,534,0x216,?get_parent_as_airdrome@woATC@@AEBAPEBVwAirdrome@@XZ,private: class wAirdrome const * __cdecl woATC::get_parent_as_airdrome(void) const,method,,woATC,get_parent_as_airdrome,void,True,False,False,False,False,False,True
536,535,0x217,?get_point_of_serviceable_object@wGroundCrew@@QEBA?AVVec3d@osg@@XZ,public: class osg::Vec3d __cdecl wGroundCrew::get_point_of_serviceable_object(void) const,method,,wGroundCrew,get_point_of_serviceable_object,void,True,False,False,False,False,False,True
537,536,0x218,?get_point_of_serviceable_object@wGroundCrew@@SA?AVVec3d@osg@@PEBVMovingObject@@0@Z,"public: static class osg::Vec3d __cdecl wGroundCrew::get_point_of_serviceable_object(class MovingObject const *, class MovingObject const *)",method,,wGroundCrew,get_point_of_serviceable_object,"class MovingObject const *, class MovingObject const *",False,True,False,False,False,False,True
538,537,0x219,?get_queue_size@wGroundCrew@@QEBAHXZ,public: int __cdecl wGroundCrew::get_queue_size(void) const,method,,wGroundCrew,get_queue_size,void,True,False,False,False,False,False,True
539,538,0x21A,?get_reference_points@wHeliport@@QEBAXAEAV?$vector@VVec3d@osg@@V?$allocator@VVec3d@osg@@@ed@@@ed@@@Z,"public: void __cdecl wHeliport::get_reference_points(class ed::vector<class osg::Vec3d, class ed::allocator<class osg::Vec3d>> &) const",method,,wHeliport,get_reference_points,"class ed::vector<class osg::Vec3d, class ed::allocator<class osg::Vec3d>> &",True,False,False,False,False,False,True
540,539,0x21B,?get_resource_name@wGroundCrew@@AEBAIW4GroundCrewCommandType@@@Z,private: unsigned int __cdecl wGroundCrew::get_resource_name(enum GroundCrewCommandType) const,method,,wGroundCrew,get_resource_name,enum GroundCrewCommandType,True,False,False,False,False,False,True
541,540,0x21C,?get_runway_params@wCarrierCrew@@QEAA?AV?$tuple@VVec3f@osg@@V12@@std@@XZ,"public: class std::tuple<class osg::Vec3f, class osg::Vec3f> __cdecl wCarrierCrew::get_runway_params(void)",method,,wCarrierCrew,get_runway_params,void,False,False,False,False,False,False,True
542,541,0x21D,?get_runway_params@wCarrierCrew@@QEAAXAEAVVec3f@osg@@0@Z,"public: void __cdecl wCarrierCrew::get_runway_params(class osg::Vec3f &, class osg::Vec3f &)",method,,wCarrierCrew,get_runway_params,"class osg::Vec3f &, class osg::Vec3f &",False,False,False,False,False,False,True
543,542,0x21E,?get_runway_start@wCarrierCrew@@QEAA_NXZ,public: bool __cdecl wCarrierCrew::get_runway_start(void),method,,wCarrierCrew,get_runway_start,void,False,False,False,False,False,False,True
544,543,0x21F,?get_start_box@wCarrierCrew@@QEAAAEBV?$BoundingBoxImpl@VVec3f@osg@@@osg@@XZ,public: class osg::BoundingBoxImpl<class osg::Vec3f> const & __cdecl wCarrierCrew::get_start_box(void),method,,wCarrierCrew,get_start_box,void,False,False,False,False,False,False,True
545,544,0x220,?get_takeoff_carrier_crew@wGroundCrewOwner@@QEAAPEAVwTakeoffCrew@@XZ,public: class wTakeoffCrew * __cdecl wGroundCrewOwner::get_takeoff_carrier_crew(void),method,,wGroundCrewOwner,get_takeoff_carrier_crew,void,False,False,False,False,False,False,True
546,545,0x221,?get_type_of_acquired@wsBasicTerminal@@QEBAAEBV?$basic_string@D@ed@@XZ,public: class ed::basic_string<char> const & __cdecl wsBasicTerminal::get_type_of_acquired(void) const,method,,wsBasicTerminal,get_type_of_acquired,void,True,False,False,False,False,False,True
547,546,0x222,?gui@wCarrierCrew@@UEAAXXZ,public: virtual void __cdecl wCarrierCrew::gui(void),method,,wCarrierCrew,gui,void,False,False,True,False,False,False,True
548,547,0x223,?hasClientWaveOffStatus@woATC@@QEBA_NI@Z,public: bool __cdecl woATC::hasClientWaveOffStatus(unsigned int) const,method,,woATC,hasClientWaveOffStatus,unsigned int,True,False,False,False,False,False,True
549,548,0x224,?haveFreeTerminalForClient@woATC@@QEAA_NAEBV?$basic_string@D@ed@@0@Z,"public: bool __cdecl woATC::haveFreeTerminalForClient(class ed::basic_string<char> const &, class ed::basic_string<char> const &)",method,,woATC,haveFreeTerminalForClient,"class ed::basic_string<char> const &, class ed::basic_string<char> const &",False,False,False,False,False,False,True
550,549,0x225,?haveFreeTerminalForClient@woATC@@QEAA_NXZ,public: bool __cdecl woATC::haveFreeTerminalForClient(void),method,,woATC,haveFreeTerminalForClient,void,False,False,False,False,False,False,True
551,550,0x226,?helli_birth_clients_sum@woATC@@AEBAHXZ,private: int __cdecl woATC::helli_birth_clients_sum(void) const,method,,woATC,helli_birth_clients_sum,void,True,False,False,False,False,False,True
552,551,0x227,?helperIsRWpurposeLanding@wAirdrome@@IEBA_NH@Z,protected: bool __cdecl wAirdrome::helperIsRWpurposeLanding(int) const,method,,wAirdrome,helperIsRWpurposeLanding,int,True,False,False,False,False,False,True
553,552,0x228,?helperIsRWpurposeTakeoff@wAirdrome@@IEBA_NH@Z,protected: bool __cdecl wAirdrome::helperIsRWpurposeTakeoff(int) const,method,,wAirdrome,helperIsRWpurposeTakeoff,int,True,False,False,False,False,False,True
554,553,0x229,?init@ClientData@@QEAAXI@Z,public: void __cdecl ClientData::init(unsigned int),method,,ClientData,init,unsigned int,False,False,False,False,False,False,True
555,554,0x22A,?init@MarshalClientData@@QEAAXI@Z,public: void __cdecl MarshalClientData::init(unsigned int),method,,MarshalClientData,init,unsigned int,False,False,False,False,False,False,True
556,555,0x22B,?init@wCarrierCrew@@UEAAXAEAVConfig@Lua@@@Z,public: virtual void __cdecl wCarrierCrew::init(class Lua::Config &),method,,wCarrierCrew,init,class Lua::Config &,False,False,True,False,False,False,True
557,556,0x22C,?initClientStatus@woATC@@IEAAXIAEBUClientInitState@@@Z,"protected: void __cdecl woATC::initClientStatus(unsigned int, struct ClientInitState const &)",method,,woATC,initClientStatus,"unsigned int, struct ClientInitState const &",False,False,False,False,False,False,True
558,557,0x22D,?initCommunicator@woATC@@IEAAXHN@Z,"protected: void __cdecl woATC::initCommunicator(int, double)",method,,woATC,initCommunicator,"int, double",False,False,False,False,False,False,True
559,558,0x22E,?initNavaids@wAirdrome@@SAXXZ,public: static void __cdecl wAirdrome::initNavaids(void),method,,wAirdrome,initNavaids,void,False,True,False,False,False,False,True
560,559,0x22F,?initResourceRequirements@woATC@@SAXXZ,public: static void __cdecl woATC::initResourceRequirements(void),method,,woATC,initResourceRequirements,void,False,True,False,False,False,False,True
561,560,0x230,?initStaticTraits@wAirdrome@@IEAAXXZ,protected: void __cdecl wAirdrome::initStaticTraits(void),method,,wAirdrome,initStaticTraits,void,False,False,False,False,False,False,True
562,561,0x231,?initialize_HAI_terms@woATC@@IEAAXXZ,protected: void __cdecl woATC::initialize_HAI_terms(void),method,,woATC,initialize_HAI_terms,void,False,False,False,False,False,False,True
563,562,0x232,?initialize_ship_terms@woATC@@IEAAXXZ,protected: void __cdecl woATC::initialize_ship_terms(void),method,,woATC,initialize_ship_terms,void,False,False,False,False,False,False,True
564,563,0x233,?initialized@AirdromesRadioSetup@@2_NA,public: static bool AirdromesRadioSetup::initialized,symbol,,,,,False,False,False,False,False,False,True
565,564,0x234,?ioMailStream@@YAXAEAVStream@Mail@@AEAV?$map@IHU?$less@I@std@@V?$allocator@U?$pair@$$CBIH@std@@@ed@@@std@@@Z,"void __cdecl ioMailStream(class Mail::Stream &, class std::map<unsigned int, int, struct std::less<unsigned int>, class ed::allocator<struct std::pair<unsigned int const, int>>> &)",function,,,ioMailStream,"class Mail::Stream &, class std::map<unsigned int, int, struct std::less<unsigned int>, class ed::allocator<struct std::pair<unsigned int const, int>>> &",False,False,False,False,False,False,True
566,565,0x235,?isAbandoned@wAirdrome@@QEBA_NXZ,public: bool __cdecl wAirdrome::isAbandoned(void) const,method,,wAirdrome,isAbandoned,void,True,False,False,False,False,False,True
567,566,0x236,?isAdrTermObstructedFor@woATC@@IEBA_NPEAVwsAdrTerminal@@AEBV?$basic_string@D@ed@@1M@Z,"protected: bool __cdecl woATC::isAdrTermObstructedFor(class wsAdrTerminal *, class ed::basic_string<char> const &, class ed::basic_string<char> const &, float) const",method,,woATC,isAdrTermObstructedFor,"class wsAdrTerminal *, class ed::basic_string<char> const &, class ed::basic_string<char> const &, float",True,False,False,False,False,False,True
568,567,0x237,?isAdrTermObstructedFor@woATC@@IEBA_NPEAVwsAdrTerminal@@PEAVwoLABase@@@Z,"protected: bool __cdecl woATC::isAdrTermObstructedFor(class wsAdrTerminal *, class woLABase *) const",method,,woATC,isAdrTermObstructedFor,"class wsAdrTerminal *, class woLABase *",True,False,False,False,False,False,True
569,568,0x238,?isAdrTermObstructedForDynamicAirdromeSpawn@woATC@@IEBA_NPEAVwsAdrTerminal@@AEBV?$basic_string@D@ed@@1M@Z,"protected: bool __cdecl woATC::isAdrTermObstructedForDynamicAirdromeSpawn(class wsAdrTerminal *, class ed::basic_string<char> const &, class ed::basic_string<char> const &, float) const",method,,woATC,isAdrTermObstructedForDynamicAirdromeSpawn,"class wsAdrTerminal *, class ed::basic_string<char> const &, class ed::basic_string<char> const &, float",True,False,False,False,False,False,True
570,569,0x239,?isAirdromeRadarValid@wAirdrome@@QEAA_NXZ,public: bool __cdecl wAirdrome::isAirdromeRadarValid(void),method,,wAirdrome,isAirdromeRadarValid,void,False,False,False,False,False,False,True
571,570,0x23A,?isCatapultShuttleOnStartPosition@woATC@@UEAA_NH@Z,public: virtual bool __cdecl woATC::isCatapultShuttleOnStartPosition(int),method,,woATC,isCatapultShuttleOnStartPosition,int,False,False,True,False,False,False,True
572,571,0x23B,?isClientAtElevator@woATC@@AEAA_NI@Z,private: bool __cdecl woATC::isClientAtElevator(unsigned int),method,,woATC,isClientAtElevator,unsigned int,False,False,False,False,False,False,True
573,572,0x23C,?isClientLanding@woATC@@QEAA_NI@Z,public: bool __cdecl woATC::isClientLanding(unsigned int),method,,woATC,isClientLanding,unsigned int,False,False,False,False,False,False,True
574,573,0x23D,?isCrossingBlocker@woATC@@SA_NW4ClientStatus@@@Z,public: static bool __cdecl woATC::isCrossingBlocker(enum ClientStatus),method,,woATC,isCrossingBlocker,enum ClientStatus,False,True,False,False,False,False,True
575,574,0x23E,?isCrossingRunway@wAirdrome@@QEAA_NPEBURunwayDirection@@AEBVVec3f@osg@@1@Z,"public: bool __cdecl wAirdrome::isCrossingRunway(struct RunwayDirection const *, class osg::Vec3f const &, class osg::Vec3f const &)",method,,wAirdrome,isCrossingRunway,"struct RunwayDirection const *, class osg::Vec3f const &, class osg::Vec3f const &",False,False,False,False,False,False,True
576,575,0x23F,?isDead@ClientData@@QEBA_NXZ,public: bool __cdecl ClientData::isDead(void) const,method,,ClientData,isDead,void,True,False,False,False,False,False,True
577,576,0x240,?isEnablePointTakeOff@woATC@@AEBA_NPEBVwsAdrTerminal@@AEBV?$basic_string@D@ed@@@Z,"private: bool __cdecl woATC::isEnablePointTakeOff(class wsAdrTerminal const *, class ed::basic_string<char> const &) const",method,,woATC,isEnablePointTakeOff,"class wsAdrTerminal const *, class ed::basic_string<char> const &",True,False,False,False,False,False,True
578,577,0x241,?isEngineStarted@ClientData@@QEBA_NXZ,public: bool __cdecl ClientData::isEngineStarted(void) const,method,,ClientData,isEngineStarted,void,True,False,False,False,False,False,True
579,578,0x242,?isLocalPlayer@wcAirSquadronPilot@@QEAA_NXZ,public: bool __cdecl wcAirSquadronPilot::isLocalPlayer(void),method,,wcAirSquadronPilot,isLocalPlayer,void,False,False,False,False,False,False,True
580,579,0x243,?isMessageLegible@wGroundCrew@@UEAA_NAEBV?$Ptr@VwMessage@@UDefaultDeleter@ed@@@ed@@_N@Z,"public: virtual bool __cdecl wGroundCrew::isMessageLegible(class ed::Ptr<class wMessage, struct ed::DefaultDeleter> const &, bool)",method,,wGroundCrew,isMessageLegible,"class ed::Ptr<class wMessage, struct ed::DefaultDeleter> const &, bool",False,False,True,False,False,False,True
581,580,0x244,?isMilitary@wAirdrome@@QEBA_NXZ,public: bool __cdecl wAirdrome::isMilitary(void) const,method,,wAirdrome,isMilitary,void,True,False,False,False,False,False,True
582,581,0x245,?isNeedToRecalculateTaxiways@woATC@@SA_NW4ClientStatus@@@Z,public: static bool __cdecl woATC::isNeedToRecalculateTaxiways(enum ClientStatus),method,,woATC,isNeedToRecalculateTaxiways,enum ClientStatus,False,True,False,False,False,False,True
583,582,0x246,?isNumberedRunwayFree@wAirdrome@@QEAA_NH@Z,public: bool __cdecl wAirdrome::isNumberedRunwayFree(int),method,,wAirdrome,isNumberedRunwayFree,int,False,False,False,False,False,False,True
584,583,0x247,?isPointObstructedFor@woATC@@IEBA_NAEBVVec3f@osg@@PEAVwoLABase@@@Z,"protected: bool __cdecl woATC::isPointObstructedFor(class osg::Vec3f const &, class woLABase *) const",method,,woATC,isPointObstructedFor,"class osg::Vec3f const &, class woLABase *",True,False,False,False,False,False,True
585,584,0x248,?isPointObstructedFor@woATC@@IEBA_NPEBVwsAdrTerminal@@PEAVwoLABase@@@Z,"protected: bool __cdecl woATC::isPointObstructedFor(class wsAdrTerminal const *, class woLABase *) const",method,,woATC,isPointObstructedFor,"class wsAdrTerminal const *, class woLABase *",True,False,False,False,False,False,True
586,585,0x249,?isPointTakeOffAirbase@woATC@@AEBA_NPEAVwsAdrTerminal@@@Z,private: bool __cdecl woATC::isPointTakeOffAirbase(class wsAdrTerminal *) const,method,,woATC,isPointTakeOffAirbase,class wsAdrTerminal *,True,False,False,False,False,False,True
587,586,0x24A,?isRunWayDamaged@woATC@@QEBA_NXZ,public: bool __cdecl woATC::isRunWayDamaged(void) const,method,,woATC,isRunWayDamaged,void,True,False,False,False,False,False,True
588,587,0x24B,?isRunWayOpen@wAirbase@@UEBA_NXZ,public: virtual bool __cdecl wAirbase::isRunWayOpen(void) const,method,,wAirbase,isRunWayOpen,void,True,False,True,False,False,False,True
589,588,0x24C,?isRunWayOpen@wAirdrome@@UEBA_NXZ,public: virtual bool __cdecl wAirdrome::isRunWayOpen(void) const,method,,wAirdrome,isRunWayOpen,void,True,False,True,False,False,False,True
590,589,0x24D,?isRunWayOpen@wHeliport@@UEBA_NXZ,public: virtual bool __cdecl wHeliport::isRunWayOpen(void) const,method,,wHeliport,isRunWayOpen,void,True,False,True,False,False,False,True
591,590,0x24E,?isRunWayOpen@woATC@@QEBA_NXZ,public: bool __cdecl woATC::isRunWayOpen(void) const,method,,woATC,isRunWayOpen,void,True,False,False,False,False,False,True
592,591,0x24F,?isRunWayOpen@woRunWay@@QEAA_NXZ,public: bool __cdecl woRunWay::isRunWayOpen(void),method,,woRunWay,isRunWayOpen,void,False,False,False,False,False,False,True
593,592,0x250,?isRunwayFree@wAirdrome@@QEAA_NP6A_NPEAVviObject@@PEAVviSearch@@PEAX@Z2I@Z,"public: bool __cdecl wAirdrome::isRunwayFree(bool (__cdecl *)(class viObject *, class viSearch *, void *), void *, unsigned int)",method,,wAirdrome,isRunwayFree,"bool (__cdecl *)(class viObject *, class viSearch *, void *), void *, unsigned int",False,False,False,False,False,False,True
594,593,0x251,?isRunwayFree@woATC@@IEBA_NXZ,protected: bool __cdecl woATC::isRunwayFree(void) const,method,,woATC,isRunwayFree,void,True,False,False,False,False,False,True
595,594,0x252,?isRunwayFreeFor@woATC@@IEBA_NAEBUClientData@@@Z,protected: bool __cdecl woATC::isRunwayFreeFor(struct ClientData const &) const,method,,woATC,isRunwayFreeFor,struct ClientData const &,True,False,False,False,False,False,True
596,595,0x253,?isShipRunwayFree@woATC@@AEBA_NPEAVwoLABase@@IM@Z,"private: bool __cdecl woATC::isShipRunwayFree(class woLABase *, unsigned int, float) const",method,,woATC,isShipRunwayFree,"class woLABase *, unsigned int, float",True,False,False,False,False,False,True
597,596,0x254,?isSomeoneRunwayCrossing@woATC@@QEAA_NAEAY01H@Z,public: bool __cdecl woATC::isSomeoneRunwayCrossing(int (&)[2]),method,,woATC,isSomeoneRunwayCrossing,int (&)[2],False,False,False,False,False,False,True
598,597,0x255,?isSquadronCommander@wcAirSquadronPilot@@QEAA_NXZ,public: bool __cdecl wcAirSquadronPilot::isSquadronCommander(void),method,,wcAirSquadronPilot,isSquadronCommander,void,False,False,False,False,False,False,True
599,598,0x256,?isTaxiToTakeoffPermit@woATC@@QEBA_NI@Z,public: bool __cdecl woATC::isTaxiToTakeoffPermit(unsigned int) const,method,,woATC,isTaxiToTakeoffPermit,unsigned int,True,False,False,False,False,False,True
600,599,0x257,?isTermValidForObject@woATC@@IEBA_NPEAVwsAdrTerminal@@PEAVwoLABase@@@Z,"protected: bool __cdecl woATC::isTermValidForObject(class wsAdrTerminal *, class woLABase *) const",method,,woATC,isTermValidForObject,"class wsAdrTerminal *, class woLABase *",True,False,False,False,False,False,True
601,600,0x258,?isTerminalNotSuitableByWeight@woATC@@AEBA_NHAEBV?$basic_string@D@ed@@M@Z,"private: bool __cdecl woATC::isTerminalNotSuitableByWeight(int, class ed::basic_string<char> const &, float) const",method,,woATC,isTerminalNotSuitableByWeight,"int, class ed::basic_string<char> const &, float",True,False,False,False,False,False,True
602,601,0x259,?is_acquired_by@wsBasicTerminal@@QEBA_NAEBV?$basic_string@D@ed@@@Z,public: bool __cdecl wsBasicTerminal::is_acquired_by(class ed::basic_string<char> const &) const,method,,wsBasicTerminal,is_acquired_by,class ed::basic_string<char> const &,True,False,False,False,False,False,True
603,602,0x25A,?is_acquired_by@wsBasicTerminal@@QEBA_NI@Z,public: bool __cdecl wsBasicTerminal::is_acquired_by(unsigned int) const,method,,wsBasicTerminal,is_acquired_by,unsigned int,True,False,False,False,False,False,True
604,603,0x25B,?is_busy@wGroundCrew@@AEBA_NXZ,private: bool __cdecl wGroundCrew::is_busy(void) const,method,,wGroundCrew,is_busy,void,True,False,False,False,False,False,True
605,604,0x25C,?is_connected@wGroundCrew@@QEBA_NXZ,public: bool __cdecl wGroundCrew::is_connected(void) const,method,,wGroundCrew,is_connected,void,True,False,False,False,False,False,True
606,605,0x25D,?is_free@wsBasicTerminal@@QEBA_NXZ,public: bool __cdecl wsBasicTerminal::is_free(void) const,method,,wsBasicTerminal,is_free,void,True,False,False,False,False,False,True
607,606,0x25E,?is_free_for_me@wsBasicTerminal@@QEBA_NAEBV?$basic_string@D@ed@@@Z,public: bool __cdecl wsBasicTerminal::is_free_for_me(class ed::basic_string<char> const &) const,method,,wsBasicTerminal,is_free_for_me,class ed::basic_string<char> const &,True,False,False,False,False,False,True
608,607,0x25F,?is_free_for_me@wsBasicTerminal@@QEBA_NI@Z,public: bool __cdecl wsBasicTerminal::is_free_for_me(unsigned int) const,method,,wsBasicTerminal,is_free_for_me,unsigned int,True,False,False,False,False,False,True
609,608,0x260,?is_operational@wGroundCrewOwner@@UEBA_NXZ,public: virtual bool __cdecl wGroundCrewOwner::is_operational(void) const,method,,wGroundCrewOwner,is_operational,void,True,False,True,False,False,False,True
610,609,0x261,?kill@ClientData@@QEAAXXZ,public: void __cdecl ClientData::kill(void),method,,ClientData,kill,void,False,False,False,False,False,False,True
611,610,0x262,?load@ATCAirdromeParams@ResourceProvider@woATC@@UEAAXAEAVConfig@Lua@@@Z,public: virtual void __cdecl woATC::ResourceProvider::ATCAirdromeParams::load(class Lua::Config &),method,woATC::ResourceProvider,ATCAirdromeParams,load,class Lua::Config &,False,False,True,False,False,False,True
612,611,0x263,?load@ATCCommonParams@ResourceProvider@woATC@@UEAAXAEAVConfig@Lua@@@Z,public: virtual void __cdecl woATC::ResourceProvider::ATCCommonParams::load(class Lua::Config &),method,woATC::ResourceProvider,ATCCommonParams,load,class Lua::Config &,False,False,True,False,False,False,True
613,612,0x264,?load@Params@ResourceProvider@wGroundCrewOwner@@UEAAXAEAVConfig@Lua@@@Z,public: virtual void __cdecl wGroundCrewOwner::ResourceProvider::Params::load(class Lua::Config &),method,wGroundCrewOwner::ResourceProvider,Params,load,class Lua::Config &,False,False,True,False,False,False,True
614,613,0x265,?load@Params@ResourceProvider@wHeliport@@UEAAXAEAVConfig@Lua@@@Z,public: virtual void __cdecl wHeliport::ResourceProvider::Params::load(class Lua::Config &),method,wHeliport::ResourceProvider,Params,load,class Lua::Config &,False,False,True,False,False,False,True
615,614,0x266,?loadStations@AirdromesRadioSetup@@SAXXZ,public: static void __cdecl AirdromesRadioSetup::loadStations(void),method,,AirdromesRadioSetup,loadStations,void,False,True,False,False,False,False,True
616,615,0x267,?load_maintenance_duration_@Params@ResourceProvider@wGroundCrewOwner@@QEAAXXZ,public: void __cdecl wGroundCrewOwner::ResourceProvider::Params::load_maintenance_duration_(void),method,wGroundCrewOwner::ResourceProvider,Params,load_maintenance_duration_,void,False,False,False,False,False,False,True
617,616,0x268,?lockByACLS@ACLS@@QEAAXI@Z,public: void __cdecl ACLS::lockByACLS(unsigned int),method,,ACLS,lockByACLS,unsigned int,False,False,False,False,False,False,True
618,617,0x269,?marshalStackClientParams@woATC@@QEAA_NIAEAHAEAM1@Z,"public: bool __cdecl woATC::marshalStackClientParams(unsigned int, int &, float &, float &)",method,,woATC,marshalStackClientParams,"unsigned int, int &, float &, float &",False,False,False,False,False,False,True
619,618,0x26A,?marshalStackFreeClient@LSO@@QEAAXI@Z,public: void __cdecl LSO::marshalStackFreeClient(unsigned int),method,,LSO,marshalStackFreeClient,unsigned int,False,False,False,False,False,False,True
620,619,0x26B,?nearestServiceableAirbase@@YAPEAVwAirbase@@AEBVVec3d@osg@@W4wcCoalitionName@@@Z,"class wAirbase * __cdecl nearestServiceableAirbase(class osg::Vec3d const &, enum wcCoalitionName)",function,,,nearestServiceableAirbase,"class osg::Vec3d const &, enum wcCoalitionName",False,False,False,False,False,False,True
621,620,0x26C,?netGetCreate@wAirbase@@UEBA_NAEAVMessage@Mail@@@Z,public: virtual bool __cdecl wAirbase::netGetCreate(class Mail::Message &) const,method,,wAirbase,netGetCreate,class Mail::Message &,True,False,True,False,False,False,True
622,621,0x26D,?netGetCreate@woATC@@UEBA_NAEAVMessage@Mail@@@Z,public: virtual bool __cdecl woATC::netGetCreate(class Mail::Message &) const,method,,woATC,netGetCreate,class Mail::Message &,True,False,True,False,False,False,True
623,622,0x26E,?netGetHost@wAirdrome@@UEBAHXZ,public: virtual int __cdecl wAirdrome::netGetHost(void) const,method,,wAirdrome,netGetHost,void,True,False,True,False,False,False,True
624,623,0x26F,?netInitTrendCoalition@wAirbase@@IEAAXUTrendInitState@@@Z,protected: void __cdecl wAirbase::netInitTrendCoalition(struct TrendInitState),method,,wAirbase,netInitTrendCoalition,struct TrendInitState,False,False,False,False,False,False,True
625,624,0x270,?netSendCreate@wAirbase@@QEAAXE@Z,public: void __cdecl wAirbase::netSendCreate(unsigned char),method,,wAirbase,netSendCreate,unsigned char,False,False,False,False,False,False,True
626,625,0x271,?next_command@wGroundCrew@@AEAAXXZ,private: void __cdecl wGroundCrew::next_command(void),method,,wGroundCrew,next_command,void,False,False,False,False,False,False,True
627,626,0x272,?notificateError@LSO@@QEAAXV?$basic_string@D@ed@@MMM@Z,"public: void __cdecl LSO::notificateError(class ed::basic_string<char>, float, float, float)",method,,LSO,notificateError,"class ed::basic_string<char>, float, float, float",False,False,False,False,False,False,True
628,627,0x273,?notify_connect@wGroundCrew@@QEAAXXZ,public: void __cdecl wGroundCrew::notify_connect(void),method,,wGroundCrew,notify_connect,void,False,False,False,False,False,False,True
629,628,0x274,?notify_deck_crew@wGroundCrew@@AEAAX_N@Z,private: void __cdecl wGroundCrew::notify_deck_crew(bool),method,,wGroundCrew,notify_deck_crew,bool,False,False,False,False,False,False,True
630,629,0x275,?notify_disconnect@wGroundCrew@@QEAAXXZ,public: void __cdecl wGroundCrew::notify_disconnect(void),method,,wGroundCrew,notify_disconnect,void,False,False,False,False,False,False,True
631,630,0x276,?notify_move@wGroundCrew@@QEAAXXZ,public: void __cdecl wGroundCrew::notify_move(void),method,,wGroundCrew,notify_move,void,False,False,False,False,False,False,True
632,631,0x277,?notify_rearm_refuel@wTakeoffCrew@@QEAAXW4REARM_REFUEL_STATUS@@_N@Z,"public: void __cdecl wTakeoffCrew::notify_rearm_refuel(enum REARM_REFUEL_STATUS, bool)",method,,wTakeoffCrew,notify_rearm_refuel,"enum REARM_REFUEL_STATUS, bool",False,False,False,False,False,False,True
633,632,0x278,?notify_rearm_refuel_btn_cancel@wTakeoffCrew@@QEAAXXZ,public: void __cdecl wTakeoffCrew::notify_rearm_refuel_btn_cancel(void),method,,wTakeoffCrew,notify_rearm_refuel_btn_cancel,void,False,False,False,False,False,False,True
634,633,0x279,?object_is_junk@@YA_NAEAVISceneObject@@@Z,bool __cdecl object_is_junk(class ISceneObject &),function,,,object_is_junk,class ISceneObject &,False,False,False,False,False,False,True
635,634,0x27A,?obtainDistToRW@woATC@@IEAAXPEAVwsAdrTerminal@@@Z,protected: void __cdecl woATC::obtainDistToRW(class wsAdrTerminal *),method,,woATC,obtainDistToRW,class wsAdrTerminal *,False,False,False,False,False,False,True
636,635,0x27B,?onActivityEvent@wGroundCrew@@QEAAXXZ,public: void __cdecl wGroundCrew::onActivityEvent(void),method,,wGroundCrew,onActivityEvent,void,False,False,False,False,False,False,True
637,636,0x27C,?onFirstRun@wAirdrome@@IEAAXXZ,protected: void __cdecl wAirdrome::onFirstRun(void),method,,wAirdrome,onFirstRun,void,False,False,False,False,False,False,True
638,637,0x27D,?onMessage@wAirbase@@UEAAXIW4ATCMessage@@@Z,"public: virtual void __cdecl wAirbase::onMessage(unsigned int, enum ATCMessage)",method,,wAirbase,onMessage,"unsigned int, enum ATCMessage",False,False,True,False,False,False,True
639,638,0x27E,?onMessage@wHeliport@@UEAAXIW4ATCMessage@@@Z,"public: virtual void __cdecl wHeliport::onMessage(unsigned int, enum ATCMessage)",method,,wHeliport,onMessage,"unsigned int, enum ATCMessage",False,False,True,False,False,False,True
640,639,0x27F,?onMessage@woATC@@MEAAXAEAUClientData@@W4ATCMessage@@@Z,"protected: virtual void __cdecl woATC::onMessage(struct ClientData &, enum ATCMessage)",method,,woATC,onMessage,"struct ClientData &, enum ATCMessage",False,False,True,False,False,False,True
641,640,0x280,?onMessage@woATC@@QEAAXIW4ATCMessage@@@Z,"public: void __cdecl woATC::onMessage(unsigned int, enum ATCMessage)",method,,woATC,onMessage,"unsigned int, enum ATCMessage",False,False,False,False,False,False,True
642,641,0x281,?onObjectCreate@woATC@@IEAAXI@Z,protected: void __cdecl woATC::onObjectCreate(unsigned int),method,,woATC,onObjectCreate,unsigned int,False,False,False,False,False,False,True
643,642,0x282,?onObjectDestroy@woATC@@IEAAXI@Z,protected: void __cdecl woATC::onObjectDestroy(unsigned int),method,,woATC,onObjectDestroy,unsigned int,False,False,False,False,False,False,True
644,643,0x283,?onRepairProcess@woATC@@QEBA_NXZ,public: bool __cdecl woATC::onRepairProcess(void) const,method,,woATC,onRepairProcess,void,True,False,False,False,False,False,True
645,644,0x284,?onTouchDown@LSO@@QEAAXPEAVwoLABase@@@Z,public: void __cdecl LSO::onTouchDown(class woLABase *),method,,LSO,onTouchDown,class woLABase *,False,False,False,False,False,False,True
646,645,0x285,?onTouchDown@woATC@@QEAAXPEAVwoLABase@@@Z,public: void __cdecl woATC::onTouchDown(class woLABase *),method,,woATC,onTouchDown,class woLABase *,False,False,False,False,False,False,True
647,646,0x286,?onWorldSpawnComplete@wAirbase@@MEAAXW4spawnStageCompletion@@@Z,protected: virtual void __cdecl wAirbase::onWorldSpawnComplete(enum spawnStageCompletion),method,,wAirbase,onWorldSpawnComplete,enum spawnStageCompletion,False,False,True,False,False,False,True
648,647,0x287,?onWorldSpawnComplete@wAirdrome@@MEAAXW4spawnStageCompletion@@@Z,protected: virtual void __cdecl wAirdrome::onWorldSpawnComplete(enum spawnStageCompletion),method,,wAirdrome,onWorldSpawnComplete,enum spawnStageCompletion,False,False,True,False,False,False,True
649,648,0x288,?onWorldSpawnComplete@woATC@@QEAAXXZ,public: void __cdecl woATC::onWorldSpawnComplete(void),method,,woATC,onWorldSpawnComplete,void,False,False,False,False,False,False,True
650,649,0x289,?on_activity_event@wGroundCrewOwner@@QEAAXPEAVwGroundCrewOwnerActivity@@@Z,public: void __cdecl wGroundCrewOwner::on_activity_event(class wGroundCrewOwnerActivity *),method,,wGroundCrewOwner,on_activity_event,class wGroundCrewOwnerActivity *,False,False,False,False,False,False,True
651,650,0x28A,?on_element_disable@wAirdrome@@UEAAXPEAVlSiteElement@@@Z,public: virtual void __cdecl wAirdrome::on_element_disable(class lSiteElement *),method,,wAirdrome,on_element_disable,class lSiteElement *,False,False,True,False,False,False,True
652,651,0x28B,?on_end_update@wCarrierCrew@@MEAAXM@Z,protected: virtual void __cdecl wCarrierCrew::on_end_update(float),method,,wCarrierCrew,on_end_update,float,False,False,True,False,False,False,True
653,652,0x28C,?on_resource_expenditure@wGroundCrewOwner@@UEAAMEM@Z,"public: virtual float __cdecl wGroundCrewOwner::on_resource_expenditure(unsigned char, float)",method,,wGroundCrewOwner,on_resource_expenditure,"unsigned char, float",False,False,True,False,False,False,True
654,653,0x28D,?on_send_state@wCarrierCrew@@UEAAXAEAVWriter@Mail@@E@Z,"public: virtual void __cdecl wCarrierCrew::on_send_state(class Mail::Writer &, unsigned char)",method,,wCarrierCrew,on_send_state,"class Mail::Writer &, unsigned char",False,False,True,False,False,False,True
655,654,0x28E,?on_sync@wCarrierCrew@@UEAAXAEAVReader@Mail@@@Z,public: virtual void __cdecl wCarrierCrew::on_sync(class Mail::Reader &),method,,wCarrierCrew,on_sync,class Mail::Reader &,False,False,True,False,False,False,True
656,655,0x28F,?on_update@wCarrierCrew@@MEAAXM@Z,protected: virtual void __cdecl wCarrierCrew::on_update(float),method,,wCarrierCrew,on_update,float,False,False,True,False,False,False,True
657,656,0x290,?openTermDoor@wAirdrome@@QEAA_NPEBVwsAdrTerminal@@_N@Z,"public: bool __cdecl wAirdrome::openTermDoor(class wsAdrTerminal const *, bool)",method,,wAirdrome,openTermDoor,"class wsAdrTerminal const *, bool",False,False,False,False,False,False,True
658,657,0x291,?owner_completely_dead_or_not_exist@wsBasicTerminal@@QEBA_NXZ,public: bool __cdecl wsBasicTerminal::owner_completely_dead_or_not_exist(void) const,method,,wsBasicTerminal,owner_completely_dead_or_not_exist,void,True,False,False,False,False,False,True
659,658,0x292,?params@ResourceProvider@wGroundCrewOwner@@2UParams@12@A,public: static struct wGroundCrewOwner::ResourceProvider::Params wGroundCrewOwner::ResourceProvider::params,symbol,,,,,False,False,False,False,False,False,True
660,659,0x293,?params@ResourceProvider@wHeliport@@2UParams@12@A,public: static struct wHeliport::ResourceProvider::Params wHeliport::ResourceProvider::params,symbol,,,,,False,False,False,False,False,False,True
661,660,0x294,?pilotKillDataToLua@wcAirWing@@SAXAEBUPilotKillData@@@Z,public: static void __cdecl wcAirWing::pilotKillDataToLua(struct PilotKillData const &),method,,wcAirWing,pilotKillDataToLua,struct PilotKillData const &,False,True,False,False,False,False,True
662,661,0x295,?pilotLandingDataToLua@wcAirWing@@SAXAEBUPilotLandingData@@@Z,public: static void __cdecl wcAirWing::pilotLandingDataToLua(struct PilotLandingData const &),method,,wcAirWing,pilotLandingDataToLua,struct PilotLandingData const &,False,True,False,False,False,False,True
663,662,0x296,?playShipSound@woATC@@UEAAXAEBV?$basic_string@D@ed@@@Z,public: virtual void __cdecl woATC::playShipSound(class ed::basic_string<char> const &),method,,woATC,playShipSound,class ed::basic_string<char> const &,False,False,True,False,False,False,True
664,663,0x297,?populate_carrier_crew@wGroundCrewOwner@@UEAAXXZ,public: virtual void __cdecl wGroundCrewOwner::populate_carrier_crew(void),method,,wGroundCrewOwner,populate_carrier_crew,void,False,False,True,False,False,False,True
665,664,0x298,?populate_crew@wGroundCrew@@QEAAXXZ,public: void __cdecl wGroundCrew::populate_crew(void),method,,wGroundCrew,populate_crew,void,False,False,False,False,False,False,True
666,665,0x299,?positionCorrectionOnRogerBall@LSO@@QEAAXAEAH0@Z,"public: void __cdecl LSO::positionCorrectionOnRogerBall(int &, int &)",method,,LSO,positionCorrectionOnRogerBall,"int &, int &",False,False,False,False,False,False,True
667,666,0x29A,?procCheckCrewHash@wAirbase@@QEAAXEIAEBUInfo@Mail@@@Z,"public: void __cdecl wAirbase::procCheckCrewHash(unsigned char, unsigned int, struct Mail::Info const &)",method,,wAirbase,procCheckCrewHash,"unsigned char, unsigned int, struct Mail::Info const &",False,False,False,False,False,False,True
668,667,0x29B,?procClientMessage@wAirbase@@QEAAXIW4ATCMessage@@@Z,"public: void __cdecl wAirbase::procClientMessage(unsigned int, enum ATCMessage)",method,,wAirbase,procClientMessage,"unsigned int, enum ATCMessage",False,False,False,False,False,False,True
669,668,0x29C,?procClientMessage@woATC@@QEAAXIW4ATCMessage@@@Z,"public: void __cdecl woATC::procClientMessage(unsigned int, enum ATCMessage)",method,,woATC,procClientMessage,"unsigned int, enum ATCMessage",False,False,False,False,False,False,True
670,669,0x29D,?procCrewAssignAircraft@wAirbase@@QEAAXIE_NAEBUInfo@Mail@@@Z,"public: void __cdecl wAirbase::procCrewAssignAircraft(unsigned int, unsigned char, bool, struct Mail::Info const &)",method,,wAirbase,procCrewAssignAircraft,"unsigned int, unsigned char, bool, struct Mail::Info const &",False,False,False,False,False,False,True
671,670,0x29E,?procCrewMoveMember@wAirbase@@QEAAXEMEVVec4f@osg@@0AEBUInfo@Mail@@@Z,"public: void __cdecl wAirbase::procCrewMoveMember(unsigned char, float, unsigned char, class osg::Vec4f, class osg::Vec4f, struct Mail::Info const &)",method,,wAirbase,procCrewMoveMember,"unsigned char, float, unsigned char, class osg::Vec4f, class osg::Vec4f, struct Mail::Info const &",False,False,False,False,False,False,True
672,671,0x29F,?procCrewMoveMemberFinalPos@wAirbase@@QEAAXEEVVec4f@osg@@AEBUInfo@Mail@@@Z,"public: void __cdecl wAirbase::procCrewMoveMemberFinalPos(unsigned char, unsigned char, class osg::Vec4f, struct Mail::Info const &)",method,,wAirbase,procCrewMoveMemberFinalPos,"unsigned char, unsigned char, class osg::Vec4f, struct Mail::Info const &",False,False,False,False,False,False,True
673,672,0x2A0,?procCrewMoveMemberStopAnim@wAirbase@@QEAAXEMEAEBV?$basic_string@D@ed@@VVec2f@osg@@AEBUInfo@Mail@@@Z,"public: void __cdecl wAirbase::procCrewMoveMemberStopAnim(unsigned char, float, unsigned char, class ed::basic_string<char> const &, class osg::Vec2f, struct Mail::Info const &)",method,,wAirbase,procCrewMoveMemberStopAnim,"unsigned char, float, unsigned char, class ed::basic_string<char> const &, class osg::Vec2f, struct Mail::Info const &",False,False,False,False,False,False,True
674,673,0x2A1,?procCrewSendFullState@wAirbase@@QEAAXEAEBUInfo@Mail@@@Z,"public: void __cdecl wAirbase::procCrewSendFullState(unsigned char, struct Mail::Info const &)",method,,wAirbase,procCrewSendFullState,"unsigned char, struct Mail::Info const &",False,False,False,False,False,False,True
675,674,0x2A2,?procInitClients@woATC@@QEAAXAEBV?$map@IUClientInitState@@U?$less@I@std@@V?$allocator@U?$pair@$$CBIUClientInitState@@@std@@@ed@@@std@@@Z,"public: void __cdecl woATC::procInitClients(class std::map<unsigned int, struct ClientInitState, struct std::less<unsigned int>, class ed::allocator<struct std::pair<unsigned int const, struct ClientInitState>>> const &)",method,,woATC,procInitClients,"class std::map<unsigned int, struct ClientInitState, struct std::less<unsigned int>, class ed::allocator<struct std::pair<unsigned int const, struct ClientInitState>>> const &",False,False,False,False,False,False,True
676,675,0x2A3,?procInitStatus@wAirbase@@QEAAXAEBUAirbaseInitState@@@Z,public: void __cdecl wAirbase::procInitStatus(struct AirbaseInitState const &),method,,wAirbase,procInitStatus,struct AirbaseInitState const &,False,False,False,False,False,False,True
677,676,0x2A4,?procInitStatus@wAirdrome@@IEAAXAEBUAirdromeInitState@@@Z,protected: void __cdecl wAirdrome::procInitStatus(struct AirdromeInitState const &),method,,wAirdrome,procInitStatus,struct AirdromeInitState const &,False,False,False,False,False,False,True
678,677,0x2A5,?procInitStatus@woATC@@QEAAXAEBUAirbaseInitState@@@Z,public: void __cdecl woATC::procInitStatus(struct AirbaseInitState const &),method,,woATC,procInitStatus,struct AirbaseInitState const &,False,False,False,False,False,False,True
679,678,0x2A6,?procInitTerminals@woATC@@QEAAXAEBV?$vector@UTerminalState@@V?$allocator@UTerminalState@@@ed@@@ed@@@Z,"public: void __cdecl woATC::procInitTerminals(class ed::vector<struct TerminalState, class ed::allocator<struct TerminalState>> const &)",method,,woATC,procInitTerminals,"class ed::vector<struct TerminalState, class ed::allocator<struct TerminalState>> const &",False,False,False,False,False,False,True
680,679,0x2A7,?procLSOSync@wAirbase@@QEAAXIH_N@Z,"public: void __cdecl wAirbase::procLSOSync(unsigned int, int, bool)",method,,wAirbase,procLSOSync,"unsigned int, int, bool",False,False,False,False,False,False,True
681,680,0x2A8,?procLSOSync@woATC@@QEAAXIH_N@Z,"public: void __cdecl woATC::procLSOSync(unsigned int, int, bool)",method,,woATC,procLSOSync,"unsigned int, int, bool",False,False,False,False,False,False,True
682,681,0x2A9,?procMarshalClient@wAirbase@@QEAAXIH_N@Z,"public: void __cdecl wAirbase::procMarshalClient(unsigned int, int, bool)",method,,wAirbase,procMarshalClient,"unsigned int, int, bool",False,False,False,False,False,False,True
683,682,0x2AA,?procMarshalClient@woATC@@QEAAXI_NH@Z,"public: void __cdecl woATC::procMarshalClient(unsigned int, bool, int)",method,,woATC,procMarshalClient,"unsigned int, bool, int",False,False,False,False,False,False,True
684,683,0x2AB,?procMsgCrewClientConnect@wAirbase@@QEAAXIAEBUInfo@Mail@@@Z,"public: void __cdecl wAirbase::procMsgCrewClientConnect(unsigned int, struct Mail::Info const &)",method,,wAirbase,procMsgCrewClientConnect,"unsigned int, struct Mail::Info const &",False,False,False,False,False,False,True
685,684,0x2AC,?procMsgCrewConfigHash@wAirbase@@QEAAXIAEBUInfo@Mail@@@Z,"public: void __cdecl wAirbase::procMsgCrewConfigHash(unsigned int, struct Mail::Info const &)",method,,wAirbase,procMsgCrewConfigHash,"unsigned int, struct Mail::Info const &",False,False,False,False,False,False,True
686,685,0x2AD,?procMsgCrewNetEvent@wAirbase@@QEAAXEEEAEBUInfo@Mail@@@Z,"public: void __cdecl wAirbase::procMsgCrewNetEvent(unsigned char, unsigned char, unsigned char, struct Mail::Info const &)",method,,wAirbase,procMsgCrewNetEvent,"unsigned char, unsigned char, unsigned char, struct Mail::Info const &",False,False,False,False,False,False,True
687,686,0x2AE,?procMsgCrewRunwaySafe@wAirbase@@QEAAXEAEBUInfo@Mail@@@Z,"public: void __cdecl wAirbase::procMsgCrewRunwaySafe(unsigned char, struct Mail::Info const &)",method,,wAirbase,procMsgCrewRunwaySafe,"unsigned char, struct Mail::Info const &",False,False,False,False,False,False,True
688,687,0x2AF,?procMsgTakeoffCrewDebugStateEnable@wAirbase@@QEAAXVReader@Mail@@AEBUInfo@3@@Z,"public: void __cdecl wAirbase::procMsgTakeoffCrewDebugStateEnable(class Mail::Reader, struct Mail::Info const &)",method,,wAirbase,procMsgTakeoffCrewDebugStateEnable,"class Mail::Reader, struct Mail::Info const &",False,False,False,False,False,False,True
689,688,0x2B0,?procMsgTakeoffCrewDistRemain@wAirbase@@QEAAXIMAEBUInfo@Mail@@@Z,"public: void __cdecl wAirbase::procMsgTakeoffCrewDistRemain(unsigned int, float, struct Mail::Info const &)",method,,wAirbase,procMsgTakeoffCrewDistRemain,"unsigned int, float, struct Mail::Info const &",False,False,False,False,False,False,True
690,689,0x2B1,?procMsgTakeoffCrewMemberLocks@wAirbase@@QEAAXVReader@Mail@@AEBUInfo@3@@Z,"public: void __cdecl wAirbase::procMsgTakeoffCrewMemberLocks(class Mail::Reader, struct Mail::Info const &)",method,,wAirbase,procMsgTakeoffCrewMemberLocks,"class Mail::Reader, struct Mail::Info const &",False,False,False,False,False,False,True
691,690,0x2B2,?procMsgTakeoffCrewRearmRefuelDlgCancelBtn@wAirbase@@QEAAXAEBUInfo@Mail@@@Z,public: void __cdecl wAirbase::procMsgTakeoffCrewRearmRefuelDlgCancelBtn(struct Mail::Info const &),method,,wAirbase,procMsgTakeoffCrewRearmRefuelDlgCancelBtn,struct Mail::Info const &,False,False,False,False,False,False,True
692,691,0x2B3,?procMsgTakeoffCrewRemoveTaskLocks@wAirbase@@QEAAXEAEBUInfo@Mail@@@Z,"public: void __cdecl wAirbase::procMsgTakeoffCrewRemoveTaskLocks(unsigned char, struct Mail::Info const &)",method,,wAirbase,procMsgTakeoffCrewRemoveTaskLocks,"unsigned char, struct Mail::Info const &",False,False,False,False,False,False,True
693,692,0x2B4,?procMsgTakeoffCrewTaskState@wAirbase@@QEAAXVReader@Mail@@AEBUInfo@3@@Z,"public: void __cdecl wAirbase::procMsgTakeoffCrewTaskState(class Mail::Reader, struct Mail::Info const &)",method,,wAirbase,procMsgTakeoffCrewTaskState,"class Mail::Reader, struct Mail::Info const &",False,False,False,False,False,False,True
694,693,0x2B5,?procNetCreate@wHeliport@@KAXIAEBUheliportInitState@@@Z,"protected: static void __cdecl wHeliport::procNetCreate(unsigned int, struct heliportInitState const &)",method,,wHeliport,procNetCreate,"unsigned int, struct heliportInitState const &",False,True,False,False,False,False,True
695,694,0x2B6,?procRequestTerminalForSpawn@wAirbase@@QEAAXIIV?$basic_string@D@ed@@M@Z,"public: void __cdecl wAirbase::procRequestTerminalForSpawn(unsigned int, unsigned int, class ed::basic_string<char>, float)",method,,wAirbase,procRequestTerminalForSpawn,"unsigned int, unsigned int, class ed::basic_string<char>, float",False,False,False,False,False,False,True
696,695,0x2B7,?procRequestTerminalForSpawn@woATC@@QEAAXIIAEBV?$basic_string@D@ed@@M@Z,"public: void __cdecl woATC::procRequestTerminalForSpawn(unsigned int, unsigned int, class ed::basic_string<char> const &, float)",method,,woATC,procRequestTerminalForSpawn,"unsigned int, unsigned int, class ed::basic_string<char> const &, float",False,False,False,False,False,False,True
697,696,0x2B8,?procRunwaysStartOrder@woATC@@QEAAXAEBV?$map@IHU?$less@I@std@@V?$allocator@U?$pair@$$CBIH@std@@@ed@@@std@@@Z,"public: void __cdecl woATC::procRunwaysStartOrder(class std::map<unsigned int, int, struct std::less<unsigned int>, class ed::allocator<struct std::pair<unsigned int const, int>>> const &)",method,,woATC,procRunwaysStartOrder,"class std::map<unsigned int, int, struct std::less<unsigned int>, class ed::allocator<struct std::pair<unsigned int const, int>>> const &",False,False,False,False,False,False,True
698,697,0x2B9,?procSendRadioMessage@wAirbase@@QEAAXIW4wMsg@@@Z,"public: void __cdecl wAirbase::procSendRadioMessage(unsigned int, enum wMsg)",method,,wAirbase,procSendRadioMessage,"unsigned int, enum wMsg",False,False,False,False,False,False,True
699,698,0x2BA,?procSendRadioMessage@woATC@@QEAAXIW4wMsg@@@Z,"public: void __cdecl woATC::procSendRadioMessage(unsigned int, enum wMsg)",method,,woATC,procSendRadioMessage,"unsigned int, enum wMsg",False,False,False,False,False,False,True
700,699,0x2BB,?procSetClientStatus@wAirbase@@QEAAXIW4ClientStatus@@@Z,"public: void __cdecl wAirbase::procSetClientStatus(unsigned int, enum ClientStatus)",method,,wAirbase,procSetClientStatus,"unsigned int, enum ClientStatus",False,False,False,False,False,False,True
701,700,0x2BC,?procSetClientStatus@woATC@@QEAAXIW4ClientStatus@@@Z,"public: void __cdecl woATC::procSetClientStatus(unsigned int, enum ClientStatus)",method,,woATC,procSetClientStatus,"unsigned int, enum ClientStatus",False,False,False,False,False,False,True
702,701,0x2BD,?procSetCoalition@wAirbase@@QEAAXW4wcCoalitionName@@@Z,public: void __cdecl wAirbase::procSetCoalition(enum wcCoalitionName),method,,wAirbase,procSetCoalition,enum wcCoalitionName,False,False,False,False,False,False,True
703,702,0x2BE,?procSetInitCoalition@wAirbase@@QEAAXW4wcCoalitionName@@@Z,public: void __cdecl wAirbase::procSetInitCoalition(enum wcCoalitionName),method,,wAirbase,procSetInitCoalition,enum wcCoalitionName,False,False,False,False,False,False,True
704,703,0x2BF,?procSetProjectorsOn@wAirdrome@@IEAAX_N@Z,protected: void __cdecl wAirdrome::procSetProjectorsOn(bool),method,,wAirdrome,procSetProjectorsOn,bool,False,False,False,False,False,False,True
705,704,0x2C0,?procSetRunwayLights@wAirdrome@@IEAAXEE@Z,"protected: void __cdecl wAirdrome::procSetRunwayLights(unsigned char, unsigned char)",method,,wAirdrome,procSetRunwayLights,"unsigned char, unsigned char",False,False,False,False,False,False,True
706,705,0x2C1,?procSetTaxiwayLights@wAirdrome@@IEAAX_N@Z,protected: void __cdecl wAirdrome::procSetTaxiwayLights(bool),method,,wAirdrome,procSetTaxiwayLights,bool,False,False,False,False,False,False,True
707,706,0x2C2,?procSyncCrewMembersPos@wAirbase@@QEAAXVReader@Mail@@AEBUInfo@3@@Z,"public: void __cdecl wAirbase::procSyncCrewMembersPos(class Mail::Reader, struct Mail::Info const &)",method,,wAirbase,procSyncCrewMembersPos,"class Mail::Reader, struct Mail::Info const &",False,False,False,False,False,False,True
708,707,0x2C3,?procSyncCrewState@wAirbase@@QEAAXVReader@Mail@@AEBUInfo@3@@Z,"public: void __cdecl wAirbase::procSyncCrewState(class Mail::Reader, struct Mail::Info const &)",method,,wAirbase,procSyncCrewState,"class Mail::Reader, struct Mail::Info const &",False,False,False,False,False,False,True
709,708,0x2C4,?procSyncTakeoffCrew@wAirbase@@QEAAXVReader@Mail@@AEBUInfo@3@@Z,"public: void __cdecl wAirbase::procSyncTakeoffCrew(class Mail::Reader, struct Mail::Info const &)",method,,wAirbase,procSyncTakeoffCrew,"class Mail::Reader, struct Mail::Info const &",False,False,False,False,False,False,True
710,709,0x2C5,?procSyncTakeoffCrewAddClient@wAirbase@@QEAAXIEEAEBUInfo@Mail@@@Z,"public: void __cdecl wAirbase::procSyncTakeoffCrewAddClient(unsigned int, unsigned char, unsigned char, struct Mail::Info const &)",method,,wAirbase,procSyncTakeoffCrewAddClient,"unsigned int, unsigned char, unsigned char, struct Mail::Info const &",False,False,False,False,False,False,True
711,710,0x2C6,?procTakeoffCrewLockMember@wAirbase@@QEAAXEE_NAEBUInfo@Mail@@@Z,"public: void __cdecl wAirbase::procTakeoffCrewLockMember(unsigned char, unsigned char, bool, struct Mail::Info const &)",method,,wAirbase,procTakeoffCrewLockMember,"unsigned char, unsigned char, bool, struct Mail::Info const &",False,False,False,False,False,False,True
712,711,0x2C7,?procTakeoffCrewLockMemberReply@wAirbase@@QEAAXEEAEBUInfo@Mail@@@Z,"public: void __cdecl wAirbase::procTakeoffCrewLockMemberReply(unsigned char, unsigned char, struct Mail::Info const &)",method,,wAirbase,procTakeoffCrewLockMemberReply,"unsigned char, unsigned char, struct Mail::Info const &",False,False,False,False,False,False,True
713,712,0x2C8,?procTerminalStatus@wAirbase@@QEAAXIHH_N@Z,"public: void __cdecl wAirbase::procTerminalStatus(unsigned int, int, int, bool)",method,,wAirbase,procTerminalStatus,"unsigned int, int, int, bool",False,False,False,False,False,False,True
714,713,0x2C9,?procTerminalStatus@woATC@@QEAAXIHH_N@Z,"public: void __cdecl woATC::procTerminalStatus(unsigned int, int, int, bool)",method,,woATC,procTerminalStatus,"unsigned int, int, int, bool",False,False,False,False,False,False,True
715,714,0x2CA,?processATCLandingData@wAirbase@@UEAAXAEBUPilotLandingData@@@Z,public: virtual void __cdecl wAirbase::processATCLandingData(struct PilotLandingData const &),method,,wAirbase,processATCLandingData,struct PilotLandingData const &,False,False,True,False,False,False,True
716,715,0x2CB,?processATCLandingData@wcAirWing@@QEAAXAEBUPilotLandingData@@@Z,public: void __cdecl wcAirWing::processATCLandingData(struct PilotLandingData const &),method,,wcAirWing,processATCLandingData,struct PilotLandingData const &,False,False,False,False,False,False,True
717,716,0x2CC,?processCarrierPilotKillData@wcAirWing@@QEAAXAEBUPilotKillData@@@Z,public: void __cdecl wcAirWing::processCarrierPilotKillData(struct PilotKillData const &),method,,wcAirWing,processCarrierPilotKillData,struct PilotKillData const &,False,False,False,False,False,False,True
718,717,0x2CD,?processMessage@wGroundCrew@@EEAAXAEBV?$Ptr@VwMessage@@UDefaultDeleter@ed@@@ed@@@Z,"private: virtual void __cdecl wGroundCrew::processMessage(class ed::Ptr<class wMessage, struct ed::DefaultDeleter> const &)",method,,wGroundCrew,processMessage,"class ed::Ptr<class wMessage, struct ed::DefaultDeleter> const &",False,False,True,False,False,False,True
719,718,0x2CE,?processMessage@woATC@@UEAAXAEBV?$Ptr@VwMessage@@UDefaultDeleter@ed@@@ed@@@Z,"public: virtual void __cdecl woATC::processMessage(class ed::Ptr<class wMessage, struct ed::DefaultDeleter> const &)",method,,woATC,processMessage,"class ed::Ptr<class wMessage, struct ed::DefaultDeleter> const &",False,False,True,False,False,False,True
720,719,0x2CF,?radioDeviceCallbackPtr@wAirbase@@QEAAPEAVwMovObjRadioDeviceCallback@@XZ,public: class wMovObjRadioDeviceCallback * __cdecl wAirbase::radioDeviceCallbackPtr(void),method,,wAirbase,radioDeviceCallbackPtr,void,False,False,False,False,False,False,True
721,720,0x2D0,?raw_set_LA@wCarrierCrew@@AEAAXPEAVwoLABase@@@Z,private: void __cdecl wCarrierCrew::raw_set_LA(class woLABase *),method,,wCarrierCrew,raw_set_LA,class woLABase *,False,False,False,False,False,False,True
722,721,0x2D1,?readApproachLightsConfig@wAirdrome@@AEAAXAEAVConfig@Lua@@@Z,private: void __cdecl wAirdrome::readApproachLightsConfig(class Lua::Config &),method,,wAirdrome,readApproachLightsConfig,class Lua::Config &,False,False,False,False,False,False,True
723,722,0x2D2,?recalculateTaxiwaydata@woATC@@QEAAXAEBV?$vector@VAircraftSchedule@taxiwaysDispatcher@@V?$allocator@VAircraftSchedule@taxiwaysDispatcher@@@ed@@@ed@@AEAV23@@Z,"public: void __cdecl woATC::recalculateTaxiwaydata(class ed::vector<class taxiwaysDispatcher::AircraftSchedule, class ed::allocator<class taxiwaysDispatcher::AircraftSchedule>> const &, class ed::vector<class taxiwaysDispatcher::AircraftSchedule, class ed::allocator<class taxiwaysDispatcher::AircraftSchedule>> &)",method,,woATC,recalculateTaxiwaydata,"class ed::vector<class taxiwaysDispatcher::AircraftSchedule, class ed::allocator<class taxiwaysDispatcher::AircraftSchedule>> const &, class ed::vector<class taxiwaysDispatcher::AircraftSchedule, class ed::allocator<class taxiwaysDispatcher::AircraftSchedule>> &",False,False,False,False,False,False,True
724,723,0x2D3,?reloadActivityEvent@wGroundCrew@@QEAA_NAEBUwGroundCrewCommand@@H@Z,"public: bool __cdecl wGroundCrew::reloadActivityEvent(struct wGroundCrewCommand const &, int)",method,,wGroundCrew,reloadActivityEvent,"struct wGroundCrewCommand const &, int",False,False,False,False,False,False,True
725,724,0x2D4,?reloadActivityFinish@wGroundCrew@@QEAAXAEBUwGroundCrewCommand@@@Z,public: void __cdecl wGroundCrew::reloadActivityFinish(struct wGroundCrewCommand const &),method,,wGroundCrew,reloadActivityFinish,struct wGroundCrewCommand const &,False,False,False,False,False,False,True
726,725,0x2D5,?removeCrossingVpp@woATC@@QEAAXI@Z,public: void __cdecl woATC::removeCrossingVpp(unsigned int),method,,woATC,removeCrossingVpp,unsigned int,False,False,False,False,False,False,True
727,726,0x2D6,?remove_ground_crew@wGroundCrewOwner@@QEAAXPEAVwGroundCrew@@@Z,public: void __cdecl wGroundCrewOwner::remove_ground_crew(class wGroundCrew *),method,,wGroundCrewOwner,remove_ground_crew,class wGroundCrew *,False,False,False,False,False,False,True
728,727,0x2D7,?request_crew_permission@wCarrierCrew@@UEAA_NPEAVIwoLA@@W4GroundCrewRequest@wGroundCrew@@@Z,"public: virtual bool __cdecl wCarrierCrew::request_crew_permission(class IwoLA *, enum wGroundCrew::GroundCrewRequest)",method,,wCarrierCrew,request_crew_permission,"class IwoLA *, enum wGroundCrew::GroundCrewRequest",False,False,True,False,False,False,True
729,728,0x2D8,?request_free_catapult@wCarrierCrew@@QEAAX_N@Z,public: void __cdecl wCarrierCrew::request_free_catapult(bool),method,,wCarrierCrew,request_free_catapult,bool,False,False,False,False,False,False,True
730,729,0x2D9,?request_task@wGroundCrew@@QEAAXUwGroundCrewCommand@@@Z,public: void __cdecl wGroundCrew::request_task(struct wGroundCrewCommand),method,,wGroundCrew,request_task,struct wGroundCrewCommand,False,False,False,False,False,False,True
731,730,0x2DA,?reset@wCarrierCrew@@UEAAXXZ,public: virtual void __cdecl wCarrierCrew::reset(void),method,,wCarrierCrew,reset,void,False,False,True,False,False,False,True
732,731,0x2DB,?reset_LA@wCarrierCrew@@QEAAXXZ,public: void __cdecl wCarrierCrew::reset_LA(void),method,,wCarrierCrew,reset_LA,void,False,False,False,False,False,False,True
733,732,0x2DC,?reset_attributes@wCarrierCrew@@QEAAXXZ,public: void __cdecl wCarrierCrew::reset_attributes(void),method,,wCarrierCrew,reset_attributes,void,False,False,False,False,False,False,True
734,733,0x2DD,?reset_orders@wCarrierCrew@@QEAAXXZ,public: void __cdecl wCarrierCrew::reset_orders(void),method,,wCarrierCrew,reset_orders,void,False,False,False,False,False,False,True
735,734,0x2DE,?resourceIndependent@wHeliport@@QEBA_NXZ,public: bool __cdecl wHeliport::resourceIndependent(void) const,method,,wHeliport,resourceIndependent,void,True,False,False,False,False,False,True
736,735,0x2DF,?return_object_from_terminal_to_warehouse_and_free@woATC@@AEAAXAEAVwsBasicTerminal@@PEAVIwWarehouse@@@Z,"private: void __cdecl woATC::return_object_from_terminal_to_warehouse_and_free(class wsBasicTerminal &, class IwWarehouse *)",method,,woATC,return_object_from_terminal_to_warehouse_and_free,"class wsBasicTerminal &, class IwWarehouse *",False,False,False,False,False,False,True
737,736,0x2E0,?return_resources_to_warehouse@ClientData@@QEAAXPEAVIwWarehouse@@_N@Z,"public: void __cdecl ClientData::return_resources_to_warehouse(class IwWarehouse *, bool)",method,,ClientData,return_resources_to_warehouse,"class IwWarehouse *, bool",False,False,False,False,False,False,True
738,737,0x2E1,?savePilotKillData@wcAirWing@@QEAAXAEBUPilotKillData@@@Z,public: void __cdecl wcAirWing::savePilotKillData(struct PilotKillData const &),method,,wcAirWing,savePilotKillData,struct PilotKillData const &,False,False,False,False,False,False,True
739,738,0x2E2,?savePilotLandingData@wcAirWing@@QEAAXAEBUPilotLandingData@@@Z,public: void __cdecl wcAirWing::savePilotLandingData(struct PilotLandingData const &),method,,wcAirWing,savePilotLandingData,struct PilotLandingData const &,False,False,False,False,False,False,True
740,739,0x2E3,?sel_on_event@wcAirWing@@UEAAXAEBVEventHandle@@@Z,public: virtual void __cdecl wcAirWing::sel_on_event(class EventHandle const &),method,,wcAirWing,sel_on_event,class EventHandle const &,False,False,True,False,False,False,True
741,740,0x2E4,?sel_reset@wcAirWing@@UEAAXXZ,public: virtual void __cdecl wcAirWing::sel_reset(void),method,,wcAirWing,sel_reset,void,False,False,True,False,False,False,True
742,741,0x2E5,?sel_start@wcAirWing@@UEAAXXZ,public: virtual void __cdecl wcAirWing::sel_start(void),method,,wcAirWing,sel_start,void,False,False,True,False,False,False,True
743,742,0x2E6,?sel_stop@wcAirWing@@UEAAXXZ,public: virtual void __cdecl wcAirWing::sel_stop(void),method,,wcAirWing,sel_stop,void,False,False,True,False,False,False,True
744,743,0x2E7,?selectAndAcquireHAITerminal@woATC@@QEAAXI@Z,public: void __cdecl woATC::selectAndAcquireHAITerminal(unsigned int),method,,woATC,selectAndAcquireHAITerminal,unsigned int,False,False,False,False,False,False,True
745,744,0x2E8,?sendACLSMessage@woATC@@AEAAXIHPEBVParameter@@@Z,"private: void __cdecl woATC::sendACLSMessage(unsigned int, int, class Parameter const *)",method,,woATC,sendACLSMessage,"unsigned int, int, class Parameter const *",False,False,False,False,False,False,True
746,745,0x2E9,?sendMessage@woATC@@IEAAXW4wMsg@@PEAVMovingObject@@@Z,"protected: void __cdecl woATC::sendMessage(enum wMsg, class MovingObject *)",method,,woATC,sendMessage,"enum wMsg, class MovingObject *",False,False,False,False,False,False,True
747,746,0x2EA,?sendPilotLandingDataToAirWing@woATC@@QEAAXAEBUPilotLandingData@@@Z,public: void __cdecl woATC::sendPilotLandingDataToAirWing(struct PilotLandingData const &),method,,woATC,sendPilotLandingDataToAirWing,struct PilotLandingData const &,False,False,False,False,False,False,True
748,747,0x2EB,?sendToPatternInitStatus@wAirbase@@QEAAXAEBUAirbaseInitState@@@Z,public: void __cdecl wAirbase::sendToPatternInitStatus(struct AirbaseInitState const &),method,,wAirbase,sendToPatternInitStatus,struct AirbaseInitState const &,False,False,False,False,False,False,True
749,748,0x2EC,?send_message@ClientData@@QEAAXPEAVwoATC@@W4wMsg@@@Z,"public: void __cdecl ClientData::send_message(class woATC *, enum wMsg)",method,,ClientData,send_message,"class woATC *, enum wMsg",False,False,False,False,False,False,True
750,749,0x2ED,?setATC@woATC@@QEAAXPEAVwAirbase@@H@Z,"public: void __cdecl woATC::setATC(class wAirbase *, int)",method,,woATC,setATC,"class wAirbase *, int",False,False,False,False,False,False,True
751,750,0x2EE,?setATCComm@woATC@@QEAAXNW4wModulation@@H@Z,"public: void __cdecl woATC::setATCComm(double, enum wModulation, int)",method,,woATC,setATCComm,"double, enum wModulation, int",False,False,False,False,False,False,True
752,751,0x2EF,?setActiveBriefingRoom@wcAirWing@@QEAAXPEAVwcAirSquadron@@@Z,public: void __cdecl wcAirWing::setActiveBriefingRoom(class wcAirSquadron *),method,,wcAirWing,setActiveBriefingRoom,class wcAirSquadron *,False,False,False,False,False,False,True
753,752,0x2F0,?setAirWing@wAirbase@@QEAAXPEAVwcAirWing@@@Z,public: void __cdecl wAirbase::setAirWing(class wcAirWing *),method,,wAirbase,setAirWing,class wcAirWing *,False,False,False,False,False,False,True
754,753,0x2F1,?setAirbase@wcAirWing@@AEAAXPEAVwAirbase@@@Z,private: void __cdecl wcAirWing::setAirbase(class wAirbase *),method,,wcAirWing,setAirbase,class wAirbase *,False,False,False,False,False,False,True
755,754,0x2F2,?setBubbleCommand@woATC@@EEAAXHH@Z,"private: virtual void __cdecl woATC::setBubbleCommand(int, int)",method,,woATC,setBubbleCommand,"int, int",False,False,True,False,False,False,True
756,755,0x2F3,?setClientSpawnOnFreeTerminal@woATC@@QEAAPEBVwsAdrTerminal@@IAEBV?$basic_string@D@ed@@M@Z,"public: class wsAdrTerminal const * __cdecl woATC::setClientSpawnOnFreeTerminal(unsigned int, class ed::basic_string<char> const &, float)",method,,woATC,setClientSpawnOnFreeTerminal,"unsigned int, class ed::basic_string<char> const &, float",False,False,False,False,False,False,True
757,756,0x2F4,?setClientSpawnOnTerminal@woATC@@QEAAPEBVwsAdrTerminal@@I@Z,public: class wsAdrTerminal const * __cdecl woATC::setClientSpawnOnTerminal(unsigned int),method,,woATC,setClientSpawnOnTerminal,unsigned int,False,False,False,False,False,False,True
758,757,0x2F5,?setClientSpawnOnTerminalByPoint@woATC@@QEAAPEBVwsAdrTerminal@@IAEBVVec3f@osg@@@Z,"public: class wsAdrTerminal const * __cdecl woATC::setClientSpawnOnTerminalByPoint(unsigned int, class osg::Vec3f const &)",method,,woATC,setClientSpawnOnTerminalByPoint,"unsigned int, class osg::Vec3f const &",False,False,False,False,False,False,True
759,758,0x2F6,?setClientSpawnOnTerminalMiss@woATC@@QEAAPEBVwsAdrTerminal@@IAEBV?$basic_string@D@ed@@M@Z,"public: class wsAdrTerminal const * __cdecl woATC::setClientSpawnOnTerminalMiss(unsigned int, class ed::basic_string<char> const &, float)",method,,woATC,setClientSpawnOnTerminalMiss,"unsigned int, class ed::basic_string<char> const &, float",False,False,False,False,False,False,True
760,759,0x2F7,?setClientStatus@woATC@@MEAAXAEAUClientData@@W4ClientStatus@@W4wMsg@@@Z,"protected: virtual void __cdecl woATC::setClientStatus(struct ClientData &, enum ClientStatus, enum wMsg)",method,,woATC,setClientStatus,"struct ClientData &, enum ClientStatus, enum wMsg",False,False,True,False,False,False,True
761,760,0x2F8,?setClientStatusClient@woATC@@IEAAXAEAUClientData@@W4ClientStatus@@@Z,"protected: void __cdecl woATC::setClientStatusClient(struct ClientData &, enum ClientStatus)",method,,woATC,setClientStatusClient,"struct ClientData &, enum ClientStatus",False,False,False,False,False,False,True
762,761,0x2F9,?setClientStatusServer@woATC@@IEAAXAEAUClientData@@W4ClientStatus@@W4wMsg@@@Z,"protected: void __cdecl woATC::setClientStatusServer(struct ClientData &, enum ClientStatus, enum wMsg)",method,,woATC,setClientStatusServer,"struct ClientData &, enum ClientStatus, enum wMsg",False,False,False,False,False,False,True
763,762,0x2FA,?setCoalition@wAirbase@@UEAAXW4wcCoalitionName@@@Z,public: virtual void __cdecl wAirbase::setCoalition(enum wcCoalitionName),method,,wAirbase,setCoalition,enum wcCoalitionName,False,False,True,False,False,False,True
764,763,0x2FB,?setCoalition@wAirdrome@@UEAAXW4wcCoalitionName@@@Z,public: virtual void __cdecl wAirdrome::setCoalition(enum wcCoalitionName),method,,wAirdrome,setCoalition,enum wcCoalitionName,False,False,True,False,False,False,True
765,764,0x2FC,?setCoalition@wHeliport@@MEAAXW4wcCoalitionName@@@Z,protected: virtual void __cdecl wHeliport::setCoalition(enum wcCoalitionName),method,,wHeliport,setCoalition,enum wcCoalitionName,False,False,True,False,False,False,True
766,765,0x2FD,?setCommander@wcAirSquadron@@QEAAXPEAVwcAirSquadronPilot@@@Z,public: void __cdecl wcAirSquadron::setCommander(class wcAirSquadronPilot *),method,,wcAirSquadron,setCommander,class wcAirSquadronPilot *,False,False,False,False,False,False,True
767,766,0x2FE,?setDistToAircraftRunwayRemain@woATC@@QEAAXIM@Z,"public: void __cdecl woATC::setDistToAircraftRunwayRemain(unsigned int, float)",method,,woATC,setDistToAircraftRunwayRemain,"unsigned int, float",False,False,False,False,False,False,True
768,767,0x2FF,?setElevatorCommand@woATC@@EEAAXHH@Z,"private: virtual void __cdecl woATC::setElevatorCommand(int, int)",method,,woATC,setElevatorCommand,"int, int",False,False,True,False,False,False,True
769,768,0x300,?setGlideslopeBA@LSO@@QEAAXM@Z,public: void __cdecl LSO::setGlideslopeBA(float),method,,LSO,setGlideslopeBA,float,False,False,False,False,False,False,True
770,769,0x301,?setHeliport@wHeliport@@IEAAXAEBUwHeliportState@@@Z,protected: void __cdecl wHeliport::setHeliport(struct wHeliportState const &),method,,wHeliport,setHeliport,struct wHeliportState const &,False,False,False,False,False,False,True
771,770,0x302,?setHoverPoint@ClientData@@QEAAXXZ,public: void __cdecl ClientData::setHoverPoint(void),method,,ClientData,setHoverPoint,void,False,False,False,False,False,False,True
772,771,0x303,?setIDAirdrome@woRunWay@@QEAAXI@Z,public: void __cdecl woRunWay::setIDAirdrome(unsigned int),method,,woRunWay,setIDAirdrome,unsigned int,False,False,False,False,False,False,True
773,772,0x304,?setIFLOSCutAndWaveOffLights@woATC@@UEAAXMM@Z,"public: virtual void __cdecl woATC::setIFLOSCutAndWaveOffLights(float, float)",method,,woATC,setIFLOSCutAndWaveOffLights,"float, float",False,False,True,False,False,False,True
774,773,0x305,?setIFLOSGlideslopeAngle@woATC@@UEAAXM@Z,public: virtual void __cdecl woATC::setIFLOSGlideslopeAngle(float),method,,woATC,setIFLOSGlideslopeAngle,float,False,False,True,False,False,False,True
775,774,0x306,?setInitCoalition@wAirbase@@UEAAXW4wcCoalitionName@@@Z,public: virtual void __cdecl wAirbase::setInitCoalition(enum wcCoalitionName),method,,wAirbase,setInitCoalition,enum wcCoalitionName,False,False,True,False,False,False,True
776,775,0x307,?setInitCoalition@woATC@@QEAAXW4wcCoalitionName@@@Z,public: void __cdecl woATC::setInitCoalition(enum wcCoalitionName),method,,woATC,setInitCoalition,enum wcCoalitionName,False,False,False,False,False,False,True
777,776,0x308,?setLA@wGroundCrew@@QEAAXPEAVIwoLA@@@Z,public: void __cdecl wGroundCrew::setLA(class IwoLA *),method,,wGroundCrew,setLA,class IwoLA *,False,False,False,False,False,False,True
778,777,0x309,?setLSOManualControlOverride@woATC@@QEAAX_N@Z,public: void __cdecl woATC::setLSOManualControlOverride(bool),method,,woATC,setLSOManualControlOverride,bool,False,False,False,False,False,False,True
779,778,0x30A,?setLandingPlane@wAirbase@@UEAAXPEAVMovingObject@@@Z,public: virtual void __cdecl wAirbase::setLandingPlane(class MovingObject *),method,,wAirbase,setLandingPlane,class MovingObject *,False,False,True,False,False,False,True
780,779,0x30B,?setOwner@wGroundCrew@@QEAAXPEAVwGroundCrewOwner@@@Z,public: void __cdecl wGroundCrew::setOwner(class wGroundCrewOwner *),method,,wGroundCrew,setOwner,class wGroundCrewOwner *,False,False,False,False,False,False,True
781,780,0x30C,?setRadioSilentMode@woATC@@QEAAX_N@Z,public: void __cdecl woATC::setRadioSilentMode(bool),method,,woATC,setRadioSilentMode,bool,False,False,False,False,False,False,True
782,781,0x30D,?setRunWay@woRunWay@@QEAAXAEAV?$wPosition3@M@@MMVwsType@@@Z,"public: void __cdecl woRunWay::setRunWay(class wPosition3<float> &, float, float, class wsType)",method,,woRunWay,setRunWay,"class wPosition3<float> &, float, float, class wsType",False,False,False,False,False,False,True
783,782,0x30E,?setRunwayLights@wAirdrome@@QEAAXEE@Z,"public: void __cdecl wAirdrome::setRunwayLights(unsigned char, unsigned char)",method,,wAirdrome,setRunwayLights,"unsigned char, unsigned char",False,False,False,False,False,False,True
784,783,0x30F,?setRunwayNumberToClient@woATC@@QEAAXIH@Z,"public: void __cdecl woATC::setRunwayNumberToClient(unsigned int, int)",method,,woATC,setRunwayNumberToClient,"unsigned int, int",False,False,False,False,False,False,True
785,784,0x310,?setShelterDoor@woATC@@QEAAXPEBVwsAdrTerminal@@_N@Z,"public: void __cdecl woATC::setShelterDoor(class wsAdrTerminal const *, bool)",method,,woATC,setShelterDoor,"class wsAdrTerminal const *, bool",False,False,False,False,False,False,True
786,785,0x311,?setShieldFlag@woATC@@UEAAXH_N@Z,"public: virtual void __cdecl woATC::setShieldFlag(int, bool)",method,,woATC,setShieldFlag,"int, bool",False,False,True,False,False,False,True
787,786,0x312,?setState@wAirbase@@UEAAXE@Z,public: virtual void __cdecl wAirbase::setState(unsigned char),method,,wAirbase,setState,unsigned char,False,False,True,False,False,False,True
788,787,0x313,?setState@wAirdrome@@UEAAXE@Z,public: virtual void __cdecl wAirdrome::setState(unsigned char),method,,wAirdrome,setState,unsigned char,False,False,True,False,False,False,True
789,788,0x314,?setStatus@ClientData@@QEAAXW4ClientStatus@@@Z,public: void __cdecl ClientData::setStatus(enum ClientStatus),method,,ClientData,setStatus,enum ClientStatus,False,False,False,False,False,False,True
790,789,0x315,?setStatus@MarshalClientData@@QEAAXW4MarshalStatus@@@Z,public: void __cdecl MarshalClientData::setStatus(enum MarshalStatus),method,,MarshalClientData,setStatus,enum MarshalStatus,False,False,False,False,False,False,True
791,790,0x316,?setTime_Dest@woATC@@QEAAXN@Z,public: void __cdecl woATC::setTime_Dest(double),method,,woATC,setTime_Dest,double,False,False,False,False,False,False,True
792,791,0x317,?setTraitWeightL@wAirdrome@@IEAAXW4TraitsIdx@@HN@Z,"protected: void __cdecl wAirdrome::setTraitWeightL(enum TraitsIdx, int, double)",method,,wAirdrome,setTraitWeightL,"enum TraitsIdx, int, double",False,False,False,False,False,False,True
793,792,0x318,?setTraitWeightT@wAirdrome@@IEAAXW4TraitsIdx@@HN@Z,"protected: void __cdecl wAirdrome::setTraitWeightT(enum TraitsIdx, int, double)",method,,wAirdrome,setTraitWeightT,"enum TraitsIdx, int, double",False,False,False,False,False,False,True
794,793,0x319,?setTransmitCommNetFlags@wGroundCrew@@UEAAXI@Z,public: virtual void __cdecl wGroundCrew::setTransmitCommNetFlags(unsigned int),method,,wGroundCrew,setTransmitCommNetFlags,unsigned int,False,False,True,False,False,False,True
795,794,0x31A,?setTrendCoalition@wAirbase@@UEAAXHW4wcCoalitionName@@D@Z,"public: virtual void __cdecl wAirbase::setTrendCoalition(int, enum wcCoalitionName, char)",method,,wAirbase,setTrendCoalition,"int, enum wcCoalitionName, char",False,False,True,False,False,False,True
796,795,0x31B,?setWarehouse@wGroundCrewOwner@@QEAAXPEAVIwWarehouse@@_N@Z,"public: void __cdecl wGroundCrewOwner::setWarehouse(class IwWarehouse *, bool)",method,,wGroundCrewOwner,setWarehouse,"class IwWarehouse *, bool",False,False,False,False,False,False,True
797,796,0x31C,?set_LA@wCarrierCrew@@QEAAXPEAVwoLABase@@_N@Z,"public: void __cdecl wCarrierCrew::set_LA(class woLABase *, bool)",method,,wCarrierCrew,set_LA,"class woLABase *, bool",False,False,False,False,False,False,True
798,797,0x31D,?set_acquire_order@wsBasicTerminal@@QEAAXH@Z,public: void __cdecl wsBasicTerminal::set_acquire_order(int),method,,wsBasicTerminal,set_acquire_order,int,False,False,False,False,False,False,True
799,798,0x31E,?set_operation_allowed@wCarrierCrew@@QEAAX_N@Z,public: void __cdecl wCarrierCrew::set_operation_allowed(bool),method,,wCarrierCrew,set_operation_allowed,bool,False,False,False,False,False,False,True
800,799,0x31F,?set_runway_params@wCarrierCrew@@QEAAXAEBVVec3f@osg@@0@Z,"public: void __cdecl wCarrierCrew::set_runway_params(class osg::Vec3f const &, class osg::Vec3f const &)",method,,wCarrierCrew,set_runway_params,"class osg::Vec3f const &, class osg::Vec3f const &",False,False,False,False,False,False,True
801,800,0x320,?set_taxi_params@wCarrierCrew@@QEAAXHH@Z,"public: void __cdecl wCarrierCrew::set_taxi_params(int, int)",method,,wCarrierCrew,set_taxi_params,"int, int",False,False,False,False,False,False,True
802,801,0x321,?show_parking_menu@wTakeoffCrew@@QEAAXXZ,public: void __cdecl wTakeoffCrew::show_parking_menu(void),method,,wTakeoffCrew,show_parking_menu,void,False,False,False,False,False,False,True
803,802,0x322,?sound_get_params@wGroundCrew@@AEAAXPEAUSND_HostParams@@@Z,private: void __cdecl wGroundCrew::sound_get_params(struct SND_HostParams *),method,,wGroundCrew,sound_get_params,struct SND_HostParams *,False,False,False,False,False,False,True
804,803,0x323,?sound_init@wGroundCrew@@AEAAXXZ,private: void __cdecl wGroundCrew::sound_init(void),method,,wGroundCrew,sound_init,void,False,False,False,False,False,False,True
805,804,0x324,?sound_update@wGroundCrew@@AEAAXXZ,private: void __cdecl wGroundCrew::sound_update(void),method,,wGroundCrew,sound_update,void,False,False,False,False,False,False,True
806,805,0x325,?spawn@wAirdrome@@SAXXZ,public: static void __cdecl wAirdrome::spawn(void),method,,wAirdrome,spawn,void,False,True,False,False,False,False,True
807,806,0x326,?spawnLaunchPad@wHeliport@@SAIAEAVConfig@Lua@@W4wcCoalitionName@@H@Z,"public: static unsigned int __cdecl wHeliport::spawnLaunchPad(class Lua::Config &, enum wcCoalitionName, int)",method,,wHeliport,spawnLaunchPad,"class Lua::Config &, enum wcCoalitionName, int",False,True,False,False,False,False,True
808,807,0x327,?spawnLaunchPadGroupDone@wHeliport@@SAPEAV1@PEAUwHeliportState@@@Z,public: static class wHeliport * __cdecl wHeliport::spawnLaunchPadGroupDone(struct wHeliportState *),method,,wHeliport,spawnLaunchPadGroupDone,struct wHeliportState *,False,True,False,False,False,False,True
809,808,0x328,?spawnLaunchPadGroupStep@wHeliport@@SAPEAUwHeliportState@@AEAUspawnLaunchPadEntryData@1@@Z,public: static struct wHeliportState * __cdecl wHeliport::spawnLaunchPadGroupStep(struct wHeliport::spawnLaunchPadEntryData &),method,,wHeliport,spawnLaunchPadGroupStep,struct wHeliport::spawnLaunchPadEntryData &,False,True,False,False,False,False,True
810,809,0x329,?startMessageTransmission@wGroundCrew@@EEAA_NAEBV?$Ptr@VwMessage@@UDefaultDeleter@ed@@@ed@@AEBV?$bitset@$0CA@@std@@_N@Z,"private: virtual bool __cdecl wGroundCrew::startMessageTransmission(class ed::Ptr<class wMessage, struct ed::DefaultDeleter> const &, class std::bitset<32> const &, bool)",method,,wGroundCrew,startMessageTransmission,"class ed::Ptr<class wMessage, struct ed::DefaultDeleter> const &, class std::bitset<32> const &, bool",False,False,True,False,False,False,True
811,810,0x32A,?start_command@wGroundCrew@@AEAAXAEBUwGroundCrewCommand@@@Z,private: void __cdecl wGroundCrew::start_command(struct wGroundCrewCommand const &),method,,wGroundCrew,start_command,struct wGroundCrewCommand const &,False,False,False,False,False,False,True
812,811,0x32B,?stations@AirdromesRadioSetup@@2V?$map@V?$basic_string@D@ed@@V?$vector@UFreqDescr@AirdromesRadioSetup@@V?$allocator@UFreqDescr@AirdromesRadioSetup@@@ed@@@2@U?$less@V?$basic_string@D@ed@@@std@@V?$allocator@U?$pair@$$CBV?$basic_string@D@ed@@V?$vector@UFreqDescr@AirdromesRadioSetup@@V?$allocator@UFreqDescr@AirdromesRadioSetup@@@ed@@@2@@std@@@2@@std@@A,"public: static class std::map<class ed::basic_string<char>, class ed::vector<struct AirdromesRadioSetup::FreqDescr, class ed::allocator<struct AirdromesRadioSetup::FreqDescr>>, struct std::less<class ed::basic_string<char>>, class ed::allocator<struct std::pair<class ed::basic_string<char> const, class ed::vector<struct AirdromesRadioSetup::FreqDescr, class ed::allocator<struct AirdromesRadioSetup::FreqDescr>>>>> AirdromesRadioSetup::stations",symbol,,,,,False,False,False,False,False,False,True
813,812,0x32C,?stationsNames@AirdromesRadioSetup@@2V?$map@V?$basic_string@D@ed@@V?$map@V?$basic_string@D@ed@@UtagStationName@AirdromesRadioSetup@@U?$less@V?$basic_string@D@ed@@@std@@V?$allocator@U?$pair@$$CBV?$basic_string@D@ed@@UtagStationName@AirdromesRadioSetup@@@std@@@2@@std@@U?$less@V?$basic_string@D@ed@@@4@V?$allocator@U?$pair@$$CBV?$basic_string@D@ed@@V?$map@V?$basic_string@D@ed@@UtagStationName@AirdromesRadioSetup@@U?$less@V?$basic_string@D@ed@@@std@@V?$allocator@U?$pair@$$CBV?$basic_string@D@ed@@UtagStationName@AirdromesRadioSetup@@@std@@@2@@std@@@std@@@2@@std@@A,"public: static class std::map<class ed::basic_string<char>, class std::map<class ed::basic_string<char>, struct AirdromesRadioSetup::tagStationName, struct std::less<class ed::basic_string<char>>, class ed::allocator<struct std::pair<class ed::basic_string<char> const, struct AirdromesRadioSetup::tagStationName>>>, struct std::less<class ed::basic_string<char>>, class ed::allocator<struct std::pair<class ed::basic_string<char> const, class std::map<class ed::basic_string<char>, struct AirdromesRadioSetup::tagStationName, struct std::less<class ed::basic_string<char>>, class ed::allocator<struct std::pair<class ed::basic_string<char> const, struct AirdromesRadioSetup::tagStationName>>>>>> AirdromesRadioSetup::stationsNames",symbol,,,,,False,False,False,False,False,False,True
814,813,0x32D,?stop@wGroundCrew@@QEAAXXZ,public: void __cdecl wGroundCrew::stop(void),method,,wGroundCrew,stop,void,False,False,False,False,False,False,True
815,814,0x32E,?syncMarshalStack@LSO@@QEAAXXZ,public: void __cdecl LSO::syncMarshalStack(void),method,,LSO,syncMarshalStack,void,False,False,False,False,False,False,True
816,815,0x32F,?taxi@wCarrierCrew@@QEAA?AW4TaxiSignState@@AEBV?$wPosition3@N@@_N@Z,"public: enum TaxiSignState __cdecl wCarrierCrew::taxi(class wPosition3<double> const &, bool)",method,,wCarrierCrew,taxi,"class wPosition3<double> const &, bool",False,False,False,False,False,False,True
817,816,0x330,?teleport_aircraft@woATC@@QEAAXV?$wPosition3@N@@I@Z,"public: void __cdecl woATC::teleport_aircraft(class wPosition3<double>, unsigned int)",method,,woATC,teleport_aircraft,"class wPosition3<double>, unsigned int",False,False,False,False,False,False,True
818,817,0x331,?teleport_player@wTakeoffCrew@@QEAAXXZ,public: void __cdecl wTakeoffCrew::teleport_player(void),method,,wTakeoffCrew,teleport_player,void,False,False,False,False,False,False,True
819,818,0x332,?timeStep@ACLS@@QEAANXZ,public: double __cdecl ACLS::timeStep(void),method,,ACLS,timeStep,void,False,False,False,False,False,False,True
820,819,0x333,?timeStep@woATC@@QEAANXZ,public: double __cdecl woATC::timeStep(void),method,,woATC,timeStep,void,False,False,False,False,False,False,True
821,820,0x334,?toggle_helpers@wTakeoffCrew@@QEAAXXZ,public: void __cdecl wTakeoffCrew::toggle_helpers(void),method,,wTakeoffCrew,toggle_helpers,void,False,False,False,False,False,False,True
822,821,0x335,?toggle_messages@wTakeoffCrew@@QEAAXXZ,public: void __cdecl wTakeoffCrew::toggle_messages(void),method,,wTakeoffCrew,toggle_messages,void,False,False,False,False,False,False,True
823,822,0x336,?transmitMessage@woATC@@UEAAXAEBV?$Ptr@VwMessage@@UDefaultDeleter@ed@@@ed@@V?$bitset@$0CA@@std@@@Z,"public: virtual void __cdecl woATC::transmitMessage(class ed::Ptr<class wMessage, struct ed::DefaultDeleter> const &, class std::bitset<32>)",method,,woATC,transmitMessage,"class ed::Ptr<class wMessage, struct ed::DefaultDeleter> const &, class std::bitset<32>",False,False,True,False,False,False,True
824,823,0x337,?tryPlaceClientsInShipTerminals@woATC@@QEAA_NAEBV?$vector@IV?$allocator@I@ed@@@ed@@@Z,"public: bool __cdecl woATC::tryPlaceClientsInShipTerminals(class ed::vector<unsigned int, class ed::allocator<unsigned int>> const &)",method,,woATC,tryPlaceClientsInShipTerminals,"class ed::vector<unsigned int, class ed::allocator<unsigned int>> const &",False,False,False,False,False,False,True
825,824,0x338,?updateACLS@ACLS@@QEAAXXZ,public: void __cdecl ACLS::updateACLS(void),method,,ACLS,updateACLS,void,False,False,False,False,False,False,True
826,825,0x339,?updateCoalition@woATC@@IEAAXXZ,protected: void __cdecl woATC::updateCoalition(void),method,,woATC,updateCoalition,void,False,False,False,False,False,False,True
827,826,0x33A,?updateDynamicTraits@wAirdrome@@IEAAXXZ,protected: void __cdecl wAirdrome::updateDynamicTraits(void),method,,wAirdrome,updateDynamicTraits,void,False,False,False,False,False,False,True
828,827,0x33B,?updateLSO@LSO@@QEAAXPEAUClientData@@@Z,public: void __cdecl LSO::updateLSO(struct ClientData *),method,,LSO,updateLSO,struct ClientData *,False,False,False,False,False,False,True
829,828,0x33C,?updateNavaidActiveTrait@wAirdrome@@IEAAXHW4BeaconType@@_N@Z,"protected: void __cdecl wAirdrome::updateNavaidActiveTrait(int, enum BeaconType, bool)",method,,wAirdrome,updateNavaidActiveTrait,"int, enum BeaconType, bool",False,False,False,False,False,False,True
830,829,0x33D,?updateRWCrossingOnRW@woATC@@AEAAXAEAUClientData@@@Z,private: void __cdecl woATC::updateRWCrossingOnRW(struct ClientData &),method,,woATC,updateRWCrossingOnRW,struct ClientData &,False,False,False,False,False,False,True
831,830,0x33E,?updateTermObstructions@woATC@@IEAAXXZ,protected: void __cdecl woATC::updateTermObstructions(void),method,,woATC,updateTermObstructions,void,False,False,False,False,False,False,True
832,831,0x33F,?update_carrier_crews@wGroundCrewOwner@@IEAAXM@Z,protected: void __cdecl wGroundCrewOwner::update_carrier_crews(float),method,,wGroundCrewOwner,update_carrier_crews,float,False,False,False,False,False,False,True
833,832,0x340,?useAirSquadronKills@wcAirWing@@QEAAXAEBV?$basic_string@D@ed@@PEAVIBriefingRoom@@@Z,"public: void __cdecl wcAirWing::useAirSquadronKills(class ed::basic_string<char> const &, class IBriefingRoom *)",method,,wcAirWing,useAirSquadronKills,"class ed::basic_string<char> const &, class IBriefingRoom *",False,False,False,False,False,False,True
834,833,0x341,?useAirSquadronLandings@wcAirWing@@QEAAXAEBV?$basic_string@D@ed@@PEAVIBriefingRoom@@@Z,"public: void __cdecl wcAirWing::useAirSquadronLandings(class ed::basic_string<char> const &, class IBriefingRoom *)",method,,wcAirWing,useAirSquadronLandings,"class ed::basic_string<char> const &, class IBriefingRoom *",False,False,False,False,False,False,True
835,834,0x342,?useNewDispatcher@woATC@@QEAA_NXZ,public: bool __cdecl woATC::useNewDispatcher(void),method,,woATC,useNewDispatcher,void,False,False,False,False,False,False,True
836,835,0x343,?valid_terminal_type@woATC@@IEBA_NPEAVwsAdrTerminal@@PEBUAircraft_Descriptor@@_N@Z,"protected: bool __cdecl woATC::valid_terminal_type(class wsAdrTerminal *, struct Aircraft_Descriptor const *, bool) const",method,,woATC,valid_terminal_type,"class wsAdrTerminal *, struct Aircraft_Descriptor const *, bool",True,False,False,False,False,False,True
837,836,0x344,?version@AirdromesRadioSetup@@2HA,public: static int AirdromesRadioSetup::version,symbol,,,,,False,False,False,False,False,False,True
838,837,0x345,?wait_afterburner_state@wCarrierCrew@@QEAA_NXZ,public: bool __cdecl wCarrierCrew::wait_afterburner_state(void),method,,wCarrierCrew,wait_afterburner_state,void,False,False,False,False,False,False,True
839,838,0x346,?wait_fixed_on_catapult@wCarrierCrew@@QEAA_NXZ,public: bool __cdecl wCarrierCrew::wait_fixed_on_catapult(void),method,,wCarrierCrew,wait_fixed_on_catapult,void,False,False,False,False,False,False,True
840,839,0x347,?wait_for_objects_spawn@wsBasicTerminal@@QEAAX_N@Z,public: void __cdecl wsBasicTerminal::wait_for_objects_spawn(bool),method,,wsBasicTerminal,wait_for_objects_spawn,bool,False,False,False,False,False,False,True
