ordinal,rva,rva_hex,name,demangled,symbol_type,namespace,class_name,function_name,parameters,const,static,virtual,is_vftable,is_vbtable,is_rtti,demangle_ok
1,0,0x0,??0AmbientCube@environment@@QEAA@XZ,public: __cdecl environment::AmbientCube::AmbientCube(void),method,environment,AmbientCube,AmbientCube,void,False,False,False,False,False,False,True
2,1,0x1,??0Atmosphere@enlight@@QEAA@XZ,public: __cdecl enlight::Atmosphere::Atmosphere(void),method,enlight,Atmosphere,Atmosphere,void,False,False,False,False,False,False,True
3,2,0x2,??0AtmosphereModule@render@@QEAA@$$QEAV01@@Z,public: __cdecl render::AtmosphereModule::AtmosphereModule(class render::AtmosphereModule &&),method,render,AtmosphereModule,AtmosphereModule,class render::AtmosphereModule &&,False,False,False,False,False,False,True
4,3,0x3,??0AtmosphereModule@render@@QEAA@XZ,public: __cdecl render::AtmosphereModule::AtmosphereModule(void),method,render,AtmosphereModule,AtmosphereModule,void,False,False,False,False,False,False,True
5,4,0x4,??0AtmosphereRendererForEnvironment@enlight@@AEAA@AEAVAtmosphere@1@@Z,private: __cdecl enlight::AtmosphereRendererForEnvironment::AtmosphereRendererForEnvironment(class enlight::Atmosphere &),method,enlight,AtmosphereRendererForEnvironment,AtmosphereRendererForEnvironment,class enlight::Atmosphere &,False,False,False,False,False,False,True
6,5,0x5,??0AtmosphereWrapper@enlight@@QEAA@$$QEAV01@@Z,public: __cdecl enlight::AtmosphereWrapper::AtmosphereWrapper(class enlight::AtmosphereWrapper &&),method,enlight,AtmosphereWrapper,AtmosphereWrapper,class enlight::AtmosphereWrapper &&,False,False,False,False,False,False,True
7,6,0x6,??0AtmosphereWrapper@enlight@@QEAA@XZ,public: __cdecl enlight::AtmosphereWrapper::AtmosphereWrapper(void),method,enlight,AtmosphereWrapper,AtmosphereWrapper,void,False,False,False,False,False,False,True
8,7,0x7,??0CloudsFog@@QEAA@MM@Z,"public: __cdecl CloudsFog::CloudsFog(float, float)",method,,CloudsFog,CloudsFog,"float, float",False,False,False,False,False,False,True
9,8,0x8,??0CloudsFog@@QEAA@MMMMM@Z,"public: __cdecl CloudsFog::CloudsFog(float, float, float, float, float)",method,,CloudsFog,CloudsFog,"float, float, float, float, float",False,False,False,False,False,False,True
10,9,0x9,??0ContextBase@GraphicsCore@@QEAA@XZ,public: __cdecl GraphicsCore::ContextBase::ContextBase(void),method,GraphicsCore,ContextBase,ContextBase,void,False,False,False,False,False,False,True
11,10,0xA,??0ContextHelper@render@@QEAA@XZ,public: __cdecl render::ContextHelper::ContextHelper(void),method,render,ContextHelper,ContextHelper,void,False,False,False,False,False,False,True
12,11,0xB,??0CopyPass@render@@QEAA@$$QEAV01@@Z,public: __cdecl render::CopyPass::CopyPass(class render::CopyPass &&),method,render,CopyPass,CopyPass,class render::CopyPass &&,False,False,False,False,False,False,True
13,12,0xC,??0CopyPass@render@@QEAA@AEBV01@@Z,public: __cdecl render::CopyPass::CopyPass(class render::CopyPass const &),method,render,CopyPass,CopyPass,class render::CopyPass const &,False,False,False,False,False,False,True
14,13,0xD,??0CopyPass@render@@QEAA@XZ,public: __cdecl render::CopyPass::CopyPass(void),method,render,CopyPass,CopyPass,void,False,False,False,False,False,False,True
15,14,0xE,??0DeferredComposer@deferredShading@@QEAA@$$QEAV01@@Z,public: __cdecl deferredShading::DeferredComposer::DeferredComposer(class deferredShading::DeferredComposer &&),method,deferredShading,DeferredComposer,DeferredComposer,class deferredShading::DeferredComposer &&,False,False,False,False,False,False,True
16,15,0xF,??0DeferredComposer@deferredShading@@QEAA@XZ,public: __cdecl deferredShading::DeferredComposer::DeferredComposer(void),method,deferredShading,DeferredComposer,DeferredComposer,void,False,False,False,False,False,False,True
17,16,0x10,??0DeferredShadingModule@render@@QEAA@AEBV01@@Z,public: __cdecl render::DeferredShadingModule::DeferredShadingModule(class render::DeferredShadingModule const &),method,render,DeferredShadingModule,DeferredShadingModule,class render::DeferredShadingModule const &,False,False,False,False,False,False,True
18,17,0x11,??0DeferredShadingModule@render@@QEAA@XZ,public: __cdecl render::DeferredShadingModule::DeferredShadingModule(void),method,render,DeferredShadingModule,DeferredShadingModule,void,False,False,False,False,False,False,True
19,18,0x12,??0DepthResolver@deferredShading@@QEAA@$$QEAV01@@Z,public: __cdecl deferredShading::DepthResolver::DepthResolver(class deferredShading::DepthResolver &&),method,deferredShading,DepthResolver,DepthResolver,class deferredShading::DepthResolver &&,False,False,False,False,False,False,True
20,19,0x13,??0DepthResolver@deferredShading@@QEAA@AEBV01@@Z,public: __cdecl deferredShading::DepthResolver::DepthResolver(class deferredShading::DepthResolver const &),method,deferredShading,DepthResolver,DepthResolver,class deferredShading::DepthResolver const &,False,False,False,False,False,False,True
21,20,0x14,??0DepthResolver@deferredShading@@QEAA@XZ,public: __cdecl deferredShading::DepthResolver::DepthResolver(void),method,deferredShading,DepthResolver,DepthResolver,void,False,False,False,False,False,False,True
22,21,0x15,??0DepthResolverModule@render@@QEAA@$$QEAV01@@Z,public: __cdecl render::DepthResolverModule::DepthResolverModule(class render::DepthResolverModule &&),method,render,DepthResolverModule,DepthResolverModule,class render::DepthResolverModule &&,False,False,False,False,False,False,True
23,22,0x16,??0DepthResolverModule@render@@QEAA@AEBV01@@Z,public: __cdecl render::DepthResolverModule::DepthResolverModule(class render::DepthResolverModule const &),method,render,DepthResolverModule,DepthResolverModule,class render::DepthResolverModule const &,False,False,False,False,False,False,True
24,23,0x17,??0DepthResolverModule@render@@QEAA@XZ,public: __cdecl render::DepthResolverModule::DepthResolverModule(void),method,render,DepthResolverModule,DepthResolverModule,void,False,False,False,False,False,False,True
25,24,0x18,??0EnvironmentCubeTarget@environment@@QEAA@VRenderGraphTexture@render@@@Z,public: __cdecl environment::EnvironmentCubeTarget::EnvironmentCubeTarget(class render::RenderGraphTexture),method,environment,EnvironmentCubeTarget,EnvironmentCubeTarget,class render::RenderGraphTexture,False,False,False,False,False,False,True
26,25,0x19,??0FLIRparams@@QEAA@XZ,public: __cdecl FLIRparams::FLIRparams(void),method,,FLIRparams,FLIRparams,void,False,False,False,False,False,False,True
27,26,0x1A,??0GPUDebugRendererModule@render@@QEAA@XZ,public: __cdecl render::GPUDebugRendererModule::GPUDebugRendererModule(void),method,render,GPUDebugRendererModule,GPUDebugRendererModule,void,False,False,False,False,False,False,True
28,27,0x1B,??0HeightMapModule@render@@QEAA@$$QEAV01@@Z,public: __cdecl render::HeightMapModule::HeightMapModule(class render::HeightMapModule &&),method,render,HeightMapModule,HeightMapModule,class render::HeightMapModule &&,False,False,False,False,False,False,True
29,28,0x1C,??0HeightMapModule@render@@QEAA@AEBV01@@Z,public: __cdecl render::HeightMapModule::HeightMapModule(class render::HeightMapModule const &),method,render,HeightMapModule,HeightMapModule,class render::HeightMapModule const &,False,False,False,False,False,False,True
30,29,0x1D,??0HeightMapModule@render@@QEAA@XZ,public: __cdecl render::HeightMapModule::HeightMapModule(void),method,render,HeightMapModule,HeightMapModule,void,False,False,False,False,False,False,True
31,30,0x1E,??0IceHalo@enlight@@QEAA@I@Z,public: __cdecl enlight::IceHalo::IceHalo(unsigned int),method,enlight,IceHalo,IceHalo,unsigned int,False,False,False,False,False,False,True
32,31,0x1F,??0IceHaloAppearanceParams@@QEAA@XZ,public: __cdecl IceHaloAppearanceParams::IceHaloAppearanceParams(void),method,,IceHaloAppearanceParams,IceHaloAppearanceParams,void,False,False,False,False,False,False,True
33,32,0x20,??0IceHaloModule@render@@QEAA@XZ,public: __cdecl render::IceHaloModule::IceHaloModule(void),method,render,IceHaloModule,IceHaloModule,void,False,False,False,False,False,False,True
34,33,0x21,??0IceHaloParams@@QEAA@XZ,public: __cdecl IceHaloParams::IceHaloParams(void),method,,IceHaloParams,IceHaloParams,void,False,False,False,False,False,False,True
35,34,0x22,??0IceHaloPresetManager@enlight@@QEAA@$$QEAV01@@Z,public: __cdecl enlight::IceHaloPresetManager::IceHaloPresetManager(class enlight::IceHaloPresetManager &&),method,enlight,IceHaloPresetManager,IceHaloPresetManager,class enlight::IceHaloPresetManager &&,False,False,False,False,False,False,True
36,35,0x23,??0IceHaloPresetManager@enlight@@QEAA@AEBV01@@Z,public: __cdecl enlight::IceHaloPresetManager::IceHaloPresetManager(class enlight::IceHaloPresetManager const &),method,enlight,IceHaloPresetManager,IceHaloPresetManager,class enlight::IceHaloPresetManager const &,False,False,False,False,False,False,True
37,36,0x24,??0IceHaloPresetManager@enlight@@QEAA@XZ,public: __cdecl enlight::IceHaloPresetManager::IceHaloPresetManager(void),method,enlight,IceHaloPresetManager,IceHaloPresetManager,void,False,False,False,False,False,False,True
38,37,0x25,??0IceHaloSimulationParams@@QEAA@XZ,public: __cdecl IceHaloSimulationParams::IceHaloSimulationParams(void),method,,IceHaloSimulationParams,IceHaloSimulationParams,void,False,False,False,False,False,False,True
39,38,0x26,??0IceHaloWrapper@enlight@@QEAA@$$QEAV01@@Z,public: __cdecl enlight::IceHaloWrapper::IceHaloWrapper(class enlight::IceHaloWrapper &&),method,enlight,IceHaloWrapper,IceHaloWrapper,class enlight::IceHaloWrapper &&,False,False,False,False,False,False,True
40,39,0x27,??0IceHaloWrapper@enlight@@QEAA@XZ,public: __cdecl enlight::IceHaloWrapper::IceHaloWrapper(void),method,enlight,IceHaloWrapper,IceHaloWrapper,void,False,False,False,False,False,False,True
41,40,0x28,??0LightMapModule@render@@QEAA@$$QEAV01@@Z,public: __cdecl render::LightMapModule::LightMapModule(class render::LightMapModule &&),method,render,LightMapModule,LightMapModule,class render::LightMapModule &&,False,False,False,False,False,False,True
42,41,0x29,??0LightMapModule@render@@QEAA@AEBV01@@Z,public: __cdecl render::LightMapModule::LightMapModule(class render::LightMapModule const &),method,render,LightMapModule,LightMapModule,class render::LightMapModule const &,False,False,False,False,False,False,True
43,42,0x2A,??0LightMapModule@render@@QEAA@XZ,public: __cdecl render::LightMapModule::LightMapModule(void),method,render,LightMapModule,LightMapModule,void,False,False,False,False,False,False,True
44,43,0x2B,??0LightsPrepass@render@@QEAA@$$QEAV01@@Z,public: __cdecl render::LightsPrepass::LightsPrepass(class render::LightsPrepass &&),method,render,LightsPrepass,LightsPrepass,class render::LightsPrepass &&,False,False,False,False,False,False,True
45,44,0x2C,??0LightsPrepass@render@@QEAA@AEBV01@@Z,public: __cdecl render::LightsPrepass::LightsPrepass(class render::LightsPrepass const &),method,render,LightsPrepass,LightsPrepass,class render::LightsPrepass const &,False,False,False,False,False,False,True
46,45,0x2D,??0LightsPrepass@render@@QEAA@W4MSAA_ENUM@1@AEBVVec2i@osg@@@Z,"public: __cdecl render::LightsPrepass::LightsPrepass(enum render::MSAA_ENUM, class osg::Vec2i const &)",method,render,LightsPrepass,LightsPrepass,"enum render::MSAA_ENUM, class osg::Vec2i const &",False,False,False,False,False,False,True
47,46,0x2E,??0LightsPrepassWrapper@render@@QEAA@XZ,public: __cdecl render::LightsPrepassWrapper::LightsPrepassWrapper(void),method,render,LightsPrepassWrapper,LightsPrepassWrapper,void,False,False,False,False,False,False,True
48,47,0x2F,??0LiveryBuilder@@QEAA@XZ,public: __cdecl LiveryBuilder::LiveryBuilder(void),method,,LiveryBuilder,LiveryBuilder,void,False,False,False,False,False,False,True
49,48,0x30,??0MotionBlurImGui@render@@QEAA@AEAVMotionBlurModule@1@@Z,public: __cdecl render::MotionBlurImGui::MotionBlurImGui(class render::MotionBlurModule &),method,render,MotionBlurImGui,MotionBlurImGui,class render::MotionBlurModule &,False,False,False,False,False,False,True
50,49,0x31,??0MotionBlurModule@render@@QEAA@XZ,public: __cdecl render::MotionBlurModule::MotionBlurModule(void),method,render,MotionBlurModule,MotionBlurModule,void,False,False,False,False,False,False,True
51,50,0x32,??0RenderGraph@render@@QEAA@I@Z,public: __cdecl render::RenderGraph::RenderGraph(unsigned int),method,render,RenderGraph,RenderGraph,unsigned int,False,False,False,False,False,False,True
52,51,0x33,??0RenderGraphLightsCollection@render@@QEAA@PEAVRenderGraphResource@1@@Z,public: __cdecl render::RenderGraphLightsCollection::RenderGraphLightsCollection(class render::RenderGraphResource *),method,render,RenderGraphLightsCollection,RenderGraphLightsCollection,class render::RenderGraphResource *,False,False,False,False,False,False,True
53,52,0x34,??0RenderGraphLightsCollection@render@@QEAA@XZ,public: __cdecl render::RenderGraphLightsCollection::RenderGraphLightsCollection(void),method,render,RenderGraphLightsCollection,RenderGraphLightsCollection,void,False,False,False,False,False,False,True
54,53,0x35,??0RenderGraphObjectsCollection@render@@QEAA@PEAVRenderGraphResource@1@@Z,public: __cdecl render::RenderGraphObjectsCollection::RenderGraphObjectsCollection(class render::RenderGraphResource *),method,render,RenderGraphObjectsCollection,RenderGraphObjectsCollection,class render::RenderGraphResource *,False,False,False,False,False,False,True
55,54,0x36,??0RenderGraphObjectsCollection@render@@QEAA@XZ,public: __cdecl render::RenderGraphObjectsCollection::RenderGraphObjectsCollection(void),method,render,RenderGraphObjectsCollection,RenderGraphObjectsCollection,void,False,False,False,False,False,False,True
56,55,0x37,??0SSAO@deferredShading@@QEAA@AEBV01@@Z,public: __cdecl deferredShading::SSAO::SSAO(class deferredShading::SSAO const &),method,deferredShading,SSAO,SSAO,class deferredShading::SSAO const &,False,False,False,False,False,False,True
57,56,0x38,??0SSAO@deferredShading@@QEAA@W4MSAA_ENUM@render@@_NH@Z,"public: __cdecl deferredShading::SSAO::SSAO(enum render::MSAA_ENUM, bool, int)",method,deferredShading,SSAO,SSAO,"enum render::MSAA_ENUM, bool, int",False,False,False,False,False,False,True
58,57,0x39,??0SSAOModule@render@@QEAA@$$QEAV01@@Z,public: __cdecl render::SSAOModule::SSAOModule(class render::SSAOModule &&),method,render,SSAOModule,SSAOModule,class render::SSAOModule &&,False,False,False,False,False,False,True
59,58,0x3A,??0SSAOModule@render@@QEAA@XZ,public: __cdecl render::SSAOModule::SSAOModule(void),method,render,SSAOModule,SSAOModule,void,False,False,False,False,False,False,True
60,59,0x3B,??0SSAOWrapper@deferredShading@@QEAA@$$QEAV01@@Z,public: __cdecl deferredShading::SSAOWrapper::SSAOWrapper(class deferredShading::SSAOWrapper &&),method,deferredShading,SSAOWrapper,SSAOWrapper,class deferredShading::SSAOWrapper &&,False,False,False,False,False,False,True
61,60,0x3C,??0SSAOWrapper@deferredShading@@QEAA@XZ,public: __cdecl deferredShading::SSAOWrapper::SSAOWrapper(void),method,deferredShading,SSAOWrapper,SSAOWrapper,void,False,False,False,False,False,False,True
62,61,0x3D,??0SSLRModule@render@@QEAA@$$QEAV01@@Z,public: __cdecl render::SSLRModule::SSLRModule(class render::SSLRModule &&),method,render,SSLRModule,SSLRModule,class render::SSLRModule &&,False,False,False,False,False,False,True
63,62,0x3E,??0SSLRModule@render@@QEAA@XZ,public: __cdecl render::SSLRModule::SSLRModule(void),method,render,SSLRModule,SSLRModule,void,False,False,False,False,False,False,True
64,63,0x3F,??0SSS@deferredShading@@QEAA@AEBV01@@Z,public: __cdecl deferredShading::SSS::SSS(class deferredShading::SSS const &),method,deferredShading,SSS,SSS,class deferredShading::SSS const &,False,False,False,False,False,False,True
65,64,0x40,??0SSS@deferredShading@@QEAA@W4MSAA_ENUM@render@@@Z,public: __cdecl deferredShading::SSS::SSS(enum render::MSAA_ENUM),method,deferredShading,SSS,SSS,enum render::MSAA_ENUM,False,False,False,False,False,False,True
66,65,0x41,??0SSSModule@render@@QEAA@$$QEAV01@@Z,public: __cdecl render::SSSModule::SSSModule(class render::SSSModule &&),method,render,SSSModule,SSSModule,class render::SSSModule &&,False,False,False,False,False,False,True
67,66,0x42,??0SSSModule@render@@QEAA@XZ,public: __cdecl render::SSSModule::SSSModule(void),method,render,SSSModule,SSSModule,void,False,False,False,False,False,False,True
68,67,0x43,??0ScreenTilesModule@render@@QEAA@$$QEAV01@@Z,public: __cdecl render::ScreenTilesModule::ScreenTilesModule(class render::ScreenTilesModule &&),method,render,ScreenTilesModule,ScreenTilesModule,class render::ScreenTilesModule &&,False,False,False,False,False,False,True
69,68,0x44,??0ScreenTilesModule@render@@QEAA@XZ,public: __cdecl render::ScreenTilesModule::ScreenTilesModule(void),method,render,ScreenTilesModule,ScreenTilesModule,void,False,False,False,False,False,False,True
70,69,0x45,??0SecondaryShadowmapModule@render@@QEAA@$$QEAV01@@Z,public: __cdecl render::SecondaryShadowmapModule::SecondaryShadowmapModule(class render::SecondaryShadowmapModule &&),method,render,SecondaryShadowmapModule,SecondaryShadowmapModule,class render::SecondaryShadowmapModule &&,False,False,False,False,False,False,True
71,70,0x46,??0SecondaryShadowmapModule@render@@QEAA@AEBV01@@Z,public: __cdecl render::SecondaryShadowmapModule::SecondaryShadowmapModule(class render::SecondaryShadowmapModule const &),method,render,SecondaryShadowmapModule,SecondaryShadowmapModule,class render::SecondaryShadowmapModule const &,False,False,False,False,False,False,True
72,71,0x47,??0SecondaryShadowmapModule@render@@QEAA@H@Z,public: __cdecl render::SecondaryShadowmapModule::SecondaryShadowmapModule(int),method,render,SecondaryShadowmapModule,SecondaryShadowmapModule,int,False,False,False,False,False,False,True
73,72,0x48,??0ShadowMapModule@render@@QEAA@XZ,public: __cdecl render::ShadowMapModule::ShadowMapModule(void),method,render,ShadowMapModule,ShadowMapModule,void,False,False,False,False,False,False,True
74,73,0x49,??0Shadows@enlight@@QEAA@XZ,public: __cdecl enlight::Shadows::Shadows(void),method,enlight,Shadows,Shadows,void,False,False,False,False,False,False,True
75,74,0x4A,??0ShadowsImGui@render@@QEAA@AEAVShadowMapModule@1@@Z,public: __cdecl render::ShadowsImGui::ShadowsImGui(class render::ShadowMapModule &),method,render,ShadowsImGui,ShadowsImGui,class render::ShadowMapModule &,False,False,False,False,False,False,True
76,75,0x4B,??0TemporalAA@deferredShading@@QEAA@$$QEAV01@@Z,public: __cdecl deferredShading::TemporalAA::TemporalAA(class deferredShading::TemporalAA &&),method,deferredShading,TemporalAA,TemporalAA,class deferredShading::TemporalAA &&,False,False,False,False,False,False,True
77,76,0x4C,??0TemporalAA@deferredShading@@QEAA@XZ,public: __cdecl deferredShading::TemporalAA::TemporalAA(void),method,deferredShading,TemporalAA,TemporalAA,void,False,False,False,False,False,False,True
78,77,0x4D,??0TerrainModule@render@@QEAA@$$QEAV01@@Z,public: __cdecl render::TerrainModule::TerrainModule(class render::TerrainModule &&),method,render,TerrainModule,TerrainModule,class render::TerrainModule &&,False,False,False,False,False,False,True
79,78,0x4E,??0TerrainModule@render@@QEAA@AEBV01@@Z,public: __cdecl render::TerrainModule::TerrainModule(class render::TerrainModule const &),method,render,TerrainModule,TerrainModule,class render::TerrainModule const &,False,False,False,False,False,False,True
80,79,0x4F,??0TerrainModule@render@@QEAA@XZ,public: __cdecl render::TerrainModule::TerrainModule(void),method,render,TerrainModule,TerrainModule,void,False,False,False,False,False,False,True
81,80,0x50,??0TerrainShadows@enlight@@QEAA@AEBV01@@Z,public: __cdecl enlight::TerrainShadows::TerrainShadows(class enlight::TerrainShadows const &),method,enlight,TerrainShadows,TerrainShadows,class enlight::TerrainShadows const &,False,False,False,False,False,False,True
82,81,0x51,??0TerrainShadows@enlight@@QEAA@XZ,public: __cdecl enlight::TerrainShadows::TerrainShadows(void),method,enlight,TerrainShadows,TerrainShadows,void,False,False,False,False,False,False,True
83,82,0x52,??0ToneMapper@deferredShading@@QEAA@AEBV01@@Z,public: __cdecl deferredShading::ToneMapper::ToneMapper(class deferredShading::ToneMapper const &),method,deferredShading,ToneMapper,ToneMapper,class deferredShading::ToneMapper const &,False,False,False,False,False,False,True
84,83,0x53,??0ToneMapper@deferredShading@@QEAA@XZ,public: __cdecl deferredShading::ToneMapper::ToneMapper(void),method,deferredShading,ToneMapper,ToneMapper,void,False,False,False,False,False,False,True
85,84,0x54,??0ToneMapperWrapper@deferredShading@@QEAA@XZ,public: __cdecl deferredShading::ToneMapperWrapper::ToneMapperWrapper(void),method,deferredShading,ToneMapperWrapper,ToneMapperWrapper,void,False,False,False,False,False,False,True
86,85,0x55,??0ToneMappingModule@render@@QEAA@$$QEAV01@@Z,public: __cdecl render::ToneMappingModule::ToneMappingModule(class render::ToneMappingModule &&),method,render,ToneMappingModule,ToneMappingModule,class render::ToneMappingModule &&,False,False,False,False,False,False,True
87,86,0x56,??0ToneMappingModule@render@@QEAA@XZ,public: __cdecl render::ToneMappingModule::ToneMappingModule(void),method,render,ToneMappingModule,ToneMappingModule,void,False,False,False,False,False,False,True
88,87,0x57,??0Water@enlight@@QEAA@AEAUWaterDesc@1@@Z,public: __cdecl enlight::Water::Water(struct enlight::WaterDesc &),method,enlight,Water,Water,struct enlight::WaterDesc &,False,False,False,False,False,False,True
89,88,0x58,??0WaterModule@render@@QEAA@$$QEAV01@@Z,public: __cdecl render::WaterModule::WaterModule(class render::WaterModule &&),method,render,WaterModule,WaterModule,class render::WaterModule &&,False,False,False,False,False,False,True
90,89,0x59,??0WaterModule@render@@QEAA@XZ,public: __cdecl render::WaterModule::WaterModule(void),method,render,WaterModule,WaterModule,void,False,False,False,False,False,False,True
91,90,0x5A,??0WaterRendererForEnvironment@enlight@@AEAA@AEAVWater@1@@Z,private: __cdecl enlight::WaterRendererForEnvironment::WaterRendererForEnvironment(class enlight::Water &),method,enlight,WaterRendererForEnvironment,WaterRendererForEnvironment,class enlight::Water &,False,False,False,False,False,False,True
92,91,0x5B,??0WaterWrapper@enlight@@QEAA@$$QEAV01@@Z,public: __cdecl enlight::WaterWrapper::WaterWrapper(class enlight::WaterWrapper &&),method,enlight,WaterWrapper,WaterWrapper,class enlight::WaterWrapper &&,False,False,False,False,False,False,True
93,92,0x5C,??0WaterWrapper@enlight@@QEAA@XZ,public: __cdecl enlight::WaterWrapper::WaterWrapper(void),method,enlight,WaterWrapper,WaterWrapper,void,False,False,False,False,False,False,True
94,93,0x5D,??0luaToRenderConfig@GraphicsCore@@QEAA@$$QEAV01@@Z,public: __cdecl GraphicsCore::luaToRenderConfig::luaToRenderConfig(class GraphicsCore::luaToRenderConfig &&),method,GraphicsCore,luaToRenderConfig,luaToRenderConfig,class GraphicsCore::luaToRenderConfig &&,False,False,False,False,False,False,True
95,94,0x5E,??0luaToRenderConfig@GraphicsCore@@QEAA@AEBV01@@Z,public: __cdecl GraphicsCore::luaToRenderConfig::luaToRenderConfig(class GraphicsCore::luaToRenderConfig const &),method,GraphicsCore,luaToRenderConfig,luaToRenderConfig,class GraphicsCore::luaToRenderConfig const &,False,False,False,False,False,False,True
96,95,0x5F,??0luaToRenderConfig@GraphicsCore@@QEAA@XZ,public: __cdecl GraphicsCore::luaToRenderConfig::luaToRenderConfig(void),method,GraphicsCore,luaToRenderConfig,luaToRenderConfig,void,False,False,False,False,False,False,True
97,96,0x60,??1Atmosphere@enlight@@QEAA@XZ,public: __cdecl enlight::Atmosphere::~Atmosphere(void),method,enlight,Atmosphere,~Atmosphere,void,False,False,False,False,False,False,True
98,97,0x61,??1AtmosphereModule@render@@QEAA@XZ,public: __cdecl render::AtmosphereModule::~AtmosphereModule(void),method,render,AtmosphereModule,~AtmosphereModule,void,False,False,False,False,False,False,True
99,98,0x62,??1AtmosphereWrapper@enlight@@QEAA@XZ,public: __cdecl enlight::AtmosphereWrapper::~AtmosphereWrapper(void),method,enlight,AtmosphereWrapper,~AtmosphereWrapper,void,False,False,False,False,False,False,True
100,99,0x63,??1CopyPass@render@@QEAA@XZ,public: __cdecl render::CopyPass::~CopyPass(void),method,render,CopyPass,~CopyPass,void,False,False,False,False,False,False,True
101,100,0x64,??1DeferredComposer@deferredShading@@QEAA@XZ,public: __cdecl deferredShading::DeferredComposer::~DeferredComposer(void),method,deferredShading,DeferredComposer,~DeferredComposer,void,False,False,False,False,False,False,True
102,101,0x65,??1DeferredShadingModule@render@@QEAA@XZ,public: __cdecl render::DeferredShadingModule::~DeferredShadingModule(void),method,render,DeferredShadingModule,~DeferredShadingModule,void,False,False,False,False,False,False,True
103,102,0x66,??1DepthResolver@deferredShading@@QEAA@XZ,public: __cdecl deferredShading::DepthResolver::~DepthResolver(void),method,deferredShading,DepthResolver,~DepthResolver,void,False,False,False,False,False,False,True
104,103,0x67,??1DepthResolverModule@render@@QEAA@XZ,public: __cdecl render::DepthResolverModule::~DepthResolverModule(void),method,render,DepthResolverModule,~DepthResolverModule,void,False,False,False,False,False,False,True
105,104,0x68,??1FakeEnvironment@environment@@QEAA@XZ,public: __cdecl environment::FakeEnvironment::~FakeEnvironment(void),method,environment,FakeEnvironment,~FakeEnvironment,void,False,False,False,False,False,False,True
106,105,0x69,??1GPUDebugRendererModule@render@@QEAA@XZ,public: __cdecl render::GPUDebugRendererModule::~GPUDebugRendererModule(void),method,render,GPUDebugRendererModule,~GPUDebugRendererModule,void,False,False,False,False,False,False,True
107,106,0x6A,??1HeightMapModule@render@@QEAA@XZ,public: __cdecl render::HeightMapModule::~HeightMapModule(void),method,render,HeightMapModule,~HeightMapModule,void,False,False,False,False,False,False,True
108,107,0x6B,??1IceHalo@enlight@@QEAA@XZ,public: __cdecl enlight::IceHalo::~IceHalo(void),method,enlight,IceHalo,~IceHalo,void,False,False,False,False,False,False,True
109,108,0x6C,??1IceHaloModule@render@@QEAA@XZ,public: __cdecl render::IceHaloModule::~IceHaloModule(void),method,render,IceHaloModule,~IceHaloModule,void,False,False,False,False,False,False,True
110,109,0x6D,??1IceHaloPresetManager@enlight@@QEAA@XZ,public: __cdecl enlight::IceHaloPresetManager::~IceHaloPresetManager(void),method,enlight,IceHaloPresetManager,~IceHaloPresetManager,void,False,False,False,False,False,False,True
111,110,0x6E,??1IceHaloWrapper@enlight@@QEAA@XZ,public: __cdecl enlight::IceHaloWrapper::~IceHaloWrapper(void),method,enlight,IceHaloWrapper,~IceHaloWrapper,void,False,False,False,False,False,False,True
112,111,0x6F,??1LightMapModule@render@@QEAA@XZ,public: __cdecl render::LightMapModule::~LightMapModule(void),method,render,LightMapModule,~LightMapModule,void,False,False,False,False,False,False,True
113,112,0x70,??1LightsPrepass@render@@QEAA@XZ,public: __cdecl render::LightsPrepass::~LightsPrepass(void),method,render,LightsPrepass,~LightsPrepass,void,False,False,False,False,False,False,True
114,113,0x71,??1LightsPrepassWrapper@render@@QEAA@XZ,public: __cdecl render::LightsPrepassWrapper::~LightsPrepassWrapper(void),method,render,LightsPrepassWrapper,~LightsPrepassWrapper,void,False,False,False,False,False,False,True
115,114,0x72,??1MotionBlurImGui@render@@QEAA@XZ,public: __cdecl render::MotionBlurImGui::~MotionBlurImGui(void),method,render,MotionBlurImGui,~MotionBlurImGui,void,False,False,False,False,False,False,True
116,115,0x73,??1MotionBlurModule@render@@QEAA@XZ,public: __cdecl render::MotionBlurModule::~MotionBlurModule(void),method,render,MotionBlurModule,~MotionBlurModule,void,False,False,False,False,False,False,True
117,116,0x74,??1RenderGraph@render@@QEAA@XZ,public: __cdecl render::RenderGraph::~RenderGraph(void),method,render,RenderGraph,~RenderGraph,void,False,False,False,False,False,False,True
118,117,0x75,??1RendererCallback@Graphics@@UEAA@XZ,public: virtual __cdecl Graphics::RendererCallback::~RendererCallback(void),method,Graphics,RendererCallback,~RendererCallback,void,False,False,True,False,False,False,True
119,118,0x76,??1SSAO@deferredShading@@QEAA@XZ,public: __cdecl deferredShading::SSAO::~SSAO(void),method,deferredShading,SSAO,~SSAO,void,False,False,False,False,False,False,True
120,119,0x77,??1SSAOModule@render@@QEAA@XZ,public: __cdecl render::SSAOModule::~SSAOModule(void),method,render,SSAOModule,~SSAOModule,void,False,False,False,False,False,False,True
121,120,0x78,??1SSAOWrapper@deferredShading@@QEAA@XZ,public: __cdecl deferredShading::SSAOWrapper::~SSAOWrapper(void),method,deferredShading,SSAOWrapper,~SSAOWrapper,void,False,False,False,False,False,False,True
122,121,0x79,??1SSLRModule@render@@QEAA@XZ,public: __cdecl render::SSLRModule::~SSLRModule(void),method,render,SSLRModule,~SSLRModule,void,False,False,False,False,False,False,True
123,122,0x7A,??1SSS@deferredShading@@QEAA@XZ,public: __cdecl deferredShading::SSS::~SSS(void),method,deferredShading,SSS,~SSS,void,False,False,False,False,False,False,True
124,123,0x7B,??1SSSModule@render@@QEAA@XZ,public: __cdecl render::SSSModule::~SSSModule(void),method,render,SSSModule,~SSSModule,void,False,False,False,False,False,False,True
125,124,0x7C,??1ScreenTilesModule@render@@QEAA@XZ,public: __cdecl render::ScreenTilesModule::~ScreenTilesModule(void),method,render,ScreenTilesModule,~ScreenTilesModule,void,False,False,False,False,False,False,True
126,125,0x7D,??1SecondaryShadowmapModule@render@@QEAA@XZ,public: __cdecl render::SecondaryShadowmapModule::~SecondaryShadowmapModule(void),method,render,SecondaryShadowmapModule,~SecondaryShadowmapModule,void,False,False,False,False,False,False,True
127,126,0x7E,??1ShadowMapModule@render@@UEAA@XZ,public: virtual __cdecl render::ShadowMapModule::~ShadowMapModule(void),method,render,ShadowMapModule,~ShadowMapModule,void,False,False,True,False,False,False,True
128,127,0x7F,??1Shadows@enlight@@QEAA@XZ,public: __cdecl enlight::Shadows::~Shadows(void),method,enlight,Shadows,~Shadows,void,False,False,False,False,False,False,True
129,128,0x80,??1ShadowsImGui@render@@QEAA@XZ,public: __cdecl render::ShadowsImGui::~ShadowsImGui(void),method,render,ShadowsImGui,~ShadowsImGui,void,False,False,False,False,False,False,True
130,129,0x81,??1TemporalAA@deferredShading@@QEAA@XZ,public: __cdecl deferredShading::TemporalAA::~TemporalAA(void),method,deferredShading,TemporalAA,~TemporalAA,void,False,False,False,False,False,False,True
131,130,0x82,??1TerrainModule@render@@QEAA@XZ,public: __cdecl render::TerrainModule::~TerrainModule(void),method,render,TerrainModule,~TerrainModule,void,False,False,False,False,False,False,True
132,131,0x83,??1TerrainShadows@enlight@@UEAA@XZ,public: virtual __cdecl enlight::TerrainShadows::~TerrainShadows(void),method,enlight,TerrainShadows,~TerrainShadows,void,False,False,True,False,False,False,True
133,132,0x84,??1ToneMapper@deferredShading@@QEAA@XZ,public: __cdecl deferredShading::ToneMapper::~ToneMapper(void),method,deferredShading,ToneMapper,~ToneMapper,void,False,False,False,False,False,False,True
134,133,0x85,??1ToneMapperWrapper@deferredShading@@QEAA@XZ,public: __cdecl deferredShading::ToneMapperWrapper::~ToneMapperWrapper(void),method,deferredShading,ToneMapperWrapper,~ToneMapperWrapper,void,False,False,False,False,False,False,True
135,134,0x86,??1ToneMappingModule@render@@QEAA@XZ,public: __cdecl render::ToneMappingModule::~ToneMappingModule(void),method,render,ToneMappingModule,~ToneMappingModule,void,False,False,False,False,False,False,True
136,135,0x87,??1Water@enlight@@QEAA@XZ,public: __cdecl enlight::Water::~Water(void),method,enlight,Water,~Water,void,False,False,False,False,False,False,True
137,136,0x88,??1WaterModule@render@@QEAA@XZ,public: __cdecl render::WaterModule::~WaterModule(void),method,render,WaterModule,~WaterModule,void,False,False,False,False,False,False,True
138,137,0x89,??1WaterWrapper@enlight@@QEAA@XZ,public: __cdecl enlight::WaterWrapper::~WaterWrapper(void),method,enlight,WaterWrapper,~WaterWrapper,void,False,False,False,False,False,False,True
139,138,0x8A,??1luaToRenderConfig@GraphicsCore@@QEAA@XZ,public: __cdecl GraphicsCore::luaToRenderConfig::~luaToRenderConfig(void),method,GraphicsCore,luaToRenderConfig,~luaToRenderConfig,void,False,False,False,False,False,False,True
140,139,0x8B,??4AtmosphereModule@render@@QEAAAEAV01@$$QEAV01@@Z,public: class render::AtmosphereModule & __cdecl render::AtmosphereModule::operator=(class render::AtmosphereModule &&),symbol,,,,,False,False,False,False,False,False,True
141,140,0x8C,??4AtmosphereWrapper@enlight@@QEAAAEAV01@$$QEAV01@@Z,public: class enlight::AtmosphereWrapper & __cdecl enlight::AtmosphereWrapper::operator=(class enlight::AtmosphereWrapper &&),symbol,,,,,False,False,False,False,False,False,True
142,141,0x8D,??4CloudsFog@@QEAAAEAV0@AEBV0@@Z,public: class CloudsFog & __cdecl CloudsFog::operator=(class CloudsFog const &),symbol,,,,,False,False,False,False,False,False,True
143,142,0x8E,??4CopyPass@render@@QEAAAEAV01@$$QEAV01@@Z,public: class render::CopyPass & __cdecl render::CopyPass::operator=(class render::CopyPass &&),symbol,,,,,False,False,False,False,False,False,True
144,143,0x8F,??4CopyPass@render@@QEAAAEAV01@AEBV01@@Z,public: class render::CopyPass & __cdecl render::CopyPass::operator=(class render::CopyPass const &),symbol,,,,,False,False,False,False,False,False,True
145,144,0x90,??4DeferredComposer@deferredShading@@QEAAAEAV01@$$QEAV01@@Z,public: class deferredShading::DeferredComposer & __cdecl deferredShading::DeferredComposer::operator=(class deferredShading::DeferredComposer &&),symbol,,,,,False,False,False,False,False,False,True
146,145,0x91,??4DeferredShadingModule@render@@QEAAAEAV01@AEBV01@@Z,public: class render::DeferredShadingModule & __cdecl render::DeferredShadingModule::operator=(class render::DeferredShadingModule const &),symbol,,,,,False,False,False,False,False,False,True
147,146,0x92,??4DepthResolver@deferredShading@@QEAAAEAV01@$$QEAV01@@Z,public: class deferredShading::DepthResolver & __cdecl deferredShading::DepthResolver::operator=(class deferredShading::DepthResolver &&),symbol,,,,,False,False,False,False,False,False,True
148,147,0x93,??4DepthResolver@deferredShading@@QEAAAEAV01@AEBV01@@Z,public: class deferredShading::DepthResolver & __cdecl deferredShading::DepthResolver::operator=(class deferredShading::DepthResolver const &),symbol,,,,,False,False,False,False,False,False,True
149,148,0x94,??4DepthResolverModule@render@@QEAAAEAV01@$$QEAV01@@Z,public: class render::DepthResolverModule & __cdecl render::DepthResolverModule::operator=(class render::DepthResolverModule &&),symbol,,,,,False,False,False,False,False,False,True
150,149,0x95,??4DepthResolverModule@render@@QEAAAEAV01@AEBV01@@Z,public: class render::DepthResolverModule & __cdecl render::DepthResolverModule::operator=(class render::DepthResolverModule const &),symbol,,,,,False,False,False,False,False,False,True
151,150,0x96,??4FLIRparams@@QEAAAEAU0@$$QEAU0@@Z,public: struct FLIRparams & __cdecl FLIRparams::operator=(struct FLIRparams &&),symbol,,,,,False,False,False,False,False,False,True
152,151,0x97,??4FLIRparams@@QEAAAEAU0@AEBU0@@Z,public: struct FLIRparams & __cdecl FLIRparams::operator=(struct FLIRparams const &),symbol,,,,,False,False,False,False,False,False,True
153,152,0x98,??4GPUDebugDraw@render@@QEAAAEAV01@$$QEAV01@@Z,public: class render::GPUDebugDraw & __cdecl render::GPUDebugDraw::operator=(class render::GPUDebugDraw &&),symbol,,,,,False,False,False,False,False,False,True
154,153,0x99,??4GPUDebugDraw@render@@QEAAAEAV01@AEBV01@@Z,public: class render::GPUDebugDraw & __cdecl render::GPUDebugDraw::operator=(class render::GPUDebugDraw const &),symbol,,,,,False,False,False,False,False,False,True
155,154,0x9A,??4HeightMapModule@render@@QEAAAEAV01@$$QEAV01@@Z,public: class render::HeightMapModule & __cdecl render::HeightMapModule::operator=(class render::HeightMapModule &&),symbol,,,,,False,False,False,False,False,False,True
156,155,0x9B,??4HeightMapModule@render@@QEAAAEAV01@AEBV01@@Z,public: class render::HeightMapModule & __cdecl render::HeightMapModule::operator=(class render::HeightMapModule const &),symbol,,,,,False,False,False,False,False,False,True
157,156,0x9C,??4IceHaloAppearanceParams@@QEAAAEAU0@$$QEAU0@@Z,public: struct IceHaloAppearanceParams & __cdecl IceHaloAppearanceParams::operator=(struct IceHaloAppearanceParams &&),symbol,,,,,False,False,False,False,False,False,True
158,157,0x9D,??4IceHaloAppearanceParams@@QEAAAEAU0@AEBU0@@Z,public: struct IceHaloAppearanceParams & __cdecl IceHaloAppearanceParams::operator=(struct IceHaloAppearanceParams const &),symbol,,,,,False,False,False,False,False,False,True
159,158,0x9E,??4IceHaloParams@@QEAAAEAU0@$$QEAU0@@Z,public: struct IceHaloParams & __cdecl IceHaloParams::operator=(struct IceHaloParams &&),symbol,,,,,False,False,False,False,False,False,True
160,159,0x9F,??4IceHaloParams@@QEAAAEAU0@AEBU0@@Z,public: struct IceHaloParams & __cdecl IceHaloParams::operator=(struct IceHaloParams const &),symbol,,,,,False,False,False,False,False,False,True
161,160,0xA0,??4IceHaloPresetManager@enlight@@QEAAAEAV01@$$QEAV01@@Z,public: class enlight::IceHaloPresetManager & __cdecl enlight::IceHaloPresetManager::operator=(class enlight::IceHaloPresetManager &&),symbol,,,,,False,False,False,False,False,False,True
162,161,0xA1,??4IceHaloPresetManager@enlight@@QEAAAEAV01@AEBV01@@Z,public: class enlight::IceHaloPresetManager & __cdecl enlight::IceHaloPresetManager::operator=(class enlight::IceHaloPresetManager const &),symbol,,,,,False,False,False,False,False,False,True
163,162,0xA2,??4IceHaloSimulationParams@@QEAAAEAV0@$$QEAV0@@Z,public: class IceHaloSimulationParams & __cdecl IceHaloSimulationParams::operator=(class IceHaloSimulationParams &&),symbol,,,,,False,False,False,False,False,False,True
164,163,0xA3,??4IceHaloSimulationParams@@QEAAAEAV0@AEBV0@@Z,public: class IceHaloSimulationParams & __cdecl IceHaloSimulationParams::operator=(class IceHaloSimulationParams const &),symbol,,,,,False,False,False,False,False,False,True
165,164,0xA4,??4IceHaloWrapper@enlight@@QEAAAEAV01@$$QEAV01@@Z,public: class enlight::IceHaloWrapper & __cdecl enlight::IceHaloWrapper::operator=(class enlight::IceHaloWrapper &&),symbol,,,,,False,False,False,False,False,False,True
166,165,0xA5,??4LightMapModule@render@@QEAAAEAV01@$$QEAV01@@Z,public: class render::LightMapModule & __cdecl render::LightMapModule::operator=(class render::LightMapModule &&),symbol,,,,,False,False,False,False,False,False,True
167,166,0xA6,??4LightMapModule@render@@QEAAAEAV01@AEBV01@@Z,public: class render::LightMapModule & __cdecl render::LightMapModule::operator=(class render::LightMapModule const &),symbol,,,,,False,False,False,False,False,False,True
168,167,0xA7,??4LightsPrepass@render@@QEAAAEAV01@$$QEAV01@@Z,public: class render::LightsPrepass & __cdecl render::LightsPrepass::operator=(class render::LightsPrepass &&),symbol,,,,,False,False,False,False,False,False,True
169,168,0xA8,??4LightsPrepass@render@@QEAAAEAV01@AEBV01@@Z,public: class render::LightsPrepass & __cdecl render::LightsPrepass::operator=(class render::LightsPrepass const &),symbol,,,,,False,False,False,False,False,False,True
170,169,0xA9,??4RenderGraphLightsCollection@render@@QEAAAEAV01@$$QEAV01@@Z,public: class render::RenderGraphLightsCollection & __cdecl render::RenderGraphLightsCollection::operator=(class render::RenderGraphLightsCollection &&),symbol,,,,,False,False,False,False,False,False,True
171,170,0xAA,??4RenderGraphLightsCollection@render@@QEAAAEAV01@AEBV01@@Z,public: class render::RenderGraphLightsCollection & __cdecl render::RenderGraphLightsCollection::operator=(class render::RenderGraphLightsCollection const &),symbol,,,,,False,False,False,False,False,False,True
172,171,0xAB,??4RenderGraphObjectsCollection@render@@QEAAAEAV01@$$QEAV01@@Z,public: class render::RenderGraphObjectsCollection & __cdecl render::RenderGraphObjectsCollection::operator=(class render::RenderGraphObjectsCollection &&),symbol,,,,,False,False,False,False,False,False,True
173,172,0xAC,??4RenderGraphObjectsCollection@render@@QEAAAEAV01@AEBV01@@Z,public: class render::RenderGraphObjectsCollection & __cdecl render::RenderGraphObjectsCollection::operator=(class render::RenderGraphObjectsCollection const &),symbol,,,,,False,False,False,False,False,False,True
174,173,0xAD,??4SSAO@deferredShading@@QEAAAEAV01@AEBV01@@Z,public: class deferredShading::SSAO & __cdecl deferredShading::SSAO::operator=(class deferredShading::SSAO const &),symbol,,,,,False,False,False,False,False,False,True
175,174,0xAE,??4SSAOModule@render@@QEAAAEAV01@$$QEAV01@@Z,public: class render::SSAOModule & __cdecl render::SSAOModule::operator=(class render::SSAOModule &&),symbol,,,,,False,False,False,False,False,False,True
176,175,0xAF,??4SSAOWrapper@deferredShading@@QEAAAEAV01@$$QEAV01@@Z,public: class deferredShading::SSAOWrapper & __cdecl deferredShading::SSAOWrapper::operator=(class deferredShading::SSAOWrapper &&),symbol,,,,,False,False,False,False,False,False,True
177,176,0xB0,??4SSLRModule@render@@QEAAAEAV01@$$QEAV01@@Z,public: class render::SSLRModule & __cdecl render::SSLRModule::operator=(class render::SSLRModule &&),symbol,,,,,False,False,False,False,False,False,True
178,177,0xB1,??4SSS@deferredShading@@QEAAAEAV01@AEBV01@@Z,public: class deferredShading::SSS & __cdecl deferredShading::SSS::operator=(class deferredShading::SSS const &),symbol,,,,,False,False,False,False,False,False,True
179,178,0xB2,??4SSSModule@render@@QEAAAEAV01@$$QEAV01@@Z,public: class render::SSSModule & __cdecl render::SSSModule::operator=(class render::SSSModule &&),symbol,,,,,False,False,False,False,False,False,True
180,179,0xB3,??4ScreenTilesModule@render@@QEAAAEAV01@$$QEAV01@@Z,public: class render::ScreenTilesModule & __cdecl render::ScreenTilesModule::operator=(class render::ScreenTilesModule &&),symbol,,,,,False,False,False,False,False,False,True
181,180,0xB4,??4SecondaryShadowmapModule@render@@QEAAAEAV01@$$QEAV01@@Z,public: class render::SecondaryShadowmapModule & __cdecl render::SecondaryShadowmapModule::operator=(class render::SecondaryShadowmapModule &&),symbol,,,,,False,False,False,False,False,False,True
182,181,0xB5,??4SecondaryShadowmapModule@render@@QEAAAEAV01@AEBV01@@Z,public: class render::SecondaryShadowmapModule & __cdecl render::SecondaryShadowmapModule::operator=(class render::SecondaryShadowmapModule const &),symbol,,,,,False,False,False,False,False,False,True
183,182,0xB6,??4Shadows@enlight@@QEAAAEAV01@AEBV01@@Z,public: class enlight::Shadows & __cdecl enlight::Shadows::operator=(class enlight::Shadows const &),symbol,,,,,False,False,False,False,False,False,True
184,183,0xB7,??4TemporalAA@deferredShading@@QEAAAEAV01@$$QEAV01@@Z,public: class deferredShading::TemporalAA & __cdecl deferredShading::TemporalAA::operator=(class deferredShading::TemporalAA &&),symbol,,,,,False,False,False,False,False,False,True
185,184,0xB8,??4TerrainModule@render@@QEAAAEAV01@$$QEAV01@@Z,public: class render::TerrainModule & __cdecl render::TerrainModule::operator=(class render::TerrainModule &&),symbol,,,,,False,False,False,False,False,False,True
186,185,0xB9,??4TerrainModule@render@@QEAAAEAV01@AEBV01@@Z,public: class render::TerrainModule & __cdecl render::TerrainModule::operator=(class render::TerrainModule const &),symbol,,,,,False,False,False,False,False,False,True
187,186,0xBA,??4TerrainShadows@enlight@@QEAAAEAV01@AEBV01@@Z,public: class enlight::TerrainShadows & __cdecl enlight::TerrainShadows::operator=(class enlight::TerrainShadows const &),symbol,,,,,False,False,False,False,False,False,True
188,187,0xBB,??4ToneMapper@deferredShading@@QEAAAEAV01@AEBV01@@Z,public: class deferredShading::ToneMapper & __cdecl deferredShading::ToneMapper::operator=(class deferredShading::ToneMapper const &),symbol,,,,,False,False,False,False,False,False,True
189,188,0xBC,??4WaterModule@render@@QEAAAEAV01@$$QEAV01@@Z,public: class render::WaterModule & __cdecl render::WaterModule::operator=(class render::WaterModule &&),symbol,,,,,False,False,False,False,False,False,True
190,189,0xBD,??4WaterWrapper@enlight@@QEAAAEAV01@$$QEAV01@@Z,public: class enlight::WaterWrapper & __cdecl enlight::WaterWrapper::operator=(class enlight::WaterWrapper &&),symbol,,,,,False,False,False,False,False,False,True
191,190,0xBE,??4luaToRenderConfig@GraphicsCore@@QEAAAEAV01@$$QEAV01@@Z,public: class GraphicsCore::luaToRenderConfig & __cdecl GraphicsCore::luaToRenderConfig::operator=(class GraphicsCore::luaToRenderConfig &&),symbol,,,,,False,False,False,False,False,False,True
192,191,0xBF,??4luaToRenderConfig@GraphicsCore@@QEAAAEAV01@AEBV01@@Z,public: class GraphicsCore::luaToRenderConfig & __cdecl GraphicsCore::luaToRenderConfig::operator=(class GraphicsCore::luaToRenderConfig const &),symbol,,,,,False,False,False,False,False,False,True
193,192,0xC0,??8IceHaloAppearanceParams@@QEBA_NAEBU0@@Z,public: bool __cdecl IceHaloAppearanceParams::operator==(struct IceHaloAppearanceParams const &) const,symbol,,,,,False,False,False,False,False,False,True
194,193,0xC1,??8IceHaloParams@@QEBA_NAEBU0@@Z,public: bool __cdecl IceHaloParams::operator==(struct IceHaloParams const &) const,symbol,,,,,False,False,False,False,False,False,True
195,194,0xC2,??9IceHaloParams@@QEBA_NAEBU0@@Z,public: bool __cdecl IceHaloParams::operator!=(struct IceHaloParams const &) const,symbol,,,,,False,False,False,False,False,False,True
196,195,0xC3,??_7ShadowMapModule@render@@6BSceneRender@Shadows@enlight@@@,const render::ShadowMapModule::`vftable'{for `enlight::Shadows::SceneRender'},vftable,,,,,False,False,False,True,False,False,True
197,196,0xC4,??_7ShadowMapModule@render@@6BSceneRender@TerrainShadows@enlight@@@,const render::ShadowMapModule::`vftable'{for `enlight::TerrainShadows::SceneRender'},vftable,,,,,False,False,False,True,False,False,True
198,197,0xC5,??_7TerrainShadows@enlight@@6B@,const enlight::TerrainShadows::`vftable',vftable,,,,,False,False,False,True,False,False,True
199,198,0xC6,??_FIceHalo@enlight@@QEAAXXZ,public: void __cdecl enlight::IceHalo::`default ctor closure'(void),function,,,closure',void,False,False,False,False,False,False,True
200,199,0xC7,??_FRenderGraph@render@@QEAAXXZ,public: void __cdecl render::RenderGraph::`default ctor closure'(void),function,,,closure',void,False,False,False,False,False,False,True
201,200,0xC8,?CreateCubeGenerator@render@@YA?AV?$unique_ptr@VIEnvironmentCubeGenerator@render@@U?$default_delete@VIEnvironmentCubeGenerator@render@@@std@@@std@@XZ,"class std::unique_ptr<class render::IEnvironmentCubeGenerator, struct std::default_delete<class render::IEnvironmentCubeGenerator>> __cdecl render::CreateCubeGenerator(void)",method,,render,CreateCubeGenerator,void,False,False,False,False,False,False,True
202,201,0xC9,?DEFERRED@Graphics@@YA_NXZ,bool __cdecl Graphics::DEFERRED(void),method,,Graphics,DEFERRED,void,False,False,False,False,False,False,True
203,202,0xCA,?EnableBonesDrawing@Graphics@@YAX_N@Z,void __cdecl Graphics::EnableBonesDrawing(bool),method,,Graphics,EnableBonesDrawing,bool,False,False,False,False,False,False,True
204,203,0xCB,?EnableNodesPainting@Graphics@@YAX_N@Z,void __cdecl Graphics::EnableNodesPainting(bool),method,,Graphics,EnableNodesPainting,bool,False,False,False,False,False,False,True
205,204,0xCC,?GetBoundingBoxNDC@Graphics@@YA_NXZ,bool __cdecl Graphics::GetBoundingBoxNDC(void),method,,Graphics,GetBoundingBoxNDC,void,False,False,False,False,False,False,True
206,205,0xCD,?GetCollisionShellRenderModeBits@Graphics@@YAIXZ,unsigned int __cdecl Graphics::GetCollisionShellRenderModeBits(void),method,,Graphics,GetCollisionShellRenderModeBits,void,False,False,False,False,False,False,True
207,206,0xCE,?GetDistanceAdder2@Graphics@@YAMXZ,float __cdecl Graphics::GetDistanceAdder2(void),method,,Graphics,GetDistanceAdder2,void,False,False,False,False,False,False,True
208,207,0xCF,?GetDistanceAdder@Graphics@@YAMXZ,float __cdecl Graphics::GetDistanceAdder(void),method,,Graphics,GetDistanceAdder,void,False,False,False,False,False,False,True
209,208,0xD0,?GetDistanceMultiplier2@Graphics@@YAMXZ,float __cdecl Graphics::GetDistanceMultiplier2(void),method,,Graphics,GetDistanceMultiplier2,void,False,False,False,False,False,False,True
210,209,0xD1,?GetDistanceMultiplier@Graphics@@YAMXZ,float __cdecl Graphics::GetDistanceMultiplier(void),method,,Graphics,GetDistanceMultiplier,void,False,False,False,False,False,False,True
211,210,0xD2,?GetLodMults@Graphics@@YAXMAEAM0@Z,"void __cdecl Graphics::GetLodMults(float, float &, float &)",method,,Graphics,GetLodMults,"float, float &, float &",False,False,False,False,False,False,True
212,211,0xD3,?IsBonesDrawing@Graphics@@YA_NXZ,bool __cdecl Graphics::IsBonesDrawing(void),method,,Graphics,IsBonesDrawing,void,False,False,False,False,False,False,True
213,212,0xD4,?IsNodesPainting@Graphics@@YA_NXZ,bool __cdecl Graphics::IsNodesPainting(void),method,,Graphics,IsNodesPainting,void,False,False,False,False,False,False,True
214,213,0xD5,?LightBufferTypeToString@render@@YAPEBDW4LightBufferType@1@@Z,char const * __cdecl render::LightBufferTypeToString(enum render::LightBufferType),method,,render,LightBufferTypeToString,enum render::LightBufferType,False,False,False,False,False,False,True
215,214,0xD6,?SetBoundingBoxNDC@Graphics@@YAX_N@Z,void __cdecl Graphics::SetBoundingBoxNDC(bool),method,,Graphics,SetBoundingBoxNDC,bool,False,False,False,False,False,False,True
216,215,0xD7,?SetCollisionShellRenderModeBits@Graphics@@YAXI@Z,void __cdecl Graphics::SetCollisionShellRenderModeBits(unsigned int),method,,Graphics,SetCollisionShellRenderModeBits,unsigned int,False,False,False,False,False,False,True
217,216,0xD8,?SetDistanceMultipliers@Graphics@@YAXMM@Z,"void __cdecl Graphics::SetDistanceMultipliers(float, float)",method,,Graphics,SetDistanceMultipliers,"float, float",False,False,False,False,False,False,True
218,217,0xD9,?adaptation@ToneMapper@deferredShading@@QEAAXAEBVStructuredBuffer@render@@MHH_N1IVTexture@4@@Z,"public: void __cdecl deferredShading::ToneMapper::adaptation(class render::StructuredBuffer const &, float, int, int, bool, bool, unsigned int, class render::Texture)",method,deferredShading,ToneMapper,adaptation,"class render::StructuredBuffer const &, float, int, int, bool, bool, unsigned int, class render::Texture",False,False,False,False,False,False,True
219,218,0xDA,?adaptation@ToneMapperWrapper@deferredShading@@QEAAXH_N0@Z,"public: void __cdecl deferredShading::ToneMapperWrapper::adaptation(int, bool, bool)",method,deferredShading,ToneMapperWrapper,adaptation,"int, bool, bool",False,False,False,False,False,False,True
220,219,0xDB,?adaptationShared@ToneMapperWrapper@deferredShading@@QEAAXI_N0@Z,"public: void __cdecl deferredShading::ToneMapperWrapper::adaptationShared(unsigned int, bool, bool)",method,deferredShading,ToneMapperWrapper,adaptationShared,"unsigned int, bool, bool",False,False,False,False,False,False,True
221,220,0xDC,?addAdaptationPass@ToneMappingModule@render@@QEAAXAEAVRenderGraph@2@NHVRenderGraphTexture@2@@Z,"public: void __cdecl render::ToneMappingModule::addAdaptationPass(class render::RenderGraph &, double, int, class render::RenderGraphTexture)",method,render,ToneMappingModule,addAdaptationPass,"class render::RenderGraph &, double, int, class render::RenderGraphTexture",False,False,False,False,False,False,True
222,221,0xDD,?addCascadeShadowMapPass@ShadowMapModule@render@@QEAA?AVRenderGraphTexture@2@AEAVRenderGraph@2@AEBUParams@12@AEBUFrameContext@2@AEBUISceneRenderContextBinder@2@@Z,"public: class render::RenderGraphTexture __cdecl render::ShadowMapModule::addCascadeShadowMapPass(class render::RenderGraph &, struct render::ShadowMapModule::Params const &, struct render::FrameContext const &, struct render::ISceneRenderContextBinder const &)",method,render,ShadowMapModule,addCascadeShadowMapPass,"class render::RenderGraph &, struct render::ShadowMapModule::Params const &, struct render::FrameContext const &, struct render::ISceneRenderContextBinder const &",False,False,False,False,False,False,True
223,222,0xDE,?addColorCopyWithDepthTestAndResolvePass@CopyPass@render@@QEAAXAEAVRenderGraph@2@VRenderGraphTexture@2@11AEBVVec4i@osg@@AEBVVec4f@6@M@Z,"public: void __cdecl render::CopyPass::addColorCopyWithDepthTestAndResolvePass(class render::RenderGraph &, class render::RenderGraphTexture, class render::RenderGraphTexture, class render::RenderGraphTexture, class osg::Vec4i const &, class osg::Vec4f const &, float)",method,render,CopyPass,addColorCopyWithDepthTestAndResolvePass,"class render::RenderGraph &, class render::RenderGraphTexture, class render::RenderGraphTexture, class render::RenderGraphTexture, class osg::Vec4i const &, class osg::Vec4f const &, float",False,False,False,False,False,False,True
224,223,0xDF,?addComposedShadowsBlurPass@ShadowMapModule@render@@QEAAXPEBDAEAVRenderGraph@2@AEBUISceneRenderContextBinder@2@AEBUSceneRenderContext@2@VRenderGraphTexture@2@44AEBVViewportTag@2@@Z,"public: void __cdecl render::ShadowMapModule::addComposedShadowsBlurPass(char const *, class render::RenderGraph &, struct render::ISceneRenderContextBinder const &, struct render::SceneRenderContext const &, class render::RenderGraphTexture, class render::RenderGraphTexture, class render::RenderGraphTexture, class render::ViewportTag const &)",method,render,ShadowMapModule,addComposedShadowsBlurPass,"char const *, class render::RenderGraph &, struct render::ISceneRenderContextBinder const &, struct render::SceneRenderContext const &, class render::RenderGraphTexture, class render::RenderGraphTexture, class render::RenderGraphTexture, class render::ViewportTag const &",False,False,False,False,False,False,True
225,224,0xE0,?addCopyDepthWithResolveForHMDPass@CopyPass@render@@QEAAXAEAVRenderGraph@2@VRenderGraphTexture@2@VTexture@2@AEBVVec4i@osg@@@Z,"public: void __cdecl render::CopyPass::addCopyDepthWithResolveForHMDPass(class render::RenderGraph &, class render::RenderGraphTexture, class render::Texture, class osg::Vec4i const &)",method,render,CopyPass,addCopyDepthWithResolveForHMDPass,"class render::RenderGraph &, class render::RenderGraphTexture, class render::Texture, class osg::Vec4i const &",False,False,False,False,False,False,True
226,225,0xE1,?addCopyWithResolveForHMDPass@CopyPass@render@@QEAAXAEAVRenderGraph@2@VRenderGraphTexture@2@VTexture@2@AEBVVec4i@osg@@AEBVVec4f@7@@Z,"public: void __cdecl render::CopyPass::addCopyWithResolveForHMDPass(class render::RenderGraph &, class render::RenderGraphTexture, class render::Texture, class osg::Vec4i const &, class osg::Vec4f const &)",method,render,CopyPass,addCopyWithResolveForHMDPass,"class render::RenderGraph &, class render::RenderGraphTexture, class render::Texture, class osg::Vec4i const &, class osg::Vec4f const &",False,False,False,False,False,False,True
227,226,0xE2,?addCopyWithResolvePass@CopyPass@render@@QEAAXAEAVRenderGraph@2@VRenderGraphTexture@2@1AEBVVec4i@osg@@AEBVVec4f@6@HM@Z,"public: void __cdecl render::CopyPass::addCopyWithResolvePass(class render::RenderGraph &, class render::RenderGraphTexture, class render::RenderGraphTexture, class osg::Vec4i const &, class osg::Vec4f const &, int, float)",method,render,CopyPass,addCopyWithResolvePass,"class render::RenderGraph &, class render::RenderGraphTexture, class render::RenderGraphTexture, class osg::Vec4i const &, class osg::Vec4f const &, int, float",False,False,False,False,False,False,True
228,227,0xE3,?addCountry@LiveryBuilder@@QEAA?AV1@PEBD@Z,public: class LiveryBuilder __cdecl LiveryBuilder::addCountry(char const *),method,,LiveryBuilder,addCountry,char const *,False,False,False,False,False,False,True
229,228,0xE4,?addCustomArgument@LiveryBuilder@@QEAA?AV1@IM@Z,"public: class LiveryBuilder __cdecl LiveryBuilder::addCustomArgument(unsigned int, float)",method,,LiveryBuilder,addCustomArgument,"unsigned int, float",False,False,False,False,False,False,True
230,229,0xE5,?addDeferredShadingPass@DeferredShadingModule@render@@QEAA?AUGBuffer@12@AEAVRenderGraph@2@AEBUISceneRenderContextBinder@2@AEBUParams@12@AEBUSceneRenderContext@2@AEAUClippingVolume@2@VRenderGraphTexture@2@5AEBV?$initializer_list@VShadingModel@render@@@std@@PEBVIRenderGraphDependencyList@2@VViewportTag@2@@Z,"public: struct render::DeferredShadingModule::GBuffer __cdecl render::DeferredShadingModule::addDeferredShadingPass(class render::RenderGraph &, struct render::ISceneRenderContextBinder const &, struct render::DeferredShadingModule::Params const &, struct render::SceneRenderContext const &, struct render::ClippingVolume &, class render::RenderGraphTexture, class render::RenderGraphTexture, class std::initializer_list<class render::ShadingModel> const &, class render::IRenderGraphDependencyList const *, class render::ViewportTag)",method,render,DeferredShadingModule,addDeferredShadingPass,"class render::RenderGraph &, struct render::ISceneRenderContextBinder const &, struct render::DeferredShadingModule::Params const &, struct render::SceneRenderContext const &, struct render::ClippingVolume &, class render::RenderGraphTexture, class render::RenderGraphTexture, class std::initializer_list<class render::ShadingModel> const &, class render::IRenderGraphDependencyList const *, class render::ViewportTag",False,False,False,False,False,False,True
231,230,0xE6,?addDepthResolvePass@DepthResolverModule@render@@QEAA?AVRenderGraphTexture@2@PEBDAEAVRenderGraph@2@V32@0_NAEBVViewportTag@2@@Z,"public: class render::RenderGraphTexture __cdecl render::DepthResolverModule::addDepthResolvePass(char const *, class render::RenderGraph &, class render::RenderGraphTexture, char const *, bool, class render::ViewportTag const &)",method,render,DepthResolverModule,addDepthResolvePass,"char const *, class render::RenderGraph &, class render::RenderGraphTexture, char const *, bool, class render::ViewportTag const &",False,False,False,False,False,False,True
232,231,0xE7,?addDepthUpscalePass@DepthResolverModule@render@@QEAA?AVRenderGraphTexture@2@PEBDAEAVRenderGraph@2@V32@AEBVVec4f@osg@@AEBVVec2i@6@22AEBVViewportTag@2@@Z,"public: class render::RenderGraphTexture __cdecl render::DepthResolverModule::addDepthUpscalePass(char const *, class render::RenderGraph &, class render::RenderGraphTexture, class osg::Vec4f const &, class osg::Vec2i const &, class render::RenderGraphTexture, class render::RenderGraphTexture, class render::ViewportTag const &)",method,render,DepthResolverModule,addDepthUpscalePass,"char const *, class render::RenderGraph &, class render::RenderGraphTexture, class osg::Vec4f const &, class osg::Vec2i const &, class render::RenderGraphTexture, class render::RenderGraphTexture, class render::ViewportTag const &",False,False,False,False,False,False,True
233,232,0xE8,?addEnvironmentCubePass@EnvironmentModule@render@@QEAAXAEAVRenderGraph@2@AEBUISceneRenderContextBinder@2@AEBUParams@12@AEBUFrameContext@2@VRenderGraphTexture@2@444PEBVIRenderGraphDependencyList@2@@Z,"public: void __cdecl render::EnvironmentModule::addEnvironmentCubePass(class render::RenderGraph &, struct render::ISceneRenderContextBinder const &, struct render::EnvironmentModule::Params const &, struct render::FrameContext const &, class render::RenderGraphTexture, class render::RenderGraphTexture, class render::RenderGraphTexture, class render::RenderGraphTexture, class render::IRenderGraphDependencyList const *)",method,render,EnvironmentModule,addEnvironmentCubePass,"class render::RenderGraph &, struct render::ISceneRenderContextBinder const &, struct render::EnvironmentModule::Params const &, struct render::FrameContext const &, class render::RenderGraphTexture, class render::RenderGraphTexture, class render::RenderGraphTexture, class render::RenderGraphTexture, class render::IRenderGraphDependencyList const *",False,False,False,False,False,False,True
234,233,0xE9,?addFrustum@Shadows@enlight@@QEAAXAEBU?$FrustumDesc@VVec3f@osg@@$07@ed@@@Z,"public: void __cdecl enlight::Shadows::addFrustum(struct ed::FrustumDesc<class osg::Vec3f, 8> const &)",method,enlight,Shadows,addFrustum,"struct ed::FrustumDesc<class osg::Vec3f, 8> const &",False,False,False,False,False,False,True
235,234,0xEA,?addFrustum@Shadows@enlight@@QEAAXAEBVMatrixf@osg@@0@Z,"public: void __cdecl enlight::Shadows::addFrustum(class osg::Matrixf const &, class osg::Matrixf const &)",method,enlight,Shadows,addFrustum,"class osg::Matrixf const &, class osg::Matrixf const &",False,False,False,False,False,False,True
236,235,0xEB,?addGBufferPass@DeferredShadingModule@render@@QEAAXAEAVRenderGraph@2@AEBUISceneRenderContextBinder@2@AEBUParams@12@AEBUSceneRenderContext@2@AEAUClippingVolume@2@UGBuffer@12@VRenderGraphTexture@2@6VShadingModel@2@_N8PEBVIRenderGraphDependencyList@2@AEBVViewportTag@2@@Z,"public: void __cdecl render::DeferredShadingModule::addGBufferPass(class render::RenderGraph &, struct render::ISceneRenderContextBinder const &, struct render::DeferredShadingModule::Params const &, struct render::SceneRenderContext const &, struct render::ClippingVolume &, struct render::DeferredShadingModule::GBuffer, class render::RenderGraphTexture, class render::RenderGraphTexture, class render::ShadingModel, bool, bool, class render::IRenderGraphDependencyList const *, class render::ViewportTag const &)",method,render,DeferredShadingModule,addGBufferPass,"class render::RenderGraph &, struct render::ISceneRenderContextBinder const &, struct render::DeferredShadingModule::Params const &, struct render::SceneRenderContext const &, struct render::ClippingVolume &, struct render::DeferredShadingModule::GBuffer, class render::RenderGraphTexture, class render::RenderGraphTexture, class render::ShadingModel, bool, bool, class render::IRenderGraphDependencyList const *, class render::ViewportTag const &",False,False,False,False,False,False,True
237,236,0xEC,?addGeneratorPass@WaterModule@render@@QEAA?AVRenderGraphTexture@2@AEAVRenderGraph@2@@Z,public: class render::RenderGraphTexture __cdecl render::WaterModule::addGeneratorPass(class render::RenderGraph &),method,render,WaterModule,addGeneratorPass,class render::RenderGraph &,False,False,False,False,False,False,True
238,237,0xED,?addHeightMapPass@HeightMapModule@render@@QEAA?AVRenderGraphTexture@2@AEAVRenderGraph@2@AEBUISceneRenderContextBinder@2@AEBVTerrainModule@2@AEBUITerrainRenderer@62@AEBUFrameContext@2@@Z,"public: class render::RenderGraphTexture __cdecl render::HeightMapModule::addHeightMapPass(class render::RenderGraph &, struct render::ISceneRenderContextBinder const &, class render::TerrainModule const &, struct render::TerrainModule::ITerrainRenderer const &, struct render::FrameContext const &)",method,render,HeightMapModule,addHeightMapPass,"class render::RenderGraph &, struct render::ISceneRenderContextBinder const &, class render::TerrainModule const &, struct render::TerrainModule::ITerrainRenderer const &, struct render::FrameContext const &",False,False,False,False,False,False,True
239,238,0xEE,?addHistogramComputePass@ToneMappingModule@render@@AEAAXAEAVRenderGraph@2@VRenderGraphTexture@2@AEAVRenderGraphBuffer@2@H@Z,"private: void __cdecl render::ToneMappingModule::addHistogramComputePass(class render::RenderGraph &, class render::RenderGraphTexture, class render::RenderGraphBuffer &, int)",method,render,ToneMappingModule,addHistogramComputePass,"class render::RenderGraph &, class render::RenderGraphTexture, class render::RenderGraphBuffer &, int",False,False,False,False,False,False,True
240,239,0xEF,?addLightMapPass@LightMapModule@render@@QEAA?AVRenderGraphTexture@2@AEAVRenderGraph@2@AEBUISceneRenderContextBinder@2@AEBVTerrainModule@2@AEBUITerrainRenderer@62@AEBUSceneRenderContext@2@PEBVIRenderGraphDependencyList@2@AEBVViewportTag@2@@Z,"public: class render::RenderGraphTexture __cdecl render::LightMapModule::addLightMapPass(class render::RenderGraph &, struct render::ISceneRenderContextBinder const &, class render::TerrainModule const &, struct render::TerrainModule::ITerrainRenderer const &, struct render::SceneRenderContext const &, class render::IRenderGraphDependencyList const *, class render::ViewportTag const &)",method,render,LightMapModule,addLightMapPass,"class render::RenderGraph &, struct render::ISceneRenderContextBinder const &, class render::TerrainModule const &, struct render::TerrainModule::ITerrainRenderer const &, struct render::SceneRenderContext const &, class render::IRenderGraphDependencyList const *, class render::ViewportTag const &",False,False,False,False,False,False,True
241,240,0xF0,?addLightingPass@DeferredShadingModule@render@@QEAAXAEAVRenderGraph@2@AEBUISceneRenderContextBinder@2@AEBUParams@12@AEBUSceneRenderContext@2@AEAUClippingVolume@2@UGBuffer@12@VRenderGraphTexture@2@666666666666666HPEBVIRenderGraphDependencyList@2@AEBVViewportTag@2@@Z,"public: void __cdecl render::DeferredShadingModule::addLightingPass(class render::RenderGraph &, struct render::ISceneRenderContextBinder const &, struct render::DeferredShadingModule::Params const &, struct render::SceneRenderContext const &, struct render::ClippingVolume &, struct render::DeferredShadingModule::GBuffer, class render::RenderGraphTexture, class render::RenderGraphTexture, class render::RenderGraphTexture, class render::RenderGraphTexture, class render::RenderGraphTexture, class render::RenderGraphTexture, class render::RenderGraphTexture, class render::RenderGraphTexture, class render::RenderGraphTexture, class render::RenderGraphTexture, class render::RenderGraphTexture, class render::RenderGraphTexture, class render::RenderGraphTexture, class render::RenderGraphTexture, class render::RenderGraphTexture, class render::RenderGraphTexture, int, class render::IRenderGraphDependencyList const *, class render::ViewportTag const &)",method,render,DeferredShadingModule,addLightingPass,"class render::RenderGraph &, struct render::ISceneRenderContextBinder const &, struct render::DeferredShadingModule::Params const &, struct render::SceneRenderContext const &, struct render::ClippingVolume &, struct render::DeferredShadingModule::GBuffer, class render::RenderGraphTexture, class render::RenderGraphTexture, class render::RenderGraphTexture, class render::RenderGraphTexture, class render::RenderGraphTexture, class render::RenderGraphTexture, class render::RenderGraphTexture, class render::RenderGraphTexture, class render::RenderGraphTexture, class render::RenderGraphTexture, class render::RenderGraphTexture, class render::RenderGraphTexture, class render::RenderGraphTexture, class render::RenderGraphTexture, class render::RenderGraphTexture, class render::RenderGraphTexture, int, class render::IRenderGraphDependencyList const *, class render::ViewportTag const &",False,False,False,False,False,False,True
242,241,0xF1,?addLightsBuffersPass@TerrainModule@render@@QEAA?AURenderGraphLightsBuffers@2@AEAVRenderGraph@2@AEBUISceneRenderContextBinder@2@AEBUSceneRenderContext@2@AEAUClippingVolume@2@AEAUITerrainRenderer@12@AEBVViewportTag@2@@Z,"public: struct render::RenderGraphLightsBuffers __cdecl render::TerrainModule::addLightsBuffersPass(class render::RenderGraph &, struct render::ISceneRenderContextBinder const &, struct render::SceneRenderContext const &, struct render::ClippingVolume &, struct render::TerrainModule::ITerrainRenderer &, class render::ViewportTag const &)",method,render,TerrainModule,addLightsBuffersPass,"class render::RenderGraph &, struct render::ISceneRenderContextBinder const &, struct render::SceneRenderContext const &, struct render::ClippingVolume &, struct render::TerrainModule::ITerrainRenderer &, class render::ViewportTag const &",False,False,False,False,False,False,True
243,242,0xF2,?addLightsCollection@SecondaryShadowmapModule@render@@QEAAXAEBVRenderGraphLightsCollection@2@AEBVMatrixf@osg@@@Z,"public: void __cdecl render::SecondaryShadowmapModule::addLightsCollection(class render::RenderGraphLightsCollection const &, class osg::Matrixf const &)",method,render,SecondaryShadowmapModule,addLightsCollection,"class render::RenderGraphLightsCollection const &, class osg::Matrixf const &",False,False,False,False,False,False,True
244,243,0xF3,?addLightsPrePass@ScreenTilesModule@render@@QEAA?AUTiledLightsResources@2@AEAVRenderGraph@2@AEBUISceneRenderContextBinder@2@AEBUSceneRenderContext@2@AEAUClippingVolume@2@VSpectrumModel@2@VRenderGraphTexture@2@PEAVSecondaryShadowmapModule@2@URenderGraphLightsBuffers@2@AEBVViewportTag@2@@Z,"public: struct render::TiledLightsResources __cdecl render::ScreenTilesModule::addLightsPrePass(class render::RenderGraph &, struct render::ISceneRenderContextBinder const &, struct render::SceneRenderContext const &, struct render::ClippingVolume &, class render::SpectrumModel, class render::RenderGraphTexture, class render::SecondaryShadowmapModule *, struct render::RenderGraphLightsBuffers, class render::ViewportTag const &)",method,render,ScreenTilesModule,addLightsPrePass,"class render::RenderGraph &, struct render::ISceneRenderContextBinder const &, struct render::SceneRenderContext const &, struct render::ClippingVolume &, class render::SpectrumModel, class render::RenderGraphTexture, class render::SecondaryShadowmapModule *, struct render::RenderGraphLightsBuffers, class render::ViewportTag const &",False,False,False,False,False,False,True
245,244,0xF4,?addLuminancePass@ToneMappingModule@render@@AEAAXAEAVRenderGraph@2@VRenderGraphTexture@2@AEAVRenderGraphBuffer@2@H@Z,"private: void __cdecl render::ToneMappingModule::addLuminancePass(class render::RenderGraph &, class render::RenderGraphTexture, class render::RenderGraphBuffer &, int)",method,render,ToneMappingModule,addLuminancePass,"class render::RenderGraph &, class render::RenderGraphTexture, class render::RenderGraphBuffer &, int",False,False,False,False,False,False,True
246,245,0xF5,?addMotionBlurPass@MotionBlurModule@render@@QEAA?AVRenderGraphTexture@2@PEBDAEAVRenderGraph@2@AEBUSceneRenderContext@2@V32@333@Z,"public: class render::RenderGraphTexture __cdecl render::MotionBlurModule::addMotionBlurPass(char const *, class render::RenderGraph &, struct render::SceneRenderContext const &, class render::RenderGraphTexture, class render::RenderGraphTexture, class render::RenderGraphTexture, class render::RenderGraphTexture)",method,render,MotionBlurModule,addMotionBlurPass,"char const *, class render::RenderGraph &, struct render::SceneRenderContext const &, class render::RenderGraphTexture, class render::RenderGraphTexture, class render::RenderGraphTexture, class render::RenderGraphTexture",False,False,False,False,False,False,True
247,246,0xF6,?addPass@SSAOModule@render@@QEAA?AUSSAOTextures@12@PEBDAEAVRenderGraph@2@AEBUISceneRenderContextBinder@2@AEBUSceneRenderContext@2@VRenderGraphTexture@2@440@Z,"public: struct render::SSAOModule::SSAOTextures __cdecl render::SSAOModule::addPass(char const *, class render::RenderGraph &, struct render::ISceneRenderContextBinder const &, struct render::SceneRenderContext const &, class render::RenderGraphTexture, class render::RenderGraphTexture, class render::RenderGraphTexture, char const *)",method,render,SSAOModule,addPass,"char const *, class render::RenderGraph &, struct render::ISceneRenderContextBinder const &, struct render::SceneRenderContext const &, class render::RenderGraphTexture, class render::RenderGraphTexture, class render::RenderGraphTexture, char const *",False,False,False,False,False,False,True
248,247,0xF7,?addPass@SSLRModule@render@@QEAA?AVRenderGraphTexture@2@PEBD0AEAVRenderGraph@2@AEBUISceneRenderContextBinder@2@AEBUSceneRenderContext@2@V32@4444PEBVIRenderGraphDependencyList@2@@Z,"public: class render::RenderGraphTexture __cdecl render::SSLRModule::addPass(char const *, char const *, class render::RenderGraph &, struct render::ISceneRenderContextBinder const &, struct render::SceneRenderContext const &, class render::RenderGraphTexture, class render::RenderGraphTexture, class render::RenderGraphTexture, class render::RenderGraphTexture, class render::RenderGraphTexture, class render::IRenderGraphDependencyList const *)",method,render,SSLRModule,addPass,"char const *, char const *, class render::RenderGraph &, struct render::ISceneRenderContextBinder const &, struct render::SceneRenderContext const &, class render::RenderGraphTexture, class render::RenderGraphTexture, class render::RenderGraphTexture, class render::RenderGraphTexture, class render::RenderGraphTexture, class render::IRenderGraphDependencyList const *",False,False,False,False,False,False,True
249,248,0xF8,?addPass@SSSModule@render@@QEAA?AVRenderGraphTexture@2@PEBDAEAVRenderGraph@2@AEBUSceneRenderContext@2@V32@0@Z,"public: class render::RenderGraphTexture __cdecl render::SSSModule::addPass(char const *, class render::RenderGraph &, struct render::SceneRenderContext const &, class render::RenderGraphTexture, char const *)",method,render,SSSModule,addPass,"char const *, class render::RenderGraph &, struct render::SceneRenderContext const &, class render::RenderGraphTexture, char const *",False,False,False,False,False,False,True
250,249,0xF9,?addPasses@SecondaryShadowmapModule@render@@QEAA?AVRenderGraphTexture@2@AEAVRenderGraph@2@AEBUParams@12@AEBUFrameContext@2@AEBUISceneRenderContextBinder@2@@Z,"public: class render::RenderGraphTexture __cdecl render::SecondaryShadowmapModule::addPasses(class render::RenderGraph &, struct render::SecondaryShadowmapModule::Params const &, struct render::FrameContext const &, struct render::ISceneRenderContextBinder const &)",method,render,SecondaryShadowmapModule,addPasses,"class render::RenderGraph &, struct render::SecondaryShadowmapModule::Params const &, struct render::FrameContext const &, struct render::ISceneRenderContextBinder const &",False,False,False,False,False,False,True
251,250,0xFA,?addPasses@WaterModule@render@@QEAA?AUResultTextures@12@HAEAVRenderGraph@2@AEBUISceneRenderContextBinder@2@AEBUSceneRenderContext@2@AEAUClippingVolume@2@VRenderGraphTexture@2@444444AEBVIRenderGraphDependencyList@2@AEBVViewportTag@2@@Z,"public: struct render::WaterModule::ResultTextures __cdecl render::WaterModule::addPasses(int, class render::RenderGraph &, struct render::ISceneRenderContextBinder const &, struct render::SceneRenderContext const &, struct render::ClippingVolume &, class render::RenderGraphTexture, class render::RenderGraphTexture, class render::RenderGraphTexture, class render::RenderGraphTexture, class render::RenderGraphTexture, class render::RenderGraphTexture, class render::RenderGraphTexture, class render::IRenderGraphDependencyList const &, class render::ViewportTag const &)",method,render,WaterModule,addPasses,"int, class render::RenderGraph &, struct render::ISceneRenderContextBinder const &, struct render::SceneRenderContext const &, struct render::ClippingVolume &, class render::RenderGraphTexture, class render::RenderGraphTexture, class render::RenderGraphTexture, class render::RenderGraphTexture, class render::RenderGraphTexture, class render::RenderGraphTexture, class render::RenderGraphTexture, class render::IRenderGraphDependencyList const &, class render::ViewportTag const &",False,False,False,False,False,False,True
252,251,0xFB,?addPrePass@AtmosphereModule@render@@QEAAXAEAVRenderGraph@2@AEBVVec3f@osg@@AEBUFrameContext@2@_N@Z,"public: void __cdecl render::AtmosphereModule::addPrePass(class render::RenderGraph &, class osg::Vec3f const &, struct render::FrameContext const &, bool)",method,render,AtmosphereModule,addPrePass,"class render::RenderGraph &, class osg::Vec3f const &, struct render::FrameContext const &, bool",False,False,False,False,False,False,True
253,252,0xFC,?addPrefilterPass@EnvironmentModule@render@@QEAAXAEAVRenderGraph@2@AEAUEnvironmentCubeTarget@environment@@_N2H@Z,"public: void __cdecl render::EnvironmentModule::addPrefilterPass(class render::RenderGraph &, struct environment::EnvironmentCubeTarget &, bool, bool, int)",method,render,EnvironmentModule,addPrefilterPass,"class render::RenderGraph &, struct environment::EnvironmentCubeTarget &, bool, bool, int",False,False,False,False,False,False,True
254,253,0xFD,?addReflectionPass@WaterModule@render@@AEAA?AVRenderGraphTexture@2@HAEAVRenderGraph@2@AEBUISceneRenderContextBinder@2@AEBUSceneRenderContext@2@V32@333333AEBVIRenderGraphDependencyList@2@@Z,"private: class render::RenderGraphTexture __cdecl render::WaterModule::addReflectionPass(int, class render::RenderGraph &, struct render::ISceneRenderContextBinder const &, struct render::SceneRenderContext const &, class render::RenderGraphTexture, class render::RenderGraphTexture, class render::RenderGraphTexture, class render::RenderGraphTexture, class render::RenderGraphTexture, class render::RenderGraphTexture, class render::RenderGraphTexture, class render::IRenderGraphDependencyList const &)",method,render,WaterModule,addReflectionPass,"int, class render::RenderGraph &, struct render::ISceneRenderContextBinder const &, struct render::SceneRenderContext const &, class render::RenderGraphTexture, class render::RenderGraphTexture, class render::RenderGraphTexture, class render::RenderGraphTexture, class render::RenderGraphTexture, class render::RenderGraphTexture, class render::RenderGraphTexture, class render::IRenderGraphDependencyList const &",False,False,False,False,False,False,True
255,254,0xFE,?addRefractionPass@WaterModule@render@@AEAA?AVRenderGraphTexture@2@AEAVRenderGraph@2@AEBUISceneRenderContextBinder@2@AEBUSceneRenderContext@2@AEAUClippingVolume@2@V32@4444AEBVIRenderGraphDependencyList@2@_N@Z,"private: class render::RenderGraphTexture __cdecl render::WaterModule::addRefractionPass(class render::RenderGraph &, struct render::ISceneRenderContextBinder const &, struct render::SceneRenderContext const &, struct render::ClippingVolume &, class render::RenderGraphTexture, class render::RenderGraphTexture, class render::RenderGraphTexture, class render::RenderGraphTexture, class render::RenderGraphTexture, class render::IRenderGraphDependencyList const &, bool)",method,render,WaterModule,addRefractionPass,"class render::RenderGraph &, struct render::ISceneRenderContextBinder const &, struct render::SceneRenderContext const &, struct render::ClippingVolume &, class render::RenderGraphTexture, class render::RenderGraphTexture, class render::RenderGraphTexture, class render::RenderGraphTexture, class render::RenderGraphTexture, class render::IRenderGraphDependencyList const &, bool",False,False,False,False,False,False,True
256,255,0xFF,?addRenderPass@GPUDebugRendererModule@render@@QEAAXAEAVRenderGraph@2@AEBUISceneRenderContextBinder@2@AEBUSceneRenderContext@2@VRenderGraphTexture@2@3@Z,"public: void __cdecl render::GPUDebugRendererModule::addRenderPass(class render::RenderGraph &, struct render::ISceneRenderContextBinder const &, struct render::SceneRenderContext const &, class render::RenderGraphTexture, class render::RenderGraphTexture)",method,render,GPUDebugRendererModule,addRenderPass,"class render::RenderGraph &, struct render::ISceneRenderContextBinder const &, struct render::SceneRenderContext const &, class render::RenderGraphTexture, class render::RenderGraphTexture",False,False,False,False,False,False,True
257,256,0x100,?addRiversPass@WaterModule@render@@AEAAXAEAVRenderGraph@2@AEBUISceneRenderContextBinder@2@AEBUSceneRenderContext@2@AEAUClippingVolume@2@VRenderGraphTexture@2@4444@Z,"private: void __cdecl render::WaterModule::addRiversPass(class render::RenderGraph &, struct render::ISceneRenderContextBinder const &, struct render::SceneRenderContext const &, struct render::ClippingVolume &, class render::RenderGraphTexture, class render::RenderGraphTexture, class render::RenderGraphTexture, class render::RenderGraphTexture, class render::RenderGraphTexture)",method,render,WaterModule,addRiversPass,"class render::RenderGraph &, struct render::ISceneRenderContextBinder const &, struct render::SceneRenderContext const &, struct render::ClippingVolume &, class render::RenderGraphTexture, class render::RenderGraphTexture, class render::RenderGraphTexture, class render::RenderGraphTexture, class render::RenderGraphTexture",False,False,False,False,False,False,True
258,257,0x101,?addSamplesPrePass@AtmosphereModule@render@@QEAA?AVRenderGraphBuffer@2@AEAVRenderGraph@2@AEBUISceneRenderContextBinder@2@AEBVVec3f@osg@@AEBUFrameContext@2@VRenderGraphTexture@2@44PEBUILightProbesProvider@2@@Z,"public: class render::RenderGraphBuffer __cdecl render::AtmosphereModule::addSamplesPrePass(class render::RenderGraph &, struct render::ISceneRenderContextBinder const &, class osg::Vec3f const &, struct render::FrameContext const &, class render::RenderGraphTexture, class render::RenderGraphTexture, class render::RenderGraphTexture, struct render::ILightProbesProvider const *)",method,render,AtmosphereModule,addSamplesPrePass,"class render::RenderGraph &, struct render::ISceneRenderContextBinder const &, class osg::Vec3f const &, struct render::FrameContext const &, class render::RenderGraphTexture, class render::RenderGraphTexture, class render::RenderGraphTexture, struct render::ILightProbesProvider const *",False,False,False,False,False,False,True
259,258,0x102,?addSeaPass@WaterModule@render@@AEAAXAEAVRenderGraph@2@AEBUISceneRenderContextBinder@2@AEBUSceneRenderContext@2@VRenderGraphTexture@2@33333AEBVIRenderGraphDependencyList@2@@Z,"private: void __cdecl render::WaterModule::addSeaPass(class render::RenderGraph &, struct render::ISceneRenderContextBinder const &, struct render::SceneRenderContext const &, class render::RenderGraphTexture, class render::RenderGraphTexture, class render::RenderGraphTexture, class render::RenderGraphTexture, class render::RenderGraphTexture, class render::RenderGraphTexture, class render::IRenderGraphDependencyList const &)",method,render,WaterModule,addSeaPass,"class render::RenderGraph &, struct render::ISceneRenderContextBinder const &, struct render::SceneRenderContext const &, class render::RenderGraphTexture, class render::RenderGraphTexture, class render::RenderGraphTexture, class render::RenderGraphTexture, class render::RenderGraphTexture, class render::RenderGraphTexture, class render::IRenderGraphDependencyList const &",False,False,False,False,False,False,True
260,259,0x103,?addSimpleRenderingPass@render@@YAXPEBDAEAVRenderGraph@1@AEBUISceneRenderContextBinder@1@AEBUSceneRenderContext@1@AEAUClippingVolume@1@VShadingModel@1@VRenderGraphTexture@1@6UShadowMapContext@31@_N8PEBVIRenderGraphDependencyList@1@MAEBVVec4f@osg@@AEBVViewportTag@1@PEBULODInfo@1@@Z,"void __cdecl render::addSimpleRenderingPass(char const *, class render::RenderGraph &, struct render::ISceneRenderContextBinder const &, struct render::SceneRenderContext const &, struct render::ClippingVolume &, class render::ShadingModel, class render::RenderGraphTexture, class render::RenderGraphTexture, struct render::ISceneRenderContextBinder::ShadowMapContext, bool, bool, class render::IRenderGraphDependencyList const *, float, class osg::Vec4f const &, class render::ViewportTag const &, struct render::LODInfo const *)",method,,render,addSimpleRenderingPass,"char const *, class render::RenderGraph &, struct render::ISceneRenderContextBinder const &, struct render::SceneRenderContext const &, struct render::ClippingVolume &, class render::ShadingModel, class render::RenderGraphTexture, class render::RenderGraphTexture, struct render::ISceneRenderContextBinder::ShadowMapContext, bool, bool, class render::IRenderGraphDependencyList const *, float, class osg::Vec4f const &, class render::ViewportTag const &, struct render::LODInfo const *",False,False,False,False,False,False,True
261,260,0x104,?addSkyPass@AtmosphereModule@render@@QEAA?AVRenderGraphTexture@2@AEAVRenderGraph@2@AEBUISceneRenderContextBinder@2@AEBUViewportContext@2@V32@3PEBDAEBVViewportTag@2@@Z,"public: class render::RenderGraphTexture __cdecl render::AtmosphereModule::addSkyPass(class render::RenderGraph &, struct render::ISceneRenderContextBinder const &, struct render::ViewportContext const &, class render::RenderGraphTexture, class render::RenderGraphTexture, char const *, class render::ViewportTag const &)",method,render,AtmosphereModule,addSkyPass,"class render::RenderGraph &, struct render::ISceneRenderContextBinder const &, struct render::ViewportContext const &, class render::RenderGraphTexture, class render::RenderGraphTexture, char const *, class render::ViewportTag const &",False,False,False,False,False,False,True
262,261,0x105,?addSkyPass@AtmosphereModule@render@@QEAAXAEAVRenderGraph@2@AEBUISceneRenderContextBinder@2@AEBUViewportContext@2@VRenderGraphTexture@2@33_NAEBVViewportTag@2@@Z,"public: void __cdecl render::AtmosphereModule::addSkyPass(class render::RenderGraph &, struct render::ISceneRenderContextBinder const &, struct render::ViewportContext const &, class render::RenderGraphTexture, class render::RenderGraphTexture, class render::RenderGraphTexture, bool, class render::ViewportTag const &)",method,render,AtmosphereModule,addSkyPass,"class render::RenderGraph &, struct render::ISceneRenderContextBinder const &, struct render::ViewportContext const &, class render::RenderGraphTexture, class render::RenderGraphTexture, class render::RenderGraphTexture, bool, class render::ViewportTag const &",False,False,False,False,False,False,True
263,262,0x106,?addSunFLIRPass@AtmosphereModule@render@@QEAAXAEAVRenderGraph@2@AEBUISceneRenderContextBinder@2@AEBUSceneRenderContext@2@VRenderGraphTexture@2@3AEBVViewportTag@2@@Z,"public: void __cdecl render::AtmosphereModule::addSunFLIRPass(class render::RenderGraph &, struct render::ISceneRenderContextBinder const &, struct render::SceneRenderContext const &, class render::RenderGraphTexture, class render::RenderGraphTexture, class render::ViewportTag const &)",method,render,AtmosphereModule,addSunFLIRPass,"class render::RenderGraph &, struct render::ISceneRenderContextBinder const &, struct render::SceneRenderContext const &, class render::RenderGraphTexture, class render::RenderGraphTexture, class render::ViewportTag const &",False,False,False,False,False,False,True
264,263,0x107,?addSunGlarePass@AtmosphereModule@render@@QEAAXAEAVRenderGraph@2@AEBUISceneRenderContextBinder@2@AEBUSceneRenderContext@2@VRenderGraphTexture@2@33MAEBVViewportTag@2@@Z,"public: void __cdecl render::AtmosphereModule::addSunGlarePass(class render::RenderGraph &, struct render::ISceneRenderContextBinder const &, struct render::SceneRenderContext const &, class render::RenderGraphTexture, class render::RenderGraphTexture, class render::RenderGraphTexture, float, class render::ViewportTag const &)",method,render,AtmosphereModule,addSunGlarePass,"class render::RenderGraph &, struct render::ISceneRenderContextBinder const &, struct render::SceneRenderContext const &, class render::RenderGraphTexture, class render::RenderGraphTexture, class render::RenderGraphTexture, float, class render::ViewportTag const &",False,False,False,False,False,False,True
265,264,0x108,?addTerrainShadowMapPass@ShadowMapModule@render@@QEAA?AUTerrainShadowResources@12@AEAVRenderGraph@2@AEBUParams@12@AEBUFrameContext@2@AEBUISceneRenderContextBinder@2@PEAUIResourcesChecker@2@@Z,"public: struct render::ShadowMapModule::TerrainShadowResources __cdecl render::ShadowMapModule::addTerrainShadowMapPass(class render::RenderGraph &, struct render::ShadowMapModule::Params const &, struct render::FrameContext const &, struct render::ISceneRenderContextBinder const &, struct render::IResourcesChecker *)",method,render,ShadowMapModule,addTerrainShadowMapPass,"class render::RenderGraph &, struct render::ShadowMapModule::Params const &, struct render::FrameContext const &, struct render::ISceneRenderContextBinder const &, struct render::IResourcesChecker *",False,False,False,False,False,False,True
266,265,0x109,?addTerrainShadowsPass@ShadowMapModule@render@@QEAAXPEBDAEAVRenderGraph@2@AEBUISceneRenderContextBinder@2@AEBUSceneRenderContext@2@VRenderGraphTexture@2@44AEBVViewportTag@2@@Z,"public: void __cdecl render::ShadowMapModule::addTerrainShadowsPass(char const *, class render::RenderGraph &, struct render::ISceneRenderContextBinder const &, struct render::SceneRenderContext const &, class render::RenderGraphTexture, class render::RenderGraphTexture, class render::RenderGraphTexture, class render::ViewportTag const &)",method,render,ShadowMapModule,addTerrainShadowsPass,"char const *, class render::RenderGraph &, struct render::ISceneRenderContextBinder const &, struct render::SceneRenderContext const &, class render::RenderGraphTexture, class render::RenderGraphTexture, class render::RenderGraphTexture, class render::ViewportTag const &",False,False,False,False,False,False,True
267,266,0x10A,?addTexture@LiveryBuilder@@QEAA?AV1@PEBDI0@Z,"public: class LiveryBuilder __cdecl LiveryBuilder::addTexture(char const *, unsigned int, char const *)",method,,LiveryBuilder,addTexture,"char const *, unsigned int, char const *",False,False,False,False,False,False,True
268,267,0x10B,?addToneMappingPass@ToneMappingModule@render@@QEAAXAEAVRenderGraph@2@AEBUParams@12@VRenderGraphTexture@2@2PEBUSceneRenderContext@2@PEBUISceneRenderContextBinder@2@@Z,"public: void __cdecl render::ToneMappingModule::addToneMappingPass(class render::RenderGraph &, struct render::ToneMappingModule::Params const &, class render::RenderGraphTexture, class render::RenderGraphTexture, struct render::SceneRenderContext const *, struct render::ISceneRenderContextBinder const *)",method,render,ToneMappingModule,addToneMappingPass,"class render::RenderGraph &, struct render::ToneMappingModule::Params const &, class render::RenderGraphTexture, class render::RenderGraphTexture, struct render::SceneRenderContext const *, struct render::ISceneRenderContextBinder const *",False,False,False,False,False,False,True
269,268,0x10C,?addToneMappingSimplePass@ToneMappingModule@render@@QEAAXAEAVRenderGraph@2@W4ToneMapperMode@deferredShading@@VRenderGraphTexture@2@2@Z,"public: void __cdecl render::ToneMappingModule::addToneMappingSimplePass(class render::RenderGraph &, enum deferredShading::ToneMapperMode, class render::RenderGraphTexture, class render::RenderGraphTexture)",method,render,ToneMappingModule,addToneMappingSimplePass,"class render::RenderGraph &, enum deferredShading::ToneMapperMode, class render::RenderGraphTexture, class render::RenderGraphTexture",False,False,False,False,False,False,True
270,269,0x10D,?addUpdatePass@IceHaloModule@render@@QEAAXAEAVRenderGraph@2@AEBVVec3f@osg@@@Z,"public: void __cdecl render::IceHaloModule::addUpdatePass(class render::RenderGraph &, class osg::Vec3f const &)",method,render,IceHaloModule,addUpdatePass,"class render::RenderGraph &, class osg::Vec3f const &",False,False,False,False,False,False,True
271,270,0x10E,?addUpdatePass@TerrainModule@render@@QEAAXAEAVRenderGraph@2@AEAUITerrainRenderer@12@@Z,"public: void __cdecl render::TerrainModule::addUpdatePass(class render::RenderGraph &, struct render::TerrainModule::ITerrainRenderer &)",method,render,TerrainModule,addUpdatePass,"class render::RenderGraph &, struct render::TerrainModule::ITerrainRenderer &",False,False,False,False,False,False,True
272,271,0x10F,?addWaterForwardPass@WaterModule@render@@QEAAXPEBDAEAVRenderGraph@2@AEBUISceneRenderContextBinder@2@AEBUSceneRenderContext@2@AEAUClippingVolume@2@VShadingModel@2@VRenderGraphTexture@2@6AEBVIRenderGraphDependencyList@2@AEBVViewportTag@2@@Z,"public: void __cdecl render::WaterModule::addWaterForwardPass(char const *, class render::RenderGraph &, struct render::ISceneRenderContextBinder const &, struct render::SceneRenderContext const &, struct render::ClippingVolume &, class render::ShadingModel, class render::RenderGraphTexture, class render::RenderGraphTexture, class render::IRenderGraphDependencyList const &, class render::ViewportTag const &)",method,render,WaterModule,addWaterForwardPass,"char const *, class render::RenderGraph &, struct render::ISceneRenderContextBinder const &, struct render::SceneRenderContext const &, struct render::ClippingVolume &, class render::ShadingModel, class render::RenderGraphTexture, class render::RenderGraphTexture, class render::IRenderGraphDependencyList const &, class render::ViewportTag const &",False,False,False,False,False,False,True
273,272,0x110,?addWaveMaskPass@WaterModule@render@@AEAAXAEAVRenderGraph@2@AEBUISceneRenderContextBinder@2@AEBUSceneRenderContext@2@AEAUClippingVolume@2@VRenderGraphTexture@2@_N@Z,"private: void __cdecl render::WaterModule::addWaveMaskPass(class render::RenderGraph &, struct render::ISceneRenderContextBinder const &, struct render::SceneRenderContext const &, struct render::ClippingVolume &, class render::RenderGraphTexture, bool)",method,render,WaterModule,addWaveMaskPass,"class render::RenderGraph &, struct render::ISceneRenderContextBinder const &, struct render::SceneRenderContext const &, struct render::ClippingVolume &, class render::RenderGraphTexture, bool",False,False,False,False,False,False,True
274,273,0x111,?analyticSunColor@ContextBase@GraphicsCore@@QEAA?AVVec3f@osg@@MAEBV34@0@Z,"public: class osg::Vec3f __cdecl GraphicsCore::ContextBase::analyticSunColor(float, class osg::Vec3f const &, class osg::Vec3f const &)",method,GraphicsCore,ContextBase,analyticSunColor,"float, class osg::Vec3f const &, class osg::Vec3f const &",False,False,False,False,False,False,True
275,274,0x112,?bakeGraph@RenderGraph@render@@QEAAXAEBUBakeParams@12@@Z,public: void __cdecl render::RenderGraph::bakeGraph(struct render::RenderGraph::BakeParams const &),method,render,RenderGraph,bakeGraph,struct render::RenderGraph::BakeParams const &,False,False,False,False,False,False,True
276,275,0x113,?baseRayCountPerCrystal@IceHaloSimulationParams@@0IB,private: static unsigned int const IceHaloSimulationParams::baseRayCountPerCrystal,symbol,,,,,False,False,False,False,False,False,True
277,276,0x114,?baseRayCountPerIteration@IceHaloSimulationParams@@0IB,private: static unsigned int const IceHaloSimulationParams::baseRayCountPerIteration,symbol,,,,,False,False,False,False,False,False,True
278,277,0x115,?baseSimulationFrames@IceHaloSimulationParams@@0IB,private: static unsigned int const IceHaloSimulationParams::baseSimulationFrames,symbol,,,,,False,False,False,False,False,False,True
279,278,0x116,?begin@Shadows@enlight@@QEAAXHAEBVVec3f@osg@@0AEBVMatrixf@4@AEBV?$BoundingBoxImpl@VVec3f@osg@@@4@2@Z,"public: void __cdecl enlight::Shadows::begin(int, class osg::Vec3f const &, class osg::Vec3f const &, class osg::Matrixf const &, class osg::BoundingBoxImpl<class osg::Vec3f> const &, class osg::BoundingBoxImpl<class osg::Vec3f> const &)",method,enlight,Shadows,begin,"int, class osg::Vec3f const &, class osg::Vec3f const &, class osg::Matrixf const &, class osg::BoundingBoxImpl<class osg::Vec3f> const &, class osg::BoundingBoxImpl<class osg::Vec3f> const &",False,False,False,False,False,False,True
280,279,0x117,?beginFrame@AtmosphereWrapper@enlight@@QEAAXAEBVVec3f@osg@@0_N@Z,"public: void __cdecl enlight::AtmosphereWrapper::beginFrame(class osg::Vec3f const &, class osg::Vec3f const &, bool)",method,enlight,AtmosphereWrapper,beginFrame,"class osg::Vec3f const &, class osg::Vec3f const &, bool",False,False,False,False,False,False,True
281,280,0x118,?beginFrame@SecondaryShadowmapModule@render@@QEAAXXZ,public: void __cdecl render::SecondaryShadowmapModule::beginFrame(void),method,render,SecondaryShadowmapModule,beginFrame,void,False,False,False,False,False,False,True
282,281,0x119,?bind@GPUDebugDraw@render@@SAXAEAVShader@2@AEBU?$array@_K$04@ed@@@Z,"public: static void __cdecl render::GPUDebugDraw::bind(class render::Shader &, struct ed::array<unsigned __int64, 5> const &)",method,render,GPUDebugDraw,bind,"class render::Shader &, struct ed::array<unsigned __int64, 5> const &",False,True,False,False,False,False,True
283,282,0x11A,?bindAtmosphereToGPU@AtmosphereWrapper@enlight@@AEAAXXZ,private: void __cdecl enlight::AtmosphereWrapper::bindAtmosphereToGPU(void),method,enlight,AtmosphereWrapper,bindAtmosphereToGPU,void,False,False,False,False,False,False,True
284,283,0x11B,?bindContextToGPU@ContextBase@GraphicsCore@@UEAAXHHAEBUFrameContext@render@@AEBUViewportContext@4@AEBUShadowParams@enlight@@@Z,"public: virtual void __cdecl GraphicsCore::ContextBase::bindContextToGPU(int, int, struct render::FrameContext const &, struct render::ViewportContext const &, struct enlight::ShadowParams const &)",method,GraphicsCore,ContextBase,bindContextToGPU,"int, int, struct render::FrameContext const &, struct render::ViewportContext const &, struct enlight::ShadowParams const &",False,False,True,False,False,False,True
285,284,0x11C,?bindViewportContextToGPU@ContextBase@GraphicsCore@@UEAAXHAEBUViewportContext@render@@PEBUShadowParams@enlight@@@Z,"public: virtual void __cdecl GraphicsCore::ContextBase::bindViewportContextToGPU(int, struct render::ViewportContext const &, struct enlight::ShadowParams const *)",method,GraphicsCore,ContextBase,bindViewportContextToGPU,"int, struct render::ViewportContext const &, struct enlight::ShadowParams const *",False,False,True,False,False,False,True
286,285,0x11D,?build@AmbientCube@environment@@QEAAXAEBVTexture@render@@_N1@Z,"public: void __cdecl environment::AmbientCube::build(class render::Texture const &, bool, bool)",method,environment,AmbientCube,build,"class render::Texture const &, bool, bool",False,False,False,False,False,False,True
287,286,0x11E,?build@LiveryBuilder@@QEAA?AV?$unique_ptr@VILivery@@U?$default_delete@VILivery@@@std@@@std@@XZ,"public: class std::unique_ptr<class ILivery, struct std::default_delete<class ILivery>> __cdecl LiveryBuilder::build(void)",method,,LiveryBuilder,build,void,False,False,False,False,False,False,True
288,287,0x11F,?build@TerrainShadows@enlight@@SAPEAV12@PEAVSceneRender@12@W4MSAA_ENUM@render@@_N@Z,"public: static class enlight::TerrainShadows * __cdecl enlight::TerrainShadows::build(class enlight::TerrainShadows::SceneRender *, enum render::MSAA_ENUM, bool)",method,enlight,TerrainShadows,build,"class enlight::TerrainShadows::SceneRender *, enum render::MSAA_ENUM, bool",False,True,False,False,False,False,True
289,288,0x120,?buildDebugDraw@Shadows@enlight@@QEAAXAEBVMatrixf@osg@@AEBVVec3f@4@@Z,"public: void __cdecl enlight::Shadows::buildDebugDraw(class osg::Matrixf const &, class osg::Vec3f const &)",method,enlight,Shadows,buildDebugDraw,"class osg::Matrixf const &, class osg::Vec3f const &",False,False,False,False,False,False,True
290,289,0x121,?buildSceneRenderContext@ContextBase@GraphicsCore@@QEAAXAEAUSceneRenderContext@render@@@Z,public: void __cdecl GraphicsCore::ContextBase::buildSceneRenderContext(struct render::SceneRenderContext &),method,GraphicsCore,ContextBase,buildSceneRenderContext,struct render::SceneRenderContext &,False,False,False,False,False,False,True
291,290,0x122,?buildUnderwaterMask@Water@enlight@@QEAAXVTexture@render@@0@Z,"public: void __cdecl enlight::Water::buildUnderwaterMask(class render::Texture, class render::Texture)",method,enlight,Water,buildUnderwaterMask,"class render::Texture, class render::Texture",False,False,False,False,False,False,True
292,291,0x123,?calcDepth@Setup@Shadows@enlight@@QEAAXXZ,public: void __cdecl enlight::Shadows::Setup::calcDepth(void),method,enlight::Shadows,Setup,calcDepth,void,False,False,False,False,False,False,True
293,292,0x124,?calcMoonFactor@Graphics@@YAMM@Z,float __cdecl Graphics::calcMoonFactor(float),method,,Graphics,calcMoonFactor,float,False,False,False,False,False,False,True
294,293,0x125,?calcSunMoonDir@Graphics@@YA?AVVec3f@osg@@AEBV23@0M@Z,"class osg::Vec3f __cdecl Graphics::calcSunMoonDir(class osg::Vec3f const &, class osg::Vec3f const &, float)",method,,Graphics,calcSunMoonDir,"class osg::Vec3f const &, class osg::Vec3f const &, float",False,False,False,False,False,False,True
295,294,0x126,?checkBuffers@LightsPrepassWrapper@render@@AEAAXAEBVVec2i@osg@@@Z,private: void __cdecl render::LightsPrepassWrapper::checkBuffers(class osg::Vec2i const &),method,render,LightsPrepassWrapper,checkBuffers,class osg::Vec2i const &,False,False,False,False,False,False,True
296,295,0x127,?chooseNextMipToFilter@EnvironmentCubeFilter@environment@@QEAAIAEAUEnvironmentCubeTarget@2@@Z,public: unsigned int __cdecl environment::EnvironmentCubeFilter::chooseNextMipToFilter(struct environment::EnvironmentCubeTarget &),method,environment,EnvironmentCubeFilter,chooseNextMipToFilter,struct environment::EnvironmentCubeTarget &,False,False,False,False,False,False,True
297,296,0x128,?cleanupLights@LightsPrepass@render@@QEAAXQEBVStructuredBufferDynamic@2@AEBVBuffer@2@@Z,"public: void __cdecl render::LightsPrepass::cleanupLights(class render::StructuredBufferDynamic const *const, class render::Buffer const &)",method,render,LightsPrepass,cleanupLights,"class render::StructuredBufferDynamic const *const, class render::Buffer const &",False,False,False,False,False,False,True
298,297,0x129,?clearDebug@Shadows@enlight@@QEAAXXZ,public: void __cdecl enlight::Shadows::clearDebug(void),method,enlight,Shadows,clearDebug,void,False,False,False,False,False,False,True
299,298,0x12A,?clearGBuffer@DeferredComposer@deferredShading@@QEAAXXZ,public: void __cdecl deferredShading::DeferredComposer::clearGBuffer(void),method,deferredShading,DeferredComposer,clearGBuffer,void,False,False,False,False,False,False,True
300,299,0x12B,?collectLightsAggregated@SceneAggregator@Graphics@@YAXIQEAULightCollectionRequest@12@PEAVTaskQueue@ed@@PEAUCollectRenderablesResult@SceneStatistics@@PEAUCollectLightsResult@7@@Z,"void __cdecl Graphics::SceneAggregator::collectLightsAggregated(unsigned int, struct Graphics::SceneAggregator::LightCollectionRequest *const, class ed::TaskQueue *, struct SceneStatistics::CollectRenderablesResult *, struct SceneStatistics::CollectLightsResult *)",method,Graphics,SceneAggregator,collectLightsAggregated,"unsigned int, struct Graphics::SceneAggregator::LightCollectionRequest *const, class ed::TaskQueue *, struct SceneStatistics::CollectRenderablesResult *, struct SceneStatistics::CollectLightsResult *",False,False,False,False,False,False,True
301,300,0x12C,?collectRenderablesAggregated@SceneAggregator@Graphics@@YAXIQEAUCollectionRequest@12@PEAVTaskQueue@ed@@_NPEAUCollectRenderablesResult@SceneStatistics@@@Z,"void __cdecl Graphics::SceneAggregator::collectRenderablesAggregated(unsigned int, struct Graphics::SceneAggregator::CollectionRequest *const, class ed::TaskQueue *, bool, struct SceneStatistics::CollectRenderablesResult *)",method,Graphics,SceneAggregator,collectRenderablesAggregated,"unsigned int, struct Graphics::SceneAggregator::CollectionRequest *const, class ed::TaskQueue *, bool, struct SceneStatistics::CollectRenderablesResult *",False,False,False,False,False,False,True
302,301,0x12D,?collectShadowmaps@SecondaryShadowmapModule@render@@AEAAXAEBUFrameContext@2@AEBV?$vector@PEAUSceneLight@render@@V?$allocator@PEAUSceneLight@render@@@ed@@@ed@@AEBVMatrixf@osg@@@Z,"private: void __cdecl render::SecondaryShadowmapModule::collectShadowmaps(struct render::FrameContext const &, class ed::vector<struct render::SceneLight *, class ed::allocator<struct render::SceneLight *>> const &, class osg::Matrixf const &)",method,render,SecondaryShadowmapModule,collectShadowmaps,"struct render::FrameContext const &, class ed::vector<struct render::SceneLight *, class ed::allocator<struct render::SceneLight *>> const &, class osg::Matrixf const &",False,False,False,False,False,False,True
303,302,0x12E,?compose@DeferredComposer@deferredShading@@QEAAXPEBUDeferredComposerParams@2@@Z,public: void __cdecl deferredShading::DeferredComposer::compose(struct deferredShading::DeferredComposerParams const *),method,deferredShading,DeferredComposer,compose,struct deferredShading::DeferredComposerParams const *,False,False,False,False,False,False,True
304,303,0x12F,?composeCustom@DeferredComposer@deferredShading@@QEAAXHHW4ComposerCustomMode@2@@Z,"public: void __cdecl deferredShading::DeferredComposer::composeCustom(int, int, enum deferredShading::ComposerCustomMode)",method,deferredShading,DeferredComposer,composeCustom,"int, int, enum deferredShading::ComposerCustomMode",False,False,False,False,False,False,True
305,304,0x130,?composeToFrameBuffer@DeferredComposer@deferredShading@@QEAAXAEAVFrameBuffer@render@@PEBUDeferredComposerParams@2@_KH@Z,"public: void __cdecl deferredShading::DeferredComposer::composeToFrameBuffer(class render::FrameBuffer &, struct deferredShading::DeferredComposerParams const *, unsigned __int64, int)",method,deferredShading,DeferredComposer,composeToFrameBuffer,"class render::FrameBuffer &, struct deferredShading::DeferredComposerParams const *, unsigned __int64, int",False,False,False,False,False,False,True
306,305,0x131,?computeAerialAtmosphereMaps@Atmosphere@enlight@@QEAAXAEAVTexture@render@@0AEBVVec3i@osg@@AEBVMatrixf@6@AEBVVec3f@6@@Z,"public: void __cdecl enlight::Atmosphere::computeAerialAtmosphereMaps(class render::Texture &, class render::Texture &, class osg::Vec3i const &, class osg::Matrixf const &, class osg::Vec3f const &)",method,enlight,Atmosphere,computeAerialAtmosphereMaps,"class render::Texture &, class render::Texture &, class osg::Vec3i const &, class osg::Matrixf const &, class osg::Vec3f const &",False,False,False,False,False,False,True
307,306,0x132,?computeAtmosphereSamples@Atmosphere@enlight@@QEAAXAEAVStructuredBuffer@render@@PEBVVec3f@osg@@HM@Z,"public: void __cdecl enlight::Atmosphere::computeAtmosphereSamples(class render::StructuredBuffer &, class osg::Vec3f const *, int, float)",method,enlight,Atmosphere,computeAtmosphereSamples,"class render::StructuredBuffer &, class osg::Vec3f const *, int, float",False,False,False,False,False,False,True
308,307,0x133,?computeAuxMapsForClouds@Atmosphere@enlight@@QEAAXAEBVVec3f@osg@@@Z,public: void __cdecl enlight::Atmosphere::computeAuxMapsForClouds(class osg::Vec3f const &),method,enlight,Atmosphere,computeAuxMapsForClouds,class osg::Vec3f const &,False,False,False,False,False,False,True
309,308,0x134,?computeGF@EnvironmentCubeFilter@environment@@QEAAXAEAVTexture@render@@@Z,public: void __cdecl environment::EnvironmentCubeFilter::computeGF(class render::Texture &),method,environment,EnvironmentCubeFilter,computeGF,class render::Texture &,False,False,False,False,False,False,True
310,309,0x135,?computeInscatter@AtmosphereWrapper@enlight@@QEAAXM@Z,public: void __cdecl enlight::AtmosphereWrapper::computeInscatter(float),method,enlight,AtmosphereWrapper,computeInscatter,float,False,False,False,False,False,False,True
311,310,0x136,?computeLuminance@ToneMapper@deferredShading@@QEAAXAEBVTexture@render@@AEAV34@AEAVStructuredBuffer@4@H@Z,"public: void __cdecl deferredShading::ToneMapper::computeLuminance(class render::Texture const &, class render::Texture &, class render::StructuredBuffer &, int)",method,deferredShading,ToneMapper,computeLuminance,"class render::Texture const &, class render::Texture &, class render::StructuredBuffer &, int",False,False,False,False,False,False,True
312,311,0x137,?computeSkyRadiance@Atmosphere@enlight@@QEAAXAEAVTexture@render@@M_N@Z,"public: void __cdecl enlight::Atmosphere::computeSkyRadiance(class render::Texture &, float, bool)",method,enlight,Atmosphere,computeSkyRadiance,"class render::Texture &, float, bool",False,False,False,False,False,False,True
313,312,0x138,?computeSkyRadianceChunk@Atmosphere@enlight@@AEAAXAEAVTexture@render@@MAEBVVec3i@osg@@1@Z,"private: void __cdecl enlight::Atmosphere::computeSkyRadianceChunk(class render::Texture &, float, class osg::Vec3i const &, class osg::Vec3i const &)",method,enlight,Atmosphere,computeSkyRadianceChunk,"class render::Texture &, float, class osg::Vec3i const &, class osg::Vec3i const &",False,False,False,False,False,False,True
314,313,0x139,?copy@DepthResolver@deferredShading@@QEAAXVTexture@render@@@Z,public: void __cdecl deferredShading::DepthResolver::copy(class render::Texture),method,deferredShading,DepthResolver,copy,class render::Texture,False,False,False,False,False,False,True
315,314,0x13A,?copyToRT@TextureCopyPaster@Graphics@@QEAAXVTexture@render@@AEBVVec4f@osg@@_NW4MSAA_ENUM@4@@Z,"public: void __cdecl Graphics::TextureCopyPaster::copyToRT(class render::Texture, class osg::Vec4f const &, bool, enum render::MSAA_ENUM)",method,Graphics,TextureCopyPaster,copyToRT,"class render::Texture, class osg::Vec4f const &, bool, enum render::MSAA_ENUM",False,False,False,False,False,False,True
316,315,0x13B,?copyToTarget@Atmosphere@enlight@@QEAAXVTexture@render@@@Z,public: void __cdecl enlight::Atmosphere::copyToTarget(class render::Texture),method,enlight,Atmosphere,copyToTarget,class render::Texture,False,False,False,False,False,False,True
317,316,0x13C,?create@EnvironmentCubeTarget@environment@@QEAAXAEAVRenderGraph@render@@PEBDHHW4FMT_ENUM@4@HH@Z,"public: void __cdecl environment::EnvironmentCubeTarget::create(class render::RenderGraph &, char const *, int, int, enum render::FMT_ENUM, int, int)",method,environment,EnvironmentCubeTarget,create,"class render::RenderGraph &, char const *, int, int, enum render::FMT_ENUM, int, int",False,False,False,False,False,False,True
318,317,0x13D,?create@EnvironmentCubeTarget@environment@@QEAAXAEAVRenderGraph@render@@PEBDHW4FMT_ENUM@4@HH@Z,"public: void __cdecl environment::EnvironmentCubeTarget::create(class render::RenderGraph &, char const *, int, enum render::FMT_ENUM, int, int)",method,environment,EnvironmentCubeTarget,create,"class render::RenderGraph &, char const *, int, enum render::FMT_ENUM, int, int",False,False,False,False,False,False,True
319,318,0x13E,?create@EnvironmentCubeTarget@environment@@QEAAXPEBDHHW4FMT_ENUM@render@@_N@Z,"public: void __cdecl environment::EnvironmentCubeTarget::create(char const *, int, int, enum render::FMT_ENUM, bool)",method,environment,EnvironmentCubeTarget,create,"char const *, int, int, enum render::FMT_ENUM, bool",False,False,False,False,False,False,True
320,319,0x13F,?create@EnvironmentCubeTarget@environment@@QEAAXPEBDHW4FMT_ENUM@render@@@Z,"public: void __cdecl environment::EnvironmentCubeTarget::create(char const *, int, enum render::FMT_ENUM)",method,environment,EnvironmentCubeTarget,create,"char const *, int, enum render::FMT_ENUM",False,False,False,False,False,False,True
321,320,0x140,?create@LightsBuffers@render@@QEAA_NH@Z,public: bool __cdecl render::LightsBuffers::create(int),method,render,LightsBuffers,create,int,False,False,False,False,False,False,True
322,321,0x141,?createBuffers@LightsPrepass@render@@QEAAXAEBVVec2i@osg@@@Z,public: void __cdecl render::LightsPrepass::createBuffers(class osg::Vec2i const &),method,render,LightsPrepass,createBuffers,class osg::Vec2i const &,False,False,False,False,False,False,True
323,322,0x142,?createGBuffer@DeferredShadingModule@render@@QEAA?AUGBuffer@12@AEBUParams@12@AEAVRenderGraph@2@AEBVRenderGraphTexture@2@@Z,"public: struct render::DeferredShadingModule::GBuffer __cdecl render::DeferredShadingModule::createGBuffer(struct render::DeferredShadingModule::Params const &, class render::RenderGraph &, class render::RenderGraphTexture const &)",method,render,DeferredShadingModule,createGBuffer,"struct render::DeferredShadingModule::Params const &, class render::RenderGraph &, class render::RenderGraphTexture const &",False,False,False,False,False,False,True
324,323,0x143,?createLightsCollection@RenderGraph@render@@QEAA?AVRenderGraphLightsCollection@2@AEBULightsCollectionInfo@2@@Z,public: class render::RenderGraphLightsCollection __cdecl render::RenderGraph::createLightsCollection(struct render::LightsCollectionInfo const &),method,render,RenderGraph,createLightsCollection,struct render::LightsCollectionInfo const &,False,False,False,False,False,False,True
325,324,0x144,?createRenderablesCollection@RenderGraph@render@@QEAA?AVRenderGraphObjectsCollection@2@AEBUCollectionInfo@2@@Z,public: class render::RenderGraphObjectsCollection __cdecl render::RenderGraph::createRenderablesCollection(struct render::CollectionInfo const &),method,render,RenderGraph,createRenderablesCollection,struct render::CollectionInfo const &,False,False,False,False,False,False,True
326,325,0x145,?createResolvedScatteringMap@Atmosphere@enlight@@QEAA?AVTexture@render@@PEBD@Z,public: class render::Texture __cdecl enlight::Atmosphere::createResolvedScatteringMap(char const *),method,enlight,Atmosphere,createResolvedScatteringMap,char const *,False,False,False,False,False,False,True
327,326,0x146,?create_instance@ILiveryManager@@SAPEAV1@_N@Z,public: static class ILiveryManager * __cdecl ILiveryManager::create_instance(bool),method,,ILiveryManager,create_instance,bool,False,True,False,False,False,False,True
328,327,0x147,?currentContext@ContextBase@GraphicsCore@@1PEAV12@EA,protected: static class GraphicsCore::ContextBase *GraphicsCore::ContextBase::currentContext,symbol,,,,,False,False,False,False,False,False,True
329,328,0x148,?cutUnderwaterTransparents@Water@enlight@@QEAAXXZ,public: void __cdecl enlight::Water::cutUnderwaterTransparents(void),method,enlight,Water,cutUnderwaterTransparents,void,False,False,False,False,False,False,True
330,329,0x149,?cutUnderwaterTransparents@WaterWrapper@enlight@@QEAAXXZ,public: void __cdecl enlight::WaterWrapper::cutUnderwaterTransparents(void),method,enlight,WaterWrapper,cutUnderwaterTransparents,void,False,False,False,False,False,False,True
331,330,0x14A,?debugAvailable@Shadows@enlight@@QEBA_NXZ,public: bool __cdecl enlight::Shadows::debugAvailable(void) const,method,enlight,Shadows,debugAvailable,void,True,False,False,False,False,False,True
332,331,0x14B,?debugDraw@Shadows@enlight@@QEBAXXZ,public: void __cdecl enlight::Shadows::debugDraw(void) const,method,enlight,Shadows,debugDraw,void,True,False,False,False,False,False,True
333,332,0x14C,?discard@LightsBuffers@render@@QEAAXXZ,public: void __cdecl render::LightsBuffers::discard(void),method,render,LightsBuffers,discard,void,False,False,False,False,False,False,True
334,333,0x14D,?discardTempFramebuffers@Atmosphere@enlight@@AEAAXXZ,private: void __cdecl enlight::Atmosphere::discardTempFramebuffers(void),method,enlight,Atmosphere,discardTempFramebuffers,void,False,False,False,False,False,False,True
335,334,0x14E,?doCopy@CopyPass@render@@AEAAXVTexture@2@00AEBVVec4i@osg@@AEBVVec4f@5@HM@Z,"private: void __cdecl render::CopyPass::doCopy(class render::Texture, class render::Texture, class render::Texture, class osg::Vec4i const &, class osg::Vec4f const &, int, float)",method,render,CopyPass,doCopy,"class render::Texture, class render::Texture, class render::Texture, class osg::Vec4i const &, class osg::Vec4f const &, int, float",False,False,False,False,False,False,True
336,335,0x14F,?doUnitTests@RenderGraph@render@@SAXXZ,public: static void __cdecl render::RenderGraph::doUnitTests(void),method,render,RenderGraph,doUnitTests,void,False,True,False,False,False,False,True
337,336,0x150,?draw@Atmosphere@enlight@@QEAAXAEBVMatrixf@osg@@0W4SkyTechnique@2@@Z,"public: void __cdecl enlight::Atmosphere::draw(class osg::Matrixf const &, class osg::Matrixf const &, enum enlight::SkyTechnique)",method,enlight,Atmosphere,draw,"class osg::Matrixf const &, class osg::Matrixf const &, enum enlight::SkyTechnique",False,False,False,False,False,False,True
338,337,0x151,?draw@Atmosphere@enlight@@QEAAXAEBVMatrixf@osg@@W4SkyTechnique@2@@Z,"public: void __cdecl enlight::Atmosphere::draw(class osg::Matrixf const &, enum enlight::SkyTechnique)",method,enlight,Atmosphere,draw,"class osg::Matrixf const &, enum enlight::SkyTechnique",False,False,False,False,False,False,True
339,338,0x152,?draw@AtmosphereRendererForEnvironment@enlight@@QEAAXAEBVMatrixf@osg@@0@Z,"public: void __cdecl enlight::AtmosphereRendererForEnvironment::draw(class osg::Matrixf const &, class osg::Matrixf const &)",method,enlight,AtmosphereRendererForEnvironment,draw,"class osg::Matrixf const &, class osg::Matrixf const &",False,False,False,False,False,False,True
340,339,0x153,?draw@SkyBox@render@@QEAAXAEBVMatrixf@osg@@VTexture@2@M@Z,"public: void __cdecl render::SkyBox::draw(class osg::Matrixf const &, class render::Texture, float)",method,render,SkyBox,draw,"class osg::Matrixf const &, class render::Texture, float",False,False,False,False,False,False,True
341,340,0x154,?draw@SkyBox@render@@QEAAXAEBVMatrixf@osg@@VVec4f@4@@Z,"public: void __cdecl render::SkyBox::draw(class osg::Matrixf const &, class osg::Vec4f)",method,render,SkyBox,draw,"class osg::Matrixf const &, class osg::Vec4f",False,False,False,False,False,False,True
342,341,0x155,?draw@SkyBox@render@@QEAAXPEBVContextBase@GraphicsCore@@VTexture@2@M@Z,"public: void __cdecl render::SkyBox::draw(class GraphicsCore::ContextBase const *, class render::Texture, float)",method,render,SkyBox,draw,"class GraphicsCore::ContextBase const *, class render::Texture, float",False,False,False,False,False,False,True
343,342,0x156,?drawClouds@FakeEnvironment@environment@@QEAAXVTexture@render@@AEBVMatrixf@osg@@@Z,"public: void __cdecl environment::FakeEnvironment::drawClouds(class render::Texture, class osg::Matrixf const &)",method,environment,FakeEnvironment,drawClouds,"class render::Texture, class osg::Matrixf const &",False,False,False,False,False,False,True
344,343,0x157,?drawFarSurface@FakeEnvironment@environment@@QEAAXAEBUViewportContext@render@@@Z,public: void __cdecl environment::FakeEnvironment::drawFarSurface(struct render::ViewportContext const &),method,environment,FakeEnvironment,drawFarSurface,struct render::ViewportContext const &,False,False,False,False,False,False,True
345,344,0x158,?drawFarSurface@FakeEnvironment@environment@@QEAAXPEAVContextBase@GraphicsCore@@@Z,public: void __cdecl environment::FakeEnvironment::drawFarSurface(class GraphicsCore::ContextBase *),method,environment,FakeEnvironment,drawFarSurface,class GraphicsCore::ContextBase *,False,False,False,False,False,False,True
346,345,0x159,?drawQuad@Atmosphere@enlight@@AEAAXH@Z,private: void __cdecl enlight::Atmosphere::drawQuad(int),method,enlight,Atmosphere,drawQuad,int,False,False,False,False,False,False,True
347,346,0x15A,?drawQuadLayer@Atmosphere@enlight@@AEAAXH@Z,private: void __cdecl enlight::Atmosphere::drawQuadLayer(int),method,enlight,Atmosphere,drawQuadLayer,int,False,False,False,False,False,False,True
348,347,0x15B,?drawSky@AtmosphereWrapper@enlight@@QEAAXPEBVContextBase@GraphicsCore@@W4SkyTechnique@2@_N@Z,"public: void __cdecl enlight::AtmosphereWrapper::drawSky(class GraphicsCore::ContextBase const *, enum enlight::SkyTechnique, bool)",method,enlight,AtmosphereWrapper,drawSky,"class GraphicsCore::ContextBase const *, enum enlight::SkyTechnique, bool",False,False,False,False,False,False,True
349,348,0x15C,?drawSunGlare@AtmosphereWrapper@enlight@@QEAAXVTexture@render@@M@Z,"public: void __cdecl enlight::AtmosphereWrapper::drawSunGlare(class render::Texture, float)",method,enlight,AtmosphereWrapper,drawSunGlare,"class render::Texture, float",False,False,False,False,False,False,True
350,349,0x15D,?drawSurface@FakeEnvironment@environment@@QEAAXAEBUSceneRenderContext@render@@AEAVTexture@4@1M@Z,"public: void __cdecl environment::FakeEnvironment::drawSurface(struct render::SceneRenderContext const &, class render::Texture &, class render::Texture &, float)",method,environment,FakeEnvironment,drawSurface,"struct render::SceneRenderContext const &, class render::Texture &, class render::Texture &, float",False,False,False,False,False,False,True
351,350,0x15E,?drawSurface@FakeEnvironment@environment@@QEAAXPEAVContextBase@GraphicsCore@@M@Z,"public: void __cdecl environment::FakeEnvironment::drawSurface(class GraphicsCore::ContextBase *, float)",method,environment,FakeEnvironment,drawSurface,"class GraphicsCore::ContextBase *, float",False,False,False,False,False,False,True
352,351,0x15F,?drawWater@FakeEnvironment@environment@@QEAAXPEAVContextBase@GraphicsCore@@@Z,public: void __cdecl environment::FakeEnvironment::drawWater(class GraphicsCore::ContextBase *),method,environment,FakeEnvironment,drawWater,class GraphicsCore::ContextBase *,False,False,False,False,False,False,True
353,352,0x160,?dumpResources@RenderGraph@render@@QEBAHQEADI@Z,"public: int __cdecl render::RenderGraph::dumpResources(char *const, unsigned int) const",method,render,RenderGraph,dumpResources,"char *const, unsigned int",True,False,False,False,False,False,True
354,353,0x161,?enabled@TemporalAA@deferredShading@@QEBA_NXZ,public: bool __cdecl deferredShading::TemporalAA::enabled(void) const,method,deferredShading,TemporalAA,enabled,void,True,False,False,False,False,False,True
355,354,0x162,?enumerateTextures@Livery@Graphics@@UEBAXV?$function@$$A6AXIIAEBVTexture@render@@AEBV?$basic_string@D@ed@@@Z@std@@@Z,"public: virtual void __cdecl Graphics::Livery::enumerateTextures(class std::function<void __cdecl(unsigned int, unsigned int, class render::Texture const &, class ed::basic_string<char> const &)>) const",method,Graphics,Livery,enumerateTextures,"class std::function<void __cdecl(unsigned int, unsigned int, class render::Texture const &, class ed::basic_string<char> const &)>",True,False,True,False,False,False,True
356,355,0x163,?execute@BaseRenderingPass@render@@UEAAX_K@Z,public: virtual void __cdecl render::BaseRenderingPass::execute(unsigned __int64),method,render,BaseRenderingPass,execute,unsigned __int64,False,False,True,False,False,False,True
357,356,0x164,?exportToGraphvizDOT@RenderGraph@render@@QEBA_NPEBD@Z,public: bool __cdecl render::RenderGraph::exportToGraphvizDOT(char const *) const,method,render,RenderGraph,exportToGraphvizDOT,char const *,True,False,False,False,False,False,True
358,357,0x165,?exposureCorrectionHistogramHack@ToneMapper@deferredShading@@2MB,public: static float const deferredShading::ToneMapper::exposureCorrectionHistogramHack,symbol,,,,,False,False,False,False,False,False,True
359,358,0x166,?fetchGPUResources@DownsamplingPyramid@render@@QEAAXAEAVRenderGraphResources@2@IQEBVRenderGraphTexture@2@@Z,"public: void __cdecl render::DownsamplingPyramid::fetchGPUResources(class render::RenderGraphResources &, unsigned int, class render::RenderGraphTexture const *const)",method,render,DownsamplingPyramid,fetchGPUResources,"class render::RenderGraphResources &, unsigned int, class render::RenderGraphTexture const *const",False,False,False,False,False,False,True
360,359,0x167,?fillRenderBackend@luaToRenderConfig@GraphicsCore@@AEAAXAEAVConfig@Lua@@AEBV?$basic_string@D@ed@@@Z,"private: void __cdecl GraphicsCore::luaToRenderConfig::fillRenderBackend(class Lua::Config &, class ed::basic_string<char> const &)",method,GraphicsCore,luaToRenderConfig,fillRenderBackend,"class Lua::Config &, class ed::basic_string<char> const &",False,False,False,False,False,False,True
361,360,0x168,?fireRendererCallbacks@Graphics@@YAXW4RendererCallbackEvent@1@@Z,void __cdecl Graphics::fireRendererCallbacks(enum Graphics::RendererCallbackEvent),method,,Graphics,fireRendererCallbacks,enum Graphics::RendererCallbackEvent,False,False,False,False,False,False,True
362,361,0x169,?flatShadowsDistances@Shadows@enlight@@QEBA?AVVec2f@osg@@XZ,public: class osg::Vec2f __cdecl enlight::Shadows::flatShadowsDistances(void) const,method,enlight,Shadows,flatShadowsDistances,void,True,False,False,False,False,False,True
363,362,0x16A,?forceMainViewLUT@deferredShading@@YAXH@Z,void __cdecl deferredShading::forceMainViewLUT(int),method,,deferredShading,forceMainViewLUT,int,False,False,False,False,False,False,True
364,363,0x16B,?getAmbientCBuffer@ContextBase@GraphicsCore@@QEBAAEAVConstantBuffer@render@@XZ,public: class render::ConstantBuffer & __cdecl GraphicsCore::ContextBase::getAmbientCBuffer(void) const,method,GraphicsCore,ContextBase,getAmbientCBuffer,void,True,False,False,False,False,False,True
365,364,0x16C,?getAtmosphereRadiusKm@ContextBase@GraphicsCore@@QEBAMXZ,public: float __cdecl GraphicsCore::ContextBase::getAtmosphereRadiusKm(void) const,method,GraphicsCore,ContextBase,getAtmosphereRadiusKm,void,True,False,False,False,False,False,True
366,365,0x16D,?getBloomMap@ToneMapperWrapper@deferredShading@@QEAA?AVTexture@render@@XZ,public: class render::Texture __cdecl deferredShading::ToneMapperWrapper::getBloomMap(void),method,deferredShading,ToneMapperWrapper,getBloomMap,void,False,False,False,False,False,False,True
367,366,0x16E,?getCameraLevel@Water@enlight@@AEAAMXZ,private: float __cdecl enlight::Water::getCameraLevel(void),method,enlight,Water,getCameraLevel,void,False,False,False,False,False,False,True
368,367,0x16F,?getColorFactor@CloudsFog@@QEBAAEBVVec3f@osg@@XZ,public: class osg::Vec3f const & __cdecl CloudsFog::getColorFactor(void) const,method,,CloudsFog,getColorFactor,void,True,False,False,False,False,False,True
369,368,0x170,?getComposedFrameBuffer@DeferredComposer@deferredShading@@QEAAAEAVFrameBuffer@render@@XZ,public: class render::FrameBuffer & __cdecl deferredShading::DeferredComposer::getComposedFrameBuffer(void),method,deferredShading,DeferredComposer,getComposedFrameBuffer,void,False,False,False,False,False,False,True
370,369,0x171,?getComposedMSAAFrameBuffer@DeferredComposer@deferredShading@@QEAAAEAVFrameBuffer@render@@XZ,public: class render::FrameBuffer & __cdecl deferredShading::DeferredComposer::getComposedMSAAFrameBuffer(void),method,deferredShading,DeferredComposer,getComposedMSAAFrameBuffer,void,False,False,False,False,False,False,True
371,370,0x172,?getConstantBuffer@AmbientCube@environment@@QEAAAEAVConstantBuffer@render@@XZ,public: class render::ConstantBuffer & __cdecl environment::AmbientCube::getConstantBuffer(void),method,environment,AmbientCube,getConstantBuffer,void,False,False,False,False,False,False,True
372,371,0x173,?getContextParams@SecondaryShadowmapModule@render@@QEBAAEBUContextParams@12@XZ,public: struct render::SecondaryShadowmapModule::ContextParams const & __cdecl render::SecondaryShadowmapModule::getContextParams(void) const,method,render,SecondaryShadowmapModule,getContextParams,void,True,False,False,False,False,False,True
373,372,0x174,?getCrystalsPresetParams@IceHaloPresetManager@enlight@@QEBA?AUIceHaloAppearanceParams@@PEBD@Z,public: struct IceHaloAppearanceParams __cdecl enlight::IceHaloPresetManager::getCrystalsPresetParams(char const *) const,method,enlight,IceHaloPresetManager,getCrystalsPresetParams,char const *,True,False,False,False,False,False,True
374,373,0x175,?getCubeFaceProjection@environment@@YAXAEAVMatrixf@osg@@@Z,void __cdecl environment::getCubeFaceProjection(class osg::Matrixf &),method,,environment,getCubeFaceProjection,class osg::Matrixf &,False,False,False,False,False,False,True
375,374,0x176,?getCurrentContext@ContextBase@GraphicsCore@@SAPEAV12@XZ,public: static class GraphicsCore::ContextBase * __cdecl GraphicsCore::ContextBase::getCurrentContext(void),method,GraphicsCore,ContextBase,getCurrentContext,void,False,True,False,False,False,False,True
376,375,0x177,?getCurrentCrystalsPresetParams@IceHaloPresetManager@enlight@@QEBAAEBUIceHaloAppearanceParams@@XZ,public: struct IceHaloAppearanceParams const & __cdecl enlight::IceHaloPresetManager::getCurrentCrystalsPresetParams(void) const,method,enlight,IceHaloPresetManager,getCurrentCrystalsPresetParams,void,True,False,False,False,False,False,True
377,376,0x178,?getCurrentPresetParams@IceHaloPresetManager@enlight@@QEBAAEBUIceHaloParams@@XZ,public: struct IceHaloParams const & __cdecl enlight::IceHaloPresetManager::getCurrentPresetParams(void) const,method,enlight,IceHaloPresetManager,getCurrentPresetParams,void,True,False,False,False,False,False,True
378,377,0x179,?getCurrentSimulationParams@IceHaloPresetManager@enlight@@QEBAAEBVIceHaloSimulationParams@@XZ,public: class IceHaloSimulationParams const & __cdecl enlight::IceHaloPresetManager::getCurrentSimulationParams(void) const,method,enlight,IceHaloPresetManager,getCurrentSimulationParams,void,True,False,False,False,False,False,True
379,378,0x17A,?getDensity@CloudsFog@@QEBAMVVec3f@osg@@0M@Z,"public: float __cdecl CloudsFog::getDensity(class osg::Vec3f, class osg::Vec3f, float) const",method,,CloudsFog,getDensity,"class osg::Vec3f, class osg::Vec3f, float",True,False,False,False,False,False,True
380,379,0x17B,?getDensityFactor@CloudsFog@@QEAANXZ,public: double __cdecl CloudsFog::getDensityFactor(void),method,,CloudsFog,getDensityFactor,void,False,False,False,False,False,False,True
381,380,0x17C,?getDepthResolved@DeferredComposer@deferredShading@@QEAA?AVTexture@render@@XZ,public: class render::Texture __cdecl deferredShading::DeferredComposer::getDepthResolved(void),method,deferredShading,DeferredComposer,getDepthResolved,void,False,False,False,False,False,False,True
382,381,0x17D,?getDepthStencil@DeferredComposer@deferredShading@@QEAA?AVTexture@render@@XZ,public: class render::Texture __cdecl deferredShading::DeferredComposer::getDepthStencil(void),method,deferredShading,DeferredComposer,getDepthStencil,void,False,False,False,False,False,False,True
383,382,0x17E,?getDummyCascadeMap@ShadowMapModule@render@@QEBA?AVRenderGraphTexture@2@XZ,public: class render::RenderGraphTexture __cdecl render::ShadowMapModule::getDummyCascadeMap(void) const,method,render,ShadowMapModule,getDummyCascadeMap,void,True,False,False,False,False,False,True
384,383,0x17F,?getDummyDepth@DeferredComposer@deferredShading@@QEAA?AVTexture@render@@XZ,public: class render::Texture __cdecl deferredShading::DeferredComposer::getDummyDepth(void),method,deferredShading,DeferredComposer,getDummyDepth,void,False,False,False,False,False,False,True
385,384,0x180,?getDummyShadowMap@ShadowMapModule@render@@QEBA?AVRenderGraphTexture@2@XZ,public: class render::RenderGraphTexture __cdecl render::ShadowMapModule::getDummyShadowMap(void) const,method,render,ShadowMapModule,getDummyShadowMap,void,True,False,False,False,False,False,True
386,385,0x181,?getEdgesMaskStencil@DeferredShadingModule@render@@QEBA?AVRenderGraphTexture@2@XZ,public: class render::RenderGraphTexture __cdecl render::DeferredShadingModule::getEdgesMaskStencil(void) const,method,render,DeferredShadingModule,getEdgesMaskStencil,void,True,False,False,False,False,False,True
387,386,0x182,?getFeedbackExposure@ToneMapperWrapper@deferredShading@@QEBA?AVTexture@render@@XZ,public: class render::Texture __cdecl deferredShading::ToneMapperWrapper::getFeedbackExposure(void) const,method,deferredShading,ToneMapperWrapper,getFeedbackExposure,void,True,False,False,False,False,False,True
388,387,0x183,?getFlatShadowAlpha@ContextBase@GraphicsCore@@QEBAMXZ,public: float __cdecl GraphicsCore::ContextBase::getFlatShadowAlpha(void) const,method,GraphicsCore,ContextBase,getFlatShadowAlpha,void,True,False,False,False,False,False,True
389,388,0x184,?getFlatShadowsBlurFrameBuffer@DeferredComposer@deferredShading@@QEAAAEAVFrameBuffer@render@@XZ,public: class render::FrameBuffer & __cdecl deferredShading::DeferredComposer::getFlatShadowsBlurFrameBuffer(void),method,deferredShading,DeferredComposer,getFlatShadowsBlurFrameBuffer,void,False,False,False,False,False,False,True
390,389,0x185,?getFlatShadowsFrameBuffer@DeferredComposer@deferredShading@@QEAAAEAVFrameBuffer@render@@XZ,public: class render::FrameBuffer & __cdecl deferredShading::DeferredComposer::getFlatShadowsFrameBuffer(void),method,deferredShading,DeferredComposer,getFlatShadowsFrameBuffer,void,False,False,False,False,False,False,True
391,390,0x186,?getFogDensity@CloudsFog@@AEBAMVVec3f@osg@@0M@Z,"private: float __cdecl CloudsFog::getFogDensity(class osg::Vec3f, class osg::Vec3f, float) const",method,,CloudsFog,getFogDensity,"class osg::Vec3f, class osg::Vec3f, float",True,False,False,False,False,False,True
392,391,0x187,?getFogTransmittance@CloudsFog@@AEBAMVVec3f@osg@@0M@Z,"private: float __cdecl CloudsFog::getFogTransmittance(class osg::Vec3f, class osg::Vec3f, float) const",method,,CloudsFog,getFogTransmittance,"class osg::Vec3f, class osg::Vec3f, float",True,False,False,False,False,False,True
393,392,0x188,?getFogTransmittance@CloudsFog@@AEBAMVVec3f@osg@@0MM@Z,"private: float __cdecl CloudsFog::getFogTransmittance(class osg::Vec3f, class osg::Vec3f, float, float) const",method,,CloudsFog,getFogTransmittance,"class osg::Vec3f, class osg::Vec3f, float, float",True,False,False,False,False,False,True
394,393,0x189,?getFrameBuffer@TemporalAA@deferredShading@@QEAAAEAVFrameBuffer@render@@XZ,public: class render::FrameBuffer & __cdecl deferredShading::TemporalAA::getFrameBuffer(void),method,deferredShading,TemporalAA,getFrameBuffer,void,False,False,False,False,False,False,True
395,394,0x18A,?getGBuffer@DeferredComposer@deferredShading@@QEAAAEAVFrameBuffer@render@@XZ,public: class render::FrameBuffer & __cdecl deferredShading::DeferredComposer::getGBuffer(void),method,deferredShading,DeferredComposer,getGBuffer,void,False,False,False,False,False,False,True
396,395,0x18B,?getHaloTexture@IceHalo@enlight@@QEAAAEAVTexture@render@@XZ,public: class render::Texture & __cdecl enlight::IceHalo::getHaloTexture(void),method,enlight,IceHalo,getHaloTexture,void,False,False,False,False,False,False,True
397,396,0x18C,?getIceHaloRadiance@IceHaloModule@render@@QEAA?AVRenderGraphTexture@2@XZ,public: class render::RenderGraphTexture __cdecl render::IceHaloModule::getIceHaloRadiance(void),method,render,IceHaloModule,getIceHaloRadiance,void,False,False,False,False,False,False,True
398,397,0x18D,?getIrradiance@AtmosphereModule@render@@QEAA?AVRenderGraphTexture@2@XZ,public: class render::RenderGraphTexture __cdecl render::AtmosphereModule::getIrradiance(void),method,render,AtmosphereModule,getIrradiance,void,False,False,False,False,False,False,True
399,398,0x18E,?getIrradianceTexture@Atmosphere@enlight@@QEAA?AVTexture@render@@XZ,public: class render::Texture __cdecl enlight::Atmosphere::getIrradianceTexture(void),method,enlight,Atmosphere,getIrradianceTexture,void,False,False,False,False,False,False,True
400,399,0x18F,?getLayerThickness@CloudsFog@@QEBAMXZ,public: float __cdecl CloudsFog::getLayerThickness(void) const,method,,CloudsFog,getLayerThickness,void,True,False,False,False,False,False,True
401,400,0x190,?getLuminanceSB@ToneMapperWrapper@deferredShading@@QEAA?AVStructuredBuffer@render@@XZ,public: class render::StructuredBuffer __cdecl deferredShading::ToneMapperWrapper::getLuminanceSB(void),method,deferredShading,ToneMapperWrapper,getLuminanceSB,void,False,False,False,False,False,False,True
402,401,0x191,?getMSAA@DeferredComposer@deferredShading@@QEAA?AW4MSAA_ENUM@render@@XZ,public: enum render::MSAA_ENUM __cdecl deferredShading::DeferredComposer::getMSAA(void),method,deferredShading,DeferredComposer,getMSAA,void,False,False,False,False,False,False,True
403,402,0x192,?getMiePhaseFunctionTexture@Atmosphere@enlight@@QEAA?AVTexture@render@@XZ,public: class render::Texture __cdecl enlight::Atmosphere::getMiePhaseFunctionTexture(void),method,enlight,Atmosphere,getMiePhaseFunctionTexture,void,False,False,False,False,False,False,True
404,403,0x193,?getModelRenderMode@Graphics@@YA?AW4ModelRenderMode@1@XZ,enum Graphics::ModelRenderMode __cdecl Graphics::getModelRenderMode(void),method,,Graphics,getModelRenderMode,void,False,False,False,False,False,False,True
405,404,0x194,?getNativeResource@TerrainModule@render@@QEBA?AVTexture@2@W4ResourceType@12@@Z,public: class render::Texture __cdecl render::TerrainModule::getNativeResource(enum render::TerrainModule::ResourceType) const,method,render,TerrainModule,getNativeResource,enum render::TerrainModule::ResourceType,True,False,False,False,False,False,True
406,405,0x195,?getNormals@WaterModule@render@@QEBA?AVRenderGraphTexture@2@XZ,public: class render::RenderGraphTexture __cdecl render::WaterModule::getNormals(void) const,method,render,WaterModule,getNormals,void,True,False,False,False,False,False,True
407,406,0x196,?getNumMaterials@Livery@Graphics@@UEBAIXZ,public: virtual unsigned int __cdecl Graphics::Livery::getNumMaterials(void) const,method,Graphics,Livery,getNumMaterials,void,True,False,True,False,False,False,True
408,407,0x197,?getParserFrame@ContextBase@GraphicsCore@@QEBAIXZ,public: unsigned int __cdecl GraphicsCore::ContextBase::getParserFrame(void) const,method,GraphicsCore,ContextBase,getParserFrame,void,True,False,False,False,False,False,True
409,408,0x198,?getPerFrameCBuffer@ContextBase@GraphicsCore@@QEBAAEAVConstantBuffer@render@@XZ,public: class render::ConstantBuffer & __cdecl GraphicsCore::ContextBase::getPerFrameCBuffer(void) const,method,GraphicsCore,ContextBase,getPerFrameCBuffer,void,True,False,False,False,False,False,True
410,409,0x199,?getPerViewCBuffer@ContextBase@GraphicsCore@@QEBAAEAVConstantBuffer@render@@XZ,public: class render::ConstantBuffer & __cdecl GraphicsCore::ContextBase::getPerViewCBuffer(void) const,method,GraphicsCore,ContextBase,getPerViewCBuffer,void,True,False,False,False,False,False,True
411,410,0x19A,?getPlanetRadiusKm@ContextBase@GraphicsCore@@QEBAMXZ,public: float __cdecl GraphicsCore::ContextBase::getPlanetRadiusKm(void) const,method,GraphicsCore,ContextBase,getPlanetRadiusKm,void,True,False,False,False,False,False,True
412,411,0x19B,?getPresetParams@IceHaloPresetManager@enlight@@QEBA?AUIceHaloParams@@PEBD@Z,public: struct IceHaloParams __cdecl enlight::IceHaloPresetManager::getPresetParams(char const *) const,method,enlight,IceHaloPresetManager,getPresetParams,char const *,True,False,False,False,False,False,True
413,412,0x19C,?getPrevFrameOriginTransform@ContextBase@GraphicsCore@@QEBAAEBVMatrixf@osg@@XZ,public: class osg::Matrixf const & __cdecl GraphicsCore::ContextBase::getPrevFrameOriginTransform(void) const,method,GraphicsCore,ContextBase,getPrevFrameOriginTransform,void,True,False,False,False,False,False,True
414,413,0x19D,?getPrevFrameViewProjMatrix@ContextBase@GraphicsCore@@QEBAAEBVMatrixf@osg@@XZ,public: class osg::Matrixf const & __cdecl GraphicsCore::ContextBase::getPrevFrameViewProjMatrix(void) const,method,GraphicsCore,ContextBase,getPrevFrameViewProjMatrix,void,True,False,False,False,False,False,True
415,414,0x19E,?getRenderFrame@ContextBase@GraphicsCore@@QEBAIXZ,public: unsigned int __cdecl GraphicsCore::ContextBase::getRenderFrame(void) const,method,GraphicsCore,ContextBase,getRenderFrame,void,True,False,False,False,False,False,True
416,415,0x19F,?getRenderGraphResource@TerrainModule@render@@QEBA?AVRenderGraphTexture@2@W4ResourceType@12@@Z,public: class render::RenderGraphTexture __cdecl render::TerrainModule::getRenderGraphResource(enum render::TerrainModule::ResourceType) const,method,render,TerrainModule,getRenderGraphResource,enum render::TerrainModule::ResourceType,True,False,False,False,False,False,True
417,416,0x1A0,?getRendererForEnvironment@Atmosphere@enlight@@QEAAPEAVAtmosphereRendererForEnvironment@2@XZ,public: class enlight::AtmosphereRendererForEnvironment * __cdecl enlight::Atmosphere::getRendererForEnvironment(void),method,enlight,Atmosphere,getRendererForEnvironment,void,False,False,False,False,False,False,True
418,417,0x1A1,?getRendererForEnvironment@AtmosphereModule@render@@QEAAPEAVAtmosphereRendererForEnvironment@enlight@@XZ,public: class enlight::AtmosphereRendererForEnvironment * __cdecl render::AtmosphereModule::getRendererForEnvironment(void),method,render,AtmosphereModule,getRendererForEnvironment,void,False,False,False,False,False,False,True
419,418,0x1A2,?getRendererForEnvironment@Water@enlight@@QEAAPEAVWaterRendererForEnvironment@2@XZ,public: class enlight::WaterRendererForEnvironment * __cdecl enlight::Water::getRendererForEnvironment(void),method,enlight,Water,getRendererForEnvironment,void,False,False,False,False,False,False,True
420,419,0x1A3,?getResources@AtmosphereModule@render@@QEAA?AUAtmosphereResources@2@W4PipelineStage@2@@Z,public: struct render::AtmosphereResources __cdecl render::AtmosphereModule::getResources(enum render::PipelineStage),method,render,AtmosphereModule,getResources,enum render::PipelineStage,False,False,False,False,False,False,True
421,420,0x1A4,?getSamplesBuffer@AtmosphereModule@render@@QEAA?AVRenderGraphBuffer@2@XZ,public: class render::RenderGraphBuffer __cdecl render::AtmosphereModule::getSamplesBuffer(void),method,render,AtmosphereModule,getSamplesBuffer,void,False,False,False,False,False,False,True
422,421,0x1A5,?getScattering@AtmosphereModule@render@@QEAA?AVRenderGraphTexture@2@XZ,public: class render::RenderGraphTexture __cdecl render::AtmosphereModule::getScattering(void),method,render,AtmosphereModule,getScattering,void,False,False,False,False,False,False,True
423,422,0x1A6,?getScatteringTexture@AtmosphereWrapper@enlight@@AEAA?AVTexture@render@@XZ,private: class render::Texture __cdecl enlight::AtmosphereWrapper::getScatteringTexture(void),method,enlight,AtmosphereWrapper,getScatteringTexture,void,False,False,False,False,False,False,True
424,423,0x1A7,?getSeaLevel@Water@enlight@@QEBAMXZ,public: float __cdecl enlight::Water::getSeaLevel(void) const,method,enlight,Water,getSeaLevel,void,True,False,False,False,False,False,True
425,424,0x1A8,?getShadowParams@ShadowMapModule@render@@QEBAAEBUShadowParams@enlight@@H@Z,public: struct enlight::ShadowParams const & __cdecl render::ShadowMapModule::getShadowParams(int) const,method,render,ShadowMapModule,getShadowParams,int,True,False,False,False,False,False,True
426,425,0x1A9,?getShadowmapIdx@SecondaryShadowmapModule@render@@QEBAHPEBUIShadowmap@2@@Z,public: int __cdecl render::SecondaryShadowmapModule::getShadowmapIdx(struct render::IShadowmap const *) const,method,render,SecondaryShadowmapModule,getShadowmapIdx,struct render::IShadowmap const *,True,False,False,False,False,False,True
427,426,0x1AA,?getSharedLuminanceBuffer@ToneMappingModule@render@@QEAAAEAVRenderGraphBuffer@2@XZ,public: class render::RenderGraphBuffer & __cdecl render::ToneMappingModule::getSharedLuminanceBuffer(void),method,render,ToneMappingModule,getSharedLuminanceBuffer,void,False,False,False,False,False,False,True
428,427,0x1AB,?getSkyTexDummy@AtmosphereModule@render@@QEAA?AVRenderGraphTexture@2@XZ,public: class render::RenderGraphTexture __cdecl render::AtmosphereModule::getSkyTexDummy(void),method,render,AtmosphereModule,getSkyTexDummy,void,False,False,False,False,False,False,True
429,428,0x1AC,?getSphericalFogDensity@CloudsFog@@AEBAMVVec3f@osg@@0M@Z,"private: float __cdecl CloudsFog::getSphericalFogDensity(class osg::Vec3f, class osg::Vec3f, float) const",method,,CloudsFog,getSphericalFogDensity,"class osg::Vec3f, class osg::Vec3f, float",True,False,False,False,False,False,True
430,429,0x1AD,?getSphericalFogDensityFactor@@YANNNNNNN@Z,"double __cdecl getSphericalFogDensityFactor(double, double, double, double, double, double)",function,,,getSphericalFogDensityFactor,"double, double, double, double, double, double",False,False,False,False,False,False,True
431,430,0x1AE,?getSphericalFogTransmittance@CloudsFog@@AEBAMVVec3f@osg@@0M@Z,"private: float __cdecl CloudsFog::getSphericalFogTransmittance(class osg::Vec3f, class osg::Vec3f, float) const",method,,CloudsFog,getSphericalFogTransmittance,"class osg::Vec3f, class osg::Vec3f, float",True,False,False,False,False,False,True
432,431,0x1AF,?getSphericalFogTransmittance@CloudsFog@@AEBAMVVec3f@osg@@0MM@Z,"private: float __cdecl CloudsFog::getSphericalFogTransmittance(class osg::Vec3f, class osg::Vec3f, float, float) const",method,,CloudsFog,getSphericalFogTransmittance,"class osg::Vec3f, class osg::Vec3f, float, float",True,False,False,False,False,False,True
433,432,0x1B0,?getStackSize@ContextBase@GraphicsCore@@KAIXZ,protected: static unsigned int __cdecl GraphicsCore::ContextBase::getStackSize(void),method,GraphicsCore,ContextBase,getStackSize,void,False,True,False,False,False,False,True
434,433,0x1B1,?getStatistics@RenderGraph@render@@QEBAXAEAURenderGraphStatistics@2@@Z,public: void __cdecl render::RenderGraph::getStatistics(struct render::RenderGraphStatistics &) const,method,render,RenderGraph,getStatistics,struct render::RenderGraphStatistics &,True,False,False,False,False,False,True
435,434,0x1B2,?getStructuredBuffer@AmbientCube@environment@@QEAAAEAVStructuredBuffer@render@@XZ,public: class render::StructuredBuffer & __cdecl environment::AmbientCube::getStructuredBuffer(void),method,environment,AmbientCube,getStructuredBuffer,void,False,False,False,False,False,False,True
436,435,0x1B3,?getSunIntensity@ContextBase@GraphicsCore@@QEBAMXZ,public: float __cdecl GraphicsCore::ContextBase::getSunIntensity(void) const,method,GraphicsCore,ContextBase,getSunIntensity,void,True,False,False,False,False,False,True
437,436,0x1B4,?getSunMoonDir@ContextBase@GraphicsCore@@QEBA?AVVec3f@osg@@XZ,public: class osg::Vec3f __cdecl GraphicsCore::ContextBase::getSunMoonDir(void) const,method,GraphicsCore,ContextBase,getSunMoonDir,void,True,False,False,False,False,False,True
438,437,0x1B5,?getSurfaceCamera@environment@@YAXAEBVVec3f@osg@@0AEAVMatrixf@3@1@Z,"void __cdecl environment::getSurfaceCamera(class osg::Vec3f const &, class osg::Vec3f const &, class osg::Matrixf &, class osg::Matrixf &)",method,,environment,getSurfaceCamera,"class osg::Vec3f const &, class osg::Vec3f const &, class osg::Matrixf &, class osg::Matrixf &",False,False,False,False,False,False,True
439,438,0x1B6,?getSurfaceNormal@ContextBase@GraphicsCore@@QEBA?AVVec3f@osg@@XZ,public: class osg::Vec3f __cdecl GraphicsCore::ContextBase::getSurfaceNormal(void) const,method,GraphicsCore,ContextBase,getSurfaceNormal,void,True,False,False,False,False,False,True
440,439,0x1B7,?getTerrainShadowMatrix@ShadowMapModule@render@@QEBAAEBVMatrixf@osg@@XZ,public: class osg::Matrixf const & __cdecl render::ShadowMapModule::getTerrainShadowMatrix(void) const,method,render,ShadowMapModule,getTerrainShadowMatrix,void,True,False,False,False,False,False,True
441,440,0x1B8,?getTexture@Livery@Graphics@@UEBA_NIIAEAVTexture@render@@@Z,"public: virtual bool __cdecl Graphics::Livery::getTexture(unsigned int, unsigned int, class render::Texture &) const",method,Graphics,Livery,getTexture,"unsigned int, unsigned int, class render::Texture &",True,False,True,False,False,False,True
442,441,0x1B9,?getTextureForAutoBinding@EnvironmentModule@render@@EEBA?AUAutoTexture@IAutoBindResourceProvider@RenderGraph@2@H@Z,private: virtual struct render::RenderGraph::IAutoBindResourceProvider::AutoTexture __cdecl render::EnvironmentModule::getTextureForAutoBinding(int) const,method,render,EnvironmentModule,getTextureForAutoBinding,int,True,False,True,False,False,False,True
443,442,0x1BA,?getTextures@SSAOWrapper@deferredShading@@QEAA?BUSSAO_Textures@2@XZ,public: struct deferredShading::SSAO_Textures const __cdecl deferredShading::SSAOWrapper::getTextures(void),method,deferredShading,SSAOWrapper,getTextures,void,False,False,False,False,False,False,True
444,443,0x1BB,?getTiledBufferDims@LightsPrepass@render@@QEAA?AVVec2i@osg@@AEBV34@@Z,public: class osg::Vec2i __cdecl render::LightsPrepass::getTiledBufferDims(class osg::Vec2i const &),method,render,LightsPrepass,getTiledBufferDims,class osg::Vec2i const &,False,False,False,False,False,False,True
445,444,0x1BC,?getTransmittance@AtmosphereModule@render@@QEAA?AVRenderGraphTexture@2@XZ,public: class render::RenderGraphTexture __cdecl render::AtmosphereModule::getTransmittance(void),method,render,AtmosphereModule,getTransmittance,void,False,False,False,False,False,False,True
446,445,0x1BD,?getTransmittance@CloudsFog@@QEBAMVVec3f@osg@@0M@Z,"public: float __cdecl CloudsFog::getTransmittance(class osg::Vec3f, class osg::Vec3f, float) const",method,,CloudsFog,getTransmittance,"class osg::Vec3f, class osg::Vec3f, float",True,False,False,False,False,False,True
447,446,0x1BE,?getTransmittance@CloudsFog@@QEBAMVVec3f@osg@@0MM@Z,"public: float __cdecl CloudsFog::getTransmittance(class osg::Vec3f, class osg::Vec3f, float, float) const",method,,CloudsFog,getTransmittance,"class osg::Vec3f, class osg::Vec3f, float, float",True,False,False,False,False,False,True
448,447,0x1BF,?getTransmittanceTexture3D@Atmosphere@enlight@@QEAA?AVTexture@render@@XZ,public: class render::Texture __cdecl enlight::Atmosphere::getTransmittanceTexture3D(void),method,enlight,Atmosphere,getTransmittanceTexture3D,void,False,False,False,False,False,False,True
449,448,0x1C0,?getTransmittanceTexture@Atmosphere@enlight@@QEAA?AVTexture@render@@XZ,public: class render::Texture __cdecl enlight::Atmosphere::getTransmittanceTexture(void),method,enlight,Atmosphere,getTransmittanceTexture,void,False,False,False,False,False,False,True
450,449,0x1C1,?getUnderwaterMask@Water@enlight@@AEAA?AVTexture@render@@XZ,private: class render::Texture __cdecl enlight::Water::getUnderwaterMask(void),method,enlight,Water,getUnderwaterMask,void,False,False,False,False,False,False,True
451,450,0x1C2,?getUniformity@CloudsFog@@QEBAMXZ,public: float __cdecl CloudsFog::getUniformity(void) const,method,,CloudsFog,getUniformity,void,True,False,False,False,False,False,True
452,451,0x1C3,?getVisibilityAltitude@CloudsFog@@QEBAMXZ,public: float __cdecl CloudsFog::getVisibilityAltitude(void) const,method,,CloudsFog,getVisibilityAltitude,void,True,False,False,False,False,False,True
453,452,0x1C4,?getVisibilityDistance@CloudsFog@@QEBAMXZ,public: float __cdecl CloudsFog::getVisibilityDistance(void) const,method,,CloudsFog,getVisibilityDistance,void,True,False,False,False,False,False,True
454,453,0x1C5,?imgui@MotionBlurImGui@render@@AEAA?AW4reg_lambda_call_result@ed@ImGui@@XZ,private: enum ImGui::ed::reg_lambda_call_result __cdecl render::MotionBlurImGui::imgui(void),method,render,MotionBlurImGui,imgui,void,False,False,False,False,False,False,True
455,454,0x1C6,?imgui@ShadowsImGui@render@@AEAA?AW4reg_lambda_call_result@ed@ImGui@@XZ,private: enum ImGui::ed::reg_lambda_call_result __cdecl render::ShadowsImGui::imgui(void),method,render,ShadowsImGui,imgui,void,False,False,False,False,False,False,True
456,455,0x1C7,?importBuffer@RenderGraph@render@@QEAA?AVRenderGraphBuffer@2@PEBDAEBVBuffer@2@HH@Z,"public: class render::RenderGraphBuffer __cdecl render::RenderGraph::importBuffer(char const *, class render::Buffer const &, int, int)",method,render,RenderGraph,importBuffer,"char const *, class render::Buffer const &, int, int",False,False,False,False,False,False,True
457,456,0x1C8,?importStructuredBuffer@RenderGraph@render@@QEAA?AVRenderGraphBuffer@2@PEBDAEBVStructuredBuffer@2@HH@Z,"public: class render::RenderGraphBuffer __cdecl render::RenderGraph::importStructuredBuffer(char const *, class render::StructuredBuffer const &, int, int)",method,render,RenderGraph,importStructuredBuffer,"char const *, class render::StructuredBuffer const &, int, int",False,False,False,False,False,False,True
458,457,0x1C9,?importTexture@RenderGraph@render@@QEAA?AVRenderGraphTexture@2@PEBDAEBVTexture@2@HAEBUAutoBindInfo@TextureDescription@2@_N@Z,"public: class render::RenderGraphTexture __cdecl render::RenderGraph::importTexture(char const *, class render::Texture const &, int, struct render::TextureDescription::AutoBindInfo const &, bool)",method,render,RenderGraph,importTexture,"char const *, class render::Texture const &, int, struct render::TextureDescription::AutoBindInfo const &, bool",False,False,False,False,False,False,True
459,458,0x1CA,?init@AmbientCube@environment@@QEAA_NXZ,public: bool __cdecl environment::AmbientCube::init(void),method,environment,AmbientCube,init,void,False,False,False,False,False,False,True
460,459,0x1CB,?init@AtmosphereModule@render@@QEAAXAEAVRenderGraph@2@HHHHHHH@Z,"public: void __cdecl render::AtmosphereModule::init(class render::RenderGraph &, int, int, int, int, int, int, int)",method,render,AtmosphereModule,init,"class render::RenderGraph &, int, int, int, int, int, int, int",False,False,False,False,False,False,True
461,460,0x1CC,?init@AtmosphereWrapper@enlight@@QEAAXAEBVVec2i@osg@@@Z,public: void __cdecl enlight::AtmosphereWrapper::init(class osg::Vec2i const &),method,enlight,AtmosphereWrapper,init,class osg::Vec2i const &,False,False,False,False,False,False,True
462,461,0x1CD,?init@CloudsFog@@QEAAXMMM@Z,"public: void __cdecl CloudsFog::init(float, float, float)",method,,CloudsFog,init,"float, float, float",False,False,False,False,False,False,True
463,462,0x1CE,?init@ContextBase@GraphicsCore@@KAXXZ,protected: static void __cdecl GraphicsCore::ContextBase::init(void),method,GraphicsCore,ContextBase,init,void,False,True,False,False,False,False,True
464,463,0x1CF,?init@ContextHelper@render@@QEAAXAEAVShader@2@@Z,public: void __cdecl render::ContextHelper::init(class render::Shader &),method,render,ContextHelper,init,class render::Shader &,False,False,False,False,False,False,True
465,464,0x1D0,?init@CopyPass@render@@QEAAXXZ,public: void __cdecl render::CopyPass::init(void),method,render,CopyPass,init,void,False,False,False,False,False,False,True
466,465,0x1D1,?init@DeferredComposer@deferredShading@@QEAAXHHW4MSAA_ENUM@render@@PEBDAEBUDeferredComposerDesc@2@@Z,"public: void __cdecl deferredShading::DeferredComposer::init(int, int, enum render::MSAA_ENUM, char const *, struct deferredShading::DeferredComposerDesc const &)",method,deferredShading,DeferredComposer,init,"int, int, enum render::MSAA_ENUM, char const *, struct deferredShading::DeferredComposerDesc const &",False,False,False,False,False,False,True
467,466,0x1D2,?init@DeferredShadingModule@render@@QEAAXAEBUInitializer@12@@Z,public: void __cdecl render::DeferredShadingModule::init(struct render::DeferredShadingModule::Initializer const &),method,render,DeferredShadingModule,init,struct render::DeferredShadingModule::Initializer const &,False,False,False,False,False,False,True
468,467,0x1D3,?init@DepthResolver@deferredShading@@QEAAXW4MSAA_ENUM@render@@@Z,public: void __cdecl deferredShading::DepthResolver::init(enum render::MSAA_ENUM),method,deferredShading,DepthResolver,init,enum render::MSAA_ENUM,False,False,False,False,False,False,True
469,468,0x1D4,?init@DepthResolverModule@render@@QEAAXW4MSAA_ENUM@2@@Z,public: void __cdecl render::DepthResolverModule::init(enum render::MSAA_ENUM),method,render,DepthResolverModule,init,enum render::MSAA_ENUM,False,False,False,False,False,False,True
470,469,0x1D5,?init@DownsamplingPyramid@render@@QEAAXAEAVRenderGraph@2@PEBDIIIW4FMT_ENUM@2@W4MSAA_ENUM@2@QEB_N@Z,"public: void __cdecl render::DownsamplingPyramid::init(class render::RenderGraph &, char const *, unsigned int, unsigned int, unsigned int, enum render::FMT_ENUM, enum render::MSAA_ENUM, bool const *const)",method,render,DownsamplingPyramid,init,"class render::RenderGraph &, char const *, unsigned int, unsigned int, unsigned int, enum render::FMT_ENUM, enum render::MSAA_ENUM, bool const *const",False,False,False,False,False,False,True
471,470,0x1D6,?init@DownsamplingPyramid@render@@QEAAXPEBDIIIW4FMT_ENUM@2@W4MSAA_ENUM@2@QEB_N@Z,"public: void __cdecl render::DownsamplingPyramid::init(char const *, unsigned int, unsigned int, unsigned int, enum render::FMT_ENUM, enum render::MSAA_ENUM, bool const *const)",method,render,DownsamplingPyramid,init,"char const *, unsigned int, unsigned int, unsigned int, enum render::FMT_ENUM, enum render::MSAA_ENUM, bool const *const",False,False,False,False,False,False,True
472,471,0x1D7,?init@EnvironmentCubeFilter@environment@@QEAA_NXZ,public: bool __cdecl environment::EnvironmentCubeFilter::init(void),method,environment,EnvironmentCubeFilter,init,void,False,False,False,False,False,False,True
473,472,0x1D8,?init@EnvironmentCubeWrapper@environment@@QEAA_NPEBD@Z,public: bool __cdecl environment::EnvironmentCubeWrapper::init(char const *),method,environment,EnvironmentCubeWrapper,init,char const *,False,False,False,False,False,False,True
474,473,0x1D9,?init@EnvironmentModule@render@@QEAAXAEAVRenderGraph@2@HH@Z,"public: void __cdecl render::EnvironmentModule::init(class render::RenderGraph &, int, int)",method,render,EnvironmentModule,init,"class render::RenderGraph &, int, int",False,False,False,False,False,False,True
475,474,0x1DA,?init@FakeEnvironment@environment@@QEAAXPEBVTexture@render@@PEBH@Z,"public: void __cdecl environment::FakeEnvironment::init(class render::Texture const *, int const *)",method,environment,FakeEnvironment,init,"class render::Texture const *, int const *",False,False,False,False,False,False,True
476,475,0x1DB,?init@GPUDebugRendererModule@render@@QEAAXAEAVRenderGraph@2@W4MSAA_ENUM@2@@Z,"public: void __cdecl render::GPUDebugRendererModule::init(class render::RenderGraph &, enum render::MSAA_ENUM)",method,render,GPUDebugRendererModule,init,"class render::RenderGraph &, enum render::MSAA_ENUM",False,False,False,False,False,False,True
477,476,0x1DC,?init@IceHaloModule@render@@QEAAXAEAVRenderGraph@2@HH@Z,"public: void __cdecl render::IceHaloModule::init(class render::RenderGraph &, int, int)",method,render,IceHaloModule,init,"class render::RenderGraph &, int, int",False,False,False,False,False,False,True
478,477,0x1DD,?init@IceHaloWrapper@enlight@@QEAAXI@Z,public: void __cdecl enlight::IceHaloWrapper::init(unsigned int),method,enlight,IceHaloWrapper,init,unsigned int,False,False,False,False,False,False,True
479,478,0x1DE,?init@LightsPrepassWrapper@render@@QEAAXW4MSAA_ENUM@2@AEBVVec2i@osg@@@Z,"public: void __cdecl render::LightsPrepassWrapper::init(enum render::MSAA_ENUM, class osg::Vec2i const &)",method,render,LightsPrepassWrapper,init,"enum render::MSAA_ENUM, class osg::Vec2i const &",False,False,False,False,False,False,True
480,479,0x1DF,?init@MotionBlurModule@render@@QEAAXHMW4MSAA_ENUM@2@@Z,"public: void __cdecl render::MotionBlurModule::init(int, float, enum render::MSAA_ENUM)",method,render,MotionBlurModule,init,"int, float, enum render::MSAA_ENUM",False,False,False,False,False,False,True
481,480,0x1E0,?init@SSAOModule@render@@QEAAXAEBUInitializer@12@@Z,public: void __cdecl render::SSAOModule::init(struct render::SSAOModule::Initializer const &),method,render,SSAOModule,init,struct render::SSAOModule::Initializer const &,False,False,False,False,False,False,True
482,481,0x1E1,?init@SSAOWrapper@deferredShading@@QEAAXAEAVFrameBuffer@render@@@Z,public: void __cdecl deferredShading::SSAOWrapper::init(class render::FrameBuffer &),method,deferredShading,SSAOWrapper,init,class render::FrameBuffer &,False,False,False,False,False,False,True
483,482,0x1E2,?init@SSLRModule@render@@QEAAXAEBUInitializer@12@@Z,public: void __cdecl render::SSLRModule::init(struct render::SSLRModule::Initializer const &),method,render,SSLRModule,init,struct render::SSLRModule::Initializer const &,False,False,False,False,False,False,True
484,483,0x1E3,?init@SSSModule@render@@QEAAXW4MSAA_ENUM@2@@Z,public: void __cdecl render::SSSModule::init(enum render::MSAA_ENUM),method,render,SSSModule,init,enum render::MSAA_ENUM,False,False,False,False,False,False,True
485,484,0x1E4,?init@ScreenTilesModule@render@@QEAAXAEAVRenderGraph@2@AEBUInitializer@12@@Z,"public: void __cdecl render::ScreenTilesModule::init(class render::RenderGraph &, struct render::ScreenTilesModule::Initializer const &)",method,render,ScreenTilesModule,init,"class render::RenderGraph &, struct render::ScreenTilesModule::Initializer const &",False,False,False,False,False,False,True
486,485,0x1E5,?init@ShadowMapModule@render@@QEAAXAEAVRenderGraph@2@H_NW4MSAA_ENUM@2@PEBD@Z,"public: void __cdecl render::ShadowMapModule::init(class render::RenderGraph &, int, bool, enum render::MSAA_ENUM, char const *)",method,render,ShadowMapModule,init,"class render::RenderGraph &, int, bool, enum render::MSAA_ENUM, char const *",False,False,False,False,False,False,True
487,486,0x1E6,?init@Shadows@enlight@@QEAA_NAEBUSetup@12@@Z,public: bool __cdecl enlight::Shadows::init(struct enlight::Shadows::Setup const &),method,enlight,Shadows,init,struct enlight::Shadows::Setup const &,False,False,False,False,False,False,True
488,487,0x1E7,?init@SkyBox@render@@QEAAXM@Z,public: void __cdecl render::SkyBox::init(float),method,render,SkyBox,init,float,False,False,False,False,False,False,True
489,488,0x1E8,?init@TemporalAA@deferredShading@@QEAAXAEBVVec2i@osg@@@Z,public: void __cdecl deferredShading::TemporalAA::init(class osg::Vec2i const &),method,deferredShading,TemporalAA,init,class osg::Vec2i const &,False,False,False,False,False,False,True
490,489,0x1E9,?init@TerrainModule@render@@QEAAXAEAVRenderGraph@2@AEAUITerrainRenderer@12@II@Z,"public: void __cdecl render::TerrainModule::init(class render::RenderGraph &, struct render::TerrainModule::ITerrainRenderer &, unsigned int, unsigned int)",method,render,TerrainModule,init,"class render::RenderGraph &, struct render::TerrainModule::ITerrainRenderer &, unsigned int, unsigned int",False,False,False,False,False,False,True
491,490,0x1EA,?init@TextureCopyPaster@Graphics@@QEAAXXZ,public: void __cdecl Graphics::TextureCopyPaster::init(void),method,Graphics,TextureCopyPaster,init,void,False,False,False,False,False,False,True
492,491,0x1EB,?init@ToneMapper@deferredShading@@QEAAXW4MSAA_ENUM@render@@PEBD@Z,"public: void __cdecl deferredShading::ToneMapper::init(enum render::MSAA_ENUM, char const *)",method,deferredShading,ToneMapper,init,"enum render::MSAA_ENUM, char const *",False,False,False,False,False,False,True
493,492,0x1EC,?init@ToneMapperWrapper@deferredShading@@QEAAXAEAVFrameBuffer@render@@AEBUToneMapperDesc@2@@Z,"public: void __cdecl deferredShading::ToneMapperWrapper::init(class render::FrameBuffer &, struct deferredShading::ToneMapperDesc const &)",method,deferredShading,ToneMapperWrapper,init,"class render::FrameBuffer &, struct deferredShading::ToneMapperDesc const &",False,False,False,False,False,False,True
494,493,0x1ED,?init@ToneMapperWrapper@deferredShading@@QEAAXAEAVFrameBuffer@render@@H@Z,"public: void __cdecl deferredShading::ToneMapperWrapper::init(class render::FrameBuffer &, int)",method,deferredShading,ToneMapperWrapper,init,"class render::FrameBuffer &, int",False,False,False,False,False,False,True
495,494,0x1EE,?init@ToneMappingModule@render@@QEAAXAEAVRenderGraph@2@AEBUInitializer@12@@Z,"public: void __cdecl render::ToneMappingModule::init(class render::RenderGraph &, struct render::ToneMappingModule::Initializer const &)",method,render,ToneMappingModule,init,"class render::RenderGraph &, struct render::ToneMappingModule::Initializer const &",False,False,False,False,False,False,True
496,495,0x1EF,?init@WaterModule@render@@QEAAXAEBUInitializer@12@AEAVRenderGraph@2@@Z,"public: void __cdecl render::WaterModule::init(struct render::WaterModule::Initializer const &, class render::RenderGraph &)",method,render,WaterModule,init,"struct render::WaterModule::Initializer const &, class render::RenderGraph &",False,False,False,False,False,False,True
497,496,0x1F0,?init@WaterWrapper@enlight@@QEAAXHH_NPEAUlua_State@@@Z,"public: void __cdecl enlight::WaterWrapper::init(int, int, bool, struct lua_State *)",method,enlight,WaterWrapper,init,"int, int, bool, struct lua_State *",False,False,False,False,False,False,True
498,497,0x1F1,?instance@ILiveryManager@@SAPEAV1@XZ,public: static class ILiveryManager * __cdecl ILiveryManager::instance(void),method,,ILiveryManager,instance,void,False,True,False,False,False,False,True
499,498,0x1F2,?isInitialized@AtmosphereModule@render@@QEBA_NXZ,public: bool __cdecl render::AtmosphereModule::isInitialized(void) const,method,render,AtmosphereModule,isInitialized,void,True,False,False,False,False,False,True
500,499,0x1F3,?isInitialized@IceHaloWrapper@enlight@@QEAA_NXZ,public: bool __cdecl enlight::IceHaloWrapper::isInitialized(void),method,enlight,IceHaloWrapper,isInitialized,void,False,False,False,False,False,False,True
501,500,0x1F4,?isInitialized@TerrainModule@render@@QEBA_NXZ,public: bool __cdecl render::TerrainModule::isInitialized(void) const,method,render,TerrainModule,isInitialized,void,True,False,False,False,False,False,True
502,501,0x1F5,?isInitialized@ToneMapper@deferredShading@@QEBA_NXZ,public: bool __cdecl deferredShading::ToneMapper::isInitialized(void) const,method,deferredShading,ToneMapper,isInitialized,void,True,False,False,False,False,False,True
503,502,0x1F6,?isInitialized@ToneMapperWrapper@deferredShading@@QEBA_NXZ,public: bool __cdecl deferredShading::ToneMapperWrapper::isInitialized(void) const,method,deferredShading,ToneMapperWrapper,isInitialized,void,True,False,False,False,False,False,True
504,503,0x1F7,?isInitialized@ToneMappingModule@render@@QEBA_NXZ,public: bool __cdecl render::ToneMappingModule::isInitialized(void) const,method,render,ToneMappingModule,isInitialized,void,True,False,False,False,False,False,True
505,504,0x1F8,?isOverrideSettings@IceHaloPresetManager@enlight@@QEBA_NXZ,public: bool __cdecl enlight::IceHaloPresetManager::isOverrideSettings(void) const,method,enlight,IceHaloPresetManager,isOverrideSettings,void,True,False,False,False,False,False,True
506,505,0x1F9,?isValid@CloudsFog@@QEBA_NXZ,public: bool __cdecl CloudsFog::isValid(void) const,method,,CloudsFog,isValid,void,True,False,False,False,False,False,True
507,506,0x1FA,?isValid@RenderGraphLightsCollection@render@@QEBA_NXZ,public: bool __cdecl render::RenderGraphLightsCollection::isValid(void) const,method,render,RenderGraphLightsCollection,isValid,void,True,False,False,False,False,False,True
508,507,0x1FB,?isValid@RenderGraphObjectsCollection@render@@QEBA_NXZ,public: bool __cdecl render::RenderGraphObjectsCollection::isValid(void) const,method,render,RenderGraphObjectsCollection,isValid,void,True,False,False,False,False,False,True
509,508,0x1FC,?isValid@SSAOModule@render@@QEBA_NXZ,public: bool __cdecl render::SSAOModule::isValid(void) const,method,render,SSAOModule,isValid,void,True,False,False,False,False,False,True
510,509,0x1FD,?isValid@SSAOWrapper@deferredShading@@QEBA_NXZ,public: bool __cdecl deferredShading::SSAOWrapper::isValid(void) const,method,deferredShading,SSAOWrapper,isValid,void,True,False,False,False,False,False,True
511,510,0x1FE,?isValid@SSLRModule@render@@QEBA_NXZ,public: bool __cdecl render::SSLRModule::isValid(void) const,method,render,SSLRModule,isValid,void,True,False,False,False,False,False,True
512,511,0x1FF,?isValid@SSSModule@render@@QEBA_NXZ,public: bool __cdecl render::SSSModule::isValid(void) const,method,render,SSSModule,isValid,void,True,False,False,False,False,False,True
513,512,0x200,?isValid@Shadows@enlight@@QEBA_NXZ,public: bool __cdecl enlight::Shadows::isValid(void) const,method,enlight,Shadows,isValid,void,True,False,False,False,False,False,True
514,513,0x201,?isValid@WaterModule@render@@QEBA_NXZ,public: bool __cdecl render::WaterModule::isValid(void) const,method,render,WaterModule,isValid,void,True,False,False,False,False,False,True
515,514,0x202,?isValid@WaterWrapper@enlight@@QEBA_NXZ,public: bool __cdecl enlight::WaterWrapper::isValid(void) const,method,enlight,WaterWrapper,isValid,void,True,False,False,False,False,False,True
516,515,0x203,?lightsPrePass@RenderGraph@render@@QEAAXQEBV?$vector@PEAUSceneLight@render@@V?$allocator@PEAUSceneLight@render@@@ed@@@ed@@@Z,"public: void __cdecl render::RenderGraph::lightsPrePass(class ed::vector<struct render::SceneLight *, class ed::allocator<struct render::SceneLight *>> const *const)",method,render,RenderGraph,lightsPrePass,"class ed::vector<struct render::SceneLight *, class ed::allocator<struct render::SceneLight *>> const *const",False,False,False,False,False,False,True
517,516,0x204,?load@Livery@Graphics@@UEAAXXZ,public: virtual void __cdecl Graphics::Livery::load(void),method,Graphics,Livery,load,void,False,False,True,False,False,False,True
518,517,0x205,?loadColorGradingTable@ColorGrading@@YA?AVTexture3D@render@@VTexture@3@@Z,class render::Texture3D __cdecl ColorGrading::loadColorGradingTable(class render::Texture),method,,ColorGrading,loadColorGradingTable,class render::Texture,False,False,False,False,False,False,True
519,518,0x206,?loadCubeFromSixWalls@environment@@YAXQEAPEBDAEAVTexture@render@@@Z,"void __cdecl environment::loadCubeFromSixWalls(char const **const, class render::Texture &)",method,,environment,loadCubeFromSixWalls,"char const **const, class render::Texture &",False,False,False,False,False,False,True
520,519,0x207,?loadCubeFromSphericalMap@environment@@YAXPEBDAEAVTexture@render@@@Z,"void __cdecl environment::loadCubeFromSphericalMap(char const *, class render::Texture &)",method,,environment,loadCubeFromSphericalMap,"char const *, class render::Texture &",False,False,False,False,False,False,True
521,520,0x208,?loadPrefilteredCube@environment@@YAXPEBDAEAVTexture@render@@PEAUEnvironmentCubeMetadata@1@@Z,"void __cdecl environment::loadPrefilteredCube(char const *, class render::Texture &, struct environment::EnvironmentCubeMetadata *)",method,,environment,loadPrefilteredCube,"char const *, class render::Texture &, struct environment::EnvironmentCubeMetadata *",False,False,False,False,False,False,True
522,521,0x209,?loadPresets@IceHaloPresetManager@enlight@@QEAAXPEBD@Z,public: void __cdecl enlight::IceHaloPresetManager::loadPresets(char const *),method,enlight,IceHaloPresetManager,loadPresets,char const *,False,False,False,False,False,False,True
523,522,0x20A,?loadShadowsConfig@enlight@@YA_NPEBDHAEAUSetup@Shadows@1@0PEAPEBD@Z,"bool __cdecl enlight::loadShadowsConfig(char const *, int, struct enlight::Shadows::Setup &, char const *, char const **)",method,,enlight,loadShadowsConfig,"char const *, int, struct enlight::Shadows::Setup &, char const *, char const **",False,False,False,False,False,False,True
524,523,0x20B,?load_with_tlbu@Livery@Graphics@@UEAAX_N@Z,public: virtual void __cdecl Graphics::Livery::load_with_tlbu(bool),method,Graphics,Livery,load_with_tlbu,bool,False,False,True,False,False,False,True
525,524,0x20C,?locateAndBind@GPUDebugDraw@render@@SAXAEAVShader@2@@Z,public: static void __cdecl render::GPUDebugDraw::locateAndBind(class render::Shader &),method,render,GPUDebugDraw,locateAndBind,class render::Shader &,False,True,False,False,False,False,True
526,525,0x20D,?locateHandles@GPUDebugDraw@render@@SA?AU?$array@_K$04@ed@@AEBVShader@2@@Z,"public: static struct ed::array<unsigned __int64, 5> __cdecl render::GPUDebugDraw::locateHandles(class render::Shader const &)",method,render,GPUDebugDraw,locateHandles,class render::Shader const &,False,True,False,False,False,False,True
527,526,0x20E,?maxCrystalTypes@IceHaloAppearanceParams@@2IB,public: static unsigned int const IceHaloAppearanceParams::maxCrystalTypes,symbol,,,,,False,False,False,False,False,False,True
528,527,0x20F,?maxDebugCharacters@GPUDebugRendererModule@render@@0IB,private: static unsigned int const render::GPUDebugRendererModule::maxDebugCharacters,symbol,,,,,False,False,False,False,False,False,True
529,528,0x210,?maxDebugCharactersByteSize@GPUDebugRendererModule@render@@0IB,private: static unsigned int const render::GPUDebugRendererModule::maxDebugCharactersByteSize,symbol,,,,,False,False,False,False,False,False,True
530,529,0x211,?maxDebugLines@GPUDebugRendererModule@render@@0IB,private: static unsigned int const render::GPUDebugRendererModule::maxDebugLines,symbol,,,,,False,False,False,False,False,False,True
531,530,0x212,?maxDebugLinesByteSize@GPUDebugRendererModule@render@@0IB,private: static unsigned int const render::GPUDebugRendererModule::maxDebugLinesByteSize,symbol,,,,,False,False,False,False,False,False,True
532,531,0x213,?maxDebugPrimTypes@GPUDebugRendererModule@render@@0IB,private: static unsigned int const render::GPUDebugRendererModule::maxDebugPrimTypes,symbol,,,,,False,False,False,False,False,False,True
533,532,0x214,?maxDebugStorageByteSize@GPUDebugRendererModule@render@@0IB,private: static unsigned int const render::GPUDebugRendererModule::maxDebugStorageByteSize,symbol,,,,,False,False,False,False,False,False,True
534,533,0x215,?maxDebugStreamEntries@GPUDebugRendererModule@render@@0IB,private: static unsigned int const render::GPUDebugRendererModule::maxDebugStreamEntries,symbol,,,,,False,False,False,False,False,False,True
535,534,0x216,?maxDebugTriangles@GPUDebugRendererModule@render@@0IB,private: static unsigned int const render::GPUDebugRendererModule::maxDebugTriangles,symbol,,,,,False,False,False,False,False,False,True
536,535,0x217,?maxDebugTrianglesByteSize@GPUDebugRendererModule@render@@0IB,private: static unsigned int const render::GPUDebugRendererModule::maxDebugTrianglesByteSize,symbol,,,,,False,False,False,False,False,False,True
537,536,0x218,?maxRaysPerIterationPerCrystalPerFrame@IceHaloSimulationParams@@0IB,private: static unsigned int const IceHaloSimulationParams::maxRaysPerIterationPerCrystalPerFrame,symbol,,,,,False,False,False,False,False,False,True
538,537,0x219,?mergeLightsCPU@LightsPrepass@render@@QEAAXQEBVStructuredBufferDynamic@2@AEBVBuffer@2@VVec2i@osg@@QEAV32@@Z,"public: void __cdecl render::LightsPrepass::mergeLightsCPU(class render::StructuredBufferDynamic const *const, class render::Buffer const &, class osg::Vec2i, class render::StructuredBufferDynamic *const)",method,render,LightsPrepass,mergeLightsCPU,"class render::StructuredBufferDynamic const *const, class render::Buffer const &, class osg::Vec2i, class render::StructuredBufferDynamic *const",False,False,False,False,False,False,True
539,538,0x21A,?mergeLightsGPU@LightsPrepass@render@@QEAAXQEBVStructuredBufferDynamic@2@AEBVBuffer@2@AEBVStructuredBuffer@2@21@Z,"public: void __cdecl render::LightsPrepass::mergeLightsGPU(class render::StructuredBufferDynamic const *const, class render::Buffer const &, class render::StructuredBuffer const &, class render::StructuredBuffer const &, class render::Buffer const &)",method,render,LightsPrepass,mergeLightsGPU,"class render::StructuredBufferDynamic const *const, class render::Buffer const &, class render::StructuredBuffer const &, class render::StructuredBuffer const &, class render::Buffer const &",False,False,False,False,False,False,True
540,539,0x21B,?motionBlurEnabled@DeferredComposer@deferredShading@@QEBA_NXZ,public: bool __cdecl deferredShading::DeferredComposer::motionBlurEnabled(void) const,method,deferredShading,DeferredComposer,motionBlurEnabled,void,True,False,False,False,False,False,True
541,540,0x21C,?open@luaToRenderConfig@GraphicsCore@@QEAAXAEAVConfig@Lua@@PEAURenderConfig@render@@@Z,"public: void __cdecl GraphicsCore::luaToRenderConfig::open(class Lua::Config &, struct render::RenderConfig *)",method,GraphicsCore,luaToRenderConfig,open,"class Lua::Config &, struct render::RenderConfig *",False,False,False,False,False,False,True
542,541,0x21D,?paramName@FLIRparams@@2PAPEBDA,public: static char const **FLIRparams::paramName,symbol,,,,,False,False,False,False,False,False,True
543,542,0x21E,?parseShadowMap@ShadowMapModule@render@@EEAAXHAEBVMatrixf@osg@@0@Z,"private: virtual void __cdecl render::ShadowMapModule::parseShadowMap(int, class osg::Matrixf const &, class osg::Matrixf const &)",method,render,ShadowMapModule,parseShadowMap,"int, class osg::Matrixf const &, class osg::Matrixf const &",False,False,True,False,False,False,True
544,543,0x21F,?parseShadowMap@Shadows@enlight@@QEAAXPEAVSceneRender@12@@Z,public: void __cdecl enlight::Shadows::parseShadowMap(class enlight::Shadows::SceneRender *),method,enlight,Shadows,parseShadowMap,class enlight::Shadows::SceneRender *,False,False,False,False,False,False,True
545,544,0x220,?parseTerrainShadowMap@ShadowMapModule@render@@EEAAXAEBVMatrixf@osg@@0@Z,"private: virtual void __cdecl render::ShadowMapModule::parseTerrainShadowMap(class osg::Matrixf const &, class osg::Matrixf const &)",method,render,ShadowMapModule,parseTerrainShadowMap,"class osg::Matrixf const &, class osg::Matrixf const &",False,False,True,False,False,False,True
546,545,0x221,?pop@ContextBase@GraphicsCore@@KAXXZ,protected: static void __cdecl GraphicsCore::ContextBase::pop(void),method,GraphicsCore,ContextBase,pop,void,False,True,False,False,False,False,True
547,546,0x222,?prePass@BaseRenderingPass@render@@UEAAXXZ,public: virtual void __cdecl render::BaseRenderingPass::prePass(void),method,render,BaseRenderingPass,prePass,void,False,False,True,False,False,False,True
548,547,0x223,?precollectCasters@ShadowMapModule@render@@EEAAXAEBVMatrixf@osg@@@Z,private: virtual void __cdecl render::ShadowMapModule::precollectCasters(class osg::Matrixf const &),method,render,ShadowMapModule,precollectCasters,class osg::Matrixf const &,False,False,True,False,False,False,True
549,548,0x224,?precompute@Atmosphere@enlight@@QEAAXMPEAVTexture@render@@@Z,"public: void __cdecl enlight::Atmosphere::precompute(float, class render::Texture *)",method,enlight,Atmosphere,precompute,"float, class render::Texture *",False,False,False,False,False,False,True
550,549,0x225,?precompute@AtmosphereWrapper@enlight@@AEAAXM@Z,private: void __cdecl enlight::AtmosphereWrapper::precompute(float),method,enlight,AtmosphereWrapper,precompute,float,False,False,False,False,False,False,True
551,550,0x226,?prefilterAllMips@EnvironmentCubeFilter@environment@@QEAAXAEAUEnvironmentCubeTarget@2@_N1@Z,"public: void __cdecl environment::EnvironmentCubeFilter::prefilterAllMips(struct environment::EnvironmentCubeTarget &, bool, bool)",method,environment,EnvironmentCubeFilter,prefilterAllMips,"struct environment::EnvironmentCubeTarget &, bool, bool",False,False,False,False,False,False,True
552,551,0x227,?prefilterMip@EnvironmentCubeFilter@environment@@QEAAXAEAUEnvironmentCubeTarget@2@I_N1@Z,"public: void __cdecl environment::EnvironmentCubeFilter::prefilterMip(struct environment::EnvironmentCubeTarget &, unsigned int, bool, bool)",method,environment,EnvironmentCubeFilter,prefilterMip,"struct environment::EnvironmentCubeTarget &, unsigned int, bool, bool",False,False,False,False,False,False,True
553,552,0x228,?prefilterToBuffer@EnvironmentCubeFilter@environment@@QEAAXAEBVTexture@render@@AEAVStructuredBuffer@4@IM_N@Z,"public: void __cdecl environment::EnvironmentCubeFilter::prefilterToBuffer(class render::Texture const &, class render::StructuredBuffer &, unsigned int, float, bool)",method,environment,EnvironmentCubeFilter,prefilterToBuffer,"class render::Texture const &, class render::StructuredBuffer &, unsigned int, float, bool",False,False,False,False,False,False,True
554,553,0x229,?prefilterToBuffer@EnvironmentCubeWrapper@environment@@QEAAXAEBVTexture@render@@AEAVStructuredBuffer@4@IM_N@Z,"public: void __cdecl environment::EnvironmentCubeWrapper::prefilterToBuffer(class render::Texture const &, class render::StructuredBuffer &, unsigned int, float, bool)",method,environment,EnvironmentCubeWrapper,prefilterToBuffer,"class render::Texture const &, class render::StructuredBuffer &, unsigned int, float, bool",False,False,False,False,False,False,True
555,554,0x22A,?printAsLua@IceHaloAppearanceParams@@QEBA?AV?$basic_string@D@ed@@XZ,public: class ed::basic_string<char> __cdecl IceHaloAppearanceParams::printAsLua(void) const,method,,IceHaloAppearanceParams,printAsLua,void,True,False,False,False,False,False,True
556,555,0x22B,?printAsLua@IceHaloSimulationParams@@QEBA?AV?$basic_string@D@ed@@XZ,public: class ed::basic_string<char> __cdecl IceHaloSimulationParams::printAsLua(void) const,method,,IceHaloSimulationParams,printAsLua,void,True,False,False,False,False,False,True
557,556,0x22C,?processFiltering@EnvironmentCubeFilter@environment@@QEAAIAEAUEnvironmentCubeTarget@2@@Z,public: unsigned int __cdecl environment::EnvironmentCubeFilter::processFiltering(struct environment::EnvironmentCubeTarget &),method,environment,EnvironmentCubeFilter,processFiltering,struct environment::EnvironmentCubeTarget &,False,False,False,False,False,False,True
558,557,0x22D,?processFiltering@EnvironmentCubeWrapper@environment@@QEAAIXZ,public: unsigned int __cdecl environment::EnvironmentCubeWrapper::processFiltering(void),method,environment,EnvironmentCubeWrapper,processFiltering,void,False,False,False,False,False,False,True
559,558,0x22E,?push@ContextBase@GraphicsCore@@KAXPEAV12@@Z,protected: static void __cdecl GraphicsCore::ContextBase::push(class GraphicsCore::ContextBase *),method,GraphicsCore,ContextBase,push,class GraphicsCore::ContextBase *,False,True,False,False,False,False,True
560,559,0x22F,?quad@TemporalAA@deferredShading@@AEAAXH@Z,private: void __cdecl deferredShading::TemporalAA::quad(int),method,deferredShading,TemporalAA,quad,int,False,False,False,False,False,False,True
561,560,0x230,?quad@ToneMapper@deferredShading@@QEAAXH@Z,public: void __cdecl deferredShading::ToneMapper::quad(int),method,deferredShading,ToneMapper,quad,int,False,False,False,False,False,False,True
562,561,0x231,?quad@Water@enlight@@AEAAXH@Z,private: void __cdecl enlight::Water::quad(int),method,enlight,Water,quad,int,False,False,False,False,False,False,True
563,562,0x232,?queryCasters@ShadowMapModule@render@@EEAAXHAEBVMatrixf@osg@@00@Z,"private: virtual void __cdecl render::ShadowMapModule::queryCasters(int, class osg::Matrixf const &, class osg::Matrixf const &, class osg::Matrixf const &)",method,render,ShadowMapModule,queryCasters,"int, class osg::Matrixf const &, class osg::Matrixf const &, class osg::Matrixf const &",False,False,True,False,False,False,True
564,563,0x233,?queryCasters@Shadows@enlight@@QEAAXPEAVSceneRender@12@@Z,public: void __cdecl enlight::Shadows::queryCasters(class enlight::Shadows::SceneRender *),method,enlight,Shadows,queryCasters,class enlight::Shadows::SceneRender *,False,False,False,False,False,False,True
565,564,0x234,?readFromConfig@IceHaloAppearanceParams@@QEAA_NAEAVConfig@Lua@@@Z,public: bool __cdecl IceHaloAppearanceParams::readFromConfig(class Lua::Config &),method,,IceHaloAppearanceParams,readFromConfig,class Lua::Config &,False,False,False,False,False,False,True
566,565,0x235,?readFromConfig@IceHaloSimulationParams@@QEAA_NAEAVConfig@Lua@@@Z,public: bool __cdecl IceHaloSimulationParams::readFromConfig(class Lua::Config &),method,,IceHaloSimulationParams,readFromConfig,class Lua::Config &,False,False,False,False,False,False,True
567,566,0x236,?readValue@luaToRenderConfig@GraphicsCore@@AEAAPEBDAEAVConfig@Lua@@@Z,private: char const * __cdecl GraphicsCore::luaToRenderConfig::readValue(class Lua::Config &),method,GraphicsCore,luaToRenderConfig,readValue,class Lua::Config &,False,False,False,False,False,False,True
568,567,0x237,?registerJConfControls@IceHaloPresetManager@enlight@@QEAAXXZ,public: void __cdecl enlight::IceHaloPresetManager::registerJConfControls(void),method,enlight,IceHaloPresetManager,registerJConfControls,void,False,False,False,False,False,False,True
569,568,0x238,?registerRendererCallback@Graphics@@YAXPEAVRendererCallback@1@W4RendererCallbackEvent@1@H@Z,"void __cdecl Graphics::registerRendererCallback(class Graphics::RendererCallback *, enum Graphics::RendererCallbackEvent, int)",method,,Graphics,registerRendererCallback,"class Graphics::RendererCallback *, enum Graphics::RendererCallbackEvent, int",False,False,False,False,False,False,True
570,569,0x239,?registerToComputeInscatter@AtmosphereWrapper@enlight@@QEAAHPEBVVec3f@osg@@I@Z,"public: int __cdecl enlight::AtmosphereWrapper::registerToComputeInscatter(class osg::Vec3f const *, unsigned int)",method,enlight,AtmosphereWrapper,registerToComputeInscatter,"class osg::Vec3f const *, unsigned int",False,False,False,False,False,False,True
571,570,0x23A,?release@AmbientCube@environment@@QEAAXXZ,public: void __cdecl environment::AmbientCube::release(void),method,environment,AmbientCube,release,void,False,False,False,False,False,False,True
572,571,0x23B,?release@AtmosphereWrapper@enlight@@QEAAXXZ,public: void __cdecl enlight::AtmosphereWrapper::release(void),method,enlight,AtmosphereWrapper,release,void,False,False,False,False,False,False,True
573,572,0x23C,?release@ContextBase@GraphicsCore@@KAXXZ,protected: static void __cdecl GraphicsCore::ContextBase::release(void),method,GraphicsCore,ContextBase,release,void,False,True,False,False,False,False,True
574,573,0x23D,?release@DeferredComposer@deferredShading@@QEAAXXZ,public: void __cdecl deferredShading::DeferredComposer::release(void),method,deferredShading,DeferredComposer,release,void,False,False,False,False,False,False,True
575,574,0x23E,?release@DepthResolver@deferredShading@@QEAAXXZ,public: void __cdecl deferredShading::DepthResolver::release(void),method,deferredShading,DepthResolver,release,void,False,False,False,False,False,False,True
576,575,0x23F,?release@EnvironmentCubeFilter@environment@@QEAAXXZ,public: void __cdecl environment::EnvironmentCubeFilter::release(void),method,environment,EnvironmentCubeFilter,release,void,False,False,False,False,False,False,True
577,576,0x240,?release@EnvironmentCubeTarget@environment@@QEAAXXZ,public: void __cdecl environment::EnvironmentCubeTarget::release(void),method,environment,EnvironmentCubeTarget,release,void,False,False,False,False,False,False,True
578,577,0x241,?release@EnvironmentCubeWrapper@environment@@QEAAXXZ,public: void __cdecl environment::EnvironmentCubeWrapper::release(void),method,environment,EnvironmentCubeWrapper,release,void,False,False,False,False,False,False,True
579,578,0x242,?release@FakeEnvironment@environment@@QEAAXXZ,public: void __cdecl environment::FakeEnvironment::release(void),method,environment,FakeEnvironment,release,void,False,False,False,False,False,False,True
580,579,0x243,?release@IceHaloModule@render@@QEAAXXZ,public: void __cdecl render::IceHaloModule::release(void),method,render,IceHaloModule,release,void,False,False,False,False,False,False,True
581,580,0x244,?release@IceHaloWrapper@enlight@@QEAAXXZ,public: void __cdecl enlight::IceHaloWrapper::release(void),method,enlight,IceHaloWrapper,release,void,False,False,False,False,False,False,True
582,581,0x245,?release@SSAOWrapper@deferredShading@@QEAAXXZ,public: void __cdecl deferredShading::SSAOWrapper::release(void),method,deferredShading,SSAOWrapper,release,void,False,False,False,False,False,False,True
583,582,0x246,?release@Shadows@enlight@@QEAAXXZ,public: void __cdecl enlight::Shadows::release(void),method,enlight,Shadows,release,void,False,False,False,False,False,False,True
584,583,0x247,?release@SkyBox@render@@QEAAXXZ,public: void __cdecl render::SkyBox::release(void),method,render,SkyBox,release,void,False,False,False,False,False,False,True
585,584,0x248,?release@TemporalAA@deferredShading@@QEAAXXZ,public: void __cdecl deferredShading::TemporalAA::release(void),method,deferredShading,TemporalAA,release,void,False,False,False,False,False,False,True
586,585,0x249,?release@TextureCopyPaster@Graphics@@QEAAXXZ,public: void __cdecl Graphics::TextureCopyPaster::release(void),method,Graphics,TextureCopyPaster,release,void,False,False,False,False,False,False,True
587,586,0x24A,?release@ToneMapper@deferredShading@@QEAAXXZ,public: void __cdecl deferredShading::ToneMapper::release(void),method,deferredShading,ToneMapper,release,void,False,False,False,False,False,False,True
588,587,0x24B,?release@ToneMapperWrapper@deferredShading@@QEAAXXZ,public: void __cdecl deferredShading::ToneMapperWrapper::release(void),method,deferredShading,ToneMapperWrapper,release,void,False,False,False,False,False,False,True
589,588,0x24C,?release@WaterWrapper@enlight@@QEAAXXZ,public: void __cdecl enlight::WaterWrapper::release(void),method,enlight,WaterWrapper,release,void,False,False,False,False,False,False,True
590,589,0x24D,?releaseBuffers@LightsPrepass@render@@QEAAXXZ,public: void __cdecl render::LightsPrepass::releaseBuffers(void),method,render,LightsPrepass,releaseBuffers,void,False,False,False,False,False,False,True
591,590,0x24E,?releaseBuffers@LightsPrepassWrapper@render@@AEAAXXZ,private: void __cdecl render::LightsPrepassWrapper::releaseBuffers(void),method,render,LightsPrepassWrapper,releaseBuffers,void,False,False,False,False,False,False,True
592,591,0x24F,?render@RenderGraph@0@QEAAXQEBV?$vector@PEAUISceneRenderable@render@@V?$allocator@PEAUISceneRenderable@render@@@ed@@@ed@@QEBV?$vector@PEAUSceneLight@render@@V?$allocator@PEAUSceneLight@render@@@ed@@@3@AEBURenderParams@10@@Z,"public: void __cdecl render::RenderGraph::render(class ed::vector<struct render::ISceneRenderable *, class ed::allocator<struct render::ISceneRenderable *>> const *const, class ed::vector<struct render::SceneLight *, class ed::allocator<struct render::SceneLight *>> const *const, struct render::RenderGraph::RenderParams const &)",method,render,RenderGraph,render,"class ed::vector<struct render::ISceneRenderable *, class ed::allocator<struct render::ISceneRenderable *>> const *const, class ed::vector<struct render::SceneLight *, class ed::allocator<struct render::SceneLight *>> const *const, struct render::RenderGraph::RenderParams const &",False,False,False,False,False,False,True
593,592,0x250,?render@SSAO@deferredShading@@QEAAXVTexture@0@00000AEBVVec4i@osg@@M@Z,"public: void __cdecl deferredShading::SSAO::render(class render::Texture, class render::Texture, class render::Texture, class render::Texture, class render::Texture, class render::Texture, class osg::Vec4i const &, float)",method,deferredShading,SSAO,render,"class render::Texture, class render::Texture, class render::Texture, class render::Texture, class render::Texture, class render::Texture, class osg::Vec4i const &, float",False,False,False,False,False,False,True
594,593,0x251,?render@SSAOWrapper@deferredShading@@QEAAXXZ,public: void __cdecl deferredShading::SSAOWrapper::render(void),method,deferredShading,SSAOWrapper,render,void,False,False,False,False,False,False,True
595,594,0x252,?render@SSS@deferredShading@@QEAAXAEBUSceneRenderContext@0@VTexture@0@1@Z,"public: void __cdecl deferredShading::SSS::render(struct render::SceneRenderContext const &, class render::Texture, class render::Texture)",method,deferredShading,SSS,render,"struct render::SceneRenderContext const &, class render::Texture, class render::Texture",False,False,False,False,False,False,True
596,595,0x253,?render@Water@enlight@@QEAAXVTexture@0@0@Z,"public: void __cdecl enlight::Water::render(class render::Texture, class render::Texture)",method,enlight,Water,render,"class render::Texture, class render::Texture",False,False,False,False,False,False,True
597,596,0x254,?render@WaterRendererForEnvironment@enlight@@QEAAXXZ,public: void __cdecl enlight::WaterRendererForEnvironment::render(void),method,enlight,WaterRendererForEnvironment,render,void,False,False,False,False,False,False,True
598,597,0x255,?render@WaterWrapper@enlight@@QEAAXXZ,public: void __cdecl enlight::WaterWrapper::render(void),method,enlight,WaterWrapper,render,void,False,False,False,False,False,False,True
599,598,0x256,?renderDraft@Water@enlight@@QEAAXH@Z,public: void __cdecl enlight::Water::renderDraft(int),method,enlight,Water,renderDraft,int,False,False,False,False,False,False,True
600,599,0x257,?renderDraft@WaterWrapper@enlight@@QEAAXH@Z,public: void __cdecl enlight::WaterWrapper::renderDraft(int),method,enlight,WaterWrapper,renderDraft,int,False,False,False,False,False,False,True
601,600,0x258,?renderMotionBlur@DeferredComposer@deferredShading@@QEAAXXZ,public: void __cdecl deferredShading::DeferredComposer::renderMotionBlur(void),method,deferredShading,DeferredComposer,renderMotionBlur,void,False,False,False,False,False,False,True
602,601,0x259,?renderRadar@WaterWrapper@enlight@@QEAAXXZ,public: void __cdecl enlight::WaterWrapper::renderRadar(void),method,enlight,WaterWrapper,renderRadar,void,False,False,False,False,False,False,True
603,602,0x25A,?renderReflection@Water@enlight@@QEAAXVTexture@render@@000000@Z,"public: void __cdecl enlight::Water::renderReflection(class render::Texture, class render::Texture, class render::Texture, class render::Texture, class render::Texture, class render::Texture, class render::Texture)",method,enlight,Water,renderReflection,"class render::Texture, class render::Texture, class render::Texture, class render::Texture, class render::Texture, class render::Texture, class render::Texture",False,False,False,False,False,False,True
604,603,0x25B,?renderReflection@WaterWrapper@enlight@@QEAAXH@Z,public: void __cdecl enlight::WaterWrapper::renderReflection(int),method,enlight,WaterWrapper,renderReflection,int,False,False,False,False,False,False,True
605,604,0x25C,?renderReflections@DeferredComposer@deferredShading@@QEAAXXZ,public: void __cdecl deferredShading::DeferredComposer::renderReflections(void),method,deferredShading,DeferredComposer,renderReflections,void,False,False,False,False,False,False,True
606,605,0x25D,?renderRefraction@Water@enlight@@QEAAXVTexture@render@@00000V?$function@$$A6AXXZ@std@@@Z,"public: void __cdecl enlight::Water::renderRefraction(class render::Texture, class render::Texture, class render::Texture, class render::Texture, class render::Texture, class render::Texture, class std::function<void __cdecl(void)>)",method,enlight,Water,renderRefraction,"class render::Texture, class render::Texture, class render::Texture, class render::Texture, class render::Texture, class render::Texture, class std::function<void __cdecl(void)>",False,False,False,False,False,False,True
607,606,0x25E,?renderRefraction@WaterWrapper@enlight@@QEAAXV?$function@$$A6AXXZ@std@@@Z,public: void __cdecl enlight::WaterWrapper::renderRefraction(class std::function<void __cdecl(void)>),method,enlight,WaterWrapper,renderRefraction,class std::function<void __cdecl(void)>,False,False,False,False,False,False,True
608,607,0x25F,?renderSeaRadar@WaterModule@render@@QEAAXXZ,public: void __cdecl render::WaterModule::renderSeaRadar(void),method,render,WaterModule,renderSeaRadar,void,False,False,False,False,False,False,True
609,608,0x260,?renderShadowMap@ShadowMapModule@render@@EEAAXH@Z,private: virtual void __cdecl render::ShadowMapModule::renderShadowMap(int),method,render,ShadowMapModule,renderShadowMap,int,False,False,True,False,False,False,True
610,609,0x261,?renderShadowMap@Shadows@enlight@@QEAAXPEAVSceneRender@12@@Z,public: void __cdecl enlight::Shadows::renderShadowMap(class enlight::Shadows::SceneRender *),method,enlight,Shadows,renderShadowMap,class enlight::Shadows::SceneRender *,False,False,False,False,False,False,True
611,610,0x262,?renderShadows@DeferredComposer@deferredShading@@AEAAXAEAVFrameBuffer@render@@@Z,private: void __cdecl deferredShading::DeferredComposer::renderShadows(class render::FrameBuffer &),method,deferredShading,DeferredComposer,renderShadows,class render::FrameBuffer &,False,False,False,False,False,False,True
612,611,0x263,?renderTerrainShadowMap@ShadowMapModule@render@@EEAAXXZ,private: virtual void __cdecl render::ShadowMapModule::renderTerrainShadowMap(void),method,render,ShadowMapModule,renderTerrainShadowMap,void,False,False,True,False,False,False,True
613,612,0x264,?renderWave@Water@enlight@@QEAAXVTexture@render@@000V?$function@$$A6AXXZ@std@@1@Z,"public: void __cdecl enlight::Water::renderWave(class render::Texture, class render::Texture, class render::Texture, class render::Texture, class std::function<void __cdecl(void)>, class std::function<void __cdecl(void)>)",method,enlight,Water,renderWave,"class render::Texture, class render::Texture, class render::Texture, class render::Texture, class std::function<void __cdecl(void)>, class std::function<void __cdecl(void)>",False,False,False,False,False,False,True
614,613,0x265,?renderWave@WaterWrapper@enlight@@QEAAXV?$function@$$A6AXXZ@std@@0@Z,"public: void __cdecl enlight::WaterWrapper::renderWave(class std::function<void __cdecl(void)>, class std::function<void __cdecl(void)>)",method,enlight,WaterWrapper,renderWave,"class std::function<void __cdecl(void)>, class std::function<void __cdecl(void)>",False,False,False,False,False,False,True
615,614,0x266,?reset@LightsPrepassWrapper@render@@QEAAXXZ,public: void __cdecl render::LightsPrepassWrapper::reset(void),method,render,LightsPrepassWrapper,reset,void,False,False,False,False,False,False,True
616,615,0x267,?reset@RenderGraph@render@@QEAAXW4ResetType@12@@Z,public: void __cdecl render::RenderGraph::reset(enum render::RenderGraph::ResetType),method,render,RenderGraph,reset,enum render::RenderGraph::ResetType,False,False,False,False,False,False,True
617,616,0x268,?resetFrame@TerrainModule@render@@QEAAXAEAUITerrainRenderer@12@@Z,public: void __cdecl render::TerrainModule::resetFrame(struct render::TerrainModule::ITerrainRenderer &),method,render,TerrainModule,resetFrame,struct render::TerrainModule::ITerrainRenderer &,False,False,False,False,False,False,True
618,617,0x269,?resetParams@Water@enlight@@AEAAXXZ,private: void __cdecl enlight::Water::resetParams(void),method,enlight,Water,resetParams,void,False,False,False,False,False,False,True
619,618,0x26A,?resetSimulation@IceHalo@enlight@@AEAAXXZ,private: void __cdecl enlight::IceHalo::resetSimulation(void),method,enlight,IceHalo,resetSimulation,void,False,False,False,False,False,False,True
620,619,0x26B,?resetSync@LightsPrepass@render@@AEAAXXZ,private: void __cdecl render::LightsPrepass::resetSync(void),method,render,LightsPrepass,resetSync,void,False,False,False,False,False,False,True
621,620,0x26C,?resizeCombinedLightsBuffers@LightsPrepassWrapper@render@@AEAA?AVVec2i@osg@@AEBULightCollection@2@AEBULightsBuffers@2@@Z,"private: class osg::Vec2i __cdecl render::LightsPrepassWrapper::resizeCombinedLightsBuffers(struct render::LightCollection const &, struct render::LightsBuffers const &)",method,render,LightsPrepassWrapper,resizeCombinedLightsBuffers,"struct render::LightCollection const &, struct render::LightsBuffers const &",False,False,False,False,False,False,True
622,621,0x26D,?resolve@DepthResolver@deferredShading@@QEAAXVTexture@render@@@Z,public: void __cdecl deferredShading::DepthResolver::resolve(class render::Texture),method,deferredShading,DepthResolver,resolve,class render::Texture,False,False,False,False,False,False,True
623,622,0x26E,?resolveDepth@DeferredComposer@deferredShading@@QEAAXXZ,public: void __cdecl deferredShading::DeferredComposer::resolveDepth(void),method,deferredShading,DeferredComposer,resolveDepth,void,False,False,False,False,False,False,True
624,623,0x26F,?resolveScattering@Atmosphere@enlight@@QEAAXM@Z,public: void __cdecl enlight::Atmosphere::resolveScattering(float),method,enlight,Atmosphere,resolveScattering,float,False,False,False,False,False,False,True
625,624,0x270,?resolveWithStencil@DepthResolver@deferredShading@@QEAAXVTexture@render@@@Z,public: void __cdecl deferredShading::DepthResolver::resolveWithStencil(class render::Texture),method,deferredShading,DepthResolver,resolveWithStencil,class render::Texture,False,False,False,False,False,False,True
626,625,0x271,?restoreCBuffer@AmbientCube@environment@@QEAAXXZ,public: void __cdecl environment::AmbientCube::restoreCBuffer(void),method,environment,AmbientCube,restoreCBuffer,void,False,False,False,False,False,False,True
627,626,0x272,?savePrefilteredCube@environment@@YA_NPEBDAEAVTexture@render@@PEBUEnvironmentCubeMetadata@1@@Z,"bool __cdecl environment::savePrefilteredCube(char const *, class render::Texture &, struct environment::EnvironmentCubeMetadata const *)",method,,environment,savePrefilteredCube,"char const *, class render::Texture &, struct environment::EnvironmentCubeMetadata const *",False,False,False,False,False,False,True
628,627,0x273,?savePresets@IceHaloPresetManager@enlight@@QEAAXXZ,public: void __cdecl enlight::IceHaloPresetManager::savePresets(void),method,enlight,IceHaloPresetManager,savePresets,void,False,False,False,False,False,False,True
629,628,0x274,?setActiveCrystalTypes@IceHaloAppearanceParams@@QEAAAEAU1@I@Z,public: struct IceHaloAppearanceParams & __cdecl IceHaloAppearanceParams::setActiveCrystalTypes(unsigned int),method,,IceHaloAppearanceParams,setActiveCrystalTypes,unsigned int,False,False,False,False,False,False,True
630,629,0x275,?setAmbientCBuffer@ContextBase@GraphicsCore@@QEAAXVConstantBuffer@render@@@Z,public: void __cdecl GraphicsCore::ContextBase::setAmbientCBuffer(class render::ConstantBuffer),method,GraphicsCore,ContextBase,setAmbientCBuffer,class render::ConstantBuffer,False,False,False,False,False,False,True
631,630,0x276,?setAppearanceParams@IceHalo@enlight@@QEAAXAEBUIceHaloAppearanceParams@@@Z,public: void __cdecl enlight::IceHalo::setAppearanceParams(struct IceHaloAppearanceParams const &),method,enlight,IceHalo,setAppearanceParams,struct IceHaloAppearanceParams const &,False,False,False,False,False,False,True
632,631,0x277,?setAppearanceParams@IceHaloModule@render@@QEAAXAEBUIceHaloAppearanceParams@@@Z,public: void __cdecl render::IceHaloModule::setAppearanceParams(struct IceHaloAppearanceParams const &),method,render,IceHaloModule,setAppearanceParams,struct IceHaloAppearanceParams const &,False,False,False,False,False,False,True
633,632,0x278,?setAppearanceParams@IceHaloWrapper@enlight@@QEAAXAEBUIceHaloAppearanceParams@@@Z,public: void __cdecl enlight::IceHaloWrapper::setAppearanceParams(struct IceHaloAppearanceParams const &),method,enlight,IceHaloWrapper,setAppearanceParams,struct IceHaloAppearanceParams const &,False,False,False,False,False,False,True
634,633,0x279,?setAtmosphereSamplesId@ContextHelper@render@@QEAAXHH@Z,"public: void __cdecl render::ContextHelper::setAtmosphereSamplesId(int, int)",method,render,ContextHelper,setAtmosphereSamplesId,"int, int",False,False,False,False,False,False,True
635,634,0x27A,?setBuildProjMatrixCallback@ContextBase@GraphicsCore@@QEAAXAEBV?$function@$$A6AXAEBVContextBase@GraphicsCore@@AEAVMatrixf@osg@@@Z@std@@@Z,"public: void __cdecl GraphicsCore::ContextBase::setBuildProjMatrixCallback(class std::function<void __cdecl(class GraphicsCore::ContextBase const &, class osg::Matrixf &)> const &)",method,GraphicsCore,ContextBase,setBuildProjMatrixCallback,"class std::function<void __cdecl(class GraphicsCore::ContextBase const &, class osg::Matrixf &)> const &",False,False,False,False,False,False,True
636,635,0x27B,?setCBuffer@AmbientCube@environment@@QEAAXQEBVVec4f@osg@@@Z,public: void __cdecl environment::AmbientCube::setCBuffer(class osg::Vec4f const *const),method,environment,AmbientCube,setCBuffer,class osg::Vec4f const *const,False,False,False,False,False,False,True
637,636,0x27C,?setCameraHeight@ContextBase@GraphicsCore@@QEAAXN@Z,public: void __cdecl GraphicsCore::ContextBase::setCameraHeight(double),method,GraphicsCore,ContextBase,setCameraHeight,double,False,False,False,False,False,False,True
638,637,0x27D,?setCascadeShadowParams@ContextBase@GraphicsCore@@IEAAXAEBUShadowParams@enlight@@@Z,protected: void __cdecl GraphicsCore::ContextBase::setCascadeShadowParams(struct enlight::ShadowParams const &),method,GraphicsCore,ContextBase,setCascadeShadowParams,struct enlight::ShadowParams const &,False,False,False,False,False,False,True
639,638,0x27E,?setClipCockpitMatrix@ContextBase@GraphicsCore@@QEAAXAEBVMatrixf@osg@@@Z,public: void __cdecl GraphicsCore::ContextBase::setClipCockpitMatrix(class osg::Matrixf const &),method,GraphicsCore,ContextBase,setClipCockpitMatrix,class osg::Matrixf const &,False,False,False,False,False,False,True
640,639,0x27F,?setCloudVolumeTransform@ContextBase@GraphicsCore@@QEAAXAEBVVec3f@osg@@0@Z,"public: void __cdecl GraphicsCore::ContextBase::setCloudVolumeTransform(class osg::Vec3f const &, class osg::Vec3f const &)",method,GraphicsCore,ContextBase,setCloudVolumeTransform,"class osg::Vec3f const &, class osg::Vec3f const &",False,False,False,False,False,False,True
641,640,0x280,?setCrystalWeights@IceHaloAppearanceParams@@QEAAAEAU1@V?$vector@MV?$allocator@M@ed@@@ed@@@Z,"public: struct IceHaloAppearanceParams & __cdecl IceHaloAppearanceParams::setCrystalWeights(class ed::vector<float, class ed::allocator<float>>)",method,,IceHaloAppearanceParams,setCrystalWeights,"class ed::vector<float, class ed::allocator<float>>",False,False,False,False,False,False,True
642,641,0x281,?setCurrentCrystalsPreset@IceHaloPresetManager@enlight@@QEAA_NPEBD@Z,public: bool __cdecl enlight::IceHaloPresetManager::setCurrentCrystalsPreset(char const *),method,enlight,IceHaloPresetManager,setCurrentCrystalsPreset,char const *,False,False,False,False,False,False,True
643,642,0x282,?setCurrentPreset@IceHaloPresetManager@enlight@@QEAA_NPEBD@Z,public: bool __cdecl enlight::IceHaloPresetManager::setCurrentPreset(char const *),method,enlight,IceHaloPresetManager,setCurrentPreset,char const *,False,False,False,False,False,False,True
644,643,0x283,?setCursorPosition@GPUDebugDraw@render@@SAXVVec2i@osg@@@Z,public: static void __cdecl render::GPUDebugDraw::setCursorPosition(class osg::Vec2i),method,render,GPUDebugDraw,setCursorPosition,class osg::Vec2i,False,True,False,False,False,False,True
645,644,0x284,?setCursorPosition@GPUDebugRendererModule@render@@QEAAXVVec2i@osg@@@Z,public: void __cdecl render::GPUDebugRendererModule::setCursorPosition(class osg::Vec2i),method,render,GPUDebugRendererModule,setCursorPosition,class osg::Vec2i,False,False,False,False,False,False,True
646,645,0x285,?setHalloween@ToneMapperWrapper@deferredShading@@QEAAX_N@Z,public: void __cdecl deferredShading::ToneMapperWrapper::setHalloween(bool),method,deferredShading,ToneMapperWrapper,setHalloween,bool,False,False,False,False,False,False,True
647,646,0x286,?setHalloweenData@ToneMapperWrapper@deferredShading@@QEAAX_N@Z,public: void __cdecl deferredShading::ToneMapperWrapper::setHalloweenData(bool),method,deferredShading,ToneMapperWrapper,setHalloweenData,bool,False,False,False,False,False,False,True
648,647,0x287,?setLayer@Atmosphere@enlight@@AEAAXH@Z,private: void __cdecl enlight::Atmosphere::setLayer(int),method,enlight,Atmosphere,setLayer,int,False,False,False,False,False,False,True
649,648,0x288,?setMask@ToneMapperWrapper@deferredShading@@QEAAXVTexture@render@@@Z,public: void __cdecl deferredShading::ToneMapperWrapper::setMask(class render::Texture),method,deferredShading,ToneMapperWrapper,setMask,class render::Texture,False,False,False,False,False,False,True
650,649,0x289,?setModelRenderMode@Graphics@@YA?AW4ModelRenderMode@1@W421@@Z,enum Graphics::ModelRenderMode __cdecl Graphics::setModelRenderMode(enum Graphics::ModelRenderMode),method,,Graphics,setModelRenderMode,enum Graphics::ModelRenderMode,False,False,False,False,False,False,True
651,650,0x28A,?setName@LiveryBuilder@@QEAA?AV1@PEBD0@Z,"public: class LiveryBuilder __cdecl LiveryBuilder::setName(char const *, char const *)",method,,LiveryBuilder,setName,"char const *, char const *",False,False,False,False,False,False,True
652,651,0x28B,?setNextSurfaceColor@AmbientCube@environment@@QEAAXAEBVTexture@render@@@Z,public: void __cdecl environment::AmbientCube::setNextSurfaceColor(class render::Texture const &),method,environment,AmbientCube,setNextSurfaceColor,class render::Texture const &,False,False,False,False,False,False,True
653,652,0x28C,?setParams@IceHalo@enlight@@QEAAXAEBUIceHaloParams@@@Z,public: void __cdecl enlight::IceHalo::setParams(struct IceHaloParams const &),method,enlight,IceHalo,setParams,struct IceHaloParams const &,False,False,False,False,False,False,True
654,653,0x28D,?setParams@IceHaloModule@render@@QEAAXAEBUIceHaloParams@@@Z,public: void __cdecl render::IceHaloModule::setParams(struct IceHaloParams const &),method,render,IceHaloModule,setParams,struct IceHaloParams const &,False,False,False,False,False,False,True
655,654,0x28E,?setParams@IceHaloWrapper@enlight@@QEAAXAEBUIceHaloParams@@@Z,public: void __cdecl enlight::IceHaloWrapper::setParams(struct IceHaloParams const &),method,enlight,IceHaloWrapper,setParams,struct IceHaloParams const &,False,False,False,False,False,False,True
656,655,0x28F,?setParamsNVD@ContextBase@GraphicsCore@@QEAAXAEBVVec4f@osg@@@Z,public: void __cdecl GraphicsCore::ContextBase::setParamsNVD(class osg::Vec4f const &),method,GraphicsCore,ContextBase,setParamsNVD,class osg::Vec4f const &,False,False,False,False,False,False,True
657,656,0x290,?setPosNVD@ContextBase@GraphicsCore@@QEAAXAEBVVec3f@osg@@@Z,public: void __cdecl GraphicsCore::ContextBase::setPosNVD(class osg::Vec3f const &),method,GraphicsCore,ContextBase,setPosNVD,class osg::Vec3f const &,False,False,False,False,False,False,True
658,657,0x291,?setPreset@ToneMapper@deferredShading@@QEAAXH@Z,public: void __cdecl deferredShading::ToneMapper::setPreset(int),method,deferredShading,ToneMapper,setPreset,int,False,False,False,False,False,False,True
659,658,0x292,?setQuality@IceHaloSimulationParams@@QEAAAEAV1@W4Quality@1@@Z,public: class IceHaloSimulationParams & __cdecl IceHaloSimulationParams::setQuality(enum IceHaloSimulationParams::Quality),method,,IceHaloSimulationParams,setQuality,enum IceHaloSimulationParams::Quality,False,False,False,False,False,False,True
660,659,0x293,?setShadowMatrix@ContextBase@GraphicsCore@@QEAAXAEBVMatrixf@osg@@@Z,public: void __cdecl GraphicsCore::ContextBase::setShadowMatrix(class osg::Matrixf const &),method,GraphicsCore,ContextBase,setShadowMatrix,class osg::Matrixf const &,False,False,False,False,False,False,True
661,660,0x294,?setShadowParamsCallback@ContextBase@GraphicsCore@@QEAAXV?$function@$$A6A?AUShadowParams@enlight@@AEBVContextBase@GraphicsCore@@_N@Z@std@@@Z,"public: void __cdecl GraphicsCore::ContextBase::setShadowParamsCallback(class std::function<struct enlight::ShadowParams __cdecl(class GraphicsCore::ContextBase const &, bool)>)",method,GraphicsCore,ContextBase,setShadowParamsCallback,"class std::function<struct enlight::ShadowParams __cdecl(class GraphicsCore::ContextBase const &, bool)>",False,False,False,False,False,False,True
662,661,0x295,?setSimulationPace@IceHaloSimulationParams@@QEAAAEAV1@M@Z,public: class IceHaloSimulationParams & __cdecl IceHaloSimulationParams::setSimulationPace(float),method,,IceHaloSimulationParams,setSimulationPace,float,False,False,False,False,False,False,True
663,662,0x296,?setSimulationParams@IceHalo@enlight@@QEAAXAEBVIceHaloSimulationParams@@@Z,public: void __cdecl enlight::IceHalo::setSimulationParams(class IceHaloSimulationParams const &),method,enlight,IceHalo,setSimulationParams,class IceHaloSimulationParams const &,False,False,False,False,False,False,True
664,663,0x297,?setSimulationParams@IceHaloModule@render@@QEAAXAEBVIceHaloSimulationParams@@@Z,public: void __cdecl render::IceHaloModule::setSimulationParams(class IceHaloSimulationParams const &),method,render,IceHaloModule,setSimulationParams,class IceHaloSimulationParams const &,False,False,False,False,False,False,True
665,664,0x298,?setSimulationParams@IceHaloWrapper@enlight@@QEAAXAEBVIceHaloSimulationParams@@@Z,public: void __cdecl enlight::IceHaloWrapper::setSimulationParams(class IceHaloSimulationParams const &),method,enlight,IceHaloWrapper,setSimulationParams,class IceHaloSimulationParams const &,False,False,False,False,False,False,True
666,665,0x299,?setSunDiameter@IceHaloAppearanceParams@@QEAAAEAU1@M@Z,public: struct IceHaloAppearanceParams & __cdecl IceHaloAppearanceParams::setSunDiameter(float),method,,IceHaloAppearanceParams,setSunDiameter,float,False,False,False,False,False,False,True
667,666,0x29A,?setSurfaceNormal@ContextBase@GraphicsCore@@QEAAXAEBVVec3f@osg@@@Z,public: void __cdecl GraphicsCore::ContextBase::setSurfaceNormal(class osg::Vec3f const &),method,GraphicsCore,ContextBase,setSurfaceNormal,class osg::Vec3f const &,False,False,False,False,False,False,True
668,667,0x29B,?setUpdateThreshold@IceHaloSimulationParams@@QEAAAEAV1@M@Z,public: class IceHaloSimulationParams & __cdecl IceHaloSimulationParams::setUpdateThreshold(float),method,,IceHaloSimulationParams,setUpdateThreshold,float,False,False,False,False,False,False,True
669,668,0x29C,?setUseSphericalDensity@CloudsFog@@QEAAX_N@Z,public: void __cdecl CloudsFog::setUseSphericalDensity(bool),method,,CloudsFog,setUseSphericalDensity,bool,False,False,False,False,False,False,True
670,669,0x29D,?setViewportsCount@ToneMapperWrapper@deferredShading@@QEAAXH@Z,public: void __cdecl deferredShading::ToneMapperWrapper::setViewportsCount(int),method,deferredShading,ToneMapperWrapper,setViewportsCount,int,False,False,False,False,False,False,True
671,670,0x29E,?setVolumetricFog@ContextBase@GraphicsCore@@QEAAXMMM@Z,"public: void __cdecl GraphicsCore::ContextBase::setVolumetricFog(float, float, float)",method,GraphicsCore,ContextBase,setVolumetricFog,"float, float, float",False,False,False,False,False,False,True
672,671,0x29F,?setVolumetricFogColor@ContextBase@GraphicsCore@@QEAAXVVec3f@osg@@@Z,public: void __cdecl GraphicsCore::ContextBase::setVolumetricFogColor(class osg::Vec3f),method,GraphicsCore,ContextBase,setVolumetricFogColor,class osg::Vec3f,False,False,False,False,False,False,True
673,672,0x2A0,?setVolumetricFogUniformity@ContextBase@GraphicsCore@@QEAAXM@Z,public: void __cdecl GraphicsCore::ContextBase::setVolumetricFogUniformity(float),method,GraphicsCore,ContextBase,setVolumetricFogUniformity,float,False,False,False,False,False,False,True
674,673,0x2A1,?setWind@Water@enlight@@QEAAXAEBVVec2f@osg@@@Z,public: void __cdecl enlight::Water::setWind(class osg::Vec2f const &),method,enlight,Water,setWind,class osg::Vec2f const &,False,False,False,False,False,False,True
675,674,0x2A2,?setWind@WaterModule@render@@QEAAXAEBVVec2f@osg@@@Z,public: void __cdecl render::WaterModule::setWind(class osg::Vec2f const &),method,render,WaterModule,setWind,class osg::Vec2f const &,False,False,False,False,False,False,True
676,675,0x2A3,?setWind@WaterWrapper@enlight@@QEAAXAEBVVec2f@osg@@@Z,public: void __cdecl enlight::WaterWrapper::setWind(class osg::Vec2f const &),method,enlight,WaterWrapper,setWind,class osg::Vec2f const &,False,False,False,False,False,False,True
677,676,0x2A4,?set_DEFERRED@Graphics@@YAX_N@Z,void __cdecl Graphics::set_DEFERRED(bool),method,,Graphics,set_DEFERRED,bool,False,False,False,False,False,False,True
678,677,0x2A5,?shadowMapFarDistance@ContextBase@GraphicsCore@@QEBAMXZ,public: float __cdecl GraphicsCore::ContextBase::shadowMapFarDistance(void) const,method,GraphicsCore,ContextBase,shadowMapFarDistance,void,True,False,False,False,False,False,True
679,678,0x2A6,?shadowMapFarDistance@Shadows@enlight@@QEBAMXZ,public: float __cdecl enlight::Shadows::shadowMapFarDistance(void) const,method,enlight,Shadows,shadowMapFarDistance,void,True,False,False,False,False,False,True
680,679,0x2A7,?simpleToneMapping@ToneMapper@deferredShading@@QEAAXAEAVTexture@render@@AEAVStructuredBuffer@4@W4ToneMapperMode@2@0_N@Z,"public: void __cdecl deferredShading::ToneMapper::simpleToneMapping(class render::Texture &, class render::StructuredBuffer &, enum deferredShading::ToneMapperMode, class render::Texture &, bool)",method,deferredShading,ToneMapper,simpleToneMapping,"class render::Texture &, class render::StructuredBuffer &, enum deferredShading::ToneMapperMode, class render::Texture &, bool",False,False,False,False,False,False,True
681,680,0x2A8,?simpleToneMapping@ToneMapperWrapper@deferredShading@@QEAAXVTexture@render@@W4ToneMapperMode@2@@Z,"public: void __cdecl deferredShading::ToneMapperWrapper::simpleToneMapping(class render::Texture, enum deferredShading::ToneMapperMode)",method,deferredShading,ToneMapperWrapper,simpleToneMapping,"class render::Texture, enum deferredShading::ToneMapperMode",False,False,False,False,False,False,True
682,681,0x2A9,?sortPresets@IceHaloPresetManager@enlight@@AEAAXXZ,private: void __cdecl enlight::IceHaloPresetManager::sortPresets(void),method,enlight,IceHaloPresetManager,sortPresets,void,False,False,False,False,False,False,True
683,682,0x2AA,?strMode@?4??imgui@MotionBlurImGui@render@@AEAA?AW4reg_lambda_call_result@ed@ImGui@@XZ@4PAPEBDA,char const **`private: enum ImGui::ed::reg_lambda_call_result __cdecl render::MotionBlurImGui::imgui(void)'::`5'::strMode,symbol,,,,,False,False,False,False,False,False,True
684,683,0x2AB,?testMotionVectors@TemporalAA@deferredShading@@QEAAXHAEBVTexture@render@@00@Z,"public: void __cdecl deferredShading::TemporalAA::testMotionVectors(int, class render::Texture const &, class render::Texture const &, class render::Texture const &)",method,deferredShading,TemporalAA,testMotionVectors,"int, class render::Texture const &, class render::Texture const &, class render::Texture const &",False,False,False,False,False,False,True
685,684,0x2AC,?toneMap@ToneMapper@deferredShading@@QEAAXAEBVTexture@render@@00AEAVStructuredBuffer@4@PEBUToneMapperParams@2@V34@_N@Z,"public: void __cdecl deferredShading::ToneMapper::toneMap(class render::Texture const &, class render::Texture const &, class render::Texture const &, class render::StructuredBuffer &, struct deferredShading::ToneMapperParams const *, class render::Texture, bool)",method,deferredShading,ToneMapper,toneMap,"class render::Texture const &, class render::Texture const &, class render::Texture const &, class render::StructuredBuffer &, struct deferredShading::ToneMapperParams const *, class render::Texture, bool",False,False,False,False,False,False,True
686,685,0x2AD,?toneMap@ToneMapperWrapper@deferredShading@@QEAAXHPEBUToneMapperParams@2@@Z,"public: void __cdecl deferredShading::ToneMapperWrapper::toneMap(int, struct deferredShading::ToneMapperParams const *)",method,deferredShading,ToneMapperWrapper,toneMap,"int, struct deferredShading::ToneMapperParams const *",False,False,False,False,False,False,True
687,686,0x2AE,?unbindAtmosphereFromGPU@AtmosphereWrapper@enlight@@AEAAXXZ,private: void __cdecl enlight::AtmosphereWrapper::unbindAtmosphereFromGPU(void),method,enlight,AtmosphereWrapper,unbindAtmosphereFromGPU,void,False,False,False,False,False,False,True
688,687,0x2AF,?unload@Livery@Graphics@@UEAAXXZ,public: virtual void __cdecl Graphics::Livery::unload(void),method,Graphics,Livery,unload,void,False,False,True,False,False,False,True
689,688,0x2B0,?unregisterRendererCallback@Graphics@@YAXPEAVRendererCallback@1@W4RendererCallbackEvent@1@@Z,"void __cdecl Graphics::unregisterRendererCallback(class Graphics::RendererCallback *, enum Graphics::RendererCallbackEvent)",method,,Graphics,unregisterRendererCallback,"class Graphics::RendererCallback *, enum Graphics::RendererCallbackEvent",False,False,False,False,False,False,True
690,689,0x2B1,?update@AmbientCube@environment@@QEAAXMM@Z,"public: void __cdecl environment::AmbientCube::update(float, float)",method,environment,AmbientCube,update,"float, float",False,False,False,False,False,False,True
691,690,0x2B2,?update@IceHalo@enlight@@QEAAXAEAVTexture@render@@AEBVVec3f@osg@@@Z,"public: void __cdecl enlight::IceHalo::update(class render::Texture &, class osg::Vec3f const &)",method,enlight,IceHalo,update,"class render::Texture &, class osg::Vec3f const &",False,False,False,False,False,False,True
692,691,0x2B3,?update@IceHalo@enlight@@QEAAXAEBVVec3f@osg@@@Z,public: void __cdecl enlight::IceHalo::update(class osg::Vec3f const &),method,enlight,IceHalo,update,class osg::Vec3f const &,False,False,False,False,False,False,True
693,692,0x2B4,?update@IceHaloWrapper@enlight@@QEAAXAEBVVec3f@osg@@@Z,public: void __cdecl enlight::IceHaloWrapper::update(class osg::Vec3f const &),method,enlight,IceHaloWrapper,update,class osg::Vec3f const &,False,False,False,False,False,False,True
694,693,0x2B5,?update@LightsPrepass@render@@QEAAXAEBVBuffer@2@HAEBVVec4i@osg@@QEBVStructuredBufferDynamic@2@AEAULightTilesBuffer@2@AEBVTexture@2@@Z,"public: void __cdecl render::LightsPrepass::update(class render::Buffer const &, int, class osg::Vec4i const &, class render::StructuredBufferDynamic const *const, struct render::LightTilesBuffer &, class render::Texture const &)",method,render,LightsPrepass,update,"class render::Buffer const &, int, class osg::Vec4i const &, class render::StructuredBufferDynamic const *const, struct render::LightTilesBuffer &, class render::Texture const &",False,False,False,False,False,False,True
695,694,0x2B6,?update@LightsPrepass@render@@QEAAXAEBVVec2i@osg@@AEBVVec4i@4@QEBVStructuredBufferDynamic@2@AEAULightTilesBuffer@2@AEBVTexture@2@@Z,"public: void __cdecl render::LightsPrepass::update(class osg::Vec2i const &, class osg::Vec4i const &, class render::StructuredBufferDynamic const *const, struct render::LightTilesBuffer &, class render::Texture const &)",method,render,LightsPrepass,update,"class osg::Vec2i const &, class osg::Vec4i const &, class render::StructuredBufferDynamic const *const, struct render::LightTilesBuffer &, class render::Texture const &",False,False,False,False,False,False,True
696,695,0x2B7,?update@LightsPrepassWrapper@render@@QEAAXAEBULightCollection@2@AEBVVec4i@osg@@AEBVTexture@2@AEBULightsBuffers@2@@Z,"public: void __cdecl render::LightsPrepassWrapper::update(struct render::LightCollection const &, class osg::Vec4i const &, class render::Texture const &, struct render::LightsBuffers const &)",method,render,LightsPrepassWrapper,update,"struct render::LightCollection const &, class osg::Vec4i const &, class render::Texture const &, struct render::LightsBuffers const &",False,False,False,False,False,False,True
697,696,0x2B8,?update@Water@enlight@@QEAAXAEBVVec2i@osg@@00AEBVMatrixf@4@@Z,"public: void __cdecl enlight::Water::update(class osg::Vec2i const &, class osg::Vec2i const &, class osg::Vec2i const &, class osg::Matrixf const &)",method,enlight,Water,update,"class osg::Vec2i const &, class osg::Vec2i const &, class osg::Vec2i const &, class osg::Matrixf const &",False,False,False,False,False,False,True
698,697,0x2B9,?update@WaterWrapper@enlight@@QEAAXXZ,public: void __cdecl enlight::WaterWrapper::update(void),method,enlight,WaterWrapper,update,void,False,False,False,False,False,False,True
699,698,0x2BA,?updateBuffers@ContextBase@GraphicsCore@@QEAAXH@Z,public: void __cdecl GraphicsCore::ContextBase::updateBuffers(int),method,GraphicsCore,ContextBase,updateBuffers,int,False,False,False,False,False,False,True
700,699,0x2BB,?updateCPULights@LightsPrepassWrapper@render@@AEAA?AVVec2i@osg@@AEBULightCollection@2@@Z,private: class osg::Vec2i __cdecl render::LightsPrepassWrapper::updateCPULights(struct render::LightCollection const &),method,render,LightsPrepassWrapper,updateCPULights,struct render::LightCollection const &,False,False,False,False,False,False,True
701,700,0x2BC,?updateCurrentCrystalsPreset@IceHaloPresetManager@enlight@@AEAA_NXZ,private: bool __cdecl enlight::IceHaloPresetManager::updateCurrentCrystalsPreset(void),method,enlight,IceHaloPresetManager,updateCurrentCrystalsPreset,void,False,False,False,False,False,False,True
702,701,0x2BD,?updateCurrentPreset@IceHaloPresetManager@enlight@@AEAA_NXZ,private: bool __cdecl enlight::IceHaloPresetManager::updateCurrentPreset(void),method,enlight,IceHaloPresetManager,updateCurrentPreset,void,False,False,False,False,False,False,True
703,702,0x2BE,?updateGenerator@Water@enlight@@QEAAXVTexture@render@@@Z,public: void __cdecl enlight::Water::updateGenerator(class render::Texture),method,enlight,Water,updateGenerator,class render::Texture,False,False,False,False,False,False,True
704,703,0x2BF,?updateGenerator@WaterWrapper@enlight@@QEAAXXZ,public: void __cdecl enlight::WaterWrapper::updateGenerator(void),method,enlight,WaterWrapper,updateGenerator,void,False,False,False,False,False,False,True
705,704,0x2C0,?updateInternal@LightsPrepass@render@@AEAAXAEBVBuffer@2@HAEBVVec4i@osg@@QEBVStructuredBufferDynamic@2@AEAULightTilesBuffer@2@AEBVTexture@2@@Z,"private: void __cdecl render::LightsPrepass::updateInternal(class render::Buffer const &, int, class osg::Vec4i const &, class render::StructuredBufferDynamic const *const, struct render::LightTilesBuffer &, class render::Texture const &)",method,render,LightsPrepass,updateInternal,"class render::Buffer const &, int, class osg::Vec4i const &, class render::StructuredBufferDynamic const *const, struct render::LightTilesBuffer &, class render::Texture const &",False,False,False,False,False,False,True
706,705,0x2C1,?updateInternalParams@IceHaloSimulationParams@@AEAAXXZ,private: void __cdecl IceHaloSimulationParams::updateInternalParams(void),method,,IceHaloSimulationParams,updateInternalParams,void,False,False,False,False,False,False,True
707,706,0x2C2,?updateParams@Shadows@enlight@@QEAAAEBUShadowParams@2@AEBVContextBase@GraphicsCore@@_N@Z,"public: struct enlight::ShadowParams const & __cdecl enlight::Shadows::updateParams(class GraphicsCore::ContextBase const &, bool)",method,enlight,Shadows,updateParams,"class GraphicsCore::ContextBase const &, bool",False,False,False,False,False,False,True
708,707,0x2C3,?updateParams@Shadows@enlight@@QEAAAEBUShadowParams@2@AEBVMatrixf@osg@@00_N@Z,"public: struct enlight::ShadowParams const & __cdecl enlight::Shadows::updateParams(class osg::Matrixf const &, class osg::Matrixf const &, class osg::Matrixf const &, bool)",method,enlight,Shadows,updateParams,"class osg::Matrixf const &, class osg::Matrixf const &, class osg::Matrixf const &, bool",False,False,False,False,False,False,True
709,708,0x2C4,?updateParamsCBuffer@ToneMapper@deferredShading@@QEAAXAEAUToneMapperUniforms@2@AEBVVec2i@osg@@AEBVVec4f@5@MM@Z,"public: void __cdecl deferredShading::ToneMapper::updateParamsCBuffer(struct deferredShading::ToneMapperUniforms &, class osg::Vec2i const &, class osg::Vec4f const &, float, float)",method,deferredShading,ToneMapper,updateParamsCBuffer,"struct deferredShading::ToneMapperUniforms &, class osg::Vec2i const &, class osg::Vec4f const &, float, float",False,False,False,False,False,False,True
710,709,0x2C5,?updatePerFrameCBuffer@ContextBase@GraphicsCore@@IEAAXH@Z,protected: void __cdecl GraphicsCore::ContextBase::updatePerFrameCBuffer(int),method,GraphicsCore,ContextBase,updatePerFrameCBuffer,int,False,False,False,False,False,False,True
711,710,0x2C6,?updateRuntimeParameters@ToneMapper@deferredShading@@QEAAXAEBVVec2i@osg@@AEBVVec4f@4@MPEBUToneMapperParams@2@@Z,"public: void __cdecl deferredShading::ToneMapper::updateRuntimeParameters(class osg::Vec2i const &, class osg::Vec4f const &, float, struct deferredShading::ToneMapperParams const *)",method,deferredShading,ToneMapper,updateRuntimeParameters,"class osg::Vec2i const &, class osg::Vec4f const &, float, struct deferredShading::ToneMapperParams const *",False,False,False,False,False,False,True
712,711,0x2C7,?updateSkyTex2@AtmosphereWrapper@enlight@@QEAAXXZ,public: void __cdecl enlight::AtmosphereWrapper::updateSkyTex2(void),method,enlight,AtmosphereWrapper,updateSkyTex2,void,False,False,False,False,False,False,True
713,712,0x2C8,?updateSkyTex@AtmosphereWrapper@enlight@@QEAAXPEBVContextBase@GraphicsCore@@W4SkyTechnique@2@@Z,"public: void __cdecl enlight::AtmosphereWrapper::updateSkyTex(class GraphicsCore::ContextBase const *, enum enlight::SkyTechnique)",method,enlight,AtmosphereWrapper,updateSkyTex,"class GraphicsCore::ContextBase const *, enum enlight::SkyTechnique",False,False,False,False,False,False,True
714,713,0x2C9,?update_OS@LightsPrepass@render@@QEAAXAEBVVec2i@osg@@AEBVVec4i@4@QEBVStructuredBufferDynamic@2@AEAULightTilesBuffer@2@AEBVTexture@2@@Z,"public: void __cdecl render::LightsPrepass::update_OS(class osg::Vec2i const &, class osg::Vec4i const &, class render::StructuredBufferDynamic const *const, struct render::LightTilesBuffer &, class render::Texture const &)",method,render,LightsPrepass,update_OS,"class osg::Vec2i const &, class osg::Vec4i const &, class render::StructuredBufferDynamic const *const, struct render::LightTilesBuffer &, class render::Texture const &",False,False,False,False,False,False,True
715,714,0x2CA,?upscale@DepthResolver@deferredShading@@QEAAXVTexture@render@@AEBVVec4f@osg@@0@Z,"public: void __cdecl deferredShading::DepthResolver::upscale(class render::Texture, class osg::Vec4f const &, class render::Texture)",method,deferredShading,DepthResolver,upscale,"class render::Texture, class osg::Vec4f const &, class render::Texture",False,False,False,False,False,False,True
716,715,0x2CB,?upscaleDepth@DeferredComposer@deferredShading@@QEAAXAEBVVec4f@osg@@@Z,public: void __cdecl deferredShading::DeferredComposer::upscaleDepth(class osg::Vec4f const &),method,deferredShading,DeferredComposer,upscaleDepth,class osg::Vec4f const &,False,False,False,False,False,False,True
717,716,0x2CC,?useAdjustWaveCamera@WaterWrapper@enlight@@QEBA_NXZ,public: bool __cdecl enlight::WaterWrapper::useAdjustWaveCamera(void) const,method,enlight,WaterWrapper,useAdjustWaveCamera,void,True,False,False,False,False,False,True
718,717,0x2CD,?useCBuffers@ContextHelper@render@@QEAAXI@Z,public: void __cdecl render::ContextHelper::useCBuffers(unsigned int),method,render,ContextHelper,useCBuffers,unsigned int,False,False,False,False,False,False,True
719,718,0x2CE,?useExternalSurf@WaterWrapper@enlight@@QEBA_NXZ,public: bool __cdecl enlight::WaterWrapper::useExternalSurf(void) const,method,enlight,WaterWrapper,useExternalSurf,void,True,False,False,False,False,False,True
720,719,0x2CF,?useFoamFFT@Water@enlight@@AEAA_NXZ,private: bool __cdecl enlight::Water::useFoamFFT(void),method,enlight,Water,useFoamFFT,void,False,False,False,False,False,False,True
721,720,0x2D0,?useSBuffers@ContextHelper@render@@QEAAXI@Z,public: void __cdecl render::ContextHelper::useSBuffers(unsigned int),method,render,ContextHelper,useSBuffers,unsigned int,False,False,False,False,False,False,True
