ordinal,rva,rva_hex,name,demangled,symbol_type,namespace,class_name,function_name,parameters,const,static,virtual,is_vftable,is_vbtable,is_rtti,demangle_ok
1,0,0x0,??0PlatformMethods@angle@@QEAA@XZ,public: __cdecl angle::PlatformMethods::PlatformMethods(void),method,angle,PlatformMethods,PlatformMethods,void,False,False,False,False,False,False,True
2,1,0x1,??4PlatformMethods@angle@@QEAAAEAU01@$$QEAU01@@Z,public: struct angle::PlatformMethods & __cdecl angle::PlatformMethods::operator=(struct angle::PlatformMethods &&),symbol,,,,,False,False,False,False,False,False,True
3,2,0x2,??4PlatformMethods@angle@@QEAAAEAU01@AEBU01@@Z,public: struct angle::PlatformMethods & __cdecl angle::PlatformMethods::operator=(struct angle::PlatformMethods const &),symbol,,,,,False,False,False,False,False,False,True
4,3,0x3,ANGLEGetDisplayPlatform,,unknown,,,,,False,False,False,False,False,False,False
5,4,0x4,ANGLEResetDisplayPlatform,,unknown,,,,,False,False,False,False,False,False,False
6,5,0x5,EGL_BindAPI,,unknown,,,,,False,False,False,False,False,False,False
7,6,0x6,EGL_BindTexImage,,unknown,,,,,False,False,False,False,False,False,False
8,7,0x7,EGL_ChooseConfig,,unknown,,,,,False,False,False,False,False,False,False
9,8,0x8,EGL_ClientWaitSync,,unknown,,,,,False,False,False,False,False,False,False
10,9,0x9,EGL_ClientWaitSyncKHR,,unknown,,,,,False,False,False,False,False,False,False
11,10,0xA,EGL_CopyBuffers,,unknown,,,,,False,False,False,False,False,False,False
12,11,0xB,EGL_CreateContext,,unknown,,,,,False,False,False,False,False,False,False
13,12,0xC,EGL_CreateDeviceANGLE,,unknown,,,,,False,False,False,False,False,False,False
14,13,0xD,EGL_CreateImage,,unknown,,,,,False,False,False,False,False,False,False
15,14,0xE,EGL_CreateImageKHR,,unknown,,,,,False,False,False,False,False,False,False
16,15,0xF,EGL_CreateNativeClientBufferANDROID,,unknown,,,,,False,False,False,False,False,False,False
17,16,0x10,EGL_CreatePbufferFromClientBuffer,,unknown,,,,,False,False,False,False,False,False,False
18,17,0x11,EGL_CreatePbufferSurface,,unknown,,,,,False,False,False,False,False,False,False
19,18,0x12,EGL_CreatePixmapSurface,,unknown,,,,,False,False,False,False,False,False,False
20,19,0x13,EGL_CreatePlatformPixmapSurface,,unknown,,,,,False,False,False,False,False,False,False
21,20,0x14,EGL_CreatePlatformPixmapSurfaceEXT,,unknown,,,,,False,False,False,False,False,False,False
22,21,0x15,EGL_CreatePlatformWindowSurface,,unknown,,,,,False,False,False,False,False,False,False
23,22,0x16,EGL_CreatePlatformWindowSurfaceEXT,,unknown,,,,,False,False,False,False,False,False,False
24,23,0x17,EGL_CreateStreamKHR,,unknown,,,,,False,False,False,False,False,False,False
25,24,0x18,EGL_CreateStreamProducerD3DTextureANGLE,,unknown,,,,,False,False,False,False,False,False,False
26,25,0x19,EGL_CreateSync,,unknown,,,,,False,False,False,False,False,False,False
27,26,0x1A,EGL_CreateSyncKHR,,unknown,,,,,False,False,False,False,False,False,False
28,27,0x1B,EGL_CreateWindowSurface,,unknown,,,,,False,False,False,False,False,False,False
29,28,0x1C,EGL_DebugMessageControlKHR,,unknown,,,,,False,False,False,False,False,False,False
30,29,0x1D,EGL_DestroyContext,,unknown,,,,,False,False,False,False,False,False,False
31,30,0x1E,EGL_DestroyImage,,unknown,,,,,False,False,False,False,False,False,False
32,31,0x1F,EGL_DestroyImageKHR,,unknown,,,,,False,False,False,False,False,False,False
33,32,0x20,EGL_DestroyStreamKHR,,unknown,,,,,False,False,False,False,False,False,False
34,33,0x21,EGL_DestroySurface,,unknown,,,,,False,False,False,False,False,False,False
35,34,0x22,EGL_DestroySync,,unknown,,,,,False,False,False,False,False,False,False
36,35,0x23,EGL_DestroySyncKHR,,unknown,,,,,False,False,False,False,False,False,False
37,36,0x24,EGL_DupNativeFenceFDANDROID,,unknown,,,,,False,False,False,False,False,False,False
38,37,0x25,EGL_ExportVkImageANGLE,,unknown,,,,,False,False,False,False,False,False,False
39,38,0x26,EGL_ForceGPUSwitchANGLE,,unknown,,,,,False,False,False,False,False,False,False
40,39,0x27,EGL_GetCompositorTimingANDROID,,unknown,,,,,False,False,False,False,False,False,False
41,40,0x28,EGL_GetCompositorTimingSupportedANDROID,,unknown,,,,,False,False,False,False,False,False,False
42,41,0x29,EGL_GetConfigAttrib,,unknown,,,,,False,False,False,False,False,False,False
43,42,0x2A,EGL_GetConfigs,,unknown,,,,,False,False,False,False,False,False,False
44,43,0x2B,EGL_GetCurrentContext,,unknown,,,,,False,False,False,False,False,False,False
45,44,0x2C,EGL_GetCurrentDisplay,,unknown,,,,,False,False,False,False,False,False,False
46,45,0x2D,EGL_GetCurrentSurface,,unknown,,,,,False,False,False,False,False,False,False
47,46,0x2E,EGL_GetDisplay,,unknown,,,,,False,False,False,False,False,False,False
48,47,0x2F,EGL_GetError,,unknown,,,,,False,False,False,False,False,False,False
49,48,0x30,EGL_GetFrameTimestampSupportedANDROID,,unknown,,,,,False,False,False,False,False,False,False
50,49,0x31,EGL_GetFrameTimestampsANDROID,,unknown,,,,,False,False,False,False,False,False,False
51,50,0x32,EGL_GetMscRateANGLE,,unknown,,,,,False,False,False,False,False,False,False
52,51,0x33,EGL_GetNativeClientBufferANDROID,,unknown,,,,,False,False,False,False,False,False,False
53,52,0x34,EGL_GetNextFrameIdANDROID,,unknown,,,,,False,False,False,False,False,False,False
54,53,0x35,EGL_GetPlatformDisplay,,unknown,,,,,False,False,False,False,False,False,False
55,54,0x36,EGL_GetPlatformDisplayEXT,,unknown,,,,,False,False,False,False,False,False,False
56,55,0x37,EGL_GetProcAddress,,unknown,,,,,False,False,False,False,False,False,False
57,56,0x38,EGL_GetSyncAttrib,,unknown,,,,,False,False,False,False,False,False,False
58,57,0x39,EGL_GetSyncAttribKHR,,unknown,,,,,False,False,False,False,False,False,False
59,58,0x3A,EGL_GetSyncValuesCHROMIUM,,unknown,,,,,False,False,False,False,False,False,False
60,59,0x3B,EGL_HandleGPUSwitchANGLE,,unknown,,,,,False,False,False,False,False,False,False
61,60,0x3C,EGL_Initialize,,unknown,,,,,False,False,False,False,False,False,False
62,61,0x3D,EGL_LabelObjectKHR,,unknown,,,,,False,False,False,False,False,False,False
63,62,0x3E,EGL_LockSurfaceKHR,,unknown,,,,,False,False,False,False,False,False,False
64,63,0x3F,EGL_MakeCurrent,,unknown,,,,,False,False,False,False,False,False,False
65,64,0x40,EGL_PostSubBufferNV,,unknown,,,,,False,False,False,False,False,False,False
66,65,0x41,EGL_PrepareSwapBuffersANGLE,,unknown,,,,,False,False,False,False,False,False,False
67,66,0x42,EGL_PresentationTimeANDROID,,unknown,,,,,False,False,False,False,False,False,False
68,67,0x43,EGL_ProgramCacheGetAttribANGLE,,unknown,,,,,False,False,False,False,False,False,False
69,68,0x44,EGL_ProgramCachePopulateANGLE,,unknown,,,,,False,False,False,False,False,False,False
70,69,0x45,EGL_ProgramCacheQueryANGLE,,unknown,,,,,False,False,False,False,False,False,False
71,70,0x46,EGL_ProgramCacheResizeANGLE,,unknown,,,,,False,False,False,False,False,False,False
72,71,0x47,EGL_QueryAPI,,unknown,,,,,False,False,False,False,False,False,False
73,72,0x48,EGL_QueryContext,,unknown,,,,,False,False,False,False,False,False,False
74,73,0x49,EGL_QueryDebugKHR,,unknown,,,,,False,False,False,False,False,False,False
75,74,0x4A,EGL_QueryDeviceAttribEXT,,unknown,,,,,False,False,False,False,False,False,False
76,75,0x4B,EGL_QueryDeviceStringEXT,,unknown,,,,,False,False,False,False,False,False,False
77,76,0x4C,EGL_QueryDisplayAttribANGLE,,unknown,,,,,False,False,False,False,False,False,False
78,77,0x4D,EGL_QueryDisplayAttribEXT,,unknown,,,,,False,False,False,False,False,False,False
79,78,0x4E,EGL_QueryDmaBufFormatsEXT,,unknown,,,,,False,False,False,False,False,False,False
80,79,0x4F,EGL_QueryDmaBufModifiersEXT,,unknown,,,,,False,False,False,False,False,False,False
81,80,0x50,EGL_QueryStreamKHR,,unknown,,,,,False,False,False,False,False,False,False
82,81,0x51,EGL_QueryStreamu64KHR,,unknown,,,,,False,False,False,False,False,False,False
83,82,0x52,EGL_QueryString,,unknown,,,,,False,False,False,False,False,False,False
84,83,0x53,EGL_QueryStringiANGLE,,unknown,,,,,False,False,False,False,False,False,False
85,84,0x54,EGL_QuerySurface,,unknown,,,,,False,False,False,False,False,False,False
86,85,0x55,EGL_QuerySurface64KHR,,unknown,,,,,False,False,False,False,False,False,False
87,86,0x56,EGL_QuerySurfacePointerANGLE,,unknown,,,,,False,False,False,False,False,False,False
88,87,0x57,EGL_ReacquireHighPowerGPUANGLE,,unknown,,,,,False,False,False,False,False,False,False
89,88,0x58,EGL_ReleaseDeviceANGLE,,unknown,,,,,False,False,False,False,False,False,False
90,89,0x59,EGL_ReleaseHighPowerGPUANGLE,,unknown,,,,,False,False,False,False,False,False,False
91,90,0x5A,EGL_ReleaseTexImage,,unknown,,,,,False,False,False,False,False,False,False
92,91,0x5B,EGL_ReleaseThread,,unknown,,,,,False,False,False,False,False,False,False
93,92,0x5C,EGL_SetBlobCacheFuncsANDROID,,unknown,,,,,False,False,False,False,False,False,False
94,93,0x5D,EGL_SetDamageRegionKHR,,unknown,,,,,False,False,False,False,False,False,False
95,94,0x5E,EGL_SignalSyncKHR,,unknown,,,,,False,False,False,False,False,False,False
96,95,0x5F,EGL_StreamAttribKHR,,unknown,,,,,False,False,False,False,False,False,False
97,96,0x60,EGL_StreamConsumerAcquireKHR,,unknown,,,,,False,False,False,False,False,False,False
98,97,0x61,EGL_StreamConsumerGLTextureExternalAttribsNV,,unknown,,,,,False,False,False,False,False,False,False
99,98,0x62,EGL_StreamConsumerGLTextureExternalKHR,,unknown,,,,,False,False,False,False,False,False,False
100,99,0x63,EGL_StreamConsumerReleaseKHR,,unknown,,,,,False,False,False,False,False,False,False
101,100,0x64,EGL_StreamPostD3DTextureANGLE,,unknown,,,,,False,False,False,False,False,False,False
102,101,0x65,EGL_SurfaceAttrib,,unknown,,,,,False,False,False,False,False,False,False
103,102,0x66,EGL_SwapBuffers,,unknown,,,,,False,False,False,False,False,False,False
104,103,0x67,EGL_SwapBuffersWithDamageKHR,,unknown,,,,,False,False,False,False,False,False,False
105,104,0x68,EGL_SwapBuffersWithFrameTokenANGLE,,unknown,,,,,False,False,False,False,False,False,False
106,105,0x69,EGL_SwapInterval,,unknown,,,,,False,False,False,False,False,False,False
107,106,0x6A,EGL_Terminate,,unknown,,,,,False,False,False,False,False,False,False
108,107,0x6B,EGL_UnlockSurfaceKHR,,unknown,,,,,False,False,False,False,False,False,False
109,108,0x6C,EGL_WaitClient,,unknown,,,,,False,False,False,False,False,False,False
110,109,0x6D,EGL_WaitGL,,unknown,,,,,False,False,False,False,False,False,False
111,110,0x6E,EGL_WaitNative,,unknown,,,,,False,False,False,False,False,False,False
112,111,0x6F,EGL_WaitSync,,unknown,,,,,False,False,False,False,False,False,False
113,112,0x70,EGL_WaitSyncKHR,,unknown,,,,,False,False,False,False,False,False,False
114,113,0x71,GL_AcquireTexturesANGLE,,unknown,,,,,False,False,False,False,False,False,False
115,114,0x72,GL_ActiveShaderProgram,,unknown,,,,,False,False,False,False,False,False,False
116,115,0x73,GL_ActiveShaderProgramEXT,,unknown,,,,,False,False,False,False,False,False,False
117,116,0x74,GL_ActiveTexture,,unknown,,,,,False,False,False,False,False,False,False
118,117,0x75,GL_AlphaFunc,,unknown,,,,,False,False,False,False,False,False,False
119,118,0x76,GL_AlphaFuncx,,unknown,,,,,False,False,False,False,False,False,False
120,119,0x77,GL_AttachShader,,unknown,,,,,False,False,False,False,False,False,False
121,120,0x78,GL_BeginPerfMonitorAMD,,unknown,,,,,False,False,False,False,False,False,False
122,121,0x79,GL_BeginQuery,,unknown,,,,,False,False,False,False,False,False,False
123,122,0x7A,GL_BeginQueryEXT,,unknown,,,,,False,False,False,False,False,False,False
124,123,0x7B,GL_BeginTransformFeedback,,unknown,,,,,False,False,False,False,False,False,False
125,124,0x7C,GL_BindAttribLocation,,unknown,,,,,False,False,False,False,False,False,False
126,125,0x7D,GL_BindBuffer,,unknown,,,,,False,False,False,False,False,False,False
127,126,0x7E,GL_BindBufferBase,,unknown,,,,,False,False,False,False,False,False,False
128,127,0x7F,GL_BindBufferRange,,unknown,,,,,False,False,False,False,False,False,False
129,128,0x80,GL_BindFragDataLocationEXT,,unknown,,,,,False,False,False,False,False,False,False
130,129,0x81,GL_BindFragDataLocationIndexedEXT,,unknown,,,,,False,False,False,False,False,False,False
131,130,0x82,GL_BindFramebuffer,,unknown,,,,,False,False,False,False,False,False,False
132,131,0x83,GL_BindFramebufferOES,,unknown,,,,,False,False,False,False,False,False,False
133,132,0x84,GL_BindImageTexture,,unknown,,,,,False,False,False,False,False,False,False
134,133,0x85,GL_BindProgramPipeline,,unknown,,,,,False,False,False,False,False,False,False
135,134,0x86,GL_BindProgramPipelineEXT,,unknown,,,,,False,False,False,False,False,False,False
136,135,0x87,GL_BindRenderbuffer,,unknown,,,,,False,False,False,False,False,False,False
137,136,0x88,GL_BindRenderbufferOES,,unknown,,,,,False,False,False,False,False,False,False
138,137,0x89,GL_BindSampler,,unknown,,,,,False,False,False,False,False,False,False
139,138,0x8A,GL_BindTexture,,unknown,,,,,False,False,False,False,False,False,False
140,139,0x8B,GL_BindTransformFeedback,,unknown,,,,,False,False,False,False,False,False,False
141,140,0x8C,GL_BindUniformLocationCHROMIUM,,unknown,,,,,False,False,False,False,False,False,False
142,141,0x8D,GL_BindVertexArray,,unknown,,,,,False,False,False,False,False,False,False
143,142,0x8E,GL_BindVertexArrayOES,,unknown,,,,,False,False,False,False,False,False,False
144,143,0x8F,GL_BindVertexBuffer,,unknown,,,,,False,False,False,False,False,False,False
145,144,0x90,GL_BlendBarrier,,unknown,,,,,False,False,False,False,False,False,False
146,145,0x91,GL_BlendBarrierKHR,,unknown,,,,,False,False,False,False,False,False,False
147,146,0x92,GL_BlendColor,,unknown,,,,,False,False,False,False,False,False,False
148,147,0x93,GL_BlendEquation,,unknown,,,,,False,False,False,False,False,False,False
149,148,0x94,GL_BlendEquationSeparate,,unknown,,,,,False,False,False,False,False,False,False
150,149,0x95,GL_BlendEquationSeparatei,,unknown,,,,,False,False,False,False,False,False,False
151,150,0x96,GL_BlendEquationSeparateiEXT,,unknown,,,,,False,False,False,False,False,False,False
152,151,0x97,GL_BlendEquationSeparateiOES,,unknown,,,,,False,False,False,False,False,False,False
153,152,0x98,GL_BlendEquationi,,unknown,,,,,False,False,False,False,False,False,False
154,153,0x99,GL_BlendEquationiEXT,,unknown,,,,,False,False,False,False,False,False,False
155,154,0x9A,GL_BlendEquationiOES,,unknown,,,,,False,False,False,False,False,False,False
156,155,0x9B,GL_BlendFunc,,unknown,,,,,False,False,False,False,False,False,False
157,156,0x9C,GL_BlendFuncSeparate,,unknown,,,,,False,False,False,False,False,False,False
158,157,0x9D,GL_BlendFuncSeparatei,,unknown,,,,,False,False,False,False,False,False,False
159,158,0x9E,GL_BlendFuncSeparateiEXT,,unknown,,,,,False,False,False,False,False,False,False
160,159,0x9F,GL_BlendFuncSeparateiOES,,unknown,,,,,False,False,False,False,False,False,False
161,160,0xA0,GL_BlendFunci,,unknown,,,,,False,False,False,False,False,False,False
162,161,0xA1,GL_BlendFunciEXT,,unknown,,,,,False,False,False,False,False,False,False
163,162,0xA2,GL_BlendFunciOES,,unknown,,,,,False,False,False,False,False,False,False
164,163,0xA3,GL_BlitFramebuffer,,unknown,,,,,False,False,False,False,False,False,False
165,164,0xA4,GL_BlitFramebufferANGLE,,unknown,,,,,False,False,False,False,False,False,False
166,165,0xA5,GL_BlitFramebufferNV,,unknown,,,,,False,False,False,False,False,False,False
167,166,0xA6,GL_BufferData,,unknown,,,,,False,False,False,False,False,False,False
168,167,0xA7,GL_BufferStorageEXT,,unknown,,,,,False,False,False,False,False,False,False
169,168,0xA8,GL_BufferStorageExternalEXT,,unknown,,,,,False,False,False,False,False,False,False
170,169,0xA9,GL_BufferStorageMemEXT,,unknown,,,,,False,False,False,False,False,False,False
171,170,0xAA,GL_BufferSubData,,unknown,,,,,False,False,False,False,False,False,False
172,171,0xAB,GL_CheckFramebufferStatus,,unknown,,,,,False,False,False,False,False,False,False
173,172,0xAC,GL_CheckFramebufferStatusOES,,unknown,,,,,False,False,False,False,False,False,False
174,173,0xAD,GL_Clear,,unknown,,,,,False,False,False,False,False,False,False
175,174,0xAE,GL_ClearBufferfi,,unknown,,,,,False,False,False,False,False,False,False
176,175,0xAF,GL_ClearBufferfv,,unknown,,,,,False,False,False,False,False,False,False
177,176,0xB0,GL_ClearBufferiv,,unknown,,,,,False,False,False,False,False,False,False
178,177,0xB1,GL_ClearBufferuiv,,unknown,,,,,False,False,False,False,False,False,False
179,178,0xB2,GL_ClearColor,,unknown,,,,,False,False,False,False,False,False,False
180,179,0xB3,GL_ClearColorx,,unknown,,,,,False,False,False,False,False,False,False
181,180,0xB4,GL_ClearDepthf,,unknown,,,,,False,False,False,False,False,False,False
182,181,0xB5,GL_ClearDepthx,,unknown,,,,,False,False,False,False,False,False,False
183,182,0xB6,GL_ClearStencil,,unknown,,,,,False,False,False,False,False,False,False
184,183,0xB7,GL_ClientActiveTexture,,unknown,,,,,False,False,False,False,False,False,False
185,184,0xB8,GL_ClientWaitSync,,unknown,,,,,False,False,False,False,False,False,False
186,185,0xB9,GL_ClipControlEXT,,unknown,,,,,False,False,False,False,False,False,False
187,186,0xBA,GL_ClipPlanef,,unknown,,,,,False,False,False,False,False,False,False
188,187,0xBB,GL_ClipPlanex,,unknown,,,,,False,False,False,False,False,False,False
189,188,0xBC,GL_Color4f,,unknown,,,,,False,False,False,False,False,False,False
190,189,0xBD,GL_Color4ub,,unknown,,,,,False,False,False,False,False,False,False
191,190,0xBE,GL_Color4x,,unknown,,,,,False,False,False,False,False,False,False
192,191,0xBF,GL_ColorMask,,unknown,,,,,False,False,False,False,False,False,False
193,192,0xC0,GL_ColorMaski,,unknown,,,,,False,False,False,False,False,False,False
194,193,0xC1,GL_ColorMaskiEXT,,unknown,,,,,False,False,False,False,False,False,False
195,194,0xC2,GL_ColorMaskiOES,,unknown,,,,,False,False,False,False,False,False,False
196,195,0xC3,GL_ColorPointer,,unknown,,,,,False,False,False,False,False,False,False
197,196,0xC4,GL_CompileShader,,unknown,,,,,False,False,False,False,False,False,False
198,197,0xC5,GL_CompressedCopyTextureCHROMIUM,,unknown,,,,,False,False,False,False,False,False,False
199,198,0xC6,GL_CompressedTexImage2D,,unknown,,,,,False,False,False,False,False,False,False
200,199,0xC7,GL_CompressedTexImage2DRobustANGLE,,unknown,,,,,False,False,False,False,False,False,False
201,200,0xC8,GL_CompressedTexImage3D,,unknown,,,,,False,False,False,False,False,False,False
202,201,0xC9,GL_CompressedTexImage3DOES,,unknown,,,,,False,False,False,False,False,False,False
203,202,0xCA,GL_CompressedTexImage3DRobustANGLE,,unknown,,,,,False,False,False,False,False,False,False
204,203,0xCB,GL_CompressedTexSubImage2D,,unknown,,,,,False,False,False,False,False,False,False
205,204,0xCC,GL_CompressedTexSubImage2DRobustANGLE,,unknown,,,,,False,False,False,False,False,False,False
206,205,0xCD,GL_CompressedTexSubImage3D,,unknown,,,,,False,False,False,False,False,False,False
207,206,0xCE,GL_CompressedTexSubImage3DOES,,unknown,,,,,False,False,False,False,False,False,False
208,207,0xCF,GL_CompressedTexSubImage3DRobustANGLE,,unknown,,,,,False,False,False,False,False,False,False
209,208,0xD0,GL_CopyBufferSubData,,unknown,,,,,False,False,False,False,False,False,False
210,209,0xD1,GL_CopyImageSubData,,unknown,,,,,False,False,False,False,False,False,False
211,210,0xD2,GL_CopyImageSubDataEXT,,unknown,,,,,False,False,False,False,False,False,False
212,211,0xD3,GL_CopyImageSubDataOES,,unknown,,,,,False,False,False,False,False,False,False
213,212,0xD4,GL_CopySubTexture3DANGLE,,unknown,,,,,False,False,False,False,False,False,False
214,213,0xD5,GL_CopySubTextureCHROMIUM,,unknown,,,,,False,False,False,False,False,False,False
215,214,0xD6,GL_CopyTexImage2D,,unknown,,,,,False,False,False,False,False,False,False
216,215,0xD7,GL_CopyTexSubImage2D,,unknown,,,,,False,False,False,False,False,False,False
217,216,0xD8,GL_CopyTexSubImage3D,,unknown,,,,,False,False,False,False,False,False,False
218,217,0xD9,GL_CopyTexSubImage3DOES,,unknown,,,,,False,False,False,False,False,False,False
219,218,0xDA,GL_CopyTexture3DANGLE,,unknown,,,,,False,False,False,False,False,False,False
220,219,0xDB,GL_CopyTextureCHROMIUM,,unknown,,,,,False,False,False,False,False,False,False
221,220,0xDC,GL_CoverageModulationCHROMIUM,,unknown,,,,,False,False,False,False,False,False,False
222,221,0xDD,GL_CreateMemoryObjectsEXT,,unknown,,,,,False,False,False,False,False,False,False
223,222,0xDE,GL_CreateProgram,,unknown,,,,,False,False,False,False,False,False,False
224,223,0xDF,GL_CreateShader,,unknown,,,,,False,False,False,False,False,False,False
225,224,0xE0,GL_CreateShaderProgramv,,unknown,,,,,False,False,False,False,False,False,False
226,225,0xE1,GL_CreateShaderProgramvEXT,,unknown,,,,,False,False,False,False,False,False,False
227,226,0xE2,GL_CullFace,,unknown,,,,,False,False,False,False,False,False,False
228,227,0xE3,GL_CurrentPaletteMatrixOES,,unknown,,,,,False,False,False,False,False,False,False
229,228,0xE4,GL_DebugMessageCallback,,unknown,,,,,False,False,False,False,False,False,False
230,229,0xE5,GL_DebugMessageCallbackKHR,,unknown,,,,,False,False,False,False,False,False,False
231,230,0xE6,GL_DebugMessageControl,,unknown,,,,,False,False,False,False,False,False,False
232,231,0xE7,GL_DebugMessageControlKHR,,unknown,,,,,False,False,False,False,False,False,False
233,232,0xE8,GL_DebugMessageInsert,,unknown,,,,,False,False,False,False,False,False,False
234,233,0xE9,GL_DebugMessageInsertKHR,,unknown,,,,,False,False,False,False,False,False,False
235,234,0xEA,GL_DeleteBuffers,,unknown,,,,,False,False,False,False,False,False,False
236,235,0xEB,GL_DeleteFencesNV,,unknown,,,,,False,False,False,False,False,False,False
237,236,0xEC,GL_DeleteFramebuffers,,unknown,,,,,False,False,False,False,False,False,False
238,237,0xED,GL_DeleteFramebuffersOES,,unknown,,,,,False,False,False,False,False,False,False
239,238,0xEE,GL_DeleteMemoryObjectsEXT,,unknown,,,,,False,False,False,False,False,False,False
240,239,0xEF,GL_DeletePerfMonitorsAMD,,unknown,,,,,False,False,False,False,False,False,False
241,240,0xF0,GL_DeleteProgram,,unknown,,,,,False,False,False,False,False,False,False
242,241,0xF1,GL_DeleteProgramPipelines,,unknown,,,,,False,False,False,False,False,False,False
243,242,0xF2,GL_DeleteProgramPipelinesEXT,,unknown,,,,,False,False,False,False,False,False,False
244,243,0xF3,GL_DeleteQueries,,unknown,,,,,False,False,False,False,False,False,False
245,244,0xF4,GL_DeleteQueriesEXT,,unknown,,,,,False,False,False,False,False,False,False
246,245,0xF5,GL_DeleteRenderbuffers,,unknown,,,,,False,False,False,False,False,False,False
247,246,0xF6,GL_DeleteRenderbuffersOES,,unknown,,,,,False,False,False,False,False,False,False
248,247,0xF7,GL_DeleteSamplers,,unknown,,,,,False,False,False,False,False,False,False
249,248,0xF8,GL_DeleteSemaphoresEXT,,unknown,,,,,False,False,False,False,False,False,False
250,249,0xF9,GL_DeleteShader,,unknown,,,,,False,False,False,False,False,False,False
251,250,0xFA,GL_DeleteSync,,unknown,,,,,False,False,False,False,False,False,False
252,251,0xFB,GL_DeleteTextures,,unknown,,,,,False,False,False,False,False,False,False
253,252,0xFC,GL_DeleteTransformFeedbacks,,unknown,,,,,False,False,False,False,False,False,False
254,253,0xFD,GL_DeleteVertexArrays,,unknown,,,,,False,False,False,False,False,False,False
255,254,0xFE,GL_DeleteVertexArraysOES,,unknown,,,,,False,False,False,False,False,False,False
256,255,0xFF,GL_DepthFunc,,unknown,,,,,False,False,False,False,False,False,False
257,256,0x100,GL_DepthMask,,unknown,,,,,False,False,False,False,False,False,False
258,257,0x101,GL_DepthRangef,,unknown,,,,,False,False,False,False,False,False,False
259,258,0x102,GL_DepthRangex,,unknown,,,,,False,False,False,False,False,False,False
260,259,0x103,GL_DetachShader,,unknown,,,,,False,False,False,False,False,False,False
261,260,0x104,GL_Disable,,unknown,,,,,False,False,False,False,False,False,False
262,261,0x105,GL_DisableClientState,,unknown,,,,,False,False,False,False,False,False,False
263,262,0x106,GL_DisableExtensionANGLE,,unknown,,,,,False,False,False,False,False,False,False
264,263,0x107,GL_DisableVertexAttribArray,,unknown,,,,,False,False,False,False,False,False,False
265,264,0x108,GL_Disablei,,unknown,,,,,False,False,False,False,False,False,False
266,265,0x109,GL_DisableiEXT,,unknown,,,,,False,False,False,False,False,False,False
267,266,0x10A,GL_DisableiOES,,unknown,,,,,False,False,False,False,False,False,False
268,267,0x10B,GL_DiscardFramebufferEXT,,unknown,,,,,False,False,False,False,False,False,False
269,268,0x10C,GL_DispatchCompute,,unknown,,,,,False,False,False,False,False,False,False
270,269,0x10D,GL_DispatchComputeIndirect,,unknown,,,,,False,False,False,False,False,False,False
271,270,0x10E,GL_DrawArrays,,unknown,,,,,False,False,False,False,False,False,False
272,271,0x10F,GL_DrawArraysIndirect,,unknown,,,,,False,False,False,False,False,False,False
273,272,0x110,GL_DrawArraysInstanced,,unknown,,,,,False,False,False,False,False,False,False
274,273,0x111,GL_DrawArraysInstancedANGLE,,unknown,,,,,False,False,False,False,False,False,False
275,274,0x112,GL_DrawArraysInstancedBaseInstanceANGLE,,unknown,,,,,False,False,False,False,False,False,False
276,275,0x113,GL_DrawArraysInstancedBaseInstanceEXT,,unknown,,,,,False,False,False,False,False,False,False
277,276,0x114,GL_DrawArraysInstancedEXT,,unknown,,,,,False,False,False,False,False,False,False
278,277,0x115,GL_DrawBuffers,,unknown,,,,,False,False,False,False,False,False,False
279,278,0x116,GL_DrawBuffersEXT,,unknown,,,,,False,False,False,False,False,False,False
280,279,0x117,GL_DrawElements,,unknown,,,,,False,False,False,False,False,False,False
281,280,0x118,GL_DrawElementsBaseVertex,,unknown,,,,,False,False,False,False,False,False,False
282,281,0x119,GL_DrawElementsBaseVertexEXT,,unknown,,,,,False,False,False,False,False,False,False
283,282,0x11A,GL_DrawElementsBaseVertexOES,,unknown,,,,,False,False,False,False,False,False,False
284,283,0x11B,GL_DrawElementsIndirect,,unknown,,,,,False,False,False,False,False,False,False
285,284,0x11C,GL_DrawElementsInstanced,,unknown,,,,,False,False,False,False,False,False,False
286,285,0x11D,GL_DrawElementsInstancedANGLE,,unknown,,,,,False,False,False,False,False,False,False
287,286,0x11E,GL_DrawElementsInstancedBaseInstanceEXT,,unknown,,,,,False,False,False,False,False,False,False
288,287,0x11F,GL_DrawElementsInstancedBaseVertex,,unknown,,,,,False,False,False,False,False,False,False
289,288,0x120,GL_DrawElementsInstancedBaseVertexBaseInstanceANGLE,,unknown,,,,,False,False,False,False,False,False,False
290,289,0x121,GL_DrawElementsInstancedBaseVertexBaseInstanceEXT,,unknown,,,,,False,False,False,False,False,False,False
291,290,0x122,GL_DrawElementsInstancedBaseVertexEXT,,unknown,,,,,False,False,False,False,False,False,False
292,291,0x123,GL_DrawElementsInstancedBaseVertexOES,,unknown,,,,,False,False,False,False,False,False,False
293,292,0x124,GL_DrawElementsInstancedEXT,,unknown,,,,,False,False,False,False,False,False,False
294,293,0x125,GL_DrawRangeElements,,unknown,,,,,False,False,False,False,False,False,False
295,294,0x126,GL_DrawRangeElementsBaseVertex,,unknown,,,,,False,False,False,False,False,False,False
296,295,0x127,GL_DrawRangeElementsBaseVertexEXT,,unknown,,,,,False,False,False,False,False,False,False
297,296,0x128,GL_DrawRangeElementsBaseVertexOES,,unknown,,,,,False,False,False,False,False,False,False
298,297,0x129,GL_DrawTexfOES,,unknown,,,,,False,False,False,False,False,False,False
299,298,0x12A,GL_DrawTexfvOES,,unknown,,,,,False,False,False,False,False,False,False
300,299,0x12B,GL_DrawTexiOES,,unknown,,,,,False,False,False,False,False,False,False
301,300,0x12C,GL_DrawTexivOES,,unknown,,,,,False,False,False,False,False,False,False
302,301,0x12D,GL_DrawTexsOES,,unknown,,,,,False,False,False,False,False,False,False
303,302,0x12E,GL_DrawTexsvOES,,unknown,,,,,False,False,False,False,False,False,False
304,303,0x12F,GL_DrawTexxOES,,unknown,,,,,False,False,False,False,False,False,False
305,304,0x130,GL_DrawTexxvOES,,unknown,,,,,False,False,False,False,False,False,False
306,305,0x131,GL_EGLImageTargetRenderbufferStorageOES,,unknown,,,,,False,False,False,False,False,False,False
307,306,0x132,GL_EGLImageTargetTexStorageEXT,,unknown,,,,,False,False,False,False,False,False,False
308,307,0x133,GL_EGLImageTargetTexture2DOES,,unknown,,,,,False,False,False,False,False,False,False
309,308,0x134,GL_EGLImageTargetTextureStorageEXT,,unknown,,,,,False,False,False,False,False,False,False
310,309,0x135,GL_Enable,,unknown,,,,,False,False,False,False,False,False,False
311,310,0x136,GL_EnableClientState,,unknown,,,,,False,False,False,False,False,False,False
312,311,0x137,GL_EnableVertexAttribArray,,unknown,,,,,False,False,False,False,False,False,False
313,312,0x138,GL_Enablei,,unknown,,,,,False,False,False,False,False,False,False
314,313,0x139,GL_EnableiEXT,,unknown,,,,,False,False,False,False,False,False,False
315,314,0x13A,GL_EnableiOES,,unknown,,,,,False,False,False,False,False,False,False
316,315,0x13B,GL_EndPerfMonitorAMD,,unknown,,,,,False,False,False,False,False,False,False
317,316,0x13C,GL_EndQuery,,unknown,,,,,False,False,False,False,False,False,False
318,317,0x13D,GL_EndQueryEXT,,unknown,,,,,False,False,False,False,False,False,False
319,318,0x13E,GL_EndTransformFeedback,,unknown,,,,,False,False,False,False,False,False,False
320,319,0x13F,GL_FenceSync,,unknown,,,,,False,False,False,False,False,False,False
321,320,0x140,GL_Finish,,unknown,,,,,False,False,False,False,False,False,False
322,321,0x141,GL_FinishFenceNV,,unknown,,,,,False,False,False,False,False,False,False
323,322,0x142,GL_Flush,,unknown,,,,,False,False,False,False,False,False,False
324,323,0x143,GL_FlushMappedBufferRange,,unknown,,,,,False,False,False,False,False,False,False
325,324,0x144,GL_FlushMappedBufferRangeEXT,,unknown,,,,,False,False,False,False,False,False,False
326,325,0x145,GL_Fogf,,unknown,,,,,False,False,False,False,False,False,False
327,326,0x146,GL_Fogfv,,unknown,,,,,False,False,False,False,False,False,False
328,327,0x147,GL_Fogx,,unknown,,,,,False,False,False,False,False,False,False
329,328,0x148,GL_Fogxv,,unknown,,,,,False,False,False,False,False,False,False
330,329,0x149,GL_FramebufferFetchBarrierEXT,,unknown,,,,,False,False,False,False,False,False,False
331,330,0x14A,GL_FramebufferParameteri,,unknown,,,,,False,False,False,False,False,False,False
332,331,0x14B,GL_FramebufferParameteriMESA,,unknown,,,,,False,False,False,False,False,False,False
333,332,0x14C,GL_FramebufferRenderbuffer,,unknown,,,,,False,False,False,False,False,False,False
334,333,0x14D,GL_FramebufferRenderbufferOES,,unknown,,,,,False,False,False,False,False,False,False
335,334,0x14E,GL_FramebufferTexture,,unknown,,,,,False,False,False,False,False,False,False
336,335,0x14F,GL_FramebufferTexture2D,,unknown,,,,,False,False,False,False,False,False,False
337,336,0x150,GL_FramebufferTexture2DMultisampleEXT,,unknown,,,,,False,False,False,False,False,False,False
338,337,0x151,GL_FramebufferTexture2DOES,,unknown,,,,,False,False,False,False,False,False,False
339,338,0x152,GL_FramebufferTexture3DOES,,unknown,,,,,False,False,False,False,False,False,False
340,339,0x153,GL_FramebufferTextureEXT,,unknown,,,,,False,False,False,False,False,False,False
341,340,0x154,GL_FramebufferTextureLayer,,unknown,,,,,False,False,False,False,False,False,False
342,341,0x155,GL_FramebufferTextureMultiviewOVR,,unknown,,,,,False,False,False,False,False,False,False
343,342,0x156,GL_FramebufferTextureOES,,unknown,,,,,False,False,False,False,False,False,False
344,343,0x157,GL_FrontFace,,unknown,,,,,False,False,False,False,False,False,False
345,344,0x158,GL_Frustumf,,unknown,,,,,False,False,False,False,False,False,False
346,345,0x159,GL_Frustumx,,unknown,,,,,False,False,False,False,False,False,False
347,346,0x15A,GL_GenBuffers,,unknown,,,,,False,False,False,False,False,False,False
348,347,0x15B,GL_GenFencesNV,,unknown,,,,,False,False,False,False,False,False,False
349,348,0x15C,GL_GenFramebuffers,,unknown,,,,,False,False,False,False,False,False,False
350,349,0x15D,GL_GenFramebuffersOES,,unknown,,,,,False,False,False,False,False,False,False
351,350,0x15E,GL_GenPerfMonitorsAMD,,unknown,,,,,False,False,False,False,False,False,False
352,351,0x15F,GL_GenProgramPipelines,,unknown,,,,,False,False,False,False,False,False,False
353,352,0x160,GL_GenProgramPipelinesEXT,,unknown,,,,,False,False,False,False,False,False,False
354,353,0x161,GL_GenQueries,,unknown,,,,,False,False,False,False,False,False,False
355,354,0x162,GL_GenQueriesEXT,,unknown,,,,,False,False,False,False,False,False,False
356,355,0x163,GL_GenRenderbuffers,,unknown,,,,,False,False,False,False,False,False,False
357,356,0x164,GL_GenRenderbuffersOES,,unknown,,,,,False,False,False,False,False,False,False
358,357,0x165,GL_GenSamplers,,unknown,,,,,False,False,False,False,False,False,False
359,358,0x166,GL_GenSemaphoresEXT,,unknown,,,,,False,False,False,False,False,False,False
360,359,0x167,GL_GenTextures,,unknown,,,,,False,False,False,False,False,False,False
361,360,0x168,GL_GenTransformFeedbacks,,unknown,,,,,False,False,False,False,False,False,False
362,361,0x169,GL_GenVertexArrays,,unknown,,,,,False,False,False,False,False,False,False
363,362,0x16A,GL_GenVertexArraysOES,,unknown,,,,,False,False,False,False,False,False,False
364,363,0x16B,GL_GenerateMipmap,,unknown,,,,,False,False,False,False,False,False,False
365,364,0x16C,GL_GenerateMipmapOES,,unknown,,,,,False,False,False,False,False,False,False
366,365,0x16D,GL_GetActiveAttrib,,unknown,,,,,False,False,False,False,False,False,False
367,366,0x16E,GL_GetActiveUniform,,unknown,,,,,False,False,False,False,False,False,False
368,367,0x16F,GL_GetActiveUniformBlockName,,unknown,,,,,False,False,False,False,False,False,False
369,368,0x170,GL_GetActiveUniformBlockiv,,unknown,,,,,False,False,False,False,False,False,False
370,369,0x171,GL_GetActiveUniformBlockivRobustANGLE,,unknown,,,,,False,False,False,False,False,False,False
371,370,0x172,GL_GetActiveUniformsiv,,unknown,,,,,False,False,False,False,False,False,False
372,371,0x173,GL_GetAttachedShaders,,unknown,,,,,False,False,False,False,False,False,False
373,372,0x174,GL_GetAttribLocation,,unknown,,,,,False,False,False,False,False,False,False
374,373,0x175,GL_GetBooleani_v,,unknown,,,,,False,False,False,False,False,False,False
375,374,0x176,GL_GetBooleani_vRobustANGLE,,unknown,,,,,False,False,False,False,False,False,False
376,375,0x177,GL_GetBooleanv,,unknown,,,,,False,False,False,False,False,False,False
377,376,0x178,GL_GetBooleanvRobustANGLE,,unknown,,,,,False,False,False,False,False,False,False
378,377,0x179,GL_GetBufferParameteri64v,,unknown,,,,,False,False,False,False,False,False,False
379,378,0x17A,GL_GetBufferParameteri64vRobustANGLE,,unknown,,,,,False,False,False,False,False,False,False
380,379,0x17B,GL_GetBufferParameteriv,,unknown,,,,,False,False,False,False,False,False,False
381,380,0x17C,GL_GetBufferParameterivRobustANGLE,,unknown,,,,,False,False,False,False,False,False,False
382,381,0x17D,GL_GetBufferPointerv,,unknown,,,,,False,False,False,False,False,False,False
383,382,0x17E,GL_GetBufferPointervOES,,unknown,,,,,False,False,False,False,False,False,False
384,383,0x17F,GL_GetBufferPointervRobustANGLE,,unknown,,,,,False,False,False,False,False,False,False
385,384,0x180,GL_GetClipPlanef,,unknown,,,,,False,False,False,False,False,False,False
386,385,0x181,GL_GetClipPlanex,,unknown,,,,,False,False,False,False,False,False,False
387,386,0x182,GL_GetCompressedTexImageANGLE,,unknown,,,,,False,False,False,False,False,False,False
388,387,0x183,GL_GetDebugMessageLog,,unknown,,,,,False,False,False,False,False,False,False
389,388,0x184,GL_GetDebugMessageLogKHR,,unknown,,,,,False,False,False,False,False,False,False
390,389,0x185,GL_GetError,,unknown,,,,,False,False,False,False,False,False,False
391,390,0x186,GL_GetFenceivNV,,unknown,,,,,False,False,False,False,False,False,False
392,391,0x187,GL_GetFixedv,,unknown,,,,,False,False,False,False,False,False,False
393,392,0x188,GL_GetFloatv,,unknown,,,,,False,False,False,False,False,False,False
394,393,0x189,GL_GetFloatvRobustANGLE,,unknown,,,,,False,False,False,False,False,False,False
395,394,0x18A,GL_GetFragDataIndexEXT,,unknown,,,,,False,False,False,False,False,False,False
396,395,0x18B,GL_GetFragDataLocation,,unknown,,,,,False,False,False,False,False,False,False
397,396,0x18C,GL_GetFramebufferAttachmentParameteriv,,unknown,,,,,False,False,False,False,False,False,False
398,397,0x18D,GL_GetFramebufferAttachmentParameterivOES,,unknown,,,,,False,False,False,False,False,False,False
399,398,0x18E,GL_GetFramebufferAttachmentParameterivRobustANGLE,,unknown,,,,,False,False,False,False,False,False,False
400,399,0x18F,GL_GetFramebufferParameteriv,,unknown,,,,,False,False,False,False,False,False,False
401,400,0x190,GL_GetFramebufferParameterivMESA,,unknown,,,,,False,False,False,False,False,False,False
402,401,0x191,GL_GetFramebufferParameterivRobustANGLE,,unknown,,,,,False,False,False,False,False,False,False
403,402,0x192,GL_GetGraphicsResetStatus,,unknown,,,,,False,False,False,False,False,False,False
404,403,0x193,GL_GetGraphicsResetStatusEXT,,unknown,,,,,False,False,False,False,False,False,False
405,404,0x194,GL_GetInteger64i_v,,unknown,,,,,False,False,False,False,False,False,False
406,405,0x195,GL_GetInteger64i_vRobustANGLE,,unknown,,,,,False,False,False,False,False,False,False
407,406,0x196,GL_GetInteger64v,,unknown,,,,,False,False,False,False,False,False,False
408,407,0x197,GL_GetInteger64vEXT,,unknown,,,,,False,False,False,False,False,False,False
409,408,0x198,GL_GetInteger64vRobustANGLE,,unknown,,,,,False,False,False,False,False,False,False
410,409,0x199,GL_GetIntegeri_v,,unknown,,,,,False,False,False,False,False,False,False
411,410,0x19A,GL_GetIntegeri_vRobustANGLE,,unknown,,,,,False,False,False,False,False,False,False
412,411,0x19B,GL_GetIntegerv,,unknown,,,,,False,False,False,False,False,False,False
413,412,0x19C,GL_GetIntegervRobustANGLE,,unknown,,,,,False,False,False,False,False,False,False
414,413,0x19D,GL_GetInternalformativ,,unknown,,,,,False,False,False,False,False,False,False
415,414,0x19E,GL_GetInternalformativRobustANGLE,,unknown,,,,,False,False,False,False,False,False,False
416,415,0x19F,GL_GetLightfv,,unknown,,,,,False,False,False,False,False,False,False
417,416,0x1A0,GL_GetLightxv,,unknown,,,,,False,False,False,False,False,False,False
418,417,0x1A1,GL_GetMaterialfv,,unknown,,,,,False,False,False,False,False,False,False
419,418,0x1A2,GL_GetMaterialxv,,unknown,,,,,False,False,False,False,False,False,False
420,419,0x1A3,GL_GetMemoryObjectParameterivEXT,,unknown,,,,,False,False,False,False,False,False,False
421,420,0x1A4,GL_GetMultisamplefv,,unknown,,,,,False,False,False,False,False,False,False
422,421,0x1A5,GL_GetMultisamplefvANGLE,,unknown,,,,,False,False,False,False,False,False,False
423,422,0x1A6,GL_GetMultisamplefvRobustANGLE,,unknown,,,,,False,False,False,False,False,False,False
424,423,0x1A7,GL_GetObjectLabel,,unknown,,,,,False,False,False,False,False,False,False
425,424,0x1A8,GL_GetObjectLabelEXT,,unknown,,,,,False,False,False,False,False,False,False
426,425,0x1A9,GL_GetObjectLabelKHR,,unknown,,,,,False,False,False,False,False,False,False
427,426,0x1AA,GL_GetObjectPtrLabel,,unknown,,,,,False,False,False,False,False,False,False
428,427,0x1AB,GL_GetObjectPtrLabelKHR,,unknown,,,,,False,False,False,False,False,False,False
429,428,0x1AC,GL_GetPerfMonitorCounterDataAMD,,unknown,,,,,False,False,False,False,False,False,False
430,429,0x1AD,GL_GetPerfMonitorCounterInfoAMD,,unknown,,,,,False,False,False,False,False,False,False
431,430,0x1AE,GL_GetPerfMonitorCounterStringAMD,,unknown,,,,,False,False,False,False,False,False,False
432,431,0x1AF,GL_GetPerfMonitorCountersAMD,,unknown,,,,,False,False,False,False,False,False,False
433,432,0x1B0,GL_GetPerfMonitorGroupStringAMD,,unknown,,,,,False,False,False,False,False,False,False
434,433,0x1B1,GL_GetPerfMonitorGroupsAMD,,unknown,,,,,False,False,False,False,False,False,False
435,434,0x1B2,GL_GetPointerv,,unknown,,,,,False,False,False,False,False,False,False
436,435,0x1B3,GL_GetPointervKHR,,unknown,,,,,False,False,False,False,False,False,False
437,436,0x1B4,GL_GetPointervRobustANGLERobustANGLE,,unknown,,,,,False,False,False,False,False,False,False
438,437,0x1B5,GL_GetProgramBinary,,unknown,,,,,False,False,False,False,False,False,False
439,438,0x1B6,GL_GetProgramBinaryOES,,unknown,,,,,False,False,False,False,False,False,False
440,439,0x1B7,GL_GetProgramInfoLog,,unknown,,,,,False,False,False,False,False,False,False
441,440,0x1B8,GL_GetProgramInterfaceiv,,unknown,,,,,False,False,False,False,False,False,False
442,441,0x1B9,GL_GetProgramInterfaceivRobustANGLE,,unknown,,,,,False,False,False,False,False,False,False
443,442,0x1BA,GL_GetProgramPipelineInfoLog,,unknown,,,,,False,False,False,False,False,False,False
444,443,0x1BB,GL_GetProgramPipelineInfoLogEXT,,unknown,,,,,False,False,False,False,False,False,False
445,444,0x1BC,GL_GetProgramPipelineiv,,unknown,,,,,False,False,False,False,False,False,False
446,445,0x1BD,GL_GetProgramPipelineivEXT,,unknown,,,,,False,False,False,False,False,False,False
447,446,0x1BE,GL_GetProgramResourceIndex,,unknown,,,,,False,False,False,False,False,False,False
448,447,0x1BF,GL_GetProgramResourceLocation,,unknown,,,,,False,False,False,False,False,False,False
449,448,0x1C0,GL_GetProgramResourceLocationIndexEXT,,unknown,,,,,False,False,False,False,False,False,False
450,449,0x1C1,GL_GetProgramResourceName,,unknown,,,,,False,False,False,False,False,False,False
451,450,0x1C2,GL_GetProgramResourceiv,,unknown,,,,,False,False,False,False,False,False,False
452,451,0x1C3,GL_GetProgramiv,,unknown,,,,,False,False,False,False,False,False,False
453,452,0x1C4,GL_GetProgramivRobustANGLE,,unknown,,,,,False,False,False,False,False,False,False
454,453,0x1C5,GL_GetQueryObjecti64vEXT,,unknown,,,,,False,False,False,False,False,False,False
455,454,0x1C6,GL_GetQueryObjecti64vRobustANGLE,,unknown,,,,,False,False,False,False,False,False,False
456,455,0x1C7,GL_GetQueryObjectivEXT,,unknown,,,,,False,False,False,False,False,False,False
457,456,0x1C8,GL_GetQueryObjectivRobustANGLE,,unknown,,,,,False,False,False,False,False,False,False
458,457,0x1C9,GL_GetQueryObjectui64vEXT,,unknown,,,,,False,False,False,False,False,False,False
459,458,0x1CA,GL_GetQueryObjectui64vRobustANGLE,,unknown,,,,,False,False,False,False,False,False,False
460,459,0x1CB,GL_GetQueryObjectuiv,,unknown,,,,,False,False,False,False,False,False,False
461,460,0x1CC,GL_GetQueryObjectuivEXT,,unknown,,,,,False,False,False,False,False,False,False
462,461,0x1CD,GL_GetQueryObjectuivRobustANGLE,,unknown,,,,,False,False,False,False,False,False,False
463,462,0x1CE,GL_GetQueryiv,,unknown,,,,,False,False,False,False,False,False,False
464,463,0x1CF,GL_GetQueryivEXT,,unknown,,,,,False,False,False,False,False,False,False
465,464,0x1D0,GL_GetQueryivRobustANGLE,,unknown,,,,,False,False,False,False,False,False,False
466,465,0x1D1,GL_GetRenderbufferImageANGLE,,unknown,,,,,False,False,False,False,False,False,False
467,466,0x1D2,GL_GetRenderbufferParameteriv,,unknown,,,,,False,False,False,False,False,False,False
468,467,0x1D3,GL_GetRenderbufferParameterivOES,,unknown,,,,,False,False,False,False,False,False,False
469,468,0x1D4,GL_GetRenderbufferParameterivRobustANGLE,,unknown,,,,,False,False,False,False,False,False,False
470,469,0x1D5,GL_GetSamplerParameterIiv,,unknown,,,,,False,False,False,False,False,False,False
471,470,0x1D6,GL_GetSamplerParameterIivEXT,,unknown,,,,,False,False,False,False,False,False,False
472,471,0x1D7,GL_GetSamplerParameterIivOES,,unknown,,,,,False,False,False,False,False,False,False
473,472,0x1D8,GL_GetSamplerParameterIivRobustANGLE,,unknown,,,,,False,False,False,False,False,False,False
474,473,0x1D9,GL_GetSamplerParameterIuiv,,unknown,,,,,False,False,False,False,False,False,False
475,474,0x1DA,GL_GetSamplerParameterIuivEXT,,unknown,,,,,False,False,False,False,False,False,False
476,475,0x1DB,GL_GetSamplerParameterIuivOES,,unknown,,,,,False,False,False,False,False,False,False
477,476,0x1DC,GL_GetSamplerParameterIuivRobustANGLE,,unknown,,,,,False,False,False,False,False,False,False
478,477,0x1DD,GL_GetSamplerParameterfv,,unknown,,,,,False,False,False,False,False,False,False
479,478,0x1DE,GL_GetSamplerParameterfvRobustANGLE,,unknown,,,,,False,False,False,False,False,False,False
480,479,0x1DF,GL_GetSamplerParameteriv,,unknown,,,,,False,False,False,False,False,False,False
481,480,0x1E0,GL_GetSamplerParameterivRobustANGLE,,unknown,,,,,False,False,False,False,False,False,False
482,481,0x1E1,GL_GetSemaphoreParameterui64vEXT,,unknown,,,,,False,False,False,False,False,False,False
483,482,0x1E2,GL_GetShaderInfoLog,,unknown,,,,,False,False,False,False,False,False,False
484,483,0x1E3,GL_GetShaderPrecisionFormat,,unknown,,,,,False,False,False,False,False,False,False
485,484,0x1E4,GL_GetShaderSource,,unknown,,,,,False,False,False,False,False,False,False
486,485,0x1E5,GL_GetShaderiv,,unknown,,,,,False,False,False,False,False,False,False
487,486,0x1E6,GL_GetShaderivRobustANGLE,,unknown,,,,,False,False,False,False,False,False,False
488,487,0x1E7,GL_GetString,,unknown,,,,,False,False,False,False,False,False,False
489,488,0x1E8,GL_GetStringi,,unknown,,,,,False,False,False,False,False,False,False
490,489,0x1E9,GL_GetSynciv,,unknown,,,,,False,False,False,False,False,False,False
491,490,0x1EA,GL_GetTexEnvfv,,unknown,,,,,False,False,False,False,False,False,False
492,491,0x1EB,GL_GetTexEnviv,,unknown,,,,,False,False,False,False,False,False,False
493,492,0x1EC,GL_GetTexEnvxv,,unknown,,,,,False,False,False,False,False,False,False
494,493,0x1ED,GL_GetTexGenfvOES,,unknown,,,,,False,False,False,False,False,False,False
495,494,0x1EE,GL_GetTexGenivOES,,unknown,,,,,False,False,False,False,False,False,False
496,495,0x1EF,GL_GetTexGenxvOES,,unknown,,,,,False,False,False,False,False,False,False
497,496,0x1F0,GL_GetTexImageANGLE,,unknown,,,,,False,False,False,False,False,False,False
498,497,0x1F1,GL_GetTexLevelParameterfv,,unknown,,,,,False,False,False,False,False,False,False
499,498,0x1F2,GL_GetTexLevelParameterfvANGLE,,unknown,,,,,False,False,False,False,False,False,False
500,499,0x1F3,GL_GetTexLevelParameterfvRobustANGLE,,unknown,,,,,False,False,False,False,False,False,False
501,500,0x1F4,GL_GetTexLevelParameteriv,,unknown,,,,,False,False,False,False,False,False,False
502,501,0x1F5,GL_GetTexLevelParameterivANGLE,,unknown,,,,,False,False,False,False,False,False,False
503,502,0x1F6,GL_GetTexLevelParameterivRobustANGLE,,unknown,,,,,False,False,False,False,False,False,False
504,503,0x1F7,GL_GetTexParameterIiv,,unknown,,,,,False,False,False,False,False,False,False
505,504,0x1F8,GL_GetTexParameterIivEXT,,unknown,,,,,False,False,False,False,False,False,False
506,505,0x1F9,GL_GetTexParameterIivOES,,unknown,,,,,False,False,False,False,False,False,False
507,506,0x1FA,GL_GetTexParameterIivRobustANGLE,,unknown,,,,,False,False,False,False,False,False,False
508,507,0x1FB,GL_GetTexParameterIuiv,,unknown,,,,,False,False,False,False,False,False,False
509,508,0x1FC,GL_GetTexParameterIuivEXT,,unknown,,,,,False,False,False,False,False,False,False
510,509,0x1FD,GL_GetTexParameterIuivOES,,unknown,,,,,False,False,False,False,False,False,False
511,510,0x1FE,GL_GetTexParameterIuivRobustANGLE,,unknown,,,,,False,False,False,False,False,False,False
512,511,0x1FF,GL_GetTexParameterfv,,unknown,,,,,False,False,False,False,False,False,False
513,512,0x200,GL_GetTexParameterfvRobustANGLE,,unknown,,,,,False,False,False,False,False,False,False
514,513,0x201,GL_GetTexParameteriv,,unknown,,,,,False,False,False,False,False,False,False
515,514,0x202,GL_GetTexParameterivRobustANGLE,,unknown,,,,,False,False,False,False,False,False,False
516,515,0x203,GL_GetTexParameterxv,,unknown,,,,,False,False,False,False,False,False,False
517,516,0x204,GL_GetTransformFeedbackVarying,,unknown,,,,,False,False,False,False,False,False,False
518,517,0x205,GL_GetTranslatedShaderSourceANGLE,,unknown,,,,,False,False,False,False,False,False,False
519,518,0x206,GL_GetUniformBlockIndex,,unknown,,,,,False,False,False,False,False,False,False
520,519,0x207,GL_GetUniformIndices,,unknown,,,,,False,False,False,False,False,False,False
521,520,0x208,GL_GetUniformLocation,,unknown,,,,,False,False,False,False,False,False,False
522,521,0x209,GL_GetUniformfv,,unknown,,,,,False,False,False,False,False,False,False
523,522,0x20A,GL_GetUniformfvRobustANGLE,,unknown,,,,,False,False,False,False,False,False,False
524,523,0x20B,GL_GetUniformiv,,unknown,,,,,False,False,False,False,False,False,False
525,524,0x20C,GL_GetUniformivRobustANGLE,,unknown,,,,,False,False,False,False,False,False,False
526,525,0x20D,GL_GetUniformuiv,,unknown,,,,,False,False,False,False,False,False,False
527,526,0x20E,GL_GetUniformuivRobustANGLE,,unknown,,,,,False,False,False,False,False,False,False
528,527,0x20F,GL_GetUnsignedBytei_vEXT,,unknown,,,,,False,False,False,False,False,False,False
529,528,0x210,GL_GetUnsignedBytevEXT,,unknown,,,,,False,False,False,False,False,False,False
530,529,0x211,GL_GetVertexAttribIiv,,unknown,,,,,False,False,False,False,False,False,False
531,530,0x212,GL_GetVertexAttribIivRobustANGLE,,unknown,,,,,False,False,False,False,False,False,False
532,531,0x213,GL_GetVertexAttribIuiv,,unknown,,,,,False,False,False,False,False,False,False
533,532,0x214,GL_GetVertexAttribIuivRobustANGLE,,unknown,,,,,False,False,False,False,False,False,False
534,533,0x215,GL_GetVertexAttribPointerv,,unknown,,,,,False,False,False,False,False,False,False
535,534,0x216,GL_GetVertexAttribPointervRobustANGLE,,unknown,,,,,False,False,False,False,False,False,False
536,535,0x217,GL_GetVertexAttribfv,,unknown,,,,,False,False,False,False,False,False,False
537,536,0x218,GL_GetVertexAttribfvRobustANGLE,,unknown,,,,,False,False,False,False,False,False,False
538,537,0x219,GL_GetVertexAttribiv,,unknown,,,,,False,False,False,False,False,False,False
539,538,0x21A,GL_GetVertexAttribivRobustANGLE,,unknown,,,,,False,False,False,False,False,False,False
540,539,0x21B,GL_GetnUniformfv,,unknown,,,,,False,False,False,False,False,False,False
541,540,0x21C,GL_GetnUniformfvEXT,,unknown,,,,,False,False,False,False,False,False,False
542,541,0x21D,GL_GetnUniformfvRobustANGLE,,unknown,,,,,False,False,False,False,False,False,False
543,542,0x21E,GL_GetnUniformiv,,unknown,,,,,False,False,False,False,False,False,False
544,543,0x21F,GL_GetnUniformivEXT,,unknown,,,,,False,False,False,False,False,False,False
545,544,0x220,GL_GetnUniformivRobustANGLE,,unknown,,,,,False,False,False,False,False,False,False
546,545,0x221,GL_GetnUniformuiv,,unknown,,,,,False,False,False,False,False,False,False
547,546,0x222,GL_GetnUniformuivRobustANGLE,,unknown,,,,,False,False,False,False,False,False,False
548,547,0x223,GL_Hint,,unknown,,,,,False,False,False,False,False,False,False
549,548,0x224,GL_ImportMemoryFdEXT,,unknown,,,,,False,False,False,False,False,False,False
550,549,0x225,GL_ImportMemoryZirconHandleANGLE,,unknown,,,,,False,False,False,False,False,False,False
551,550,0x226,GL_ImportSemaphoreFdEXT,,unknown,,,,,False,False,False,False,False,False,False
552,551,0x227,GL_ImportSemaphoreZirconHandleANGLE,,unknown,,,,,False,False,False,False,False,False,False
553,552,0x228,GL_InsertEventMarkerEXT,,unknown,,,,,False,False,False,False,False,False,False
554,553,0x229,GL_InvalidateFramebuffer,,unknown,,,,,False,False,False,False,False,False,False
555,554,0x22A,GL_InvalidateSubFramebuffer,,unknown,,,,,False,False,False,False,False,False,False
556,555,0x22B,GL_InvalidateTextureANGLE,,unknown,,,,,False,False,False,False,False,False,False
557,556,0x22C,GL_IsBuffer,,unknown,,,,,False,False,False,False,False,False,False
558,557,0x22D,GL_IsEnabled,,unknown,,,,,False,False,False,False,False,False,False
559,558,0x22E,GL_IsEnabledi,,unknown,,,,,False,False,False,False,False,False,False
560,559,0x22F,GL_IsEnablediEXT,,unknown,,,,,False,False,False,False,False,False,False
561,560,0x230,GL_IsEnablediOES,,unknown,,,,,False,False,False,False,False,False,False
562,561,0x231,GL_IsFenceNV,,unknown,,,,,False,False,False,False,False,False,False
563,562,0x232,GL_IsFramebuffer,,unknown,,,,,False,False,False,False,False,False,False
564,563,0x233,GL_IsFramebufferOES,,unknown,,,,,False,False,False,False,False,False,False
565,564,0x234,GL_IsMemoryObjectEXT,,unknown,,,,,False,False,False,False,False,False,False
566,565,0x235,GL_IsProgram,,unknown,,,,,False,False,False,False,False,False,False
567,566,0x236,GL_IsProgramPipeline,,unknown,,,,,False,False,False,False,False,False,False
568,567,0x237,GL_IsProgramPipelineEXT,,unknown,,,,,False,False,False,False,False,False,False
569,568,0x238,GL_IsQuery,,unknown,,,,,False,False,False,False,False,False,False
570,569,0x239,GL_IsQueryEXT,,unknown,,,,,False,False,False,False,False,False,False
571,570,0x23A,GL_IsRenderbuffer,,unknown,,,,,False,False,False,False,False,False,False
572,571,0x23B,GL_IsRenderbufferOES,,unknown,,,,,False,False,False,False,False,False,False
573,572,0x23C,GL_IsSampler,,unknown,,,,,False,False,False,False,False,False,False
574,573,0x23D,GL_IsSemaphoreEXT,,unknown,,,,,False,False,False,False,False,False,False
575,574,0x23E,GL_IsShader,,unknown,,,,,False,False,False,False,False,False,False
576,575,0x23F,GL_IsSync,,unknown,,,,,False,False,False,False,False,False,False
577,576,0x240,GL_IsTexture,,unknown,,,,,False,False,False,False,False,False,False
578,577,0x241,GL_IsTransformFeedback,,unknown,,,,,False,False,False,False,False,False,False
579,578,0x242,GL_IsVertexArray,,unknown,,,,,False,False,False,False,False,False,False
580,579,0x243,GL_IsVertexArrayOES,,unknown,,,,,False,False,False,False,False,False,False
581,580,0x244,GL_LabelObjectEXT,,unknown,,,,,False,False,False,False,False,False,False
582,581,0x245,GL_LightModelf,,unknown,,,,,False,False,False,False,False,False,False
583,582,0x246,GL_LightModelfv,,unknown,,,,,False,False,False,False,False,False,False
584,583,0x247,GL_LightModelx,,unknown,,,,,False,False,False,False,False,False,False
585,584,0x248,GL_LightModelxv,,unknown,,,,,False,False,False,False,False,False,False
586,585,0x249,GL_Lightf,,unknown,,,,,False,False,False,False,False,False,False
587,586,0x24A,GL_Lightfv,,unknown,,,,,False,False,False,False,False,False,False
588,587,0x24B,GL_Lightx,,unknown,,,,,False,False,False,False,False,False,False
589,588,0x24C,GL_Lightxv,,unknown,,,,,False,False,False,False,False,False,False
590,589,0x24D,GL_LineWidth,,unknown,,,,,False,False,False,False,False,False,False
591,590,0x24E,GL_LineWidthx,,unknown,,,,,False,False,False,False,False,False,False
592,591,0x24F,GL_LinkProgram,,unknown,,,,,False,False,False,False,False,False,False
593,592,0x250,GL_LoadIdentity,,unknown,,,,,False,False,False,False,False,False,False
594,593,0x251,GL_LoadMatrixf,,unknown,,,,,False,False,False,False,False,False,False
595,594,0x252,GL_LoadMatrixx,,unknown,,,,,False,False,False,False,False,False,False
596,595,0x253,GL_LoadPaletteFromModelViewMatrixOES,,unknown,,,,,False,False,False,False,False,False,False
597,596,0x254,GL_LogicOp,,unknown,,,,,False,False,False,False,False,False,False
598,597,0x255,GL_LoseContextCHROMIUM,,unknown,,,,,False,False,False,False,False,False,False
599,598,0x256,GL_MapBufferOES,,unknown,,,,,False,False,False,False,False,False,False
600,599,0x257,GL_MapBufferRange,,unknown,,,,,False,False,False,False,False,False,False
601,600,0x258,GL_MapBufferRangeEXT,,unknown,,,,,False,False,False,False,False,False,False
602,601,0x259,GL_Materialf,,unknown,,,,,False,False,False,False,False,False,False
603,602,0x25A,GL_Materialfv,,unknown,,,,,False,False,False,False,False,False,False
604,603,0x25B,GL_Materialx,,unknown,,,,,False,False,False,False,False,False,False
605,604,0x25C,GL_Materialxv,,unknown,,,,,False,False,False,False,False,False,False
606,605,0x25D,GL_MatrixIndexPointerOES,,unknown,,,,,False,False,False,False,False,False,False
607,606,0x25E,GL_MatrixMode,,unknown,,,,,False,False,False,False,False,False,False
608,607,0x25F,GL_MaxShaderCompilerThreadsKHR,,unknown,,,,,False,False,False,False,False,False,False
609,608,0x260,GL_MemoryBarrier,,unknown,,,,,False,False,False,False,False,False,False
610,609,0x261,GL_MemoryBarrierByRegion,,unknown,,,,,False,False,False,False,False,False,False
611,610,0x262,GL_MemoryObjectParameterivEXT,,unknown,,,,,False,False,False,False,False,False,False
612,611,0x263,GL_MinSampleShading,,unknown,,,,,False,False,False,False,False,False,False
613,612,0x264,GL_MinSampleShadingOES,,unknown,,,,,False,False,False,False,False,False,False
614,613,0x265,GL_MultMatrixf,,unknown,,,,,False,False,False,False,False,False,False
615,614,0x266,GL_MultMatrixx,,unknown,,,,,False,False,False,False,False,False,False
616,615,0x267,GL_MultiDrawArraysANGLE,,unknown,,,,,False,False,False,False,False,False,False
617,616,0x268,GL_MultiDrawArraysIndirectEXT,,unknown,,,,,False,False,False,False,False,False,False
618,617,0x269,GL_MultiDrawArraysInstancedANGLE,,unknown,,,,,False,False,False,False,False,False,False
619,618,0x26A,GL_MultiDrawArraysInstancedBaseInstanceANGLE,,unknown,,,,,False,False,False,False,False,False,False
620,619,0x26B,GL_MultiDrawElementsANGLE,,unknown,,,,,False,False,False,False,False,False,False
621,620,0x26C,GL_MultiDrawElementsBaseVertexEXT,,unknown,,,,,False,False,False,False,False,False,False
622,621,0x26D,GL_MultiDrawElementsIndirectEXT,,unknown,,,,,False,False,False,False,False,False,False
623,622,0x26E,GL_MultiDrawElementsInstancedANGLE,,unknown,,,,,False,False,False,False,False,False,False
624,623,0x26F,GL_MultiDrawElementsInstancedBaseVertexBaseInstanceANGLE,,unknown,,,,,False,False,False,False,False,False,False
625,624,0x270,GL_MultiTexCoord4f,,unknown,,,,,False,False,False,False,False,False,False
626,625,0x271,GL_MultiTexCoord4x,,unknown,,,,,False,False,False,False,False,False,False
627,626,0x272,GL_NamedBufferStorageExternalEXT,,unknown,,,,,False,False,False,False,False,False,False
628,627,0x273,GL_Normal3f,,unknown,,,,,False,False,False,False,False,False,False
629,628,0x274,GL_Normal3x,,unknown,,,,,False,False,False,False,False,False,False
630,629,0x275,GL_NormalPointer,,unknown,,,,,False,False,False,False,False,False,False
631,630,0x276,GL_ObjectLabel,,unknown,,,,,False,False,False,False,False,False,False
632,631,0x277,GL_ObjectLabelKHR,,unknown,,,,,False,False,False,False,False,False,False
633,632,0x278,GL_ObjectPtrLabel,,unknown,,,,,False,False,False,False,False,False,False
634,633,0x279,GL_ObjectPtrLabelKHR,,unknown,,,,,False,False,False,False,False,False,False
635,634,0x27A,GL_Orthof,,unknown,,,,,False,False,False,False,False,False,False
636,635,0x27B,GL_Orthox,,unknown,,,,,False,False,False,False,False,False,False
637,636,0x27C,GL_PatchParameteri,,unknown,,,,,False,False,False,False,False,False,False
638,637,0x27D,GL_PatchParameteriEXT,,unknown,,,,,False,False,False,False,False,False,False
639,638,0x27E,GL_PauseTransformFeedback,,unknown,,,,,False,False,False,False,False,False,False
640,639,0x27F,GL_PixelStorei,,unknown,,,,,False,False,False,False,False,False,False
641,640,0x280,GL_PointParameterf,,unknown,,,,,False,False,False,False,False,False,False
642,641,0x281,GL_PointParameterfv,,unknown,,,,,False,False,False,False,False,False,False
643,642,0x282,GL_PointParameterx,,unknown,,,,,False,False,False,False,False,False,False
644,643,0x283,GL_PointParameterxv,,unknown,,,,,False,False,False,False,False,False,False
645,644,0x284,GL_PointSize,,unknown,,,,,False,False,False,False,False,False,False
646,645,0x285,GL_PointSizePointerOES,,unknown,,,,,False,False,False,False,False,False,False
647,646,0x286,GL_PointSizex,,unknown,,,,,False,False,False,False,False,False,False
648,647,0x287,GL_PolygonOffset,,unknown,,,,,False,False,False,False,False,False,False
649,648,0x288,GL_PolygonOffsetx,,unknown,,,,,False,False,False,False,False,False,False
650,649,0x289,GL_PopDebugGroup,,unknown,,,,,False,False,False,False,False,False,False
651,650,0x28A,GL_PopDebugGroupKHR,,unknown,,,,,False,False,False,False,False,False,False
652,651,0x28B,GL_PopGroupMarkerEXT,,unknown,,,,,False,False,False,False,False,False,False
653,652,0x28C,GL_PopMatrix,,unknown,,,,,False,False,False,False,False,False,False
654,653,0x28D,GL_PrimitiveBoundingBox,,unknown,,,,,False,False,False,False,False,False,False
655,654,0x28E,GL_PrimitiveBoundingBoxEXT,,unknown,,,,,False,False,False,False,False,False,False
656,655,0x28F,GL_PrimitiveBoundingBoxOES,,unknown,,,,,False,False,False,False,False,False,False
657,656,0x290,GL_ProgramBinary,,unknown,,,,,False,False,False,False,False,False,False
658,657,0x291,GL_ProgramBinaryOES,,unknown,,,,,False,False,False,False,False,False,False
659,658,0x292,GL_ProgramParameteri,,unknown,,,,,False,False,False,False,False,False,False
660,659,0x293,GL_ProgramParameteriEXT,,unknown,,,,,False,False,False,False,False,False,False
661,660,0x294,GL_ProgramUniform1f,,unknown,,,,,False,False,False,False,False,False,False
662,661,0x295,GL_ProgramUniform1fEXT,,unknown,,,,,False,False,False,False,False,False,False
663,662,0x296,GL_ProgramUniform1fv,,unknown,,,,,False,False,False,False,False,False,False
664,663,0x297,GL_ProgramUniform1fvEXT,,unknown,,,,,False,False,False,False,False,False,False
665,664,0x298,GL_ProgramUniform1i,,unknown,,,,,False,False,False,False,False,False,False
666,665,0x299,GL_ProgramUniform1iEXT,,unknown,,,,,False,False,False,False,False,False,False
667,666,0x29A,GL_ProgramUniform1iv,,unknown,,,,,False,False,False,False,False,False,False
668,667,0x29B,GL_ProgramUniform1ivEXT,,unknown,,,,,False,False,False,False,False,False,False
669,668,0x29C,GL_ProgramUniform1ui,,unknown,,,,,False,False,False,False,False,False,False
670,669,0x29D,GL_ProgramUniform1uiEXT,,unknown,,,,,False,False,False,False,False,False,False
671,670,0x29E,GL_ProgramUniform1uiv,,unknown,,,,,False,False,False,False,False,False,False
672,671,0x29F,GL_ProgramUniform1uivEXT,,unknown,,,,,False,False,False,False,False,False,False
673,672,0x2A0,GL_ProgramUniform2f,,unknown,,,,,False,False,False,False,False,False,False
674,673,0x2A1,GL_ProgramUniform2fEXT,,unknown,,,,,False,False,False,False,False,False,False
675,674,0x2A2,GL_ProgramUniform2fv,,unknown,,,,,False,False,False,False,False,False,False
676,675,0x2A3,GL_ProgramUniform2fvEXT,,unknown,,,,,False,False,False,False,False,False,False
677,676,0x2A4,GL_ProgramUniform2i,,unknown,,,,,False,False,False,False,False,False,False
678,677,0x2A5,GL_ProgramUniform2iEXT,,unknown,,,,,False,False,False,False,False,False,False
679,678,0x2A6,GL_ProgramUniform2iv,,unknown,,,,,False,False,False,False,False,False,False
680,679,0x2A7,GL_ProgramUniform2ivEXT,,unknown,,,,,False,False,False,False,False,False,False
681,680,0x2A8,GL_ProgramUniform2ui,,unknown,,,,,False,False,False,False,False,False,False
682,681,0x2A9,GL_ProgramUniform2uiEXT,,unknown,,,,,False,False,False,False,False,False,False
683,682,0x2AA,GL_ProgramUniform2uiv,,unknown,,,,,False,False,False,False,False,False,False
684,683,0x2AB,GL_ProgramUniform2uivEXT,,unknown,,,,,False,False,False,False,False,False,False
685,684,0x2AC,GL_ProgramUniform3f,,unknown,,,,,False,False,False,False,False,False,False
686,685,0x2AD,GL_ProgramUniform3fEXT,,unknown,,,,,False,False,False,False,False,False,False
687,686,0x2AE,GL_ProgramUniform3fv,,unknown,,,,,False,False,False,False,False,False,False
688,687,0x2AF,GL_ProgramUniform3fvEXT,,unknown,,,,,False,False,False,False,False,False,False
689,688,0x2B0,GL_ProgramUniform3i,,unknown,,,,,False,False,False,False,False,False,False
690,689,0x2B1,GL_ProgramUniform3iEXT,,unknown,,,,,False,False,False,False,False,False,False
691,690,0x2B2,GL_ProgramUniform3iv,,unknown,,,,,False,False,False,False,False,False,False
692,691,0x2B3,GL_ProgramUniform3ivEXT,,unknown,,,,,False,False,False,False,False,False,False
693,692,0x2B4,GL_ProgramUniform3ui,,unknown,,,,,False,False,False,False,False,False,False
694,693,0x2B5,GL_ProgramUniform3uiEXT,,unknown,,,,,False,False,False,False,False,False,False
695,694,0x2B6,GL_ProgramUniform3uiv,,unknown,,,,,False,False,False,False,False,False,False
696,695,0x2B7,GL_ProgramUniform3uivEXT,,unknown,,,,,False,False,False,False,False,False,False
697,696,0x2B8,GL_ProgramUniform4f,,unknown,,,,,False,False,False,False,False,False,False
698,697,0x2B9,GL_ProgramUniform4fEXT,,unknown,,,,,False,False,False,False,False,False,False
699,698,0x2BA,GL_ProgramUniform4fv,,unknown,,,,,False,False,False,False,False,False,False
700,699,0x2BB,GL_ProgramUniform4fvEXT,,unknown,,,,,False,False,False,False,False,False,False
701,700,0x2BC,GL_ProgramUniform4i,,unknown,,,,,False,False,False,False,False,False,False
702,701,0x2BD,GL_ProgramUniform4iEXT,,unknown,,,,,False,False,False,False,False,False,False
703,702,0x2BE,GL_ProgramUniform4iv,,unknown,,,,,False,False,False,False,False,False,False
704,703,0x2BF,GL_ProgramUniform4ivEXT,,unknown,,,,,False,False,False,False,False,False,False
705,704,0x2C0,GL_ProgramUniform4ui,,unknown,,,,,False,False,False,False,False,False,False
706,705,0x2C1,GL_ProgramUniform4uiEXT,,unknown,,,,,False,False,False,False,False,False,False
707,706,0x2C2,GL_ProgramUniform4uiv,,unknown,,,,,False,False,False,False,False,False,False
708,707,0x2C3,GL_ProgramUniform4uivEXT,,unknown,,,,,False,False,False,False,False,False,False
709,708,0x2C4,GL_ProgramUniformMatrix2fv,,unknown,,,,,False,False,False,False,False,False,False
710,709,0x2C5,GL_ProgramUniformMatrix2fvEXT,,unknown,,,,,False,False,False,False,False,False,False
711,710,0x2C6,GL_ProgramUniformMatrix2x3fv,,unknown,,,,,False,False,False,False,False,False,False
712,711,0x2C7,GL_ProgramUniformMatrix2x3fvEXT,,unknown,,,,,False,False,False,False,False,False,False
713,712,0x2C8,GL_ProgramUniformMatrix2x4fv,,unknown,,,,,False,False,False,False,False,False,False
714,713,0x2C9,GL_ProgramUniformMatrix2x4fvEXT,,unknown,,,,,False,False,False,False,False,False,False
715,714,0x2CA,GL_ProgramUniformMatrix3fv,,unknown,,,,,False,False,False,False,False,False,False
716,715,0x2CB,GL_ProgramUniformMatrix3fvEXT,,unknown,,,,,False,False,False,False,False,False,False
717,716,0x2CC,GL_ProgramUniformMatrix3x2fv,,unknown,,,,,False,False,False,False,False,False,False
718,717,0x2CD,GL_ProgramUniformMatrix3x2fvEXT,,unknown,,,,,False,False,False,False,False,False,False
719,718,0x2CE,GL_ProgramUniformMatrix3x4fv,,unknown,,,,,False,False,False,False,False,False,False
720,719,0x2CF,GL_ProgramUniformMatrix3x4fvEXT,,unknown,,,,,False,False,False,False,False,False,False
721,720,0x2D0,GL_ProgramUniformMatrix4fv,,unknown,,,,,False,False,False,False,False,False,False
722,721,0x2D1,GL_ProgramUniformMatrix4fvEXT,,unknown,,,,,False,False,False,False,False,False,False
723,722,0x2D2,GL_ProgramUniformMatrix4x2fv,,unknown,,,,,False,False,False,False,False,False,False
724,723,0x2D3,GL_ProgramUniformMatrix4x2fvEXT,,unknown,,,,,False,False,False,False,False,False,False
725,724,0x2D4,GL_ProgramUniformMatrix4x3fv,,unknown,,,,,False,False,False,False,False,False,False
726,725,0x2D5,GL_ProgramUniformMatrix4x3fvEXT,,unknown,,,,,False,False,False,False,False,False,False
727,726,0x2D6,GL_ProvokingVertexANGLE,,unknown,,,,,False,False,False,False,False,False,False
728,727,0x2D7,GL_PushDebugGroup,,unknown,,,,,False,False,False,False,False,False,False
729,728,0x2D8,GL_PushDebugGroupKHR,,unknown,,,,,False,False,False,False,False,False,False
730,729,0x2D9,GL_PushGroupMarkerEXT,,unknown,,,,,False,False,False,False,False,False,False
731,730,0x2DA,GL_PushMatrix,,unknown,,,,,False,False,False,False,False,False,False
732,731,0x2DB,GL_QueryCounterEXT,,unknown,,,,,False,False,False,False,False,False,False
733,732,0x2DC,GL_QueryMatrixxOES,,unknown,,,,,False,False,False,False,False,False,False
734,733,0x2DD,GL_ReadBuffer,,unknown,,,,,False,False,False,False,False,False,False
735,734,0x2DE,GL_ReadPixels,,unknown,,,,,False,False,False,False,False,False,False
736,735,0x2DF,GL_ReadPixelsRobustANGLE,,unknown,,,,,False,False,False,False,False,False,False
737,736,0x2E0,GL_ReadnPixels,,unknown,,,,,False,False,False,False,False,False,False
738,737,0x2E1,GL_ReadnPixelsEXT,,unknown,,,,,False,False,False,False,False,False,False
739,738,0x2E2,GL_ReadnPixelsRobustANGLE,,unknown,,,,,False,False,False,False,False,False,False
740,739,0x2E3,GL_ReleaseShaderCompiler,,unknown,,,,,False,False,False,False,False,False,False
741,740,0x2E4,GL_ReleaseTexturesANGLE,,unknown,,,,,False,False,False,False,False,False,False
742,741,0x2E5,GL_RenderbufferStorage,,unknown,,,,,False,False,False,False,False,False,False
743,742,0x2E6,GL_RenderbufferStorageMultisample,,unknown,,,,,False,False,False,False,False,False,False
744,743,0x2E7,GL_RenderbufferStorageMultisampleANGLE,,unknown,,,,,False,False,False,False,False,False,False
745,744,0x2E8,GL_RenderbufferStorageMultisampleEXT,,unknown,,,,,False,False,False,False,False,False,False
746,745,0x2E9,GL_RenderbufferStorageOES,,unknown,,,,,False,False,False,False,False,False,False
747,746,0x2EA,GL_RequestExtensionANGLE,,unknown,,,,,False,False,False,False,False,False,False
748,747,0x2EB,GL_ResumeTransformFeedback,,unknown,,,,,False,False,False,False,False,False,False
749,748,0x2EC,GL_Rotatef,,unknown,,,,,False,False,False,False,False,False,False
750,749,0x2ED,GL_Rotatex,,unknown,,,,,False,False,False,False,False,False,False
751,750,0x2EE,GL_SampleCoverage,,unknown,,,,,False,False,False,False,False,False,False
752,751,0x2EF,GL_SampleCoveragex,,unknown,,,,,False,False,False,False,False,False,False
753,752,0x2F0,GL_SampleMaski,,unknown,,,,,False,False,False,False,False,False,False
754,753,0x2F1,GL_SampleMaskiANGLE,,unknown,,,,,False,False,False,False,False,False,False
755,754,0x2F2,GL_SamplerParameterIiv,,unknown,,,,,False,False,False,False,False,False,False
756,755,0x2F3,GL_SamplerParameterIivEXT,,unknown,,,,,False,False,False,False,False,False,False
757,756,0x2F4,GL_SamplerParameterIivOES,,unknown,,,,,False,False,False,False,False,False,False
758,757,0x2F5,GL_SamplerParameterIivRobustANGLE,,unknown,,,,,False,False,False,False,False,False,False
759,758,0x2F6,GL_SamplerParameterIuiv,,unknown,,,,,False,False,False,False,False,False,False
760,759,0x2F7,GL_SamplerParameterIuivEXT,,unknown,,,,,False,False,False,False,False,False,False
761,760,0x2F8,GL_SamplerParameterIuivOES,,unknown,,,,,False,False,False,False,False,False,False
762,761,0x2F9,GL_SamplerParameterIuivRobustANGLE,,unknown,,,,,False,False,False,False,False,False,False
763,762,0x2FA,GL_SamplerParameterf,,unknown,,,,,False,False,False,False,False,False,False
764,763,0x2FB,GL_SamplerParameterfv,,unknown,,,,,False,False,False,False,False,False,False
765,764,0x2FC,GL_SamplerParameterfvRobustANGLE,,unknown,,,,,False,False,False,False,False,False,False
766,765,0x2FD,GL_SamplerParameteri,,unknown,,,,,False,False,False,False,False,False,False
767,766,0x2FE,GL_SamplerParameteriv,,unknown,,,,,False,False,False,False,False,False,False
768,767,0x2FF,GL_SamplerParameterivRobustANGLE,,unknown,,,,,False,False,False,False,False,False,False
769,768,0x300,GL_Scalef,,unknown,,,,,False,False,False,False,False,False,False
770,769,0x301,GL_Scalex,,unknown,,,,,False,False,False,False,False,False,False
771,770,0x302,GL_Scissor,,unknown,,,,,False,False,False,False,False,False,False
772,771,0x303,GL_SelectPerfMonitorCountersAMD,,unknown,,,,,False,False,False,False,False,False,False
773,772,0x304,GL_SemaphoreParameterui64vEXT,,unknown,,,,,False,False,False,False,False,False,False
774,773,0x305,GL_SetFenceNV,,unknown,,,,,False,False,False,False,False,False,False
775,774,0x306,GL_ShadeModel,,unknown,,,,,False,False,False,False,False,False,False
776,775,0x307,GL_ShaderBinary,,unknown,,,,,False,False,False,False,False,False,False
777,776,0x308,GL_ShaderSource,,unknown,,,,,False,False,False,False,False,False,False
778,777,0x309,GL_ShadingRateQCOM,,unknown,,,,,False,False,False,False,False,False,False
779,778,0x30A,GL_SignalSemaphoreEXT,,unknown,,,,,False,False,False,False,False,False,False
780,779,0x30B,GL_StencilFunc,,unknown,,,,,False,False,False,False,False,False,False
781,780,0x30C,GL_StencilFuncSeparate,,unknown,,,,,False,False,False,False,False,False,False
782,781,0x30D,GL_StencilMask,,unknown,,,,,False,False,False,False,False,False,False
783,782,0x30E,GL_StencilMaskSeparate,,unknown,,,,,False,False,False,False,False,False,False
784,783,0x30F,GL_StencilOp,,unknown,,,,,False,False,False,False,False,False,False
785,784,0x310,GL_StencilOpSeparate,,unknown,,,,,False,False,False,False,False,False,False
786,785,0x311,GL_TestFenceNV,,unknown,,,,,False,False,False,False,False,False,False
787,786,0x312,GL_TexBuffer,,unknown,,,,,False,False,False,False,False,False,False
788,787,0x313,GL_TexBufferEXT,,unknown,,,,,False,False,False,False,False,False,False
789,788,0x314,GL_TexBufferOES,,unknown,,,,,False,False,False,False,False,False,False
790,789,0x315,GL_TexBufferRange,,unknown,,,,,False,False,False,False,False,False,False
791,790,0x316,GL_TexBufferRangeEXT,,unknown,,,,,False,False,False,False,False,False,False
792,791,0x317,GL_TexBufferRangeOES,,unknown,,,,,False,False,False,False,False,False,False
793,792,0x318,GL_TexCoordPointer,,unknown,,,,,False,False,False,False,False,False,False
794,793,0x319,GL_TexEnvf,,unknown,,,,,False,False,False,False,False,False,False
795,794,0x31A,GL_TexEnvfv,,unknown,,,,,False,False,False,False,False,False,False
796,795,0x31B,GL_TexEnvi,,unknown,,,,,False,False,False,False,False,False,False
797,796,0x31C,GL_TexEnviv,,unknown,,,,,False,False,False,False,False,False,False
798,797,0x31D,GL_TexEnvx,,unknown,,,,,False,False,False,False,False,False,False
799,798,0x31E,GL_TexEnvxv,,unknown,,,,,False,False,False,False,False,False,False
800,799,0x31F,GL_TexGenfOES,,unknown,,,,,False,False,False,False,False,False,False
801,800,0x320,GL_TexGenfvOES,,unknown,,,,,False,False,False,False,False,False,False
802,801,0x321,GL_TexGeniOES,,unknown,,,,,False,False,False,False,False,False,False
803,802,0x322,GL_TexGenivOES,,unknown,,,,,False,False,False,False,False,False,False
804,803,0x323,GL_TexGenxOES,,unknown,,,,,False,False,False,False,False,False,False
805,804,0x324,GL_TexGenxvOES,,unknown,,,,,False,False,False,False,False,False,False
806,805,0x325,GL_TexImage2D,,unknown,,,,,False,False,False,False,False,False,False
807,806,0x326,GL_TexImage2DExternalANGLE,,unknown,,,,,False,False,False,False,False,False,False
808,807,0x327,GL_TexImage2DRobustANGLE,,unknown,,,,,False,False,False,False,False,False,False
809,808,0x328,GL_TexImage3D,,unknown,,,,,False,False,False,False,False,False,False
810,809,0x329,GL_TexImage3DOES,,unknown,,,,,False,False,False,False,False,False,False
811,810,0x32A,GL_TexImage3DRobustANGLE,,unknown,,,,,False,False,False,False,False,False,False
812,811,0x32B,GL_TexParameterIiv,,unknown,,,,,False,False,False,False,False,False,False
813,812,0x32C,GL_TexParameterIivEXT,,unknown,,,,,False,False,False,False,False,False,False
814,813,0x32D,GL_TexParameterIivOES,,unknown,,,,,False,False,False,False,False,False,False
815,814,0x32E,GL_TexParameterIivRobustANGLE,,unknown,,,,,False,False,False,False,False,False,False
816,815,0x32F,GL_TexParameterIuiv,,unknown,,,,,False,False,False,False,False,False,False
817,816,0x330,GL_TexParameterIuivEXT,,unknown,,,,,False,False,False,False,False,False,False
818,817,0x331,GL_TexParameterIuivOES,,unknown,,,,,False,False,False,False,False,False,False
819,818,0x332,GL_TexParameterIuivRobustANGLE,,unknown,,,,,False,False,False,False,False,False,False
820,819,0x333,GL_TexParameterf,,unknown,,,,,False,False,False,False,False,False,False
821,820,0x334,GL_TexParameterfv,,unknown,,,,,False,False,False,False,False,False,False
822,821,0x335,GL_TexParameterfvRobustANGLE,,unknown,,,,,False,False,False,False,False,False,False
823,822,0x336,GL_TexParameteri,,unknown,,,,,False,False,False,False,False,False,False
824,823,0x337,GL_TexParameteriv,,unknown,,,,,False,False,False,False,False,False,False
825,824,0x338,GL_TexParameterivRobustANGLE,,unknown,,,,,False,False,False,False,False,False,False
826,825,0x339,GL_TexParameterx,,unknown,,,,,False,False,False,False,False,False,False
827,826,0x33A,GL_TexParameterxv,,unknown,,,,,False,False,False,False,False,False,False
828,827,0x33B,GL_TexStorage1DEXT,,unknown,,,,,False,False,False,False,False,False,False
829,828,0x33C,GL_TexStorage2D,,unknown,,,,,False,False,False,False,False,False,False
830,829,0x33D,GL_TexStorage2DEXT,,unknown,,,,,False,False,False,False,False,False,False
831,830,0x33E,GL_TexStorage2DMultisample,,unknown,,,,,False,False,False,False,False,False,False
832,831,0x33F,GL_TexStorage2DMultisampleANGLE,,unknown,,,,,False,False,False,False,False,False,False
833,832,0x340,GL_TexStorage3D,,unknown,,,,,False,False,False,False,False,False,False
834,833,0x341,GL_TexStorage3DEXT,,unknown,,,,,False,False,False,False,False,False,False
835,834,0x342,GL_TexStorage3DMultisample,,unknown,,,,,False,False,False,False,False,False,False
836,835,0x343,GL_TexStorage3DMultisampleOES,,unknown,,,,,False,False,False,False,False,False,False
837,836,0x344,GL_TexStorageMem2DEXT,,unknown,,,,,False,False,False,False,False,False,False
838,837,0x345,GL_TexStorageMem2DMultisampleEXT,,unknown,,,,,False,False,False,False,False,False,False
839,838,0x346,GL_TexStorageMem3DEXT,,unknown,,,,,False,False,False,False,False,False,False
840,839,0x347,GL_TexStorageMem3DMultisampleEXT,,unknown,,,,,False,False,False,False,False,False,False
841,840,0x348,GL_TexStorageMemFlags2DANGLE,,unknown,,,,,False,False,False,False,False,False,False
842,841,0x349,GL_TexStorageMemFlags2DMultisampleANGLE,,unknown,,,,,False,False,False,False,False,False,False
843,842,0x34A,GL_TexStorageMemFlags3DANGLE,,unknown,,,,,False,False,False,False,False,False,False
844,843,0x34B,GL_TexStorageMemFlags3DMultisampleANGLE,,unknown,,,,,False,False,False,False,False,False,False
845,844,0x34C,GL_TexSubImage2D,,unknown,,,,,False,False,False,False,False,False,False
846,845,0x34D,GL_TexSubImage2DRobustANGLE,,unknown,,,,,False,False,False,False,False,False,False
847,846,0x34E,GL_TexSubImage3D,,unknown,,,,,False,False,False,False,False,False,False
848,847,0x34F,GL_TexSubImage3DOES,,unknown,,,,,False,False,False,False,False,False,False
849,848,0x350,GL_TexSubImage3DRobustANGLE,,unknown,,,,,False,False,False,False,False,False,False
850,849,0x351,GL_TransformFeedbackVaryings,,unknown,,,,,False,False,False,False,False,False,False
851,850,0x352,GL_Translatef,,unknown,,,,,False,False,False,False,False,False,False
852,851,0x353,GL_Translatex,,unknown,,,,,False,False,False,False,False,False,False
853,852,0x354,GL_Uniform1f,,unknown,,,,,False,False,False,False,False,False,False
854,853,0x355,GL_Uniform1fv,,unknown,,,,,False,False,False,False,False,False,False
855,854,0x356,GL_Uniform1i,,unknown,,,,,False,False,False,False,False,False,False
856,855,0x357,GL_Uniform1iv,,unknown,,,,,False,False,False,False,False,False,False
857,856,0x358,GL_Uniform1ui,,unknown,,,,,False,False,False,False,False,False,False
858,857,0x359,GL_Uniform1uiv,,unknown,,,,,False,False,False,False,False,False,False
859,858,0x35A,GL_Uniform2f,,unknown,,,,,False,False,False,False,False,False,False
860,859,0x35B,GL_Uniform2fv,,unknown,,,,,False,False,False,False,False,False,False
861,860,0x35C,GL_Uniform2i,,unknown,,,,,False,False,False,False,False,False,False
862,861,0x35D,GL_Uniform2iv,,unknown,,,,,False,False,False,False,False,False,False
863,862,0x35E,GL_Uniform2ui,,unknown,,,,,False,False,False,False,False,False,False
864,863,0x35F,GL_Uniform2uiv,,unknown,,,,,False,False,False,False,False,False,False
865,864,0x360,GL_Uniform3f,,unknown,,,,,False,False,False,False,False,False,False
866,865,0x361,GL_Uniform3fv,,unknown,,,,,False,False,False,False,False,False,False
867,866,0x362,GL_Uniform3i,,unknown,,,,,False,False,False,False,False,False,False
868,867,0x363,GL_Uniform3iv,,unknown,,,,,False,False,False,False,False,False,False
869,868,0x364,GL_Uniform3ui,,unknown,,,,,False,False,False,False,False,False,False
870,869,0x365,GL_Uniform3uiv,,unknown,,,,,False,False,False,False,False,False,False
871,870,0x366,GL_Uniform4f,,unknown,,,,,False,False,False,False,False,False,False
872,871,0x367,GL_Uniform4fv,,unknown,,,,,False,False,False,False,False,False,False
873,872,0x368,GL_Uniform4i,,unknown,,,,,False,False,False,False,False,False,False
874,873,0x369,GL_Uniform4iv,,unknown,,,,,False,False,False,False,False,False,False
875,874,0x36A,GL_Uniform4ui,,unknown,,,,,False,False,False,False,False,False,False
876,875,0x36B,GL_Uniform4uiv,,unknown,,,,,False,False,False,False,False,False,False
877,876,0x36C,GL_UniformBlockBinding,,unknown,,,,,False,False,False,False,False,False,False
878,877,0x36D,GL_UniformMatrix2fv,,unknown,,,,,False,False,False,False,False,False,False
879,878,0x36E,GL_UniformMatrix2x3fv,,unknown,,,,,False,False,False,False,False,False,False
880,879,0x36F,GL_UniformMatrix2x4fv,,unknown,,,,,False,False,False,False,False,False,False
881,880,0x370,GL_UniformMatrix3fv,,unknown,,,,,False,False,False,False,False,False,False
882,881,0x371,GL_UniformMatrix3x2fv,,unknown,,,,,False,False,False,False,False,False,False
883,882,0x372,GL_UniformMatrix3x4fv,,unknown,,,,,False,False,False,False,False,False,False
884,883,0x373,GL_UniformMatrix4fv,,unknown,,,,,False,False,False,False,False,False,False
885,884,0x374,GL_UniformMatrix4x2fv,,unknown,,,,,False,False,False,False,False,False,False
886,885,0x375,GL_UniformMatrix4x3fv,,unknown,,,,,False,False,False,False,False,False,False
887,886,0x376,GL_UnmapBuffer,,unknown,,,,,False,False,False,False,False,False,False
888,887,0x377,GL_UnmapBufferOES,,unknown,,,,,False,False,False,False,False,False,False
889,888,0x378,GL_UseProgram,,unknown,,,,,False,False,False,False,False,False,False
890,889,0x379,GL_UseProgramStages,,unknown,,,,,False,False,False,False,False,False,False
891,890,0x37A,GL_UseProgramStagesEXT,,unknown,,,,,False,False,False,False,False,False,False
892,891,0x37B,GL_ValidateProgram,,unknown,,,,,False,False,False,False,False,False,False
893,892,0x37C,GL_ValidateProgramPipeline,,unknown,,,,,False,False,False,False,False,False,False
894,893,0x37D,GL_ValidateProgramPipelineEXT,,unknown,,,,,False,False,False,False,False,False,False
895,894,0x37E,GL_VertexAttrib1f,,unknown,,,,,False,False,False,False,False,False,False
896,895,0x37F,GL_VertexAttrib1fv,,unknown,,,,,False,False,False,False,False,False,False
897,896,0x380,GL_VertexAttrib2f,,unknown,,,,,False,False,False,False,False,False,False
898,897,0x381,GL_VertexAttrib2fv,,unknown,,,,,False,False,False,False,False,False,False
899,898,0x382,GL_VertexAttrib3f,,unknown,,,,,False,False,False,False,False,False,False
900,899,0x383,GL_VertexAttrib3fv,,unknown,,,,,False,False,False,False,False,False,False
901,900,0x384,GL_VertexAttrib4f,,unknown,,,,,False,False,False,False,False,False,False
902,901,0x385,GL_VertexAttrib4fv,,unknown,,,,,False,False,False,False,False,False,False
903,902,0x386,GL_VertexAttribBinding,,unknown,,,,,False,False,False,False,False,False,False
904,903,0x387,GL_VertexAttribDivisor,,unknown,,,,,False,False,False,False,False,False,False
905,904,0x388,GL_VertexAttribDivisorANGLE,,unknown,,,,,False,False,False,False,False,False,False
906,905,0x389,GL_VertexAttribDivisorEXT,,unknown,,,,,False,False,False,False,False,False,False
907,906,0x38A,GL_VertexAttribFormat,,unknown,,,,,False,False,False,False,False,False,False
908,907,0x38B,GL_VertexAttribI4i,,unknown,,,,,False,False,False,False,False,False,False
909,908,0x38C,GL_VertexAttribI4iv,,unknown,,,,,False,False,False,False,False,False,False
910,909,0x38D,GL_VertexAttribI4ui,,unknown,,,,,False,False,False,False,False,False,False
911,910,0x38E,GL_VertexAttribI4uiv,,unknown,,,,,False,False,False,False,False,False,False
912,911,0x38F,GL_VertexAttribIFormat,,unknown,,,,,False,False,False,False,False,False,False
913,912,0x390,GL_VertexAttribIPointer,,unknown,,,,,False,False,False,False,False,False,False
914,913,0x391,GL_VertexAttribPointer,,unknown,,,,,False,False,False,False,False,False,False
915,914,0x392,GL_VertexBindingDivisor,,unknown,,,,,False,False,False,False,False,False,False
916,915,0x393,GL_VertexPointer,,unknown,,,,,False,False,False,False,False,False,False
917,916,0x394,GL_Viewport,,unknown,,,,,False,False,False,False,False,False,False
918,917,0x395,GL_WaitSemaphoreEXT,,unknown,,,,,False,False,False,False,False,False,False
919,918,0x396,GL_WaitSync,,unknown,,,,,False,False,False,False,False,False,False
920,919,0x397,GL_WeightPointerOES,,unknown,,,,,False,False,False,False,False,False,False
921,920,0x398,glAcquireTexturesANGLE,,unknown,,,,,False,False,False,False,False,False,False
922,921,0x399,glActiveShaderProgram,,unknown,,,,,False,False,False,False,False,False,False
923,922,0x39A,glActiveShaderProgramEXT,,unknown,,,,,False,False,False,False,False,False,False
924,923,0x39B,glActiveTexture,,unknown,,,,,False,False,False,False,False,False,False
925,924,0x39C,glAlphaFunc,,unknown,,,,,False,False,False,False,False,False,False
926,925,0x39D,glAlphaFuncx,,unknown,,,,,False,False,False,False,False,False,False
927,926,0x39E,glAttachShader,,unknown,,,,,False,False,False,False,False,False,False
928,927,0x39F,glBeginPerfMonitorAMD,,unknown,,,,,False,False,False,False,False,False,False
929,928,0x3A0,glBeginQuery,,unknown,,,,,False,False,False,False,False,False,False
930,929,0x3A1,glBeginQueryEXT,,unknown,,,,,False,False,False,False,False,False,False
931,930,0x3A2,glBeginTransformFeedback,,unknown,,,,,False,False,False,False,False,False,False
932,931,0x3A3,glBindAttribLocation,,unknown,,,,,False,False,False,False,False,False,False
933,932,0x3A4,glBindBuffer,,unknown,,,,,False,False,False,False,False,False,False
934,933,0x3A5,glBindBufferBase,,unknown,,,,,False,False,False,False,False,False,False
935,934,0x3A6,glBindBufferRange,,unknown,,,,,False,False,False,False,False,False,False
936,935,0x3A7,glBindFragDataLocationEXT,,unknown,,,,,False,False,False,False,False,False,False
937,936,0x3A8,glBindFragDataLocationIndexedEXT,,unknown,,,,,False,False,False,False,False,False,False
938,937,0x3A9,glBindFramebuffer,,unknown,,,,,False,False,False,False,False,False,False
939,938,0x3AA,glBindFramebufferOES,,unknown,,,,,False,False,False,False,False,False,False
940,939,0x3AB,glBindImageTexture,,unknown,,,,,False,False,False,False,False,False,False
941,940,0x3AC,glBindProgramPipeline,,unknown,,,,,False,False,False,False,False,False,False
942,941,0x3AD,glBindProgramPipelineEXT,,unknown,,,,,False,False,False,False,False,False,False
943,942,0x3AE,glBindRenderbuffer,,unknown,,,,,False,False,False,False,False,False,False
944,943,0x3AF,glBindRenderbufferOES,,unknown,,,,,False,False,False,False,False,False,False
945,944,0x3B0,glBindSampler,,unknown,,,,,False,False,False,False,False,False,False
946,945,0x3B1,glBindTexture,,unknown,,,,,False,False,False,False,False,False,False
947,946,0x3B2,glBindTransformFeedback,,unknown,,,,,False,False,False,False,False,False,False
948,947,0x3B3,glBindUniformLocationCHROMIUM,,unknown,,,,,False,False,False,False,False,False,False
949,948,0x3B4,glBindVertexArray,,unknown,,,,,False,False,False,False,False,False,False
950,949,0x3B5,glBindVertexArrayOES,,unknown,,,,,False,False,False,False,False,False,False
951,950,0x3B6,glBindVertexBuffer,,unknown,,,,,False,False,False,False,False,False,False
952,951,0x3B7,glBlendBarrier,,unknown,,,,,False,False,False,False,False,False,False
953,952,0x3B8,glBlendBarrierKHR,,unknown,,,,,False,False,False,False,False,False,False
954,953,0x3B9,glBlendColor,,unknown,,,,,False,False,False,False,False,False,False
955,954,0x3BA,glBlendEquation,,unknown,,,,,False,False,False,False,False,False,False
956,955,0x3BB,glBlendEquationSeparate,,unknown,,,,,False,False,False,False,False,False,False
957,956,0x3BC,glBlendEquationSeparatei,,unknown,,,,,False,False,False,False,False,False,False
958,957,0x3BD,glBlendEquationSeparateiEXT,,unknown,,,,,False,False,False,False,False,False,False
959,958,0x3BE,glBlendEquationSeparateiOES,,unknown,,,,,False,False,False,False,False,False,False
960,959,0x3BF,glBlendEquationi,,unknown,,,,,False,False,False,False,False,False,False
961,960,0x3C0,glBlendEquationiEXT,,unknown,,,,,False,False,False,False,False,False,False
962,961,0x3C1,glBlendEquationiOES,,unknown,,,,,False,False,False,False,False,False,False
963,962,0x3C2,glBlendFunc,,unknown,,,,,False,False,False,False,False,False,False
964,963,0x3C3,glBlendFuncSeparate,,unknown,,,,,False,False,False,False,False,False,False
965,964,0x3C4,glBlendFuncSeparatei,,unknown,,,,,False,False,False,False,False,False,False
966,965,0x3C5,glBlendFuncSeparateiEXT,,unknown,,,,,False,False,False,False,False,False,False
967,966,0x3C6,glBlendFuncSeparateiOES,,unknown,,,,,False,False,False,False,False,False,False
968,967,0x3C7,glBlendFunci,,unknown,,,,,False,False,False,False,False,False,False
969,968,0x3C8,glBlendFunciEXT,,unknown,,,,,False,False,False,False,False,False,False
970,969,0x3C9,glBlendFunciOES,,unknown,,,,,False,False,False,False,False,False,False
971,970,0x3CA,glBlitFramebuffer,,unknown,,,,,False,False,False,False,False,False,False
972,971,0x3CB,glBlitFramebufferANGLE,,unknown,,,,,False,False,False,False,False,False,False
973,972,0x3CC,glBlitFramebufferNV,,unknown,,,,,False,False,False,False,False,False,False
974,973,0x3CD,glBufferData,,unknown,,,,,False,False,False,False,False,False,False
975,974,0x3CE,glBufferStorageEXT,,unknown,,,,,False,False,False,False,False,False,False
976,975,0x3CF,glBufferStorageExternalEXT,,unknown,,,,,False,False,False,False,False,False,False
977,976,0x3D0,glBufferStorageMemEXT,,unknown,,,,,False,False,False,False,False,False,False
978,977,0x3D1,glBufferSubData,,unknown,,,,,False,False,False,False,False,False,False
979,978,0x3D2,glCheckFramebufferStatus,,unknown,,,,,False,False,False,False,False,False,False
980,979,0x3D3,glCheckFramebufferStatusOES,,unknown,,,,,False,False,False,False,False,False,False
981,980,0x3D4,glClear,,unknown,,,,,False,False,False,False,False,False,False
982,981,0x3D5,glClearBufferfi,,unknown,,,,,False,False,False,False,False,False,False
983,982,0x3D6,glClearBufferfv,,unknown,,,,,False,False,False,False,False,False,False
984,983,0x3D7,glClearBufferiv,,unknown,,,,,False,False,False,False,False,False,False
985,984,0x3D8,glClearBufferuiv,,unknown,,,,,False,False,False,False,False,False,False
986,985,0x3D9,glClearColor,,unknown,,,,,False,False,False,False,False,False,False
987,986,0x3DA,glClearColorx,,unknown,,,,,False,False,False,False,False,False,False
988,987,0x3DB,glClearDepthf,,unknown,,,,,False,False,False,False,False,False,False
989,988,0x3DC,glClearDepthx,,unknown,,,,,False,False,False,False,False,False,False
990,989,0x3DD,glClearStencil,,unknown,,,,,False,False,False,False,False,False,False
991,990,0x3DE,glClientActiveTexture,,unknown,,,,,False,False,False,False,False,False,False
992,991,0x3DF,glClientWaitSync,,unknown,,,,,False,False,False,False,False,False,False
993,992,0x3E0,glClipControlEXT,,unknown,,,,,False,False,False,False,False,False,False
994,993,0x3E1,glClipPlanef,,unknown,,,,,False,False,False,False,False,False,False
995,994,0x3E2,glClipPlanex,,unknown,,,,,False,False,False,False,False,False,False
996,995,0x3E3,glColor4f,,unknown,,,,,False,False,False,False,False,False,False
997,996,0x3E4,glColor4ub,,unknown,,,,,False,False,False,False,False,False,False
998,997,0x3E5,glColor4x,,unknown,,,,,False,False,False,False,False,False,False
999,998,0x3E6,glColorMask,,unknown,,,,,False,False,False,False,False,False,False
1000,999,0x3E7,glColorMaski,,unknown,,,,,False,False,False,False,False,False,False
1001,1000,0x3E8,glColorMaskiEXT,,unknown,,,,,False,False,False,False,False,False,False
1002,1001,0x3E9,glColorMaskiOES,,unknown,,,,,False,False,False,False,False,False,False
1003,1002,0x3EA,glColorPointer,,unknown,,,,,False,False,False,False,False,False,False
1004,1003,0x3EB,glCompileShader,,unknown,,,,,False,False,False,False,False,False,False
1005,1004,0x3EC,glCompressedCopyTextureCHROMIUM,,unknown,,,,,False,False,False,False,False,False,False
1006,1005,0x3ED,glCompressedTexImage2D,,unknown,,,,,False,False,False,False,False,False,False
1007,1006,0x3EE,glCompressedTexImage2DRobustANGLE,,unknown,,,,,False,False,False,False,False,False,False
1008,1007,0x3EF,glCompressedTexImage3D,,unknown,,,,,False,False,False,False,False,False,False
1009,1008,0x3F0,glCompressedTexImage3DOES,,unknown,,,,,False,False,False,False,False,False,False
1010,1009,0x3F1,glCompressedTexImage3DRobustANGLE,,unknown,,,,,False,False,False,False,False,False,False
1011,1010,0x3F2,glCompressedTexSubImage2D,,unknown,,,,,False,False,False,False,False,False,False
1012,1011,0x3F3,glCompressedTexSubImage2DRobustANGLE,,unknown,,,,,False,False,False,False,False,False,False
1013,1012,0x3F4,glCompressedTexSubImage3D,,unknown,,,,,False,False,False,False,False,False,False
1014,1013,0x3F5,glCompressedTexSubImage3DOES,,unknown,,,,,False,False,False,False,False,False,False
1015,1014,0x3F6,glCompressedTexSubImage3DRobustANGLE,,unknown,,,,,False,False,False,False,False,False,False
1016,1015,0x3F7,glCopyBufferSubData,,unknown,,,,,False,False,False,False,False,False,False
1017,1016,0x3F8,glCopyImageSubData,,unknown,,,,,False,False,False,False,False,False,False
1018,1017,0x3F9,glCopyImageSubDataEXT,,unknown,,,,,False,False,False,False,False,False,False
1019,1018,0x3FA,glCopyImageSubDataOES,,unknown,,,,,False,False,False,False,False,False,False
1020,1019,0x3FB,glCopySubTexture3DANGLE,,unknown,,,,,False,False,False,False,False,False,False
1021,1020,0x3FC,glCopySubTextureCHROMIUM,,unknown,,,,,False,False,False,False,False,False,False
1022,1021,0x3FD,glCopyTexImage2D,,unknown,,,,,False,False,False,False,False,False,False
1023,1022,0x3FE,glCopyTexSubImage2D,,unknown,,,,,False,False,False,False,False,False,False
1024,1023,0x3FF,glCopyTexSubImage3D,,unknown,,,,,False,False,False,False,False,False,False
1025,1024,0x400,glCopyTexSubImage3DOES,,unknown,,,,,False,False,False,False,False,False,False
1026,1025,0x401,glCopyTexture3DANGLE,,unknown,,,,,False,False,False,False,False,False,False
1027,1026,0x402,glCopyTextureCHROMIUM,,unknown,,,,,False,False,False,False,False,False,False
1028,1027,0x403,glCoverageModulationCHROMIUM,,unknown,,,,,False,False,False,False,False,False,False
1029,1028,0x404,glCreateMemoryObjectsEXT,,unknown,,,,,False,False,False,False,False,False,False
1030,1029,0x405,glCreateProgram,,unknown,,,,,False,False,False,False,False,False,False
1031,1030,0x406,glCreateShader,,unknown,,,,,False,False,False,False,False,False,False
1032,1031,0x407,glCreateShaderProgramv,,unknown,,,,,False,False,False,False,False,False,False
1033,1032,0x408,glCreateShaderProgramvEXT,,unknown,,,,,False,False,False,False,False,False,False
1034,1033,0x409,glCullFace,,unknown,,,,,False,False,False,False,False,False,False
1035,1034,0x40A,glCurrentPaletteMatrixOES,,unknown,,,,,False,False,False,False,False,False,False
1036,1035,0x40B,glDebugMessageCallback,,unknown,,,,,False,False,False,False,False,False,False
1037,1036,0x40C,glDebugMessageCallbackKHR,,unknown,,,,,False,False,False,False,False,False,False
1038,1037,0x40D,glDebugMessageControl,,unknown,,,,,False,False,False,False,False,False,False
1039,1038,0x40E,glDebugMessageControlKHR,,unknown,,,,,False,False,False,False,False,False,False
1040,1039,0x40F,glDebugMessageInsert,,unknown,,,,,False,False,False,False,False,False,False
1041,1040,0x410,glDebugMessageInsertKHR,,unknown,,,,,False,False,False,False,False,False,False
1042,1041,0x411,glDeleteBuffers,,unknown,,,,,False,False,False,False,False,False,False
1043,1042,0x412,glDeleteFencesNV,,unknown,,,,,False,False,False,False,False,False,False
1044,1043,0x413,glDeleteFramebuffers,,unknown,,,,,False,False,False,False,False,False,False
1045,1044,0x414,glDeleteFramebuffersOES,,unknown,,,,,False,False,False,False,False,False,False
1046,1045,0x415,glDeleteMemoryObjectsEXT,,unknown,,,,,False,False,False,False,False,False,False
1047,1046,0x416,glDeletePerfMonitorsAMD,,unknown,,,,,False,False,False,False,False,False,False
1048,1047,0x417,glDeleteProgram,,unknown,,,,,False,False,False,False,False,False,False
1049,1048,0x418,glDeleteProgramPipelines,,unknown,,,,,False,False,False,False,False,False,False
1050,1049,0x419,glDeleteProgramPipelinesEXT,,unknown,,,,,False,False,False,False,False,False,False
1051,1050,0x41A,glDeleteQueries,,unknown,,,,,False,False,False,False,False,False,False
1052,1051,0x41B,glDeleteQueriesEXT,,unknown,,,,,False,False,False,False,False,False,False
1053,1052,0x41C,glDeleteRenderbuffers,,unknown,,,,,False,False,False,False,False,False,False
1054,1053,0x41D,glDeleteRenderbuffersOES,,unknown,,,,,False,False,False,False,False,False,False
1055,1054,0x41E,glDeleteSamplers,,unknown,,,,,False,False,False,False,False,False,False
1056,1055,0x41F,glDeleteSemaphoresEXT,,unknown,,,,,False,False,False,False,False,False,False
1057,1056,0x420,glDeleteShader,,unknown,,,,,False,False,False,False,False,False,False
1058,1057,0x421,glDeleteSync,,unknown,,,,,False,False,False,False,False,False,False
1059,1058,0x422,glDeleteTextures,,unknown,,,,,False,False,False,False,False,False,False
1060,1059,0x423,glDeleteTransformFeedbacks,,unknown,,,,,False,False,False,False,False,False,False
1061,1060,0x424,glDeleteVertexArrays,,unknown,,,,,False,False,False,False,False,False,False
1062,1061,0x425,glDeleteVertexArraysOES,,unknown,,,,,False,False,False,False,False,False,False
1063,1062,0x426,glDepthFunc,,unknown,,,,,False,False,False,False,False,False,False
1064,1063,0x427,glDepthMask,,unknown,,,,,False,False,False,False,False,False,False
1065,1064,0x428,glDepthRangef,,unknown,,,,,False,False,False,False,False,False,False
1066,1065,0x429,glDepthRangex,,unknown,,,,,False,False,False,False,False,False,False
1067,1066,0x42A,glDetachShader,,unknown,,,,,False,False,False,False,False,False,False
1068,1067,0x42B,glDisable,,unknown,,,,,False,False,False,False,False,False,False
1069,1068,0x42C,glDisableClientState,,unknown,,,,,False,False,False,False,False,False,False
1070,1069,0x42D,glDisableExtensionANGLE,,unknown,,,,,False,False,False,False,False,False,False
1071,1070,0x42E,glDisableVertexAttribArray,,unknown,,,,,False,False,False,False,False,False,False
1072,1071,0x42F,glDisablei,,unknown,,,,,False,False,False,False,False,False,False
1073,1072,0x430,glDisableiEXT,,unknown,,,,,False,False,False,False,False,False,False
1074,1073,0x431,glDisableiOES,,unknown,,,,,False,False,False,False,False,False,False
1075,1074,0x432,glDiscardFramebufferEXT,,unknown,,,,,False,False,False,False,False,False,False
1076,1075,0x433,glDispatchCompute,,unknown,,,,,False,False,False,False,False,False,False
1077,1076,0x434,glDispatchComputeIndirect,,unknown,,,,,False,False,False,False,False,False,False
1078,1077,0x435,glDrawArrays,,unknown,,,,,False,False,False,False,False,False,False
1079,1078,0x436,glDrawArraysIndirect,,unknown,,,,,False,False,False,False,False,False,False
1080,1079,0x437,glDrawArraysInstanced,,unknown,,,,,False,False,False,False,False,False,False
1081,1080,0x438,glDrawArraysInstancedANGLE,,unknown,,,,,False,False,False,False,False,False,False
1082,1081,0x439,glDrawArraysInstancedBaseInstanceANGLE,,unknown,,,,,False,False,False,False,False,False,False
1083,1082,0x43A,glDrawArraysInstancedBaseInstanceEXT,,unknown,,,,,False,False,False,False,False,False,False
1084,1083,0x43B,glDrawArraysInstancedEXT,,unknown,,,,,False,False,False,False,False,False,False
1085,1084,0x43C,glDrawBuffers,,unknown,,,,,False,False,False,False,False,False,False
1086,1085,0x43D,glDrawBuffersEXT,,unknown,,,,,False,False,False,False,False,False,False
1087,1086,0x43E,glDrawElements,,unknown,,,,,False,False,False,False,False,False,False
1088,1087,0x43F,glDrawElementsBaseVertex,,unknown,,,,,False,False,False,False,False,False,False
1089,1088,0x440,glDrawElementsBaseVertexEXT,,unknown,,,,,False,False,False,False,False,False,False
1090,1089,0x441,glDrawElementsBaseVertexOES,,unknown,,,,,False,False,False,False,False,False,False
1091,1090,0x442,glDrawElementsIndirect,,unknown,,,,,False,False,False,False,False,False,False
1092,1091,0x443,glDrawElementsInstanced,,unknown,,,,,False,False,False,False,False,False,False
1093,1092,0x444,glDrawElementsInstancedANGLE,,unknown,,,,,False,False,False,False,False,False,False
1094,1093,0x445,glDrawElementsInstancedBaseInstanceEXT,,unknown,,,,,False,False,False,False,False,False,False
1095,1094,0x446,glDrawElementsInstancedBaseVertex,,unknown,,,,,False,False,False,False,False,False,False
1096,1095,0x447,glDrawElementsInstancedBaseVertexBaseInstanceANGLE,,unknown,,,,,False,False,False,False,False,False,False
1097,1096,0x448,glDrawElementsInstancedBaseVertexBaseInstanceEXT,,unknown,,,,,False,False,False,False,False,False,False
1098,1097,0x449,glDrawElementsInstancedBaseVertexEXT,,unknown,,,,,False,False,False,False,False,False,False
1099,1098,0x44A,glDrawElementsInstancedBaseVertexOES,,unknown,,,,,False,False,False,False,False,False,False
1100,1099,0x44B,glDrawElementsInstancedEXT,,unknown,,,,,False,False,False,False,False,False,False
1101,1100,0x44C,glDrawRangeElements,,unknown,,,,,False,False,False,False,False,False,False
1102,1101,0x44D,glDrawRangeElementsBaseVertex,,unknown,,,,,False,False,False,False,False,False,False
1103,1102,0x44E,glDrawRangeElementsBaseVertexEXT,,unknown,,,,,False,False,False,False,False,False,False
1104,1103,0x44F,glDrawRangeElementsBaseVertexOES,,unknown,,,,,False,False,False,False,False,False,False
1105,1104,0x450,glDrawTexfOES,,unknown,,,,,False,False,False,False,False,False,False
1106,1105,0x451,glDrawTexfvOES,,unknown,,,,,False,False,False,False,False,False,False
1107,1106,0x452,glDrawTexiOES,,unknown,,,,,False,False,False,False,False,False,False
1108,1107,0x453,glDrawTexivOES,,unknown,,,,,False,False,False,False,False,False,False
1109,1108,0x454,glDrawTexsOES,,unknown,,,,,False,False,False,False,False,False,False
1110,1109,0x455,glDrawTexsvOES,,unknown,,,,,False,False,False,False,False,False,False
1111,1110,0x456,glDrawTexxOES,,unknown,,,,,False,False,False,False,False,False,False
1112,1111,0x457,glDrawTexxvOES,,unknown,,,,,False,False,False,False,False,False,False
1113,1112,0x458,glEGLImageTargetRenderbufferStorageOES,,unknown,,,,,False,False,False,False,False,False,False
1114,1113,0x459,glEGLImageTargetTexStorageEXT,,unknown,,,,,False,False,False,False,False,False,False
1115,1114,0x45A,glEGLImageTargetTexture2DOES,,unknown,,,,,False,False,False,False,False,False,False
1116,1115,0x45B,glEGLImageTargetTextureStorageEXT,,unknown,,,,,False,False,False,False,False,False,False
1117,1116,0x45C,glEnable,,unknown,,,,,False,False,False,False,False,False,False
1118,1117,0x45D,glEnableClientState,,unknown,,,,,False,False,False,False,False,False,False
1119,1118,0x45E,glEnableVertexAttribArray,,unknown,,,,,False,False,False,False,False,False,False
1120,1119,0x45F,glEnablei,,unknown,,,,,False,False,False,False,False,False,False
1121,1120,0x460,glEnableiEXT,,unknown,,,,,False,False,False,False,False,False,False
1122,1121,0x461,glEnableiOES,,unknown,,,,,False,False,False,False,False,False,False
1123,1122,0x462,glEndPerfMonitorAMD,,unknown,,,,,False,False,False,False,False,False,False
1124,1123,0x463,glEndQuery,,unknown,,,,,False,False,False,False,False,False,False
1125,1124,0x464,glEndQueryEXT,,unknown,,,,,False,False,False,False,False,False,False
1126,1125,0x465,glEndTransformFeedback,,unknown,,,,,False,False,False,False,False,False,False
1127,1126,0x466,glFenceSync,,unknown,,,,,False,False,False,False,False,False,False
1128,1127,0x467,glFinish,,unknown,,,,,False,False,False,False,False,False,False
1129,1128,0x468,glFinishFenceNV,,unknown,,,,,False,False,False,False,False,False,False
1130,1129,0x469,glFlush,,unknown,,,,,False,False,False,False,False,False,False
1131,1130,0x46A,glFlushMappedBufferRange,,unknown,,,,,False,False,False,False,False,False,False
1132,1131,0x46B,glFlushMappedBufferRangeEXT,,unknown,,,,,False,False,False,False,False,False,False
1133,1132,0x46C,glFogf,,unknown,,,,,False,False,False,False,False,False,False
1134,1133,0x46D,glFogfv,,unknown,,,,,False,False,False,False,False,False,False
1135,1134,0x46E,glFogx,,unknown,,,,,False,False,False,False,False,False,False
1136,1135,0x46F,glFogxv,,unknown,,,,,False,False,False,False,False,False,False
1137,1136,0x470,glFramebufferFetchBarrierEXT,,unknown,,,,,False,False,False,False,False,False,False
1138,1137,0x471,glFramebufferParameteri,,unknown,,,,,False,False,False,False,False,False,False
1139,1138,0x472,glFramebufferParameteriMESA,,unknown,,,,,False,False,False,False,False,False,False
1140,1139,0x473,glFramebufferRenderbuffer,,unknown,,,,,False,False,False,False,False,False,False
1141,1140,0x474,glFramebufferRenderbufferOES,,unknown,,,,,False,False,False,False,False,False,False
1142,1141,0x475,glFramebufferTexture,,unknown,,,,,False,False,False,False,False,False,False
1143,1142,0x476,glFramebufferTexture2D,,unknown,,,,,False,False,False,False,False,False,False
1144,1143,0x477,glFramebufferTexture2DMultisampleEXT,,unknown,,,,,False,False,False,False,False,False,False
1145,1144,0x478,glFramebufferTexture2DOES,,unknown,,,,,False,False,False,False,False,False,False
1146,1145,0x479,glFramebufferTexture3DOES,,unknown,,,,,False,False,False,False,False,False,False
1147,1146,0x47A,glFramebufferTextureEXT,,unknown,,,,,False,False,False,False,False,False,False
1148,1147,0x47B,glFramebufferTextureLayer,,unknown,,,,,False,False,False,False,False,False,False
1149,1148,0x47C,glFramebufferTextureMultiviewOVR,,unknown,,,,,False,False,False,False,False,False,False
1150,1149,0x47D,glFramebufferTextureOES,,unknown,,,,,False,False,False,False,False,False,False
1151,1150,0x47E,glFrontFace,,unknown,,,,,False,False,False,False,False,False,False
1152,1151,0x47F,glFrustumf,,unknown,,,,,False,False,False,False,False,False,False
1153,1152,0x480,glFrustumx,,unknown,,,,,False,False,False,False,False,False,False
1154,1153,0x481,glGenBuffers,,unknown,,,,,False,False,False,False,False,False,False
1155,1154,0x482,glGenFencesNV,,unknown,,,,,False,False,False,False,False,False,False
1156,1155,0x483,glGenFramebuffers,,unknown,,,,,False,False,False,False,False,False,False
1157,1156,0x484,glGenFramebuffersOES,,unknown,,,,,False,False,False,False,False,False,False
1158,1157,0x485,glGenPerfMonitorsAMD,,unknown,,,,,False,False,False,False,False,False,False
1159,1158,0x486,glGenProgramPipelines,,unknown,,,,,False,False,False,False,False,False,False
1160,1159,0x487,glGenProgramPipelinesEXT,,unknown,,,,,False,False,False,False,False,False,False
1161,1160,0x488,glGenQueries,,unknown,,,,,False,False,False,False,False,False,False
1162,1161,0x489,glGenQueriesEXT,,unknown,,,,,False,False,False,False,False,False,False
1163,1162,0x48A,glGenRenderbuffers,,unknown,,,,,False,False,False,False,False,False,False
1164,1163,0x48B,glGenRenderbuffersOES,,unknown,,,,,False,False,False,False,False,False,False
1165,1164,0x48C,glGenSamplers,,unknown,,,,,False,False,False,False,False,False,False
1166,1165,0x48D,glGenSemaphoresEXT,,unknown,,,,,False,False,False,False,False,False,False
1167,1166,0x48E,glGenTextures,,unknown,,,,,False,False,False,False,False,False,False
1168,1167,0x48F,glGenTransformFeedbacks,,unknown,,,,,False,False,False,False,False,False,False
1169,1168,0x490,glGenVertexArrays,,unknown,,,,,False,False,False,False,False,False,False
1170,1169,0x491,glGenVertexArraysOES,,unknown,,,,,False,False,False,False,False,False,False
1171,1170,0x492,glGenerateMipmap,,unknown,,,,,False,False,False,False,False,False,False
1172,1171,0x493,glGenerateMipmapOES,,unknown,,,,,False,False,False,False,False,False,False
1173,1172,0x494,glGetActiveAttrib,,unknown,,,,,False,False,False,False,False,False,False
1174,1173,0x495,glGetActiveUniform,,unknown,,,,,False,False,False,False,False,False,False
1175,1174,0x496,glGetActiveUniformBlockName,,unknown,,,,,False,False,False,False,False,False,False
1176,1175,0x497,glGetActiveUniformBlockiv,,unknown,,,,,False,False,False,False,False,False,False
1177,1176,0x498,glGetActiveUniformBlockivRobustANGLE,,unknown,,,,,False,False,False,False,False,False,False
1178,1177,0x499,glGetActiveUniformsiv,,unknown,,,,,False,False,False,False,False,False,False
1179,1178,0x49A,glGetAttachedShaders,,unknown,,,,,False,False,False,False,False,False,False
1180,1179,0x49B,glGetAttribLocation,,unknown,,,,,False,False,False,False,False,False,False
1181,1180,0x49C,glGetBooleani_v,,unknown,,,,,False,False,False,False,False,False,False
1182,1181,0x49D,glGetBooleani_vRobustANGLE,,unknown,,,,,False,False,False,False,False,False,False
1183,1182,0x49E,glGetBooleanv,,unknown,,,,,False,False,False,False,False,False,False
1184,1183,0x49F,glGetBooleanvRobustANGLE,,unknown,,,,,False,False,False,False,False,False,False
1185,1184,0x4A0,glGetBufferParameteri64v,,unknown,,,,,False,False,False,False,False,False,False
1186,1185,0x4A1,glGetBufferParameteri64vRobustANGLE,,unknown,,,,,False,False,False,False,False,False,False
1187,1186,0x4A2,glGetBufferParameteriv,,unknown,,,,,False,False,False,False,False,False,False
1188,1187,0x4A3,glGetBufferParameterivRobustANGLE,,unknown,,,,,False,False,False,False,False,False,False
1189,1188,0x4A4,glGetBufferPointerv,,unknown,,,,,False,False,False,False,False,False,False
1190,1189,0x4A5,glGetBufferPointervOES,,unknown,,,,,False,False,False,False,False,False,False
1191,1190,0x4A6,glGetBufferPointervRobustANGLE,,unknown,,,,,False,False,False,False,False,False,False
1192,1191,0x4A7,glGetClipPlanef,,unknown,,,,,False,False,False,False,False,False,False
1193,1192,0x4A8,glGetClipPlanex,,unknown,,,,,False,False,False,False,False,False,False
1194,1193,0x4A9,glGetCompressedTexImageANGLE,,unknown,,,,,False,False,False,False,False,False,False
1195,1194,0x4AA,glGetDebugMessageLog,,unknown,,,,,False,False,False,False,False,False,False
1196,1195,0x4AB,glGetDebugMessageLogKHR,,unknown,,,,,False,False,False,False,False,False,False
1197,1196,0x4AC,glGetError,,unknown,,,,,False,False,False,False,False,False,False
1198,1197,0x4AD,glGetFenceivNV,,unknown,,,,,False,False,False,False,False,False,False
1199,1198,0x4AE,glGetFixedv,,unknown,,,,,False,False,False,False,False,False,False
1200,1199,0x4AF,glGetFloatv,,unknown,,,,,False,False,False,False,False,False,False
1201,1200,0x4B0,glGetFloatvRobustANGLE,,unknown,,,,,False,False,False,False,False,False,False
1202,1201,0x4B1,glGetFragDataIndexEXT,,unknown,,,,,False,False,False,False,False,False,False
1203,1202,0x4B2,glGetFragDataLocation,,unknown,,,,,False,False,False,False,False,False,False
1204,1203,0x4B3,glGetFramebufferAttachmentParameteriv,,unknown,,,,,False,False,False,False,False,False,False
1205,1204,0x4B4,glGetFramebufferAttachmentParameterivOES,,unknown,,,,,False,False,False,False,False,False,False
1206,1205,0x4B5,glGetFramebufferAttachmentParameterivRobustANGLE,,unknown,,,,,False,False,False,False,False,False,False
1207,1206,0x4B6,glGetFramebufferParameteriv,,unknown,,,,,False,False,False,False,False,False,False
1208,1207,0x4B7,glGetFramebufferParameterivMESA,,unknown,,,,,False,False,False,False,False,False,False
1209,1208,0x4B8,glGetFramebufferParameterivRobustANGLE,,unknown,,,,,False,False,False,False,False,False,False
1210,1209,0x4B9,glGetGraphicsResetStatus,,unknown,,,,,False,False,False,False,False,False,False
1211,1210,0x4BA,glGetGraphicsResetStatusEXT,,unknown,,,,,False,False,False,False,False,False,False
1212,1211,0x4BB,glGetInteger64i_v,,unknown,,,,,False,False,False,False,False,False,False
1213,1212,0x4BC,glGetInteger64i_vRobustANGLE,,unknown,,,,,False,False,False,False,False,False,False
1214,1213,0x4BD,glGetInteger64v,,unknown,,,,,False,False,False,False,False,False,False
1215,1214,0x4BE,glGetInteger64vEXT,,unknown,,,,,False,False,False,False,False,False,False
1216,1215,0x4BF,glGetInteger64vRobustANGLE,,unknown,,,,,False,False,False,False,False,False,False
1217,1216,0x4C0,glGetIntegeri_v,,unknown,,,,,False,False,False,False,False,False,False
1218,1217,0x4C1,glGetIntegeri_vRobustANGLE,,unknown,,,,,False,False,False,False,False,False,False
1219,1218,0x4C2,glGetIntegerv,,unknown,,,,,False,False,False,False,False,False,False
1220,1219,0x4C3,glGetIntegervRobustANGLE,,unknown,,,,,False,False,False,False,False,False,False
1221,1220,0x4C4,glGetInternalformativ,,unknown,,,,,False,False,False,False,False,False,False
1222,1221,0x4C5,glGetInternalformativRobustANGLE,,unknown,,,,,False,False,False,False,False,False,False
1223,1222,0x4C6,glGetLightfv,,unknown,,,,,False,False,False,False,False,False,False
1224,1223,0x4C7,glGetLightxv,,unknown,,,,,False,False,False,False,False,False,False
1225,1224,0x4C8,glGetMaterialfv,,unknown,,,,,False,False,False,False,False,False,False
1226,1225,0x4C9,glGetMaterialxv,,unknown,,,,,False,False,False,False,False,False,False
1227,1226,0x4CA,glGetMemoryObjectParameterivEXT,,unknown,,,,,False,False,False,False,False,False,False
1228,1227,0x4CB,glGetMultisamplefv,,unknown,,,,,False,False,False,False,False,False,False
1229,1228,0x4CC,glGetMultisamplefvANGLE,,unknown,,,,,False,False,False,False,False,False,False
1230,1229,0x4CD,glGetMultisamplefvRobustANGLE,,unknown,,,,,False,False,False,False,False,False,False
1231,1230,0x4CE,glGetObjectLabel,,unknown,,,,,False,False,False,False,False,False,False
1232,1231,0x4CF,glGetObjectLabelEXT,,unknown,,,,,False,False,False,False,False,False,False
1233,1232,0x4D0,glGetObjectLabelKHR,,unknown,,,,,False,False,False,False,False,False,False
1234,1233,0x4D1,glGetObjectPtrLabel,,unknown,,,,,False,False,False,False,False,False,False
1235,1234,0x4D2,glGetObjectPtrLabelKHR,,unknown,,,,,False,False,False,False,False,False,False
1236,1235,0x4D3,glGetPerfMonitorCounterDataAMD,,unknown,,,,,False,False,False,False,False,False,False
1237,1236,0x4D4,glGetPerfMonitorCounterInfoAMD,,unknown,,,,,False,False,False,False,False,False,False
1238,1237,0x4D5,glGetPerfMonitorCounterStringAMD,,unknown,,,,,False,False,False,False,False,False,False
1239,1238,0x4D6,glGetPerfMonitorCountersAMD,,unknown,,,,,False,False,False,False,False,False,False
1240,1239,0x4D7,glGetPerfMonitorGroupStringAMD,,unknown,,,,,False,False,False,False,False,False,False
1241,1240,0x4D8,glGetPerfMonitorGroupsAMD,,unknown,,,,,False,False,False,False,False,False,False
1242,1241,0x4D9,glGetPointerv,,unknown,,,,,False,False,False,False,False,False,False
1243,1242,0x4DA,glGetPointervKHR,,unknown,,,,,False,False,False,False,False,False,False
1244,1243,0x4DB,glGetPointervRobustANGLERobustANGLE,,unknown,,,,,False,False,False,False,False,False,False
1245,1244,0x4DC,glGetProgramBinary,,unknown,,,,,False,False,False,False,False,False,False
1246,1245,0x4DD,glGetProgramBinaryOES,,unknown,,,,,False,False,False,False,False,False,False
1247,1246,0x4DE,glGetProgramInfoLog,,unknown,,,,,False,False,False,False,False,False,False
1248,1247,0x4DF,glGetProgramInterfaceiv,,unknown,,,,,False,False,False,False,False,False,False
1249,1248,0x4E0,glGetProgramInterfaceivRobustANGLE,,unknown,,,,,False,False,False,False,False,False,False
1250,1249,0x4E1,glGetProgramPipelineInfoLog,,unknown,,,,,False,False,False,False,False,False,False
1251,1250,0x4E2,glGetProgramPipelineInfoLogEXT,,unknown,,,,,False,False,False,False,False,False,False
1252,1251,0x4E3,glGetProgramPipelineiv,,unknown,,,,,False,False,False,False,False,False,False
1253,1252,0x4E4,glGetProgramPipelineivEXT,,unknown,,,,,False,False,False,False,False,False,False
1254,1253,0x4E5,glGetProgramResourceIndex,,unknown,,,,,False,False,False,False,False,False,False
1255,1254,0x4E6,glGetProgramResourceLocation,,unknown,,,,,False,False,False,False,False,False,False
1256,1255,0x4E7,glGetProgramResourceLocationIndexEXT,,unknown,,,,,False,False,False,False,False,False,False
1257,1256,0x4E8,glGetProgramResourceName,,unknown,,,,,False,False,False,False,False,False,False
1258,1257,0x4E9,glGetProgramResourceiv,,unknown,,,,,False,False,False,False,False,False,False
1259,1258,0x4EA,glGetProgramiv,,unknown,,,,,False,False,False,False,False,False,False
1260,1259,0x4EB,glGetProgramivRobustANGLE,,unknown,,,,,False,False,False,False,False,False,False
1261,1260,0x4EC,glGetQueryObjecti64vEXT,,unknown,,,,,False,False,False,False,False,False,False
1262,1261,0x4ED,glGetQueryObjecti64vRobustANGLE,,unknown,,,,,False,False,False,False,False,False,False
1263,1262,0x4EE,glGetQueryObjectivEXT,,unknown,,,,,False,False,False,False,False,False,False
1264,1263,0x4EF,glGetQueryObjectivRobustANGLE,,unknown,,,,,False,False,False,False,False,False,False
1265,1264,0x4F0,glGetQueryObjectui64vEXT,,unknown,,,,,False,False,False,False,False,False,False
1266,1265,0x4F1,glGetQueryObjectui64vRobustANGLE,,unknown,,,,,False,False,False,False,False,False,False
1267,1266,0x4F2,glGetQueryObjectuiv,,unknown,,,,,False,False,False,False,False,False,False
1268,1267,0x4F3,glGetQueryObjectuivEXT,,unknown,,,,,False,False,False,False,False,False,False
1269,1268,0x4F4,glGetQueryObjectuivRobustANGLE,,unknown,,,,,False,False,False,False,False,False,False
1270,1269,0x4F5,glGetQueryiv,,unknown,,,,,False,False,False,False,False,False,False
1271,1270,0x4F6,glGetQueryivEXT,,unknown,,,,,False,False,False,False,False,False,False
1272,1271,0x4F7,glGetQueryivRobustANGLE,,unknown,,,,,False,False,False,False,False,False,False
1273,1272,0x4F8,glGetRenderbufferImageANGLE,,unknown,,,,,False,False,False,False,False,False,False
1274,1273,0x4F9,glGetRenderbufferParameteriv,,unknown,,,,,False,False,False,False,False,False,False
1275,1274,0x4FA,glGetRenderbufferParameterivOES,,unknown,,,,,False,False,False,False,False,False,False
1276,1275,0x4FB,glGetRenderbufferParameterivRobustANGLE,,unknown,,,,,False,False,False,False,False,False,False
1277,1276,0x4FC,glGetSamplerParameterIiv,,unknown,,,,,False,False,False,False,False,False,False
1278,1277,0x4FD,glGetSamplerParameterIivEXT,,unknown,,,,,False,False,False,False,False,False,False
1279,1278,0x4FE,glGetSamplerParameterIivOES,,unknown,,,,,False,False,False,False,False,False,False
1280,1279,0x4FF,glGetSamplerParameterIivRobustANGLE,,unknown,,,,,False,False,False,False,False,False,False
1281,1280,0x500,glGetSamplerParameterIuiv,,unknown,,,,,False,False,False,False,False,False,False
1282,1281,0x501,glGetSamplerParameterIuivEXT,,unknown,,,,,False,False,False,False,False,False,False
1283,1282,0x502,glGetSamplerParameterIuivOES,,unknown,,,,,False,False,False,False,False,False,False
1284,1283,0x503,glGetSamplerParameterIuivRobustANGLE,,unknown,,,,,False,False,False,False,False,False,False
1285,1284,0x504,glGetSamplerParameterfv,,unknown,,,,,False,False,False,False,False,False,False
1286,1285,0x505,glGetSamplerParameterfvRobustANGLE,,unknown,,,,,False,False,False,False,False,False,False
1287,1286,0x506,glGetSamplerParameteriv,,unknown,,,,,False,False,False,False,False,False,False
1288,1287,0x507,glGetSamplerParameterivRobustANGLE,,unknown,,,,,False,False,False,False,False,False,False
1289,1288,0x508,glGetSemaphoreParameterui64vEXT,,unknown,,,,,False,False,False,False,False,False,False
1290,1289,0x509,glGetShaderInfoLog,,unknown,,,,,False,False,False,False,False,False,False
1291,1290,0x50A,glGetShaderPrecisionFormat,,unknown,,,,,False,False,False,False,False,False,False
1292,1291,0x50B,glGetShaderSource,,unknown,,,,,False,False,False,False,False,False,False
1293,1292,0x50C,glGetShaderiv,,unknown,,,,,False,False,False,False,False,False,False
1294,1293,0x50D,glGetShaderivRobustANGLE,,unknown,,,,,False,False,False,False,False,False,False
1295,1294,0x50E,glGetString,,unknown,,,,,False,False,False,False,False,False,False
1296,1295,0x50F,glGetStringi,,unknown,,,,,False,False,False,False,False,False,False
1297,1296,0x510,glGetSynciv,,unknown,,,,,False,False,False,False,False,False,False
1298,1297,0x511,glGetTexEnvfv,,unknown,,,,,False,False,False,False,False,False,False
1299,1298,0x512,glGetTexEnviv,,unknown,,,,,False,False,False,False,False,False,False
1300,1299,0x513,glGetTexEnvxv,,unknown,,,,,False,False,False,False,False,False,False
1301,1300,0x514,glGetTexGenfvOES,,unknown,,,,,False,False,False,False,False,False,False
1302,1301,0x515,glGetTexGenivOES,,unknown,,,,,False,False,False,False,False,False,False
1303,1302,0x516,glGetTexGenxvOES,,unknown,,,,,False,False,False,False,False,False,False
1304,1303,0x517,glGetTexImageANGLE,,unknown,,,,,False,False,False,False,False,False,False
1305,1304,0x518,glGetTexLevelParameterfv,,unknown,,,,,False,False,False,False,False,False,False
1306,1305,0x519,glGetTexLevelParameterfvANGLE,,unknown,,,,,False,False,False,False,False,False,False
1307,1306,0x51A,glGetTexLevelParameterfvRobustANGLE,,unknown,,,,,False,False,False,False,False,False,False
1308,1307,0x51B,glGetTexLevelParameteriv,,unknown,,,,,False,False,False,False,False,False,False
1309,1308,0x51C,glGetTexLevelParameterivANGLE,,unknown,,,,,False,False,False,False,False,False,False
1310,1309,0x51D,glGetTexLevelParameterivRobustANGLE,,unknown,,,,,False,False,False,False,False,False,False
1311,1310,0x51E,glGetTexParameterIiv,,unknown,,,,,False,False,False,False,False,False,False
1312,1311,0x51F,glGetTexParameterIivEXT,,unknown,,,,,False,False,False,False,False,False,False
1313,1312,0x520,glGetTexParameterIivOES,,unknown,,,,,False,False,False,False,False,False,False
1314,1313,0x521,glGetTexParameterIivRobustANGLE,,unknown,,,,,False,False,False,False,False,False,False
1315,1314,0x522,glGetTexParameterIuiv,,unknown,,,,,False,False,False,False,False,False,False
1316,1315,0x523,glGetTexParameterIuivEXT,,unknown,,,,,False,False,False,False,False,False,False
1317,1316,0x524,glGetTexParameterIuivOES,,unknown,,,,,False,False,False,False,False,False,False
1318,1317,0x525,glGetTexParameterIuivRobustANGLE,,unknown,,,,,False,False,False,False,False,False,False
1319,1318,0x526,glGetTexParameterfv,,unknown,,,,,False,False,False,False,False,False,False
1320,1319,0x527,glGetTexParameterfvRobustANGLE,,unknown,,,,,False,False,False,False,False,False,False
1321,1320,0x528,glGetTexParameteriv,,unknown,,,,,False,False,False,False,False,False,False
1322,1321,0x529,glGetTexParameterivRobustANGLE,,unknown,,,,,False,False,False,False,False,False,False
1323,1322,0x52A,glGetTexParameterxv,,unknown,,,,,False,False,False,False,False,False,False
1324,1323,0x52B,glGetTransformFeedbackVarying,,unknown,,,,,False,False,False,False,False,False,False
1325,1324,0x52C,glGetTranslatedShaderSourceANGLE,,unknown,,,,,False,False,False,False,False,False,False
1326,1325,0x52D,glGetUniformBlockIndex,,unknown,,,,,False,False,False,False,False,False,False
1327,1326,0x52E,glGetUniformIndices,,unknown,,,,,False,False,False,False,False,False,False
1328,1327,0x52F,glGetUniformLocation,,unknown,,,,,False,False,False,False,False,False,False
1329,1328,0x530,glGetUniformfv,,unknown,,,,,False,False,False,False,False,False,False
1330,1329,0x531,glGetUniformfvRobustANGLE,,unknown,,,,,False,False,False,False,False,False,False
1331,1330,0x532,glGetUniformiv,,unknown,,,,,False,False,False,False,False,False,False
1332,1331,0x533,glGetUniformivRobustANGLE,,unknown,,,,,False,False,False,False,False,False,False
1333,1332,0x534,glGetUniformuiv,,unknown,,,,,False,False,False,False,False,False,False
1334,1333,0x535,glGetUniformuivRobustANGLE,,unknown,,,,,False,False,False,False,False,False,False
1335,1334,0x536,glGetUnsignedBytei_vEXT,,unknown,,,,,False,False,False,False,False,False,False
1336,1335,0x537,glGetUnsignedBytevEXT,,unknown,,,,,False,False,False,False,False,False,False
1337,1336,0x538,glGetVertexAttribIiv,,unknown,,,,,False,False,False,False,False,False,False
1338,1337,0x539,glGetVertexAttribIivRobustANGLE,,unknown,,,,,False,False,False,False,False,False,False
1339,1338,0x53A,glGetVertexAttribIuiv,,unknown,,,,,False,False,False,False,False,False,False
1340,1339,0x53B,glGetVertexAttribIuivRobustANGLE,,unknown,,,,,False,False,False,False,False,False,False
1341,1340,0x53C,glGetVertexAttribPointerv,,unknown,,,,,False,False,False,False,False,False,False
1342,1341,0x53D,glGetVertexAttribPointervRobustANGLE,,unknown,,,,,False,False,False,False,False,False,False
1343,1342,0x53E,glGetVertexAttribfv,,unknown,,,,,False,False,False,False,False,False,False
1344,1343,0x53F,glGetVertexAttribfvRobustANGLE,,unknown,,,,,False,False,False,False,False,False,False
1345,1344,0x540,glGetVertexAttribiv,,unknown,,,,,False,False,False,False,False,False,False
1346,1345,0x541,glGetVertexAttribivRobustANGLE,,unknown,,,,,False,False,False,False,False,False,False
1347,1346,0x542,glGetnUniformfv,,unknown,,,,,False,False,False,False,False,False,False
1348,1347,0x543,glGetnUniformfvEXT,,unknown,,,,,False,False,False,False,False,False,False
1349,1348,0x544,glGetnUniformfvRobustANGLE,,unknown,,,,,False,False,False,False,False,False,False
1350,1349,0x545,glGetnUniformiv,,unknown,,,,,False,False,False,False,False,False,False
1351,1350,0x546,glGetnUniformivEXT,,unknown,,,,,False,False,False,False,False,False,False
1352,1351,0x547,glGetnUniformivRobustANGLE,,unknown,,,,,False,False,False,False,False,False,False
1353,1352,0x548,glGetnUniformuiv,,unknown,,,,,False,False,False,False,False,False,False
1354,1353,0x549,glGetnUniformuivRobustANGLE,,unknown,,,,,False,False,False,False,False,False,False
1355,1354,0x54A,glHint,,unknown,,,,,False,False,False,False,False,False,False
1356,1355,0x54B,glImportMemoryFdEXT,,unknown,,,,,False,False,False,False,False,False,False
1357,1356,0x54C,glImportMemoryZirconHandleANGLE,,unknown,,,,,False,False,False,False,False,False,False
1358,1357,0x54D,glImportSemaphoreFdEXT,,unknown,,,,,False,False,False,False,False,False,False
1359,1358,0x54E,glImportSemaphoreZirconHandleANGLE,,unknown,,,,,False,False,False,False,False,False,False
1360,1359,0x54F,glInsertEventMarkerEXT,,unknown,,,,,False,False,False,False,False,False,False
1361,1360,0x550,glInvalidateFramebuffer,,unknown,,,,,False,False,False,False,False,False,False
1362,1361,0x551,glInvalidateSubFramebuffer,,unknown,,,,,False,False,False,False,False,False,False
1363,1362,0x552,glInvalidateTextureANGLE,,unknown,,,,,False,False,False,False,False,False,False
1364,1363,0x553,glIsBuffer,,unknown,,,,,False,False,False,False,False,False,False
1365,1364,0x554,glIsEnabled,,unknown,,,,,False,False,False,False,False,False,False
1366,1365,0x555,glIsEnabledi,,unknown,,,,,False,False,False,False,False,False,False
1367,1366,0x556,glIsEnablediEXT,,unknown,,,,,False,False,False,False,False,False,False
1368,1367,0x557,glIsEnablediOES,,unknown,,,,,False,False,False,False,False,False,False
1369,1368,0x558,glIsFenceNV,,unknown,,,,,False,False,False,False,False,False,False
1370,1369,0x559,glIsFramebuffer,,unknown,,,,,False,False,False,False,False,False,False
1371,1370,0x55A,glIsFramebufferOES,,unknown,,,,,False,False,False,False,False,False,False
1372,1371,0x55B,glIsMemoryObjectEXT,,unknown,,,,,False,False,False,False,False,False,False
1373,1372,0x55C,glIsProgram,,unknown,,,,,False,False,False,False,False,False,False
1374,1373,0x55D,glIsProgramPipeline,,unknown,,,,,False,False,False,False,False,False,False
1375,1374,0x55E,glIsProgramPipelineEXT,,unknown,,,,,False,False,False,False,False,False,False
1376,1375,0x55F,glIsQuery,,unknown,,,,,False,False,False,False,False,False,False
1377,1376,0x560,glIsQueryEXT,,unknown,,,,,False,False,False,False,False,False,False
1378,1377,0x561,glIsRenderbuffer,,unknown,,,,,False,False,False,False,False,False,False
1379,1378,0x562,glIsRenderbufferOES,,unknown,,,,,False,False,False,False,False,False,False
1380,1379,0x563,glIsSampler,,unknown,,,,,False,False,False,False,False,False,False
1381,1380,0x564,glIsSemaphoreEXT,,unknown,,,,,False,False,False,False,False,False,False
1382,1381,0x565,glIsShader,,unknown,,,,,False,False,False,False,False,False,False
1383,1382,0x566,glIsSync,,unknown,,,,,False,False,False,False,False,False,False
1384,1383,0x567,glIsTexture,,unknown,,,,,False,False,False,False,False,False,False
1385,1384,0x568,glIsTransformFeedback,,unknown,,,,,False,False,False,False,False,False,False
1386,1385,0x569,glIsVertexArray,,unknown,,,,,False,False,False,False,False,False,False
1387,1386,0x56A,glIsVertexArrayOES,,unknown,,,,,False,False,False,False,False,False,False
1388,1387,0x56B,glLabelObjectEXT,,unknown,,,,,False,False,False,False,False,False,False
1389,1388,0x56C,glLightModelf,,unknown,,,,,False,False,False,False,False,False,False
1390,1389,0x56D,glLightModelfv,,unknown,,,,,False,False,False,False,False,False,False
1391,1390,0x56E,glLightModelx,,unknown,,,,,False,False,False,False,False,False,False
1392,1391,0x56F,glLightModelxv,,unknown,,,,,False,False,False,False,False,False,False
1393,1392,0x570,glLightf,,unknown,,,,,False,False,False,False,False,False,False
1394,1393,0x571,glLightfv,,unknown,,,,,False,False,False,False,False,False,False
1395,1394,0x572,glLightx,,unknown,,,,,False,False,False,False,False,False,False
1396,1395,0x573,glLightxv,,unknown,,,,,False,False,False,False,False,False,False
1397,1396,0x574,glLineWidth,,unknown,,,,,False,False,False,False,False,False,False
1398,1397,0x575,glLineWidthx,,unknown,,,,,False,False,False,False,False,False,False
1399,1398,0x576,glLinkProgram,,unknown,,,,,False,False,False,False,False,False,False
1400,1399,0x577,glLoadIdentity,,unknown,,,,,False,False,False,False,False,False,False
1401,1400,0x578,glLoadMatrixf,,unknown,,,,,False,False,False,False,False,False,False
1402,1401,0x579,glLoadMatrixx,,unknown,,,,,False,False,False,False,False,False,False
1403,1402,0x57A,glLoadPaletteFromModelViewMatrixOES,,unknown,,,,,False,False,False,False,False,False,False
1404,1403,0x57B,glLogicOp,,unknown,,,,,False,False,False,False,False,False,False
1405,1404,0x57C,glLoseContextCHROMIUM,,unknown,,,,,False,False,False,False,False,False,False
1406,1405,0x57D,glMapBufferOES,,unknown,,,,,False,False,False,False,False,False,False
1407,1406,0x57E,glMapBufferRange,,unknown,,,,,False,False,False,False,False,False,False
1408,1407,0x57F,glMapBufferRangeEXT,,unknown,,,,,False,False,False,False,False,False,False
1409,1408,0x580,glMaterialf,,unknown,,,,,False,False,False,False,False,False,False
1410,1409,0x581,glMaterialfv,,unknown,,,,,False,False,False,False,False,False,False
1411,1410,0x582,glMaterialx,,unknown,,,,,False,False,False,False,False,False,False
1412,1411,0x583,glMaterialxv,,unknown,,,,,False,False,False,False,False,False,False
1413,1412,0x584,glMatrixIndexPointerOES,,unknown,,,,,False,False,False,False,False,False,False
1414,1413,0x585,glMatrixMode,,unknown,,,,,False,False,False,False,False,False,False
1415,1414,0x586,glMaxShaderCompilerThreadsKHR,,unknown,,,,,False,False,False,False,False,False,False
1416,1415,0x587,glMemoryBarrier,,unknown,,,,,False,False,False,False,False,False,False
1417,1416,0x588,glMemoryBarrierByRegion,,unknown,,,,,False,False,False,False,False,False,False
1418,1417,0x589,glMemoryObjectParameterivEXT,,unknown,,,,,False,False,False,False,False,False,False
1419,1418,0x58A,glMinSampleShading,,unknown,,,,,False,False,False,False,False,False,False
1420,1419,0x58B,glMinSampleShadingOES,,unknown,,,,,False,False,False,False,False,False,False
1421,1420,0x58C,glMultMatrixf,,unknown,,,,,False,False,False,False,False,False,False
1422,1421,0x58D,glMultMatrixx,,unknown,,,,,False,False,False,False,False,False,False
1423,1422,0x58E,glMultiDrawArraysANGLE,,unknown,,,,,False,False,False,False,False,False,False
1424,1423,0x58F,glMultiDrawArraysIndirectEXT,,unknown,,,,,False,False,False,False,False,False,False
1425,1424,0x590,glMultiDrawArraysInstancedANGLE,,unknown,,,,,False,False,False,False,False,False,False
1426,1425,0x591,glMultiDrawArraysInstancedBaseInstanceANGLE,,unknown,,,,,False,False,False,False,False,False,False
1427,1426,0x592,glMultiDrawElementsANGLE,,unknown,,,,,False,False,False,False,False,False,False
1428,1427,0x593,glMultiDrawElementsBaseVertexEXT,,unknown,,,,,False,False,False,False,False,False,False
1429,1428,0x594,glMultiDrawElementsIndirectEXT,,unknown,,,,,False,False,False,False,False,False,False
1430,1429,0x595,glMultiDrawElementsInstancedANGLE,,unknown,,,,,False,False,False,False,False,False,False
1431,1430,0x596,glMultiDrawElementsInstancedBaseVertexBaseInstanceANGLE,,unknown,,,,,False,False,False,False,False,False,False
1432,1431,0x597,glMultiTexCoord4f,,unknown,,,,,False,False,False,False,False,False,False
1433,1432,0x598,glMultiTexCoord4x,,unknown,,,,,False,False,False,False,False,False,False
1434,1433,0x599,glNamedBufferStorageExternalEXT,,unknown,,,,,False,False,False,False,False,False,False
1435,1434,0x59A,glNormal3f,,unknown,,,,,False,False,False,False,False,False,False
1436,1435,0x59B,glNormal3x,,unknown,,,,,False,False,False,False,False,False,False
1437,1436,0x59C,glNormalPointer,,unknown,,,,,False,False,False,False,False,False,False
1438,1437,0x59D,glObjectLabel,,unknown,,,,,False,False,False,False,False,False,False
1439,1438,0x59E,glObjectLabelKHR,,unknown,,,,,False,False,False,False,False,False,False
1440,1439,0x59F,glObjectPtrLabel,,unknown,,,,,False,False,False,False,False,False,False
1441,1440,0x5A0,glObjectPtrLabelKHR,,unknown,,,,,False,False,False,False,False,False,False
1442,1441,0x5A1,glOrthof,,unknown,,,,,False,False,False,False,False,False,False
1443,1442,0x5A2,glOrthox,,unknown,,,,,False,False,False,False,False,False,False
1444,1443,0x5A3,glPatchParameteri,,unknown,,,,,False,False,False,False,False,False,False
1445,1444,0x5A4,glPatchParameteriEXT,,unknown,,,,,False,False,False,False,False,False,False
1446,1445,0x5A5,glPauseTransformFeedback,,unknown,,,,,False,False,False,False,False,False,False
1447,1446,0x5A6,glPixelStorei,,unknown,,,,,False,False,False,False,False,False,False
1448,1447,0x5A7,glPointParameterf,,unknown,,,,,False,False,False,False,False,False,False
1449,1448,0x5A8,glPointParameterfv,,unknown,,,,,False,False,False,False,False,False,False
1450,1449,0x5A9,glPointParameterx,,unknown,,,,,False,False,False,False,False,False,False
1451,1450,0x5AA,glPointParameterxv,,unknown,,,,,False,False,False,False,False,False,False
1452,1451,0x5AB,glPointSize,,unknown,,,,,False,False,False,False,False,False,False
1453,1452,0x5AC,glPointSizePointerOES,,unknown,,,,,False,False,False,False,False,False,False
1454,1453,0x5AD,glPointSizex,,unknown,,,,,False,False,False,False,False,False,False
1455,1454,0x5AE,glPolygonOffset,,unknown,,,,,False,False,False,False,False,False,False
1456,1455,0x5AF,glPolygonOffsetx,,unknown,,,,,False,False,False,False,False,False,False
1457,1456,0x5B0,glPopDebugGroup,,unknown,,,,,False,False,False,False,False,False,False
1458,1457,0x5B1,glPopDebugGroupKHR,,unknown,,,,,False,False,False,False,False,False,False
1459,1458,0x5B2,glPopGroupMarkerEXT,,unknown,,,,,False,False,False,False,False,False,False
1460,1459,0x5B3,glPopMatrix,,unknown,,,,,False,False,False,False,False,False,False
1461,1460,0x5B4,glPrimitiveBoundingBox,,unknown,,,,,False,False,False,False,False,False,False
1462,1461,0x5B5,glPrimitiveBoundingBoxEXT,,unknown,,,,,False,False,False,False,False,False,False
1463,1462,0x5B6,glPrimitiveBoundingBoxOES,,unknown,,,,,False,False,False,False,False,False,False
1464,1463,0x5B7,glProgramBinary,,unknown,,,,,False,False,False,False,False,False,False
1465,1464,0x5B8,glProgramBinaryOES,,unknown,,,,,False,False,False,False,False,False,False
1466,1465,0x5B9,glProgramParameteri,,unknown,,,,,False,False,False,False,False,False,False
1467,1466,0x5BA,glProgramParameteriEXT,,unknown,,,,,False,False,False,False,False,False,False
1468,1467,0x5BB,glProgramUniform1f,,unknown,,,,,False,False,False,False,False,False,False
1469,1468,0x5BC,glProgramUniform1fEXT,,unknown,,,,,False,False,False,False,False,False,False
1470,1469,0x5BD,glProgramUniform1fv,,unknown,,,,,False,False,False,False,False,False,False
1471,1470,0x5BE,glProgramUniform1fvEXT,,unknown,,,,,False,False,False,False,False,False,False
1472,1471,0x5BF,glProgramUniform1i,,unknown,,,,,False,False,False,False,False,False,False
1473,1472,0x5C0,glProgramUniform1iEXT,,unknown,,,,,False,False,False,False,False,False,False
1474,1473,0x5C1,glProgramUniform1iv,,unknown,,,,,False,False,False,False,False,False,False
1475,1474,0x5C2,glProgramUniform1ivEXT,,unknown,,,,,False,False,False,False,False,False,False
1476,1475,0x5C3,glProgramUniform1ui,,unknown,,,,,False,False,False,False,False,False,False
1477,1476,0x5C4,glProgramUniform1uiEXT,,unknown,,,,,False,False,False,False,False,False,False
1478,1477,0x5C5,glProgramUniform1uiv,,unknown,,,,,False,False,False,False,False,False,False
1479,1478,0x5C6,glProgramUniform1uivEXT,,unknown,,,,,False,False,False,False,False,False,False
1480,1479,0x5C7,glProgramUniform2f,,unknown,,,,,False,False,False,False,False,False,False
1481,1480,0x5C8,glProgramUniform2fEXT,,unknown,,,,,False,False,False,False,False,False,False
1482,1481,0x5C9,glProgramUniform2fv,,unknown,,,,,False,False,False,False,False,False,False
1483,1482,0x5CA,glProgramUniform2fvEXT,,unknown,,,,,False,False,False,False,False,False,False
1484,1483,0x5CB,glProgramUniform2i,,unknown,,,,,False,False,False,False,False,False,False
1485,1484,0x5CC,glProgramUniform2iEXT,,unknown,,,,,False,False,False,False,False,False,False
1486,1485,0x5CD,glProgramUniform2iv,,unknown,,,,,False,False,False,False,False,False,False
1487,1486,0x5CE,glProgramUniform2ivEXT,,unknown,,,,,False,False,False,False,False,False,False
1488,1487,0x5CF,glProgramUniform2ui,,unknown,,,,,False,False,False,False,False,False,False
1489,1488,0x5D0,glProgramUniform2uiEXT,,unknown,,,,,False,False,False,False,False,False,False
1490,1489,0x5D1,glProgramUniform2uiv,,unknown,,,,,False,False,False,False,False,False,False
1491,1490,0x5D2,glProgramUniform2uivEXT,,unknown,,,,,False,False,False,False,False,False,False
1492,1491,0x5D3,glProgramUniform3f,,unknown,,,,,False,False,False,False,False,False,False
1493,1492,0x5D4,glProgramUniform3fEXT,,unknown,,,,,False,False,False,False,False,False,False
1494,1493,0x5D5,glProgramUniform3fv,,unknown,,,,,False,False,False,False,False,False,False
1495,1494,0x5D6,glProgramUniform3fvEXT,,unknown,,,,,False,False,False,False,False,False,False
1496,1495,0x5D7,glProgramUniform3i,,unknown,,,,,False,False,False,False,False,False,False
1497,1496,0x5D8,glProgramUniform3iEXT,,unknown,,,,,False,False,False,False,False,False,False
1498,1497,0x5D9,glProgramUniform3iv,,unknown,,,,,False,False,False,False,False,False,False
1499,1498,0x5DA,glProgramUniform3ivEXT,,unknown,,,,,False,False,False,False,False,False,False
1500,1499,0x5DB,glProgramUniform3ui,,unknown,,,,,False,False,False,False,False,False,False
1501,1500,0x5DC,glProgramUniform3uiEXT,,unknown,,,,,False,False,False,False,False,False,False
1502,1501,0x5DD,glProgramUniform3uiv,,unknown,,,,,False,False,False,False,False,False,False
1503,1502,0x5DE,glProgramUniform3uivEXT,,unknown,,,,,False,False,False,False,False,False,False
1504,1503,0x5DF,glProgramUniform4f,,unknown,,,,,False,False,False,False,False,False,False
1505,1504,0x5E0,glProgramUniform4fEXT,,unknown,,,,,False,False,False,False,False,False,False
1506,1505,0x5E1,glProgramUniform4fv,,unknown,,,,,False,False,False,False,False,False,False
1507,1506,0x5E2,glProgramUniform4fvEXT,,unknown,,,,,False,False,False,False,False,False,False
1508,1507,0x5E3,glProgramUniform4i,,unknown,,,,,False,False,False,False,False,False,False
1509,1508,0x5E4,glProgramUniform4iEXT,,unknown,,,,,False,False,False,False,False,False,False
1510,1509,0x5E5,glProgramUniform4iv,,unknown,,,,,False,False,False,False,False,False,False
1511,1510,0x5E6,glProgramUniform4ivEXT,,unknown,,,,,False,False,False,False,False,False,False
1512,1511,0x5E7,glProgramUniform4ui,,unknown,,,,,False,False,False,False,False,False,False
1513,1512,0x5E8,glProgramUniform4uiEXT,,unknown,,,,,False,False,False,False,False,False,False
1514,1513,0x5E9,glProgramUniform4uiv,,unknown,,,,,False,False,False,False,False,False,False
1515,1514,0x5EA,glProgramUniform4uivEXT,,unknown,,,,,False,False,False,False,False,False,False
1516,1515,0x5EB,glProgramUniformMatrix2fv,,unknown,,,,,False,False,False,False,False,False,False
1517,1516,0x5EC,glProgramUniformMatrix2fvEXT,,unknown,,,,,False,False,False,False,False,False,False
1518,1517,0x5ED,glProgramUniformMatrix2x3fv,,unknown,,,,,False,False,False,False,False,False,False
1519,1518,0x5EE,glProgramUniformMatrix2x3fvEXT,,unknown,,,,,False,False,False,False,False,False,False
1520,1519,0x5EF,glProgramUniformMatrix2x4fv,,unknown,,,,,False,False,False,False,False,False,False
1521,1520,0x5F0,glProgramUniformMatrix2x4fvEXT,,unknown,,,,,False,False,False,False,False,False,False
1522,1521,0x5F1,glProgramUniformMatrix3fv,,unknown,,,,,False,False,False,False,False,False,False
1523,1522,0x5F2,glProgramUniformMatrix3fvEXT,,unknown,,,,,False,False,False,False,False,False,False
1524,1523,0x5F3,glProgramUniformMatrix3x2fv,,unknown,,,,,False,False,False,False,False,False,False
1525,1524,0x5F4,glProgramUniformMatrix3x2fvEXT,,unknown,,,,,False,False,False,False,False,False,False
1526,1525,0x5F5,glProgramUniformMatrix3x4fv,,unknown,,,,,False,False,False,False,False,False,False
1527,1526,0x5F6,glProgramUniformMatrix3x4fvEXT,,unknown,,,,,False,False,False,False,False,False,False
1528,1527,0x5F7,glProgramUniformMatrix4fv,,unknown,,,,,False,False,False,False,False,False,False
1529,1528,0x5F8,glProgramUniformMatrix4fvEXT,,unknown,,,,,False,False,False,False,False,False,False
1530,1529,0x5F9,glProgramUniformMatrix4x2fv,,unknown,,,,,False,False,False,False,False,False,False
1531,1530,0x5FA,glProgramUniformMatrix4x2fvEXT,,unknown,,,,,False,False,False,False,False,False,False
1532,1531,0x5FB,glProgramUniformMatrix4x3fv,,unknown,,,,,False,False,False,False,False,False,False
1533,1532,0x5FC,glProgramUniformMatrix4x3fvEXT,,unknown,,,,,False,False,False,False,False,False,False
1534,1533,0x5FD,glProvokingVertexANGLE,,unknown,,,,,False,False,False,False,False,False,False
1535,1534,0x5FE,glPushDebugGroup,,unknown,,,,,False,False,False,False,False,False,False
1536,1535,0x5FF,glPushDebugGroupKHR,,unknown,,,,,False,False,False,False,False,False,False
1537,1536,0x600,glPushGroupMarkerEXT,,unknown,,,,,False,False,False,False,False,False,False
1538,1537,0x601,glPushMatrix,,unknown,,,,,False,False,False,False,False,False,False
1539,1538,0x602,glQueryCounterEXT,,unknown,,,,,False,False,False,False,False,False,False
1540,1539,0x603,glQueryMatrixxOES,,unknown,,,,,False,False,False,False,False,False,False
1541,1540,0x604,glReadBuffer,,unknown,,,,,False,False,False,False,False,False,False
1542,1541,0x605,glReadPixels,,unknown,,,,,False,False,False,False,False,False,False
1543,1542,0x606,glReadPixelsRobustANGLE,,unknown,,,,,False,False,False,False,False,False,False
1544,1543,0x607,glReadnPixels,,unknown,,,,,False,False,False,False,False,False,False
1545,1544,0x608,glReadnPixelsEXT,,unknown,,,,,False,False,False,False,False,False,False
1546,1545,0x609,glReadnPixelsRobustANGLE,,unknown,,,,,False,False,False,False,False,False,False
1547,1546,0x60A,glReleaseShaderCompiler,,unknown,,,,,False,False,False,False,False,False,False
1548,1547,0x60B,glReleaseTexturesANGLE,,unknown,,,,,False,False,False,False,False,False,False
1549,1548,0x60C,glRenderbufferStorage,,unknown,,,,,False,False,False,False,False,False,False
1550,1549,0x60D,glRenderbufferStorageMultisample,,unknown,,,,,False,False,False,False,False,False,False
1551,1550,0x60E,glRenderbufferStorageMultisampleANGLE,,unknown,,,,,False,False,False,False,False,False,False
1552,1551,0x60F,glRenderbufferStorageMultisampleEXT,,unknown,,,,,False,False,False,False,False,False,False
1553,1552,0x610,glRenderbufferStorageOES,,unknown,,,,,False,False,False,False,False,False,False
1554,1553,0x611,glRequestExtensionANGLE,,unknown,,,,,False,False,False,False,False,False,False
1555,1554,0x612,glResumeTransformFeedback,,unknown,,,,,False,False,False,False,False,False,False
1556,1555,0x613,glRotatef,,unknown,,,,,False,False,False,False,False,False,False
1557,1556,0x614,glRotatex,,unknown,,,,,False,False,False,False,False,False,False
1558,1557,0x615,glSampleCoverage,,unknown,,,,,False,False,False,False,False,False,False
1559,1558,0x616,glSampleCoveragex,,unknown,,,,,False,False,False,False,False,False,False
1560,1559,0x617,glSampleMaski,,unknown,,,,,False,False,False,False,False,False,False
1561,1560,0x618,glSampleMaskiANGLE,,unknown,,,,,False,False,False,False,False,False,False
1562,1561,0x619,glSamplerParameterIiv,,unknown,,,,,False,False,False,False,False,False,False
1563,1562,0x61A,glSamplerParameterIivEXT,,unknown,,,,,False,False,False,False,False,False,False
1564,1563,0x61B,glSamplerParameterIivOES,,unknown,,,,,False,False,False,False,False,False,False
1565,1564,0x61C,glSamplerParameterIivRobustANGLE,,unknown,,,,,False,False,False,False,False,False,False
1566,1565,0x61D,glSamplerParameterIuiv,,unknown,,,,,False,False,False,False,False,False,False
1567,1566,0x61E,glSamplerParameterIuivEXT,,unknown,,,,,False,False,False,False,False,False,False
1568,1567,0x61F,glSamplerParameterIuivOES,,unknown,,,,,False,False,False,False,False,False,False
1569,1568,0x620,glSamplerParameterIuivRobustANGLE,,unknown,,,,,False,False,False,False,False,False,False
1570,1569,0x621,glSamplerParameterf,,unknown,,,,,False,False,False,False,False,False,False
1571,1570,0x622,glSamplerParameterfv,,unknown,,,,,False,False,False,False,False,False,False
1572,1571,0x623,glSamplerParameterfvRobustANGLE,,unknown,,,,,False,False,False,False,False,False,False
1573,1572,0x624,glSamplerParameteri,,unknown,,,,,False,False,False,False,False,False,False
1574,1573,0x625,glSamplerParameteriv,,unknown,,,,,False,False,False,False,False,False,False
1575,1574,0x626,glSamplerParameterivRobustANGLE,,unknown,,,,,False,False,False,False,False,False,False
1576,1575,0x627,glScalef,,unknown,,,,,False,False,False,False,False,False,False
1577,1576,0x628,glScalex,,unknown,,,,,False,False,False,False,False,False,False
1578,1577,0x629,glScissor,,unknown,,,,,False,False,False,False,False,False,False
1579,1578,0x62A,glSelectPerfMonitorCountersAMD,,unknown,,,,,False,False,False,False,False,False,False
1580,1579,0x62B,glSemaphoreParameterui64vEXT,,unknown,,,,,False,False,False,False,False,False,False
1581,1580,0x62C,glSetFenceNV,,unknown,,,,,False,False,False,False,False,False,False
1582,1581,0x62D,glShadeModel,,unknown,,,,,False,False,False,False,False,False,False
1583,1582,0x62E,glShaderBinary,,unknown,,,,,False,False,False,False,False,False,False
1584,1583,0x62F,glShaderSource,,unknown,,,,,False,False,False,False,False,False,False
1585,1584,0x630,glShadingRateQCOM,,unknown,,,,,False,False,False,False,False,False,False
1586,1585,0x631,glSignalSemaphoreEXT,,unknown,,,,,False,False,False,False,False,False,False
1587,1586,0x632,glStencilFunc,,unknown,,,,,False,False,False,False,False,False,False
1588,1587,0x633,glStencilFuncSeparate,,unknown,,,,,False,False,False,False,False,False,False
1589,1588,0x634,glStencilMask,,unknown,,,,,False,False,False,False,False,False,False
1590,1589,0x635,glStencilMaskSeparate,,unknown,,,,,False,False,False,False,False,False,False
1591,1590,0x636,glStencilOp,,unknown,,,,,False,False,False,False,False,False,False
1592,1591,0x637,glStencilOpSeparate,,unknown,,,,,False,False,False,False,False,False,False
1593,1592,0x638,glTestFenceNV,,unknown,,,,,False,False,False,False,False,False,False
1594,1593,0x639,glTexBuffer,,unknown,,,,,False,False,False,False,False,False,False
1595,1594,0x63A,glTexBufferEXT,,unknown,,,,,False,False,False,False,False,False,False
1596,1595,0x63B,glTexBufferOES,,unknown,,,,,False,False,False,False,False,False,False
1597,1596,0x63C,glTexBufferRange,,unknown,,,,,False,False,False,False,False,False,False
1598,1597,0x63D,glTexBufferRangeEXT,,unknown,,,,,False,False,False,False,False,False,False
1599,1598,0x63E,glTexBufferRangeOES,,unknown,,,,,False,False,False,False,False,False,False
1600,1599,0x63F,glTexCoordPointer,,unknown,,,,,False,False,False,False,False,False,False
1601,1600,0x640,glTexEnvf,,unknown,,,,,False,False,False,False,False,False,False
1602,1601,0x641,glTexEnvfv,,unknown,,,,,False,False,False,False,False,False,False
1603,1602,0x642,glTexEnvi,,unknown,,,,,False,False,False,False,False,False,False
1604,1603,0x643,glTexEnviv,,unknown,,,,,False,False,False,False,False,False,False
1605,1604,0x644,glTexEnvx,,unknown,,,,,False,False,False,False,False,False,False
1606,1605,0x645,glTexEnvxv,,unknown,,,,,False,False,False,False,False,False,False
1607,1606,0x646,glTexGenfOES,,unknown,,,,,False,False,False,False,False,False,False
1608,1607,0x647,glTexGenfvOES,,unknown,,,,,False,False,False,False,False,False,False
1609,1608,0x648,glTexGeniOES,,unknown,,,,,False,False,False,False,False,False,False
1610,1609,0x649,glTexGenivOES,,unknown,,,,,False,False,False,False,False,False,False
1611,1610,0x64A,glTexGenxOES,,unknown,,,,,False,False,False,False,False,False,False
1612,1611,0x64B,glTexGenxvOES,,unknown,,,,,False,False,False,False,False,False,False
1613,1612,0x64C,glTexImage2D,,unknown,,,,,False,False,False,False,False,False,False
1614,1613,0x64D,glTexImage2DExternalANGLE,,unknown,,,,,False,False,False,False,False,False,False
1615,1614,0x64E,glTexImage2DRobustANGLE,,unknown,,,,,False,False,False,False,False,False,False
1616,1615,0x64F,glTexImage3D,,unknown,,,,,False,False,False,False,False,False,False
1617,1616,0x650,glTexImage3DOES,,unknown,,,,,False,False,False,False,False,False,False
1618,1617,0x651,glTexImage3DRobustANGLE,,unknown,,,,,False,False,False,False,False,False,False
1619,1618,0x652,glTexParameterIiv,,unknown,,,,,False,False,False,False,False,False,False
1620,1619,0x653,glTexParameterIivEXT,,unknown,,,,,False,False,False,False,False,False,False
1621,1620,0x654,glTexParameterIivOES,,unknown,,,,,False,False,False,False,False,False,False
1622,1621,0x655,glTexParameterIivRobustANGLE,,unknown,,,,,False,False,False,False,False,False,False
1623,1622,0x656,glTexParameterIuiv,,unknown,,,,,False,False,False,False,False,False,False
1624,1623,0x657,glTexParameterIuivEXT,,unknown,,,,,False,False,False,False,False,False,False
1625,1624,0x658,glTexParameterIuivOES,,unknown,,,,,False,False,False,False,False,False,False
1626,1625,0x659,glTexParameterIuivRobustANGLE,,unknown,,,,,False,False,False,False,False,False,False
1627,1626,0x65A,glTexParameterf,,unknown,,,,,False,False,False,False,False,False,False
1628,1627,0x65B,glTexParameterfv,,unknown,,,,,False,False,False,False,False,False,False
1629,1628,0x65C,glTexParameterfvRobustANGLE,,unknown,,,,,False,False,False,False,False,False,False
1630,1629,0x65D,glTexParameteri,,unknown,,,,,False,False,False,False,False,False,False
1631,1630,0x65E,glTexParameteriv,,unknown,,,,,False,False,False,False,False,False,False
1632,1631,0x65F,glTexParameterivRobustANGLE,,unknown,,,,,False,False,False,False,False,False,False
1633,1632,0x660,glTexParameterx,,unknown,,,,,False,False,False,False,False,False,False
1634,1633,0x661,glTexParameterxv,,unknown,,,,,False,False,False,False,False,False,False
1635,1634,0x662,glTexStorage1DEXT,,unknown,,,,,False,False,False,False,False,False,False
1636,1635,0x663,glTexStorage2D,,unknown,,,,,False,False,False,False,False,False,False
1637,1636,0x664,glTexStorage2DEXT,,unknown,,,,,False,False,False,False,False,False,False
1638,1637,0x665,glTexStorage2DMultisample,,unknown,,,,,False,False,False,False,False,False,False
1639,1638,0x666,glTexStorage2DMultisampleANGLE,,unknown,,,,,False,False,False,False,False,False,False
1640,1639,0x667,glTexStorage3D,,unknown,,,,,False,False,False,False,False,False,False
1641,1640,0x668,glTexStorage3DEXT,,unknown,,,,,False,False,False,False,False,False,False
1642,1641,0x669,glTexStorage3DMultisample,,unknown,,,,,False,False,False,False,False,False,False
1643,1642,0x66A,glTexStorage3DMultisampleOES,,unknown,,,,,False,False,False,False,False,False,False
1644,1643,0x66B,glTexStorageMem2DEXT,,unknown,,,,,False,False,False,False,False,False,False
1645,1644,0x66C,glTexStorageMem2DMultisampleEXT,,unknown,,,,,False,False,False,False,False,False,False
1646,1645,0x66D,glTexStorageMem3DEXT,,unknown,,,,,False,False,False,False,False,False,False
1647,1646,0x66E,glTexStorageMem3DMultisampleEXT,,unknown,,,,,False,False,False,False,False,False,False
1648,1647,0x66F,glTexStorageMemFlags2DANGLE,,unknown,,,,,False,False,False,False,False,False,False
1649,1648,0x670,glTexStorageMemFlags2DMultisampleANGLE,,unknown,,,,,False,False,False,False,False,False,False
1650,1649,0x671,glTexStorageMemFlags3DANGLE,,unknown,,,,,False,False,False,False,False,False,False
1651,1650,0x672,glTexStorageMemFlags3DMultisampleANGLE,,unknown,,,,,False,False,False,False,False,False,False
1652,1651,0x673,glTexSubImage2D,,unknown,,,,,False,False,False,False,False,False,False
1653,1652,0x674,glTexSubImage2DRobustANGLE,,unknown,,,,,False,False,False,False,False,False,False
1654,1653,0x675,glTexSubImage3D,,unknown,,,,,False,False,False,False,False,False,False
1655,1654,0x676,glTexSubImage3DOES,,unknown,,,,,False,False,False,False,False,False,False
1656,1655,0x677,glTexSubImage3DRobustANGLE,,unknown,,,,,False,False,False,False,False,False,False
1657,1656,0x678,glTransformFeedbackVaryings,,unknown,,,,,False,False,False,False,False,False,False
1658,1657,0x679,glTranslatef,,unknown,,,,,False,False,False,False,False,False,False
1659,1658,0x67A,glTranslatex,,unknown,,,,,False,False,False,False,False,False,False
1660,1659,0x67B,glUniform1f,,unknown,,,,,False,False,False,False,False,False,False
1661,1660,0x67C,glUniform1fv,,unknown,,,,,False,False,False,False,False,False,False
1662,1661,0x67D,glUniform1i,,unknown,,,,,False,False,False,False,False,False,False
1663,1662,0x67E,glUniform1iv,,unknown,,,,,False,False,False,False,False,False,False
1664,1663,0x67F,glUniform1ui,,unknown,,,,,False,False,False,False,False,False,False
1665,1664,0x680,glUniform1uiv,,unknown,,,,,False,False,False,False,False,False,False
1666,1665,0x681,glUniform2f,,unknown,,,,,False,False,False,False,False,False,False
1667,1666,0x682,glUniform2fv,,unknown,,,,,False,False,False,False,False,False,False
1668,1667,0x683,glUniform2i,,unknown,,,,,False,False,False,False,False,False,False
1669,1668,0x684,glUniform2iv,,unknown,,,,,False,False,False,False,False,False,False
1670,1669,0x685,glUniform2ui,,unknown,,,,,False,False,False,False,False,False,False
1671,1670,0x686,glUniform2uiv,,unknown,,,,,False,False,False,False,False,False,False
1672,1671,0x687,glUniform3f,,unknown,,,,,False,False,False,False,False,False,False
1673,1672,0x688,glUniform3fv,,unknown,,,,,False,False,False,False,False,False,False
1674,1673,0x689,glUniform3i,,unknown,,,,,False,False,False,False,False,False,False
1675,1674,0x68A,glUniform3iv,,unknown,,,,,False,False,False,False,False,False,False
1676,1675,0x68B,glUniform3ui,,unknown,,,,,False,False,False,False,False,False,False
1677,1676,0x68C,glUniform3uiv,,unknown,,,,,False,False,False,False,False,False,False
1678,1677,0x68D,glUniform4f,,unknown,,,,,False,False,False,False,False,False,False
1679,1678,0x68E,glUniform4fv,,unknown,,,,,False,False,False,False,False,False,False
1680,1679,0x68F,glUniform4i,,unknown,,,,,False,False,False,False,False,False,False
1681,1680,0x690,glUniform4iv,,unknown,,,,,False,False,False,False,False,False,False
1682,1681,0x691,glUniform4ui,,unknown,,,,,False,False,False,False,False,False,False
1683,1682,0x692,glUniform4uiv,,unknown,,,,,False,False,False,False,False,False,False
1684,1683,0x693,glUniformBlockBinding,,unknown,,,,,False,False,False,False,False,False,False
1685,1684,0x694,glUniformMatrix2fv,,unknown,,,,,False,False,False,False,False,False,False
1686,1685,0x695,glUniformMatrix2x3fv,,unknown,,,,,False,False,False,False,False,False,False
1687,1686,0x696,glUniformMatrix2x4fv,,unknown,,,,,False,False,False,False,False,False,False
1688,1687,0x697,glUniformMatrix3fv,,unknown,,,,,False,False,False,False,False,False,False
1689,1688,0x698,glUniformMatrix3x2fv,,unknown,,,,,False,False,False,False,False,False,False
1690,1689,0x699,glUniformMatrix3x4fv,,unknown,,,,,False,False,False,False,False,False,False
1691,1690,0x69A,glUniformMatrix4fv,,unknown,,,,,False,False,False,False,False,False,False
1692,1691,0x69B,glUniformMatrix4x2fv,,unknown,,,,,False,False,False,False,False,False,False
1693,1692,0x69C,glUniformMatrix4x3fv,,unknown,,,,,False,False,False,False,False,False,False
1694,1693,0x69D,glUnmapBuffer,,unknown,,,,,False,False,False,False,False,False,False
1695,1694,0x69E,glUnmapBufferOES,,unknown,,,,,False,False,False,False,False,False,False
1696,1695,0x69F,glUseProgram,,unknown,,,,,False,False,False,False,False,False,False
1697,1696,0x6A0,glUseProgramStages,,unknown,,,,,False,False,False,False,False,False,False
1698,1697,0x6A1,glUseProgramStagesEXT,,unknown,,,,,False,False,False,False,False,False,False
1699,1698,0x6A2,glValidateProgram,,unknown,,,,,False,False,False,False,False,False,False
1700,1699,0x6A3,glValidateProgramPipeline,,unknown,,,,,False,False,False,False,False,False,False
1701,1700,0x6A4,glValidateProgramPipelineEXT,,unknown,,,,,False,False,False,False,False,False,False
1702,1701,0x6A5,glVertexAttrib1f,,unknown,,,,,False,False,False,False,False,False,False
1703,1702,0x6A6,glVertexAttrib1fv,,unknown,,,,,False,False,False,False,False,False,False
1704,1703,0x6A7,glVertexAttrib2f,,unknown,,,,,False,False,False,False,False,False,False
1705,1704,0x6A8,glVertexAttrib2fv,,unknown,,,,,False,False,False,False,False,False,False
1706,1705,0x6A9,glVertexAttrib3f,,unknown,,,,,False,False,False,False,False,False,False
1707,1706,0x6AA,glVertexAttrib3fv,,unknown,,,,,False,False,False,False,False,False,False
1708,1707,0x6AB,glVertexAttrib4f,,unknown,,,,,False,False,False,False,False,False,False
1709,1708,0x6AC,glVertexAttrib4fv,,unknown,,,,,False,False,False,False,False,False,False
1710,1709,0x6AD,glVertexAttribBinding,,unknown,,,,,False,False,False,False,False,False,False
1711,1710,0x6AE,glVertexAttribDivisor,,unknown,,,,,False,False,False,False,False,False,False
1712,1711,0x6AF,glVertexAttribDivisorANGLE,,unknown,,,,,False,False,False,False,False,False,False
1713,1712,0x6B0,glVertexAttribDivisorEXT,,unknown,,,,,False,False,False,False,False,False,False
1714,1713,0x6B1,glVertexAttribFormat,,unknown,,,,,False,False,False,False,False,False,False
1715,1714,0x6B2,glVertexAttribI4i,,unknown,,,,,False,False,False,False,False,False,False
1716,1715,0x6B3,glVertexAttribI4iv,,unknown,,,,,False,False,False,False,False,False,False
1717,1716,0x6B4,glVertexAttribI4ui,,unknown,,,,,False,False,False,False,False,False,False
1718,1717,0x6B5,glVertexAttribI4uiv,,unknown,,,,,False,False,False,False,False,False,False
1719,1718,0x6B6,glVertexAttribIFormat,,unknown,,,,,False,False,False,False,False,False,False
1720,1719,0x6B7,glVertexAttribIPointer,,unknown,,,,,False,False,False,False,False,False,False
1721,1720,0x6B8,glVertexAttribPointer,,unknown,,,,,False,False,False,False,False,False,False
1722,1721,0x6B9,glVertexBindingDivisor,,unknown,,,,,False,False,False,False,False,False,False
1723,1722,0x6BA,glVertexPointer,,unknown,,,,,False,False,False,False,False,False,False
1724,1723,0x6BB,glViewport,,unknown,,,,,False,False,False,False,False,False,False
1725,1724,0x6BC,glWaitSemaphoreEXT,,unknown,,,,,False,False,False,False,False,False,False
1726,1725,0x6BD,glWaitSync,,unknown,,,,,False,False,False,False,False,False,False
1727,1726,0x6BE,glWeightPointerOES,,unknown,,,,,False,False,False,False,False,False,False
