ordinal,rva,rva_hex,name,demangled,symbol_type,namespace,class_name,function_name,parameters,const,static,virtual,is_vftable,is_vbtable,is_rtti,demangle_ok
1,0,0x0,??0Angle@common@proj@osgeo@@QEAA@AEBV0123@@Z,public: __cdecl osgeo::proj::common::Angle::Angle(class osgeo::proj::common::Angle const &),method,osgeo::proj::common,Angle,Angle,class osgeo::proj::common::Angle const &,False,False,False,False,False,False,True
2,1,0x1,??0Angle@common@proj@osgeo@@QEAA@N@Z,public: __cdecl osgeo::proj::common::Angle::Angle(double),method,osgeo::proj::common,Angle,Angle,double,False,False,False,False,False,False,True
3,2,0x2,??0Angle@common@proj@osgeo@@QEAA@NAEBVUnitOfMeasure@123@@Z,"public: __cdecl osgeo::proj::common::Angle::Angle(double, class osgeo::proj::common::UnitOfMeasure const &)",method,osgeo::proj::common,Angle,Angle,"double, class osgeo::proj::common::UnitOfMeasure const &",False,False,False,False,False,False,True
4,3,0x3,??0BoxedValue@util@proj@osgeo@@QEAA@AEBV?$basic_string@DU?$char_traits@D@std@@V?$allocator@D@2@@std@@@Z,"public: __cdecl osgeo::proj::util::BoxedValue::BoxedValue(class std::basic_string<char, struct std::char_traits<char>, class std::allocator<char>> const &)",method,osgeo::proj::util,BoxedValue,BoxedValue,"class std::basic_string<char, struct std::char_traits<char>, class std::allocator<char>> const &",False,False,False,False,False,False,True
5,4,0x4,??0BoxedValue@util@proj@osgeo@@QEAA@H@Z,public: __cdecl osgeo::proj::util::BoxedValue::BoxedValue(int),method,osgeo::proj::util,BoxedValue,BoxedValue,int,False,False,False,False,False,False,True
6,5,0x5,??0BoxedValue@util@proj@osgeo@@QEAA@PEBD@Z,public: __cdecl osgeo::proj::util::BoxedValue::BoxedValue(char const *),method,osgeo::proj::util,BoxedValue,BoxedValue,char const *,False,False,False,False,False,False,True
7,6,0x6,??0BoxedValue@util@proj@osgeo@@QEAA@_N@Z,public: __cdecl osgeo::proj::util::BoxedValue::BoxedValue(bool),method,osgeo::proj::util,BoxedValue,BoxedValue,bool,False,False,False,False,False,False,True
8,7,0x7,??0Citation@metadata@proj@osgeo@@QEAA@AEBV0123@@Z,public: __cdecl osgeo::proj::metadata::Citation::Citation(class osgeo::proj::metadata::Citation const &),method,osgeo::proj::metadata,Citation,Citation,class osgeo::proj::metadata::Citation const &,False,False,False,False,False,False,True
9,8,0x8,??0Citation@metadata@proj@osgeo@@QEAA@AEBV?$basic_string@DU?$char_traits@D@std@@V?$allocator@D@2@@std@@@Z,"public: __cdecl osgeo::proj::metadata::Citation::Citation(class std::basic_string<char, struct std::char_traits<char>, class std::allocator<char>> const &)",method,osgeo::proj::metadata,Citation,Citation,"class std::basic_string<char, struct std::char_traits<char>, class std::allocator<char>> const &",False,False,False,False,False,False,True
10,9,0x9,??0Citation@metadata@proj@osgeo@@QEAA@XZ,public: __cdecl osgeo::proj::metadata::Citation::Citation(void),method,osgeo::proj::metadata,Citation,Citation,void,False,False,False,False,False,False,True
11,10,0xA,??0DataEpoch@common@proj@osgeo@@QEAA@AEBV0123@@Z,public: __cdecl osgeo::proj::common::DataEpoch::DataEpoch(class osgeo::proj::common::DataEpoch const &),method,osgeo::proj::common,DataEpoch,DataEpoch,class osgeo::proj::common::DataEpoch const &,False,False,False,False,False,False,True
12,11,0xB,??0DataEpoch@common@proj@osgeo@@QEAA@AEBVMeasure@123@@Z,public: __cdecl osgeo::proj::common::DataEpoch::DataEpoch(class osgeo::proj::common::Measure const &),method,osgeo::proj::common,DataEpoch,DataEpoch,class osgeo::proj::common::Measure const &,False,False,False,False,False,False,True
13,12,0xC,??0DateTime@common@proj@osgeo@@QEAA@AEBV0123@@Z,public: __cdecl osgeo::proj::common::DateTime::DateTime(class osgeo::proj::common::DateTime const &),method,osgeo::proj::common,DateTime,DateTime,class osgeo::proj::common::DateTime const &,False,False,False,False,False,False,True
14,13,0xD,??0Exception@util@proj@osgeo@@QEAA@AEBV0123@@Z,public: __cdecl osgeo::proj::util::Exception::Exception(class osgeo::proj::util::Exception const &),method,osgeo::proj::util,Exception,Exception,class osgeo::proj::util::Exception const &,False,False,False,False,False,False,True
15,14,0xE,??0Extent@metadata@proj@osgeo@@QEAA@AEBV0123@@Z,public: __cdecl osgeo::proj::metadata::Extent::Extent(class osgeo::proj::metadata::Extent const &),method,osgeo::proj::metadata,Extent,Extent,class osgeo::proj::metadata::Extent const &,False,False,False,False,False,False,True
16,15,0xF,??0FactoryException@io@proj@osgeo@@QEAA@AEBV0123@@Z,public: __cdecl osgeo::proj::io::FactoryException::FactoryException(class osgeo::proj::io::FactoryException const &),method,osgeo::proj::io,FactoryException,FactoryException,class osgeo::proj::io::FactoryException const &,False,False,False,False,False,False,True
17,16,0x10,??0FactoryException@io@proj@osgeo@@QEAA@AEBV?$basic_string@DU?$char_traits@D@std@@V?$allocator@D@2@@std@@@Z,"public: __cdecl osgeo::proj::io::FactoryException::FactoryException(class std::basic_string<char, struct std::char_traits<char>, class std::allocator<char>> const &)",method,osgeo::proj::io,FactoryException,FactoryException,"class std::basic_string<char, struct std::char_traits<char>, class std::allocator<char>> const &",False,False,False,False,False,False,True
18,17,0x11,??0FactoryException@io@proj@osgeo@@QEAA@PEBD@Z,public: __cdecl osgeo::proj::io::FactoryException::FactoryException(char const *),method,osgeo::proj::io,FactoryException,FactoryException,char const *,False,False,False,False,False,False,True
19,18,0x12,??0FormattingException@io@proj@osgeo@@QEAA@AEBV0123@@Z,public: __cdecl osgeo::proj::io::FormattingException::FormattingException(class osgeo::proj::io::FormattingException const &),method,osgeo::proj::io,FormattingException,FormattingException,class osgeo::proj::io::FormattingException const &,False,False,False,False,False,False,True
20,19,0x13,??0GenericShiftGrid@proj@osgeo@@QEAA@AEBV?$basic_string@DU?$char_traits@D@std@@V?$allocator@D@2@@std@@HHAEBUExtentAndRes@12@@Z,"public: __cdecl osgeo::proj::GenericShiftGrid::GenericShiftGrid(class std::basic_string<char, struct std::char_traits<char>, class std::allocator<char>> const &, int, int, struct osgeo::proj::ExtentAndRes const &)",method,osgeo::proj,GenericShiftGrid,GenericShiftGrid,"class std::basic_string<char, struct std::char_traits<char>, class std::allocator<char>> const &, int, int, struct osgeo::proj::ExtentAndRes const &",False,False,False,False,False,False,True
21,20,0x14,??0GridDescription@operation@proj@osgeo@@QEAA@$$QEAU0123@@Z,public: __cdecl osgeo::proj::operation::GridDescription::GridDescription(struct osgeo::proj::operation::GridDescription &&),method,osgeo::proj::operation,GridDescription,GridDescription,struct osgeo::proj::operation::GridDescription &&,False,False,False,False,False,False,True
22,21,0x15,??0GridDescription@operation@proj@osgeo@@QEAA@AEBU0123@@Z,public: __cdecl osgeo::proj::operation::GridDescription::GridDescription(struct osgeo::proj::operation::GridDescription const &),method,osgeo::proj::operation,GridDescription,GridDescription,struct osgeo::proj::operation::GridDescription const &,False,False,False,False,False,False,True
23,22,0x16,??0GridDescription@operation@proj@osgeo@@QEAA@XZ,public: __cdecl osgeo::proj::operation::GridDescription::GridDescription(void),method,osgeo::proj::operation,GridDescription,GridDescription,void,False,False,False,False,False,False,True
24,23,0x17,??0HorizontalShiftGrid@proj@osgeo@@QEAA@AEBV?$basic_string@DU?$char_traits@D@std@@V?$allocator@D@2@@std@@HHAEBUExtentAndRes@12@@Z,"public: __cdecl osgeo::proj::HorizontalShiftGrid::HorizontalShiftGrid(class std::basic_string<char, struct std::char_traits<char>, class std::allocator<char>> const &, int, int, struct osgeo::proj::ExtentAndRes const &)",method,osgeo::proj,HorizontalShiftGrid,HorizontalShiftGrid,"class std::basic_string<char, struct std::char_traits<char>, class std::allocator<char>> const &, int, int, struct osgeo::proj::ExtentAndRes const &",False,False,False,False,False,False,True
25,24,0x18,??0Identifier@metadata@proj@osgeo@@QEAA@AEBV0123@@Z,public: __cdecl osgeo::proj::metadata::Identifier::Identifier(class osgeo::proj::metadata::Identifier const &),method,osgeo::proj::metadata,Identifier,Identifier,class osgeo::proj::metadata::Identifier const &,False,False,False,False,False,False,True
26,25,0x19,??0InvalidCompoundCRSException@crs@proj@osgeo@@QEAA@AEBV0123@@Z,public: __cdecl osgeo::proj::crs::InvalidCompoundCRSException::InvalidCompoundCRSException(class osgeo::proj::crs::InvalidCompoundCRSException const &),method,osgeo::proj::crs,InvalidCompoundCRSException,InvalidCompoundCRSException,class osgeo::proj::crs::InvalidCompoundCRSException const &,False,False,False,False,False,False,True
27,26,0x1A,??0InvalidOperation@operation@proj@osgeo@@QEAA@AEBV0123@@Z,public: __cdecl osgeo::proj::operation::InvalidOperation::InvalidOperation(class osgeo::proj::operation::InvalidOperation const &),method,osgeo::proj::operation,InvalidOperation,InvalidOperation,class osgeo::proj::operation::InvalidOperation const &,False,False,False,False,False,False,True
28,27,0x1B,??0InvalidValueTypeException@util@proj@osgeo@@QEAA@AEBV0123@@Z,public: __cdecl osgeo::proj::util::InvalidValueTypeException::InvalidValueTypeException(class osgeo::proj::util::InvalidValueTypeException const &),method,osgeo::proj::util,InvalidValueTypeException,InvalidValueTypeException,class osgeo::proj::util::InvalidValueTypeException const &,False,False,False,False,False,False,True
29,28,0x1C,??0Length@common@proj@osgeo@@QEAA@AEBV0123@@Z,public: __cdecl osgeo::proj::common::Length::Length(class osgeo::proj::common::Length const &),method,osgeo::proj::common,Length,Length,class osgeo::proj::common::Length const &,False,False,False,False,False,False,True
30,29,0x1D,??0Length@common@proj@osgeo@@QEAA@N@Z,public: __cdecl osgeo::proj::common::Length::Length(double),method,osgeo::proj::common,Length,Length,double,False,False,False,False,False,False,True
31,30,0x1E,??0Length@common@proj@osgeo@@QEAA@NAEBVUnitOfMeasure@123@@Z,"public: __cdecl osgeo::proj::common::Length::Length(double, class osgeo::proj::common::UnitOfMeasure const &)",method,osgeo::proj::common,Length,Length,"double, class osgeo::proj::common::UnitOfMeasure const &",False,False,False,False,False,False,True
32,31,0x1F,??0Measure@common@proj@osgeo@@QEAA@AEBV0123@@Z,public: __cdecl osgeo::proj::common::Measure::Measure(class osgeo::proj::common::Measure const &),method,osgeo::proj::common,Measure,Measure,class osgeo::proj::common::Measure const &,False,False,False,False,False,False,True
33,32,0x20,??0Measure@common@proj@osgeo@@QEAA@NAEBVUnitOfMeasure@123@@Z,"public: __cdecl osgeo::proj::common::Measure::Measure(double, class osgeo::proj::common::UnitOfMeasure const &)",method,osgeo::proj::common,Measure,Measure,"double, class osgeo::proj::common::UnitOfMeasure const &",False,False,False,False,False,False,True
34,33,0x21,??0NoSuchAuthorityCodeException@io@proj@osgeo@@QEAA@AEBV0123@@Z,public: __cdecl osgeo::proj::io::NoSuchAuthorityCodeException::NoSuchAuthorityCodeException(class osgeo::proj::io::NoSuchAuthorityCodeException const &),method,osgeo::proj::io,NoSuchAuthorityCodeException,NoSuchAuthorityCodeException,class osgeo::proj::io::NoSuchAuthorityCodeException const &,False,False,False,False,False,False,True
35,34,0x22,??0NoSuchAuthorityCodeException@io@proj@osgeo@@QEAA@AEBV?$basic_string@DU?$char_traits@D@std@@V?$allocator@D@2@@std@@00@Z,"public: __cdecl osgeo::proj::io::NoSuchAuthorityCodeException::NoSuchAuthorityCodeException(class std::basic_string<char, struct std::char_traits<char>, class std::allocator<char>> const &, class std::basic_string<char, struct std::char_traits<char>, class std::allocator<char>> const &, class std::basic_string<char, struct std::char_traits<char>, class std::allocator<char>> const &)",method,osgeo::proj::io,NoSuchAuthorityCodeException,NoSuchAuthorityCodeException,"class std::basic_string<char, struct std::char_traits<char>, class std::allocator<char>> const &, class std::basic_string<char, struct std::char_traits<char>, class std::allocator<char>> const &, class std::basic_string<char, struct std::char_traits<char>, class std::allocator<char>> const &",False,False,False,False,False,False,True
36,35,0x23,??0PROJStringParser@io@proj@osgeo@@QEAA@XZ,public: __cdecl osgeo::proj::io::PROJStringParser::PROJStringParser(void),method,osgeo::proj::io,PROJStringParser,PROJStringParser,void,False,False,False,False,False,False,True
37,36,0x24,??0ParsingException@io@proj@osgeo@@QEAA@AEBV0123@@Z,public: __cdecl osgeo::proj::io::ParsingException::ParsingException(class osgeo::proj::io::ParsingException const &),method,osgeo::proj::io,ParsingException,ParsingException,class osgeo::proj::io::ParsingException const &,False,False,False,False,False,False,True
38,37,0x25,??0PropertyMap@util@proj@osgeo@@QEAA@AEBV0123@@Z,public: __cdecl osgeo::proj::util::PropertyMap::PropertyMap(class osgeo::proj::util::PropertyMap const &),method,osgeo::proj::util,PropertyMap,PropertyMap,class osgeo::proj::util::PropertyMap const &,False,False,False,False,False,False,True
39,38,0x26,??0PropertyMap@util@proj@osgeo@@QEAA@XZ,public: __cdecl osgeo::proj::util::PropertyMap::PropertyMap(void),method,osgeo::proj::util,PropertyMap,PropertyMap,void,False,False,False,False,False,False,True
40,39,0x27,??0RealizationMethod@datum@proj@osgeo@@AEAA@AEBV0123@@Z,private: __cdecl osgeo::proj::datum::RealizationMethod::RealizationMethod(class osgeo::proj::datum::RealizationMethod const &),method,osgeo::proj::datum,RealizationMethod,RealizationMethod,class osgeo::proj::datum::RealizationMethod const &,False,False,False,False,False,False,True
41,40,0x28,??0RealizationMethod@datum@proj@osgeo@@AEAA@AEBV?$basic_string@DU?$char_traits@D@std@@V?$allocator@D@2@@std@@@Z,"private: __cdecl osgeo::proj::datum::RealizationMethod::RealizationMethod(class std::basic_string<char, struct std::char_traits<char>, class std::allocator<char>> const &)",method,osgeo::proj::datum,RealizationMethod,RealizationMethod,"class std::basic_string<char, struct std::char_traits<char>, class std::allocator<char>> const &",False,False,False,False,False,False,True
42,41,0x29,??0Scale@common@proj@osgeo@@QEAA@AEBV0123@@Z,public: __cdecl osgeo::proj::common::Scale::Scale(class osgeo::proj::common::Scale const &),method,osgeo::proj::common,Scale,Scale,class osgeo::proj::common::Scale const &,False,False,False,False,False,False,True
43,42,0x2A,??0Scale@common@proj@osgeo@@QEAA@N@Z,public: __cdecl osgeo::proj::common::Scale::Scale(double),method,osgeo::proj::common,Scale,Scale,double,False,False,False,False,False,False,True
44,43,0x2B,??0Scale@common@proj@osgeo@@QEAA@NAEBVUnitOfMeasure@123@@Z,"public: __cdecl osgeo::proj::common::Scale::Scale(double, class osgeo::proj::common::UnitOfMeasure const &)",method,osgeo::proj::common,Scale,Scale,"double, class osgeo::proj::common::UnitOfMeasure const &",False,False,False,False,False,False,True
45,44,0x2C,??0UnitOfMeasure@common@proj@osgeo@@QEAA@AEBV0123@@Z,public: __cdecl osgeo::proj::common::UnitOfMeasure::UnitOfMeasure(class osgeo::proj::common::UnitOfMeasure const &),method,osgeo::proj::common,UnitOfMeasure,UnitOfMeasure,class osgeo::proj::common::UnitOfMeasure const &,False,False,False,False,False,False,True
46,45,0x2D,??0UnitOfMeasure@common@proj@osgeo@@QEAA@AEBV?$basic_string@DU?$char_traits@D@std@@V?$allocator@D@2@@std@@NW4Type@0123@00@Z,"public: __cdecl osgeo::proj::common::UnitOfMeasure::UnitOfMeasure(class std::basic_string<char, struct std::char_traits<char>, class std::allocator<char>> const &, double, enum osgeo::proj::common::UnitOfMeasure::Type, class std::basic_string<char, struct std::char_traits<char>, class std::allocator<char>> const &, class std::basic_string<char, struct std::char_traits<char>, class std::allocator<char>> const &)",method,osgeo::proj::common,UnitOfMeasure,UnitOfMeasure,"class std::basic_string<char, struct std::char_traits<char>, class std::allocator<char>> const &, double, enum osgeo::proj::common::UnitOfMeasure::Type, class std::basic_string<char, struct std::char_traits<char>, class std::allocator<char>> const &, class std::basic_string<char, struct std::char_traits<char>, class std::allocator<char>> const &",False,False,False,False,False,False,True
47,46,0x2E,??0UnsupportedOperationException@util@proj@osgeo@@QEAA@AEBV0123@@Z,public: __cdecl osgeo::proj::util::UnsupportedOperationException::UnsupportedOperationException(class osgeo::proj::util::UnsupportedOperationException const &),method,osgeo::proj::util,UnsupportedOperationException,UnsupportedOperationException,class osgeo::proj::util::UnsupportedOperationException const &,False,False,False,False,False,False,True
48,47,0x2F,??0VerticalShiftGrid@proj@osgeo@@QEAA@AEBV?$basic_string@DU?$char_traits@D@std@@V?$allocator@D@2@@std@@HHAEBUExtentAndRes@12@@Z,"public: __cdecl osgeo::proj::VerticalShiftGrid::VerticalShiftGrid(class std::basic_string<char, struct std::char_traits<char>, class std::allocator<char>> const &, int, int, struct osgeo::proj::ExtentAndRes const &)",method,osgeo::proj,VerticalShiftGrid,VerticalShiftGrid,"class std::basic_string<char, struct std::char_traits<char>, class std::allocator<char>> const &, int, int, struct osgeo::proj::ExtentAndRes const &",False,False,False,False,False,False,True
49,48,0x30,??0WKTNode@io@proj@osgeo@@QEAA@AEBV?$basic_string@DU?$char_traits@D@std@@V?$allocator@D@2@@std@@@Z,"public: __cdecl osgeo::proj::io::WKTNode::WKTNode(class std::basic_string<char, struct std::char_traits<char>, class std::allocator<char>> const &)",method,osgeo::proj::io,WKTNode,WKTNode,"class std::basic_string<char, struct std::char_traits<char>, class std::allocator<char>> const &",False,False,False,False,False,False,True
50,49,0x31,??0WKTParser@io@proj@osgeo@@QEAA@XZ,public: __cdecl osgeo::proj::io::WKTParser::WKTParser(void),method,osgeo::proj::io,WKTParser,WKTParser,void,False,False,False,False,False,False,True
51,50,0x32,??1?$DerivedCRSTemplate@UDerivedEngineeringCRSTraits@crs@proj@osgeo@@@crs@proj@osgeo@@UEAA@XZ,public: virtual __cdecl osgeo::proj::crs::DerivedCRSTemplate<struct osgeo::proj::crs::DerivedEngineeringCRSTraits>::~DerivedCRSTemplate<struct osgeo::proj::crs::DerivedEngineeringCRSTraits>(void),method,osgeo::proj,crs,DerivedEngineeringCRSTraits>,void,False,False,True,False,False,False,True
52,51,0x33,??1?$DerivedCRSTemplate@UDerivedParametricCRSTraits@crs@proj@osgeo@@@crs@proj@osgeo@@UEAA@XZ,public: virtual __cdecl osgeo::proj::crs::DerivedCRSTemplate<struct osgeo::proj::crs::DerivedParametricCRSTraits>::~DerivedCRSTemplate<struct osgeo::proj::crs::DerivedParametricCRSTraits>(void),method,osgeo::proj,crs,DerivedParametricCRSTraits>,void,False,False,True,False,False,False,True
53,52,0x34,??1?$DerivedCRSTemplate@UDerivedTemporalCRSTraits@crs@proj@osgeo@@@crs@proj@osgeo@@UEAA@XZ,public: virtual __cdecl osgeo::proj::crs::DerivedCRSTemplate<struct osgeo::proj::crs::DerivedTemporalCRSTraits>::~DerivedCRSTemplate<struct osgeo::proj::crs::DerivedTemporalCRSTraits>(void),method,osgeo::proj,crs,DerivedTemporalCRSTraits>,void,False,False,True,False,False,False,True
54,53,0x35,??1Angle@common@proj@osgeo@@UEAA@XZ,public: virtual __cdecl osgeo::proj::common::Angle::~Angle(void),method,osgeo::proj::common,Angle,~Angle,void,False,False,True,False,False,False,True
55,54,0x36,??1ArrayOfBaseObject@util@proj@osgeo@@UEAA@XZ,public: virtual __cdecl osgeo::proj::util::ArrayOfBaseObject::~ArrayOfBaseObject(void),method,osgeo::proj::util,ArrayOfBaseObject,~ArrayOfBaseObject,void,False,False,True,False,False,False,True
56,55,0x37,??1AuthorityFactory@io@proj@osgeo@@QEAA@XZ,public: __cdecl osgeo::proj::io::AuthorityFactory::~AuthorityFactory(void),method,osgeo::proj::io,AuthorityFactory,~AuthorityFactory,void,False,False,False,False,False,False,True
57,56,0x38,??1BaseObject@util@proj@osgeo@@UEAA@XZ,public: virtual __cdecl osgeo::proj::util::BaseObject::~BaseObject(void),method,osgeo::proj::util,BaseObject,~BaseObject,void,False,False,True,False,False,False,True
58,57,0x39,??1BaseObjectNNPtr@util@proj@osgeo@@QEAA@XZ,public: __cdecl osgeo::proj::util::BaseObjectNNPtr::~BaseObjectNNPtr(void),method,osgeo::proj::util,BaseObjectNNPtr,~BaseObjectNNPtr,void,False,False,False,False,False,False,True
59,58,0x3A,??1BoundCRS@crs@proj@osgeo@@UEAA@XZ,public: virtual __cdecl osgeo::proj::crs::BoundCRS::~BoundCRS(void),method,osgeo::proj::crs,BoundCRS,~BoundCRS,void,False,False,True,False,False,False,True
60,59,0x3B,??1BoxedValue@util@proj@osgeo@@UEAA@XZ,public: virtual __cdecl osgeo::proj::util::BoxedValue::~BoxedValue(void),method,osgeo::proj::util,BoxedValue,~BoxedValue,void,False,False,True,False,False,False,True
61,60,0x3C,??1CRS@crs@proj@osgeo@@UEAA@XZ,public: virtual __cdecl osgeo::proj::crs::CRS::~CRS(void),method,osgeo::proj::crs,CRS,~CRS,void,False,False,True,False,False,False,True
62,61,0x3D,??1CartesianCS@cs@proj@osgeo@@UEAA@XZ,public: virtual __cdecl osgeo::proj::cs::CartesianCS::~CartesianCS(void),method,osgeo::proj::cs,CartesianCS,~CartesianCS,void,False,False,True,False,False,False,True
63,62,0x3E,??1Citation@metadata@proj@osgeo@@UEAA@XZ,public: virtual __cdecl osgeo::proj::metadata::Citation::~Citation(void),method,osgeo::proj::metadata,Citation,~Citation,void,False,False,True,False,False,False,True
64,63,0x3F,??1CodeList@util@proj@osgeo@@QEAA@XZ,public: __cdecl osgeo::proj::util::CodeList::~CodeList(void),method,osgeo::proj::util,CodeList,~CodeList,void,False,False,False,False,False,False,True
65,64,0x40,??1CompoundCRS@crs@proj@osgeo@@UEAA@XZ,public: virtual __cdecl osgeo::proj::crs::CompoundCRS::~CompoundCRS(void),method,osgeo::proj::crs,CompoundCRS,~CompoundCRS,void,False,False,True,False,False,False,True
66,65,0x41,??1ConcatenatedOperation@operation@proj@osgeo@@UEAA@XZ,public: virtual __cdecl osgeo::proj::operation::ConcatenatedOperation::~ConcatenatedOperation(void),method,osgeo::proj::operation,ConcatenatedOperation,~ConcatenatedOperation,void,False,False,True,False,False,False,True
67,66,0x42,??1Conversion@operation@proj@osgeo@@UEAA@XZ,public: virtual __cdecl osgeo::proj::operation::Conversion::~Conversion(void),method,osgeo::proj::operation,Conversion,~Conversion,void,False,False,True,False,False,False,True
68,67,0x43,??1CoordinateOperation@operation@proj@osgeo@@UEAA@XZ,public: virtual __cdecl osgeo::proj::operation::CoordinateOperation::~CoordinateOperation(void),method,osgeo::proj::operation,CoordinateOperation,~CoordinateOperation,void,False,False,True,False,False,False,True
69,68,0x44,??1CoordinateOperationContext@operation@proj@osgeo@@UEAA@XZ,public: virtual __cdecl osgeo::proj::operation::CoordinateOperationContext::~CoordinateOperationContext(void),method,osgeo::proj::operation,CoordinateOperationContext,~CoordinateOperationContext,void,False,False,True,False,False,False,True
70,69,0x45,??1CoordinateOperationFactory@operation@proj@osgeo@@UEAA@XZ,public: virtual __cdecl osgeo::proj::operation::CoordinateOperationFactory::~CoordinateOperationFactory(void),method,osgeo::proj::operation,CoordinateOperationFactory,~CoordinateOperationFactory,void,False,False,True,False,False,False,True
71,70,0x46,??1CoordinateSystem@cs@proj@osgeo@@UEAA@XZ,public: virtual __cdecl osgeo::proj::cs::CoordinateSystem::~CoordinateSystem(void),method,osgeo::proj::cs,CoordinateSystem,~CoordinateSystem,void,False,False,True,False,False,False,True
72,71,0x47,??1CoordinateSystemAxis@cs@proj@osgeo@@UEAA@XZ,public: virtual __cdecl osgeo::proj::cs::CoordinateSystemAxis::~CoordinateSystemAxis(void),method,osgeo::proj::cs,CoordinateSystemAxis,~CoordinateSystemAxis,void,False,False,True,False,False,False,True
73,72,0x48,??1DataEpoch@common@proj@osgeo@@QEAA@XZ,public: __cdecl osgeo::proj::common::DataEpoch::~DataEpoch(void),method,osgeo::proj::common,DataEpoch,~DataEpoch,void,False,False,False,False,False,False,True
74,73,0x49,??1DatabaseContext@io@proj@osgeo@@QEAA@XZ,public: __cdecl osgeo::proj::io::DatabaseContext::~DatabaseContext(void),method,osgeo::proj::io,DatabaseContext,~DatabaseContext,void,False,False,False,False,False,False,True
75,74,0x4A,??1DateTime@common@proj@osgeo@@QEAA@XZ,public: __cdecl osgeo::proj::common::DateTime::~DateTime(void),method,osgeo::proj::common,DateTime,~DateTime,void,False,False,False,False,False,False,True
76,75,0x4B,??1DateTimeTemporalCS@cs@proj@osgeo@@UEAA@XZ,public: virtual __cdecl osgeo::proj::cs::DateTimeTemporalCS::~DateTimeTemporalCS(void),method,osgeo::proj::cs,DateTimeTemporalCS,~DateTimeTemporalCS,void,False,False,True,False,False,False,True
77,76,0x4C,??1Datum@datum@proj@osgeo@@UEAA@XZ,public: virtual __cdecl osgeo::proj::datum::Datum::~Datum(void),method,osgeo::proj::datum,Datum,~Datum,void,False,False,True,False,False,False,True
78,77,0x4D,??1DatumEnsemble@datum@proj@osgeo@@UEAA@XZ,public: virtual __cdecl osgeo::proj::datum::DatumEnsemble::~DatumEnsemble(void),method,osgeo::proj::datum,DatumEnsemble,~DatumEnsemble,void,False,False,True,False,False,False,True
79,78,0x4E,??1DerivedCRS@crs@proj@osgeo@@UEAA@XZ,public: virtual __cdecl osgeo::proj::crs::DerivedCRS::~DerivedCRS(void),method,osgeo::proj::crs,DerivedCRS,~DerivedCRS,void,False,False,True,False,False,False,True
80,79,0x4F,??1DerivedGeodeticCRS@crs@proj@osgeo@@UEAA@XZ,public: virtual __cdecl osgeo::proj::crs::DerivedGeodeticCRS::~DerivedGeodeticCRS(void),method,osgeo::proj::crs,DerivedGeodeticCRS,~DerivedGeodeticCRS,void,False,False,True,False,False,False,True
81,80,0x50,??1DerivedGeographicCRS@crs@proj@osgeo@@UEAA@XZ,public: virtual __cdecl osgeo::proj::crs::DerivedGeographicCRS::~DerivedGeographicCRS(void),method,osgeo::proj::crs,DerivedGeographicCRS,~DerivedGeographicCRS,void,False,False,True,False,False,False,True
82,81,0x51,??1DerivedProjectedCRS@crs@proj@osgeo@@UEAA@XZ,public: virtual __cdecl osgeo::proj::crs::DerivedProjectedCRS::~DerivedProjectedCRS(void),method,osgeo::proj::crs,DerivedProjectedCRS,~DerivedProjectedCRS,void,False,False,True,False,False,False,True
83,82,0x52,??1DerivedVerticalCRS@crs@proj@osgeo@@UEAA@XZ,public: virtual __cdecl osgeo::proj::crs::DerivedVerticalCRS::~DerivedVerticalCRS(void),method,osgeo::proj::crs,DerivedVerticalCRS,~DerivedVerticalCRS,void,False,False,True,False,False,False,True
84,83,0x53,??1DynamicGeodeticReferenceFrame@datum@proj@osgeo@@UEAA@XZ,public: virtual __cdecl osgeo::proj::datum::DynamicGeodeticReferenceFrame::~DynamicGeodeticReferenceFrame(void),method,osgeo::proj::datum,DynamicGeodeticReferenceFrame,~DynamicGeodeticReferenceFrame,void,False,False,True,False,False,False,True
85,84,0x54,??1DynamicVerticalReferenceFrame@datum@proj@osgeo@@UEAA@XZ,public: virtual __cdecl osgeo::proj::datum::DynamicVerticalReferenceFrame::~DynamicVerticalReferenceFrame(void),method,osgeo::proj::datum,DynamicVerticalReferenceFrame,~DynamicVerticalReferenceFrame,void,False,False,True,False,False,False,True
86,85,0x55,??1Ellipsoid@datum@proj@osgeo@@UEAA@XZ,public: virtual __cdecl osgeo::proj::datum::Ellipsoid::~Ellipsoid(void),method,osgeo::proj::datum,Ellipsoid,~Ellipsoid,void,False,False,True,False,False,False,True
87,86,0x56,??1EllipsoidalCS@cs@proj@osgeo@@UEAA@XZ,public: virtual __cdecl osgeo::proj::cs::EllipsoidalCS::~EllipsoidalCS(void),method,osgeo::proj::cs,EllipsoidalCS,~EllipsoidalCS,void,False,False,True,False,False,False,True
88,87,0x57,??1EngineeringCRS@crs@proj@osgeo@@UEAA@XZ,public: virtual __cdecl osgeo::proj::crs::EngineeringCRS::~EngineeringCRS(void),method,osgeo::proj::crs,EngineeringCRS,~EngineeringCRS,void,False,False,True,False,False,False,True
89,88,0x58,??1EngineeringDatum@datum@proj@osgeo@@UEAA@XZ,public: virtual __cdecl osgeo::proj::datum::EngineeringDatum::~EngineeringDatum(void),method,osgeo::proj::datum,EngineeringDatum,~EngineeringDatum,void,False,False,True,False,False,False,True
90,89,0x59,??1Exception@util@proj@osgeo@@UEAA@XZ,public: virtual __cdecl osgeo::proj::util::Exception::~Exception(void),method,osgeo::proj::util,Exception,~Exception,void,False,False,True,False,False,False,True
91,90,0x5A,??1Extent@metadata@proj@osgeo@@UEAA@XZ,public: virtual __cdecl osgeo::proj::metadata::Extent::~Extent(void),method,osgeo::proj::metadata,Extent,~Extent,void,False,False,True,False,False,False,True
92,91,0x5B,??1FactoryException@io@proj@osgeo@@UEAA@XZ,public: virtual __cdecl osgeo::proj::io::FactoryException::~FactoryException(void),method,osgeo::proj::io,FactoryException,~FactoryException,void,False,False,True,False,False,False,True
93,92,0x5C,??1File@proj@osgeo@@UEAA@XZ,public: virtual __cdecl osgeo::proj::File::~File(void),method,osgeo::proj,File,~File,void,False,False,True,False,False,False,True
94,93,0x5D,??1FormattingException@io@proj@osgeo@@UEAA@XZ,public: virtual __cdecl osgeo::proj::io::FormattingException::~FormattingException(void),method,osgeo::proj::io,FormattingException,~FormattingException,void,False,False,True,False,False,False,True
95,94,0x5E,??1GeneralOperationParameter@operation@proj@osgeo@@UEAA@XZ,public: virtual __cdecl osgeo::proj::operation::GeneralOperationParameter::~GeneralOperationParameter(void),method,osgeo::proj::operation,GeneralOperationParameter,~GeneralOperationParameter,void,False,False,True,False,False,False,True
96,95,0x5F,??1GeneralParameterValue@operation@proj@osgeo@@UEAA@XZ,public: virtual __cdecl osgeo::proj::operation::GeneralParameterValue::~GeneralParameterValue(void),method,osgeo::proj::operation,GeneralParameterValue,~GeneralParameterValue,void,False,False,True,False,False,False,True
97,96,0x60,??1GenericName@util@proj@osgeo@@UEAA@XZ,public: virtual __cdecl osgeo::proj::util::GenericName::~GenericName(void),method,osgeo::proj::util,GenericName,~GenericName,void,False,False,True,False,False,False,True
98,97,0x61,??1GenericShiftGrid@proj@osgeo@@UEAA@XZ,public: virtual __cdecl osgeo::proj::GenericShiftGrid::~GenericShiftGrid(void),method,osgeo::proj,GenericShiftGrid,~GenericShiftGrid,void,False,False,True,False,False,False,True
99,98,0x62,??1GenericShiftGridSet@proj@osgeo@@UEAA@XZ,public: virtual __cdecl osgeo::proj::GenericShiftGridSet::~GenericShiftGridSet(void),method,osgeo::proj,GenericShiftGridSet,~GenericShiftGridSet,void,False,False,True,False,False,False,True
100,99,0x63,??1GeodeticCRS@crs@proj@osgeo@@UEAA@XZ,public: virtual __cdecl osgeo::proj::crs::GeodeticCRS::~GeodeticCRS(void),method,osgeo::proj::crs,GeodeticCRS,~GeodeticCRS,void,False,False,True,False,False,False,True
101,100,0x64,??1GeodeticReferenceFrame@datum@proj@osgeo@@UEAA@XZ,public: virtual __cdecl osgeo::proj::datum::GeodeticReferenceFrame::~GeodeticReferenceFrame(void),method,osgeo::proj::datum,GeodeticReferenceFrame,~GeodeticReferenceFrame,void,False,False,True,False,False,False,True
102,101,0x65,??1GeographicBoundingBox@metadata@proj@osgeo@@UEAA@XZ,public: virtual __cdecl osgeo::proj::metadata::GeographicBoundingBox::~GeographicBoundingBox(void),method,osgeo::proj::metadata,GeographicBoundingBox,~GeographicBoundingBox,void,False,False,True,False,False,False,True
103,102,0x66,??1GeographicCRS@crs@proj@osgeo@@UEAA@XZ,public: virtual __cdecl osgeo::proj::crs::GeographicCRS::~GeographicCRS(void),method,osgeo::proj::crs,GeographicCRS,~GeographicCRS,void,False,False,True,False,False,False,True
104,103,0x67,??1GeographicExtent@metadata@proj@osgeo@@UEAA@XZ,public: virtual __cdecl osgeo::proj::metadata::GeographicExtent::~GeographicExtent(void),method,osgeo::proj::metadata,GeographicExtent,~GeographicExtent,void,False,False,True,False,False,False,True
105,104,0x68,??1Grid@proj@osgeo@@UEAA@XZ,public: virtual __cdecl osgeo::proj::Grid::~Grid(void),method,osgeo::proj,Grid,~Grid,void,False,False,True,False,False,False,True
106,105,0x69,??1GridDescription@operation@proj@osgeo@@QEAA@XZ,public: __cdecl osgeo::proj::operation::GridDescription::~GridDescription(void),method,osgeo::proj::operation,GridDescription,~GridDescription,void,False,False,False,False,False,False,True
107,106,0x6A,??1HorizontalShiftGrid@proj@osgeo@@UEAA@XZ,public: virtual __cdecl osgeo::proj::HorizontalShiftGrid::~HorizontalShiftGrid(void),method,osgeo::proj,HorizontalShiftGrid,~HorizontalShiftGrid,void,False,False,True,False,False,False,True
108,107,0x6B,??1HorizontalShiftGridSet@proj@osgeo@@UEAA@XZ,public: virtual __cdecl osgeo::proj::HorizontalShiftGridSet::~HorizontalShiftGridSet(void),method,osgeo::proj,HorizontalShiftGridSet,~HorizontalShiftGridSet,void,False,False,True,False,False,False,True
109,108,0x6C,??1IComparable@util@proj@osgeo@@UEAA@XZ,public: virtual __cdecl osgeo::proj::util::IComparable::~IComparable(void),method,osgeo::proj::util,IComparable,~IComparable,void,False,False,True,False,False,False,True
110,109,0x6D,??1IJSONExportable@io@proj@osgeo@@UEAA@XZ,public: virtual __cdecl osgeo::proj::io::IJSONExportable::~IJSONExportable(void),method,osgeo::proj::io,IJSONExportable,~IJSONExportable,void,False,False,True,False,False,False,True
111,110,0x6E,??1IPROJStringExportable@io@proj@osgeo@@UEAA@XZ,public: virtual __cdecl osgeo::proj::io::IPROJStringExportable::~IPROJStringExportable(void),method,osgeo::proj::io,IPROJStringExportable,~IPROJStringExportable,void,False,False,True,False,False,False,True
112,111,0x6F,??1IWKTExportable@io@proj@osgeo@@UEAA@XZ,public: virtual __cdecl osgeo::proj::io::IWKTExportable::~IWKTExportable(void),method,osgeo::proj::io,IWKTExportable,~IWKTExportable,void,False,False,True,False,False,False,True
113,112,0x70,??1IdentifiedObject@common@proj@osgeo@@UEAA@XZ,public: virtual __cdecl osgeo::proj::common::IdentifiedObject::~IdentifiedObject(void),method,osgeo::proj::common,IdentifiedObject,~IdentifiedObject,void,False,False,True,False,False,False,True
114,113,0x71,??1Identifier@metadata@proj@osgeo@@UEAA@XZ,public: virtual __cdecl osgeo::proj::metadata::Identifier::~Identifier(void),method,osgeo::proj::metadata,Identifier,~Identifier,void,False,False,True,False,False,False,True
115,114,0x72,??1InvalidCompoundCRSException@crs@proj@osgeo@@UEAA@XZ,public: virtual __cdecl osgeo::proj::crs::InvalidCompoundCRSException::~InvalidCompoundCRSException(void),method,osgeo::proj::crs,InvalidCompoundCRSException,~InvalidCompoundCRSException,void,False,False,True,False,False,False,True
116,115,0x73,??1InvalidOperation@operation@proj@osgeo@@UEAA@XZ,public: virtual __cdecl osgeo::proj::operation::InvalidOperation::~InvalidOperation(void),method,osgeo::proj::operation,InvalidOperation,~InvalidOperation,void,False,False,True,False,False,False,True
117,116,0x74,??1InvalidValueTypeException@util@proj@osgeo@@UEAA@XZ,public: virtual __cdecl osgeo::proj::util::InvalidValueTypeException::~InvalidValueTypeException(void),method,osgeo::proj::util,InvalidValueTypeException,~InvalidValueTypeException,void,False,False,True,False,False,False,True
118,117,0x75,??1JSONFormatter@io@proj@osgeo@@QEAA@XZ,public: __cdecl osgeo::proj::io::JSONFormatter::~JSONFormatter(void),method,osgeo::proj::io,JSONFormatter,~JSONFormatter,void,False,False,False,False,False,False,True
119,118,0x76,??1Length@common@proj@osgeo@@UEAA@XZ,public: virtual __cdecl osgeo::proj::common::Length::~Length(void),method,osgeo::proj::common,Length,~Length,void,False,False,True,False,False,False,True
120,119,0x77,??1LocalName@util@proj@osgeo@@UEAA@XZ,public: virtual __cdecl osgeo::proj::util::LocalName::~LocalName(void),method,osgeo::proj::util,LocalName,~LocalName,void,False,False,True,False,False,False,True
121,120,0x78,??1Measure@common@proj@osgeo@@UEAA@XZ,public: virtual __cdecl osgeo::proj::common::Measure::~Measure(void),method,osgeo::proj::common,Measure,~Measure,void,False,False,True,False,False,False,True
122,121,0x79,??1Meridian@cs@proj@osgeo@@UEAA@XZ,public: virtual __cdecl osgeo::proj::cs::Meridian::~Meridian(void),method,osgeo::proj::cs,Meridian,~Meridian,void,False,False,True,False,False,False,True
123,122,0x7A,??1NameSpace@util@proj@osgeo@@QEAA@XZ,public: __cdecl osgeo::proj::util::NameSpace::~NameSpace(void),method,osgeo::proj::util,NameSpace,~NameSpace,void,False,False,False,False,False,False,True
124,123,0x7B,??1NoSuchAuthorityCodeException@io@proj@osgeo@@UEAA@XZ,public: virtual __cdecl osgeo::proj::io::NoSuchAuthorityCodeException::~NoSuchAuthorityCodeException(void),method,osgeo::proj::io,NoSuchAuthorityCodeException,~NoSuchAuthorityCodeException,void,False,False,True,False,False,False,True
125,124,0x7C,??1ObjectDomain@common@proj@osgeo@@UEAA@XZ,public: virtual __cdecl osgeo::proj::common::ObjectDomain::~ObjectDomain(void),method,osgeo::proj::common,ObjectDomain,~ObjectDomain,void,False,False,True,False,False,False,True
126,125,0x7D,??1ObjectUsage@common@proj@osgeo@@UEAA@XZ,public: virtual __cdecl osgeo::proj::common::ObjectUsage::~ObjectUsage(void),method,osgeo::proj::common,ObjectUsage,~ObjectUsage,void,False,False,True,False,False,False,True
127,126,0x7E,??1OperationMethod@operation@proj@osgeo@@UEAA@XZ,public: virtual __cdecl osgeo::proj::operation::OperationMethod::~OperationMethod(void),method,osgeo::proj::operation,OperationMethod,~OperationMethod,void,False,False,True,False,False,False,True
128,127,0x7F,??1OperationParameter@operation@proj@osgeo@@UEAA@XZ,public: virtual __cdecl osgeo::proj::operation::OperationParameter::~OperationParameter(void),method,osgeo::proj::operation,OperationParameter,~OperationParameter,void,False,False,True,False,False,False,True
129,128,0x80,??1OperationParameterValue@operation@proj@osgeo@@UEAA@XZ,public: virtual __cdecl osgeo::proj::operation::OperationParameterValue::~OperationParameterValue(void),method,osgeo::proj::operation,OperationParameterValue,~OperationParameterValue,void,False,False,True,False,False,False,True
130,129,0x81,??1OrdinalCS@cs@proj@osgeo@@UEAA@XZ,public: virtual __cdecl osgeo::proj::cs::OrdinalCS::~OrdinalCS(void),method,osgeo::proj::cs,OrdinalCS,~OrdinalCS,void,False,False,True,False,False,False,True
131,130,0x82,??1PROJStringFormatter@io@proj@osgeo@@QEAA@XZ,public: __cdecl osgeo::proj::io::PROJStringFormatter::~PROJStringFormatter(void),method,osgeo::proj::io,PROJStringFormatter,~PROJStringFormatter,void,False,False,False,False,False,False,True
132,131,0x83,??1PROJStringParser@io@proj@osgeo@@QEAA@XZ,public: __cdecl osgeo::proj::io::PROJStringParser::~PROJStringParser(void),method,osgeo::proj::io,PROJStringParser,~PROJStringParser,void,False,False,False,False,False,False,True
133,132,0x84,??1ParameterValue@operation@proj@osgeo@@UEAA@XZ,public: virtual __cdecl osgeo::proj::operation::ParameterValue::~ParameterValue(void),method,osgeo::proj::operation,ParameterValue,~ParameterValue,void,False,False,True,False,False,False,True
134,133,0x85,??1ParametricCRS@crs@proj@osgeo@@UEAA@XZ,public: virtual __cdecl osgeo::proj::crs::ParametricCRS::~ParametricCRS(void),method,osgeo::proj::crs,ParametricCRS,~ParametricCRS,void,False,False,True,False,False,False,True
135,134,0x86,??1ParametricCS@cs@proj@osgeo@@UEAA@XZ,public: virtual __cdecl osgeo::proj::cs::ParametricCS::~ParametricCS(void),method,osgeo::proj::cs,ParametricCS,~ParametricCS,void,False,False,True,False,False,False,True
136,135,0x87,??1ParametricDatum@datum@proj@osgeo@@UEAA@XZ,public: virtual __cdecl osgeo::proj::datum::ParametricDatum::~ParametricDatum(void),method,osgeo::proj::datum,ParametricDatum,~ParametricDatum,void,False,False,True,False,False,False,True
137,136,0x88,??1ParsingException@io@proj@osgeo@@UEAA@XZ,public: virtual __cdecl osgeo::proj::io::ParsingException::~ParsingException(void),method,osgeo::proj::io,ParsingException,~ParsingException,void,False,False,True,False,False,False,True
138,137,0x89,??1PointMotionOperation@operation@proj@osgeo@@UEAA@XZ,public: virtual __cdecl osgeo::proj::operation::PointMotionOperation::~PointMotionOperation(void),method,osgeo::proj::operation,PointMotionOperation,~PointMotionOperation,void,False,False,True,False,False,False,True
139,138,0x8A,??1PositionalAccuracy@metadata@proj@osgeo@@UEAA@XZ,public: virtual __cdecl osgeo::proj::metadata::PositionalAccuracy::~PositionalAccuracy(void),method,osgeo::proj::metadata,PositionalAccuracy,~PositionalAccuracy,void,False,False,True,False,False,False,True
140,139,0x8B,??1PrimeMeridian@datum@proj@osgeo@@UEAA@XZ,public: virtual __cdecl osgeo::proj::datum::PrimeMeridian::~PrimeMeridian(void),method,osgeo::proj::datum,PrimeMeridian,~PrimeMeridian,void,False,False,True,False,False,False,True
141,140,0x8C,??1ProjectedCRS@crs@proj@osgeo@@UEAA@XZ,public: virtual __cdecl osgeo::proj::crs::ProjectedCRS::~ProjectedCRS(void),method,osgeo::proj::crs,ProjectedCRS,~ProjectedCRS,void,False,False,True,False,False,False,True
142,141,0x8D,??1PropertyMap@util@proj@osgeo@@QEAA@XZ,public: __cdecl osgeo::proj::util::PropertyMap::~PropertyMap(void),method,osgeo::proj::util,PropertyMap,~PropertyMap,void,False,False,False,False,False,False,True
143,142,0x8E,??1Scale@common@proj@osgeo@@UEAA@XZ,public: virtual __cdecl osgeo::proj::common::Scale::~Scale(void),method,osgeo::proj::common,Scale,~Scale,void,False,False,True,False,False,False,True
144,143,0x8F,??1SingleCRS@crs@proj@osgeo@@UEAA@XZ,public: virtual __cdecl osgeo::proj::crs::SingleCRS::~SingleCRS(void),method,osgeo::proj::crs,SingleCRS,~SingleCRS,void,False,False,True,False,False,False,True
145,144,0x90,??1SingleOperation@operation@proj@osgeo@@UEAA@XZ,public: virtual __cdecl osgeo::proj::operation::SingleOperation::~SingleOperation(void),method,osgeo::proj::operation,SingleOperation,~SingleOperation,void,False,False,True,False,False,False,True
146,145,0x91,??1SphericalCS@cs@proj@osgeo@@UEAA@XZ,public: virtual __cdecl osgeo::proj::cs::SphericalCS::~SphericalCS(void),method,osgeo::proj::cs,SphericalCS,~SphericalCS,void,False,False,True,False,False,False,True
147,146,0x92,??1TemporalCRS@crs@proj@osgeo@@UEAA@XZ,public: virtual __cdecl osgeo::proj::crs::TemporalCRS::~TemporalCRS(void),method,osgeo::proj::crs,TemporalCRS,~TemporalCRS,void,False,False,True,False,False,False,True
148,147,0x93,??1TemporalCS@cs@proj@osgeo@@UEAA@XZ,public: virtual __cdecl osgeo::proj::cs::TemporalCS::~TemporalCS(void),method,osgeo::proj::cs,TemporalCS,~TemporalCS,void,False,False,True,False,False,False,True
149,148,0x94,??1TemporalCountCS@cs@proj@osgeo@@UEAA@XZ,public: virtual __cdecl osgeo::proj::cs::TemporalCountCS::~TemporalCountCS(void),method,osgeo::proj::cs,TemporalCountCS,~TemporalCountCS,void,False,False,True,False,False,False,True
150,149,0x95,??1TemporalDatum@datum@proj@osgeo@@UEAA@XZ,public: virtual __cdecl osgeo::proj::datum::TemporalDatum::~TemporalDatum(void),method,osgeo::proj::datum,TemporalDatum,~TemporalDatum,void,False,False,True,False,False,False,True
151,150,0x96,??1TemporalExtent@metadata@proj@osgeo@@UEAA@XZ,public: virtual __cdecl osgeo::proj::metadata::TemporalExtent::~TemporalExtent(void),method,osgeo::proj::metadata,TemporalExtent,~TemporalExtent,void,False,False,True,False,False,False,True
152,151,0x97,??1TemporalMeasureCS@cs@proj@osgeo@@UEAA@XZ,public: virtual __cdecl osgeo::proj::cs::TemporalMeasureCS::~TemporalMeasureCS(void),method,osgeo::proj::cs,TemporalMeasureCS,~TemporalMeasureCS,void,False,False,True,False,False,False,True
153,152,0x98,??1Transformation@operation@proj@osgeo@@UEAA@XZ,public: virtual __cdecl osgeo::proj::operation::Transformation::~Transformation(void),method,osgeo::proj::operation,Transformation,~Transformation,void,False,False,True,False,False,False,True
154,153,0x99,??1UnitOfMeasure@common@proj@osgeo@@UEAA@XZ,public: virtual __cdecl osgeo::proj::common::UnitOfMeasure::~UnitOfMeasure(void),method,osgeo::proj::common,UnitOfMeasure,~UnitOfMeasure,void,False,False,True,False,False,False,True
155,154,0x9A,??1UnsupportedOperationException@util@proj@osgeo@@UEAA@XZ,public: virtual __cdecl osgeo::proj::util::UnsupportedOperationException::~UnsupportedOperationException(void),method,osgeo::proj::util,UnsupportedOperationException,~UnsupportedOperationException,void,False,False,True,False,False,False,True
156,155,0x9B,??1VerticalCRS@crs@proj@osgeo@@UEAA@XZ,public: virtual __cdecl osgeo::proj::crs::VerticalCRS::~VerticalCRS(void),method,osgeo::proj::crs,VerticalCRS,~VerticalCRS,void,False,False,True,False,False,False,True
157,156,0x9C,??1VerticalCS@cs@proj@osgeo@@UEAA@XZ,public: virtual __cdecl osgeo::proj::cs::VerticalCS::~VerticalCS(void),method,osgeo::proj::cs,VerticalCS,~VerticalCS,void,False,False,True,False,False,False,True
158,157,0x9D,??1VerticalExtent@metadata@proj@osgeo@@UEAA@XZ,public: virtual __cdecl osgeo::proj::metadata::VerticalExtent::~VerticalExtent(void),method,osgeo::proj::metadata,VerticalExtent,~VerticalExtent,void,False,False,True,False,False,False,True
159,158,0x9E,??1VerticalReferenceFrame@datum@proj@osgeo@@UEAA@XZ,public: virtual __cdecl osgeo::proj::datum::VerticalReferenceFrame::~VerticalReferenceFrame(void),method,osgeo::proj::datum,VerticalReferenceFrame,~VerticalReferenceFrame,void,False,False,True,False,False,False,True
160,159,0x9F,??1VerticalShiftGrid@proj@osgeo@@UEAA@XZ,public: virtual __cdecl osgeo::proj::VerticalShiftGrid::~VerticalShiftGrid(void),method,osgeo::proj,VerticalShiftGrid,~VerticalShiftGrid,void,False,False,True,False,False,False,True
161,160,0xA0,??1VerticalShiftGridSet@proj@osgeo@@UEAA@XZ,public: virtual __cdecl osgeo::proj::VerticalShiftGridSet::~VerticalShiftGridSet(void),method,osgeo::proj,VerticalShiftGridSet,~VerticalShiftGridSet,void,False,False,True,False,False,False,True
162,161,0xA1,??1WKTFormatter@io@proj@osgeo@@QEAA@XZ,public: __cdecl osgeo::proj::io::WKTFormatter::~WKTFormatter(void),method,osgeo::proj::io,WKTFormatter,~WKTFormatter,void,False,False,False,False,False,False,True
163,162,0xA2,??1WKTNode@io@proj@osgeo@@QEAA@XZ,public: __cdecl osgeo::proj::io::WKTNode::~WKTNode(void),method,osgeo::proj::io,WKTNode,~WKTNode,void,False,False,False,False,False,False,True
164,163,0xA3,??1WKTParser@io@proj@osgeo@@QEAA@XZ,public: __cdecl osgeo::proj::io::WKTParser::~WKTParser(void),method,osgeo::proj::io,WKTParser,~WKTParser,void,False,False,False,False,False,False,True
165,164,0xA4,??4RealizationMethod@datum@proj@osgeo@@AEAAAEAV0123@AEBV0123@@Z,private: class osgeo::proj::datum::RealizationMethod & __cdecl osgeo::proj::datum::RealizationMethod::operator=(class osgeo::proj::datum::RealizationMethod const &),symbol,,,,,False,False,False,False,False,False,True
166,165,0xA5,??4UnitOfMeasure@common@proj@osgeo@@QEAAAEAV0123@$$QEAV0123@@Z,public: class osgeo::proj::common::UnitOfMeasure & __cdecl osgeo::proj::common::UnitOfMeasure::operator=(class osgeo::proj::common::UnitOfMeasure &&),symbol,,,,,False,False,False,False,False,False,True
167,166,0xA6,??4UnitOfMeasure@common@proj@osgeo@@QEAAAEAV0123@AEBV0123@@Z,public: class osgeo::proj::common::UnitOfMeasure & __cdecl osgeo::proj::common::UnitOfMeasure::operator=(class osgeo::proj::common::UnitOfMeasure const &),symbol,,,,,False,False,False,False,False,False,True
168,167,0xA7,??8Measure@common@proj@osgeo@@QEBA_NAEBV0123@@Z,public: bool __cdecl osgeo::proj::common::Measure::operator==(class osgeo::proj::common::Measure const &) const,symbol,,,,,False,False,False,False,False,False,True
169,168,0xA8,??8UnitOfMeasure@common@proj@osgeo@@QEBA_NAEBV0123@@Z,public: bool __cdecl osgeo::proj::common::UnitOfMeasure::operator==(class osgeo::proj::common::UnitOfMeasure const &) const,symbol,,,,,False,False,False,False,False,False,True
170,169,0xA9,??9UnitOfMeasure@common@proj@osgeo@@QEBA_NAEBV0123@@Z,public: bool __cdecl osgeo::proj::common::UnitOfMeasure::operator!=(class osgeo::proj::common::UnitOfMeasure const &) const,symbol,,,,,False,False,False,False,False,False,True
171,170,0xAA,??_FAngle@common@proj@osgeo@@QEAAXXZ,public: void __cdecl osgeo::proj::common::Angle::`default ctor closure'(void),function,,,closure',void,False,False,False,False,False,False,True
172,171,0xAB,??_FLength@common@proj@osgeo@@QEAAXXZ,public: void __cdecl osgeo::proj::common::Length::`default ctor closure'(void),function,,,closure',void,False,False,False,False,False,False,True
173,172,0xAC,??_FMeasure@common@proj@osgeo@@QEAAXXZ,public: void __cdecl osgeo::proj::common::Measure::`default ctor closure'(void),function,,,closure',void,False,False,False,False,False,False,True
174,173,0xAD,??_FRealizationMethod@datum@proj@osgeo@@QEAAXXZ,public: void __cdecl osgeo::proj::datum::RealizationMethod::`default ctor closure'(void),function,,,closure',void,False,False,False,False,False,False,True
175,174,0xAE,??_FScale@common@proj@osgeo@@QEAAXXZ,public: void __cdecl osgeo::proj::common::Scale::`default ctor closure'(void),function,,,closure',void,False,False,False,False,False,False,True
176,175,0xAF,??_FUnitOfMeasure@common@proj@osgeo@@QEAAXXZ,public: void __cdecl osgeo::proj::common::UnitOfMeasure::`default ctor closure'(void),function,,,closure',void,False,False,False,False,False,False,True
177,176,0xB0,?AFT@AxisDirection@cs@proj@osgeo@@2V1234@B,public: static class osgeo::proj::cs::AxisDirection const osgeo::proj::cs::AxisDirection::AFT,symbol,,,,,False,False,False,False,False,False,True
178,177,0xB1,?ALIAS_KEY@IdentifiedObject@common@proj@osgeo@@2V?$basic_string@DU?$char_traits@D@std@@V?$allocator@D@2@@std@@B,"public: static class std::basic_string<char, struct std::char_traits<char>, class std::allocator<char>> const osgeo::proj::common::IdentifiedObject::ALIAS_KEY",symbol,,,,,False,False,False,False,False,False,True
179,178,0xB2,?ARC_SECOND@UnitOfMeasure@common@proj@osgeo@@2V1234@B,public: static class osgeo::proj::common::UnitOfMeasure const osgeo::proj::common::UnitOfMeasure::ARC_SECOND,symbol,,,,,False,False,False,False,False,False,True
180,179,0xB3,?ARC_SECOND_PER_YEAR@UnitOfMeasure@common@proj@osgeo@@2V1234@B,public: static class osgeo::proj::common::UnitOfMeasure const osgeo::proj::common::UnitOfMeasure::ARC_SECOND_PER_YEAR,symbol,,,,,False,False,False,False,False,False,True
181,180,0xB4,?AUTHORITY_KEY@Identifier@metadata@proj@osgeo@@2V?$basic_string@DU?$char_traits@D@std@@V?$allocator@D@2@@std@@B,"public: static class std::basic_string<char, struct std::char_traits<char>, class std::allocator<char>> const osgeo::proj::metadata::Identifier::AUTHORITY_KEY",symbol,,,,,False,False,False,False,False,False,True
182,181,0xB5,?AWAY_FROM@AxisDirection@cs@proj@osgeo@@2V1234@B,public: static class osgeo::proj::cs::AxisDirection const osgeo::proj::cs::AxisDirection::AWAY_FROM,symbol,,,,,False,False,False,False,False,False,True
183,182,0xB6,?CALENDAR_PROLEPTIC_GREGORIAN@TemporalDatum@datum@proj@osgeo@@2V?$basic_string@DU?$char_traits@D@std@@V?$allocator@D@2@@std@@B,"public: static class std::basic_string<char, struct std::char_traits<char>, class std::allocator<char>> const osgeo::proj::datum::TemporalDatum::CALENDAR_PROLEPTIC_GREGORIAN",symbol,,,,,False,False,False,False,False,False,True
184,183,0xB7,?CLARKE_1866@Ellipsoid@datum@proj@osgeo@@2V?$nn@V?$shared_ptr@VEllipsoid@datum@proj@osgeo@@@std@@@oxygen@dropbox@@B,public: static class dropbox::oxygen::nn<class std::shared_ptr<class osgeo::proj::datum::Ellipsoid>> const osgeo::proj::datum::Ellipsoid::CLARKE_1866,symbol,,,,,False,False,False,False,False,False,True
185,184,0xB8,?CLOCKWISE@AxisDirection@cs@proj@osgeo@@2V1234@B,public: static class osgeo::proj::cs::AxisDirection const osgeo::proj::cs::AxisDirection::CLOCKWISE,symbol,,,,,False,False,False,False,False,False,True
186,185,0xB9,?CODESPACE_KEY@Identifier@metadata@proj@osgeo@@2V?$basic_string@DU?$char_traits@D@std@@V?$allocator@D@2@@std@@B,"public: static class std::basic_string<char, struct std::char_traits<char>, class std::allocator<char>> const osgeo::proj::metadata::Identifier::CODESPACE_KEY",symbol,,,,,False,False,False,False,False,False,True
187,186,0xBA,?CODE_KEY@Identifier@metadata@proj@osgeo@@2V?$basic_string@DU?$char_traits@D@std@@V?$allocator@D@2@@std@@B,"public: static class std::basic_string<char, struct std::char_traits<char>, class std::allocator<char>> const osgeo::proj::metadata::Identifier::CODE_KEY",symbol,,,,,False,False,False,False,False,False,True
188,187,0xBB,?COLUMN_NEGATIVE@AxisDirection@cs@proj@osgeo@@2V1234@B,public: static class osgeo::proj::cs::AxisDirection const osgeo::proj::cs::AxisDirection::COLUMN_NEGATIVE,symbol,,,,,False,False,False,False,False,False,True
189,188,0xBC,?COLUMN_POSITIVE@AxisDirection@cs@proj@osgeo@@2V1234@B,public: static class osgeo::proj::cs::AxisDirection const osgeo::proj::cs::AxisDirection::COLUMN_POSITIVE,symbol,,,,,False,False,False,False,False,False,True
190,189,0xBD,?COUNTER_CLOCKWISE@AxisDirection@cs@proj@osgeo@@2V1234@B,public: static class osgeo::proj::cs::AxisDirection const osgeo::proj::cs::AxisDirection::COUNTER_CLOCKWISE,symbol,,,,,False,False,False,False,False,False,True
191,190,0xBE,?DEGREE@UnitOfMeasure@common@proj@osgeo@@2V1234@B,public: static class osgeo::proj::common::UnitOfMeasure const osgeo::proj::common::UnitOfMeasure::DEGREE,symbol,,,,,False,False,False,False,False,False,True
192,191,0xBF,?DEPRECATED_KEY@IdentifiedObject@common@proj@osgeo@@2V?$basic_string@DU?$char_traits@D@std@@V?$allocator@D@2@@std@@B,"public: static class std::basic_string<char, struct std::char_traits<char>, class std::allocator<char>> const osgeo::proj::common::IdentifiedObject::DEPRECATED_KEY",symbol,,,,,False,False,False,False,False,False,True
193,192,0xC0,?DESCRIPTION_KEY@Identifier@metadata@proj@osgeo@@2V?$basic_string@DU?$char_traits@D@std@@V?$allocator@D@2@@std@@B,"public: static class std::basic_string<char, struct std::char_traits<char>, class std::allocator<char>> const osgeo::proj::metadata::Identifier::DESCRIPTION_KEY",symbol,,,,,False,False,False,False,False,False,True
194,193,0xC1,?DISPLAY_DOWN@AxisDirection@cs@proj@osgeo@@2V1234@B,public: static class osgeo::proj::cs::AxisDirection const osgeo::proj::cs::AxisDirection::DISPLAY_DOWN,symbol,,,,,False,False,False,False,False,False,True
195,194,0xC2,?DISPLAY_LEFT@AxisDirection@cs@proj@osgeo@@2V1234@B,public: static class osgeo::proj::cs::AxisDirection const osgeo::proj::cs::AxisDirection::DISPLAY_LEFT,symbol,,,,,False,False,False,False,False,False,True
196,195,0xC3,?DISPLAY_RIGHT@AxisDirection@cs@proj@osgeo@@2V1234@B,public: static class osgeo::proj::cs::AxisDirection const osgeo::proj::cs::AxisDirection::DISPLAY_RIGHT,symbol,,,,,False,False,False,False,False,False,True
197,196,0xC4,?DISPLAY_UP@AxisDirection@cs@proj@osgeo@@2V1234@B,public: static class osgeo::proj::cs::AxisDirection const osgeo::proj::cs::AxisDirection::DISPLAY_UP,symbol,,,,,False,False,False,False,False,False,True
198,197,0xC5,?DOMAIN_OF_VALIDITY_KEY@ObjectUsage@common@proj@osgeo@@2V?$basic_string@DU?$char_traits@D@std@@V?$allocator@D@2@@std@@B,"public: static class std::basic_string<char, struct std::char_traits<char>, class std::allocator<char>> const osgeo::proj::common::ObjectUsage::DOMAIN_OF_VALIDITY_KEY",symbol,,,,,False,False,False,False,False,False,True
199,198,0xC6,?DOWN@AxisDirection@cs@proj@osgeo@@2V1234@B,public: static class osgeo::proj::cs::AxisDirection const osgeo::proj::cs::AxisDirection::DOWN,symbol,,,,,False,False,False,False,False,False,True
200,199,0xC7,?EARTH@Ellipsoid@datum@proj@osgeo@@2V?$basic_string@DU?$char_traits@D@std@@V?$allocator@D@2@@std@@B,"public: static class std::basic_string<char, struct std::char_traits<char>, class std::allocator<char>> const osgeo::proj::datum::Ellipsoid::EARTH",symbol,,,,,False,False,False,False,False,False,True
201,200,0xC8,?EAST@AxisDirection@cs@proj@osgeo@@2V1234@B,public: static class osgeo::proj::cs::AxisDirection const osgeo::proj::cs::AxisDirection::EAST,symbol,,,,,False,False,False,False,False,False,True
202,201,0xC9,?EAST_NORTH_EAST@AxisDirection@cs@proj@osgeo@@2V1234@B,public: static class osgeo::proj::cs::AxisDirection const osgeo::proj::cs::AxisDirection::EAST_NORTH_EAST,symbol,,,,,False,False,False,False,False,False,True
203,202,0xCA,?EAST_SOUTH_EAST@AxisDirection@cs@proj@osgeo@@2V1234@B,public: static class osgeo::proj::cs::AxisDirection const osgeo::proj::cs::AxisDirection::EAST_SOUTH_EAST,symbol,,,,,False,False,False,False,False,False,True
204,203,0xCB,?EPSG@Identifier@metadata@proj@osgeo@@2V?$basic_string@DU?$char_traits@D@std@@V?$allocator@D@2@@std@@B,"public: static class std::basic_string<char, struct std::char_traits<char>, class std::allocator<char>> const osgeo::proj::metadata::Identifier::EPSG",symbol,,,,,False,False,False,False,False,False,True
205,204,0xCC,?EPSG_4267@GeographicCRS@crs@proj@osgeo@@2V?$nn@V?$shared_ptr@VGeographicCRS@crs@proj@osgeo@@@std@@@oxygen@dropbox@@B,public: static class dropbox::oxygen::nn<class std::shared_ptr<class osgeo::proj::crs::GeographicCRS>> const osgeo::proj::crs::GeographicCRS::EPSG_4267,symbol,,,,,False,False,False,False,False,False,True
206,205,0xCD,?EPSG_4269@GeographicCRS@crs@proj@osgeo@@2V?$nn@V?$shared_ptr@VGeographicCRS@crs@proj@osgeo@@@std@@@oxygen@dropbox@@B,public: static class dropbox::oxygen::nn<class std::shared_ptr<class osgeo::proj::crs::GeographicCRS>> const osgeo::proj::crs::GeographicCRS::EPSG_4269,symbol,,,,,False,False,False,False,False,False,True
207,206,0xCE,?EPSG_4326@GeographicCRS@crs@proj@osgeo@@2V?$nn@V?$shared_ptr@VGeographicCRS@crs@proj@osgeo@@@std@@@oxygen@dropbox@@B,public: static class dropbox::oxygen::nn<class std::shared_ptr<class osgeo::proj::crs::GeographicCRS>> const osgeo::proj::crs::GeographicCRS::EPSG_4326,symbol,,,,,False,False,False,False,False,False,True
208,207,0xCF,?EPSG_4807@GeographicCRS@crs@proj@osgeo@@2V?$nn@V?$shared_ptr@VGeographicCRS@crs@proj@osgeo@@@std@@@oxygen@dropbox@@B,public: static class dropbox::oxygen::nn<class std::shared_ptr<class osgeo::proj::crs::GeographicCRS>> const osgeo::proj::crs::GeographicCRS::EPSG_4807,symbol,,,,,False,False,False,False,False,False,True
209,208,0xD0,?EPSG_4978@GeodeticCRS@crs@proj@osgeo@@2V?$nn@V?$shared_ptr@VGeodeticCRS@crs@proj@osgeo@@@std@@@oxygen@dropbox@@B,public: static class dropbox::oxygen::nn<class std::shared_ptr<class osgeo::proj::crs::GeodeticCRS>> const osgeo::proj::crs::GeodeticCRS::EPSG_4978,symbol,,,,,False,False,False,False,False,False,True
210,209,0xD1,?EPSG_4979@GeographicCRS@crs@proj@osgeo@@2V?$nn@V?$shared_ptr@VGeographicCRS@crs@proj@osgeo@@@std@@@oxygen@dropbox@@B,public: static class dropbox::oxygen::nn<class std::shared_ptr<class osgeo::proj::crs::GeographicCRS>> const osgeo::proj::crs::GeographicCRS::EPSG_4979,symbol,,,,,False,False,False,False,False,False,True
211,210,0xD2,?EPSG_6267@GeodeticReferenceFrame@datum@proj@osgeo@@2V?$nn@V?$shared_ptr@VGeodeticReferenceFrame@datum@proj@osgeo@@@std@@@oxygen@dropbox@@B,public: static class dropbox::oxygen::nn<class std::shared_ptr<class osgeo::proj::datum::GeodeticReferenceFrame>> const osgeo::proj::datum::GeodeticReferenceFrame::EPSG_6267,symbol,,,,,False,False,False,False,False,False,True
212,211,0xD3,?EPSG_6269@GeodeticReferenceFrame@datum@proj@osgeo@@2V?$nn@V?$shared_ptr@VGeodeticReferenceFrame@datum@proj@osgeo@@@std@@@oxygen@dropbox@@B,public: static class dropbox::oxygen::nn<class std::shared_ptr<class osgeo::proj::datum::GeodeticReferenceFrame>> const osgeo::proj::datum::GeodeticReferenceFrame::EPSG_6269,symbol,,,,,False,False,False,False,False,False,True
213,212,0xD4,?EPSG_6326@GeodeticReferenceFrame@datum@proj@osgeo@@2V?$nn@V?$shared_ptr@VGeodeticReferenceFrame@datum@proj@osgeo@@@std@@@oxygen@dropbox@@B,public: static class dropbox::oxygen::nn<class std::shared_ptr<class osgeo::proj::datum::GeodeticReferenceFrame>> const osgeo::proj::datum::GeodeticReferenceFrame::EPSG_6326,symbol,,,,,False,False,False,False,False,False,True
214,213,0xD5,?FOOT@UnitOfMeasure@common@proj@osgeo@@2V1234@B,public: static class osgeo::proj::common::UnitOfMeasure const osgeo::proj::common::UnitOfMeasure::FOOT,symbol,,,,,False,False,False,False,False,False,True
215,214,0xD6,?FORWARD@AxisDirection@cs@proj@osgeo@@2V1234@B,public: static class osgeo::proj::cs::AxisDirection const osgeo::proj::cs::AxisDirection::FORWARD,symbol,,,,,False,False,False,False,False,False,True
216,215,0xD7,?FUTURE@AxisDirection@cs@proj@osgeo@@2V1234@B,public: static class osgeo::proj::cs::AxisDirection const osgeo::proj::cs::AxisDirection::FUTURE,symbol,,,,,False,False,False,False,False,False,True
217,216,0xD8,?GEOCENTRIC_X@AxisDirection@cs@proj@osgeo@@2V1234@B,public: static class osgeo::proj::cs::AxisDirection const osgeo::proj::cs::AxisDirection::GEOCENTRIC_X,symbol,,,,,False,False,False,False,False,False,True
218,217,0xD9,?GEOCENTRIC_Y@AxisDirection@cs@proj@osgeo@@2V1234@B,public: static class osgeo::proj::cs::AxisDirection const osgeo::proj::cs::AxisDirection::GEOCENTRIC_Y,symbol,,,,,False,False,False,False,False,False,True
219,218,0xDA,?GEOCENTRIC_Z@AxisDirection@cs@proj@osgeo@@2V1234@B,public: static class osgeo::proj::cs::AxisDirection const osgeo::proj::cs::AxisDirection::GEOCENTRIC_Z,symbol,,,,,False,False,False,False,False,False,True
220,219,0xDB,?GEOID@RealizationMethod@datum@proj@osgeo@@2V1234@B,public: static class osgeo::proj::datum::RealizationMethod const osgeo::proj::datum::RealizationMethod::GEOID,symbol,,,,,False,False,False,False,False,False,True
221,220,0xDC,?GRAD@UnitOfMeasure@common@proj@osgeo@@2V1234@B,public: static class osgeo::proj::common::UnitOfMeasure const osgeo::proj::common::UnitOfMeasure::GRAD,symbol,,,,,False,False,False,False,False,False,True
222,221,0xDD,?GREENWICH@PrimeMeridian@datum@proj@osgeo@@2V?$nn@V?$shared_ptr@VPrimeMeridian@datum@proj@osgeo@@@std@@@oxygen@dropbox@@B,public: static class dropbox::oxygen::nn<class std::shared_ptr<class osgeo::proj::datum::PrimeMeridian>> const osgeo::proj::datum::PrimeMeridian::GREENWICH,symbol,,,,,False,False,False,False,False,False,True
223,222,0xDE,?GRS1980@Ellipsoid@datum@proj@osgeo@@2V?$nn@V?$shared_ptr@VEllipsoid@datum@proj@osgeo@@@std@@@oxygen@dropbox@@B,public: static class dropbox::oxygen::nn<class std::shared_ptr<class osgeo::proj::datum::Ellipsoid>> const osgeo::proj::datum::Ellipsoid::GRS1980,symbol,,,,,False,False,False,False,False,False,True
224,223,0xDF,?IDENTIFIERS_KEY@IdentifiedObject@common@proj@osgeo@@2V?$basic_string@DU?$char_traits@D@std@@V?$allocator@D@2@@std@@B,"public: static class std::basic_string<char, struct std::char_traits<char>, class std::allocator<char>> const osgeo::proj::common::IdentifiedObject::IDENTIFIERS_KEY",symbol,,,,,False,False,False,False,False,False,True
225,224,0xE0,?LEVELLING@RealizationMethod@datum@proj@osgeo@@2V1234@B,public: static class osgeo::proj::datum::RealizationMethod const osgeo::proj::datum::RealizationMethod::LEVELLING,symbol,,,,,False,False,False,False,False,False,True
226,225,0xE1,?METRE@UnitOfMeasure@common@proj@osgeo@@2V1234@B,public: static class osgeo::proj::common::UnitOfMeasure const osgeo::proj::common::UnitOfMeasure::METRE,symbol,,,,,False,False,False,False,False,False,True
227,226,0xE2,?METRE_PER_YEAR@UnitOfMeasure@common@proj@osgeo@@2V1234@B,public: static class osgeo::proj::common::UnitOfMeasure const osgeo::proj::common::UnitOfMeasure::METRE_PER_YEAR,symbol,,,,,False,False,False,False,False,False,True
228,227,0xE3,?MICRORADIAN@UnitOfMeasure@common@proj@osgeo@@2V1234@B,public: static class osgeo::proj::common::UnitOfMeasure const osgeo::proj::common::UnitOfMeasure::MICRORADIAN,symbol,,,,,False,False,False,False,False,False,True
229,228,0xE4,?NAME_KEY@IdentifiedObject@common@proj@osgeo@@2V?$basic_string@DU?$char_traits@D@std@@V?$allocator@D@2@@std@@B,"public: static class std::basic_string<char, struct std::char_traits<char>, class std::allocator<char>> const osgeo::proj::common::IdentifiedObject::NAME_KEY",symbol,,,,,False,False,False,False,False,False,True
230,229,0xE5,?NONE@UnitOfMeasure@common@proj@osgeo@@2V1234@B,public: static class osgeo::proj::common::UnitOfMeasure const osgeo::proj::common::UnitOfMeasure::NONE,symbol,,,,,False,False,False,False,False,False,True
231,230,0xE6,?NORTH@AxisDirection@cs@proj@osgeo@@2V1234@B,public: static class osgeo::proj::cs::AxisDirection const osgeo::proj::cs::AxisDirection::NORTH,symbol,,,,,False,False,False,False,False,False,True
232,231,0xE7,?NORTH_EAST@AxisDirection@cs@proj@osgeo@@2V1234@B,public: static class osgeo::proj::cs::AxisDirection const osgeo::proj::cs::AxisDirection::NORTH_EAST,symbol,,,,,False,False,False,False,False,False,True
233,232,0xE8,?NORTH_NORTH_EAST@AxisDirection@cs@proj@osgeo@@2V1234@B,public: static class osgeo::proj::cs::AxisDirection const osgeo::proj::cs::AxisDirection::NORTH_NORTH_EAST,symbol,,,,,False,False,False,False,False,False,True
234,233,0xE9,?NORTH_NORTH_WEST@AxisDirection@cs@proj@osgeo@@2V1234@B,public: static class osgeo::proj::cs::AxisDirection const osgeo::proj::cs::AxisDirection::NORTH_NORTH_WEST,symbol,,,,,False,False,False,False,False,False,True
235,234,0xEA,?NORTH_WEST@AxisDirection@cs@proj@osgeo@@2V1234@B,public: static class osgeo::proj::cs::AxisDirection const osgeo::proj::cs::AxisDirection::NORTH_WEST,symbol,,,,,False,False,False,False,False,False,True
236,235,0xEB,?OBJECT_DOMAIN_KEY@ObjectUsage@common@proj@osgeo@@2V?$basic_string@DU?$char_traits@D@std@@V?$allocator@D@2@@std@@B,"public: static class std::basic_string<char, struct std::char_traits<char>, class std::allocator<char>> const osgeo::proj::common::ObjectUsage::OBJECT_DOMAIN_KEY",symbol,,,,,False,False,False,False,False,False,True
237,236,0xEC,?OGC@Identifier@metadata@proj@osgeo@@2V?$basic_string@DU?$char_traits@D@std@@V?$allocator@D@2@@std@@B,"public: static class std::basic_string<char, struct std::char_traits<char>, class std::allocator<char>> const osgeo::proj::metadata::Identifier::OGC",symbol,,,,,False,False,False,False,False,False,True
238,237,0xED,?OGC_CRS84@GeographicCRS@crs@proj@osgeo@@2V?$nn@V?$shared_ptr@VGeographicCRS@crs@proj@osgeo@@@std@@@oxygen@dropbox@@B,public: static class dropbox::oxygen::nn<class std::shared_ptr<class osgeo::proj::crs::GeographicCRS>> const osgeo::proj::crs::GeographicCRS::OGC_CRS84,symbol,,,,,False,False,False,False,False,False,True
239,238,0xEE,?OPERATION_VERSION_KEY@CoordinateOperation@operation@proj@osgeo@@2V?$basic_string@DU?$char_traits@D@std@@V?$allocator@D@2@@std@@B,"public: static class std::basic_string<char, struct std::char_traits<char>, class std::allocator<char>> const osgeo::proj::operation::CoordinateOperation::OPERATION_VERSION_KEY",symbol,,,,,False,False,False,False,False,False,True
240,239,0xEF,?PARIS@PrimeMeridian@datum@proj@osgeo@@2V?$nn@V?$shared_ptr@VPrimeMeridian@datum@proj@osgeo@@@std@@@oxygen@dropbox@@B,public: static class dropbox::oxygen::nn<class std::shared_ptr<class osgeo::proj::datum::PrimeMeridian>> const osgeo::proj::datum::PrimeMeridian::PARIS,symbol,,,,,False,False,False,False,False,False,True
241,240,0xF0,?PARTS_PER_MILLION@UnitOfMeasure@common@proj@osgeo@@2V1234@B,public: static class osgeo::proj::common::UnitOfMeasure const osgeo::proj::common::UnitOfMeasure::PARTS_PER_MILLION,symbol,,,,,False,False,False,False,False,False,True
242,241,0xF1,?PAST@AxisDirection@cs@proj@osgeo@@2V1234@B,public: static class osgeo::proj::cs::AxisDirection const osgeo::proj::cs::AxisDirection::PAST,symbol,,,,,False,False,False,False,False,False,True
243,242,0xF2,?PORT@AxisDirection@cs@proj@osgeo@@2V1234@B,public: static class osgeo::proj::cs::AxisDirection const osgeo::proj::cs::AxisDirection::PORT,symbol,,,,,False,False,False,False,False,False,True
244,243,0xF3,?PPM_PER_YEAR@UnitOfMeasure@common@proj@osgeo@@2V1234@B,public: static class osgeo::proj::common::UnitOfMeasure const osgeo::proj::common::UnitOfMeasure::PPM_PER_YEAR,symbol,,,,,False,False,False,False,False,False,True
245,244,0xF4,?RADIAN@UnitOfMeasure@common@proj@osgeo@@2V1234@B,public: static class osgeo::proj::common::UnitOfMeasure const osgeo::proj::common::UnitOfMeasure::RADIAN,symbol,,,,,False,False,False,False,False,False,True
246,245,0xF5,?REFERENCE_MERIDIAN@PrimeMeridian@datum@proj@osgeo@@2V?$nn@V?$shared_ptr@VPrimeMeridian@datum@proj@osgeo@@@std@@@oxygen@dropbox@@B,public: static class dropbox::oxygen::nn<class std::shared_ptr<class osgeo::proj::datum::PrimeMeridian>> const osgeo::proj::datum::PrimeMeridian::REFERENCE_MERIDIAN,symbol,,,,,False,False,False,False,False,False,True
247,246,0xF6,?REMARKS_KEY@IdentifiedObject@common@proj@osgeo@@2V?$basic_string@DU?$char_traits@D@std@@V?$allocator@D@2@@std@@B,"public: static class std::basic_string<char, struct std::char_traits<char>, class std::allocator<char>> const osgeo::proj::common::IdentifiedObject::REMARKS_KEY",symbol,,,,,False,False,False,False,False,False,True
248,247,0xF7,?ROW_NEGATIVE@AxisDirection@cs@proj@osgeo@@2V1234@B,public: static class osgeo::proj::cs::AxisDirection const osgeo::proj::cs::AxisDirection::ROW_NEGATIVE,symbol,,,,,False,False,False,False,False,False,True
249,248,0xF8,?ROW_POSITIVE@AxisDirection@cs@proj@osgeo@@2V1234@B,public: static class osgeo::proj::cs::AxisDirection const osgeo::proj::cs::AxisDirection::ROW_POSITIVE,symbol,,,,,False,False,False,False,False,False,True
250,249,0xF9,?SCALE_UNITY@UnitOfMeasure@common@proj@osgeo@@2V1234@B,public: static class osgeo::proj::common::UnitOfMeasure const osgeo::proj::common::UnitOfMeasure::SCALE_UNITY,symbol,,,,,False,False,False,False,False,False,True
251,250,0xFA,?SCOPE_KEY@ObjectUsage@common@proj@osgeo@@2V?$basic_string@DU?$char_traits@D@std@@V?$allocator@D@2@@std@@B,"public: static class std::basic_string<char, struct std::char_traits<char>, class std::allocator<char>> const osgeo::proj::common::ObjectUsage::SCOPE_KEY",symbol,,,,,False,False,False,False,False,False,True
252,251,0xFB,?SECOND@UnitOfMeasure@common@proj@osgeo@@2V1234@B,public: static class osgeo::proj::common::UnitOfMeasure const osgeo::proj::common::UnitOfMeasure::SECOND,symbol,,,,,False,False,False,False,False,False,True
253,252,0xFC,?SOUTH@AxisDirection@cs@proj@osgeo@@2V1234@B,public: static class osgeo::proj::cs::AxisDirection const osgeo::proj::cs::AxisDirection::SOUTH,symbol,,,,,False,False,False,False,False,False,True
254,253,0xFD,?SOUTH_EAST@AxisDirection@cs@proj@osgeo@@2V1234@B,public: static class osgeo::proj::cs::AxisDirection const osgeo::proj::cs::AxisDirection::SOUTH_EAST,symbol,,,,,False,False,False,False,False,False,True
255,254,0xFE,?SOUTH_SOUTH_EAST@AxisDirection@cs@proj@osgeo@@2V1234@B,public: static class osgeo::proj::cs::AxisDirection const osgeo::proj::cs::AxisDirection::SOUTH_SOUTH_EAST,symbol,,,,,False,False,False,False,False,False,True
256,255,0xFF,?SOUTH_SOUTH_WEST@AxisDirection@cs@proj@osgeo@@2V1234@B,public: static class osgeo::proj::cs::AxisDirection const osgeo::proj::cs::AxisDirection::SOUTH_SOUTH_WEST,symbol,,,,,False,False,False,False,False,False,True
257,256,0x100,?SOUTH_WEST@AxisDirection@cs@proj@osgeo@@2V1234@B,public: static class osgeo::proj::cs::AxisDirection const osgeo::proj::cs::AxisDirection::SOUTH_WEST,symbol,,,,,False,False,False,False,False,False,True
258,257,0x101,?STARBOARD@AxisDirection@cs@proj@osgeo@@2V1234@B,public: static class osgeo::proj::cs::AxisDirection const osgeo::proj::cs::AxisDirection::STARBOARD,symbol,,,,,False,False,False,False,False,False,True
259,258,0x102,?TIDAL@RealizationMethod@datum@proj@osgeo@@2V1234@B,public: static class osgeo::proj::datum::RealizationMethod const osgeo::proj::datum::RealizationMethod::TIDAL,symbol,,,,,False,False,False,False,False,False,True
260,259,0x103,?TOWARDS@AxisDirection@cs@proj@osgeo@@2V1234@B,public: static class osgeo::proj::cs::AxisDirection const osgeo::proj::cs::AxisDirection::TOWARDS,symbol,,,,,False,False,False,False,False,False,True
261,260,0x104,?UNSPECIFIED@AxisDirection@cs@proj@osgeo@@2V1234@B,public: static class osgeo::proj::cs::AxisDirection const osgeo::proj::cs::AxisDirection::UNSPECIFIED,symbol,,,,,False,False,False,False,False,False,True
262,261,0x105,?UP@AxisDirection@cs@proj@osgeo@@2V1234@B,public: static class osgeo::proj::cs::AxisDirection const osgeo::proj::cs::AxisDirection::UP,symbol,,,,,False,False,False,False,False,False,True
263,262,0x106,?URI_KEY@Identifier@metadata@proj@osgeo@@2V?$basic_string@DU?$char_traits@D@std@@V?$allocator@D@2@@std@@B,"public: static class std::basic_string<char, struct std::char_traits<char>, class std::allocator<char>> const osgeo::proj::metadata::Identifier::URI_KEY",symbol,,,,,False,False,False,False,False,False,True
264,263,0x107,?US_FOOT@UnitOfMeasure@common@proj@osgeo@@2V1234@B,public: static class osgeo::proj::common::UnitOfMeasure const osgeo::proj::common::UnitOfMeasure::US_FOOT,symbol,,,,,False,False,False,False,False,False,True
265,264,0x108,?VERSION_KEY@Identifier@metadata@proj@osgeo@@2V?$basic_string@DU?$char_traits@D@std@@V?$allocator@D@2@@std@@B,"public: static class std::basic_string<char, struct std::char_traits<char>, class std::allocator<char>> const osgeo::proj::metadata::Identifier::VERSION_KEY",symbol,,,,,False,False,False,False,False,False,True
266,265,0x109,?WEST@AxisDirection@cs@proj@osgeo@@2V1234@B,public: static class osgeo::proj::cs::AxisDirection const osgeo::proj::cs::AxisDirection::WEST,symbol,,,,,False,False,False,False,False,False,True
267,266,0x10A,?WEST_NORTH_WEST@AxisDirection@cs@proj@osgeo@@2V1234@B,public: static class osgeo::proj::cs::AxisDirection const osgeo::proj::cs::AxisDirection::WEST_NORTH_WEST,symbol,,,,,False,False,False,False,False,False,True
268,267,0x10B,?WEST_SOUTH_WEST@AxisDirection@cs@proj@osgeo@@2V1234@B,public: static class osgeo::proj::cs::AxisDirection const osgeo::proj::cs::AxisDirection::WEST_SOUTH_WEST,symbol,,,,,False,False,False,False,False,False,True
269,268,0x10C,?WGS84@Ellipsoid@datum@proj@osgeo@@2V?$nn@V?$shared_ptr@VEllipsoid@datum@proj@osgeo@@@std@@@oxygen@dropbox@@B,public: static class dropbox::oxygen::nn<class std::shared_ptr<class osgeo::proj::datum::Ellipsoid>> const osgeo::proj::datum::Ellipsoid::WGS84,symbol,,,,,False,False,False,False,False,False,True
270,269,0x10D,?WORLD@Extent@metadata@proj@osgeo@@2V?$nn@V?$shared_ptr@VExtent@metadata@proj@osgeo@@@std@@@oxygen@dropbox@@B,public: static class dropbox::oxygen::nn<class std::shared_ptr<class osgeo::proj::metadata::Extent>> const osgeo::proj::metadata::Extent::WORLD,symbol,,,,,False,False,False,False,False,False,True
271,270,0x10E,?YEAR@UnitOfMeasure@common@proj@osgeo@@2V1234@B,public: static class osgeo::proj::common::UnitOfMeasure const osgeo::proj::common::UnitOfMeasure::YEAR,symbol,,,,,False,False,False,False,False,False,True
272,271,0x10F,?abbreviation@CoordinateSystemAxis@cs@proj@osgeo@@QEBAAEBV?$basic_string@DU?$char_traits@D@std@@V?$allocator@D@2@@std@@XZ,"public: class std::basic_string<char, struct std::char_traits<char>, class std::allocator<char>> const & __cdecl osgeo::proj::cs::CoordinateSystemAxis::abbreviation(void) const",method,osgeo::proj::cs,CoordinateSystemAxis,abbreviation,void,True,False,False,False,False,False,True
273,272,0x110,?add@ArrayOfBaseObject@util@proj@osgeo@@QEAAXAEBUBaseObjectNNPtr@234@@Z,public: void __cdecl osgeo::proj::util::ArrayOfBaseObject::add(struct osgeo::proj::util::BaseObjectNNPtr const &),method,osgeo::proj::util,ArrayOfBaseObject,add,struct osgeo::proj::util::BaseObjectNNPtr const &,False,False,False,False,False,False,True
274,273,0x111,?addChild@WKTNode@io@proj@osgeo@@QEAAX$$QEAV?$nn@V?$unique_ptr@VWKTNode@io@proj@osgeo@@U?$default_delete@VWKTNode@io@proj@osgeo@@@std@@@std@@@oxygen@dropbox@@@Z,"public: void __cdecl osgeo::proj::io::WKTNode::addChild(class dropbox::oxygen::nn<class std::unique_ptr<class osgeo::proj::io::WKTNode, struct std::default_delete<class osgeo::proj::io::WKTNode>>> &&)",method,osgeo::proj::io,WKTNode,addChild,"class dropbox::oxygen::nn<class std::unique_ptr<class osgeo::proj::io::WKTNode, struct std::default_delete<class osgeo::proj::io::WKTNode>>> &&",False,False,False,False,False,False,True
275,274,0x112,?addParam@PROJStringFormatter@io@proj@osgeo@@QEAAXAEBV?$basic_string@DU?$char_traits@D@std@@V?$allocator@D@2@@std@@0@Z,"public: void __cdecl osgeo::proj::io::PROJStringFormatter::addParam(class std::basic_string<char, struct std::char_traits<char>, class std::allocator<char>> const &, class std::basic_string<char, struct std::char_traits<char>, class std::allocator<char>> const &)",method,osgeo::proj::io,PROJStringFormatter,addParam,"class std::basic_string<char, struct std::char_traits<char>, class std::allocator<char>> const &, class std::basic_string<char, struct std::char_traits<char>, class std::allocator<char>> const &",False,False,False,False,False,False,True
276,275,0x113,?addParam@PROJStringFormatter@io@proj@osgeo@@QEAAXAEBV?$basic_string@DU?$char_traits@D@std@@V?$allocator@D@2@@std@@@Z,"public: void __cdecl osgeo::proj::io::PROJStringFormatter::addParam(class std::basic_string<char, struct std::char_traits<char>, class std::allocator<char>> const &)",method,osgeo::proj::io,PROJStringFormatter,addParam,"class std::basic_string<char, struct std::char_traits<char>, class std::allocator<char>> const &",False,False,False,False,False,False,True
277,276,0x114,?addParam@PROJStringFormatter@io@proj@osgeo@@QEAAXAEBV?$basic_string@DU?$char_traits@D@std@@V?$allocator@D@2@@std@@H@Z,"public: void __cdecl osgeo::proj::io::PROJStringFormatter::addParam(class std::basic_string<char, struct std::char_traits<char>, class std::allocator<char>> const &, int)",method,osgeo::proj::io,PROJStringFormatter,addParam,"class std::basic_string<char, struct std::char_traits<char>, class std::allocator<char>> const &, int",False,False,False,False,False,False,True
278,277,0x115,?addParam@PROJStringFormatter@io@proj@osgeo@@QEAAXAEBV?$basic_string@DU?$char_traits@D@std@@V?$allocator@D@2@@std@@N@Z,"public: void __cdecl osgeo::proj::io::PROJStringFormatter::addParam(class std::basic_string<char, struct std::char_traits<char>, class std::allocator<char>> const &, double)",method,osgeo::proj::io,PROJStringFormatter,addParam,"class std::basic_string<char, struct std::char_traits<char>, class std::allocator<char>> const &, double",False,False,False,False,False,False,True
279,278,0x116,?addParam@PROJStringFormatter@io@proj@osgeo@@QEAAXAEBV?$basic_string@DU?$char_traits@D@std@@V?$allocator@D@2@@std@@PEBD@Z,"public: void __cdecl osgeo::proj::io::PROJStringFormatter::addParam(class std::basic_string<char, struct std::char_traits<char>, class std::allocator<char>> const &, char const *)",method,osgeo::proj::io,PROJStringFormatter,addParam,"class std::basic_string<char, struct std::char_traits<char>, class std::allocator<char>> const &, char const *",False,False,False,False,False,False,True
280,279,0x117,?addParam@PROJStringFormatter@io@proj@osgeo@@QEAAXPEBD0@Z,"public: void __cdecl osgeo::proj::io::PROJStringFormatter::addParam(char const *, char const *)",method,osgeo::proj::io,PROJStringFormatter,addParam,"char const *, char const *",False,False,False,False,False,False,True
281,280,0x118,?addParam@PROJStringFormatter@io@proj@osgeo@@QEAAXPEBDAEBV?$basic_string@DU?$char_traits@D@std@@V?$allocator@D@2@@std@@@Z,"public: void __cdecl osgeo::proj::io::PROJStringFormatter::addParam(char const *, class std::basic_string<char, struct std::char_traits<char>, class std::allocator<char>> const &)",method,osgeo::proj::io,PROJStringFormatter,addParam,"char const *, class std::basic_string<char, struct std::char_traits<char>, class std::allocator<char>> const &",False,False,False,False,False,False,True
282,281,0x119,?addParam@PROJStringFormatter@io@proj@osgeo@@QEAAXPEBDAEBV?$vector@NV?$allocator@N@std@@@std@@@Z,"public: void __cdecl osgeo::proj::io::PROJStringFormatter::addParam(char const *, class std::vector<double, class std::allocator<double>> const &)",method,osgeo::proj::io,PROJStringFormatter,addParam,"char const *, class std::vector<double, class std::allocator<double>> const &",False,False,False,False,False,False,True
283,282,0x11A,?addParam@PROJStringFormatter@io@proj@osgeo@@QEAAXPEBDH@Z,"public: void __cdecl osgeo::proj::io::PROJStringFormatter::addParam(char const *, int)",method,osgeo::proj::io,PROJStringFormatter,addParam,"char const *, int",False,False,False,False,False,False,True
284,283,0x11B,?addParam@PROJStringFormatter@io@proj@osgeo@@QEAAXPEBDN@Z,"public: void __cdecl osgeo::proj::io::PROJStringFormatter::addParam(char const *, double)",method,osgeo::proj::io,PROJStringFormatter,addParam,"char const *, double",False,False,False,False,False,False,True
285,284,0x11C,?addStep@PROJStringFormatter@io@proj@osgeo@@QEAAXAEBV?$basic_string@DU?$char_traits@D@std@@V?$allocator@D@2@@std@@@Z,"public: void __cdecl osgeo::proj::io::PROJStringFormatter::addStep(class std::basic_string<char, struct std::char_traits<char>, class std::allocator<char>> const &)",method,osgeo::proj::io,PROJStringFormatter,addStep,"class std::basic_string<char, struct std::char_traits<char>, class std::allocator<char>> const &",False,False,False,False,False,False,True
286,285,0x11D,?addStep@PROJStringFormatter@io@proj@osgeo@@QEAAXPEBD@Z,public: void __cdecl osgeo::proj::io::PROJStringFormatter::addStep(char const *),method,osgeo::proj::io,PROJStringFormatter,addStep,char const *,False,False,False,False,False,False,True
287,286,0x11E,?adjlon@@YANN@Z,double __cdecl adjlon(double),function,,,adjlon,double,False,False,False,False,False,False,True
288,287,0x11F,?alias@IdentifiedObject@common@proj@osgeo@@QEBA?AV?$basic_string@DU?$char_traits@D@std@@V?$allocator@D@2@@std@@XZ,"public: class std::basic_string<char, struct std::char_traits<char>, class std::allocator<char>> __cdecl osgeo::proj::common::IdentifiedObject::alias(void) const",method,osgeo::proj::common,IdentifiedObject,alias,void,True,False,False,False,False,False,True
289,288,0x120,?aliases@IdentifiedObject@common@proj@osgeo@@QEBAAEBV?$vector@V?$nn@V?$shared_ptr@VGenericName@util@proj@osgeo@@@std@@@oxygen@dropbox@@V?$allocator@V?$nn@V?$shared_ptr@VGenericName@util@proj@osgeo@@@std@@@oxygen@dropbox@@@std@@@std@@XZ,"public: class std::vector<class dropbox::oxygen::nn<class std::shared_ptr<class osgeo::proj::util::GenericName>>, class std::allocator<class dropbox::oxygen::nn<class std::shared_ptr<class osgeo::proj::util::GenericName>>>> const & __cdecl osgeo::proj::common::IdentifiedObject::aliases(void) const",method,osgeo::proj::common,IdentifiedObject,aliases,void,True,False,False,False,False,False,True
290,289,0x121,?alterCSLinearUnit@CRS@crs@proj@osgeo@@QEBA?AV?$nn@V?$shared_ptr@VCRS@crs@proj@osgeo@@@std@@@oxygen@dropbox@@AEBVUnitOfMeasure@common@34@@Z,public: class dropbox::oxygen::nn<class std::shared_ptr<class osgeo::proj::crs::CRS>> __cdecl osgeo::proj::crs::CRS::alterCSLinearUnit(class osgeo::proj::common::UnitOfMeasure const &) const,method,osgeo::proj::crs,CRS,alterCSLinearUnit,class osgeo::proj::common::UnitOfMeasure const &,True,False,False,False,False,False,True
291,290,0x122,?alterGeodeticCRS@CRS@crs@proj@osgeo@@QEBA?AV?$nn@V?$shared_ptr@VCRS@crs@proj@osgeo@@@std@@@oxygen@dropbox@@AEBV?$nn@V?$shared_ptr@VGeodeticCRS@crs@proj@osgeo@@@std@@@67@@Z,public: class dropbox::oxygen::nn<class std::shared_ptr<class osgeo::proj::crs::CRS>> __cdecl osgeo::proj::crs::CRS::alterGeodeticCRS(class dropbox::oxygen::nn<class std::shared_ptr<class osgeo::proj::crs::GeodeticCRS>> const &) const,method,osgeo::proj::crs,CRS,alterGeodeticCRS,class dropbox::oxygen::nn<class std::shared_ptr<class osgeo::proj::crs::GeodeticCRS>> const &,True,False,False,False,False,False,True
292,291,0x123,?alterId@CRS@crs@proj@osgeo@@QEBA?AV?$nn@V?$shared_ptr@VCRS@crs@proj@osgeo@@@std@@@oxygen@dropbox@@AEBV?$basic_string@DU?$char_traits@D@std@@V?$allocator@D@2@@std@@0@Z,"public: class dropbox::oxygen::nn<class std::shared_ptr<class osgeo::proj::crs::CRS>> __cdecl osgeo::proj::crs::CRS::alterId(class std::basic_string<char, struct std::char_traits<char>, class std::allocator<char>> const &, class std::basic_string<char, struct std::char_traits<char>, class std::allocator<char>> const &) const",method,osgeo::proj::crs,CRS,alterId,"class std::basic_string<char, struct std::char_traits<char>, class std::allocator<char>> const &, class std::basic_string<char, struct std::char_traits<char>, class std::allocator<char>> const &",True,False,False,False,False,False,True
293,292,0x124,?alterName@CRS@crs@proj@osgeo@@QEBA?AV?$nn@V?$shared_ptr@VCRS@crs@proj@osgeo@@@std@@@oxygen@dropbox@@AEBV?$basic_string@DU?$char_traits@D@std@@V?$allocator@D@2@@std@@@Z,"public: class dropbox::oxygen::nn<class std::shared_ptr<class osgeo::proj::crs::CRS>> __cdecl osgeo::proj::crs::CRS::alterName(class std::basic_string<char, struct std::char_traits<char>, class std::allocator<char>> const &) const",method,osgeo::proj::crs,CRS,alterName,"class std::basic_string<char, struct std::char_traits<char>, class std::allocator<char>> const &",True,False,False,False,False,False,True
294,293,0x125,?alterParametersLinearUnit@ProjectedCRS@crs@proj@osgeo@@QEBA?AV?$nn@V?$shared_ptr@VProjectedCRS@crs@proj@osgeo@@@std@@@oxygen@dropbox@@AEBVUnitOfMeasure@common@34@_N@Z,"public: class dropbox::oxygen::nn<class std::shared_ptr<class osgeo::proj::crs::ProjectedCRS>> __cdecl osgeo::proj::crs::ProjectedCRS::alterParametersLinearUnit(class osgeo::proj::common::UnitOfMeasure const &, bool) const",method,osgeo::proj::crs,ProjectedCRS,alterParametersLinearUnit,"class osgeo::proj::common::UnitOfMeasure const &, bool",True,False,False,False,False,False,True
295,294,0x126,?anchorDefinition@Datum@datum@proj@osgeo@@QEBAAEBV?$optional@V?$basic_string@DU?$char_traits@D@std@@V?$allocator@D@2@@std@@@util@34@XZ,"public: class osgeo::proj::util::optional<class std::basic_string<char, struct std::char_traits<char>, class std::allocator<char>>> const & __cdecl osgeo::proj::datum::Datum::anchorDefinition(void) const",method,osgeo::proj::datum,Datum,anchorDefinition,void,True,False,False,False,False,False,True
296,295,0x127,?asDatum@DatumEnsemble@datum@proj@osgeo@@QEBA?AV?$nn@V?$shared_ptr@VDatum@datum@proj@osgeo@@@std@@@oxygen@dropbox@@AEBV?$shared_ptr@VDatabaseContext@io@proj@osgeo@@@std@@@Z,public: class dropbox::oxygen::nn<class std::shared_ptr<class osgeo::proj::datum::Datum>> __cdecl osgeo::proj::datum::DatumEnsemble::asDatum(class std::shared_ptr<class osgeo::proj::io::DatabaseContext> const &) const,method,osgeo::proj::datum,DatumEnsemble,asDatum,class std::shared_ptr<class osgeo::proj::io::DatabaseContext> const &,True,False,False,False,False,False,True
297,296,0x128,?attachDatabaseContext@PROJStringParser@io@proj@osgeo@@QEAAAEAV1234@AEBV?$shared_ptr@VDatabaseContext@io@proj@osgeo@@@std@@@Z,public: class osgeo::proj::io::PROJStringParser & __cdecl osgeo::proj::io::PROJStringParser::attachDatabaseContext(class std::shared_ptr<class osgeo::proj::io::DatabaseContext> const &),method,osgeo::proj::io,PROJStringParser,attachDatabaseContext,class std::shared_ptr<class osgeo::proj::io::DatabaseContext> const &,False,False,False,False,False,False,True
298,297,0x129,?attachDatabaseContext@WKTParser@io@proj@osgeo@@QEAAAEAV1234@AEBV?$shared_ptr@VDatabaseContext@io@proj@osgeo@@@std@@@Z,public: class osgeo::proj::io::WKTParser & __cdecl osgeo::proj::io::WKTParser::attachDatabaseContext(class std::shared_ptr<class osgeo::proj::io::DatabaseContext> const &),method,osgeo::proj::io,WKTParser,attachDatabaseContext,class std::shared_ptr<class osgeo::proj::io::DatabaseContext> const &,False,False,False,False,False,False,True
299,298,0x12A,?authority@Identifier@metadata@proj@osgeo@@QEBAAEBV?$optional@VCitation@metadata@proj@osgeo@@@util@34@XZ,public: class osgeo::proj::util::optional<class osgeo::proj::metadata::Citation> const & __cdecl osgeo::proj::metadata::Identifier::authority(void) const,method,osgeo::proj::metadata,Identifier,authority,void,True,False,False,False,False,False,True
300,299,0x12B,?axisList@CoordinateSystem@cs@proj@osgeo@@QEBAAEBV?$vector@V?$nn@V?$shared_ptr@VCoordinateSystemAxis@cs@proj@osgeo@@@std@@@oxygen@dropbox@@V?$allocator@V?$nn@V?$shared_ptr@VCoordinateSystemAxis@cs@proj@osgeo@@@std@@@oxygen@dropbox@@@std@@@std@@XZ,"public: class std::vector<class dropbox::oxygen::nn<class std::shared_ptr<class osgeo::proj::cs::CoordinateSystemAxis>>, class std::allocator<class dropbox::oxygen::nn<class std::shared_ptr<class osgeo::proj::cs::CoordinateSystemAxis>>>> const & __cdecl osgeo::proj::cs::CoordinateSystem::axisList(void) const",method,osgeo::proj::cs,CoordinateSystem,axisList,void,True,False,False,False,False,False,True
301,300,0x12C,?baseCRS@?$DerivedCRSTemplate@UDerivedEngineeringCRSTraits@crs@proj@osgeo@@@crs@proj@osgeo@@QEBA?BV?$nn@V?$shared_ptr@VEngineeringCRS@crs@proj@osgeo@@@std@@@oxygen@dropbox@@XZ,public: class dropbox::oxygen::nn<class std::shared_ptr<class osgeo::proj::crs::EngineeringCRS>> const __cdecl osgeo::proj::crs::DerivedCRSTemplate<struct osgeo::proj::crs::DerivedEngineeringCRSTraits>::baseCRS(void) const,method,osgeo::proj::crs,DerivedEngineeringCRSTraits>,baseCRS,void,True,False,False,False,False,False,True
302,301,0x12D,?baseCRS@?$DerivedCRSTemplate@UDerivedParametricCRSTraits@crs@proj@osgeo@@@crs@proj@osgeo@@QEBA?BV?$nn@V?$shared_ptr@VParametricCRS@crs@proj@osgeo@@@std@@@oxygen@dropbox@@XZ,public: class dropbox::oxygen::nn<class std::shared_ptr<class osgeo::proj::crs::ParametricCRS>> const __cdecl osgeo::proj::crs::DerivedCRSTemplate<struct osgeo::proj::crs::DerivedParametricCRSTraits>::baseCRS(void) const,method,osgeo::proj::crs,DerivedParametricCRSTraits>,baseCRS,void,True,False,False,False,False,False,True
303,302,0x12E,?baseCRS@?$DerivedCRSTemplate@UDerivedTemporalCRSTraits@crs@proj@osgeo@@@crs@proj@osgeo@@QEBA?BV?$nn@V?$shared_ptr@VTemporalCRS@crs@proj@osgeo@@@std@@@oxygen@dropbox@@XZ,public: class dropbox::oxygen::nn<class std::shared_ptr<class osgeo::proj::crs::TemporalCRS>> const __cdecl osgeo::proj::crs::DerivedCRSTemplate<struct osgeo::proj::crs::DerivedTemporalCRSTraits>::baseCRS(void) const,method,osgeo::proj::crs,DerivedTemporalCRSTraits>,baseCRS,void,True,False,False,False,False,False,True
304,303,0x12F,?baseCRS@BoundCRS@crs@proj@osgeo@@QEBAAEBV?$nn@V?$shared_ptr@VCRS@crs@proj@osgeo@@@std@@@oxygen@dropbox@@XZ,public: class dropbox::oxygen::nn<class std::shared_ptr<class osgeo::proj::crs::CRS>> const & __cdecl osgeo::proj::crs::BoundCRS::baseCRS(void) const,method,osgeo::proj::crs,BoundCRS,baseCRS,void,True,False,False,False,False,False,True
305,304,0x130,?baseCRS@DerivedCRS@crs@proj@osgeo@@QEBAAEBV?$nn@V?$shared_ptr@VSingleCRS@crs@proj@osgeo@@@std@@@oxygen@dropbox@@XZ,public: class dropbox::oxygen::nn<class std::shared_ptr<class osgeo::proj::crs::SingleCRS>> const & __cdecl osgeo::proj::crs::DerivedCRS::baseCRS(void) const,method,osgeo::proj::crs,DerivedCRS,baseCRS,void,True,False,False,False,False,False,True
306,305,0x131,?baseCRS@DerivedGeodeticCRS@crs@proj@osgeo@@QEBA?BV?$nn@V?$shared_ptr@VGeodeticCRS@crs@proj@osgeo@@@std@@@oxygen@dropbox@@XZ,public: class dropbox::oxygen::nn<class std::shared_ptr<class osgeo::proj::crs::GeodeticCRS>> const __cdecl osgeo::proj::crs::DerivedGeodeticCRS::baseCRS(void) const,method,osgeo::proj::crs,DerivedGeodeticCRS,baseCRS,void,True,False,False,False,False,False,True
307,306,0x132,?baseCRS@DerivedGeographicCRS@crs@proj@osgeo@@QEBA?BV?$nn@V?$shared_ptr@VGeodeticCRS@crs@proj@osgeo@@@std@@@oxygen@dropbox@@XZ,public: class dropbox::oxygen::nn<class std::shared_ptr<class osgeo::proj::crs::GeodeticCRS>> const __cdecl osgeo::proj::crs::DerivedGeographicCRS::baseCRS(void) const,method,osgeo::proj::crs,DerivedGeographicCRS,baseCRS,void,True,False,False,False,False,False,True
308,307,0x133,?baseCRS@DerivedProjectedCRS@crs@proj@osgeo@@QEBA?BV?$nn@V?$shared_ptr@VProjectedCRS@crs@proj@osgeo@@@std@@@oxygen@dropbox@@XZ,public: class dropbox::oxygen::nn<class std::shared_ptr<class osgeo::proj::crs::ProjectedCRS>> const __cdecl osgeo::proj::crs::DerivedProjectedCRS::baseCRS(void) const,method,osgeo::proj::crs,DerivedProjectedCRS,baseCRS,void,True,False,False,False,False,False,True
309,308,0x134,?baseCRS@DerivedVerticalCRS@crs@proj@osgeo@@QEBA?BV?$nn@V?$shared_ptr@VVerticalCRS@crs@proj@osgeo@@@std@@@oxygen@dropbox@@XZ,public: class dropbox::oxygen::nn<class std::shared_ptr<class osgeo::proj::crs::VerticalCRS>> const __cdecl osgeo::proj::crs::DerivedVerticalCRS::baseCRS(void) const,method,osgeo::proj::crs,DerivedVerticalCRS,baseCRS,void,True,False,False,False,False,False,True
310,309,0x135,?baseCRS@ProjectedCRS@crs@proj@osgeo@@QEBAAEBV?$nn@V?$shared_ptr@VGeodeticCRS@crs@proj@osgeo@@@std@@@oxygen@dropbox@@XZ,public: class dropbox::oxygen::nn<class std::shared_ptr<class osgeo::proj::crs::GeodeticCRS>> const & __cdecl osgeo::proj::crs::ProjectedCRS::baseCRS(void) const,method,osgeo::proj::crs,ProjectedCRS,baseCRS,void,True,False,False,False,False,False,True
311,310,0x136,?baseCRSWithCanonicalBoundCRS@BoundCRS@crs@proj@osgeo@@QEBA?AV?$nn@V?$shared_ptr@VCRS@crs@proj@osgeo@@@std@@@oxygen@dropbox@@XZ,public: class dropbox::oxygen::nn<class std::shared_ptr<class osgeo::proj::crs::CRS>> __cdecl osgeo::proj::crs::BoundCRS::baseCRSWithCanonicalBoundCRS(void) const,method,osgeo::proj::crs,BoundCRS,baseCRSWithCanonicalBoundCRS,void,True,False,False,False,False,False,True
312,311,0x137,?booleanValue@ParameterValue@operation@proj@osgeo@@QEBA_NXZ,public: bool __cdecl osgeo::proj::operation::ParameterValue::booleanValue(void) const,method,osgeo::proj::operation,ParameterValue,booleanValue,void,True,False,False,False,False,False,True
313,312,0x138,?c_locale_stod@internal@proj@osgeo@@YANAEBV?$basic_string@DU?$char_traits@D@std@@V?$allocator@D@2@@std@@@Z,"double __cdecl osgeo::proj::internal::c_locale_stod(class std::basic_string<char, struct std::char_traits<char>, class std::allocator<char>> const &)",method,osgeo::proj,internal,c_locale_stod,"class std::basic_string<char, struct std::char_traits<char>, class std::allocator<char>> const &",False,False,False,False,False,False,True
314,313,0x139,?calendar@TemporalDatum@datum@proj@osgeo@@QEBAAEBV?$basic_string@DU?$char_traits@D@std@@V?$allocator@D@2@@std@@XZ,"public: class std::basic_string<char, struct std::char_traits<char>, class std::allocator<char>> const & __cdecl osgeo::proj::datum::TemporalDatum::calendar(void) const",method,osgeo::proj::datum,TemporalDatum,calendar,void,True,False,False,False,False,False,True
315,314,0x13A,?canonicalBoundCRS@CRS@crs@proj@osgeo@@QEBAAEBV?$shared_ptr@VBoundCRS@crs@proj@osgeo@@@std@@XZ,public: class std::shared_ptr<class osgeo::proj::crs::BoundCRS> const & __cdecl osgeo::proj::crs::CRS::canonicalBoundCRS(void) const,method,osgeo::proj::crs,CRS,canonicalBoundCRS,void,True,False,False,False,False,False,True
316,315,0x13B,?celestialBody@Ellipsoid@datum@proj@osgeo@@QEBAAEBV?$basic_string@DU?$char_traits@D@std@@V?$allocator@D@2@@std@@XZ,"public: class std::basic_string<char, struct std::char_traits<char>, class std::allocator<char>> const & __cdecl osgeo::proj::datum::Ellipsoid::celestialBody(void) const",method,osgeo::proj::datum,Ellipsoid,celestialBody,void,True,False,False,False,False,False,True
317,316,0x13C,?children@WKTNode@io@proj@osgeo@@QEBAAEBV?$vector@V?$nn@V?$unique_ptr@VWKTNode@io@proj@osgeo@@U?$default_delete@VWKTNode@io@proj@osgeo@@@std@@@std@@@oxygen@dropbox@@V?$allocator@V?$nn@V?$unique_ptr@VWKTNode@io@proj@osgeo@@U?$default_delete@VWKTNode@io@proj@osgeo@@@std@@@std@@@oxygen@dropbox@@@std@@@std@@XZ,"public: class std::vector<class dropbox::oxygen::nn<class std::unique_ptr<class osgeo::proj::io::WKTNode, struct std::default_delete<class osgeo::proj::io::WKTNode>>>, class std::allocator<class dropbox::oxygen::nn<class std::unique_ptr<class osgeo::proj::io::WKTNode, struct std::default_delete<class osgeo::proj::io::WKTNode>>>>> const & __cdecl osgeo::proj::io::WKTNode::children(void) const",method,osgeo::proj::io,WKTNode,children,void,True,False,False,False,False,False,True
318,317,0x13D,?ci_equal@internal@proj@osgeo@@YA_NAEBV?$basic_string@DU?$char_traits@D@std@@V?$allocator@D@2@@std@@0@Z,"bool __cdecl osgeo::proj::internal::ci_equal(class std::basic_string<char, struct std::char_traits<char>, class std::allocator<char>> const &, class std::basic_string<char, struct std::char_traits<char>, class std::allocator<char>> const &)",method,osgeo::proj,internal,ci_equal,"class std::basic_string<char, struct std::char_traits<char>, class std::allocator<char>> const &, class std::basic_string<char, struct std::char_traits<char>, class std::allocator<char>> const &",False,False,False,False,False,False,True
319,318,0x13E,?ci_equal@internal@proj@osgeo@@YA_NAEBV?$basic_string@DU?$char_traits@D@std@@V?$allocator@D@2@@std@@PEBD@Z,"bool __cdecl osgeo::proj::internal::ci_equal(class std::basic_string<char, struct std::char_traits<char>, class std::allocator<char>> const &, char const *)",method,osgeo::proj,internal,ci_equal,"class std::basic_string<char, struct std::char_traits<char>, class std::allocator<char>> const &, char const *",False,False,False,False,False,False,True
320,319,0x13F,?ci_find@internal@proj@osgeo@@YA_KAEBV?$basic_string@DU?$char_traits@D@std@@V?$allocator@D@2@@std@@PEBD@Z,"unsigned __int64 __cdecl osgeo::proj::internal::ci_find(class std::basic_string<char, struct std::char_traits<char>, class std::allocator<char>> const &, char const *)",method,osgeo::proj,internal,ci_find,"class std::basic_string<char, struct std::char_traits<char>, class std::allocator<char>> const &, char const *",False,False,False,False,False,False,True
321,320,0x140,?code@Identifier@metadata@proj@osgeo@@QEBAAEBV?$basic_string@DU?$char_traits@D@std@@V?$allocator@D@2@@std@@XZ,"public: class std::basic_string<char, struct std::char_traits<char>, class std::allocator<char>> const & __cdecl osgeo::proj::metadata::Identifier::code(void) const",method,osgeo::proj::metadata,Identifier,code,void,True,False,False,False,False,False,True
322,321,0x141,?code@UnitOfMeasure@common@proj@osgeo@@QEBAAEBV?$basic_string@DU?$char_traits@D@std@@V?$allocator@D@2@@std@@XZ,"public: class std::basic_string<char, struct std::char_traits<char>, class std::allocator<char>> const & __cdecl osgeo::proj::common::UnitOfMeasure::code(void) const",method,osgeo::proj::common,UnitOfMeasure,code,void,True,False,False,False,False,False,True
323,322,0x142,?codeSpace@Identifier@metadata@proj@osgeo@@QEBAAEBV?$optional@V?$basic_string@DU?$char_traits@D@std@@V?$allocator@D@2@@std@@@util@34@XZ,"public: class osgeo::proj::util::optional<class std::basic_string<char, struct std::char_traits<char>, class std::allocator<char>>> const & __cdecl osgeo::proj::metadata::Identifier::codeSpace(void) const",method,osgeo::proj::metadata,Identifier,codeSpace,void,True,False,False,False,False,False,True
324,323,0x143,?codeSpace@UnitOfMeasure@common@proj@osgeo@@QEBAAEBV?$basic_string@DU?$char_traits@D@std@@V?$allocator@D@2@@std@@XZ,"public: class std::basic_string<char, struct std::char_traits<char>, class std::allocator<char>> const & __cdecl osgeo::proj::common::UnitOfMeasure::codeSpace(void) const",method,osgeo::proj::common,UnitOfMeasure,codeSpace,void,True,False,False,False,False,False,True
325,324,0x144,?componentReferenceSystems@CompoundCRS@crs@proj@osgeo@@QEBAAEBV?$vector@V?$nn@V?$shared_ptr@VCRS@crs@proj@osgeo@@@std@@@oxygen@dropbox@@V?$allocator@V?$nn@V?$shared_ptr@VCRS@crs@proj@osgeo@@@std@@@oxygen@dropbox@@@std@@@std@@XZ,"public: class std::vector<class dropbox::oxygen::nn<class std::shared_ptr<class osgeo::proj::crs::CRS>>, class std::allocator<class dropbox::oxygen::nn<class std::shared_ptr<class osgeo::proj::crs::CRS>>>> const & __cdecl osgeo::proj::crs::CompoundCRS::componentReferenceSystems(void) const",method,osgeo::proj::crs,CompoundCRS,componentReferenceSystems,void,True,False,False,False,False,False,True
326,325,0x145,?computeSemiMinorAxis@Ellipsoid@datum@proj@osgeo@@QEBA?AVLength@common@34@XZ,public: class osgeo::proj::common::Length __cdecl osgeo::proj::datum::Ellipsoid::computeSemiMinorAxis(void) const,method,osgeo::proj::datum,Ellipsoid,computeSemiMinorAxis,void,True,False,False,False,False,False,True
327,326,0x146,?computedInverseFlattening@Ellipsoid@datum@proj@osgeo@@QEBANXZ,public: double __cdecl osgeo::proj::datum::Ellipsoid::computedInverseFlattening(void) const,method,osgeo::proj::datum,Ellipsoid,computedInverseFlattening,void,True,False,False,False,False,False,True
328,327,0x147,?contains@Extent@metadata@proj@osgeo@@QEBA_NAEBV?$nn@V?$shared_ptr@VExtent@metadata@proj@osgeo@@@std@@@oxygen@dropbox@@@Z,public: bool __cdecl osgeo::proj::metadata::Extent::contains(class dropbox::oxygen::nn<class std::shared_ptr<class osgeo::proj::metadata::Extent>> const &) const,method,osgeo::proj::metadata,Extent,contains,class dropbox::oxygen::nn<class std::shared_ptr<class osgeo::proj::metadata::Extent>> const &,True,False,False,False,False,False,True
329,328,0x148,?contains@TemporalExtent@metadata@proj@osgeo@@QEBA_NAEBV?$nn@V?$shared_ptr@VTemporalExtent@metadata@proj@osgeo@@@std@@@oxygen@dropbox@@@Z,public: bool __cdecl osgeo::proj::metadata::TemporalExtent::contains(class dropbox::oxygen::nn<class std::shared_ptr<class osgeo::proj::metadata::TemporalExtent>> const &) const,method,osgeo::proj::metadata,TemporalExtent,contains,class dropbox::oxygen::nn<class std::shared_ptr<class osgeo::proj::metadata::TemporalExtent>> const &,True,False,False,False,False,False,True
330,329,0x149,?contains@VerticalExtent@metadata@proj@osgeo@@QEBA_NAEBV?$nn@V?$shared_ptr@VVerticalExtent@metadata@proj@osgeo@@@std@@@oxygen@dropbox@@@Z,public: bool __cdecl osgeo::proj::metadata::VerticalExtent::contains(class dropbox::oxygen::nn<class std::shared_ptr<class osgeo::proj::metadata::VerticalExtent>> const &) const,method,osgeo::proj::metadata,VerticalExtent,contains,class dropbox::oxygen::nn<class std::shared_ptr<class osgeo::proj::metadata::VerticalExtent>> const &,True,False,False,False,False,False,True
331,330,0x14A,?conventionalRS@Datum@datum@proj@osgeo@@QEBAAEBV?$shared_ptr@VIdentifiedObject@common@proj@osgeo@@@std@@XZ,public: class std::shared_ptr<class osgeo::proj::common::IdentifiedObject> const & __cdecl osgeo::proj::datum::Datum::conventionalRS(void) const,method,osgeo::proj::datum,Datum,conventionalRS,void,True,False,False,False,False,False,True
332,331,0x14B,?conversionToSI@UnitOfMeasure@common@proj@osgeo@@QEBANXZ,public: double __cdecl osgeo::proj::common::UnitOfMeasure::conversionToSI(void) const,method,osgeo::proj::common,UnitOfMeasure,conversionToSI,void,True,False,False,False,False,False,True
333,332,0x14C,?convertToOtherMethod@Conversion@operation@proj@osgeo@@QEBA?AV?$shared_ptr@VConversion@operation@proj@osgeo@@@std@@H@Z,public: class std::shared_ptr<class osgeo::proj::operation::Conversion> __cdecl osgeo::proj::operation::Conversion::convertToOtherMethod(int) const,method,osgeo::proj::operation,Conversion,convertToOtherMethod,int,True,False,False,False,False,False,True
334,333,0x14D,?convertToUnit@Measure@common@proj@osgeo@@QEBANAEBVUnitOfMeasure@234@@Z,public: double __cdecl osgeo::proj::common::Measure::convertToUnit(class osgeo::proj::common::UnitOfMeasure const &) const,method,osgeo::proj::common,Measure,convertToUnit,class osgeo::proj::common::UnitOfMeasure const &,True,False,False,False,False,False,True
335,334,0x14E,?coordinateEpoch@DataEpoch@common@proj@osgeo@@QEBAAEBVMeasure@234@XZ,public: class osgeo::proj::common::Measure const & __cdecl osgeo::proj::common::DataEpoch::coordinateEpoch(void) const,method,osgeo::proj::common,DataEpoch,coordinateEpoch,void,True,False,False,False,False,False,True
336,335,0x14F,?coordinateOperationAccuracies@CoordinateOperation@operation@proj@osgeo@@QEBAAEBV?$vector@V?$nn@V?$shared_ptr@VPositionalAccuracy@metadata@proj@osgeo@@@std@@@oxygen@dropbox@@V?$allocator@V?$nn@V?$shared_ptr@VPositionalAccuracy@metadata@proj@osgeo@@@std@@@oxygen@dropbox@@@std@@@std@@XZ,"public: class std::vector<class dropbox::oxygen::nn<class std::shared_ptr<class osgeo::proj::metadata::PositionalAccuracy>>, class std::allocator<class dropbox::oxygen::nn<class std::shared_ptr<class osgeo::proj::metadata::PositionalAccuracy>>>> const & __cdecl osgeo::proj::operation::CoordinateOperation::coordinateOperationAccuracies(void) const",method,osgeo::proj::operation,CoordinateOperation,coordinateOperationAccuracies,void,True,False,False,False,False,False,True
337,336,0x150,?coordinateSystem@GeographicCRS@crs@proj@osgeo@@QEBAAEBV?$nn@V?$shared_ptr@VEllipsoidalCS@cs@proj@osgeo@@@std@@@oxygen@dropbox@@XZ,public: class dropbox::oxygen::nn<class std::shared_ptr<class osgeo::proj::cs::EllipsoidalCS>> const & __cdecl osgeo::proj::crs::GeographicCRS::coordinateSystem(void) const,method,osgeo::proj::crs,GeographicCRS,coordinateSystem,void,True,False,False,False,False,False,True
338,337,0x151,?coordinateSystem@ParametricCRS@crs@proj@osgeo@@QEBA?BV?$nn@V?$shared_ptr@VParametricCS@cs@proj@osgeo@@@std@@@oxygen@dropbox@@XZ,public: class dropbox::oxygen::nn<class std::shared_ptr<class osgeo::proj::cs::ParametricCS>> const __cdecl osgeo::proj::crs::ParametricCRS::coordinateSystem(void) const,method,osgeo::proj::crs,ParametricCRS,coordinateSystem,void,True,False,False,False,False,False,True
339,338,0x152,?coordinateSystem@ProjectedCRS@crs@proj@osgeo@@QEBAAEBV?$nn@V?$shared_ptr@VCartesianCS@cs@proj@osgeo@@@std@@@oxygen@dropbox@@XZ,public: class dropbox::oxygen::nn<class std::shared_ptr<class osgeo::proj::cs::CartesianCS>> const & __cdecl osgeo::proj::crs::ProjectedCRS::coordinateSystem(void) const,method,osgeo::proj::crs,ProjectedCRS,coordinateSystem,void,True,False,False,False,False,False,True
340,339,0x153,?coordinateSystem@SingleCRS@crs@proj@osgeo@@QEBAAEBV?$nn@V?$shared_ptr@VCoordinateSystem@cs@proj@osgeo@@@std@@@oxygen@dropbox@@XZ,public: class dropbox::oxygen::nn<class std::shared_ptr<class osgeo::proj::cs::CoordinateSystem>> const & __cdecl osgeo::proj::crs::SingleCRS::coordinateSystem(void) const,method,osgeo::proj::crs,SingleCRS,coordinateSystem,void,True,False,False,False,False,False,True
341,340,0x154,?coordinateSystem@TemporalCRS@crs@proj@osgeo@@QEBA?BV?$nn@V?$shared_ptr@VTemporalCS@cs@proj@osgeo@@@std@@@oxygen@dropbox@@XZ,public: class dropbox::oxygen::nn<class std::shared_ptr<class osgeo::proj::cs::TemporalCS>> const __cdecl osgeo::proj::crs::TemporalCRS::coordinateSystem(void) const,method,osgeo::proj::crs,TemporalCRS,coordinateSystem,void,True,False,False,False,False,False,True
342,341,0x155,?coordinateSystem@VerticalCRS@crs@proj@osgeo@@QEBA?BV?$nn@V?$shared_ptr@VVerticalCS@cs@proj@osgeo@@@std@@@oxygen@dropbox@@XZ,public: class dropbox::oxygen::nn<class std::shared_ptr<class osgeo::proj::cs::VerticalCS>> const __cdecl osgeo::proj::crs::VerticalCRS::coordinateSystem(void) const,method,osgeo::proj::crs,VerticalCRS,coordinateSystem,void,True,False,False,False,False,False,True
343,342,0x156,?countChildrenOfName@WKTNode@io@proj@osgeo@@QEBAHAEBV?$basic_string@DU?$char_traits@D@std@@V?$allocator@D@2@@std@@@Z,"public: int __cdecl osgeo::proj::io::WKTNode::countChildrenOfName(class std::basic_string<char, struct std::char_traits<char>, class std::allocator<char>> const &) const",method,osgeo::proj::io,WKTNode,countChildrenOfName,"class std::basic_string<char, struct std::char_traits<char>, class std::allocator<char>> const &",True,False,False,False,False,False,True
344,343,0x157,?create@?$DerivedCRSTemplate@UDerivedEngineeringCRSTraits@crs@proj@osgeo@@@crs@proj@osgeo@@SA?AV?$nn@V?$shared_ptr@V?$DerivedCRSTemplate@UDerivedEngineeringCRSTraits@crs@proj@osgeo@@@crs@proj@osgeo@@@std@@@oxygen@dropbox@@AEBVPropertyMap@util@34@AEBV?$nn@V?$shared_ptr@VEngineeringCRS@crs@proj@osgeo@@@std@@@67@AEBV?$nn@V?$shared_ptr@VConversion@operation@proj@osgeo@@@std@@@67@AEBV?$nn@V?$shared_ptr@VCoordinateSystem@cs@proj@osgeo@@@std@@@67@@Z,"public: static class dropbox::oxygen::nn<class std::shared_ptr<class osgeo::proj::crs::DerivedCRSTemplate<struct osgeo::proj::crs::DerivedEngineeringCRSTraits>>> __cdecl osgeo::proj::crs::DerivedCRSTemplate<struct osgeo::proj::crs::DerivedEngineeringCRSTraits>::create(class osgeo::proj::util::PropertyMap const &, class dropbox::oxygen::nn<class std::shared_ptr<class osgeo::proj::crs::EngineeringCRS>> const &, class dropbox::oxygen::nn<class std::shared_ptr<class osgeo::proj::operation::Conversion>> const &, class dropbox::oxygen::nn<class std::shared_ptr<class osgeo::proj::cs::CoordinateSystem>> const &)",method,osgeo::proj::crs,DerivedEngineeringCRSTraits>,create,"class osgeo::proj::util::PropertyMap const &, class dropbox::oxygen::nn<class std::shared_ptr<class osgeo::proj::crs::EngineeringCRS>> const &, class dropbox::oxygen::nn<class std::shared_ptr<class osgeo::proj::operation::Conversion>> const &, class dropbox::oxygen::nn<class std::shared_ptr<class osgeo::proj::cs::CoordinateSystem>> const &",False,True,False,False,False,False,True
345,344,0x158,?create@?$DerivedCRSTemplate@UDerivedParametricCRSTraits@crs@proj@osgeo@@@crs@proj@osgeo@@SA?AV?$nn@V?$shared_ptr@V?$DerivedCRSTemplate@UDerivedParametricCRSTraits@crs@proj@osgeo@@@crs@proj@osgeo@@@std@@@oxygen@dropbox@@AEBVPropertyMap@util@34@AEBV?$nn@V?$shared_ptr@VParametricCRS@crs@proj@osgeo@@@std@@@67@AEBV?$nn@V?$shared_ptr@VConversion@operation@proj@osgeo@@@std@@@67@AEBV?$nn@V?$shared_ptr@VParametricCS@cs@proj@osgeo@@@std@@@67@@Z,"public: static class dropbox::oxygen::nn<class std::shared_ptr<class osgeo::proj::crs::DerivedCRSTemplate<struct osgeo::proj::crs::DerivedParametricCRSTraits>>> __cdecl osgeo::proj::crs::DerivedCRSTemplate<struct osgeo::proj::crs::DerivedParametricCRSTraits>::create(class osgeo::proj::util::PropertyMap const &, class dropbox::oxygen::nn<class std::shared_ptr<class osgeo::proj::crs::ParametricCRS>> const &, class dropbox::oxygen::nn<class std::shared_ptr<class osgeo::proj::operation::Conversion>> const &, class dropbox::oxygen::nn<class std::shared_ptr<class osgeo::proj::cs::ParametricCS>> const &)",method,osgeo::proj::crs,DerivedParametricCRSTraits>,create,"class osgeo::proj::util::PropertyMap const &, class dropbox::oxygen::nn<class std::shared_ptr<class osgeo::proj::crs::ParametricCRS>> const &, class dropbox::oxygen::nn<class std::shared_ptr<class osgeo::proj::operation::Conversion>> const &, class dropbox::oxygen::nn<class std::shared_ptr<class osgeo::proj::cs::ParametricCS>> const &",False,True,False,False,False,False,True
346,345,0x159,?create@?$DerivedCRSTemplate@UDerivedTemporalCRSTraits@crs@proj@osgeo@@@crs@proj@osgeo@@SA?AV?$nn@V?$shared_ptr@V?$DerivedCRSTemplate@UDerivedTemporalCRSTraits@crs@proj@osgeo@@@crs@proj@osgeo@@@std@@@oxygen@dropbox@@AEBVPropertyMap@util@34@AEBV?$nn@V?$shared_ptr@VTemporalCRS@crs@proj@osgeo@@@std@@@67@AEBV?$nn@V?$shared_ptr@VConversion@operation@proj@osgeo@@@std@@@67@AEBV?$nn@V?$shared_ptr@VTemporalCS@cs@proj@osgeo@@@std@@@67@@Z,"public: static class dropbox::oxygen::nn<class std::shared_ptr<class osgeo::proj::crs::DerivedCRSTemplate<struct osgeo::proj::crs::DerivedTemporalCRSTraits>>> __cdecl osgeo::proj::crs::DerivedCRSTemplate<struct osgeo::proj::crs::DerivedTemporalCRSTraits>::create(class osgeo::proj::util::PropertyMap const &, class dropbox::oxygen::nn<class std::shared_ptr<class osgeo::proj::crs::TemporalCRS>> const &, class dropbox::oxygen::nn<class std::shared_ptr<class osgeo::proj::operation::Conversion>> const &, class dropbox::oxygen::nn<class std::shared_ptr<class osgeo::proj::cs::TemporalCS>> const &)",method,osgeo::proj::crs,DerivedTemporalCRSTraits>,create,"class osgeo::proj::util::PropertyMap const &, class dropbox::oxygen::nn<class std::shared_ptr<class osgeo::proj::crs::TemporalCRS>> const &, class dropbox::oxygen::nn<class std::shared_ptr<class osgeo::proj::operation::Conversion>> const &, class dropbox::oxygen::nn<class std::shared_ptr<class osgeo::proj::cs::TemporalCS>> const &",False,True,False,False,False,False,True
347,346,0x15A,?create@ArrayOfBaseObject@util@proj@osgeo@@SA?AV?$nn@V?$shared_ptr@VArrayOfBaseObject@util@proj@osgeo@@@std@@@oxygen@dropbox@@XZ,public: static class dropbox::oxygen::nn<class std::shared_ptr<class osgeo::proj::util::ArrayOfBaseObject>> __cdecl osgeo::proj::util::ArrayOfBaseObject::create(void),method,osgeo::proj::util,ArrayOfBaseObject,create,void,False,True,False,False,False,False,True
348,347,0x15B,?create@AuthorityFactory@io@proj@osgeo@@SA?AV?$nn@V?$shared_ptr@VAuthorityFactory@io@proj@osgeo@@@std@@@oxygen@dropbox@@AEBV?$nn@V?$shared_ptr@VDatabaseContext@io@proj@osgeo@@@std@@@67@AEBV?$basic_string@DU?$char_traits@D@std@@V?$allocator@D@2@@std@@@Z,"public: static class dropbox::oxygen::nn<class std::shared_ptr<class osgeo::proj::io::AuthorityFactory>> __cdecl osgeo::proj::io::AuthorityFactory::create(class dropbox::oxygen::nn<class std::shared_ptr<class osgeo::proj::io::DatabaseContext>> const &, class std::basic_string<char, struct std::char_traits<char>, class std::allocator<char>> const &)",method,osgeo::proj::io,AuthorityFactory,create,"class dropbox::oxygen::nn<class std::shared_ptr<class osgeo::proj::io::DatabaseContext>> const &, class std::basic_string<char, struct std::char_traits<char>, class std::allocator<char>> const &",False,True,False,False,False,False,True
349,348,0x15C,?create@BoundCRS@crs@proj@osgeo@@SA?AV?$nn@V?$shared_ptr@VBoundCRS@crs@proj@osgeo@@@std@@@oxygen@dropbox@@AEBV?$nn@V?$shared_ptr@VCRS@crs@proj@osgeo@@@std@@@67@0AEBV?$nn@V?$shared_ptr@VTransformation@operation@proj@osgeo@@@std@@@67@@Z,"public: static class dropbox::oxygen::nn<class std::shared_ptr<class osgeo::proj::crs::BoundCRS>> __cdecl osgeo::proj::crs::BoundCRS::create(class dropbox::oxygen::nn<class std::shared_ptr<class osgeo::proj::crs::CRS>> const &, class dropbox::oxygen::nn<class std::shared_ptr<class osgeo::proj::crs::CRS>> const &, class dropbox::oxygen::nn<class std::shared_ptr<class osgeo::proj::operation::Transformation>> const &)",method,osgeo::proj::crs,BoundCRS,create,"class dropbox::oxygen::nn<class std::shared_ptr<class osgeo::proj::crs::CRS>> const &, class dropbox::oxygen::nn<class std::shared_ptr<class osgeo::proj::crs::CRS>> const &, class dropbox::oxygen::nn<class std::shared_ptr<class osgeo::proj::operation::Transformation>> const &",False,True,False,False,False,False,True
350,349,0x15D,?create@BoundCRS@crs@proj@osgeo@@SA?AV?$nn@V?$shared_ptr@VBoundCRS@crs@proj@osgeo@@@std@@@oxygen@dropbox@@AEBVPropertyMap@util@34@AEBV?$nn@V?$shared_ptr@VCRS@crs@proj@osgeo@@@std@@@67@1AEBV?$nn@V?$shared_ptr@VTransformation@operation@proj@osgeo@@@std@@@67@@Z,"public: static class dropbox::oxygen::nn<class std::shared_ptr<class osgeo::proj::crs::BoundCRS>> __cdecl osgeo::proj::crs::BoundCRS::create(class osgeo::proj::util::PropertyMap const &, class dropbox::oxygen::nn<class std::shared_ptr<class osgeo::proj::crs::CRS>> const &, class dropbox::oxygen::nn<class std::shared_ptr<class osgeo::proj::crs::CRS>> const &, class dropbox::oxygen::nn<class std::shared_ptr<class osgeo::proj::operation::Transformation>> const &)",method,osgeo::proj::crs,BoundCRS,create,"class osgeo::proj::util::PropertyMap const &, class dropbox::oxygen::nn<class std::shared_ptr<class osgeo::proj::crs::CRS>> const &, class dropbox::oxygen::nn<class std::shared_ptr<class osgeo::proj::crs::CRS>> const &, class dropbox::oxygen::nn<class std::shared_ptr<class osgeo::proj::operation::Transformation>> const &",False,True,False,False,False,False,True
351,350,0x15E,?create@CartesianCS@cs@proj@osgeo@@SA?AV?$nn@V?$shared_ptr@VCartesianCS@cs@proj@osgeo@@@std@@@oxygen@dropbox@@AEBVPropertyMap@util@34@AEBV?$nn@V?$shared_ptr@VCoordinateSystemAxis@cs@proj@osgeo@@@std@@@67@11@Z,"public: static class dropbox::oxygen::nn<class std::shared_ptr<class osgeo::proj::cs::CartesianCS>> __cdecl osgeo::proj::cs::CartesianCS::create(class osgeo::proj::util::PropertyMap const &, class dropbox::oxygen::nn<class std::shared_ptr<class osgeo::proj::cs::CoordinateSystemAxis>> const &, class dropbox::oxygen::nn<class std::shared_ptr<class osgeo::proj::cs::CoordinateSystemAxis>> const &, class dropbox::oxygen::nn<class std::shared_ptr<class osgeo::proj::cs::CoordinateSystemAxis>> const &)",method,osgeo::proj::cs,CartesianCS,create,"class osgeo::proj::util::PropertyMap const &, class dropbox::oxygen::nn<class std::shared_ptr<class osgeo::proj::cs::CoordinateSystemAxis>> const &, class dropbox::oxygen::nn<class std::shared_ptr<class osgeo::proj::cs::CoordinateSystemAxis>> const &, class dropbox::oxygen::nn<class std::shared_ptr<class osgeo::proj::cs::CoordinateSystemAxis>> const &",False,True,False,False,False,False,True
352,351,0x15F,?create@CartesianCS@cs@proj@osgeo@@SA?AV?$nn@V?$shared_ptr@VCartesianCS@cs@proj@osgeo@@@std@@@oxygen@dropbox@@AEBVPropertyMap@util@34@AEBV?$nn@V?$shared_ptr@VCoordinateSystemAxis@cs@proj@osgeo@@@std@@@67@1@Z,"public: static class dropbox::oxygen::nn<class std::shared_ptr<class osgeo::proj::cs::CartesianCS>> __cdecl osgeo::proj::cs::CartesianCS::create(class osgeo::proj::util::PropertyMap const &, class dropbox::oxygen::nn<class std::shared_ptr<class osgeo::proj::cs::CoordinateSystemAxis>> const &, class dropbox::oxygen::nn<class std::shared_ptr<class osgeo::proj::cs::CoordinateSystemAxis>> const &)",method,osgeo::proj::cs,CartesianCS,create,"class osgeo::proj::util::PropertyMap const &, class dropbox::oxygen::nn<class std::shared_ptr<class osgeo::proj::cs::CoordinateSystemAxis>> const &, class dropbox::oxygen::nn<class std::shared_ptr<class osgeo::proj::cs::CoordinateSystemAxis>> const &",False,True,False,False,False,False,True
353,352,0x160,?create@CompoundCRS@crs@proj@osgeo@@SA?AV?$nn@V?$shared_ptr@VCompoundCRS@crs@proj@osgeo@@@std@@@oxygen@dropbox@@AEBVPropertyMap@util@34@AEBV?$vector@V?$nn@V?$shared_ptr@VCRS@crs@proj@osgeo@@@std@@@oxygen@dropbox@@V?$allocator@V?$nn@V?$shared_ptr@VCRS@crs@proj@osgeo@@@std@@@oxygen@dropbox@@@std@@@std@@@Z,"public: static class dropbox::oxygen::nn<class std::shared_ptr<class osgeo::proj::crs::CompoundCRS>> __cdecl osgeo::proj::crs::CompoundCRS::create(class osgeo::proj::util::PropertyMap const &, class std::vector<class dropbox::oxygen::nn<class std::shared_ptr<class osgeo::proj::crs::CRS>>, class std::allocator<class dropbox::oxygen::nn<class std::shared_ptr<class osgeo::proj::crs::CRS>>>> const &)",method,osgeo::proj::crs,CompoundCRS,create,"class osgeo::proj::util::PropertyMap const &, class std::vector<class dropbox::oxygen::nn<class std::shared_ptr<class osgeo::proj::crs::CRS>>, class std::allocator<class dropbox::oxygen::nn<class std::shared_ptr<class osgeo::proj::crs::CRS>>>> const &",False,True,False,False,False,False,True
354,353,0x161,?create@ConcatenatedOperation@operation@proj@osgeo@@SA?AV?$nn@V?$shared_ptr@VConcatenatedOperation@operation@proj@osgeo@@@std@@@oxygen@dropbox@@AEBVPropertyMap@util@34@AEBV?$vector@V?$nn@V?$shared_ptr@VCoordinateOperation@operation@proj@osgeo@@@std@@@oxygen@dropbox@@V?$allocator@V?$nn@V?$shared_ptr@VCoordinateOperation@operation@proj@osgeo@@@std@@@oxygen@dropbox@@@std@@@std@@AEBV?$vector@V?$nn@V?$shared_ptr@VPositionalAccuracy@metadata@proj@osgeo@@@std@@@oxygen@dropbox@@V?$allocator@V?$nn@V?$shared_ptr@VPositionalAccuracy@metadata@proj@osgeo@@@std@@@oxygen@dropbox@@@std@@@std@@@Z,"public: static class dropbox::oxygen::nn<class std::shared_ptr<class osgeo::proj::operation::ConcatenatedOperation>> __cdecl osgeo::proj::operation::ConcatenatedOperation::create(class osgeo::proj::util::PropertyMap const &, class std::vector<class dropbox::oxygen::nn<class std::shared_ptr<class osgeo::proj::operation::CoordinateOperation>>, class std::allocator<class dropbox::oxygen::nn<class std::shared_ptr<class osgeo::proj::operation::CoordinateOperation>>>> const &, class std::vector<class dropbox::oxygen::nn<class std::shared_ptr<class osgeo::proj::metadata::PositionalAccuracy>>, class std::allocator<class dropbox::oxygen::nn<class std::shared_ptr<class osgeo::proj::metadata::PositionalAccuracy>>>> const &)",method,osgeo::proj::operation,ConcatenatedOperation,create,"class osgeo::proj::util::PropertyMap const &, class std::vector<class dropbox::oxygen::nn<class std::shared_ptr<class osgeo::proj::operation::CoordinateOperation>>, class std::allocator<class dropbox::oxygen::nn<class std::shared_ptr<class osgeo::proj::operation::CoordinateOperation>>>> const &, class std::vector<class dropbox::oxygen::nn<class std::shared_ptr<class osgeo::proj::metadata::PositionalAccuracy>>, class std::allocator<class dropbox::oxygen::nn<class std::shared_ptr<class osgeo::proj::metadata::PositionalAccuracy>>>> const &",False,True,False,False,False,False,True
355,354,0x162,?create@Conversion@operation@proj@osgeo@@SA?AV?$nn@V?$shared_ptr@VConversion@operation@proj@osgeo@@@std@@@oxygen@dropbox@@AEBVPropertyMap@util@34@0AEBV?$vector@V?$nn@V?$shared_ptr@VOperationParameter@operation@proj@osgeo@@@std@@@oxygen@dropbox@@V?$allocator@V?$nn@V?$shared_ptr@VOperationParameter@operation@proj@osgeo@@@std@@@oxygen@dropbox@@@std@@@std@@AEBV?$vector@V?$nn@V?$shared_ptr@VParameterValue@operation@proj@osgeo@@@std@@@oxygen@dropbox@@V?$allocator@V?$nn@V?$shared_ptr@VParameterValue@operation@proj@osgeo@@@std@@@oxygen@dropbox@@@std@@@std@@@Z,"public: static class dropbox::oxygen::nn<class std::shared_ptr<class osgeo::proj::operation::Conversion>> __cdecl osgeo::proj::operation::Conversion::create(class osgeo::proj::util::PropertyMap const &, class osgeo::proj::util::PropertyMap const &, class std::vector<class dropbox::oxygen::nn<class std::shared_ptr<class osgeo::proj::operation::OperationParameter>>, class std::allocator<class dropbox::oxygen::nn<class std::shared_ptr<class osgeo::proj::operation::OperationParameter>>>> const &, class std::vector<class dropbox::oxygen::nn<class std::shared_ptr<class osgeo::proj::operation::ParameterValue>>, class std::allocator<class dropbox::oxygen::nn<class std::shared_ptr<class osgeo::proj::operation::ParameterValue>>>> const &)",method,osgeo::proj::operation,Conversion,create,"class osgeo::proj::util::PropertyMap const &, class osgeo::proj::util::PropertyMap const &, class std::vector<class dropbox::oxygen::nn<class std::shared_ptr<class osgeo::proj::operation::OperationParameter>>, class std::allocator<class dropbox::oxygen::nn<class std::shared_ptr<class osgeo::proj::operation::OperationParameter>>>> const &, class std::vector<class dropbox::oxygen::nn<class std::shared_ptr<class osgeo::proj::operation::ParameterValue>>, class std::allocator<class dropbox::oxygen::nn<class std::shared_ptr<class osgeo::proj::operation::ParameterValue>>>> const &",False,True,False,False,False,False,True
356,355,0x163,?create@Conversion@operation@proj@osgeo@@SA?AV?$nn@V?$shared_ptr@VConversion@operation@proj@osgeo@@@std@@@oxygen@dropbox@@AEBVPropertyMap@util@34@AEBV?$nn@V?$shared_ptr@VOperationMethod@operation@proj@osgeo@@@std@@@67@AEBV?$vector@V?$nn@V?$shared_ptr@VGeneralParameterValue@operation@proj@osgeo@@@std@@@oxygen@dropbox@@V?$allocator@V?$nn@V?$shared_ptr@VGeneralParameterValue@operation@proj@osgeo@@@std@@@oxygen@dropbox@@@std@@@std@@@Z,"public: static class dropbox::oxygen::nn<class std::shared_ptr<class osgeo::proj::operation::Conversion>> __cdecl osgeo::proj::operation::Conversion::create(class osgeo::proj::util::PropertyMap const &, class dropbox::oxygen::nn<class std::shared_ptr<class osgeo::proj::operation::OperationMethod>> const &, class std::vector<class dropbox::oxygen::nn<class std::shared_ptr<class osgeo::proj::operation::GeneralParameterValue>>, class std::allocator<class dropbox::oxygen::nn<class std::shared_ptr<class osgeo::proj::operation::GeneralParameterValue>>>> const &)",method,osgeo::proj::operation,Conversion,create,"class osgeo::proj::util::PropertyMap const &, class dropbox::oxygen::nn<class std::shared_ptr<class osgeo::proj::operation::OperationMethod>> const &, class std::vector<class dropbox::oxygen::nn<class std::shared_ptr<class osgeo::proj::operation::GeneralParameterValue>>, class std::allocator<class dropbox::oxygen::nn<class std::shared_ptr<class osgeo::proj::operation::GeneralParameterValue>>>> const &",False,True,False,False,False,False,True
357,356,0x164,?create@CoordinateOperationContext@operation@proj@osgeo@@SA?AV?$nn@V?$unique_ptr@VCoordinateOperationContext@operation@proj@osgeo@@U?$default_delete@VCoordinateOperationContext@operation@proj@osgeo@@@std@@@std@@@oxygen@dropbox@@AEBV?$shared_ptr@VAuthorityFactory@io@proj@osgeo@@@std@@AEBV?$shared_ptr@VExtent@metadata@proj@osgeo@@@9@N@Z,"public: static class dropbox::oxygen::nn<class std::unique_ptr<class osgeo::proj::operation::CoordinateOperationContext, struct std::default_delete<class osgeo::proj::operation::CoordinateOperationContext>>> __cdecl osgeo::proj::operation::CoordinateOperationContext::create(class std::shared_ptr<class osgeo::proj::io::AuthorityFactory> const &, class std::shared_ptr<class osgeo::proj::metadata::Extent> const &, double)",method,osgeo::proj::operation,CoordinateOperationContext,create,"class std::shared_ptr<class osgeo::proj::io::AuthorityFactory> const &, class std::shared_ptr<class osgeo::proj::metadata::Extent> const &, double",False,True,False,False,False,False,True
358,357,0x165,?create@CoordinateOperationFactory@operation@proj@osgeo@@SA?AV?$nn@V?$unique_ptr@VCoordinateOperationFactory@operation@proj@osgeo@@U?$default_delete@VCoordinateOperationFactory@operation@proj@osgeo@@@std@@@std@@@oxygen@dropbox@@XZ,"public: static class dropbox::oxygen::nn<class std::unique_ptr<class osgeo::proj::operation::CoordinateOperationFactory, struct std::default_delete<class osgeo::proj::operation::CoordinateOperationFactory>>> __cdecl osgeo::proj::operation::CoordinateOperationFactory::create(void)",method,osgeo::proj::operation,CoordinateOperationFactory,create,void,False,True,False,False,False,False,True
359,358,0x166,?create@CoordinateSystemAxis@cs@proj@osgeo@@SA?AV?$nn@V?$shared_ptr@VCoordinateSystemAxis@cs@proj@osgeo@@@std@@@oxygen@dropbox@@AEBVPropertyMap@util@34@AEBV?$basic_string@DU?$char_traits@D@std@@V?$allocator@D@2@@std@@AEBVAxisDirection@234@AEBVUnitOfMeasure@common@34@AEBV?$shared_ptr@VMeridian@cs@proj@osgeo@@@std@@@Z,"public: static class dropbox::oxygen::nn<class std::shared_ptr<class osgeo::proj::cs::CoordinateSystemAxis>> __cdecl osgeo::proj::cs::CoordinateSystemAxis::create(class osgeo::proj::util::PropertyMap const &, class std::basic_string<char, struct std::char_traits<char>, class std::allocator<char>> const &, class osgeo::proj::cs::AxisDirection const &, class osgeo::proj::common::UnitOfMeasure const &, class std::shared_ptr<class osgeo::proj::cs::Meridian> const &)",method,osgeo::proj::cs,CoordinateSystemAxis,create,"class osgeo::proj::util::PropertyMap const &, class std::basic_string<char, struct std::char_traits<char>, class std::allocator<char>> const &, class osgeo::proj::cs::AxisDirection const &, class osgeo::proj::common::UnitOfMeasure const &, class std::shared_ptr<class osgeo::proj::cs::Meridian> const &",False,True,False,False,False,False,True
360,359,0x167,?create@DatabaseContext@io@proj@osgeo@@SA?AV?$nn@V?$shared_ptr@VDatabaseContext@io@proj@osgeo@@@std@@@oxygen@dropbox@@AEBV?$basic_string@DU?$char_traits@D@std@@V?$allocator@D@2@@std@@AEBV?$vector@V?$basic_string@DU?$char_traits@D@std@@V?$allocator@D@2@@std@@V?$allocator@V?$basic_string@DU?$char_traits@D@std@@V?$allocator@D@2@@std@@@2@@9@PEAUpj_ctx@@@Z,"public: static class dropbox::oxygen::nn<class std::shared_ptr<class osgeo::proj::io::DatabaseContext>> __cdecl osgeo::proj::io::DatabaseContext::create(class std::basic_string<char, struct std::char_traits<char>, class std::allocator<char>> const &, class std::vector<class std::basic_string<char, struct std::char_traits<char>, class std::allocator<char>>, class std::allocator<class std::basic_string<char, struct std::char_traits<char>, class std::allocator<char>>>> const &, struct pj_ctx *)",method,osgeo::proj::io,DatabaseContext,create,"class std::basic_string<char, struct std::char_traits<char>, class std::allocator<char>> const &, class std::vector<class std::basic_string<char, struct std::char_traits<char>, class std::allocator<char>>, class std::allocator<class std::basic_string<char, struct std::char_traits<char>, class std::allocator<char>>>> const &, struct pj_ctx *",False,True,False,False,False,False,True
361,360,0x168,?create@DatabaseContext@io@proj@osgeo@@SA?AV?$nn@V?$shared_ptr@VDatabaseContext@io@proj@osgeo@@@std@@@oxygen@dropbox@@PEAX@Z,public: static class dropbox::oxygen::nn<class std::shared_ptr<class osgeo::proj::io::DatabaseContext>> __cdecl osgeo::proj::io::DatabaseContext::create(void *),method,osgeo::proj::io,DatabaseContext,create,void *,False,True,False,False,False,False,True
362,361,0x169,?create@DateTime@common@proj@osgeo@@SA?AV1234@AEBV?$basic_string@DU?$char_traits@D@std@@V?$allocator@D@2@@std@@@Z,"public: static class osgeo::proj::common::DateTime __cdecl osgeo::proj::common::DateTime::create(class std::basic_string<char, struct std::char_traits<char>, class std::allocator<char>> const &)",method,osgeo::proj::common,DateTime,create,"class std::basic_string<char, struct std::char_traits<char>, class std::allocator<char>> const &",False,True,False,False,False,False,True
363,362,0x16A,?create@DateTimeTemporalCS@cs@proj@osgeo@@SA?AV?$nn@V?$shared_ptr@VDateTimeTemporalCS@cs@proj@osgeo@@@std@@@oxygen@dropbox@@AEBVPropertyMap@util@34@AEBV?$nn@V?$shared_ptr@VCoordinateSystemAxis@cs@proj@osgeo@@@std@@@67@@Z,"public: static class dropbox::oxygen::nn<class std::shared_ptr<class osgeo::proj::cs::DateTimeTemporalCS>> __cdecl osgeo::proj::cs::DateTimeTemporalCS::create(class osgeo::proj::util::PropertyMap const &, class dropbox::oxygen::nn<class std::shared_ptr<class osgeo::proj::cs::CoordinateSystemAxis>> const &)",method,osgeo::proj::cs,DateTimeTemporalCS,create,"class osgeo::proj::util::PropertyMap const &, class dropbox::oxygen::nn<class std::shared_ptr<class osgeo::proj::cs::CoordinateSystemAxis>> const &",False,True,False,False,False,False,True
364,363,0x16B,?create@DatumEnsemble@datum@proj@osgeo@@SA?AV?$nn@V?$shared_ptr@VDatumEnsemble@datum@proj@osgeo@@@std@@@oxygen@dropbox@@AEBVPropertyMap@util@34@AEBV?$vector@V?$nn@V?$shared_ptr@VDatum@datum@proj@osgeo@@@std@@@oxygen@dropbox@@V?$allocator@V?$nn@V?$shared_ptr@VDatum@datum@proj@osgeo@@@std@@@oxygen@dropbox@@@std@@@std@@AEBV?$nn@V?$shared_ptr@VPositionalAccuracy@metadata@proj@osgeo@@@std@@@67@@Z,"public: static class dropbox::oxygen::nn<class std::shared_ptr<class osgeo::proj::datum::DatumEnsemble>> __cdecl osgeo::proj::datum::DatumEnsemble::create(class osgeo::proj::util::PropertyMap const &, class std::vector<class dropbox::oxygen::nn<class std::shared_ptr<class osgeo::proj::datum::Datum>>, class std::allocator<class dropbox::oxygen::nn<class std::shared_ptr<class osgeo::proj::datum::Datum>>>> const &, class dropbox::oxygen::nn<class std::shared_ptr<class osgeo::proj::metadata::PositionalAccuracy>> const &)",method,osgeo::proj::datum,DatumEnsemble,create,"class osgeo::proj::util::PropertyMap const &, class std::vector<class dropbox::oxygen::nn<class std::shared_ptr<class osgeo::proj::datum::Datum>>, class std::allocator<class dropbox::oxygen::nn<class std::shared_ptr<class osgeo::proj::datum::Datum>>>> const &, class dropbox::oxygen::nn<class std::shared_ptr<class osgeo::proj::metadata::PositionalAccuracy>> const &",False,True,False,False,False,False,True
365,364,0x16C,?create@DerivedGeodeticCRS@crs@proj@osgeo@@SA?AV?$nn@V?$shared_ptr@VDerivedGeodeticCRS@crs@proj@osgeo@@@std@@@oxygen@dropbox@@AEBVPropertyMap@util@34@AEBV?$nn@V?$shared_ptr@VGeodeticCRS@crs@proj@osgeo@@@std@@@67@AEBV?$nn@V?$shared_ptr@VConversion@operation@proj@osgeo@@@std@@@67@AEBV?$nn@V?$shared_ptr@VCartesianCS@cs@proj@osgeo@@@std@@@67@@Z,"public: static class dropbox::oxygen::nn<class std::shared_ptr<class osgeo::proj::crs::DerivedGeodeticCRS>> __cdecl osgeo::proj::crs::DerivedGeodeticCRS::create(class osgeo::proj::util::PropertyMap const &, class dropbox::oxygen::nn<class std::shared_ptr<class osgeo::proj::crs::GeodeticCRS>> const &, class dropbox::oxygen::nn<class std::shared_ptr<class osgeo::proj::operation::Conversion>> const &, class dropbox::oxygen::nn<class std::shared_ptr<class osgeo::proj::cs::CartesianCS>> const &)",method,osgeo::proj::crs,DerivedGeodeticCRS,create,"class osgeo::proj::util::PropertyMap const &, class dropbox::oxygen::nn<class std::shared_ptr<class osgeo::proj::crs::GeodeticCRS>> const &, class dropbox::oxygen::nn<class std::shared_ptr<class osgeo::proj::operation::Conversion>> const &, class dropbox::oxygen::nn<class std::shared_ptr<class osgeo::proj::cs::CartesianCS>> const &",False,True,False,False,False,False,True
366,365,0x16D,?create@DerivedGeodeticCRS@crs@proj@osgeo@@SA?AV?$nn@V?$shared_ptr@VDerivedGeodeticCRS@crs@proj@osgeo@@@std@@@oxygen@dropbox@@AEBVPropertyMap@util@34@AEBV?$nn@V?$shared_ptr@VGeodeticCRS@crs@proj@osgeo@@@std@@@67@AEBV?$nn@V?$shared_ptr@VConversion@operation@proj@osgeo@@@std@@@67@AEBV?$nn@V?$shared_ptr@VSphericalCS@cs@proj@osgeo@@@std@@@67@@Z,"public: static class dropbox::oxygen::nn<class std::shared_ptr<class osgeo::proj::crs::DerivedGeodeticCRS>> __cdecl osgeo::proj::crs::DerivedGeodeticCRS::create(class osgeo::proj::util::PropertyMap const &, class dropbox::oxygen::nn<class std::shared_ptr<class osgeo::proj::crs::GeodeticCRS>> const &, class dropbox::oxygen::nn<class std::shared_ptr<class osgeo::proj::operation::Conversion>> const &, class dropbox::oxygen::nn<class std::shared_ptr<class osgeo::proj::cs::SphericalCS>> const &)",method,osgeo::proj::crs,DerivedGeodeticCRS,create,"class osgeo::proj::util::PropertyMap const &, class dropbox::oxygen::nn<class std::shared_ptr<class osgeo::proj::crs::GeodeticCRS>> const &, class dropbox::oxygen::nn<class std::shared_ptr<class osgeo::proj::operation::Conversion>> const &, class dropbox::oxygen::nn<class std::shared_ptr<class osgeo::proj::cs::SphericalCS>> const &",False,True,False,False,False,False,True
367,366,0x16E,?create@DerivedGeographicCRS@crs@proj@osgeo@@SA?AV?$nn@V?$shared_ptr@VDerivedGeographicCRS@crs@proj@osgeo@@@std@@@oxygen@dropbox@@AEBVPropertyMap@util@34@AEBV?$nn@V?$shared_ptr@VGeodeticCRS@crs@proj@osgeo@@@std@@@67@AEBV?$nn@V?$shared_ptr@VConversion@operation@proj@osgeo@@@std@@@67@AEBV?$nn@V?$shared_ptr@VEllipsoidalCS@cs@proj@osgeo@@@std@@@67@@Z,"public: static class dropbox::oxygen::nn<class std::shared_ptr<class osgeo::proj::crs::DerivedGeographicCRS>> __cdecl osgeo::proj::crs::DerivedGeographicCRS::create(class osgeo::proj::util::PropertyMap const &, class dropbox::oxygen::nn<class std::shared_ptr<class osgeo::proj::crs::GeodeticCRS>> const &, class dropbox::oxygen::nn<class std::shared_ptr<class osgeo::proj::operation::Conversion>> const &, class dropbox::oxygen::nn<class std::shared_ptr<class osgeo::proj::cs::EllipsoidalCS>> const &)",method,osgeo::proj::crs,DerivedGeographicCRS,create,"class osgeo::proj::util::PropertyMap const &, class dropbox::oxygen::nn<class std::shared_ptr<class osgeo::proj::crs::GeodeticCRS>> const &, class dropbox::oxygen::nn<class std::shared_ptr<class osgeo::proj::operation::Conversion>> const &, class dropbox::oxygen::nn<class std::shared_ptr<class osgeo::proj::cs::EllipsoidalCS>> const &",False,True,False,False,False,False,True
368,367,0x16F,?create@DerivedProjectedCRS@crs@proj@osgeo@@SA?AV?$nn@V?$shared_ptr@VDerivedProjectedCRS@crs@proj@osgeo@@@std@@@oxygen@dropbox@@AEBVPropertyMap@util@34@AEBV?$nn@V?$shared_ptr@VProjectedCRS@crs@proj@osgeo@@@std@@@67@AEBV?$nn@V?$shared_ptr@VConversion@operation@proj@osgeo@@@std@@@67@AEBV?$nn@V?$shared_ptr@VCoordinateSystem@cs@proj@osgeo@@@std@@@67@@Z,"public: static class dropbox::oxygen::nn<class std::shared_ptr<class osgeo::proj::crs::DerivedProjectedCRS>> __cdecl osgeo::proj::crs::DerivedProjectedCRS::create(class osgeo::proj::util::PropertyMap const &, class dropbox::oxygen::nn<class std::shared_ptr<class osgeo::proj::crs::ProjectedCRS>> const &, class dropbox::oxygen::nn<class std::shared_ptr<class osgeo::proj::operation::Conversion>> const &, class dropbox::oxygen::nn<class std::shared_ptr<class osgeo::proj::cs::CoordinateSystem>> const &)",method,osgeo::proj::crs,DerivedProjectedCRS,create,"class osgeo::proj::util::PropertyMap const &, class dropbox::oxygen::nn<class std::shared_ptr<class osgeo::proj::crs::ProjectedCRS>> const &, class dropbox::oxygen::nn<class std::shared_ptr<class osgeo::proj::operation::Conversion>> const &, class dropbox::oxygen::nn<class std::shared_ptr<class osgeo::proj::cs::CoordinateSystem>> const &",False,True,False,False,False,False,True
369,368,0x170,?create@DerivedVerticalCRS@crs@proj@osgeo@@SA?AV?$nn@V?$shared_ptr@VDerivedVerticalCRS@crs@proj@osgeo@@@std@@@oxygen@dropbox@@AEBVPropertyMap@util@34@AEBV?$nn@V?$shared_ptr@VVerticalCRS@crs@proj@osgeo@@@std@@@67@AEBV?$nn@V?$shared_ptr@VConversion@operation@proj@osgeo@@@std@@@67@AEBV?$nn@V?$shared_ptr@VVerticalCS@cs@proj@osgeo@@@std@@@67@@Z,"public: static class dropbox::oxygen::nn<class std::shared_ptr<class osgeo::proj::crs::DerivedVerticalCRS>> __cdecl osgeo::proj::crs::DerivedVerticalCRS::create(class osgeo::proj::util::PropertyMap const &, class dropbox::oxygen::nn<class std::shared_ptr<class osgeo::proj::crs::VerticalCRS>> const &, class dropbox::oxygen::nn<class std::shared_ptr<class osgeo::proj::operation::Conversion>> const &, class dropbox::oxygen::nn<class std::shared_ptr<class osgeo::proj::cs::VerticalCS>> const &)",method,osgeo::proj::crs,DerivedVerticalCRS,create,"class osgeo::proj::util::PropertyMap const &, class dropbox::oxygen::nn<class std::shared_ptr<class osgeo::proj::crs::VerticalCRS>> const &, class dropbox::oxygen::nn<class std::shared_ptr<class osgeo::proj::operation::Conversion>> const &, class dropbox::oxygen::nn<class std::shared_ptr<class osgeo::proj::cs::VerticalCS>> const &",False,True,False,False,False,False,True
370,369,0x171,?create@DynamicGeodeticReferenceFrame@datum@proj@osgeo@@SA?AV?$nn@V?$shared_ptr@VDynamicGeodeticReferenceFrame@datum@proj@osgeo@@@std@@@oxygen@dropbox@@AEBVPropertyMap@util@34@AEBV?$nn@V?$shared_ptr@VEllipsoid@datum@proj@osgeo@@@std@@@67@AEBV?$optional@V?$basic_string@DU?$char_traits@D@std@@V?$allocator@D@2@@std@@@934@AEBV?$nn@V?$shared_ptr@VPrimeMeridian@datum@proj@osgeo@@@std@@@67@AEBVMeasure@common@34@2@Z,"public: static class dropbox::oxygen::nn<class std::shared_ptr<class osgeo::proj::datum::DynamicGeodeticReferenceFrame>> __cdecl osgeo::proj::datum::DynamicGeodeticReferenceFrame::create(class osgeo::proj::util::PropertyMap const &, class dropbox::oxygen::nn<class std::shared_ptr<class osgeo::proj::datum::Ellipsoid>> const &, class osgeo::proj::util::optional<class std::basic_string<char, struct std::char_traits<char>, class std::allocator<char>>> const &, class dropbox::oxygen::nn<class std::shared_ptr<class osgeo::proj::datum::PrimeMeridian>> const &, class osgeo::proj::common::Measure const &, class osgeo::proj::util::optional<class std::basic_string<char, struct std::char_traits<char>, class std::allocator<char>>> const &)",method,osgeo::proj::datum,DynamicGeodeticReferenceFrame,create,"class osgeo::proj::util::PropertyMap const &, class dropbox::oxygen::nn<class std::shared_ptr<class osgeo::proj::datum::Ellipsoid>> const &, class osgeo::proj::util::optional<class std::basic_string<char, struct std::char_traits<char>, class std::allocator<char>>> const &, class dropbox::oxygen::nn<class std::shared_ptr<class osgeo::proj::datum::PrimeMeridian>> const &, class osgeo::proj::common::Measure const &, class osgeo::proj::util::optional<class std::basic_string<char, struct std::char_traits<char>, class std::allocator<char>>> const &",False,True,False,False,False,False,True
371,370,0x172,?create@DynamicVerticalReferenceFrame@datum@proj@osgeo@@SA?AV?$nn@V?$shared_ptr@VDynamicVerticalReferenceFrame@datum@proj@osgeo@@@std@@@oxygen@dropbox@@AEBVPropertyMap@util@34@AEBV?$optional@V?$basic_string@DU?$char_traits@D@std@@V?$allocator@D@2@@std@@@934@AEBV?$optional@VRealizationMethod@datum@proj@osgeo@@@934@AEBVMeasure@common@34@1@Z,"public: static class dropbox::oxygen::nn<class std::shared_ptr<class osgeo::proj::datum::DynamicVerticalReferenceFrame>> __cdecl osgeo::proj::datum::DynamicVerticalReferenceFrame::create(class osgeo::proj::util::PropertyMap const &, class osgeo::proj::util::optional<class std::basic_string<char, struct std::char_traits<char>, class std::allocator<char>>> const &, class osgeo::proj::util::optional<class osgeo::proj::datum::RealizationMethod> const &, class osgeo::proj::common::Measure const &, class osgeo::proj::util::optional<class std::basic_string<char, struct std::char_traits<char>, class std::allocator<char>>> const &)",method,osgeo::proj::datum,DynamicVerticalReferenceFrame,create,"class osgeo::proj::util::PropertyMap const &, class osgeo::proj::util::optional<class std::basic_string<char, struct std::char_traits<char>, class std::allocator<char>>> const &, class osgeo::proj::util::optional<class osgeo::proj::datum::RealizationMethod> const &, class osgeo::proj::common::Measure const &, class osgeo::proj::util::optional<class std::basic_string<char, struct std::char_traits<char>, class std::allocator<char>>> const &",False,True,False,False,False,False,True
372,371,0x173,?create@EllipsoidalCS@cs@proj@osgeo@@SA?AV?$nn@V?$shared_ptr@VEllipsoidalCS@cs@proj@osgeo@@@std@@@oxygen@dropbox@@AEBVPropertyMap@util@34@AEBV?$nn@V?$shared_ptr@VCoordinateSystemAxis@cs@proj@osgeo@@@std@@@67@11@Z,"public: static class dropbox::oxygen::nn<class std::shared_ptr<class osgeo::proj::cs::EllipsoidalCS>> __cdecl osgeo::proj::cs::EllipsoidalCS::create(class osgeo::proj::util::PropertyMap const &, class dropbox::oxygen::nn<class std::shared_ptr<class osgeo::proj::cs::CoordinateSystemAxis>> const &, class dropbox::oxygen::nn<class std::shared_ptr<class osgeo::proj::cs::CoordinateSystemAxis>> const &, class dropbox::oxygen::nn<class std::shared_ptr<class osgeo::proj::cs::CoordinateSystemAxis>> const &)",method,osgeo::proj::cs,EllipsoidalCS,create,"class osgeo::proj::util::PropertyMap const &, class dropbox::oxygen::nn<class std::shared_ptr<class osgeo::proj::cs::CoordinateSystemAxis>> const &, class dropbox::oxygen::nn<class std::shared_ptr<class osgeo::proj::cs::CoordinateSystemAxis>> const &, class dropbox::oxygen::nn<class std::shared_ptr<class osgeo::proj::cs::CoordinateSystemAxis>> const &",False,True,False,False,False,False,True
373,372,0x174,?create@EllipsoidalCS@cs@proj@osgeo@@SA?AV?$nn@V?$shared_ptr@VEllipsoidalCS@cs@proj@osgeo@@@std@@@oxygen@dropbox@@AEBVPropertyMap@util@34@AEBV?$nn@V?$shared_ptr@VCoordinateSystemAxis@cs@proj@osgeo@@@std@@@67@1@Z,"public: static class dropbox::oxygen::nn<class std::shared_ptr<class osgeo::proj::cs::EllipsoidalCS>> __cdecl osgeo::proj::cs::EllipsoidalCS::create(class osgeo::proj::util::PropertyMap const &, class dropbox::oxygen::nn<class std::shared_ptr<class osgeo::proj::cs::CoordinateSystemAxis>> const &, class dropbox::oxygen::nn<class std::shared_ptr<class osgeo::proj::cs::CoordinateSystemAxis>> const &)",method,osgeo::proj::cs,EllipsoidalCS,create,"class osgeo::proj::util::PropertyMap const &, class dropbox::oxygen::nn<class std::shared_ptr<class osgeo::proj::cs::CoordinateSystemAxis>> const &, class dropbox::oxygen::nn<class std::shared_ptr<class osgeo::proj::cs::CoordinateSystemAxis>> const &",False,True,False,False,False,False,True
374,373,0x175,?create@EngineeringCRS@crs@proj@osgeo@@SA?AV?$nn@V?$shared_ptr@VEngineeringCRS@crs@proj@osgeo@@@std@@@oxygen@dropbox@@AEBVPropertyMap@util@34@AEBV?$nn@V?$shared_ptr@VEngineeringDatum@datum@proj@osgeo@@@std@@@67@AEBV?$nn@V?$shared_ptr@VCoordinateSystem@cs@proj@osgeo@@@std@@@67@@Z,"public: static class dropbox::oxygen::nn<class std::shared_ptr<class osgeo::proj::crs::EngineeringCRS>> __cdecl osgeo::proj::crs::EngineeringCRS::create(class osgeo::proj::util::PropertyMap const &, class dropbox::oxygen::nn<class std::shared_ptr<class osgeo::proj::datum::EngineeringDatum>> const &, class dropbox::oxygen::nn<class std::shared_ptr<class osgeo::proj::cs::CoordinateSystem>> const &)",method,osgeo::proj::crs,EngineeringCRS,create,"class osgeo::proj::util::PropertyMap const &, class dropbox::oxygen::nn<class std::shared_ptr<class osgeo::proj::datum::EngineeringDatum>> const &, class dropbox::oxygen::nn<class std::shared_ptr<class osgeo::proj::cs::CoordinateSystem>> const &",False,True,False,False,False,False,True
375,374,0x176,?create@EngineeringDatum@datum@proj@osgeo@@SA?AV?$nn@V?$shared_ptr@VEngineeringDatum@datum@proj@osgeo@@@std@@@oxygen@dropbox@@AEBVPropertyMap@util@34@AEBV?$optional@V?$basic_string@DU?$char_traits@D@std@@V?$allocator@D@2@@std@@@934@@Z,"public: static class dropbox::oxygen::nn<class std::shared_ptr<class osgeo::proj::datum::EngineeringDatum>> __cdecl osgeo::proj::datum::EngineeringDatum::create(class osgeo::proj::util::PropertyMap const &, class osgeo::proj::util::optional<class std::basic_string<char, struct std::char_traits<char>, class std::allocator<char>>> const &)",method,osgeo::proj::datum,EngineeringDatum,create,"class osgeo::proj::util::PropertyMap const &, class osgeo::proj::util::optional<class std::basic_string<char, struct std::char_traits<char>, class std::allocator<char>>> const &",False,True,False,False,False,False,True
376,375,0x177,?create@Extent@metadata@proj@osgeo@@SA?AV?$nn@V?$shared_ptr@VExtent@metadata@proj@osgeo@@@std@@@oxygen@dropbox@@AEBV?$optional@V?$basic_string@DU?$char_traits@D@std@@V?$allocator@D@2@@std@@@util@34@AEBV?$vector@V?$nn@V?$shared_ptr@VGeographicExtent@metadata@proj@osgeo@@@std@@@oxygen@dropbox@@V?$allocator@V?$nn@V?$shared_ptr@VGeographicExtent@metadata@proj@osgeo@@@std@@@oxygen@dropbox@@@std@@@std@@AEBV?$vector@V?$nn@V?$shared_ptr@VVerticalExtent@metadata@proj@osgeo@@@std@@@oxygen@dropbox@@V?$allocator@V?$nn@V?$shared_ptr@VVerticalExtent@metadata@proj@osgeo@@@std@@@oxygen@dropbox@@@std@@@std@@AEBV?$vector@V?$nn@V?$shared_ptr@VTemporalExtent@metadata@proj@osgeo@@@std@@@oxygen@dropbox@@V?$allocator@V?$nn@V?$shared_ptr@VTemporalExtent@metadata@proj@osgeo@@@std@@@oxygen@dropbox@@@std@@@std@@@Z,"public: static class dropbox::oxygen::nn<class std::shared_ptr<class osgeo::proj::metadata::Extent>> __cdecl osgeo::proj::metadata::Extent::create(class osgeo::proj::util::optional<class std::basic_string<char, struct std::char_traits<char>, class std::allocator<char>>> const &, class std::vector<class dropbox::oxygen::nn<class std::shared_ptr<class osgeo::proj::metadata::GeographicExtent>>, class std::allocator<class dropbox::oxygen::nn<class std::shared_ptr<class osgeo::proj::metadata::GeographicExtent>>>> const &, class std::vector<class dropbox::oxygen::nn<class std::shared_ptr<class osgeo::proj::metadata::VerticalExtent>>, class std::allocator<class dropbox::oxygen::nn<class std::shared_ptr<class osgeo::proj::metadata::VerticalExtent>>>> const &, class std::vector<class dropbox::oxygen::nn<class std::shared_ptr<class osgeo::proj::metadata::TemporalExtent>>, class std::allocator<class dropbox::oxygen::nn<class std::shared_ptr<class osgeo::proj::metadata::TemporalExtent>>>> const &)",method,osgeo::proj::metadata,Extent,create,"class osgeo::proj::util::optional<class std::basic_string<char, struct std::char_traits<char>, class std::allocator<char>>> const &, class std::vector<class dropbox::oxygen::nn<class std::shared_ptr<class osgeo::proj::metadata::GeographicExtent>>, class std::allocator<class dropbox::oxygen::nn<class std::shared_ptr<class osgeo::proj::metadata::GeographicExtent>>>> const &, class std::vector<class dropbox::oxygen::nn<class std::shared_ptr<class osgeo::proj::metadata::VerticalExtent>>, class std::allocator<class dropbox::oxygen::nn<class std::shared_ptr<class osgeo::proj::metadata::VerticalExtent>>>> const &, class std::vector<class dropbox::oxygen::nn<class std::shared_ptr<class osgeo::proj::metadata::TemporalExtent>>, class std::allocator<class dropbox::oxygen::nn<class std::shared_ptr<class osgeo::proj::metadata::TemporalExtent>>>> const &",False,True,False,False,False,False,True
377,376,0x178,?create@GeodeticCRS@crs@proj@osgeo@@SA?AV?$nn@V?$shared_ptr@VGeodeticCRS@crs@proj@osgeo@@@std@@@oxygen@dropbox@@AEBVPropertyMap@util@34@AEBV?$nn@V?$shared_ptr@VGeodeticReferenceFrame@datum@proj@osgeo@@@std@@@67@AEBV?$nn@V?$shared_ptr@VCartesianCS@cs@proj@osgeo@@@std@@@67@@Z,"public: static class dropbox::oxygen::nn<class std::shared_ptr<class osgeo::proj::crs::GeodeticCRS>> __cdecl osgeo::proj::crs::GeodeticCRS::create(class osgeo::proj::util::PropertyMap const &, class dropbox::oxygen::nn<class std::shared_ptr<class osgeo::proj::datum::GeodeticReferenceFrame>> const &, class dropbox::oxygen::nn<class std::shared_ptr<class osgeo::proj::cs::CartesianCS>> const &)",method,osgeo::proj::crs,GeodeticCRS,create,"class osgeo::proj::util::PropertyMap const &, class dropbox::oxygen::nn<class std::shared_ptr<class osgeo::proj::datum::GeodeticReferenceFrame>> const &, class dropbox::oxygen::nn<class std::shared_ptr<class osgeo::proj::cs::CartesianCS>> const &",False,True,False,False,False,False,True
378,377,0x179,?create@GeodeticCRS@crs@proj@osgeo@@SA?AV?$nn@V?$shared_ptr@VGeodeticCRS@crs@proj@osgeo@@@std@@@oxygen@dropbox@@AEBVPropertyMap@util@34@AEBV?$nn@V?$shared_ptr@VGeodeticReferenceFrame@datum@proj@osgeo@@@std@@@67@AEBV?$nn@V?$shared_ptr@VSphericalCS@cs@proj@osgeo@@@std@@@67@@Z,"public: static class dropbox::oxygen::nn<class std::shared_ptr<class osgeo::proj::crs::GeodeticCRS>> __cdecl osgeo::proj::crs::GeodeticCRS::create(class osgeo::proj::util::PropertyMap const &, class dropbox::oxygen::nn<class std::shared_ptr<class osgeo::proj::datum::GeodeticReferenceFrame>> const &, class dropbox::oxygen::nn<class std::shared_ptr<class osgeo::proj::cs::SphericalCS>> const &)",method,osgeo::proj::crs,GeodeticCRS,create,"class osgeo::proj::util::PropertyMap const &, class dropbox::oxygen::nn<class std::shared_ptr<class osgeo::proj::datum::GeodeticReferenceFrame>> const &, class dropbox::oxygen::nn<class std::shared_ptr<class osgeo::proj::cs::SphericalCS>> const &",False,True,False,False,False,False,True
379,378,0x17A,?create@GeodeticCRS@crs@proj@osgeo@@SA?AV?$nn@V?$shared_ptr@VGeodeticCRS@crs@proj@osgeo@@@std@@@oxygen@dropbox@@AEBVPropertyMap@util@34@AEBV?$shared_ptr@VGeodeticReferenceFrame@datum@proj@osgeo@@@std@@AEBV?$shared_ptr@VDatumEnsemble@datum@proj@osgeo@@@std@@AEBV?$nn@V?$shared_ptr@VCartesianCS@cs@proj@osgeo@@@std@@@67@@Z,"public: static class dropbox::oxygen::nn<class std::shared_ptr<class osgeo::proj::crs::GeodeticCRS>> __cdecl osgeo::proj::crs::GeodeticCRS::create(class osgeo::proj::util::PropertyMap const &, class std::shared_ptr<class osgeo::proj::datum::GeodeticReferenceFrame> const &, class std::shared_ptr<class osgeo::proj::datum::DatumEnsemble> const &, class dropbox::oxygen::nn<class std::shared_ptr<class osgeo::proj::cs::CartesianCS>> const &)",method,osgeo::proj::crs,GeodeticCRS,create,"class osgeo::proj::util::PropertyMap const &, class std::shared_ptr<class osgeo::proj::datum::GeodeticReferenceFrame> const &, class std::shared_ptr<class osgeo::proj::datum::DatumEnsemble> const &, class dropbox::oxygen::nn<class std::shared_ptr<class osgeo::proj::cs::CartesianCS>> const &",False,True,False,False,False,False,True
380,379,0x17B,?create@GeodeticCRS@crs@proj@osgeo@@SA?AV?$nn@V?$shared_ptr@VGeodeticCRS@crs@proj@osgeo@@@std@@@oxygen@dropbox@@AEBVPropertyMap@util@34@AEBV?$shared_ptr@VGeodeticReferenceFrame@datum@proj@osgeo@@@std@@AEBV?$shared_ptr@VDatumEnsemble@datum@proj@osgeo@@@std@@AEBV?$nn@V?$shared_ptr@VSphericalCS@cs@proj@osgeo@@@std@@@67@@Z,"public: static class dropbox::oxygen::nn<class std::shared_ptr<class osgeo::proj::crs::GeodeticCRS>> __cdecl osgeo::proj::crs::GeodeticCRS::create(class osgeo::proj::util::PropertyMap const &, class std::shared_ptr<class osgeo::proj::datum::GeodeticReferenceFrame> const &, class std::shared_ptr<class osgeo::proj::datum::DatumEnsemble> const &, class dropbox::oxygen::nn<class std::shared_ptr<class osgeo::proj::cs::SphericalCS>> const &)",method,osgeo::proj::crs,GeodeticCRS,create,"class osgeo::proj::util::PropertyMap const &, class std::shared_ptr<class osgeo::proj::datum::GeodeticReferenceFrame> const &, class std::shared_ptr<class osgeo::proj::datum::DatumEnsemble> const &, class dropbox::oxygen::nn<class std::shared_ptr<class osgeo::proj::cs::SphericalCS>> const &",False,True,False,False,False,False,True
381,380,0x17C,?create@GeodeticReferenceFrame@datum@proj@osgeo@@SA?AV?$nn@V?$shared_ptr@VGeodeticReferenceFrame@datum@proj@osgeo@@@std@@@oxygen@dropbox@@AEBVPropertyMap@util@34@AEBV?$nn@V?$shared_ptr@VEllipsoid@datum@proj@osgeo@@@std@@@67@AEBV?$optional@V?$basic_string@DU?$char_traits@D@std@@V?$allocator@D@2@@std@@@934@AEBV?$nn@V?$shared_ptr@VPrimeMeridian@datum@proj@osgeo@@@std@@@67@@Z,"public: static class dropbox::oxygen::nn<class std::shared_ptr<class osgeo::proj::datum::GeodeticReferenceFrame>> __cdecl osgeo::proj::datum::GeodeticReferenceFrame::create(class osgeo::proj::util::PropertyMap const &, class dropbox::oxygen::nn<class std::shared_ptr<class osgeo::proj::datum::Ellipsoid>> const &, class osgeo::proj::util::optional<class std::basic_string<char, struct std::char_traits<char>, class std::allocator<char>>> const &, class dropbox::oxygen::nn<class std::shared_ptr<class osgeo::proj::datum::PrimeMeridian>> const &)",method,osgeo::proj::datum,GeodeticReferenceFrame,create,"class osgeo::proj::util::PropertyMap const &, class dropbox::oxygen::nn<class std::shared_ptr<class osgeo::proj::datum::Ellipsoid>> const &, class osgeo::proj::util::optional<class std::basic_string<char, struct std::char_traits<char>, class std::allocator<char>>> const &, class dropbox::oxygen::nn<class std::shared_ptr<class osgeo::proj::datum::PrimeMeridian>> const &",False,True,False,False,False,False,True
382,381,0x17D,?create@GeographicBoundingBox@metadata@proj@osgeo@@SA?AV?$nn@V?$shared_ptr@VGeographicBoundingBox@metadata@proj@osgeo@@@std@@@oxygen@dropbox@@NNNN@Z,"public: static class dropbox::oxygen::nn<class std::shared_ptr<class osgeo::proj::metadata::GeographicBoundingBox>> __cdecl osgeo::proj::metadata::GeographicBoundingBox::create(double, double, double, double)",method,osgeo::proj::metadata,GeographicBoundingBox,create,"double, double, double, double",False,True,False,False,False,False,True
383,382,0x17E,?create@GeographicCRS@crs@proj@osgeo@@SA?AV?$nn@V?$shared_ptr@VGeographicCRS@crs@proj@osgeo@@@std@@@oxygen@dropbox@@AEBVPropertyMap@util@34@AEBV?$nn@V?$shared_ptr@VGeodeticReferenceFrame@datum@proj@osgeo@@@std@@@67@AEBV?$nn@V?$shared_ptr@VEllipsoidalCS@cs@proj@osgeo@@@std@@@67@@Z,"public: static class dropbox::oxygen::nn<class std::shared_ptr<class osgeo::proj::crs::GeographicCRS>> __cdecl osgeo::proj::crs::GeographicCRS::create(class osgeo::proj::util::PropertyMap const &, class dropbox::oxygen::nn<class std::shared_ptr<class osgeo::proj::datum::GeodeticReferenceFrame>> const &, class dropbox::oxygen::nn<class std::shared_ptr<class osgeo::proj::cs::EllipsoidalCS>> const &)",method,osgeo::proj::crs,GeographicCRS,create,"class osgeo::proj::util::PropertyMap const &, class dropbox::oxygen::nn<class std::shared_ptr<class osgeo::proj::datum::GeodeticReferenceFrame>> const &, class dropbox::oxygen::nn<class std::shared_ptr<class osgeo::proj::cs::EllipsoidalCS>> const &",False,True,False,False,False,False,True
384,383,0x17F,?create@GeographicCRS@crs@proj@osgeo@@SA?AV?$nn@V?$shared_ptr@VGeographicCRS@crs@proj@osgeo@@@std@@@oxygen@dropbox@@AEBVPropertyMap@util@34@AEBV?$shared_ptr@VGeodeticReferenceFrame@datum@proj@osgeo@@@std@@AEBV?$shared_ptr@VDatumEnsemble@datum@proj@osgeo@@@std@@AEBV?$nn@V?$shared_ptr@VEllipsoidalCS@cs@proj@osgeo@@@std@@@67@@Z,"public: static class dropbox::oxygen::nn<class std::shared_ptr<class osgeo::proj::crs::GeographicCRS>> __cdecl osgeo::proj::crs::GeographicCRS::create(class osgeo::proj::util::PropertyMap const &, class std::shared_ptr<class osgeo::proj::datum::GeodeticReferenceFrame> const &, class std::shared_ptr<class osgeo::proj::datum::DatumEnsemble> const &, class dropbox::oxygen::nn<class std::shared_ptr<class osgeo::proj::cs::EllipsoidalCS>> const &)",method,osgeo::proj::crs,GeographicCRS,create,"class osgeo::proj::util::PropertyMap const &, class std::shared_ptr<class osgeo::proj::datum::GeodeticReferenceFrame> const &, class std::shared_ptr<class osgeo::proj::datum::DatumEnsemble> const &, class dropbox::oxygen::nn<class std::shared_ptr<class osgeo::proj::cs::EllipsoidalCS>> const &",False,True,False,False,False,False,True
385,384,0x180,?create@Identifier@metadata@proj@osgeo@@SA?AV?$nn@V?$shared_ptr@VIdentifier@metadata@proj@osgeo@@@std@@@oxygen@dropbox@@AEBV?$basic_string@DU?$char_traits@D@std@@V?$allocator@D@2@@std@@AEBVPropertyMap@util@34@@Z,"public: static class dropbox::oxygen::nn<class std::shared_ptr<class osgeo::proj::metadata::Identifier>> __cdecl osgeo::proj::metadata::Identifier::create(class std::basic_string<char, struct std::char_traits<char>, class std::allocator<char>> const &, class osgeo::proj::util::PropertyMap const &)",method,osgeo::proj::metadata,Identifier,create,"class std::basic_string<char, struct std::char_traits<char>, class std::allocator<char>> const &, class osgeo::proj::util::PropertyMap const &",False,True,False,False,False,False,True
386,385,0x181,?create@JSONFormatter@io@proj@osgeo@@SA?AV?$nn@V?$unique_ptr@VJSONFormatter@io@proj@osgeo@@U?$default_delete@VJSONFormatter@io@proj@osgeo@@@std@@@std@@@oxygen@dropbox@@V?$shared_ptr@VDatabaseContext@io@proj@osgeo@@@std@@@Z,"public: static class dropbox::oxygen::nn<class std::unique_ptr<class osgeo::proj::io::JSONFormatter, struct std::default_delete<class osgeo::proj::io::JSONFormatter>>> __cdecl osgeo::proj::io::JSONFormatter::create(class std::shared_ptr<class osgeo::proj::io::DatabaseContext>)",method,osgeo::proj::io,JSONFormatter,create,class std::shared_ptr<class osgeo::proj::io::DatabaseContext>,False,True,False,False,False,False,True
387,386,0x182,?create@Meridian@cs@proj@osgeo@@SA?AV?$nn@V?$shared_ptr@VMeridian@cs@proj@osgeo@@@std@@@oxygen@dropbox@@AEBVAngle@common@34@@Z,public: static class dropbox::oxygen::nn<class std::shared_ptr<class osgeo::proj::cs::Meridian>> __cdecl osgeo::proj::cs::Meridian::create(class osgeo::proj::common::Angle const &),method,osgeo::proj::cs,Meridian,create,class osgeo::proj::common::Angle const &,False,True,False,False,False,False,True
388,387,0x183,?create@ObjectDomain@common@proj@osgeo@@SA?AV?$nn@V?$shared_ptr@VObjectDomain@common@proj@osgeo@@@std@@@oxygen@dropbox@@AEBV?$optional@V?$basic_string@DU?$char_traits@D@std@@V?$allocator@D@2@@std@@@util@34@AEBV?$shared_ptr@VExtent@metadata@proj@osgeo@@@std@@@Z,"public: static class dropbox::oxygen::nn<class std::shared_ptr<class osgeo::proj::common::ObjectDomain>> __cdecl osgeo::proj::common::ObjectDomain::create(class osgeo::proj::util::optional<class std::basic_string<char, struct std::char_traits<char>, class std::allocator<char>>> const &, class std::shared_ptr<class osgeo::proj::metadata::Extent> const &)",method,osgeo::proj::common,ObjectDomain,create,"class osgeo::proj::util::optional<class std::basic_string<char, struct std::char_traits<char>, class std::allocator<char>>> const &, class std::shared_ptr<class osgeo::proj::metadata::Extent> const &",False,True,False,False,False,False,True
389,388,0x184,?create@OperationMethod@operation@proj@osgeo@@SA?AV?$nn@V?$shared_ptr@VOperationMethod@operation@proj@osgeo@@@std@@@oxygen@dropbox@@AEBVPropertyMap@util@34@AEBV?$vector@V?$nn@V?$shared_ptr@VGeneralOperationParameter@operation@proj@osgeo@@@std@@@oxygen@dropbox@@V?$allocator@V?$nn@V?$shared_ptr@VGeneralOperationParameter@operation@proj@osgeo@@@std@@@oxygen@dropbox@@@std@@@std@@@Z,"public: static class dropbox::oxygen::nn<class std::shared_ptr<class osgeo::proj::operation::OperationMethod>> __cdecl osgeo::proj::operation::OperationMethod::create(class osgeo::proj::util::PropertyMap const &, class std::vector<class dropbox::oxygen::nn<class std::shared_ptr<class osgeo::proj::operation::GeneralOperationParameter>>, class std::allocator<class dropbox::oxygen::nn<class std::shared_ptr<class osgeo::proj::operation::GeneralOperationParameter>>>> const &)",method,osgeo::proj::operation,OperationMethod,create,"class osgeo::proj::util::PropertyMap const &, class std::vector<class dropbox::oxygen::nn<class std::shared_ptr<class osgeo::proj::operation::GeneralOperationParameter>>, class std::allocator<class dropbox::oxygen::nn<class std::shared_ptr<class osgeo::proj::operation::GeneralOperationParameter>>>> const &",False,True,False,False,False,False,True
390,389,0x185,?create@OperationMethod@operation@proj@osgeo@@SA?AV?$nn@V?$shared_ptr@VOperationMethod@operation@proj@osgeo@@@std@@@oxygen@dropbox@@AEBVPropertyMap@util@34@AEBV?$vector@V?$nn@V?$shared_ptr@VOperationParameter@operation@proj@osgeo@@@std@@@oxygen@dropbox@@V?$allocator@V?$nn@V?$shared_ptr@VOperationParameter@operation@proj@osgeo@@@std@@@oxygen@dropbox@@@std@@@std@@@Z,"public: static class dropbox::oxygen::nn<class std::shared_ptr<class osgeo::proj::operation::OperationMethod>> __cdecl osgeo::proj::operation::OperationMethod::create(class osgeo::proj::util::PropertyMap const &, class std::vector<class dropbox::oxygen::nn<class std::shared_ptr<class osgeo::proj::operation::OperationParameter>>, class std::allocator<class dropbox::oxygen::nn<class std::shared_ptr<class osgeo::proj::operation::OperationParameter>>>> const &)",method,osgeo::proj::operation,OperationMethod,create,"class osgeo::proj::util::PropertyMap const &, class std::vector<class dropbox::oxygen::nn<class std::shared_ptr<class osgeo::proj::operation::OperationParameter>>, class std::allocator<class dropbox::oxygen::nn<class std::shared_ptr<class osgeo::proj::operation::OperationParameter>>>> const &",False,True,False,False,False,False,True
391,390,0x186,?create@OperationParameter@operation@proj@osgeo@@SA?AV?$nn@V?$shared_ptr@VOperationParameter@operation@proj@osgeo@@@std@@@oxygen@dropbox@@AEBVPropertyMap@util@34@@Z,public: static class dropbox::oxygen::nn<class std::shared_ptr<class osgeo::proj::operation::OperationParameter>> __cdecl osgeo::proj::operation::OperationParameter::create(class osgeo::proj::util::PropertyMap const &),method,osgeo::proj::operation,OperationParameter,create,class osgeo::proj::util::PropertyMap const &,False,True,False,False,False,False,True
392,391,0x187,?create@OperationParameterValue@operation@proj@osgeo@@SA?AV?$nn@V?$shared_ptr@VOperationParameterValue@operation@proj@osgeo@@@std@@@oxygen@dropbox@@AEBV?$nn@V?$shared_ptr@VOperationParameter@operation@proj@osgeo@@@std@@@67@AEBV?$nn@V?$shared_ptr@VParameterValue@operation@proj@osgeo@@@std@@@67@@Z,"public: static class dropbox::oxygen::nn<class std::shared_ptr<class osgeo::proj::operation::OperationParameterValue>> __cdecl osgeo::proj::operation::OperationParameterValue::create(class dropbox::oxygen::nn<class std::shared_ptr<class osgeo::proj::operation::OperationParameter>> const &, class dropbox::oxygen::nn<class std::shared_ptr<class osgeo::proj::operation::ParameterValue>> const &)",method,osgeo::proj::operation,OperationParameterValue,create,"class dropbox::oxygen::nn<class std::shared_ptr<class osgeo::proj::operation::OperationParameter>> const &, class dropbox::oxygen::nn<class std::shared_ptr<class osgeo::proj::operation::ParameterValue>> const &",False,True,False,False,False,False,True
393,392,0x188,?create@OrdinalCS@cs@proj@osgeo@@SA?AV?$nn@V?$shared_ptr@VOrdinalCS@cs@proj@osgeo@@@std@@@oxygen@dropbox@@AEBVPropertyMap@util@34@AEBV?$vector@V?$nn@V?$shared_ptr@VCoordinateSystemAxis@cs@proj@osgeo@@@std@@@oxygen@dropbox@@V?$allocator@V?$nn@V?$shared_ptr@VCoordinateSystemAxis@cs@proj@osgeo@@@std@@@oxygen@dropbox@@@std@@@std@@@Z,"public: static class dropbox::oxygen::nn<class std::shared_ptr<class osgeo::proj::cs::OrdinalCS>> __cdecl osgeo::proj::cs::OrdinalCS::create(class osgeo::proj::util::PropertyMap const &, class std::vector<class dropbox::oxygen::nn<class std::shared_ptr<class osgeo::proj::cs::CoordinateSystemAxis>>, class std::allocator<class dropbox::oxygen::nn<class std::shared_ptr<class osgeo::proj::cs::CoordinateSystemAxis>>>> const &)",method,osgeo::proj::cs,OrdinalCS,create,"class osgeo::proj::util::PropertyMap const &, class std::vector<class dropbox::oxygen::nn<class std::shared_ptr<class osgeo::proj::cs::CoordinateSystemAxis>>, class std::allocator<class dropbox::oxygen::nn<class std::shared_ptr<class osgeo::proj::cs::CoordinateSystemAxis>>>> const &",False,True,False,False,False,False,True
394,393,0x189,?create@PROJStringFormatter@io@proj@osgeo@@SA?AV?$nn@V?$unique_ptr@VPROJStringFormatter@io@proj@osgeo@@U?$default_delete@VPROJStringFormatter@io@proj@osgeo@@@std@@@std@@@oxygen@dropbox@@W4Convention@1234@V?$shared_ptr@VDatabaseContext@io@proj@osgeo@@@std@@@Z,"public: static class dropbox::oxygen::nn<class std::unique_ptr<class osgeo::proj::io::PROJStringFormatter, struct std::default_delete<class osgeo::proj::io::PROJStringFormatter>>> __cdecl osgeo::proj::io::PROJStringFormatter::create(enum osgeo::proj::io::PROJStringFormatter::Convention, class std::shared_ptr<class osgeo::proj::io::DatabaseContext>)",method,osgeo::proj::io,PROJStringFormatter,create,"enum osgeo::proj::io::PROJStringFormatter::Convention, class std::shared_ptr<class osgeo::proj::io::DatabaseContext>",False,True,False,False,False,False,True
395,394,0x18A,?create@ParameterValue@operation@proj@osgeo@@SA?AV?$nn@V?$shared_ptr@VParameterValue@operation@proj@osgeo@@@std@@@oxygen@dropbox@@AEBV?$basic_string@DU?$char_traits@D@std@@V?$allocator@D@2@@std@@@Z,"public: static class dropbox::oxygen::nn<class std::shared_ptr<class osgeo::proj::operation::ParameterValue>> __cdecl osgeo::proj::operation::ParameterValue::create(class std::basic_string<char, struct std::char_traits<char>, class std::allocator<char>> const &)",method,osgeo::proj::operation,ParameterValue,create,"class std::basic_string<char, struct std::char_traits<char>, class std::allocator<char>> const &",False,True,False,False,False,False,True
396,395,0x18B,?create@ParameterValue@operation@proj@osgeo@@SA?AV?$nn@V?$shared_ptr@VParameterValue@operation@proj@osgeo@@@std@@@oxygen@dropbox@@AEBVMeasure@common@34@@Z,public: static class dropbox::oxygen::nn<class std::shared_ptr<class osgeo::proj::operation::ParameterValue>> __cdecl osgeo::proj::operation::ParameterValue::create(class osgeo::proj::common::Measure const &),method,osgeo::proj::operation,ParameterValue,create,class osgeo::proj::common::Measure const &,False,True,False,False,False,False,True
397,396,0x18C,?create@ParameterValue@operation@proj@osgeo@@SA?AV?$nn@V?$shared_ptr@VParameterValue@operation@proj@osgeo@@@std@@@oxygen@dropbox@@H@Z,public: static class dropbox::oxygen::nn<class std::shared_ptr<class osgeo::proj::operation::ParameterValue>> __cdecl osgeo::proj::operation::ParameterValue::create(int),method,osgeo::proj::operation,ParameterValue,create,int,False,True,False,False,False,False,True
398,397,0x18D,?create@ParameterValue@operation@proj@osgeo@@SA?AV?$nn@V?$shared_ptr@VParameterValue@operation@proj@osgeo@@@std@@@oxygen@dropbox@@PEBD@Z,public: static class dropbox::oxygen::nn<class std::shared_ptr<class osgeo::proj::operation::ParameterValue>> __cdecl osgeo::proj::operation::ParameterValue::create(char const *),method,osgeo::proj::operation,ParameterValue,create,char const *,False,True,False,False,False,False,True
399,398,0x18E,?create@ParameterValue@operation@proj@osgeo@@SA?AV?$nn@V?$shared_ptr@VParameterValue@operation@proj@osgeo@@@std@@@oxygen@dropbox@@_N@Z,public: static class dropbox::oxygen::nn<class std::shared_ptr<class osgeo::proj::operation::ParameterValue>> __cdecl osgeo::proj::operation::ParameterValue::create(bool),method,osgeo::proj::operation,ParameterValue,create,bool,False,True,False,False,False,False,True
400,399,0x18F,?create@ParametricCRS@crs@proj@osgeo@@SA?AV?$nn@V?$shared_ptr@VParametricCRS@crs@proj@osgeo@@@std@@@oxygen@dropbox@@AEBVPropertyMap@util@34@AEBV?$nn@V?$shared_ptr@VParametricDatum@datum@proj@osgeo@@@std@@@67@AEBV?$nn@V?$shared_ptr@VParametricCS@cs@proj@osgeo@@@std@@@67@@Z,"public: static class dropbox::oxygen::nn<class std::shared_ptr<class osgeo::proj::crs::ParametricCRS>> __cdecl osgeo::proj::crs::ParametricCRS::create(class osgeo::proj::util::PropertyMap const &, class dropbox::oxygen::nn<class std::shared_ptr<class osgeo::proj::datum::ParametricDatum>> const &, class dropbox::oxygen::nn<class std::shared_ptr<class osgeo::proj::cs::ParametricCS>> const &)",method,osgeo::proj::crs,ParametricCRS,create,"class osgeo::proj::util::PropertyMap const &, class dropbox::oxygen::nn<class std::shared_ptr<class osgeo::proj::datum::ParametricDatum>> const &, class dropbox::oxygen::nn<class std::shared_ptr<class osgeo::proj::cs::ParametricCS>> const &",False,True,False,False,False,False,True
401,400,0x190,?create@ParametricCS@cs@proj@osgeo@@SA?AV?$nn@V?$shared_ptr@VParametricCS@cs@proj@osgeo@@@std@@@oxygen@dropbox@@AEBVPropertyMap@util@34@AEBV?$nn@V?$shared_ptr@VCoordinateSystemAxis@cs@proj@osgeo@@@std@@@67@@Z,"public: static class dropbox::oxygen::nn<class std::shared_ptr<class osgeo::proj::cs::ParametricCS>> __cdecl osgeo::proj::cs::ParametricCS::create(class osgeo::proj::util::PropertyMap const &, class dropbox::oxygen::nn<class std::shared_ptr<class osgeo::proj::cs::CoordinateSystemAxis>> const &)",method,osgeo::proj::cs,ParametricCS,create,"class osgeo::proj::util::PropertyMap const &, class dropbox::oxygen::nn<class std::shared_ptr<class osgeo::proj::cs::CoordinateSystemAxis>> const &",False,True,False,False,False,False,True
402,401,0x191,?create@ParametricDatum@datum@proj@osgeo@@SA?AV?$nn@V?$shared_ptr@VParametricDatum@datum@proj@osgeo@@@std@@@oxygen@dropbox@@AEBVPropertyMap@util@34@AEBV?$optional@V?$basic_string@DU?$char_traits@D@std@@V?$allocator@D@2@@std@@@934@@Z,"public: static class dropbox::oxygen::nn<class std::shared_ptr<class osgeo::proj::datum::ParametricDatum>> __cdecl osgeo::proj::datum::ParametricDatum::create(class osgeo::proj::util::PropertyMap const &, class osgeo::proj::util::optional<class std::basic_string<char, struct std::char_traits<char>, class std::allocator<char>>> const &)",method,osgeo::proj::datum,ParametricDatum,create,"class osgeo::proj::util::PropertyMap const &, class osgeo::proj::util::optional<class std::basic_string<char, struct std::char_traits<char>, class std::allocator<char>>> const &",False,True,False,False,False,False,True
403,402,0x192,?create@PositionalAccuracy@metadata@proj@osgeo@@SA?AV?$nn@V?$shared_ptr@VPositionalAccuracy@metadata@proj@osgeo@@@std@@@oxygen@dropbox@@AEBV?$basic_string@DU?$char_traits@D@std@@V?$allocator@D@2@@std@@@Z,"public: static class dropbox::oxygen::nn<class std::shared_ptr<class osgeo::proj::metadata::PositionalAccuracy>> __cdecl osgeo::proj::metadata::PositionalAccuracy::create(class std::basic_string<char, struct std::char_traits<char>, class std::allocator<char>> const &)",method,osgeo::proj::metadata,PositionalAccuracy,create,"class std::basic_string<char, struct std::char_traits<char>, class std::allocator<char>> const &",False,True,False,False,False,False,True
404,403,0x193,?create@PrimeMeridian@datum@proj@osgeo@@SA?AV?$nn@V?$shared_ptr@VPrimeMeridian@datum@proj@osgeo@@@std@@@oxygen@dropbox@@AEBVPropertyMap@util@34@AEBVAngle@common@34@@Z,"public: static class dropbox::oxygen::nn<class std::shared_ptr<class osgeo::proj::datum::PrimeMeridian>> __cdecl osgeo::proj::datum::PrimeMeridian::create(class osgeo::proj::util::PropertyMap const &, class osgeo::proj::common::Angle const &)",method,osgeo::proj::datum,PrimeMeridian,create,"class osgeo::proj::util::PropertyMap const &, class osgeo::proj::common::Angle const &",False,True,False,False,False,False,True
405,404,0x194,?create@ProjectedCRS@crs@proj@osgeo@@SA?AV?$nn@V?$shared_ptr@VProjectedCRS@crs@proj@osgeo@@@std@@@oxygen@dropbox@@AEBVPropertyMap@util@34@AEBV?$nn@V?$shared_ptr@VGeodeticCRS@crs@proj@osgeo@@@std@@@67@AEBV?$nn@V?$shared_ptr@VConversion@operation@proj@osgeo@@@std@@@67@AEBV?$nn@V?$shared_ptr@VCartesianCS@cs@proj@osgeo@@@std@@@67@@Z,"public: static class dropbox::oxygen::nn<class std::shared_ptr<class osgeo::proj::crs::ProjectedCRS>> __cdecl osgeo::proj::crs::ProjectedCRS::create(class osgeo::proj::util::PropertyMap const &, class dropbox::oxygen::nn<class std::shared_ptr<class osgeo::proj::crs::GeodeticCRS>> const &, class dropbox::oxygen::nn<class std::shared_ptr<class osgeo::proj::operation::Conversion>> const &, class dropbox::oxygen::nn<class std::shared_ptr<class osgeo::proj::cs::CartesianCS>> const &)",method,osgeo::proj::crs,ProjectedCRS,create,"class osgeo::proj::util::PropertyMap const &, class dropbox::oxygen::nn<class std::shared_ptr<class osgeo::proj::crs::GeodeticCRS>> const &, class dropbox::oxygen::nn<class std::shared_ptr<class osgeo::proj::operation::Conversion>> const &, class dropbox::oxygen::nn<class std::shared_ptr<class osgeo::proj::cs::CartesianCS>> const &",False,True,False,False,False,False,True
406,405,0x195,?create@SphericalCS@cs@proj@osgeo@@SA?AV?$nn@V?$shared_ptr@VSphericalCS@cs@proj@osgeo@@@std@@@oxygen@dropbox@@AEBVPropertyMap@util@34@AEBV?$nn@V?$shared_ptr@VCoordinateSystemAxis@cs@proj@osgeo@@@std@@@67@11@Z,"public: static class dropbox::oxygen::nn<class std::shared_ptr<class osgeo::proj::cs::SphericalCS>> __cdecl osgeo::proj::cs::SphericalCS::create(class osgeo::proj::util::PropertyMap const &, class dropbox::oxygen::nn<class std::shared_ptr<class osgeo::proj::cs::CoordinateSystemAxis>> const &, class dropbox::oxygen::nn<class std::shared_ptr<class osgeo::proj::cs::CoordinateSystemAxis>> const &, class dropbox::oxygen::nn<class std::shared_ptr<class osgeo::proj::cs::CoordinateSystemAxis>> const &)",method,osgeo::proj::cs,SphericalCS,create,"class osgeo::proj::util::PropertyMap const &, class dropbox::oxygen::nn<class std::shared_ptr<class osgeo::proj::cs::CoordinateSystemAxis>> const &, class dropbox::oxygen::nn<class std::shared_ptr<class osgeo::proj::cs::CoordinateSystemAxis>> const &, class dropbox::oxygen::nn<class std::shared_ptr<class osgeo::proj::cs::CoordinateSystemAxis>> const &",False,True,False,False,False,False,True
407,406,0x196,?create@SphericalCS@cs@proj@osgeo@@SA?AV?$nn@V?$shared_ptr@VSphericalCS@cs@proj@osgeo@@@std@@@oxygen@dropbox@@AEBVPropertyMap@util@34@AEBV?$nn@V?$shared_ptr@VCoordinateSystemAxis@cs@proj@osgeo@@@std@@@67@1@Z,"public: static class dropbox::oxygen::nn<class std::shared_ptr<class osgeo::proj::cs::SphericalCS>> __cdecl osgeo::proj::cs::SphericalCS::create(class osgeo::proj::util::PropertyMap const &, class dropbox::oxygen::nn<class std::shared_ptr<class osgeo::proj::cs::CoordinateSystemAxis>> const &, class dropbox::oxygen::nn<class std::shared_ptr<class osgeo::proj::cs::CoordinateSystemAxis>> const &)",method,osgeo::proj::cs,SphericalCS,create,"class osgeo::proj::util::PropertyMap const &, class dropbox::oxygen::nn<class std::shared_ptr<class osgeo::proj::cs::CoordinateSystemAxis>> const &, class dropbox::oxygen::nn<class std::shared_ptr<class osgeo::proj::cs::CoordinateSystemAxis>> const &",False,True,False,False,False,False,True
408,407,0x197,?create@TemporalCRS@crs@proj@osgeo@@SA?AV?$nn@V?$shared_ptr@VTemporalCRS@crs@proj@osgeo@@@std@@@oxygen@dropbox@@AEBVPropertyMap@util@34@AEBV?$nn@V?$shared_ptr@VTemporalDatum@datum@proj@osgeo@@@std@@@67@AEBV?$nn@V?$shared_ptr@VTemporalCS@cs@proj@osgeo@@@std@@@67@@Z,"public: static class dropbox::oxygen::nn<class std::shared_ptr<class osgeo::proj::crs::TemporalCRS>> __cdecl osgeo::proj::crs::TemporalCRS::create(class osgeo::proj::util::PropertyMap const &, class dropbox::oxygen::nn<class std::shared_ptr<class osgeo::proj::datum::TemporalDatum>> const &, class dropbox::oxygen::nn<class std::shared_ptr<class osgeo::proj::cs::TemporalCS>> const &)",method,osgeo::proj::crs,TemporalCRS,create,"class osgeo::proj::util::PropertyMap const &, class dropbox::oxygen::nn<class std::shared_ptr<class osgeo::proj::datum::TemporalDatum>> const &, class dropbox::oxygen::nn<class std::shared_ptr<class osgeo::proj::cs::TemporalCS>> const &",False,True,False,False,False,False,True
409,408,0x198,?create@TemporalCountCS@cs@proj@osgeo@@SA?AV?$nn@V?$shared_ptr@VTemporalCountCS@cs@proj@osgeo@@@std@@@oxygen@dropbox@@AEBVPropertyMap@util@34@AEBV?$nn@V?$shared_ptr@VCoordinateSystemAxis@cs@proj@osgeo@@@std@@@67@@Z,"public: static class dropbox::oxygen::nn<class std::shared_ptr<class osgeo::proj::cs::TemporalCountCS>> __cdecl osgeo::proj::cs::TemporalCountCS::create(class osgeo::proj::util::PropertyMap const &, class dropbox::oxygen::nn<class std::shared_ptr<class osgeo::proj::cs::CoordinateSystemAxis>> const &)",method,osgeo::proj::cs,TemporalCountCS,create,"class osgeo::proj::util::PropertyMap const &, class dropbox::oxygen::nn<class std::shared_ptr<class osgeo::proj::cs::CoordinateSystemAxis>> const &",False,True,False,False,False,False,True
410,409,0x199,?create@TemporalDatum@datum@proj@osgeo@@SA?AV?$nn@V?$shared_ptr@VTemporalDatum@datum@proj@osgeo@@@std@@@oxygen@dropbox@@AEBVPropertyMap@util@34@AEBVDateTime@common@34@AEBV?$basic_string@DU?$char_traits@D@std@@V?$allocator@D@2@@std@@@Z,"public: static class dropbox::oxygen::nn<class std::shared_ptr<class osgeo::proj::datum::TemporalDatum>> __cdecl osgeo::proj::datum::TemporalDatum::create(class osgeo::proj::util::PropertyMap const &, class osgeo::proj::common::DateTime const &, class std::basic_string<char, struct std::char_traits<char>, class std::allocator<char>> const &)",method,osgeo::proj::datum,TemporalDatum,create,"class osgeo::proj::util::PropertyMap const &, class osgeo::proj::common::DateTime const &, class std::basic_string<char, struct std::char_traits<char>, class std::allocator<char>> const &",False,True,False,False,False,False,True
411,410,0x19A,?create@TemporalExtent@metadata@proj@osgeo@@SA?AV?$nn@V?$shared_ptr@VTemporalExtent@metadata@proj@osgeo@@@std@@@oxygen@dropbox@@AEBV?$basic_string@DU?$char_traits@D@std@@V?$allocator@D@2@@std@@0@Z,"public: static class dropbox::oxygen::nn<class std::shared_ptr<class osgeo::proj::metadata::TemporalExtent>> __cdecl osgeo::proj::metadata::TemporalExtent::create(class std::basic_string<char, struct std::char_traits<char>, class std::allocator<char>> const &, class std::basic_string<char, struct std::char_traits<char>, class std::allocator<char>> const &)",method,osgeo::proj::metadata,TemporalExtent,create,"class std::basic_string<char, struct std::char_traits<char>, class std::allocator<char>> const &, class std::basic_string<char, struct std::char_traits<char>, class std::allocator<char>> const &",False,True,False,False,False,False,True
412,411,0x19B,?create@TemporalMeasureCS@cs@proj@osgeo@@SA?AV?$nn@V?$shared_ptr@VTemporalMeasureCS@cs@proj@osgeo@@@std@@@oxygen@dropbox@@AEBVPropertyMap@util@34@AEBV?$nn@V?$shared_ptr@VCoordinateSystemAxis@cs@proj@osgeo@@@std@@@67@@Z,"public: static class dropbox::oxygen::nn<class std::shared_ptr<class osgeo::proj::cs::TemporalMeasureCS>> __cdecl osgeo::proj::cs::TemporalMeasureCS::create(class osgeo::proj::util::PropertyMap const &, class dropbox::oxygen::nn<class std::shared_ptr<class osgeo::proj::cs::CoordinateSystemAxis>> const &)",method,osgeo::proj::cs,TemporalMeasureCS,create,"class osgeo::proj::util::PropertyMap const &, class dropbox::oxygen::nn<class std::shared_ptr<class osgeo::proj::cs::CoordinateSystemAxis>> const &",False,True,False,False,False,False,True
413,412,0x19C,?create@Transformation@operation@proj@osgeo@@SA?AV?$nn@V?$shared_ptr@VTransformation@operation@proj@osgeo@@@std@@@oxygen@dropbox@@AEBVPropertyMap@util@34@AEBV?$nn@V?$shared_ptr@VCRS@crs@proj@osgeo@@@std@@@67@1AEBV?$shared_ptr@VCRS@crs@proj@osgeo@@@std@@0AEBV?$vector@V?$nn@V?$shared_ptr@VOperationParameter@operation@proj@osgeo@@@std@@@oxygen@dropbox@@V?$allocator@V?$nn@V?$shared_ptr@VOperationParameter@operation@proj@osgeo@@@std@@@oxygen@dropbox@@@std@@@std@@AEBV?$vector@V?$nn@V?$shared_ptr@VParameterValue@operation@proj@osgeo@@@std@@@oxygen@dropbox@@V?$allocator@V?$nn@V?$shared_ptr@VParameterValue@operation@proj@osgeo@@@std@@@oxygen@dropbox@@@std@@@std@@AEBV?$vector@V?$nn@V?$shared_ptr@VPositionalAccuracy@metadata@proj@osgeo@@@std@@@oxygen@dropbox@@V?$allocator@V?$nn@V?$shared_ptr@VPositionalAccuracy@metadata@proj@osgeo@@@std@@@oxygen@dropbox@@@std@@@std@@@Z,"public: static class dropbox::oxygen::nn<class std::shared_ptr<class osgeo::proj::operation::Transformation>> __cdecl osgeo::proj::operation::Transformation::create(class osgeo::proj::util::PropertyMap const &, class dropbox::oxygen::nn<class std::shared_ptr<class osgeo::proj::crs::CRS>> const &, class dropbox::oxygen::nn<class std::shared_ptr<class osgeo::proj::crs::CRS>> const &, class std::shared_ptr<class osgeo::proj::crs::CRS> const &, class osgeo::proj::util::PropertyMap const &, class std::vector<class dropbox::oxygen::nn<class std::shared_ptr<class osgeo::proj::operation::OperationParameter>>, class std::allocator<class dropbox::oxygen::nn<class std::shared_ptr<class osgeo::proj::operation::OperationParameter>>>> const &, class std::vector<class dropbox::oxygen::nn<class std::shared_ptr<class osgeo::proj::operation::ParameterValue>>, class std::allocator<class dropbox::oxygen::nn<class std::shared_ptr<class osgeo::proj::operation::ParameterValue>>>> const &, class std::vector<class dropbox::oxygen::nn<class std::shared_ptr<class osgeo::proj::metadata::PositionalAccuracy>>, class std::allocator<class dropbox::oxygen::nn<class std::shared_ptr<class osgeo::proj::metadata::PositionalAccuracy>>>> const &)",method,osgeo::proj::operation,Transformation,create,"class osgeo::proj::util::PropertyMap const &, class dropbox::oxygen::nn<class std::shared_ptr<class osgeo::proj::crs::CRS>> const &, class dropbox::oxygen::nn<class std::shared_ptr<class osgeo::proj::crs::CRS>> const &, class std::shared_ptr<class osgeo::proj::crs::CRS> const &, class osgeo::proj::util::PropertyMap const &, class std::vector<class dropbox::oxygen::nn<class std::shared_ptr<class osgeo::proj::operation::OperationParameter>>, class std::allocator<class dropbox::oxygen::nn<class std::shared_ptr<class osgeo::proj::operation::OperationParameter>>>> const &, class std::vector<class dropbox::oxygen::nn<class std::shared_ptr<class osgeo::proj::operation::ParameterValue>>, class std::allocator<class dropbox::oxygen::nn<class std::shared_ptr<class osgeo::proj::operation::ParameterValue>>>> const &, class std::vector<class dropbox::oxygen::nn<class std::shared_ptr<class osgeo::proj::metadata::PositionalAccuracy>>, class std::allocator<class dropbox::oxygen::nn<class std::shared_ptr<class osgeo::proj::metadata::PositionalAccuracy>>>> const &",False,True,False,False,False,False,True
414,413,0x19D,?create@Transformation@operation@proj@osgeo@@SA?AV?$nn@V?$shared_ptr@VTransformation@operation@proj@osgeo@@@std@@@oxygen@dropbox@@AEBVPropertyMap@util@34@AEBV?$nn@V?$shared_ptr@VCRS@crs@proj@osgeo@@@std@@@67@1AEBV?$shared_ptr@VCRS@crs@proj@osgeo@@@std@@AEBV?$nn@V?$shared_ptr@VOperationMethod@operation@proj@osgeo@@@std@@@67@AEBV?$vector@V?$nn@V?$shared_ptr@VGeneralParameterValue@operation@proj@osgeo@@@std@@@oxygen@dropbox@@V?$allocator@V?$nn@V?$shared_ptr@VGeneralParameterValue@operation@proj@osgeo@@@std@@@oxygen@dropbox@@@std@@@std@@AEBV?$vector@V?$nn@V?$shared_ptr@VPositionalAccuracy@metadata@proj@osgeo@@@std@@@oxygen@dropbox@@V?$allocator@V?$nn@V?$shared_ptr@VPositionalAccuracy@metadata@proj@osgeo@@@std@@@oxygen@dropbox@@@std@@@std@@@Z,"public: static class dropbox::oxygen::nn<class std::shared_ptr<class osgeo::proj::operation::Transformation>> __cdecl osgeo::proj::operation::Transformation::create(class osgeo::proj::util::PropertyMap const &, class dropbox::oxygen::nn<class std::shared_ptr<class osgeo::proj::crs::CRS>> const &, class dropbox::oxygen::nn<class std::shared_ptr<class osgeo::proj::crs::CRS>> const &, class std::shared_ptr<class osgeo::proj::crs::CRS> const &, class dropbox::oxygen::nn<class std::shared_ptr<class osgeo::proj::operation::OperationMethod>> const &, class std::vector<class dropbox::oxygen::nn<class std::shared_ptr<class osgeo::proj::operation::GeneralParameterValue>>, class std::allocator<class dropbox::oxygen::nn<class std::shared_ptr<class osgeo::proj::operation::GeneralParameterValue>>>> const &, class std::vector<class dropbox::oxygen::nn<class std::shared_ptr<class osgeo::proj::metadata::PositionalAccuracy>>, class std::allocator<class dropbox::oxygen::nn<class std::shared_ptr<class osgeo::proj::metadata::PositionalAccuracy>>>> const &)",method,osgeo::proj::operation,Transformation,create,"class osgeo::proj::util::PropertyMap const &, class dropbox::oxygen::nn<class std::shared_ptr<class osgeo::proj::crs::CRS>> const &, class dropbox::oxygen::nn<class std::shared_ptr<class osgeo::proj::crs::CRS>> const &, class std::shared_ptr<class osgeo::proj::crs::CRS> const &, class dropbox::oxygen::nn<class std::shared_ptr<class osgeo::proj::operation::OperationMethod>> const &, class std::vector<class dropbox::oxygen::nn<class std::shared_ptr<class osgeo::proj::operation::GeneralParameterValue>>, class std::allocator<class dropbox::oxygen::nn<class std::shared_ptr<class osgeo::proj::operation::GeneralParameterValue>>>> const &, class std::vector<class dropbox::oxygen::nn<class std::shared_ptr<class osgeo::proj::metadata::PositionalAccuracy>>, class std::allocator<class dropbox::oxygen::nn<class std::shared_ptr<class osgeo::proj::metadata::PositionalAccuracy>>>> const &",False,True,False,False,False,False,True
415,414,0x19E,?create@VerticalCRS@crs@proj@osgeo@@SA?AV?$nn@V?$shared_ptr@VVerticalCRS@crs@proj@osgeo@@@std@@@oxygen@dropbox@@AEBVPropertyMap@util@34@AEBV?$nn@V?$shared_ptr@VVerticalReferenceFrame@datum@proj@osgeo@@@std@@@67@AEBV?$nn@V?$shared_ptr@VVerticalCS@cs@proj@osgeo@@@std@@@67@@Z,"public: static class dropbox::oxygen::nn<class std::shared_ptr<class osgeo::proj::crs::VerticalCRS>> __cdecl osgeo::proj::crs::VerticalCRS::create(class osgeo::proj::util::PropertyMap const &, class dropbox::oxygen::nn<class std::shared_ptr<class osgeo::proj::datum::VerticalReferenceFrame>> const &, class dropbox::oxygen::nn<class std::shared_ptr<class osgeo::proj::cs::VerticalCS>> const &)",method,osgeo::proj::crs,VerticalCRS,create,"class osgeo::proj::util::PropertyMap const &, class dropbox::oxygen::nn<class std::shared_ptr<class osgeo::proj::datum::VerticalReferenceFrame>> const &, class dropbox::oxygen::nn<class std::shared_ptr<class osgeo::proj::cs::VerticalCS>> const &",False,True,False,False,False,False,True
416,415,0x19F,?create@VerticalCRS@crs@proj@osgeo@@SA?AV?$nn@V?$shared_ptr@VVerticalCRS@crs@proj@osgeo@@@std@@@oxygen@dropbox@@AEBVPropertyMap@util@34@AEBV?$shared_ptr@VVerticalReferenceFrame@datum@proj@osgeo@@@std@@AEBV?$shared_ptr@VDatumEnsemble@datum@proj@osgeo@@@std@@AEBV?$nn@V?$shared_ptr@VVerticalCS@cs@proj@osgeo@@@std@@@67@@Z,"public: static class dropbox::oxygen::nn<class std::shared_ptr<class osgeo::proj::crs::VerticalCRS>> __cdecl osgeo::proj::crs::VerticalCRS::create(class osgeo::proj::util::PropertyMap const &, class std::shared_ptr<class osgeo::proj::datum::VerticalReferenceFrame> const &, class std::shared_ptr<class osgeo::proj::datum::DatumEnsemble> const &, class dropbox::oxygen::nn<class std::shared_ptr<class osgeo::proj::cs::VerticalCS>> const &)",method,osgeo::proj::crs,VerticalCRS,create,"class osgeo::proj::util::PropertyMap const &, class std::shared_ptr<class osgeo::proj::datum::VerticalReferenceFrame> const &, class std::shared_ptr<class osgeo::proj::datum::DatumEnsemble> const &, class dropbox::oxygen::nn<class std::shared_ptr<class osgeo::proj::cs::VerticalCS>> const &",False,True,False,False,False,False,True
417,416,0x1A0,?create@VerticalCS@cs@proj@osgeo@@SA?AV?$nn@V?$shared_ptr@VVerticalCS@cs@proj@osgeo@@@std@@@oxygen@dropbox@@AEBVPropertyMap@util@34@AEBV?$nn@V?$shared_ptr@VCoordinateSystemAxis@cs@proj@osgeo@@@std@@@67@@Z,"public: static class dropbox::oxygen::nn<class std::shared_ptr<class osgeo::proj::cs::VerticalCS>> __cdecl osgeo::proj::cs::VerticalCS::create(class osgeo::proj::util::PropertyMap const &, class dropbox::oxygen::nn<class std::shared_ptr<class osgeo::proj::cs::CoordinateSystemAxis>> const &)",method,osgeo::proj::cs,VerticalCS,create,"class osgeo::proj::util::PropertyMap const &, class dropbox::oxygen::nn<class std::shared_ptr<class osgeo::proj::cs::CoordinateSystemAxis>> const &",False,True,False,False,False,False,True
418,417,0x1A1,?create@VerticalExtent@metadata@proj@osgeo@@SA?AV?$nn@V?$shared_ptr@VVerticalExtent@metadata@proj@osgeo@@@std@@@oxygen@dropbox@@NNAEBV?$nn@V?$shared_ptr@VUnitOfMeasure@common@proj@osgeo@@@std@@@67@@Z,"public: static class dropbox::oxygen::nn<class std::shared_ptr<class osgeo::proj::metadata::VerticalExtent>> __cdecl osgeo::proj::metadata::VerticalExtent::create(double, double, class dropbox::oxygen::nn<class std::shared_ptr<class osgeo::proj::common::UnitOfMeasure>> const &)",method,osgeo::proj::metadata,VerticalExtent,create,"double, double, class dropbox::oxygen::nn<class std::shared_ptr<class osgeo::proj::common::UnitOfMeasure>> const &",False,True,False,False,False,False,True
419,418,0x1A2,?create@VerticalReferenceFrame@datum@proj@osgeo@@SA?AV?$nn@V?$shared_ptr@VVerticalReferenceFrame@datum@proj@osgeo@@@std@@@oxygen@dropbox@@AEBVPropertyMap@util@34@AEBV?$optional@V?$basic_string@DU?$char_traits@D@std@@V?$allocator@D@2@@std@@@934@AEBV?$optional@VRealizationMethod@datum@proj@osgeo@@@934@@Z,"public: static class dropbox::oxygen::nn<class std::shared_ptr<class osgeo::proj::datum::VerticalReferenceFrame>> __cdecl osgeo::proj::datum::VerticalReferenceFrame::create(class osgeo::proj::util::PropertyMap const &, class osgeo::proj::util::optional<class std::basic_string<char, struct std::char_traits<char>, class std::allocator<char>>> const &, class osgeo::proj::util::optional<class osgeo::proj::datum::RealizationMethod> const &)",method,osgeo::proj::datum,VerticalReferenceFrame,create,"class osgeo::proj::util::PropertyMap const &, class osgeo::proj::util::optional<class std::basic_string<char, struct std::char_traits<char>, class std::allocator<char>>> const &, class osgeo::proj::util::optional<class osgeo::proj::datum::RealizationMethod> const &",False,True,False,False,False,False,True
420,419,0x1A3,?create@WKTFormatter@io@proj@osgeo@@SA?AV?$nn@V?$unique_ptr@VWKTFormatter@io@proj@osgeo@@U?$default_delete@VWKTFormatter@io@proj@osgeo@@@std@@@std@@@oxygen@dropbox@@AEBV567@@Z,"public: static class dropbox::oxygen::nn<class std::unique_ptr<class osgeo::proj::io::WKTFormatter, struct std::default_delete<class osgeo::proj::io::WKTFormatter>>> __cdecl osgeo::proj::io::WKTFormatter::create(class dropbox::oxygen::nn<class std::unique_ptr<class osgeo::proj::io::WKTFormatter, struct std::default_delete<class osgeo::proj::io::WKTFormatter>>> const &)",method,osgeo::proj::io,WKTFormatter,create,"class dropbox::oxygen::nn<class std::unique_ptr<class osgeo::proj::io::WKTFormatter, struct std::default_delete<class osgeo::proj::io::WKTFormatter>>> const &",False,True,False,False,False,False,True
421,420,0x1A4,?create@WKTFormatter@io@proj@osgeo@@SA?AV?$nn@V?$unique_ptr@VWKTFormatter@io@proj@osgeo@@U?$default_delete@VWKTFormatter@io@proj@osgeo@@@std@@@std@@@oxygen@dropbox@@W4Convention@1234@V?$shared_ptr@VDatabaseContext@io@proj@osgeo@@@std@@@Z,"public: static class dropbox::oxygen::nn<class std::unique_ptr<class osgeo::proj::io::WKTFormatter, struct std::default_delete<class osgeo::proj::io::WKTFormatter>>> __cdecl osgeo::proj::io::WKTFormatter::create(enum osgeo::proj::io::WKTFormatter::Convention, class std::shared_ptr<class osgeo::proj::io::DatabaseContext>)",method,osgeo::proj::io,WKTFormatter,create,"enum osgeo::proj::io::WKTFormatter::Convention, class std::shared_ptr<class osgeo::proj::io::DatabaseContext>",False,True,False,False,False,False,True
422,421,0x1A5,?createAbridgedMolodensky@Transformation@operation@proj@osgeo@@SA?AV?$nn@V?$shared_ptr@VTransformation@operation@proj@osgeo@@@std@@@oxygen@dropbox@@AEBVPropertyMap@util@34@AEBV?$nn@V?$shared_ptr@VCRS@crs@proj@osgeo@@@std@@@67@1NNNNNAEBV?$vector@V?$nn@V?$shared_ptr@VPositionalAccuracy@metadata@proj@osgeo@@@std@@@oxygen@dropbox@@V?$allocator@V?$nn@V?$shared_ptr@VPositionalAccuracy@metadata@proj@osgeo@@@std@@@oxygen@dropbox@@@std@@@std@@@Z,"public: static class dropbox::oxygen::nn<class std::shared_ptr<class osgeo::proj::operation::Transformation>> __cdecl osgeo::proj::operation::Transformation::createAbridgedMolodensky(class osgeo::proj::util::PropertyMap const &, class dropbox::oxygen::nn<class std::shared_ptr<class osgeo::proj::crs::CRS>> const &, class dropbox::oxygen::nn<class std::shared_ptr<class osgeo::proj::crs::CRS>> const &, double, double, double, double, double, class std::vector<class dropbox::oxygen::nn<class std::shared_ptr<class osgeo::proj::metadata::PositionalAccuracy>>, class std::allocator<class dropbox::oxygen::nn<class std::shared_ptr<class osgeo::proj::metadata::PositionalAccuracy>>>> const &)",method,osgeo::proj::operation,Transformation,createAbridgedMolodensky,"class osgeo::proj::util::PropertyMap const &, class dropbox::oxygen::nn<class std::shared_ptr<class osgeo::proj::crs::CRS>> const &, class dropbox::oxygen::nn<class std::shared_ptr<class osgeo::proj::crs::CRS>> const &, double, double, double, double, double, class std::vector<class dropbox::oxygen::nn<class std::shared_ptr<class osgeo::proj::metadata::PositionalAccuracy>>, class std::allocator<class dropbox::oxygen::nn<class std::shared_ptr<class osgeo::proj::metadata::PositionalAccuracy>>>> const &",False,True,False,False,False,False,True
423,422,0x1A6,?createAlbersEqualArea@Conversion@operation@proj@osgeo@@SA?AV?$nn@V?$shared_ptr@VConversion@operation@proj@osgeo@@@std@@@oxygen@dropbox@@AEBVPropertyMap@util@34@AEBVAngle@common@34@111AEBVLength@common@34@2@Z,"public: static class dropbox::oxygen::nn<class std::shared_ptr<class osgeo::proj::operation::Conversion>> __cdecl osgeo::proj::operation::Conversion::createAlbersEqualArea(class osgeo::proj::util::PropertyMap const &, class osgeo::proj::common::Angle const &, class osgeo::proj::common::Angle const &, class osgeo::proj::common::Angle const &, class osgeo::proj::common::Angle const &, class osgeo::proj::common::Length const &, class osgeo::proj::common::Length const &)",method,osgeo::proj::operation,Conversion,createAlbersEqualArea,"class osgeo::proj::util::PropertyMap const &, class osgeo::proj::common::Angle const &, class osgeo::proj::common::Angle const &, class osgeo::proj::common::Angle const &, class osgeo::proj::common::Angle const &, class osgeo::proj::common::Length const &, class osgeo::proj::common::Length const &",False,True,False,False,False,False,True
424,423,0x1A7,?createAmericanPolyconic@Conversion@operation@proj@osgeo@@SA?AV?$nn@V?$shared_ptr@VConversion@operation@proj@osgeo@@@std@@@oxygen@dropbox@@AEBVPropertyMap@util@34@AEBVAngle@common@34@1AEBVLength@common@34@2@Z,"public: static class dropbox::oxygen::nn<class std::shared_ptr<class osgeo::proj::operation::Conversion>> __cdecl osgeo::proj::operation::Conversion::createAmericanPolyconic(class osgeo::proj::util::PropertyMap const &, class osgeo::proj::common::Angle const &, class osgeo::proj::common::Angle const &, class osgeo::proj::common::Length const &, class osgeo::proj::common::Length const &)",method,osgeo::proj::operation,Conversion,createAmericanPolyconic,"class osgeo::proj::util::PropertyMap const &, class osgeo::proj::common::Angle const &, class osgeo::proj::common::Angle const &, class osgeo::proj::common::Length const &, class osgeo::proj::common::Length const &",False,True,False,False,False,False,True
425,424,0x1A8,?createAxisOrderReversal@Conversion@operation@proj@osgeo@@SA?AV?$nn@V?$shared_ptr@VConversion@operation@proj@osgeo@@@std@@@oxygen@dropbox@@_N@Z,public: static class dropbox::oxygen::nn<class std::shared_ptr<class osgeo::proj::operation::Conversion>> __cdecl osgeo::proj::operation::Conversion::createAxisOrderReversal(bool),method,osgeo::proj::operation,Conversion,createAxisOrderReversal,bool,False,True,False,False,False,False,True
426,425,0x1A9,?createAzimuthalEquidistant@Conversion@operation@proj@osgeo@@SA?AV?$nn@V?$shared_ptr@VConversion@operation@proj@osgeo@@@std@@@oxygen@dropbox@@AEBVPropertyMap@util@34@AEBVAngle@common@34@1AEBVLength@common@34@2@Z,"public: static class dropbox::oxygen::nn<class std::shared_ptr<class osgeo::proj::operation::Conversion>> __cdecl osgeo::proj::operation::Conversion::createAzimuthalEquidistant(class osgeo::proj::util::PropertyMap const &, class osgeo::proj::common::Angle const &, class osgeo::proj::common::Angle const &, class osgeo::proj::common::Length const &, class osgeo::proj::common::Length const &)",method,osgeo::proj::operation,Conversion,createAzimuthalEquidistant,"class osgeo::proj::util::PropertyMap const &, class osgeo::proj::common::Angle const &, class osgeo::proj::common::Angle const &, class osgeo::proj::common::Length const &, class osgeo::proj::common::Length const &",False,True,False,False,False,False,True
427,426,0x1AA,?createBonne@Conversion@operation@proj@osgeo@@SA?AV?$nn@V?$shared_ptr@VConversion@operation@proj@osgeo@@@std@@@oxygen@dropbox@@AEBVPropertyMap@util@34@AEBVAngle@common@34@1AEBVLength@common@34@2@Z,"public: static class dropbox::oxygen::nn<class std::shared_ptr<class osgeo::proj::operation::Conversion>> __cdecl osgeo::proj::operation::Conversion::createBonne(class osgeo::proj::util::PropertyMap const &, class osgeo::proj::common::Angle const &, class osgeo::proj::common::Angle const &, class osgeo::proj::common::Length const &, class osgeo::proj::common::Length const &)",method,osgeo::proj::operation,Conversion,createBonne,"class osgeo::proj::util::PropertyMap const &, class osgeo::proj::common::Angle const &, class osgeo::proj::common::Angle const &, class osgeo::proj::common::Length const &, class osgeo::proj::common::Length const &",False,True,False,False,False,False,True
428,427,0x1AB,?createBoundCRSToWGS84IfPossible@CRS@crs@proj@osgeo@@QEBA?AV?$nn@V?$shared_ptr@VCRS@crs@proj@osgeo@@@std@@@oxygen@dropbox@@AEBV?$shared_ptr@VDatabaseContext@io@proj@osgeo@@@std@@W4IntermediateCRSUse@CoordinateOperationContext@operation@34@@Z,"public: class dropbox::oxygen::nn<class std::shared_ptr<class osgeo::proj::crs::CRS>> __cdecl osgeo::proj::crs::CRS::createBoundCRSToWGS84IfPossible(class std::shared_ptr<class osgeo::proj::io::DatabaseContext> const &, enum osgeo::proj::operation::CoordinateOperationContext::IntermediateCRSUse) const",method,osgeo::proj::crs,CRS,createBoundCRSToWGS84IfPossible,"class std::shared_ptr<class osgeo::proj::io::DatabaseContext> const &, enum osgeo::proj::operation::CoordinateOperationContext::IntermediateCRSUse",True,False,False,False,False,False,True
429,428,0x1AC,?createCassiniSoldner@Conversion@operation@proj@osgeo@@SA?AV?$nn@V?$shared_ptr@VConversion@operation@proj@osgeo@@@std@@@oxygen@dropbox@@AEBVPropertyMap@util@34@AEBVAngle@common@34@1AEBVLength@common@34@2@Z,"public: static class dropbox::oxygen::nn<class std::shared_ptr<class osgeo::proj::operation::Conversion>> __cdecl osgeo::proj::operation::Conversion::createCassiniSoldner(class osgeo::proj::util::PropertyMap const &, class osgeo::proj::common::Angle const &, class osgeo::proj::common::Angle const &, class osgeo::proj::common::Length const &, class osgeo::proj::common::Length const &)",method,osgeo::proj::operation,Conversion,createCassiniSoldner,"class osgeo::proj::util::PropertyMap const &, class osgeo::proj::common::Angle const &, class osgeo::proj::common::Angle const &, class osgeo::proj::common::Length const &, class osgeo::proj::common::Length const &",False,True,False,False,False,False,True
430,429,0x1AD,?createChangeVerticalUnit@Conversion@operation@proj@osgeo@@SA?AV?$nn@V?$shared_ptr@VConversion@operation@proj@osgeo@@@std@@@oxygen@dropbox@@AEBVPropertyMap@util@34@@Z,public: static class dropbox::oxygen::nn<class std::shared_ptr<class osgeo::proj::operation::Conversion>> __cdecl osgeo::proj::operation::Conversion::createChangeVerticalUnit(class osgeo::proj::util::PropertyMap const &),method,osgeo::proj::operation,Conversion,createChangeVerticalUnit,class osgeo::proj::util::PropertyMap const &,False,True,False,False,False,False,True
431,430,0x1AE,?createChangeVerticalUnit@Conversion@operation@proj@osgeo@@SA?AV?$nn@V?$shared_ptr@VConversion@operation@proj@osgeo@@@std@@@oxygen@dropbox@@AEBVPropertyMap@util@34@AEBVScale@common@34@@Z,"public: static class dropbox::oxygen::nn<class std::shared_ptr<class osgeo::proj::operation::Conversion>> __cdecl osgeo::proj::operation::Conversion::createChangeVerticalUnit(class osgeo::proj::util::PropertyMap const &, class osgeo::proj::common::Scale const &)",method,osgeo::proj::operation,Conversion,createChangeVerticalUnit,"class osgeo::proj::util::PropertyMap const &, class osgeo::proj::common::Scale const &",False,True,False,False,False,False,True
432,431,0x1AF,?createChangeVerticalUnit@Transformation@operation@proj@osgeo@@SA?AV?$nn@V?$shared_ptr@VTransformation@operation@proj@osgeo@@@std@@@oxygen@dropbox@@AEBVPropertyMap@util@34@AEBV?$nn@V?$shared_ptr@VCRS@crs@proj@osgeo@@@std@@@67@1AEBVScale@common@34@AEBV?$vector@V?$nn@V?$shared_ptr@VPositionalAccuracy@metadata@proj@osgeo@@@std@@@oxygen@dropbox@@V?$allocator@V?$nn@V?$shared_ptr@VPositionalAccuracy@metadata@proj@osgeo@@@std@@@oxygen@dropbox@@@std@@@std@@@Z,"public: static class dropbox::oxygen::nn<class std::shared_ptr<class osgeo::proj::operation::Transformation>> __cdecl osgeo::proj::operation::Transformation::createChangeVerticalUnit(class osgeo::proj::util::PropertyMap const &, class dropbox::oxygen::nn<class std::shared_ptr<class osgeo::proj::crs::CRS>> const &, class dropbox::oxygen::nn<class std::shared_ptr<class osgeo::proj::crs::CRS>> const &, class osgeo::proj::common::Scale const &, class std::vector<class dropbox::oxygen::nn<class std::shared_ptr<class osgeo::proj::metadata::PositionalAccuracy>>, class std::allocator<class dropbox::oxygen::nn<class std::shared_ptr<class osgeo::proj::metadata::PositionalAccuracy>>>> const &)",method,osgeo::proj::operation,Transformation,createChangeVerticalUnit,"class osgeo::proj::util::PropertyMap const &, class dropbox::oxygen::nn<class std::shared_ptr<class osgeo::proj::crs::CRS>> const &, class dropbox::oxygen::nn<class std::shared_ptr<class osgeo::proj::crs::CRS>> const &, class osgeo::proj::common::Scale const &, class std::vector<class dropbox::oxygen::nn<class std::shared_ptr<class osgeo::proj::metadata::PositionalAccuracy>>, class std::allocator<class dropbox::oxygen::nn<class std::shared_ptr<class osgeo::proj::metadata::PositionalAccuracy>>>> const &",False,True,False,False,False,False,True
433,432,0x1B0,?createCompoundCRS@AuthorityFactory@io@proj@osgeo@@QEBA?AV?$nn@V?$shared_ptr@VCompoundCRS@crs@proj@osgeo@@@std@@@oxygen@dropbox@@AEBV?$basic_string@DU?$char_traits@D@std@@V?$allocator@D@2@@std@@@Z,"public: class dropbox::oxygen::nn<class std::shared_ptr<class osgeo::proj::crs::CompoundCRS>> __cdecl osgeo::proj::io::AuthorityFactory::createCompoundCRS(class std::basic_string<char, struct std::char_traits<char>, class std::allocator<char>> const &) const",method,osgeo::proj::io,AuthorityFactory,createCompoundCRS,"class std::basic_string<char, struct std::char_traits<char>, class std::allocator<char>> const &",True,False,False,False,False,False,True
434,433,0x1B1,?createComputeMetadata@ConcatenatedOperation@operation@proj@osgeo@@SA?AV?$nn@V?$shared_ptr@VCoordinateOperation@operation@proj@osgeo@@@std@@@oxygen@dropbox@@AEBV?$vector@V?$nn@V?$shared_ptr@VCoordinateOperation@operation@proj@osgeo@@@std@@@oxygen@dropbox@@V?$allocator@V?$nn@V?$shared_ptr@VCoordinateOperation@operation@proj@osgeo@@@std@@@oxygen@dropbox@@@std@@@std@@_N@Z,"public: static class dropbox::oxygen::nn<class std::shared_ptr<class osgeo::proj::operation::CoordinateOperation>> __cdecl osgeo::proj::operation::ConcatenatedOperation::createComputeMetadata(class std::vector<class dropbox::oxygen::nn<class std::shared_ptr<class osgeo::proj::operation::CoordinateOperation>>, class std::allocator<class dropbox::oxygen::nn<class std::shared_ptr<class osgeo::proj::operation::CoordinateOperation>>>> const &, bool)",method,osgeo::proj::operation,ConcatenatedOperation,createComputeMetadata,"class std::vector<class dropbox::oxygen::nn<class std::shared_ptr<class osgeo::proj::operation::CoordinateOperation>>, class std::allocator<class dropbox::oxygen::nn<class std::shared_ptr<class osgeo::proj::operation::CoordinateOperation>>>> const &, bool",False,True,False,False,False,False,True
435,434,0x1B2,?createConversion@AuthorityFactory@io@proj@osgeo@@QEBA?AV?$nn@V?$shared_ptr@VConversion@operation@proj@osgeo@@@std@@@oxygen@dropbox@@AEBV?$basic_string@DU?$char_traits@D@std@@V?$allocator@D@2@@std@@@Z,"public: class dropbox::oxygen::nn<class std::shared_ptr<class osgeo::proj::operation::Conversion>> __cdecl osgeo::proj::io::AuthorityFactory::createConversion(class std::basic_string<char, struct std::char_traits<char>, class std::allocator<char>> const &) const",method,osgeo::proj::io,AuthorityFactory,createConversion,"class std::basic_string<char, struct std::char_traits<char>, class std::allocator<char>> const &",True,False,False,False,False,False,True
436,435,0x1B3,?createCoordinateFrameRotation@Transformation@operation@proj@osgeo@@SA?AV?$nn@V?$shared_ptr@VTransformation@operation@proj@osgeo@@@std@@@oxygen@dropbox@@AEBVPropertyMap@util@34@AEBV?$nn@V?$shared_ptr@VCRS@crs@proj@osgeo@@@std@@@67@1NNNNNNNAEBV?$vector@V?$nn@V?$shared_ptr@VPositionalAccuracy@metadata@proj@osgeo@@@std@@@oxygen@dropbox@@V?$allocator@V?$nn@V?$shared_ptr@VPositionalAccuracy@metadata@proj@osgeo@@@std@@@oxygen@dropbox@@@std@@@std@@@Z,"public: static class dropbox::oxygen::nn<class std::shared_ptr<class osgeo::proj::operation::Transformation>> __cdecl osgeo::proj::operation::Transformation::createCoordinateFrameRotation(class osgeo::proj::util::PropertyMap const &, class dropbox::oxygen::nn<class std::shared_ptr<class osgeo::proj::crs::CRS>> const &, class dropbox::oxygen::nn<class std::shared_ptr<class osgeo::proj::crs::CRS>> const &, double, double, double, double, double, double, double, class std::vector<class dropbox::oxygen::nn<class std::shared_ptr<class osgeo::proj::metadata::PositionalAccuracy>>, class std::allocator<class dropbox::oxygen::nn<class std::shared_ptr<class osgeo::proj::metadata::PositionalAccuracy>>>> const &)",method,osgeo::proj::operation,Transformation,createCoordinateFrameRotation,"class osgeo::proj::util::PropertyMap const &, class dropbox::oxygen::nn<class std::shared_ptr<class osgeo::proj::crs::CRS>> const &, class dropbox::oxygen::nn<class std::shared_ptr<class osgeo::proj::crs::CRS>> const &, double, double, double, double, double, double, double, class std::vector<class dropbox::oxygen::nn<class std::shared_ptr<class osgeo::proj::metadata::PositionalAccuracy>>, class std::allocator<class dropbox::oxygen::nn<class std::shared_ptr<class osgeo::proj::metadata::PositionalAccuracy>>>> const &",False,True,False,False,False,False,True
437,436,0x1B4,?createCoordinateOperation@AuthorityFactory@io@proj@osgeo@@QEBA?AV?$nn@V?$shared_ptr@VCoordinateOperation@operation@proj@osgeo@@@std@@@oxygen@dropbox@@AEBV?$basic_string@DU?$char_traits@D@std@@V?$allocator@D@2@@std@@_N@Z,"public: class dropbox::oxygen::nn<class std::shared_ptr<class osgeo::proj::operation::CoordinateOperation>> __cdecl osgeo::proj::io::AuthorityFactory::createCoordinateOperation(class std::basic_string<char, struct std::char_traits<char>, class std::allocator<char>> const &, bool) const",method,osgeo::proj::io,AuthorityFactory,createCoordinateOperation,"class std::basic_string<char, struct std::char_traits<char>, class std::allocator<char>> const &, bool",True,False,False,False,False,False,True
438,437,0x1B5,?createCoordinateReferenceSystem@AuthorityFactory@io@proj@osgeo@@QEBA?AV?$nn@V?$shared_ptr@VCRS@crs@proj@osgeo@@@std@@@oxygen@dropbox@@AEBV?$basic_string@DU?$char_traits@D@std@@V?$allocator@D@2@@std@@@Z,"public: class dropbox::oxygen::nn<class std::shared_ptr<class osgeo::proj::crs::CRS>> __cdecl osgeo::proj::io::AuthorityFactory::createCoordinateReferenceSystem(class std::basic_string<char, struct std::char_traits<char>, class std::allocator<char>> const &) const",method,osgeo::proj::io,AuthorityFactory,createCoordinateReferenceSystem,"class std::basic_string<char, struct std::char_traits<char>, class std::allocator<char>> const &",True,False,False,False,False,False,True
439,438,0x1B6,?createCoordinateSystem@AuthorityFactory@io@proj@osgeo@@QEBA?AV?$nn@V?$shared_ptr@VCoordinateSystem@cs@proj@osgeo@@@std@@@oxygen@dropbox@@AEBV?$basic_string@DU?$char_traits@D@std@@V?$allocator@D@2@@std@@@Z,"public: class dropbox::oxygen::nn<class std::shared_ptr<class osgeo::proj::cs::CoordinateSystem>> __cdecl osgeo::proj::io::AuthorityFactory::createCoordinateSystem(class std::basic_string<char, struct std::char_traits<char>, class std::allocator<char>> const &) const",method,osgeo::proj::io,AuthorityFactory,createCoordinateSystem,"class std::basic_string<char, struct std::char_traits<char>, class std::allocator<char>> const &",True,False,False,False,False,False,True
440,439,0x1B7,?createDatum@AuthorityFactory@io@proj@osgeo@@QEBA?AV?$nn@V?$shared_ptr@VDatum@datum@proj@osgeo@@@std@@@oxygen@dropbox@@AEBV?$basic_string@DU?$char_traits@D@std@@V?$allocator@D@2@@std@@@Z,"public: class dropbox::oxygen::nn<class std::shared_ptr<class osgeo::proj::datum::Datum>> __cdecl osgeo::proj::io::AuthorityFactory::createDatum(class std::basic_string<char, struct std::char_traits<char>, class std::allocator<char>> const &) const",method,osgeo::proj::io,AuthorityFactory,createDatum,"class std::basic_string<char, struct std::char_traits<char>, class std::allocator<char>> const &",True,False,False,False,False,False,True
441,440,0x1B8,?createDatumEnsemble@AuthorityFactory@io@proj@osgeo@@QEBA?AV?$nn@V?$shared_ptr@VDatumEnsemble@datum@proj@osgeo@@@std@@@oxygen@dropbox@@AEBV?$basic_string@DU?$char_traits@D@std@@V?$allocator@D@2@@std@@0@Z,"public: class dropbox::oxygen::nn<class std::shared_ptr<class osgeo::proj::datum::DatumEnsemble>> __cdecl osgeo::proj::io::AuthorityFactory::createDatumEnsemble(class std::basic_string<char, struct std::char_traits<char>, class std::allocator<char>> const &, class std::basic_string<char, struct std::char_traits<char>, class std::allocator<char>> const &) const",method,osgeo::proj::io,AuthorityFactory,createDatumEnsemble,"class std::basic_string<char, struct std::char_traits<char>, class std::allocator<char>> const &, class std::basic_string<char, struct std::char_traits<char>, class std::allocator<char>> const &",True,False,False,False,False,False,True
442,441,0x1B9,?createEastingNorthing@CartesianCS@cs@proj@osgeo@@SA?AV?$nn@V?$shared_ptr@VCartesianCS@cs@proj@osgeo@@@std@@@oxygen@dropbox@@AEBVUnitOfMeasure@common@34@@Z,public: static class dropbox::oxygen::nn<class std::shared_ptr<class osgeo::proj::cs::CartesianCS>> __cdecl osgeo::proj::cs::CartesianCS::createEastingNorthing(class osgeo::proj::common::UnitOfMeasure const &),method,osgeo::proj::cs,CartesianCS,createEastingNorthing,class osgeo::proj::common::UnitOfMeasure const &,False,True,False,False,False,False,True
443,442,0x1BA,?createEckertI@Conversion@operation@proj@osgeo@@SA?AV?$nn@V?$shared_ptr@VConversion@operation@proj@osgeo@@@std@@@oxygen@dropbox@@AEBVPropertyMap@util@34@AEBVAngle@common@34@AEBVLength@common@34@2@Z,"public: static class dropbox::oxygen::nn<class std::shared_ptr<class osgeo::proj::operation::Conversion>> __cdecl osgeo::proj::operation::Conversion::createEckertI(class osgeo::proj::util::PropertyMap const &, class osgeo::proj::common::Angle const &, class osgeo::proj::common::Length const &, class osgeo::proj::common::Length const &)",method,osgeo::proj::operation,Conversion,createEckertI,"class osgeo::proj::util::PropertyMap const &, class osgeo::proj::common::Angle const &, class osgeo::proj::common::Length const &, class osgeo::proj::common::Length const &",False,True,False,False,False,False,True
444,443,0x1BB,?createEckertII@Conversion@operation@proj@osgeo@@SA?AV?$nn@V?$shared_ptr@VConversion@operation@proj@osgeo@@@std@@@oxygen@dropbox@@AEBVPropertyMap@util@34@AEBVAngle@common@34@AEBVLength@common@34@2@Z,"public: static class dropbox::oxygen::nn<class std::shared_ptr<class osgeo::proj::operation::Conversion>> __cdecl osgeo::proj::operation::Conversion::createEckertII(class osgeo::proj::util::PropertyMap const &, class osgeo::proj::common::Angle const &, class osgeo::proj::common::Length const &, class osgeo::proj::common::Length const &)",method,osgeo::proj::operation,Conversion,createEckertII,"class osgeo::proj::util::PropertyMap const &, class osgeo::proj::common::Angle const &, class osgeo::proj::common::Length const &, class osgeo::proj::common::Length const &",False,True,False,False,False,False,True
445,444,0x1BC,?createEckertIII@Conversion@operation@proj@osgeo@@SA?AV?$nn@V?$shared_ptr@VConversion@operation@proj@osgeo@@@std@@@oxygen@dropbox@@AEBVPropertyMap@util@34@AEBVAngle@common@34@AEBVLength@common@34@2@Z,"public: static class dropbox::oxygen::nn<class std::shared_ptr<class osgeo::proj::operation::Conversion>> __cdecl osgeo::proj::operation::Conversion::createEckertIII(class osgeo::proj::util::PropertyMap const &, class osgeo::proj::common::Angle const &, class osgeo::proj::common::Length const &, class osgeo::proj::common::Length const &)",method,osgeo::proj::operation,Conversion,createEckertIII,"class osgeo::proj::util::PropertyMap const &, class osgeo::proj::common::Angle const &, class osgeo::proj::common::Length const &, class osgeo::proj::common::Length const &",False,True,False,False,False,False,True
446,445,0x1BD,?createEckertIV@Conversion@operation@proj@osgeo@@SA?AV?$nn@V?$shared_ptr@VConversion@operation@proj@osgeo@@@std@@@oxygen@dropbox@@AEBVPropertyMap@util@34@AEBVAngle@common@34@AEBVLength@common@34@2@Z,"public: static class dropbox::oxygen::nn<class std::shared_ptr<class osgeo::proj::operation::Conversion>> __cdecl osgeo::proj::operation::Conversion::createEckertIV(class osgeo::proj::util::PropertyMap const &, class osgeo::proj::common::Angle const &, class osgeo::proj::common::Length const &, class osgeo::proj::common::Length const &)",method,osgeo::proj::operation,Conversion,createEckertIV,"class osgeo::proj::util::PropertyMap const &, class osgeo::proj::common::Angle const &, class osgeo::proj::common::Length const &, class osgeo::proj::common::Length const &",False,True,False,False,False,False,True
447,446,0x1BE,?createEckertV@Conversion@operation@proj@osgeo@@SA?AV?$nn@V?$shared_ptr@VConversion@operation@proj@osgeo@@@std@@@oxygen@dropbox@@AEBVPropertyMap@util@34@AEBVAngle@common@34@AEBVLength@common@34@2@Z,"public: static class dropbox::oxygen::nn<class std::shared_ptr<class osgeo::proj::operation::Conversion>> __cdecl osgeo::proj::operation::Conversion::createEckertV(class osgeo::proj::util::PropertyMap const &, class osgeo::proj::common::Angle const &, class osgeo::proj::common::Length const &, class osgeo::proj::common::Length const &)",method,osgeo::proj::operation,Conversion,createEckertV,"class osgeo::proj::util::PropertyMap const &, class osgeo::proj::common::Angle const &, class osgeo::proj::common::Length const &, class osgeo::proj::common::Length const &",False,True,False,False,False,False,True
448,447,0x1BF,?createEckertVI@Conversion@operation@proj@osgeo@@SA?AV?$nn@V?$shared_ptr@VConversion@operation@proj@osgeo@@@std@@@oxygen@dropbox@@AEBVPropertyMap@util@34@AEBVAngle@common@34@AEBVLength@common@34@2@Z,"public: static class dropbox::oxygen::nn<class std::shared_ptr<class osgeo::proj::operation::Conversion>> __cdecl osgeo::proj::operation::Conversion::createEckertVI(class osgeo::proj::util::PropertyMap const &, class osgeo::proj::common::Angle const &, class osgeo::proj::common::Length const &, class osgeo::proj::common::Length const &)",method,osgeo::proj::operation,Conversion,createEckertVI,"class osgeo::proj::util::PropertyMap const &, class osgeo::proj::common::Angle const &, class osgeo::proj::common::Length const &, class osgeo::proj::common::Length const &",False,True,False,False,False,False,True
449,448,0x1C0,?createEllipsoid@AuthorityFactory@io@proj@osgeo@@QEBA?AV?$nn@V?$shared_ptr@VEllipsoid@datum@proj@osgeo@@@std@@@oxygen@dropbox@@AEBV?$basic_string@DU?$char_traits@D@std@@V?$allocator@D@2@@std@@@Z,"public: class dropbox::oxygen::nn<class std::shared_ptr<class osgeo::proj::datum::Ellipsoid>> __cdecl osgeo::proj::io::AuthorityFactory::createEllipsoid(class std::basic_string<char, struct std::char_traits<char>, class std::allocator<char>> const &) const",method,osgeo::proj::io,AuthorityFactory,createEllipsoid,"class std::basic_string<char, struct std::char_traits<char>, class std::allocator<char>> const &",True,False,False,False,False,False,True
450,449,0x1C1,?createEqualEarth@Conversion@operation@proj@osgeo@@SA?AV?$nn@V?$shared_ptr@VConversion@operation@proj@osgeo@@@std@@@oxygen@dropbox@@AEBVPropertyMap@util@34@AEBVAngle@common@34@AEBVLength@common@34@2@Z,"public: static class dropbox::oxygen::nn<class std::shared_ptr<class osgeo::proj::operation::Conversion>> __cdecl osgeo::proj::operation::Conversion::createEqualEarth(class osgeo::proj::util::PropertyMap const &, class osgeo::proj::common::Angle const &, class osgeo::proj::common::Length const &, class osgeo::proj::common::Length const &)",method,osgeo::proj::operation,Conversion,createEqualEarth,"class osgeo::proj::util::PropertyMap const &, class osgeo::proj::common::Angle const &, class osgeo::proj::common::Length const &, class osgeo::proj::common::Length const &",False,True,False,False,False,False,True
451,450,0x1C2,?createEquidistantConic@Conversion@operation@proj@osgeo@@SA?AV?$nn@V?$shared_ptr@VConversion@operation@proj@osgeo@@@std@@@oxygen@dropbox@@AEBVPropertyMap@util@34@AEBVAngle@common@34@111AEBVLength@common@34@2@Z,"public: static class dropbox::oxygen::nn<class std::shared_ptr<class osgeo::proj::operation::Conversion>> __cdecl osgeo::proj::operation::Conversion::createEquidistantConic(class osgeo::proj::util::PropertyMap const &, class osgeo::proj::common::Angle const &, class osgeo::proj::common::Angle const &, class osgeo::proj::common::Angle const &, class osgeo::proj::common::Angle const &, class osgeo::proj::common::Length const &, class osgeo::proj::common::Length const &)",method,osgeo::proj::operation,Conversion,createEquidistantConic,"class osgeo::proj::util::PropertyMap const &, class osgeo::proj::common::Angle const &, class osgeo::proj::common::Angle const &, class osgeo::proj::common::Angle const &, class osgeo::proj::common::Angle const &, class osgeo::proj::common::Length const &, class osgeo::proj::common::Length const &",False,True,False,False,False,False,True
452,451,0x1C3,?createEquidistantCylindrical@Conversion@operation@proj@osgeo@@SA?AV?$nn@V?$shared_ptr@VConversion@operation@proj@osgeo@@@std@@@oxygen@dropbox@@AEBVPropertyMap@util@34@AEBVAngle@common@34@1AEBVLength@common@34@2@Z,"public: static class dropbox::oxygen::nn<class std::shared_ptr<class osgeo::proj::operation::Conversion>> __cdecl osgeo::proj::operation::Conversion::createEquidistantCylindrical(class osgeo::proj::util::PropertyMap const &, class osgeo::proj::common::Angle const &, class osgeo::proj::common::Angle const &, class osgeo::proj::common::Length const &, class osgeo::proj::common::Length const &)",method,osgeo::proj::operation,Conversion,createEquidistantCylindrical,"class osgeo::proj::util::PropertyMap const &, class osgeo::proj::common::Angle const &, class osgeo::proj::common::Angle const &, class osgeo::proj::common::Length const &, class osgeo::proj::common::Length const &",False,True,False,False,False,False,True
453,452,0x1C4,?createEquidistantCylindricalSpherical@Conversion@operation@proj@osgeo@@SA?AV?$nn@V?$shared_ptr@VConversion@operation@proj@osgeo@@@std@@@oxygen@dropbox@@AEBVPropertyMap@util@34@AEBVAngle@common@34@1AEBVLength@common@34@2@Z,"public: static class dropbox::oxygen::nn<class std::shared_ptr<class osgeo::proj::operation::Conversion>> __cdecl osgeo::proj::operation::Conversion::createEquidistantCylindricalSpherical(class osgeo::proj::util::PropertyMap const &, class osgeo::proj::common::Angle const &, class osgeo::proj::common::Angle const &, class osgeo::proj::common::Length const &, class osgeo::proj::common::Length const &)",method,osgeo::proj::operation,Conversion,createEquidistantCylindricalSpherical,"class osgeo::proj::util::PropertyMap const &, class osgeo::proj::common::Angle const &, class osgeo::proj::common::Angle const &, class osgeo::proj::common::Length const &, class osgeo::proj::common::Length const &",False,True,False,False,False,False,True
454,453,0x1C5,?createExtent@AuthorityFactory@io@proj@osgeo@@QEBA?AV?$nn@V?$shared_ptr@VExtent@metadata@proj@osgeo@@@std@@@oxygen@dropbox@@AEBV?$basic_string@DU?$char_traits@D@std@@V?$allocator@D@2@@std@@@Z,"public: class dropbox::oxygen::nn<class std::shared_ptr<class osgeo::proj::metadata::Extent>> __cdecl osgeo::proj::io::AuthorityFactory::createExtent(class std::basic_string<char, struct std::char_traits<char>, class std::allocator<char>> const &) const",method,osgeo::proj::io,AuthorityFactory,createExtent,"class std::basic_string<char, struct std::char_traits<char>, class std::allocator<char>> const &",True,False,False,False,False,False,True
455,454,0x1C6,?createFilename@ParameterValue@operation@proj@osgeo@@SA?AV?$nn@V?$shared_ptr@VParameterValue@operation@proj@osgeo@@@std@@@oxygen@dropbox@@AEBV?$basic_string@DU?$char_traits@D@std@@V?$allocator@D@2@@std@@@Z,"public: static class dropbox::oxygen::nn<class std::shared_ptr<class osgeo::proj::operation::ParameterValue>> __cdecl osgeo::proj::operation::ParameterValue::createFilename(class std::basic_string<char, struct std::char_traits<char>, class std::allocator<char>> const &)",method,osgeo::proj::operation,ParameterValue,createFilename,"class std::basic_string<char, struct std::char_traits<char>, class std::allocator<char>> const &",False,True,False,False,False,False,True
456,455,0x1C7,?createFlattenedSphere@Ellipsoid@datum@proj@osgeo@@SA?AV?$nn@V?$shared_ptr@VEllipsoid@datum@proj@osgeo@@@std@@@oxygen@dropbox@@AEBVPropertyMap@util@34@AEBVLength@common@34@AEBVScale@common@34@AEBV?$basic_string@DU?$char_traits@D@std@@V?$allocator@D@2@@std@@@Z,"public: static class dropbox::oxygen::nn<class std::shared_ptr<class osgeo::proj::datum::Ellipsoid>> __cdecl osgeo::proj::datum::Ellipsoid::createFlattenedSphere(class osgeo::proj::util::PropertyMap const &, class osgeo::proj::common::Length const &, class osgeo::proj::common::Scale const &, class std::basic_string<char, struct std::char_traits<char>, class std::allocator<char>> const &)",method,osgeo::proj::datum,Ellipsoid,createFlattenedSphere,"class osgeo::proj::util::PropertyMap const &, class osgeo::proj::common::Length const &, class osgeo::proj::common::Scale const &, class std::basic_string<char, struct std::char_traits<char>, class std::allocator<char>> const &",False,True,False,False,False,False,True
457,456,0x1C8,?createFrom@WKTNode@io@proj@osgeo@@SA?AV?$nn@V?$unique_ptr@VWKTNode@io@proj@osgeo@@U?$default_delete@VWKTNode@io@proj@osgeo@@@std@@@std@@@oxygen@dropbox@@AEBV?$basic_string@DU?$char_traits@D@std@@V?$allocator@D@2@@std@@_K@Z,"public: static class dropbox::oxygen::nn<class std::unique_ptr<class osgeo::proj::io::WKTNode, struct std::default_delete<class osgeo::proj::io::WKTNode>>> __cdecl osgeo::proj::io::WKTNode::createFrom(class std::basic_string<char, struct std::char_traits<char>, class std::allocator<char>> const &, unsigned __int64)",method,osgeo::proj::io,WKTNode,createFrom,"class std::basic_string<char, struct std::char_traits<char>, class std::allocator<char>> const &, unsigned __int64",False,True,False,False,False,False,True
458,457,0x1C9,?createFromBBOX@Extent@metadata@proj@osgeo@@SA?AV?$nn@V?$shared_ptr@VExtent@metadata@proj@osgeo@@@std@@@oxygen@dropbox@@NNNNAEBV?$optional@V?$basic_string@DU?$char_traits@D@std@@V?$allocator@D@2@@std@@@util@34@@Z,"public: static class dropbox::oxygen::nn<class std::shared_ptr<class osgeo::proj::metadata::Extent>> __cdecl osgeo::proj::metadata::Extent::createFromBBOX(double, double, double, double, class osgeo::proj::util::optional<class std::basic_string<char, struct std::char_traits<char>, class std::allocator<char>>> const &)",method,osgeo::proj::metadata,Extent,createFromBBOX,"double, double, double, double, class osgeo::proj::util::optional<class std::basic_string<char, struct std::char_traits<char>, class std::allocator<char>>> const &",False,True,False,False,False,False,True
459,458,0x1CA,?createFromCRSCodesWithIntermediates@AuthorityFactory@io@proj@osgeo@@QEBA?AV?$vector@V?$nn@V?$shared_ptr@VCoordinateOperation@operation@proj@osgeo@@@std@@@oxygen@dropbox@@V?$allocator@V?$nn@V?$shared_ptr@VCoordinateOperation@operation@proj@osgeo@@@std@@@oxygen@dropbox@@@std@@@std@@AEBV?$basic_string@DU?$char_traits@D@std@@V?$allocator@D@2@@6@000_N111AEBV?$vector@U?$pair@V?$basic_string@DU?$char_traits@D@std@@V?$allocator@D@2@@std@@V12@@std@@V?$allocator@U?$pair@V?$basic_string@DU?$char_traits@D@std@@V?$allocator@D@2@@std@@V12@@std@@@2@@6@W4ObjectType@1234@AEBV?$vector@V?$basic_string@DU?$char_traits@D@std@@V?$allocator@D@2@@std@@V?$allocator@V?$basic_string@DU?$char_traits@D@std@@V?$allocator@D@2@@std@@@2@@6@AEBV?$shared_ptr@VExtent@metadata@proj@osgeo@@@6@5@Z,"public: class std::vector<class dropbox::oxygen::nn<class std::shared_ptr<class osgeo::proj::operation::CoordinateOperation>>, class std::allocator<class dropbox::oxygen::nn<class std::shared_ptr<class osgeo::proj::operation::CoordinateOperation>>>> __cdecl osgeo::proj::io::AuthorityFactory::createFromCRSCodesWithIntermediates(class std::basic_string<char, struct std::char_traits<char>, class std::allocator<char>> const &, class std::basic_string<char, struct std::char_traits<char>, class std::allocator<char>> const &, class std::basic_string<char, struct std::char_traits<char>, class std::allocator<char>> const &, class std::basic_string<char, struct std::char_traits<char>, class std::allocator<char>> const &, bool, bool, bool, bool, class std::vector<struct std::pair<class std::basic_string<char, struct std::char_traits<char>, class std::allocator<char>>, class std::basic_string<char, struct std::char_traits<char>, class std::allocator<char>>>, class std::allocator<struct std::pair<class std::basic_string<char, struct std::char_traits<char>, class std::allocator<char>>, class std::basic_string<char, struct std::char_traits<char>, class std::allocator<char>>>>> const &, enum osgeo::proj::io::AuthorityFactory::ObjectType, class std::vector<class std::basic_string<char, struct std::char_traits<char>, class std::allocator<char>>, class std::allocator<class std::basic_string<char, struct std::char_traits<char>, class std::allocator<char>>>> const &, class std::shared_ptr<class osgeo::proj::metadata::Extent> const &, class std::shared_ptr<class osgeo::proj::metadata::Extent> const &) const",method,osgeo::proj::io,AuthorityFactory,createFromCRSCodesWithIntermediates,"class std::basic_string<char, struct std::char_traits<char>, class std::allocator<char>> const &, class std::basic_string<char, struct std::char_traits<char>, class std::allocator<char>> const &, class std::basic_string<char, struct std::char_traits<char>, class std::allocator<char>> const &, class std::basic_string<char, struct std::char_traits<char>, class std::allocator<char>> const &, bool, bool, bool, bool, class std::vector<struct std::pair<class std::basic_string<char, struct std::char_traits<char>, class std::allocator<char>>, class std::basic_string<char, struct std::char_traits<char>, class std::allocator<char>>>, class std::allocator<struct std::pair<class std::basic_string<char, struct std::char_traits<char>, class std::allocator<char>>, class std::basic_string<char, struct std::char_traits<char>, class std::allocator<char>>>>> const &, enum osgeo::proj::io::AuthorityFactory::ObjectType, class std::vector<class std::basic_string<char, struct std::char_traits<char>, class std::allocator<char>>, class std::allocator<class std::basic_string<char, struct std::char_traits<char>, class std::allocator<char>>>> const &, class std::shared_ptr<class osgeo::proj::metadata::Extent> const &, class std::shared_ptr<class osgeo::proj::metadata::Extent> const &",True,False,False,False,False,False,True
460,459,0x1CB,?createFromCoordinateReferenceSystemCodes@AuthorityFactory@io@proj@osgeo@@QEBA?AV?$vector@V?$nn@V?$shared_ptr@VCoordinateOperation@operation@proj@osgeo@@@std@@@oxygen@dropbox@@V?$allocator@V?$nn@V?$shared_ptr@VCoordinateOperation@operation@proj@osgeo@@@std@@@oxygen@dropbox@@@std@@@std@@AEBV?$basic_string@DU?$char_traits@D@std@@V?$allocator@D@2@@6@000_N11111AEBV?$shared_ptr@VExtent@metadata@proj@osgeo@@@6@2@Z,"public: class std::vector<class dropbox::oxygen::nn<class std::shared_ptr<class osgeo::proj::operation::CoordinateOperation>>, class std::allocator<class dropbox::oxygen::nn<class std::shared_ptr<class osgeo::proj::operation::CoordinateOperation>>>> __cdecl osgeo::proj::io::AuthorityFactory::createFromCoordinateReferenceSystemCodes(class std::basic_string<char, struct std::char_traits<char>, class std::allocator<char>> const &, class std::basic_string<char, struct std::char_traits<char>, class std::allocator<char>> const &, class std::basic_string<char, struct std::char_traits<char>, class std::allocator<char>> const &, class std::basic_string<char, struct std::char_traits<char>, class std::allocator<char>> const &, bool, bool, bool, bool, bool, bool, class std::shared_ptr<class osgeo::proj::metadata::Extent> const &, class std::shared_ptr<class osgeo::proj::metadata::Extent> const &) const",method,osgeo::proj::io,AuthorityFactory,createFromCoordinateReferenceSystemCodes,"class std::basic_string<char, struct std::char_traits<char>, class std::allocator<char>> const &, class std::basic_string<char, struct std::char_traits<char>, class std::allocator<char>> const &, class std::basic_string<char, struct std::char_traits<char>, class std::allocator<char>> const &, class std::basic_string<char, struct std::char_traits<char>, class std::allocator<char>> const &, bool, bool, bool, bool, bool, bool, class std::shared_ptr<class osgeo::proj::metadata::Extent> const &, class std::shared_ptr<class osgeo::proj::metadata::Extent> const &",True,False,False,False,False,False,True
461,460,0x1CC,?createFromCoordinateReferenceSystemCodes@AuthorityFactory@io@proj@osgeo@@QEBA?AV?$vector@V?$nn@V?$shared_ptr@VCoordinateOperation@operation@proj@osgeo@@@std@@@oxygen@dropbox@@V?$allocator@V?$nn@V?$shared_ptr@VCoordinateOperation@operation@proj@osgeo@@@std@@@oxygen@dropbox@@@std@@@std@@AEBV?$basic_string@DU?$char_traits@D@std@@V?$allocator@D@2@@6@0@Z,"public: class std::vector<class dropbox::oxygen::nn<class std::shared_ptr<class osgeo::proj::operation::CoordinateOperation>>, class std::allocator<class dropbox::oxygen::nn<class std::shared_ptr<class osgeo::proj::operation::CoordinateOperation>>>> __cdecl osgeo::proj::io::AuthorityFactory::createFromCoordinateReferenceSystemCodes(class std::basic_string<char, struct std::char_traits<char>, class std::allocator<char>> const &, class std::basic_string<char, struct std::char_traits<char>, class std::allocator<char>> const &) const",method,osgeo::proj::io,AuthorityFactory,createFromCoordinateReferenceSystemCodes,"class std::basic_string<char, struct std::char_traits<char>, class std::allocator<char>> const &, class std::basic_string<char, struct std::char_traits<char>, class std::allocator<char>> const &",True,False,False,False,False,False,True
462,461,0x1CD,?createFromNadgrids@BoundCRS@crs@proj@osgeo@@SA?AV?$nn@V?$shared_ptr@VBoundCRS@crs@proj@osgeo@@@std@@@oxygen@dropbox@@AEBV?$nn@V?$shared_ptr@VCRS@crs@proj@osgeo@@@std@@@67@AEBV?$basic_string@DU?$char_traits@D@std@@V?$allocator@D@2@@std@@@Z,"public: static class dropbox::oxygen::nn<class std::shared_ptr<class osgeo::proj::crs::BoundCRS>> __cdecl osgeo::proj::crs::BoundCRS::createFromNadgrids(class dropbox::oxygen::nn<class std::shared_ptr<class osgeo::proj::crs::CRS>> const &, class std::basic_string<char, struct std::char_traits<char>, class std::allocator<char>> const &)",method,osgeo::proj::crs,BoundCRS,createFromNadgrids,"class dropbox::oxygen::nn<class std::shared_ptr<class osgeo::proj::crs::CRS>> const &, class std::basic_string<char, struct std::char_traits<char>, class std::allocator<char>> const &",False,True,False,False,False,False,True
463,462,0x1CE,?createFromPROJString@PROJStringParser@io@proj@osgeo@@QEAA?AUBaseObjectNNPtr@util@34@AEBV?$basic_string@DU?$char_traits@D@std@@V?$allocator@D@2@@std@@@Z,"public: struct osgeo::proj::util::BaseObjectNNPtr __cdecl osgeo::proj::io::PROJStringParser::createFromPROJString(class std::basic_string<char, struct std::char_traits<char>, class std::allocator<char>> const &)",method,osgeo::proj::io,PROJStringParser,createFromPROJString,"class std::basic_string<char, struct std::char_traits<char>, class std::allocator<char>> const &",False,False,False,False,False,False,True
464,463,0x1CF,?createFromTOWGS84@BoundCRS@crs@proj@osgeo@@SA?AV?$nn@V?$shared_ptr@VBoundCRS@crs@proj@osgeo@@@std@@@oxygen@dropbox@@AEBV?$nn@V?$shared_ptr@VCRS@crs@proj@osgeo@@@std@@@67@AEBV?$vector@NV?$allocator@N@std@@@std@@@Z,"public: static class dropbox::oxygen::nn<class std::shared_ptr<class osgeo::proj::crs::BoundCRS>> __cdecl osgeo::proj::crs::BoundCRS::createFromTOWGS84(class dropbox::oxygen::nn<class std::shared_ptr<class osgeo::proj::crs::CRS>> const &, class std::vector<double, class std::allocator<double>> const &)",method,osgeo::proj::crs,BoundCRS,createFromTOWGS84,"class dropbox::oxygen::nn<class std::shared_ptr<class osgeo::proj::crs::CRS>> const &, class std::vector<double, class std::allocator<double>> const &",False,True,False,False,False,False,True
465,464,0x1D0,?createFromUserInput@io@proj@osgeo@@YA?AUBaseObjectNNPtr@util@23@AEBV?$basic_string@DU?$char_traits@D@std@@V?$allocator@D@2@@std@@AEBV?$shared_ptr@VDatabaseContext@io@proj@osgeo@@@7@_N@Z,"struct osgeo::proj::util::BaseObjectNNPtr __cdecl osgeo::proj::io::createFromUserInput(class std::basic_string<char, struct std::char_traits<char>, class std::allocator<char>> const &, class std::shared_ptr<class osgeo::proj::io::DatabaseContext> const &, bool)",method,osgeo::proj,io,createFromUserInput,"class std::basic_string<char, struct std::char_traits<char>, class std::allocator<char>> const &, class std::shared_ptr<class osgeo::proj::io::DatabaseContext> const &, bool",False,False,False,False,False,False,True
466,465,0x1D1,?createFromUserInput@io@proj@osgeo@@YA?AUBaseObjectNNPtr@util@23@AEBV?$basic_string@DU?$char_traits@D@std@@V?$allocator@D@2@@std@@PEAUpj_ctx@@@Z,"struct osgeo::proj::util::BaseObjectNNPtr __cdecl osgeo::proj::io::createFromUserInput(class std::basic_string<char, struct std::char_traits<char>, class std::allocator<char>> const &, struct pj_ctx *)",method,osgeo::proj,io,createFromUserInput,"class std::basic_string<char, struct std::char_traits<char>, class std::allocator<char>> const &, struct pj_ctx *",False,False,False,False,False,False,True
467,466,0x1D2,?createFromWKT@WKTParser@io@proj@osgeo@@QEAA?AUBaseObjectNNPtr@util@34@AEBV?$basic_string@DU?$char_traits@D@std@@V?$allocator@D@2@@std@@@Z,"public: struct osgeo::proj::util::BaseObjectNNPtr __cdecl osgeo::proj::io::WKTParser::createFromWKT(class std::basic_string<char, struct std::char_traits<char>, class std::allocator<char>> const &)",method,osgeo::proj::io,WKTParser,createFromWKT,"class std::basic_string<char, struct std::char_traits<char>, class std::allocator<char>> const &",False,False,False,False,False,False,True
468,467,0x1D3,?createGall@Conversion@operation@proj@osgeo@@SA?AV?$nn@V?$shared_ptr@VConversion@operation@proj@osgeo@@@std@@@oxygen@dropbox@@AEBVPropertyMap@util@34@AEBVAngle@common@34@AEBVLength@common@34@2@Z,"public: static class dropbox::oxygen::nn<class std::shared_ptr<class osgeo::proj::operation::Conversion>> __cdecl osgeo::proj::operation::Conversion::createGall(class osgeo::proj::util::PropertyMap const &, class osgeo::proj::common::Angle const &, class osgeo::proj::common::Length const &, class osgeo::proj::common::Length const &)",method,osgeo::proj::operation,Conversion,createGall,"class osgeo::proj::util::PropertyMap const &, class osgeo::proj::common::Angle const &, class osgeo::proj::common::Length const &, class osgeo::proj::common::Length const &",False,True,False,False,False,False,True
469,468,0x1D4,?createGaussSchreiberTransverseMercator@Conversion@operation@proj@osgeo@@SA?AV?$nn@V?$shared_ptr@VConversion@operation@proj@osgeo@@@std@@@oxygen@dropbox@@AEBVPropertyMap@util@34@AEBVAngle@common@34@1AEBVScale@common@34@AEBVLength@common@34@3@Z,"public: static class dropbox::oxygen::nn<class std::shared_ptr<class osgeo::proj::operation::Conversion>> __cdecl osgeo::proj::operation::Conversion::createGaussSchreiberTransverseMercator(class osgeo::proj::util::PropertyMap const &, class osgeo::proj::common::Angle const &, class osgeo::proj::common::Angle const &, class osgeo::proj::common::Scale const &, class osgeo::proj::common::Length const &, class osgeo::proj::common::Length const &)",method,osgeo::proj::operation,Conversion,createGaussSchreiberTransverseMercator,"class osgeo::proj::util::PropertyMap const &, class osgeo::proj::common::Angle const &, class osgeo::proj::common::Angle const &, class osgeo::proj::common::Scale const &, class osgeo::proj::common::Length const &, class osgeo::proj::common::Length const &",False,True,False,False,False,False,True
470,469,0x1D5,?createGenericName@NameFactory@util@proj@osgeo@@SA?AV?$nn@V?$shared_ptr@VGenericName@util@proj@osgeo@@@std@@@oxygen@dropbox@@AEBV?$shared_ptr@VNameSpace@util@proj@osgeo@@@std@@AEBV?$vector@V?$basic_string@DU?$char_traits@D@std@@V?$allocator@D@2@@std@@V?$allocator@V?$basic_string@DU?$char_traits@D@std@@V?$allocator@D@2@@std@@@2@@9@@Z,"public: static class dropbox::oxygen::nn<class std::shared_ptr<class osgeo::proj::util::GenericName>> __cdecl osgeo::proj::util::NameFactory::createGenericName(class std::shared_ptr<class osgeo::proj::util::NameSpace> const &, class std::vector<class std::basic_string<char, struct std::char_traits<char>, class std::allocator<char>>, class std::allocator<class std::basic_string<char, struct std::char_traits<char>, class std::allocator<char>>>> const &)",method,osgeo::proj::util,NameFactory,createGenericName,"class std::shared_ptr<class osgeo::proj::util::NameSpace> const &, class std::vector<class std::basic_string<char, struct std::char_traits<char>, class std::allocator<char>>, class std::allocator<class std::basic_string<char, struct std::char_traits<char>, class std::allocator<char>>>> const &",False,True,False,False,False,False,True
471,470,0x1D6,?createGeocentric@CartesianCS@cs@proj@osgeo@@SA?AV?$nn@V?$shared_ptr@VCartesianCS@cs@proj@osgeo@@@std@@@oxygen@dropbox@@AEBVUnitOfMeasure@common@34@@Z,public: static class dropbox::oxygen::nn<class std::shared_ptr<class osgeo::proj::cs::CartesianCS>> __cdecl osgeo::proj::cs::CartesianCS::createGeocentric(class osgeo::proj::common::UnitOfMeasure const &),method,osgeo::proj::cs,CartesianCS,createGeocentric,class osgeo::proj::common::UnitOfMeasure const &,False,True,False,False,False,False,True
472,471,0x1D7,?createGeocentricTranslations@Transformation@operation@proj@osgeo@@SA?AV?$nn@V?$shared_ptr@VTransformation@operation@proj@osgeo@@@std@@@oxygen@dropbox@@AEBVPropertyMap@util@34@AEBV?$nn@V?$shared_ptr@VCRS@crs@proj@osgeo@@@std@@@67@1NNNAEBV?$vector@V?$nn@V?$shared_ptr@VPositionalAccuracy@metadata@proj@osgeo@@@std@@@oxygen@dropbox@@V?$allocator@V?$nn@V?$shared_ptr@VPositionalAccuracy@metadata@proj@osgeo@@@std@@@oxygen@dropbox@@@std@@@std@@@Z,"public: static class dropbox::oxygen::nn<class std::shared_ptr<class osgeo::proj::operation::Transformation>> __cdecl osgeo::proj::operation::Transformation::createGeocentricTranslations(class osgeo::proj::util::PropertyMap const &, class dropbox::oxygen::nn<class std::shared_ptr<class osgeo::proj::crs::CRS>> const &, class dropbox::oxygen::nn<class std::shared_ptr<class osgeo::proj::crs::CRS>> const &, double, double, double, class std::vector<class dropbox::oxygen::nn<class std::shared_ptr<class osgeo::proj::metadata::PositionalAccuracy>>, class std::allocator<class dropbox::oxygen::nn<class std::shared_ptr<class osgeo::proj::metadata::PositionalAccuracy>>>> const &)",method,osgeo::proj::operation,Transformation,createGeocentricTranslations,"class osgeo::proj::util::PropertyMap const &, class dropbox::oxygen::nn<class std::shared_ptr<class osgeo::proj::crs::CRS>> const &, class dropbox::oxygen::nn<class std::shared_ptr<class osgeo::proj::crs::CRS>> const &, double, double, double, class std::vector<class dropbox::oxygen::nn<class std::shared_ptr<class osgeo::proj::metadata::PositionalAccuracy>>, class std::allocator<class dropbox::oxygen::nn<class std::shared_ptr<class osgeo::proj::metadata::PositionalAccuracy>>>> const &",False,True,False,False,False,False,True
473,472,0x1D8,?createGeodeticCRS@AuthorityFactory@io@proj@osgeo@@QEBA?AV?$nn@V?$shared_ptr@VGeodeticCRS@crs@proj@osgeo@@@std@@@oxygen@dropbox@@AEBV?$basic_string@DU?$char_traits@D@std@@V?$allocator@D@2@@std@@@Z,"public: class dropbox::oxygen::nn<class std::shared_ptr<class osgeo::proj::crs::GeodeticCRS>> __cdecl osgeo::proj::io::AuthorityFactory::createGeodeticCRS(class std::basic_string<char, struct std::char_traits<char>, class std::allocator<char>> const &) const",method,osgeo::proj::io,AuthorityFactory,createGeodeticCRS,"class std::basic_string<char, struct std::char_traits<char>, class std::allocator<char>> const &",True,False,False,False,False,False,True
474,473,0x1D9,?createGeodeticDatum@AuthorityFactory@io@proj@osgeo@@QEBA?AV?$nn@V?$shared_ptr@VGeodeticReferenceFrame@datum@proj@osgeo@@@std@@@oxygen@dropbox@@AEBV?$basic_string@DU?$char_traits@D@std@@V?$allocator@D@2@@std@@@Z,"public: class dropbox::oxygen::nn<class std::shared_ptr<class osgeo::proj::datum::GeodeticReferenceFrame>> __cdecl osgeo::proj::io::AuthorityFactory::createGeodeticDatum(class std::basic_string<char, struct std::char_traits<char>, class std::allocator<char>> const &) const",method,osgeo::proj::io,AuthorityFactory,createGeodeticDatum,"class std::basic_string<char, struct std::char_traits<char>, class std::allocator<char>> const &",True,False,False,False,False,False,True
475,474,0x1DA,?createGeographic2DOffsets@Transformation@operation@proj@osgeo@@SA?AV?$nn@V?$shared_ptr@VTransformation@operation@proj@osgeo@@@std@@@oxygen@dropbox@@AEBVPropertyMap@util@34@AEBV?$nn@V?$shared_ptr@VCRS@crs@proj@osgeo@@@std@@@67@1AEBVAngle@common@34@2AEBV?$vector@V?$nn@V?$shared_ptr@VPositionalAccuracy@metadata@proj@osgeo@@@std@@@oxygen@dropbox@@V?$allocator@V?$nn@V?$shared_ptr@VPositionalAccuracy@metadata@proj@osgeo@@@std@@@oxygen@dropbox@@@std@@@std@@@Z,"public: static class dropbox::oxygen::nn<class std::shared_ptr<class osgeo::proj::operation::Transformation>> __cdecl osgeo::proj::operation::Transformation::createGeographic2DOffsets(class osgeo::proj::util::PropertyMap const &, class dropbox::oxygen::nn<class std::shared_ptr<class osgeo::proj::crs::CRS>> const &, class dropbox::oxygen::nn<class std::shared_ptr<class osgeo::proj::crs::CRS>> const &, class osgeo::proj::common::Angle const &, class osgeo::proj::common::Angle const &, class std::vector<class dropbox::oxygen::nn<class std::shared_ptr<class osgeo::proj::metadata::PositionalAccuracy>>, class std::allocator<class dropbox::oxygen::nn<class std::shared_ptr<class osgeo::proj::metadata::PositionalAccuracy>>>> const &)",method,osgeo::proj::operation,Transformation,createGeographic2DOffsets,"class osgeo::proj::util::PropertyMap const &, class dropbox::oxygen::nn<class std::shared_ptr<class osgeo::proj::crs::CRS>> const &, class dropbox::oxygen::nn<class std::shared_ptr<class osgeo::proj::crs::CRS>> const &, class osgeo::proj::common::Angle const &, class osgeo::proj::common::Angle const &, class std::vector<class dropbox::oxygen::nn<class std::shared_ptr<class osgeo::proj::metadata::PositionalAccuracy>>, class std::allocator<class dropbox::oxygen::nn<class std::shared_ptr<class osgeo::proj::metadata::PositionalAccuracy>>>> const &",False,True,False,False,False,False,True
476,475,0x1DB,?createGeographic2DWithHeightOffsets@Transformation@operation@proj@osgeo@@SA?AV?$nn@V?$shared_ptr@VTransformation@operation@proj@osgeo@@@std@@@oxygen@dropbox@@AEBVPropertyMap@util@34@AEBV?$nn@V?$shared_ptr@VCRS@crs@proj@osgeo@@@std@@@67@1AEBVAngle@common@34@2AEBVLength@common@34@AEBV?$vector@V?$nn@V?$shared_ptr@VPositionalAccuracy@metadata@proj@osgeo@@@std@@@oxygen@dropbox@@V?$allocator@V?$nn@V?$shared_ptr@VPositionalAccuracy@metadata@proj@osgeo@@@std@@@oxygen@dropbox@@@std@@@std@@@Z,"public: static class dropbox::oxygen::nn<class std::shared_ptr<class osgeo::proj::operation::Transformation>> __cdecl osgeo::proj::operation::Transformation::createGeographic2DWithHeightOffsets(class osgeo::proj::util::PropertyMap const &, class dropbox::oxygen::nn<class std::shared_ptr<class osgeo::proj::crs::CRS>> const &, class dropbox::oxygen::nn<class std::shared_ptr<class osgeo::proj::crs::CRS>> const &, class osgeo::proj::common::Angle const &, class osgeo::proj::common::Angle const &, class osgeo::proj::common::Length const &, class std::vector<class dropbox::oxygen::nn<class std::shared_ptr<class osgeo::proj::metadata::PositionalAccuracy>>, class std::allocator<class dropbox::oxygen::nn<class std::shared_ptr<class osgeo::proj::metadata::PositionalAccuracy>>>> const &)",method,osgeo::proj::operation,Transformation,createGeographic2DWithHeightOffsets,"class osgeo::proj::util::PropertyMap const &, class dropbox::oxygen::nn<class std::shared_ptr<class osgeo::proj::crs::CRS>> const &, class dropbox::oxygen::nn<class std::shared_ptr<class osgeo::proj::crs::CRS>> const &, class osgeo::proj::common::Angle const &, class osgeo::proj::common::Angle const &, class osgeo::proj::common::Length const &, class std::vector<class dropbox::oxygen::nn<class std::shared_ptr<class osgeo::proj::metadata::PositionalAccuracy>>, class std::allocator<class dropbox::oxygen::nn<class std::shared_ptr<class osgeo::proj::metadata::PositionalAccuracy>>>> const &",False,True,False,False,False,False,True
477,476,0x1DC,?createGeographic3DOffsets@Transformation@operation@proj@osgeo@@SA?AV?$nn@V?$shared_ptr@VTransformation@operation@proj@osgeo@@@std@@@oxygen@dropbox@@AEBVPropertyMap@util@34@AEBV?$nn@V?$shared_ptr@VCRS@crs@proj@osgeo@@@std@@@67@1AEBVAngle@common@34@2AEBVLength@common@34@AEBV?$vector@V?$nn@V?$shared_ptr@VPositionalAccuracy@metadata@proj@osgeo@@@std@@@oxygen@dropbox@@V?$allocator@V?$nn@V?$shared_ptr@VPositionalAccuracy@metadata@proj@osgeo@@@std@@@oxygen@dropbox@@@std@@@std@@@Z,"public: static class dropbox::oxygen::nn<class std::shared_ptr<class osgeo::proj::operation::Transformation>> __cdecl osgeo::proj::operation::Transformation::createGeographic3DOffsets(class osgeo::proj::util::PropertyMap const &, class dropbox::oxygen::nn<class std::shared_ptr<class osgeo::proj::crs::CRS>> const &, class dropbox::oxygen::nn<class std::shared_ptr<class osgeo::proj::crs::CRS>> const &, class osgeo::proj::common::Angle const &, class osgeo::proj::common::Angle const &, class osgeo::proj::common::Length const &, class std::vector<class dropbox::oxygen::nn<class std::shared_ptr<class osgeo::proj::metadata::PositionalAccuracy>>, class std::allocator<class dropbox::oxygen::nn<class std::shared_ptr<class osgeo::proj::metadata::PositionalAccuracy>>>> const &)",method,osgeo::proj::operation,Transformation,createGeographic3DOffsets,"class osgeo::proj::util::PropertyMap const &, class dropbox::oxygen::nn<class std::shared_ptr<class osgeo::proj::crs::CRS>> const &, class dropbox::oxygen::nn<class std::shared_ptr<class osgeo::proj::crs::CRS>> const &, class osgeo::proj::common::Angle const &, class osgeo::proj::common::Angle const &, class osgeo::proj::common::Length const &, class std::vector<class dropbox::oxygen::nn<class std::shared_ptr<class osgeo::proj::metadata::PositionalAccuracy>>, class std::allocator<class dropbox::oxygen::nn<class std::shared_ptr<class osgeo::proj::metadata::PositionalAccuracy>>>> const &",False,True,False,False,False,False,True
478,477,0x1DD,?createGeographicCRS@AuthorityFactory@io@proj@osgeo@@QEBA?AV?$nn@V?$shared_ptr@VGeographicCRS@crs@proj@osgeo@@@std@@@oxygen@dropbox@@AEBV?$basic_string@DU?$char_traits@D@std@@V?$allocator@D@2@@std@@@Z,"public: class dropbox::oxygen::nn<class std::shared_ptr<class osgeo::proj::crs::GeographicCRS>> __cdecl osgeo::proj::io::AuthorityFactory::createGeographicCRS(class std::basic_string<char, struct std::char_traits<char>, class std::allocator<char>> const &) const",method,osgeo::proj::io,AuthorityFactory,createGeographicCRS,"class std::basic_string<char, struct std::char_traits<char>, class std::allocator<char>> const &",True,False,False,False,False,False,True
479,478,0x1DE,?createGeographicGeocentric@Conversion@operation@proj@osgeo@@SA?AV?$nn@V?$shared_ptr@VConversion@operation@proj@osgeo@@@std@@@oxygen@dropbox@@AEBVPropertyMap@util@34@@Z,public: static class dropbox::oxygen::nn<class std::shared_ptr<class osgeo::proj::operation::Conversion>> __cdecl osgeo::proj::operation::Conversion::createGeographicGeocentric(class osgeo::proj::util::PropertyMap const &),method,osgeo::proj::operation,Conversion,createGeographicGeocentric,class osgeo::proj::util::PropertyMap const &,False,True,False,False,False,False,True
480,479,0x1DF,?createGeostationarySatelliteSweepX@Conversion@operation@proj@osgeo@@SA?AV?$nn@V?$shared_ptr@VConversion@operation@proj@osgeo@@@std@@@oxygen@dropbox@@AEBVPropertyMap@util@34@AEBVAngle@common@34@AEBVLength@common@34@22@Z,"public: static class dropbox::oxygen::nn<class std::shared_ptr<class osgeo::proj::operation::Conversion>> __cdecl osgeo::proj::operation::Conversion::createGeostationarySatelliteSweepX(class osgeo::proj::util::PropertyMap const &, class osgeo::proj::common::Angle const &, class osgeo::proj::common::Length const &, class osgeo::proj::common::Length const &, class osgeo::proj::common::Length const &)",method,osgeo::proj::operation,Conversion,createGeostationarySatelliteSweepX,"class osgeo::proj::util::PropertyMap const &, class osgeo::proj::common::Angle const &, class osgeo::proj::common::Length const &, class osgeo::proj::common::Length const &, class osgeo::proj::common::Length const &",False,True,False,False,False,False,True
481,480,0x1E0,?createGeostationarySatelliteSweepY@Conversion@operation@proj@osgeo@@SA?AV?$nn@V?$shared_ptr@VConversion@operation@proj@osgeo@@@std@@@oxygen@dropbox@@AEBVPropertyMap@util@34@AEBVAngle@common@34@AEBVLength@common@34@22@Z,"public: static class dropbox::oxygen::nn<class std::shared_ptr<class osgeo::proj::operation::Conversion>> __cdecl osgeo::proj::operation::Conversion::createGeostationarySatelliteSweepY(class osgeo::proj::util::PropertyMap const &, class osgeo::proj::common::Angle const &, class osgeo::proj::common::Length const &, class osgeo::proj::common::Length const &, class osgeo::proj::common::Length const &)",method,osgeo::proj::operation,Conversion,createGeostationarySatelliteSweepY,"class osgeo::proj::util::PropertyMap const &, class osgeo::proj::common::Angle const &, class osgeo::proj::common::Length const &, class osgeo::proj::common::Length const &, class osgeo::proj::common::Length const &",False,True,False,False,False,False,True
482,481,0x1E1,?createGnomonic@Conversion@operation@proj@osgeo@@SA?AV?$nn@V?$shared_ptr@VConversion@operation@proj@osgeo@@@std@@@oxygen@dropbox@@AEBVPropertyMap@util@34@AEBVAngle@common@34@1AEBVLength@common@34@2@Z,"public: static class dropbox::oxygen::nn<class std::shared_ptr<class osgeo::proj::operation::Conversion>> __cdecl osgeo::proj::operation::Conversion::createGnomonic(class osgeo::proj::util::PropertyMap const &, class osgeo::proj::common::Angle const &, class osgeo::proj::common::Angle const &, class osgeo::proj::common::Length const &, class osgeo::proj::common::Length const &)",method,osgeo::proj::operation,Conversion,createGnomonic,"class osgeo::proj::util::PropertyMap const &, class osgeo::proj::common::Angle const &, class osgeo::proj::common::Angle const &, class osgeo::proj::common::Length const &, class osgeo::proj::common::Length const &",False,True,False,False,False,False,True
483,482,0x1E2,?createGoodeHomolosine@Conversion@operation@proj@osgeo@@SA?AV?$nn@V?$shared_ptr@VConversion@operation@proj@osgeo@@@std@@@oxygen@dropbox@@AEBVPropertyMap@util@34@AEBVAngle@common@34@AEBVLength@common@34@2@Z,"public: static class dropbox::oxygen::nn<class std::shared_ptr<class osgeo::proj::operation::Conversion>> __cdecl osgeo::proj::operation::Conversion::createGoodeHomolosine(class osgeo::proj::util::PropertyMap const &, class osgeo::proj::common::Angle const &, class osgeo::proj::common::Length const &, class osgeo::proj::common::Length const &)",method,osgeo::proj::operation,Conversion,createGoodeHomolosine,"class osgeo::proj::util::PropertyMap const &, class osgeo::proj::common::Angle const &, class osgeo::proj::common::Length const &, class osgeo::proj::common::Length const &",False,True,False,False,False,False,True
484,483,0x1E3,?createGravityRelatedHeight@VerticalCS@cs@proj@osgeo@@SA?AV?$nn@V?$shared_ptr@VVerticalCS@cs@proj@osgeo@@@std@@@oxygen@dropbox@@AEBVUnitOfMeasure@common@34@@Z,public: static class dropbox::oxygen::nn<class std::shared_ptr<class osgeo::proj::cs::VerticalCS>> __cdecl osgeo::proj::cs::VerticalCS::createGravityRelatedHeight(class osgeo::proj::common::UnitOfMeasure const &),method,osgeo::proj::cs,VerticalCS,createGravityRelatedHeight,class osgeo::proj::common::UnitOfMeasure const &,False,True,False,False,False,False,True
485,484,0x1E4,?createGravityRelatedHeightToGeographic3D@Transformation@operation@proj@osgeo@@SA?AV?$nn@V?$shared_ptr@VTransformation@operation@proj@osgeo@@@std@@@oxygen@dropbox@@AEBVPropertyMap@util@34@AEBV?$nn@V?$shared_ptr@VCRS@crs@proj@osgeo@@@std@@@67@1AEBV?$shared_ptr@VCRS@crs@proj@osgeo@@@std@@AEBV?$basic_string@DU?$char_traits@D@std@@V?$allocator@D@2@@std@@AEBV?$vector@V?$nn@V?$shared_ptr@VPositionalAccuracy@metadata@proj@osgeo@@@std@@@oxygen@dropbox@@V?$allocator@V?$nn@V?$shared_ptr@VPositionalAccuracy@metadata@proj@osgeo@@@std@@@oxygen@dropbox@@@std@@@std@@@Z,"public: static class dropbox::oxygen::nn<class std::shared_ptr<class osgeo::proj::operation::Transformation>> __cdecl osgeo::proj::operation::Transformation::createGravityRelatedHeightToGeographic3D(class osgeo::proj::util::PropertyMap const &, class dropbox::oxygen::nn<class std::shared_ptr<class osgeo::proj::crs::CRS>> const &, class dropbox::oxygen::nn<class std::shared_ptr<class osgeo::proj::crs::CRS>> const &, class std::shared_ptr<class osgeo::proj::crs::CRS> const &, class std::basic_string<char, struct std::char_traits<char>, class std::allocator<char>> const &, class std::vector<class dropbox::oxygen::nn<class std::shared_ptr<class osgeo::proj::metadata::PositionalAccuracy>>, class std::allocator<class dropbox::oxygen::nn<class std::shared_ptr<class osgeo::proj::metadata::PositionalAccuracy>>>> const &)",method,osgeo::proj::operation,Transformation,createGravityRelatedHeightToGeographic3D,"class osgeo::proj::util::PropertyMap const &, class dropbox::oxygen::nn<class std::shared_ptr<class osgeo::proj::crs::CRS>> const &, class dropbox::oxygen::nn<class std::shared_ptr<class osgeo::proj::crs::CRS>> const &, class std::shared_ptr<class osgeo::proj::crs::CRS> const &, class std::basic_string<char, struct std::char_traits<char>, class std::allocator<char>> const &, class std::vector<class dropbox::oxygen::nn<class std::shared_ptr<class osgeo::proj::metadata::PositionalAccuracy>>, class std::allocator<class dropbox::oxygen::nn<class std::shared_ptr<class osgeo::proj::metadata::PositionalAccuracy>>>> const &",False,True,False,False,False,False,True
486,485,0x1E5,?createGuamProjection@Conversion@operation@proj@osgeo@@SA?AV?$nn@V?$shared_ptr@VConversion@operation@proj@osgeo@@@std@@@oxygen@dropbox@@AEBVPropertyMap@util@34@AEBVAngle@common@34@1AEBVLength@common@34@2@Z,"public: static class dropbox::oxygen::nn<class std::shared_ptr<class osgeo::proj::operation::Conversion>> __cdecl osgeo::proj::operation::Conversion::createGuamProjection(class osgeo::proj::util::PropertyMap const &, class osgeo::proj::common::Angle const &, class osgeo::proj::common::Angle const &, class osgeo::proj::common::Length const &, class osgeo::proj::common::Length const &)",method,osgeo::proj::operation,Conversion,createGuamProjection,"class osgeo::proj::util::PropertyMap const &, class osgeo::proj::common::Angle const &, class osgeo::proj::common::Angle const &, class osgeo::proj::common::Length const &, class osgeo::proj::common::Length const &",False,True,False,False,False,False,True
487,486,0x1E6,?createHeightDepthReversal@Conversion@operation@proj@osgeo@@SA?AV?$nn@V?$shared_ptr@VConversion@operation@proj@osgeo@@@std@@@oxygen@dropbox@@AEBVPropertyMap@util@34@@Z,public: static class dropbox::oxygen::nn<class std::shared_ptr<class osgeo::proj::operation::Conversion>> __cdecl osgeo::proj::operation::Conversion::createHeightDepthReversal(class osgeo::proj::util::PropertyMap const &),method,osgeo::proj::operation,Conversion,createHeightDepthReversal,class osgeo::proj::util::PropertyMap const &,False,True,False,False,False,False,True
488,487,0x1E7,?createHotineObliqueMercatorTwoPointNaturalOrigin@Conversion@operation@proj@osgeo@@SA?AV?$nn@V?$shared_ptr@VConversion@operation@proj@osgeo@@@std@@@oxygen@dropbox@@AEBVPropertyMap@util@34@AEBVAngle@common@34@1111AEBVScale@common@34@AEBVLength@common@34@3@Z,"public: static class dropbox::oxygen::nn<class std::shared_ptr<class osgeo::proj::operation::Conversion>> __cdecl osgeo::proj::operation::Conversion::createHotineObliqueMercatorTwoPointNaturalOrigin(class osgeo::proj::util::PropertyMap const &, class osgeo::proj::common::Angle const &, class osgeo::proj::common::Angle const &, class osgeo::proj::common::Angle const &, class osgeo::proj::common::Angle const &, class osgeo::proj::common::Angle const &, class osgeo::proj::common::Scale const &, class osgeo::proj::common::Length const &, class osgeo::proj::common::Length const &)",method,osgeo::proj::operation,Conversion,createHotineObliqueMercatorTwoPointNaturalOrigin,"class osgeo::proj::util::PropertyMap const &, class osgeo::proj::common::Angle const &, class osgeo::proj::common::Angle const &, class osgeo::proj::common::Angle const &, class osgeo::proj::common::Angle const &, class osgeo::proj::common::Angle const &, class osgeo::proj::common::Scale const &, class osgeo::proj::common::Length const &, class osgeo::proj::common::Length const &",False,True,False,False,False,False,True
489,488,0x1E8,?createHotineObliqueMercatorVariantA@Conversion@operation@proj@osgeo@@SA?AV?$nn@V?$shared_ptr@VConversion@operation@proj@osgeo@@@std@@@oxygen@dropbox@@AEBVPropertyMap@util@34@AEBVAngle@common@34@111AEBVScale@common@34@AEBVLength@common@34@3@Z,"public: static class dropbox::oxygen::nn<class std::shared_ptr<class osgeo::proj::operation::Conversion>> __cdecl osgeo::proj::operation::Conversion::createHotineObliqueMercatorVariantA(class osgeo::proj::util::PropertyMap const &, class osgeo::proj::common::Angle const &, class osgeo::proj::common::Angle const &, class osgeo::proj::common::Angle const &, class osgeo::proj::common::Angle const &, class osgeo::proj::common::Scale const &, class osgeo::proj::common::Length const &, class osgeo::proj::common::Length const &)",method,osgeo::proj::operation,Conversion,createHotineObliqueMercatorVariantA,"class osgeo::proj::util::PropertyMap const &, class osgeo::proj::common::Angle const &, class osgeo::proj::common::Angle const &, class osgeo::proj::common::Angle const &, class osgeo::proj::common::Angle const &, class osgeo::proj::common::Scale const &, class osgeo::proj::common::Length const &, class osgeo::proj::common::Length const &",False,True,False,False,False,False,True
490,489,0x1E9,?createHotineObliqueMercatorVariantB@Conversion@operation@proj@osgeo@@SA?AV?$nn@V?$shared_ptr@VConversion@operation@proj@osgeo@@@std@@@oxygen@dropbox@@AEBVPropertyMap@util@34@AEBVAngle@common@34@111AEBVScale@common@34@AEBVLength@common@34@3@Z,"public: static class dropbox::oxygen::nn<class std::shared_ptr<class osgeo::proj::operation::Conversion>> __cdecl osgeo::proj::operation::Conversion::createHotineObliqueMercatorVariantB(class osgeo::proj::util::PropertyMap const &, class osgeo::proj::common::Angle const &, class osgeo::proj::common::Angle const &, class osgeo::proj::common::Angle const &, class osgeo::proj::common::Angle const &, class osgeo::proj::common::Scale const &, class osgeo::proj::common::Length const &, class osgeo::proj::common::Length const &)",method,osgeo::proj::operation,Conversion,createHotineObliqueMercatorVariantB,"class osgeo::proj::util::PropertyMap const &, class osgeo::proj::common::Angle const &, class osgeo::proj::common::Angle const &, class osgeo::proj::common::Angle const &, class osgeo::proj::common::Angle const &, class osgeo::proj::common::Scale const &, class osgeo::proj::common::Length const &, class osgeo::proj::common::Length const &",False,True,False,False,False,False,True
491,490,0x1EA,?createInternationalMapWorldPolyconic@Conversion@operation@proj@osgeo@@SA?AV?$nn@V?$shared_ptr@VConversion@operation@proj@osgeo@@@std@@@oxygen@dropbox@@AEBVPropertyMap@util@34@AEBVAngle@common@34@11AEBVLength@common@34@2@Z,"public: static class dropbox::oxygen::nn<class std::shared_ptr<class osgeo::proj::operation::Conversion>> __cdecl osgeo::proj::operation::Conversion::createInternationalMapWorldPolyconic(class osgeo::proj::util::PropertyMap const &, class osgeo::proj::common::Angle const &, class osgeo::proj::common::Angle const &, class osgeo::proj::common::Angle const &, class osgeo::proj::common::Length const &, class osgeo::proj::common::Length const &)",method,osgeo::proj::operation,Conversion,createInternationalMapWorldPolyconic,"class osgeo::proj::util::PropertyMap const &, class osgeo::proj::common::Angle const &, class osgeo::proj::common::Angle const &, class osgeo::proj::common::Angle const &, class osgeo::proj::common::Length const &, class osgeo::proj::common::Length const &",False,True,False,False,False,False,True
492,491,0x1EB,?createInterruptedGoodeHomolosine@Conversion@operation@proj@osgeo@@SA?AV?$nn@V?$shared_ptr@VConversion@operation@proj@osgeo@@@std@@@oxygen@dropbox@@AEBVPropertyMap@util@34@AEBVAngle@common@34@AEBVLength@common@34@2@Z,"public: static class dropbox::oxygen::nn<class std::shared_ptr<class osgeo::proj::operation::Conversion>> __cdecl osgeo::proj::operation::Conversion::createInterruptedGoodeHomolosine(class osgeo::proj::util::PropertyMap const &, class osgeo::proj::common::Angle const &, class osgeo::proj::common::Length const &, class osgeo::proj::common::Length const &)",method,osgeo::proj::operation,Conversion,createInterruptedGoodeHomolosine,"class osgeo::proj::util::PropertyMap const &, class osgeo::proj::common::Angle const &, class osgeo::proj::common::Length const &, class osgeo::proj::common::Length const &",False,True,False,False,False,False,True
493,492,0x1EC,?createKrovak@Conversion@operation@proj@osgeo@@SA?AV?$nn@V?$shared_ptr@VConversion@operation@proj@osgeo@@@std@@@oxygen@dropbox@@AEBVPropertyMap@util@34@AEBVAngle@common@34@111AEBVScale@common@34@AEBVLength@common@34@3@Z,"public: static class dropbox::oxygen::nn<class std::shared_ptr<class osgeo::proj::operation::Conversion>> __cdecl osgeo::proj::operation::Conversion::createKrovak(class osgeo::proj::util::PropertyMap const &, class osgeo::proj::common::Angle const &, class osgeo::proj::common::Angle const &, class osgeo::proj::common::Angle const &, class osgeo::proj::common::Angle const &, class osgeo::proj::common::Scale const &, class osgeo::proj::common::Length const &, class osgeo::proj::common::Length const &)",method,osgeo::proj::operation,Conversion,createKrovak,"class osgeo::proj::util::PropertyMap const &, class osgeo::proj::common::Angle const &, class osgeo::proj::common::Angle const &, class osgeo::proj::common::Angle const &, class osgeo::proj::common::Angle const &, class osgeo::proj::common::Scale const &, class osgeo::proj::common::Length const &, class osgeo::proj::common::Length const &",False,True,False,False,False,False,True
494,493,0x1ED,?createKrovakNorthOriented@Conversion@operation@proj@osgeo@@SA?AV?$nn@V?$shared_ptr@VConversion@operation@proj@osgeo@@@std@@@oxygen@dropbox@@AEBVPropertyMap@util@34@AEBVAngle@common@34@111AEBVScale@common@34@AEBVLength@common@34@3@Z,"public: static class dropbox::oxygen::nn<class std::shared_ptr<class osgeo::proj::operation::Conversion>> __cdecl osgeo::proj::operation::Conversion::createKrovakNorthOriented(class osgeo::proj::util::PropertyMap const &, class osgeo::proj::common::Angle const &, class osgeo::proj::common::Angle const &, class osgeo::proj::common::Angle const &, class osgeo::proj::common::Angle const &, class osgeo::proj::common::Scale const &, class osgeo::proj::common::Length const &, class osgeo::proj::common::Length const &)",method,osgeo::proj::operation,Conversion,createKrovakNorthOriented,"class osgeo::proj::util::PropertyMap const &, class osgeo::proj::common::Angle const &, class osgeo::proj::common::Angle const &, class osgeo::proj::common::Angle const &, class osgeo::proj::common::Angle const &, class osgeo::proj::common::Scale const &, class osgeo::proj::common::Length const &, class osgeo::proj::common::Length const &",False,True,False,False,False,False,True
495,494,0x1EE,?createLabordeObliqueMercator@Conversion@operation@proj@osgeo@@SA?AV?$nn@V?$shared_ptr@VConversion@operation@proj@osgeo@@@std@@@oxygen@dropbox@@AEBVPropertyMap@util@34@AEBVAngle@common@34@11AEBVScale@common@34@AEBVLength@common@34@3@Z,"public: static class dropbox::oxygen::nn<class std::shared_ptr<class osgeo::proj::operation::Conversion>> __cdecl osgeo::proj::operation::Conversion::createLabordeObliqueMercator(class osgeo::proj::util::PropertyMap const &, class osgeo::proj::common::Angle const &, class osgeo::proj::common::Angle const &, class osgeo::proj::common::Angle const &, class osgeo::proj::common::Scale const &, class osgeo::proj::common::Length const &, class osgeo::proj::common::Length const &)",method,osgeo::proj::operation,Conversion,createLabordeObliqueMercator,"class osgeo::proj::util::PropertyMap const &, class osgeo::proj::common::Angle const &, class osgeo::proj::common::Angle const &, class osgeo::proj::common::Angle const &, class osgeo::proj::common::Scale const &, class osgeo::proj::common::Length const &, class osgeo::proj::common::Length const &",False,True,False,False,False,False,True
496,495,0x1EF,?createLambertAzimuthalEqualArea@Conversion@operation@proj@osgeo@@SA?AV?$nn@V?$shared_ptr@VConversion@operation@proj@osgeo@@@std@@@oxygen@dropbox@@AEBVPropertyMap@util@34@AEBVAngle@common@34@1AEBVLength@common@34@2@Z,"public: static class dropbox::oxygen::nn<class std::shared_ptr<class osgeo::proj::operation::Conversion>> __cdecl osgeo::proj::operation::Conversion::createLambertAzimuthalEqualArea(class osgeo::proj::util::PropertyMap const &, class osgeo::proj::common::Angle const &, class osgeo::proj::common::Angle const &, class osgeo::proj::common::Length const &, class osgeo::proj::common::Length const &)",method,osgeo::proj::operation,Conversion,createLambertAzimuthalEqualArea,"class osgeo::proj::util::PropertyMap const &, class osgeo::proj::common::Angle const &, class osgeo::proj::common::Angle const &, class osgeo::proj::common::Length const &, class osgeo::proj::common::Length const &",False,True,False,False,False,False,True
497,496,0x1F0,?createLambertConicConformal_1SP@Conversion@operation@proj@osgeo@@SA?AV?$nn@V?$shared_ptr@VConversion@operation@proj@osgeo@@@std@@@oxygen@dropbox@@AEBVPropertyMap@util@34@AEBVAngle@common@34@1AEBVScale@common@34@AEBVLength@common@34@3@Z,"public: static class dropbox::oxygen::nn<class std::shared_ptr<class osgeo::proj::operation::Conversion>> __cdecl osgeo::proj::operation::Conversion::createLambertConicConformal_1SP(class osgeo::proj::util::PropertyMap const &, class osgeo::proj::common::Angle const &, class osgeo::proj::common::Angle const &, class osgeo::proj::common::Scale const &, class osgeo::proj::common::Length const &, class osgeo::proj::common::Length const &)",method,osgeo::proj::operation,Conversion,createLambertConicConformal_1SP,"class osgeo::proj::util::PropertyMap const &, class osgeo::proj::common::Angle const &, class osgeo::proj::common::Angle const &, class osgeo::proj::common::Scale const &, class osgeo::proj::common::Length const &, class osgeo::proj::common::Length const &",False,True,False,False,False,False,True
498,497,0x1F1,?createLambertConicConformal_2SP@Conversion@operation@proj@osgeo@@SA?AV?$nn@V?$shared_ptr@VConversion@operation@proj@osgeo@@@std@@@oxygen@dropbox@@AEBVPropertyMap@util@34@AEBVAngle@common@34@111AEBVLength@common@34@2@Z,"public: static class dropbox::oxygen::nn<class std::shared_ptr<class osgeo::proj::operation::Conversion>> __cdecl osgeo::proj::operation::Conversion::createLambertConicConformal_2SP(class osgeo::proj::util::PropertyMap const &, class osgeo::proj::common::Angle const &, class osgeo::proj::common::Angle const &, class osgeo::proj::common::Angle const &, class osgeo::proj::common::Angle const &, class osgeo::proj::common::Length const &, class osgeo::proj::common::Length const &)",method,osgeo::proj::operation,Conversion,createLambertConicConformal_2SP,"class osgeo::proj::util::PropertyMap const &, class osgeo::proj::common::Angle const &, class osgeo::proj::common::Angle const &, class osgeo::proj::common::Angle const &, class osgeo::proj::common::Angle const &, class osgeo::proj::common::Length const &, class osgeo::proj::common::Length const &",False,True,False,False,False,False,True
499,498,0x1F2,?createLambertConicConformal_2SP_Belgium@Conversion@operation@proj@osgeo@@SA?AV?$nn@V?$shared_ptr@VConversion@operation@proj@osgeo@@@std@@@oxygen@dropbox@@AEBVPropertyMap@util@34@AEBVAngle@common@34@111AEBVLength@common@34@2@Z,"public: static class dropbox::oxygen::nn<class std::shared_ptr<class osgeo::proj::operation::Conversion>> __cdecl osgeo::proj::operation::Conversion::createLambertConicConformal_2SP_Belgium(class osgeo::proj::util::PropertyMap const &, class osgeo::proj::common::Angle const &, class osgeo::proj::common::Angle const &, class osgeo::proj::common::Angle const &, class osgeo::proj::common::Angle const &, class osgeo::proj::common::Length const &, class osgeo::proj::common::Length const &)",method,osgeo::proj::operation,Conversion,createLambertConicConformal_2SP_Belgium,"class osgeo::proj::util::PropertyMap const &, class osgeo::proj::common::Angle const &, class osgeo::proj::common::Angle const &, class osgeo::proj::common::Angle const &, class osgeo::proj::common::Angle const &, class osgeo::proj::common::Length const &, class osgeo::proj::common::Length const &",False,True,False,False,False,False,True
500,499,0x1F3,?createLambertConicConformal_2SP_Michigan@Conversion@operation@proj@osgeo@@SA?AV?$nn@V?$shared_ptr@VConversion@operation@proj@osgeo@@@std@@@oxygen@dropbox@@AEBVPropertyMap@util@34@AEBVAngle@common@34@111AEBVLength@common@34@2AEBVScale@common@34@@Z,"public: static class dropbox::oxygen::nn<class std::shared_ptr<class osgeo::proj::operation::Conversion>> __cdecl osgeo::proj::operation::Conversion::createLambertConicConformal_2SP_Michigan(class osgeo::proj::util::PropertyMap const &, class osgeo::proj::common::Angle const &, class osgeo::proj::common::Angle const &, class osgeo::proj::common::Angle const &, class osgeo::proj::common::Angle const &, class osgeo::proj::common::Length const &, class osgeo::proj::common::Length const &, class osgeo::proj::common::Scale const &)",method,osgeo::proj::operation,Conversion,createLambertConicConformal_2SP_Michigan,"class osgeo::proj::util::PropertyMap const &, class osgeo::proj::common::Angle const &, class osgeo::proj::common::Angle const &, class osgeo::proj::common::Angle const &, class osgeo::proj::common::Angle const &, class osgeo::proj::common::Length const &, class osgeo::proj::common::Length const &, class osgeo::proj::common::Scale const &",False,True,False,False,False,False,True
501,500,0x1F4,?createLambertCylindricalEqualArea@Conversion@operation@proj@osgeo@@SA?AV?$nn@V?$shared_ptr@VConversion@operation@proj@osgeo@@@std@@@oxygen@dropbox@@AEBVPropertyMap@util@34@AEBVAngle@common@34@1AEBVLength@common@34@2@Z,"public: static class dropbox::oxygen::nn<class std::shared_ptr<class osgeo::proj::operation::Conversion>> __cdecl osgeo::proj::operation::Conversion::createLambertCylindricalEqualArea(class osgeo::proj::util::PropertyMap const &, class osgeo::proj::common::Angle const &, class osgeo::proj::common::Angle const &, class osgeo::proj::common::Length const &, class osgeo::proj::common::Length const &)",method,osgeo::proj::operation,Conversion,createLambertCylindricalEqualArea,"class osgeo::proj::util::PropertyMap const &, class osgeo::proj::common::Angle const &, class osgeo::proj::common::Angle const &, class osgeo::proj::common::Length const &, class osgeo::proj::common::Length const &",False,True,False,False,False,False,True
502,501,0x1F5,?createLambertCylindricalEqualAreaSpherical@Conversion@operation@proj@osgeo@@SA?AV?$nn@V?$shared_ptr@VConversion@operation@proj@osgeo@@@std@@@oxygen@dropbox@@AEBVPropertyMap@util@34@AEBVAngle@common@34@1AEBVLength@common@34@2@Z,"public: static class dropbox::oxygen::nn<class std::shared_ptr<class osgeo::proj::operation::Conversion>> __cdecl osgeo::proj::operation::Conversion::createLambertCylindricalEqualAreaSpherical(class osgeo::proj::util::PropertyMap const &, class osgeo::proj::common::Angle const &, class osgeo::proj::common::Angle const &, class osgeo::proj::common::Length const &, class osgeo::proj::common::Length const &)",method,osgeo::proj::operation,Conversion,createLambertCylindricalEqualAreaSpherical,"class osgeo::proj::util::PropertyMap const &, class osgeo::proj::common::Angle const &, class osgeo::proj::common::Angle const &, class osgeo::proj::common::Length const &, class osgeo::proj::common::Length const &",False,True,False,False,False,False,True
503,502,0x1F6,?createLatitudeLongitude@EllipsoidalCS@cs@proj@osgeo@@SA?AV?$nn@V?$shared_ptr@VEllipsoidalCS@cs@proj@osgeo@@@std@@@oxygen@dropbox@@AEBVUnitOfMeasure@common@34@@Z,public: static class dropbox::oxygen::nn<class std::shared_ptr<class osgeo::proj::cs::EllipsoidalCS>> __cdecl osgeo::proj::cs::EllipsoidalCS::createLatitudeLongitude(class osgeo::proj::common::UnitOfMeasure const &),method,osgeo::proj::cs,EllipsoidalCS,createLatitudeLongitude,class osgeo::proj::common::UnitOfMeasure const &,False,True,False,False,False,False,True
504,503,0x1F7,?createLatitudeLongitudeEllipsoidalHeight@EllipsoidalCS@cs@proj@osgeo@@SA?AV?$nn@V?$shared_ptr@VEllipsoidalCS@cs@proj@osgeo@@@std@@@oxygen@dropbox@@AEBVUnitOfMeasure@common@34@0@Z,"public: static class dropbox::oxygen::nn<class std::shared_ptr<class osgeo::proj::cs::EllipsoidalCS>> __cdecl osgeo::proj::cs::EllipsoidalCS::createLatitudeLongitudeEllipsoidalHeight(class osgeo::proj::common::UnitOfMeasure const &, class osgeo::proj::common::UnitOfMeasure const &)",method,osgeo::proj::cs,EllipsoidalCS,createLatitudeLongitudeEllipsoidalHeight,"class osgeo::proj::common::UnitOfMeasure const &, class osgeo::proj::common::UnitOfMeasure const &",False,True,False,False,False,False,True
505,504,0x1F8,?createLocalName@NameFactory@util@proj@osgeo@@SA?AV?$nn@V?$shared_ptr@VLocalName@util@proj@osgeo@@@std@@@oxygen@dropbox@@AEBV?$shared_ptr@VNameSpace@util@proj@osgeo@@@std@@AEBV?$basic_string@DU?$char_traits@D@std@@V?$allocator@D@2@@9@@Z,"public: static class dropbox::oxygen::nn<class std::shared_ptr<class osgeo::proj::util::LocalName>> __cdecl osgeo::proj::util::NameFactory::createLocalName(class std::shared_ptr<class osgeo::proj::util::NameSpace> const &, class std::basic_string<char, struct std::char_traits<char>, class std::allocator<char>> const &)",method,osgeo::proj::util,NameFactory,createLocalName,"class std::shared_ptr<class osgeo::proj::util::NameSpace> const &, class std::basic_string<char, struct std::char_traits<char>, class std::allocator<char>> const &",False,True,False,False,False,False,True
506,505,0x1F9,?createLongitudeLatitude@EllipsoidalCS@cs@proj@osgeo@@SA?AV?$nn@V?$shared_ptr@VEllipsoidalCS@cs@proj@osgeo@@@std@@@oxygen@dropbox@@AEBVUnitOfMeasure@common@34@@Z,public: static class dropbox::oxygen::nn<class std::shared_ptr<class osgeo::proj::cs::EllipsoidalCS>> __cdecl osgeo::proj::cs::EllipsoidalCS::createLongitudeLatitude(class osgeo::proj::common::UnitOfMeasure const &),method,osgeo::proj::cs,EllipsoidalCS,createLongitudeLatitude,class osgeo::proj::common::UnitOfMeasure const &,False,True,False,False,False,False,True
507,506,0x1FA,?createLongitudeLatitudeEllipsoidalHeight@EllipsoidalCS@cs@proj@osgeo@@SA?AV?$nn@V?$shared_ptr@VEllipsoidalCS@cs@proj@osgeo@@@std@@@oxygen@dropbox@@AEBVUnitOfMeasure@common@34@0@Z,"public: static class dropbox::oxygen::nn<class std::shared_ptr<class osgeo::proj::cs::EllipsoidalCS>> __cdecl osgeo::proj::cs::EllipsoidalCS::createLongitudeLatitudeEllipsoidalHeight(class osgeo::proj::common::UnitOfMeasure const &, class osgeo::proj::common::UnitOfMeasure const &)",method,osgeo::proj::cs,EllipsoidalCS,createLongitudeLatitudeEllipsoidalHeight,"class osgeo::proj::common::UnitOfMeasure const &, class osgeo::proj::common::UnitOfMeasure const &",False,True,False,False,False,False,True
508,507,0x1FB,?createLongitudeRotation@Transformation@operation@proj@osgeo@@SA?AV?$nn@V?$shared_ptr@VTransformation@operation@proj@osgeo@@@std@@@oxygen@dropbox@@AEBVPropertyMap@util@34@AEBV?$nn@V?$shared_ptr@VCRS@crs@proj@osgeo@@@std@@@67@1AEBVAngle@common@34@@Z,"public: static class dropbox::oxygen::nn<class std::shared_ptr<class osgeo::proj::operation::Transformation>> __cdecl osgeo::proj::operation::Transformation::createLongitudeRotation(class osgeo::proj::util::PropertyMap const &, class dropbox::oxygen::nn<class std::shared_ptr<class osgeo::proj::crs::CRS>> const &, class dropbox::oxygen::nn<class std::shared_ptr<class osgeo::proj::crs::CRS>> const &, class osgeo::proj::common::Angle const &)",method,osgeo::proj::operation,Transformation,createLongitudeRotation,"class osgeo::proj::util::PropertyMap const &, class dropbox::oxygen::nn<class std::shared_ptr<class osgeo::proj::crs::CRS>> const &, class dropbox::oxygen::nn<class std::shared_ptr<class osgeo::proj::crs::CRS>> const &, class osgeo::proj::common::Angle const &",False,True,False,False,False,False,True
509,508,0x1FC,?createMercatorVariantA@Conversion@operation@proj@osgeo@@SA?AV?$nn@V?$shared_ptr@VConversion@operation@proj@osgeo@@@std@@@oxygen@dropbox@@AEBVPropertyMap@util@34@AEBVAngle@common@34@1AEBVScale@common@34@AEBVLength@common@34@3@Z,"public: static class dropbox::oxygen::nn<class std::shared_ptr<class osgeo::proj::operation::Conversion>> __cdecl osgeo::proj::operation::Conversion::createMercatorVariantA(class osgeo::proj::util::PropertyMap const &, class osgeo::proj::common::Angle const &, class osgeo::proj::common::Angle const &, class osgeo::proj::common::Scale const &, class osgeo::proj::common::Length const &, class osgeo::proj::common::Length const &)",method,osgeo::proj::operation,Conversion,createMercatorVariantA,"class osgeo::proj::util::PropertyMap const &, class osgeo::proj::common::Angle const &, class osgeo::proj::common::Angle const &, class osgeo::proj::common::Scale const &, class osgeo::proj::common::Length const &, class osgeo::proj::common::Length const &",False,True,False,False,False,False,True
510,509,0x1FD,?createMercatorVariantB@Conversion@operation@proj@osgeo@@SA?AV?$nn@V?$shared_ptr@VConversion@operation@proj@osgeo@@@std@@@oxygen@dropbox@@AEBVPropertyMap@util@34@AEBVAngle@common@34@1AEBVLength@common@34@2@Z,"public: static class dropbox::oxygen::nn<class std::shared_ptr<class osgeo::proj::operation::Conversion>> __cdecl osgeo::proj::operation::Conversion::createMercatorVariantB(class osgeo::proj::util::PropertyMap const &, class osgeo::proj::common::Angle const &, class osgeo::proj::common::Angle const &, class osgeo::proj::common::Length const &, class osgeo::proj::common::Length const &)",method,osgeo::proj::operation,Conversion,createMercatorVariantB,"class osgeo::proj::util::PropertyMap const &, class osgeo::proj::common::Angle const &, class osgeo::proj::common::Angle const &, class osgeo::proj::common::Length const &, class osgeo::proj::common::Length const &",False,True,False,False,False,False,True
511,510,0x1FE,?createMillerCylindrical@Conversion@operation@proj@osgeo@@SA?AV?$nn@V?$shared_ptr@VConversion@operation@proj@osgeo@@@std@@@oxygen@dropbox@@AEBVPropertyMap@util@34@AEBVAngle@common@34@AEBVLength@common@34@2@Z,"public: static class dropbox::oxygen::nn<class std::shared_ptr<class osgeo::proj::operation::Conversion>> __cdecl osgeo::proj::operation::Conversion::createMillerCylindrical(class osgeo::proj::util::PropertyMap const &, class osgeo::proj::common::Angle const &, class osgeo::proj::common::Length const &, class osgeo::proj::common::Length const &)",method,osgeo::proj::operation,Conversion,createMillerCylindrical,"class osgeo::proj::util::PropertyMap const &, class osgeo::proj::common::Angle const &, class osgeo::proj::common::Length const &, class osgeo::proj::common::Length const &",False,True,False,False,False,False,True
512,511,0x1FF,?createMollweide@Conversion@operation@proj@osgeo@@SA?AV?$nn@V?$shared_ptr@VConversion@operation@proj@osgeo@@@std@@@oxygen@dropbox@@AEBVPropertyMap@util@34@AEBVAngle@common@34@AEBVLength@common@34@2@Z,"public: static class dropbox::oxygen::nn<class std::shared_ptr<class osgeo::proj::operation::Conversion>> __cdecl osgeo::proj::operation::Conversion::createMollweide(class osgeo::proj::util::PropertyMap const &, class osgeo::proj::common::Angle const &, class osgeo::proj::common::Length const &, class osgeo::proj::common::Length const &)",method,osgeo::proj::operation,Conversion,createMollweide,"class osgeo::proj::util::PropertyMap const &, class osgeo::proj::common::Angle const &, class osgeo::proj::common::Length const &, class osgeo::proj::common::Length const &",False,True,False,False,False,False,True
513,512,0x200,?createMolodensky@Transformation@operation@proj@osgeo@@SA?AV?$nn@V?$shared_ptr@VTransformation@operation@proj@osgeo@@@std@@@oxygen@dropbox@@AEBVPropertyMap@util@34@AEBV?$nn@V?$shared_ptr@VCRS@crs@proj@osgeo@@@std@@@67@1NNNNNAEBV?$vector@V?$nn@V?$shared_ptr@VPositionalAccuracy@metadata@proj@osgeo@@@std@@@oxygen@dropbox@@V?$allocator@V?$nn@V?$shared_ptr@VPositionalAccuracy@metadata@proj@osgeo@@@std@@@oxygen@dropbox@@@std@@@std@@@Z,"public: static class dropbox::oxygen::nn<class std::shared_ptr<class osgeo::proj::operation::Transformation>> __cdecl osgeo::proj::operation::Transformation::createMolodensky(class osgeo::proj::util::PropertyMap const &, class dropbox::oxygen::nn<class std::shared_ptr<class osgeo::proj::crs::CRS>> const &, class dropbox::oxygen::nn<class std::shared_ptr<class osgeo::proj::crs::CRS>> const &, double, double, double, double, double, class std::vector<class dropbox::oxygen::nn<class std::shared_ptr<class osgeo::proj::metadata::PositionalAccuracy>>, class std::allocator<class dropbox::oxygen::nn<class std::shared_ptr<class osgeo::proj::metadata::PositionalAccuracy>>>> const &)",method,osgeo::proj::operation,Transformation,createMolodensky,"class osgeo::proj::util::PropertyMap const &, class dropbox::oxygen::nn<class std::shared_ptr<class osgeo::proj::crs::CRS>> const &, class dropbox::oxygen::nn<class std::shared_ptr<class osgeo::proj::crs::CRS>> const &, double, double, double, double, double, class std::vector<class dropbox::oxygen::nn<class std::shared_ptr<class osgeo::proj::metadata::PositionalAccuracy>>, class std::allocator<class dropbox::oxygen::nn<class std::shared_ptr<class osgeo::proj::metadata::PositionalAccuracy>>>> const &",False,True,False,False,False,False,True
514,513,0x201,?createNTv2@Transformation@operation@proj@osgeo@@SA?AV?$nn@V?$shared_ptr@VTransformation@operation@proj@osgeo@@@std@@@oxygen@dropbox@@AEBVPropertyMap@util@34@AEBV?$nn@V?$shared_ptr@VCRS@crs@proj@osgeo@@@std@@@67@1AEBV?$basic_string@DU?$char_traits@D@std@@V?$allocator@D@2@@std@@AEBV?$vector@V?$nn@V?$shared_ptr@VPositionalAccuracy@metadata@proj@osgeo@@@std@@@oxygen@dropbox@@V?$allocator@V?$nn@V?$shared_ptr@VPositionalAccuracy@metadata@proj@osgeo@@@std@@@oxygen@dropbox@@@std@@@std@@@Z,"public: static class dropbox::oxygen::nn<class std::shared_ptr<class osgeo::proj::operation::Transformation>> __cdecl osgeo::proj::operation::Transformation::createNTv2(class osgeo::proj::util::PropertyMap const &, class dropbox::oxygen::nn<class std::shared_ptr<class osgeo::proj::crs::CRS>> const &, class dropbox::oxygen::nn<class std::shared_ptr<class osgeo::proj::crs::CRS>> const &, class std::basic_string<char, struct std::char_traits<char>, class std::allocator<char>> const &, class std::vector<class dropbox::oxygen::nn<class std::shared_ptr<class osgeo::proj::metadata::PositionalAccuracy>>, class std::allocator<class dropbox::oxygen::nn<class std::shared_ptr<class osgeo::proj::metadata::PositionalAccuracy>>>> const &)",method,osgeo::proj::operation,Transformation,createNTv2,"class osgeo::proj::util::PropertyMap const &, class dropbox::oxygen::nn<class std::shared_ptr<class osgeo::proj::crs::CRS>> const &, class dropbox::oxygen::nn<class std::shared_ptr<class osgeo::proj::crs::CRS>> const &, class std::basic_string<char, struct std::char_traits<char>, class std::allocator<char>> const &, class std::vector<class dropbox::oxygen::nn<class std::shared_ptr<class osgeo::proj::metadata::PositionalAccuracy>>, class std::allocator<class dropbox::oxygen::nn<class std::shared_ptr<class osgeo::proj::metadata::PositionalAccuracy>>>> const &",False,True,False,False,False,False,True
515,514,0x202,?createNameSpace@NameFactory@util@proj@osgeo@@SA?AV?$nn@V?$shared_ptr@VNameSpace@util@proj@osgeo@@@std@@@oxygen@dropbox@@AEBV?$nn@V?$shared_ptr@VGenericName@util@proj@osgeo@@@std@@@67@AEBVPropertyMap@234@@Z,"public: static class dropbox::oxygen::nn<class std::shared_ptr<class osgeo::proj::util::NameSpace>> __cdecl osgeo::proj::util::NameFactory::createNameSpace(class dropbox::oxygen::nn<class std::shared_ptr<class osgeo::proj::util::GenericName>> const &, class osgeo::proj::util::PropertyMap const &)",method,osgeo::proj::util,NameFactory,createNameSpace,"class dropbox::oxygen::nn<class std::shared_ptr<class osgeo::proj::util::GenericName>> const &, class osgeo::proj::util::PropertyMap const &",False,True,False,False,False,False,True
516,515,0x203,?createNewZealandMappingGrid@Conversion@operation@proj@osgeo@@SA?AV?$nn@V?$shared_ptr@VConversion@operation@proj@osgeo@@@std@@@oxygen@dropbox@@AEBVPropertyMap@util@34@AEBVAngle@common@34@1AEBVLength@common@34@2@Z,"public: static class dropbox::oxygen::nn<class std::shared_ptr<class osgeo::proj::operation::Conversion>> __cdecl osgeo::proj::operation::Conversion::createNewZealandMappingGrid(class osgeo::proj::util::PropertyMap const &, class osgeo::proj::common::Angle const &, class osgeo::proj::common::Angle const &, class osgeo::proj::common::Length const &, class osgeo::proj::common::Length const &)",method,osgeo::proj::operation,Conversion,createNewZealandMappingGrid,"class osgeo::proj::util::PropertyMap const &, class osgeo::proj::common::Angle const &, class osgeo::proj::common::Angle const &, class osgeo::proj::common::Length const &, class osgeo::proj::common::Length const &",False,True,False,False,False,False,True
517,516,0x204,?createNorthPoleEastingSouthNorthingSouth@CartesianCS@cs@proj@osgeo@@SA?AV?$nn@V?$shared_ptr@VCartesianCS@cs@proj@osgeo@@@std@@@oxygen@dropbox@@AEBVUnitOfMeasure@common@34@@Z,public: static class dropbox::oxygen::nn<class std::shared_ptr<class osgeo::proj::cs::CartesianCS>> __cdecl osgeo::proj::cs::CartesianCS::createNorthPoleEastingSouthNorthingSouth(class osgeo::proj::common::UnitOfMeasure const &),method,osgeo::proj::cs,CartesianCS,createNorthPoleEastingSouthNorthingSouth,class osgeo::proj::common::UnitOfMeasure const &,False,True,False,False,False,False,True
518,517,0x205,?createNorthingEasting@CartesianCS@cs@proj@osgeo@@SA?AV?$nn@V?$shared_ptr@VCartesianCS@cs@proj@osgeo@@@std@@@oxygen@dropbox@@AEBVUnitOfMeasure@common@34@@Z,public: static class dropbox::oxygen::nn<class std::shared_ptr<class osgeo::proj::cs::CartesianCS>> __cdecl osgeo::proj::cs::CartesianCS::createNorthingEasting(class osgeo::proj::common::UnitOfMeasure const &),method,osgeo::proj::cs,CartesianCS,createNorthingEasting,class osgeo::proj::common::UnitOfMeasure const &,False,True,False,False,False,False,True
519,518,0x206,?createObject@AuthorityFactory@io@proj@osgeo@@QEBA?AUBaseObjectNNPtr@util@34@AEBV?$basic_string@DU?$char_traits@D@std@@V?$allocator@D@2@@std@@@Z,"public: struct osgeo::proj::util::BaseObjectNNPtr __cdecl osgeo::proj::io::AuthorityFactory::createObject(class std::basic_string<char, struct std::char_traits<char>, class std::allocator<char>> const &) const",method,osgeo::proj::io,AuthorityFactory,createObject,"class std::basic_string<char, struct std::char_traits<char>, class std::allocator<char>> const &",True,False,False,False,False,False,True
520,519,0x207,?createObjectsFromName@AuthorityFactory@io@proj@osgeo@@QEBA?AV?$list@V?$nn@V?$shared_ptr@VIdentifiedObject@common@proj@osgeo@@@std@@@oxygen@dropbox@@V?$allocator@V?$nn@V?$shared_ptr@VIdentifiedObject@common@proj@osgeo@@@std@@@oxygen@dropbox@@@std@@@std@@AEBV?$basic_string@DU?$char_traits@D@std@@V?$allocator@D@2@@6@AEBV?$vector@W4ObjectType@AuthorityFactory@io@proj@osgeo@@V?$allocator@W4ObjectType@AuthorityFactory@io@proj@osgeo@@@std@@@6@_N_K@Z,"public: class std::list<class dropbox::oxygen::nn<class std::shared_ptr<class osgeo::proj::common::IdentifiedObject>>, class std::allocator<class dropbox::oxygen::nn<class std::shared_ptr<class osgeo::proj::common::IdentifiedObject>>>> __cdecl osgeo::proj::io::AuthorityFactory::createObjectsFromName(class std::basic_string<char, struct std::char_traits<char>, class std::allocator<char>> const &, class std::vector<enum osgeo::proj::io::AuthorityFactory::ObjectType, class std::allocator<enum osgeo::proj::io::AuthorityFactory::ObjectType>> const &, bool, unsigned __int64) const",method,osgeo::proj::io,AuthorityFactory,createObjectsFromName,"class std::basic_string<char, struct std::char_traits<char>, class std::allocator<char>> const &, class std::vector<enum osgeo::proj::io::AuthorityFactory::ObjectType, class std::allocator<enum osgeo::proj::io::AuthorityFactory::ObjectType>> const &, bool, unsigned __int64",True,False,False,False,False,False,True
521,520,0x208,?createObliqueStereographic@Conversion@operation@proj@osgeo@@SA?AV?$nn@V?$shared_ptr@VConversion@operation@proj@osgeo@@@std@@@oxygen@dropbox@@AEBVPropertyMap@util@34@AEBVAngle@common@34@1AEBVScale@common@34@AEBVLength@common@34@3@Z,"public: static class dropbox::oxygen::nn<class std::shared_ptr<class osgeo::proj::operation::Conversion>> __cdecl osgeo::proj::operation::Conversion::createObliqueStereographic(class osgeo::proj::util::PropertyMap const &, class osgeo::proj::common::Angle const &, class osgeo::proj::common::Angle const &, class osgeo::proj::common::Scale const &, class osgeo::proj::common::Length const &, class osgeo::proj::common::Length const &)",method,osgeo::proj::operation,Conversion,createObliqueStereographic,"class osgeo::proj::util::PropertyMap const &, class osgeo::proj::common::Angle const &, class osgeo::proj::common::Angle const &, class osgeo::proj::common::Scale const &, class osgeo::proj::common::Length const &, class osgeo::proj::common::Length const &",False,True,False,False,False,False,True
522,521,0x209,?createOperation@CoordinateOperationFactory@operation@proj@osgeo@@QEBA?AV?$shared_ptr@VCoordinateOperation@operation@proj@osgeo@@@std@@AEBV?$nn@V?$shared_ptr@VCRS@crs@proj@osgeo@@@std@@@oxygen@dropbox@@0@Z,"public: class std::shared_ptr<class osgeo::proj::operation::CoordinateOperation> __cdecl osgeo::proj::operation::CoordinateOperationFactory::createOperation(class dropbox::oxygen::nn<class std::shared_ptr<class osgeo::proj::crs::CRS>> const &, class dropbox::oxygen::nn<class std::shared_ptr<class osgeo::proj::crs::CRS>> const &) const",method,osgeo::proj::operation,CoordinateOperationFactory,createOperation,"class dropbox::oxygen::nn<class std::shared_ptr<class osgeo::proj::crs::CRS>> const &, class dropbox::oxygen::nn<class std::shared_ptr<class osgeo::proj::crs::CRS>> const &",True,False,False,False,False,False,True
523,522,0x20A,?createOperations@CoordinateOperationFactory@operation@proj@osgeo@@QEBA?AV?$vector@V?$nn@V?$shared_ptr@VCoordinateOperation@operation@proj@osgeo@@@std@@@oxygen@dropbox@@V?$allocator@V?$nn@V?$shared_ptr@VCoordinateOperation@operation@proj@osgeo@@@std@@@oxygen@dropbox@@@std@@@std@@AEBV?$nn@V?$shared_ptr@VCRS@crs@proj@osgeo@@@std@@@oxygen@dropbox@@0AEBV?$nn@V?$unique_ptr@VCoordinateOperationContext@operation@proj@osgeo@@U?$default_delete@VCoordinateOperationContext@operation@proj@osgeo@@@std@@@std@@@89@@Z,"public: class std::vector<class dropbox::oxygen::nn<class std::shared_ptr<class osgeo::proj::operation::CoordinateOperation>>, class std::allocator<class dropbox::oxygen::nn<class std::shared_ptr<class osgeo::proj::operation::CoordinateOperation>>>> __cdecl osgeo::proj::operation::CoordinateOperationFactory::createOperations(class dropbox::oxygen::nn<class std::shared_ptr<class osgeo::proj::crs::CRS>> const &, class dropbox::oxygen::nn<class std::shared_ptr<class osgeo::proj::crs::CRS>> const &, class dropbox::oxygen::nn<class std::unique_ptr<class osgeo::proj::operation::CoordinateOperationContext, struct std::default_delete<class osgeo::proj::operation::CoordinateOperationContext>>> const &) const",method,osgeo::proj::operation,CoordinateOperationFactory,createOperations,"class dropbox::oxygen::nn<class std::shared_ptr<class osgeo::proj::crs::CRS>> const &, class dropbox::oxygen::nn<class std::shared_ptr<class osgeo::proj::crs::CRS>> const &, class dropbox::oxygen::nn<class std::unique_ptr<class osgeo::proj::operation::CoordinateOperationContext, struct std::default_delete<class osgeo::proj::operation::CoordinateOperationContext>>> const &",True,False,False,False,False,False,True
524,523,0x20B,?createOrthographic@Conversion@operation@proj@osgeo@@SA?AV?$nn@V?$shared_ptr@VConversion@operation@proj@osgeo@@@std@@@oxygen@dropbox@@AEBVPropertyMap@util@34@AEBVAngle@common@34@1AEBVLength@common@34@2@Z,"public: static class dropbox::oxygen::nn<class std::shared_ptr<class osgeo::proj::operation::Conversion>> __cdecl osgeo::proj::operation::Conversion::createOrthographic(class osgeo::proj::util::PropertyMap const &, class osgeo::proj::common::Angle const &, class osgeo::proj::common::Angle const &, class osgeo::proj::common::Length const &, class osgeo::proj::common::Length const &)",method,osgeo::proj::operation,Conversion,createOrthographic,"class osgeo::proj::util::PropertyMap const &, class osgeo::proj::common::Angle const &, class osgeo::proj::common::Angle const &, class osgeo::proj::common::Length const &, class osgeo::proj::common::Length const &",False,True,False,False,False,False,True
525,524,0x20C,?createPROJBased@SingleOperation@operation@proj@osgeo@@SA?AV?$nn@V?$shared_ptr@VSingleOperation@operation@proj@osgeo@@@std@@@oxygen@dropbox@@AEBVPropertyMap@util@34@AEBV?$basic_string@DU?$char_traits@D@std@@V?$allocator@D@2@@std@@AEBV?$shared_ptr@VCRS@crs@proj@osgeo@@@std@@2AEBV?$vector@V?$nn@V?$shared_ptr@VPositionalAccuracy@metadata@proj@osgeo@@@std@@@oxygen@dropbox@@V?$allocator@V?$nn@V?$shared_ptr@VPositionalAccuracy@metadata@proj@osgeo@@@std@@@oxygen@dropbox@@@std@@@std@@@Z,"public: static class dropbox::oxygen::nn<class std::shared_ptr<class osgeo::proj::operation::SingleOperation>> __cdecl osgeo::proj::operation::SingleOperation::createPROJBased(class osgeo::proj::util::PropertyMap const &, class std::basic_string<char, struct std::char_traits<char>, class std::allocator<char>> const &, class std::shared_ptr<class osgeo::proj::crs::CRS> const &, class std::shared_ptr<class osgeo::proj::crs::CRS> const &, class std::vector<class dropbox::oxygen::nn<class std::shared_ptr<class osgeo::proj::metadata::PositionalAccuracy>>, class std::allocator<class dropbox::oxygen::nn<class std::shared_ptr<class osgeo::proj::metadata::PositionalAccuracy>>>> const &)",method,osgeo::proj::operation,SingleOperation,createPROJBased,"class osgeo::proj::util::PropertyMap const &, class std::basic_string<char, struct std::char_traits<char>, class std::allocator<char>> const &, class std::shared_ptr<class osgeo::proj::crs::CRS> const &, class std::shared_ptr<class osgeo::proj::crs::CRS> const &, class std::vector<class dropbox::oxygen::nn<class std::shared_ptr<class osgeo::proj::metadata::PositionalAccuracy>>, class std::allocator<class dropbox::oxygen::nn<class std::shared_ptr<class osgeo::proj::metadata::PositionalAccuracy>>>> const &",False,True,False,False,False,False,True
526,525,0x20D,?createPolarStereographicVariantA@Conversion@operation@proj@osgeo@@SA?AV?$nn@V?$shared_ptr@VConversion@operation@proj@osgeo@@@std@@@oxygen@dropbox@@AEBVPropertyMap@util@34@AEBVAngle@common@34@1AEBVScale@common@34@AEBVLength@common@34@3@Z,"public: static class dropbox::oxygen::nn<class std::shared_ptr<class osgeo::proj::operation::Conversion>> __cdecl osgeo::proj::operation::Conversion::createPolarStereographicVariantA(class osgeo::proj::util::PropertyMap const &, class osgeo::proj::common::Angle const &, class osgeo::proj::common::Angle const &, class osgeo::proj::common::Scale const &, class osgeo::proj::common::Length const &, class osgeo::proj::common::Length const &)",method,osgeo::proj::operation,Conversion,createPolarStereographicVariantA,"class osgeo::proj::util::PropertyMap const &, class osgeo::proj::common::Angle const &, class osgeo::proj::common::Angle const &, class osgeo::proj::common::Scale const &, class osgeo::proj::common::Length const &, class osgeo::proj::common::Length const &",False,True,False,False,False,False,True
527,526,0x20E,?createPolarStereographicVariantB@Conversion@operation@proj@osgeo@@SA?AV?$nn@V?$shared_ptr@VConversion@operation@proj@osgeo@@@std@@@oxygen@dropbox@@AEBVPropertyMap@util@34@AEBVAngle@common@34@1AEBVLength@common@34@2@Z,"public: static class dropbox::oxygen::nn<class std::shared_ptr<class osgeo::proj::operation::Conversion>> __cdecl osgeo::proj::operation::Conversion::createPolarStereographicVariantB(class osgeo::proj::util::PropertyMap const &, class osgeo::proj::common::Angle const &, class osgeo::proj::common::Angle const &, class osgeo::proj::common::Length const &, class osgeo::proj::common::Length const &)",method,osgeo::proj::operation,Conversion,createPolarStereographicVariantB,"class osgeo::proj::util::PropertyMap const &, class osgeo::proj::common::Angle const &, class osgeo::proj::common::Angle const &, class osgeo::proj::common::Length const &, class osgeo::proj::common::Length const &",False,True,False,False,False,False,True
528,527,0x20F,?createPoleRotationGRIBConvention@Conversion@operation@proj@osgeo@@SA?AV?$nn@V?$shared_ptr@VConversion@operation@proj@osgeo@@@std@@@oxygen@dropbox@@AEBVPropertyMap@util@34@AEBVAngle@common@34@11@Z,"public: static class dropbox::oxygen::nn<class std::shared_ptr<class osgeo::proj::operation::Conversion>> __cdecl osgeo::proj::operation::Conversion::createPoleRotationGRIBConvention(class osgeo::proj::util::PropertyMap const &, class osgeo::proj::common::Angle const &, class osgeo::proj::common::Angle const &, class osgeo::proj::common::Angle const &)",method,osgeo::proj::operation,Conversion,createPoleRotationGRIBConvention,"class osgeo::proj::util::PropertyMap const &, class osgeo::proj::common::Angle const &, class osgeo::proj::common::Angle const &, class osgeo::proj::common::Angle const &",False,True,False,False,False,False,True
529,528,0x210,?createPoleRotationNetCDFCFConvention@Conversion@operation@proj@osgeo@@SA?AV?$nn@V?$shared_ptr@VConversion@operation@proj@osgeo@@@std@@@oxygen@dropbox@@AEBVPropertyMap@util@34@AEBVAngle@common@34@11@Z,"public: static class dropbox::oxygen::nn<class std::shared_ptr<class osgeo::proj::operation::Conversion>> __cdecl osgeo::proj::operation::Conversion::createPoleRotationNetCDFCFConvention(class osgeo::proj::util::PropertyMap const &, class osgeo::proj::common::Angle const &, class osgeo::proj::common::Angle const &, class osgeo::proj::common::Angle const &)",method,osgeo::proj::operation,Conversion,createPoleRotationNetCDFCFConvention,"class osgeo::proj::util::PropertyMap const &, class osgeo::proj::common::Angle const &, class osgeo::proj::common::Angle const &, class osgeo::proj::common::Angle const &",False,True,False,False,False,False,True
530,529,0x211,?createPopularVisualisationPseudoMercator@Conversion@operation@proj@osgeo@@SA?AV?$nn@V?$shared_ptr@VConversion@operation@proj@osgeo@@@std@@@oxygen@dropbox@@AEBVPropertyMap@util@34@AEBVAngle@common@34@1AEBVLength@common@34@2@Z,"public: static class dropbox::oxygen::nn<class std::shared_ptr<class osgeo::proj::operation::Conversion>> __cdecl osgeo::proj::operation::Conversion::createPopularVisualisationPseudoMercator(class osgeo::proj::util::PropertyMap const &, class osgeo::proj::common::Angle const &, class osgeo::proj::common::Angle const &, class osgeo::proj::common::Length const &, class osgeo::proj::common::Length const &)",method,osgeo::proj::operation,Conversion,createPopularVisualisationPseudoMercator,"class osgeo::proj::util::PropertyMap const &, class osgeo::proj::common::Angle const &, class osgeo::proj::common::Angle const &, class osgeo::proj::common::Length const &, class osgeo::proj::common::Length const &",False,True,False,False,False,False,True
531,530,0x212,?createPositionVector@Transformation@operation@proj@osgeo@@SA?AV?$nn@V?$shared_ptr@VTransformation@operation@proj@osgeo@@@std@@@oxygen@dropbox@@AEBVPropertyMap@util@34@AEBV?$nn@V?$shared_ptr@VCRS@crs@proj@osgeo@@@std@@@67@1NNNNNNNAEBV?$vector@V?$nn@V?$shared_ptr@VPositionalAccuracy@metadata@proj@osgeo@@@std@@@oxygen@dropbox@@V?$allocator@V?$nn@V?$shared_ptr@VPositionalAccuracy@metadata@proj@osgeo@@@std@@@oxygen@dropbox@@@std@@@std@@@Z,"public: static class dropbox::oxygen::nn<class std::shared_ptr<class osgeo::proj::operation::Transformation>> __cdecl osgeo::proj::operation::Transformation::createPositionVector(class osgeo::proj::util::PropertyMap const &, class dropbox::oxygen::nn<class std::shared_ptr<class osgeo::proj::crs::CRS>> const &, class dropbox::oxygen::nn<class std::shared_ptr<class osgeo::proj::crs::CRS>> const &, double, double, double, double, double, double, double, class std::vector<class dropbox::oxygen::nn<class std::shared_ptr<class osgeo::proj::metadata::PositionalAccuracy>>, class std::allocator<class dropbox::oxygen::nn<class std::shared_ptr<class osgeo::proj::metadata::PositionalAccuracy>>>> const &)",method,osgeo::proj::operation,Transformation,createPositionVector,"class osgeo::proj::util::PropertyMap const &, class dropbox::oxygen::nn<class std::shared_ptr<class osgeo::proj::crs::CRS>> const &, class dropbox::oxygen::nn<class std::shared_ptr<class osgeo::proj::crs::CRS>> const &, double, double, double, double, double, double, double, class std::vector<class dropbox::oxygen::nn<class std::shared_ptr<class osgeo::proj::metadata::PositionalAccuracy>>, class std::allocator<class dropbox::oxygen::nn<class std::shared_ptr<class osgeo::proj::metadata::PositionalAccuracy>>>> const &",False,True,False,False,False,False,True
532,531,0x213,?createPrimeMeridian@AuthorityFactory@io@proj@osgeo@@QEBA?AV?$nn@V?$shared_ptr@VPrimeMeridian@datum@proj@osgeo@@@std@@@oxygen@dropbox@@AEBV?$basic_string@DU?$char_traits@D@std@@V?$allocator@D@2@@std@@@Z,"public: class dropbox::oxygen::nn<class std::shared_ptr<class osgeo::proj::datum::PrimeMeridian>> __cdecl osgeo::proj::io::AuthorityFactory::createPrimeMeridian(class std::basic_string<char, struct std::char_traits<char>, class std::allocator<char>> const &) const",method,osgeo::proj::io,AuthorityFactory,createPrimeMeridian,"class std::basic_string<char, struct std::char_traits<char>, class std::allocator<char>> const &",True,False,False,False,False,False,True
533,532,0x214,?createProjectedCRS@AuthorityFactory@io@proj@osgeo@@QEBA?AV?$nn@V?$shared_ptr@VProjectedCRS@crs@proj@osgeo@@@std@@@oxygen@dropbox@@AEBV?$basic_string@DU?$char_traits@D@std@@V?$allocator@D@2@@std@@@Z,"public: class dropbox::oxygen::nn<class std::shared_ptr<class osgeo::proj::crs::ProjectedCRS>> __cdecl osgeo::proj::io::AuthorityFactory::createProjectedCRS(class std::basic_string<char, struct std::char_traits<char>, class std::allocator<char>> const &) const",method,osgeo::proj::io,AuthorityFactory,createProjectedCRS,"class std::basic_string<char, struct std::char_traits<char>, class std::allocator<char>> const &",True,False,False,False,False,False,True
534,533,0x215,?createQuadrilateralizedSphericalCube@Conversion@operation@proj@osgeo@@SA?AV?$nn@V?$shared_ptr@VConversion@operation@proj@osgeo@@@std@@@oxygen@dropbox@@AEBVPropertyMap@util@34@AEBVAngle@common@34@1AEBVLength@common@34@2@Z,"public: static class dropbox::oxygen::nn<class std::shared_ptr<class osgeo::proj::operation::Conversion>> __cdecl osgeo::proj::operation::Conversion::createQuadrilateralizedSphericalCube(class osgeo::proj::util::PropertyMap const &, class osgeo::proj::common::Angle const &, class osgeo::proj::common::Angle const &, class osgeo::proj::common::Length const &, class osgeo::proj::common::Length const &)",method,osgeo::proj::operation,Conversion,createQuadrilateralizedSphericalCube,"class osgeo::proj::util::PropertyMap const &, class osgeo::proj::common::Angle const &, class osgeo::proj::common::Angle const &, class osgeo::proj::common::Length const &, class osgeo::proj::common::Length const &",False,True,False,False,False,False,True
535,534,0x216,?createRobinson@Conversion@operation@proj@osgeo@@SA?AV?$nn@V?$shared_ptr@VConversion@operation@proj@osgeo@@@std@@@oxygen@dropbox@@AEBVPropertyMap@util@34@AEBVAngle@common@34@AEBVLength@common@34@2@Z,"public: static class dropbox::oxygen::nn<class std::shared_ptr<class osgeo::proj::operation::Conversion>> __cdecl osgeo::proj::operation::Conversion::createRobinson(class osgeo::proj::util::PropertyMap const &, class osgeo::proj::common::Angle const &, class osgeo::proj::common::Length const &, class osgeo::proj::common::Length const &)",method,osgeo::proj::operation,Conversion,createRobinson,"class osgeo::proj::util::PropertyMap const &, class osgeo::proj::common::Angle const &, class osgeo::proj::common::Length const &, class osgeo::proj::common::Length const &",False,True,False,False,False,False,True
536,535,0x217,?createSinusoidal@Conversion@operation@proj@osgeo@@SA?AV?$nn@V?$shared_ptr@VConversion@operation@proj@osgeo@@@std@@@oxygen@dropbox@@AEBVPropertyMap@util@34@AEBVAngle@common@34@AEBVLength@common@34@2@Z,"public: static class dropbox::oxygen::nn<class std::shared_ptr<class osgeo::proj::operation::Conversion>> __cdecl osgeo::proj::operation::Conversion::createSinusoidal(class osgeo::proj::util::PropertyMap const &, class osgeo::proj::common::Angle const &, class osgeo::proj::common::Length const &, class osgeo::proj::common::Length const &)",method,osgeo::proj::operation,Conversion,createSinusoidal,"class osgeo::proj::util::PropertyMap const &, class osgeo::proj::common::Angle const &, class osgeo::proj::common::Length const &, class osgeo::proj::common::Length const &",False,True,False,False,False,False,True
537,536,0x218,?createSouthPoleEastingNorthNorthingNorth@CartesianCS@cs@proj@osgeo@@SA?AV?$nn@V?$shared_ptr@VCartesianCS@cs@proj@osgeo@@@std@@@oxygen@dropbox@@AEBVUnitOfMeasure@common@34@@Z,public: static class dropbox::oxygen::nn<class std::shared_ptr<class osgeo::proj::cs::CartesianCS>> __cdecl osgeo::proj::cs::CartesianCS::createSouthPoleEastingNorthNorthingNorth(class osgeo::proj::common::UnitOfMeasure const &),method,osgeo::proj::cs,CartesianCS,createSouthPoleEastingNorthNorthingNorth,class osgeo::proj::common::UnitOfMeasure const &,False,True,False,False,False,False,True
538,537,0x219,?createSphere@Ellipsoid@datum@proj@osgeo@@SA?AV?$nn@V?$shared_ptr@VEllipsoid@datum@proj@osgeo@@@std@@@oxygen@dropbox@@AEBVPropertyMap@util@34@AEBVLength@common@34@AEBV?$basic_string@DU?$char_traits@D@std@@V?$allocator@D@2@@std@@@Z,"public: static class dropbox::oxygen::nn<class std::shared_ptr<class osgeo::proj::datum::Ellipsoid>> __cdecl osgeo::proj::datum::Ellipsoid::createSphere(class osgeo::proj::util::PropertyMap const &, class osgeo::proj::common::Length const &, class std::basic_string<char, struct std::char_traits<char>, class std::allocator<char>> const &)",method,osgeo::proj::datum,Ellipsoid,createSphere,"class osgeo::proj::util::PropertyMap const &, class osgeo::proj::common::Length const &, class std::basic_string<char, struct std::char_traits<char>, class std::allocator<char>> const &",False,True,False,False,False,False,True
539,538,0x21A,?createSphericalCrossTrackHeight@Conversion@operation@proj@osgeo@@SA?AV?$nn@V?$shared_ptr@VConversion@operation@proj@osgeo@@@std@@@oxygen@dropbox@@AEBVPropertyMap@util@34@AEBVAngle@common@34@11AEBVLength@common@34@@Z,"public: static class dropbox::oxygen::nn<class std::shared_ptr<class osgeo::proj::operation::Conversion>> __cdecl osgeo::proj::operation::Conversion::createSphericalCrossTrackHeight(class osgeo::proj::util::PropertyMap const &, class osgeo::proj::common::Angle const &, class osgeo::proj::common::Angle const &, class osgeo::proj::common::Angle const &, class osgeo::proj::common::Length const &)",method,osgeo::proj::operation,Conversion,createSphericalCrossTrackHeight,"class osgeo::proj::util::PropertyMap const &, class osgeo::proj::common::Angle const &, class osgeo::proj::common::Angle const &, class osgeo::proj::common::Angle const &, class osgeo::proj::common::Length const &",False,True,False,False,False,False,True
540,539,0x21B,?createStereographic@Conversion@operation@proj@osgeo@@SA?AV?$nn@V?$shared_ptr@VConversion@operation@proj@osgeo@@@std@@@oxygen@dropbox@@AEBVPropertyMap@util@34@AEBVAngle@common@34@1AEBVScale@common@34@AEBVLength@common@34@3@Z,"public: static class dropbox::oxygen::nn<class std::shared_ptr<class osgeo::proj::operation::Conversion>> __cdecl osgeo::proj::operation::Conversion::createStereographic(class osgeo::proj::util::PropertyMap const &, class osgeo::proj::common::Angle const &, class osgeo::proj::common::Angle const &, class osgeo::proj::common::Scale const &, class osgeo::proj::common::Length const &, class osgeo::proj::common::Length const &)",method,osgeo::proj::operation,Conversion,createStereographic,"class osgeo::proj::util::PropertyMap const &, class osgeo::proj::common::Angle const &, class osgeo::proj::common::Angle const &, class osgeo::proj::common::Scale const &, class osgeo::proj::common::Length const &, class osgeo::proj::common::Length const &",False,True,False,False,False,False,True
541,540,0x21C,?createTOWGS84@Transformation@operation@proj@osgeo@@SA?AV?$nn@V?$shared_ptr@VTransformation@operation@proj@osgeo@@@std@@@oxygen@dropbox@@AEBV?$nn@V?$shared_ptr@VCRS@crs@proj@osgeo@@@std@@@67@AEBV?$vector@NV?$allocator@N@std@@@std@@@Z,"public: static class dropbox::oxygen::nn<class std::shared_ptr<class osgeo::proj::operation::Transformation>> __cdecl osgeo::proj::operation::Transformation::createTOWGS84(class dropbox::oxygen::nn<class std::shared_ptr<class osgeo::proj::crs::CRS>> const &, class std::vector<double, class std::allocator<double>> const &)",method,osgeo::proj::operation,Transformation,createTOWGS84,"class dropbox::oxygen::nn<class std::shared_ptr<class osgeo::proj::crs::CRS>> const &, class std::vector<double, class std::allocator<double>> const &",False,True,False,False,False,False,True
542,541,0x21D,?createTimeDependentCoordinateFrameRotation@Transformation@operation@proj@osgeo@@SA?AV?$nn@V?$shared_ptr@VTransformation@operation@proj@osgeo@@@std@@@oxygen@dropbox@@AEBVPropertyMap@util@34@AEBV?$nn@V?$shared_ptr@VCRS@crs@proj@osgeo@@@std@@@67@1NNNNNNNNNNNNNNNAEBV?$vector@V?$nn@V?$shared_ptr@VPositionalAccuracy@metadata@proj@osgeo@@@std@@@oxygen@dropbox@@V?$allocator@V?$nn@V?$shared_ptr@VPositionalAccuracy@metadata@proj@osgeo@@@std@@@oxygen@dropbox@@@std@@@std@@@Z,"public: static class dropbox::oxygen::nn<class std::shared_ptr<class osgeo::proj::operation::Transformation>> __cdecl osgeo::proj::operation::Transformation::createTimeDependentCoordinateFrameRotation(class osgeo::proj::util::PropertyMap const &, class dropbox::oxygen::nn<class std::shared_ptr<class osgeo::proj::crs::CRS>> const &, class dropbox::oxygen::nn<class std::shared_ptr<class osgeo::proj::crs::CRS>> const &, double, double, double, double, double, double, double, double, double, double, double, double, double, double, double, class std::vector<class dropbox::oxygen::nn<class std::shared_ptr<class osgeo::proj::metadata::PositionalAccuracy>>, class std::allocator<class dropbox::oxygen::nn<class std::shared_ptr<class osgeo::proj::metadata::PositionalAccuracy>>>> const &)",method,osgeo::proj::operation,Transformation,createTimeDependentCoordinateFrameRotation,"class osgeo::proj::util::PropertyMap const &, class dropbox::oxygen::nn<class std::shared_ptr<class osgeo::proj::crs::CRS>> const &, class dropbox::oxygen::nn<class std::shared_ptr<class osgeo::proj::crs::CRS>> const &, double, double, double, double, double, double, double, double, double, double, double, double, double, double, double, class std::vector<class dropbox::oxygen::nn<class std::shared_ptr<class osgeo::proj::metadata::PositionalAccuracy>>, class std::allocator<class dropbox::oxygen::nn<class std::shared_ptr<class osgeo::proj::metadata::PositionalAccuracy>>>> const &",False,True,False,False,False,False,True
543,542,0x21E,?createTimeDependentPositionVector@Transformation@operation@proj@osgeo@@SA?AV?$nn@V?$shared_ptr@VTransformation@operation@proj@osgeo@@@std@@@oxygen@dropbox@@AEBVPropertyMap@util@34@AEBV?$nn@V?$shared_ptr@VCRS@crs@proj@osgeo@@@std@@@67@1NNNNNNNNNNNNNNNAEBV?$vector@V?$nn@V?$shared_ptr@VPositionalAccuracy@metadata@proj@osgeo@@@std@@@oxygen@dropbox@@V?$allocator@V?$nn@V?$shared_ptr@VPositionalAccuracy@metadata@proj@osgeo@@@std@@@oxygen@dropbox@@@std@@@std@@@Z,"public: static class dropbox::oxygen::nn<class std::shared_ptr<class osgeo::proj::operation::Transformation>> __cdecl osgeo::proj::operation::Transformation::createTimeDependentPositionVector(class osgeo::proj::util::PropertyMap const &, class dropbox::oxygen::nn<class std::shared_ptr<class osgeo::proj::crs::CRS>> const &, class dropbox::oxygen::nn<class std::shared_ptr<class osgeo::proj::crs::CRS>> const &, double, double, double, double, double, double, double, double, double, double, double, double, double, double, double, class std::vector<class dropbox::oxygen::nn<class std::shared_ptr<class osgeo::proj::metadata::PositionalAccuracy>>, class std::allocator<class dropbox::oxygen::nn<class std::shared_ptr<class osgeo::proj::metadata::PositionalAccuracy>>>> const &)",method,osgeo::proj::operation,Transformation,createTimeDependentPositionVector,"class osgeo::proj::util::PropertyMap const &, class dropbox::oxygen::nn<class std::shared_ptr<class osgeo::proj::crs::CRS>> const &, class dropbox::oxygen::nn<class std::shared_ptr<class osgeo::proj::crs::CRS>> const &, double, double, double, double, double, double, double, double, double, double, double, double, double, double, double, class std::vector<class dropbox::oxygen::nn<class std::shared_ptr<class osgeo::proj::metadata::PositionalAccuracy>>, class std::allocator<class dropbox::oxygen::nn<class std::shared_ptr<class osgeo::proj::metadata::PositionalAccuracy>>>> const &",False,True,False,False,False,False,True
544,543,0x21F,?createTransverseMercator@Conversion@operation@proj@osgeo@@SA?AV?$nn@V?$shared_ptr@VConversion@operation@proj@osgeo@@@std@@@oxygen@dropbox@@AEBVPropertyMap@util@34@AEBVAngle@common@34@1AEBVScale@common@34@AEBVLength@common@34@3@Z,"public: static class dropbox::oxygen::nn<class std::shared_ptr<class osgeo::proj::operation::Conversion>> __cdecl osgeo::proj::operation::Conversion::createTransverseMercator(class osgeo::proj::util::PropertyMap const &, class osgeo::proj::common::Angle const &, class osgeo::proj::common::Angle const &, class osgeo::proj::common::Scale const &, class osgeo::proj::common::Length const &, class osgeo::proj::common::Length const &)",method,osgeo::proj::operation,Conversion,createTransverseMercator,"class osgeo::proj::util::PropertyMap const &, class osgeo::proj::common::Angle const &, class osgeo::proj::common::Angle const &, class osgeo::proj::common::Scale const &, class osgeo::proj::common::Length const &, class osgeo::proj::common::Length const &",False,True,False,False,False,False,True
545,544,0x220,?createTransverseMercatorSouthOriented@Conversion@operation@proj@osgeo@@SA?AV?$nn@V?$shared_ptr@VConversion@operation@proj@osgeo@@@std@@@oxygen@dropbox@@AEBVPropertyMap@util@34@AEBVAngle@common@34@1AEBVScale@common@34@AEBVLength@common@34@3@Z,"public: static class dropbox::oxygen::nn<class std::shared_ptr<class osgeo::proj::operation::Conversion>> __cdecl osgeo::proj::operation::Conversion::createTransverseMercatorSouthOriented(class osgeo::proj::util::PropertyMap const &, class osgeo::proj::common::Angle const &, class osgeo::proj::common::Angle const &, class osgeo::proj::common::Scale const &, class osgeo::proj::common::Length const &, class osgeo::proj::common::Length const &)",method,osgeo::proj::operation,Conversion,createTransverseMercatorSouthOriented,"class osgeo::proj::util::PropertyMap const &, class osgeo::proj::common::Angle const &, class osgeo::proj::common::Angle const &, class osgeo::proj::common::Scale const &, class osgeo::proj::common::Length const &, class osgeo::proj::common::Length const &",False,True,False,False,False,False,True
546,545,0x221,?createTunisiaMappingGrid@Conversion@operation@proj@osgeo@@SA?AV?$nn@V?$shared_ptr@VConversion@operation@proj@osgeo@@@std@@@oxygen@dropbox@@AEBVPropertyMap@util@34@AEBVAngle@common@34@1AEBVLength@common@34@2@Z,"public: static class dropbox::oxygen::nn<class std::shared_ptr<class osgeo::proj::operation::Conversion>> __cdecl osgeo::proj::operation::Conversion::createTunisiaMappingGrid(class osgeo::proj::util::PropertyMap const &, class osgeo::proj::common::Angle const &, class osgeo::proj::common::Angle const &, class osgeo::proj::common::Length const &, class osgeo::proj::common::Length const &)",method,osgeo::proj::operation,Conversion,createTunisiaMappingGrid,"class osgeo::proj::util::PropertyMap const &, class osgeo::proj::common::Angle const &, class osgeo::proj::common::Angle const &, class osgeo::proj::common::Length const &, class osgeo::proj::common::Length const &",False,True,False,False,False,False,True
547,546,0x222,?createTwoAxis@Ellipsoid@datum@proj@osgeo@@SA?AV?$nn@V?$shared_ptr@VEllipsoid@datum@proj@osgeo@@@std@@@oxygen@dropbox@@AEBVPropertyMap@util@34@AEBVLength@common@34@1AEBV?$basic_string@DU?$char_traits@D@std@@V?$allocator@D@2@@std@@@Z,"public: static class dropbox::oxygen::nn<class std::shared_ptr<class osgeo::proj::datum::Ellipsoid>> __cdecl osgeo::proj::datum::Ellipsoid::createTwoAxis(class osgeo::proj::util::PropertyMap const &, class osgeo::proj::common::Length const &, class osgeo::proj::common::Length const &, class std::basic_string<char, struct std::char_traits<char>, class std::allocator<char>> const &)",method,osgeo::proj::datum,Ellipsoid,createTwoAxis,"class osgeo::proj::util::PropertyMap const &, class osgeo::proj::common::Length const &, class osgeo::proj::common::Length const &, class std::basic_string<char, struct std::char_traits<char>, class std::allocator<char>> const &",False,True,False,False,False,False,True
548,547,0x223,?createTwoPointEquidistant@Conversion@operation@proj@osgeo@@SA?AV?$nn@V?$shared_ptr@VConversion@operation@proj@osgeo@@@std@@@oxygen@dropbox@@AEBVPropertyMap@util@34@AEBVAngle@common@34@111AEBVLength@common@34@2@Z,"public: static class dropbox::oxygen::nn<class std::shared_ptr<class osgeo::proj::operation::Conversion>> __cdecl osgeo::proj::operation::Conversion::createTwoPointEquidistant(class osgeo::proj::util::PropertyMap const &, class osgeo::proj::common::Angle const &, class osgeo::proj::common::Angle const &, class osgeo::proj::common::Angle const &, class osgeo::proj::common::Angle const &, class osgeo::proj::common::Length const &, class osgeo::proj::common::Length const &)",method,osgeo::proj::operation,Conversion,createTwoPointEquidistant,"class osgeo::proj::util::PropertyMap const &, class osgeo::proj::common::Angle const &, class osgeo::proj::common::Angle const &, class osgeo::proj::common::Angle const &, class osgeo::proj::common::Angle const &, class osgeo::proj::common::Length const &, class osgeo::proj::common::Length const &",False,True,False,False,False,False,True
549,548,0x224,?createUTM@Conversion@operation@proj@osgeo@@SA?AV?$nn@V?$shared_ptr@VConversion@operation@proj@osgeo@@@std@@@oxygen@dropbox@@AEBVPropertyMap@util@34@H_N@Z,"public: static class dropbox::oxygen::nn<class std::shared_ptr<class osgeo::proj::operation::Conversion>> __cdecl osgeo::proj::operation::Conversion::createUTM(class osgeo::proj::util::PropertyMap const &, int, bool)",method,osgeo::proj::operation,Conversion,createUTM,"class osgeo::proj::util::PropertyMap const &, int, bool",False,True,False,False,False,False,True
550,549,0x225,?createUnitOfMeasure@AuthorityFactory@io@proj@osgeo@@QEBA?AV?$nn@V?$shared_ptr@VUnitOfMeasure@common@proj@osgeo@@@std@@@oxygen@dropbox@@AEBV?$basic_string@DU?$char_traits@D@std@@V?$allocator@D@2@@std@@@Z,"public: class dropbox::oxygen::nn<class std::shared_ptr<class osgeo::proj::common::UnitOfMeasure>> __cdecl osgeo::proj::io::AuthorityFactory::createUnitOfMeasure(class std::basic_string<char, struct std::char_traits<char>, class std::allocator<char>> const &) const",method,osgeo::proj::io,AuthorityFactory,createUnitOfMeasure,"class std::basic_string<char, struct std::char_traits<char>, class std::allocator<char>> const &",True,False,False,False,False,False,True
551,550,0x226,?createVERTCON@Transformation@operation@proj@osgeo@@SA?AV?$nn@V?$shared_ptr@VTransformation@operation@proj@osgeo@@@std@@@oxygen@dropbox@@AEBVPropertyMap@util@34@AEBV?$nn@V?$shared_ptr@VCRS@crs@proj@osgeo@@@std@@@67@1AEBV?$basic_string@DU?$char_traits@D@std@@V?$allocator@D@2@@std@@AEBV?$vector@V?$nn@V?$shared_ptr@VPositionalAccuracy@metadata@proj@osgeo@@@std@@@oxygen@dropbox@@V?$allocator@V?$nn@V?$shared_ptr@VPositionalAccuracy@metadata@proj@osgeo@@@std@@@oxygen@dropbox@@@std@@@std@@@Z,"public: static class dropbox::oxygen::nn<class std::shared_ptr<class osgeo::proj::operation::Transformation>> __cdecl osgeo::proj::operation::Transformation::createVERTCON(class osgeo::proj::util::PropertyMap const &, class dropbox::oxygen::nn<class std::shared_ptr<class osgeo::proj::crs::CRS>> const &, class dropbox::oxygen::nn<class std::shared_ptr<class osgeo::proj::crs::CRS>> const &, class std::basic_string<char, struct std::char_traits<char>, class std::allocator<char>> const &, class std::vector<class dropbox::oxygen::nn<class std::shared_ptr<class osgeo::proj::metadata::PositionalAccuracy>>, class std::allocator<class dropbox::oxygen::nn<class std::shared_ptr<class osgeo::proj::metadata::PositionalAccuracy>>>> const &)",method,osgeo::proj::operation,Transformation,createVERTCON,"class osgeo::proj::util::PropertyMap const &, class dropbox::oxygen::nn<class std::shared_ptr<class osgeo::proj::crs::CRS>> const &, class dropbox::oxygen::nn<class std::shared_ptr<class osgeo::proj::crs::CRS>> const &, class std::basic_string<char, struct std::char_traits<char>, class std::allocator<char>> const &, class std::vector<class dropbox::oxygen::nn<class std::shared_ptr<class osgeo::proj::metadata::PositionalAccuracy>>, class std::allocator<class dropbox::oxygen::nn<class std::shared_ptr<class osgeo::proj::metadata::PositionalAccuracy>>>> const &",False,True,False,False,False,False,True
552,551,0x227,?createVanDerGrinten@Conversion@operation@proj@osgeo@@SA?AV?$nn@V?$shared_ptr@VConversion@operation@proj@osgeo@@@std@@@oxygen@dropbox@@AEBVPropertyMap@util@34@AEBVAngle@common@34@AEBVLength@common@34@2@Z,"public: static class dropbox::oxygen::nn<class std::shared_ptr<class osgeo::proj::operation::Conversion>> __cdecl osgeo::proj::operation::Conversion::createVanDerGrinten(class osgeo::proj::util::PropertyMap const &, class osgeo::proj::common::Angle const &, class osgeo::proj::common::Length const &, class osgeo::proj::common::Length const &)",method,osgeo::proj::operation,Conversion,createVanDerGrinten,"class osgeo::proj::util::PropertyMap const &, class osgeo::proj::common::Angle const &, class osgeo::proj::common::Length const &, class osgeo::proj::common::Length const &",False,True,False,False,False,False,True
553,552,0x228,?createVerticalCRS@AuthorityFactory@io@proj@osgeo@@QEBA?AV?$nn@V?$shared_ptr@VVerticalCRS@crs@proj@osgeo@@@std@@@oxygen@dropbox@@AEBV?$basic_string@DU?$char_traits@D@std@@V?$allocator@D@2@@std@@@Z,"public: class dropbox::oxygen::nn<class std::shared_ptr<class osgeo::proj::crs::VerticalCRS>> __cdecl osgeo::proj::io::AuthorityFactory::createVerticalCRS(class std::basic_string<char, struct std::char_traits<char>, class std::allocator<char>> const &) const",method,osgeo::proj::io,AuthorityFactory,createVerticalCRS,"class std::basic_string<char, struct std::char_traits<char>, class std::allocator<char>> const &",True,False,False,False,False,False,True
554,553,0x229,?createVerticalDatum@AuthorityFactory@io@proj@osgeo@@QEBA?AV?$nn@V?$shared_ptr@VVerticalReferenceFrame@datum@proj@osgeo@@@std@@@oxygen@dropbox@@AEBV?$basic_string@DU?$char_traits@D@std@@V?$allocator@D@2@@std@@@Z,"public: class dropbox::oxygen::nn<class std::shared_ptr<class osgeo::proj::datum::VerticalReferenceFrame>> __cdecl osgeo::proj::io::AuthorityFactory::createVerticalDatum(class std::basic_string<char, struct std::char_traits<char>, class std::allocator<char>> const &) const",method,osgeo::proj::io,AuthorityFactory,createVerticalDatum,"class std::basic_string<char, struct std::char_traits<char>, class std::allocator<char>> const &",True,False,False,False,False,False,True
555,554,0x22A,?createVerticalOffset@Transformation@operation@proj@osgeo@@SA?AV?$nn@V?$shared_ptr@VTransformation@operation@proj@osgeo@@@std@@@oxygen@dropbox@@AEBVPropertyMap@util@34@AEBV?$nn@V?$shared_ptr@VCRS@crs@proj@osgeo@@@std@@@67@1AEBVLength@common@34@AEBV?$vector@V?$nn@V?$shared_ptr@VPositionalAccuracy@metadata@proj@osgeo@@@std@@@oxygen@dropbox@@V?$allocator@V?$nn@V?$shared_ptr@VPositionalAccuracy@metadata@proj@osgeo@@@std@@@oxygen@dropbox@@@std@@@std@@@Z,"public: static class dropbox::oxygen::nn<class std::shared_ptr<class osgeo::proj::operation::Transformation>> __cdecl osgeo::proj::operation::Transformation::createVerticalOffset(class osgeo::proj::util::PropertyMap const &, class dropbox::oxygen::nn<class std::shared_ptr<class osgeo::proj::crs::CRS>> const &, class dropbox::oxygen::nn<class std::shared_ptr<class osgeo::proj::crs::CRS>> const &, class osgeo::proj::common::Length const &, class std::vector<class dropbox::oxygen::nn<class std::shared_ptr<class osgeo::proj::metadata::PositionalAccuracy>>, class std::allocator<class dropbox::oxygen::nn<class std::shared_ptr<class osgeo::proj::metadata::PositionalAccuracy>>>> const &)",method,osgeo::proj::operation,Transformation,createVerticalOffset,"class osgeo::proj::util::PropertyMap const &, class dropbox::oxygen::nn<class std::shared_ptr<class osgeo::proj::crs::CRS>> const &, class dropbox::oxygen::nn<class std::shared_ptr<class osgeo::proj::crs::CRS>> const &, class osgeo::proj::common::Length const &, class std::vector<class dropbox::oxygen::nn<class std::shared_ptr<class osgeo::proj::metadata::PositionalAccuracy>>, class std::allocator<class dropbox::oxygen::nn<class std::shared_ptr<class osgeo::proj::metadata::PositionalAccuracy>>>> const &",False,True,False,False,False,False,True
556,555,0x22B,?createVerticalPerspective@Conversion@operation@proj@osgeo@@SA?AV?$nn@V?$shared_ptr@VConversion@operation@proj@osgeo@@@std@@@oxygen@dropbox@@AEBVPropertyMap@util@34@AEBVAngle@common@34@1AEBVLength@common@34@222@Z,"public: static class dropbox::oxygen::nn<class std::shared_ptr<class osgeo::proj::operation::Conversion>> __cdecl osgeo::proj::operation::Conversion::createVerticalPerspective(class osgeo::proj::util::PropertyMap const &, class osgeo::proj::common::Angle const &, class osgeo::proj::common::Angle const &, class osgeo::proj::common::Length const &, class osgeo::proj::common::Length const &, class osgeo::proj::common::Length const &, class osgeo::proj::common::Length const &)",method,osgeo::proj::operation,Conversion,createVerticalPerspective,"class osgeo::proj::util::PropertyMap const &, class osgeo::proj::common::Angle const &, class osgeo::proj::common::Angle const &, class osgeo::proj::common::Length const &, class osgeo::proj::common::Length const &, class osgeo::proj::common::Length const &, class osgeo::proj::common::Length const &",False,True,False,False,False,False,True
557,556,0x22C,?createWagnerI@Conversion@operation@proj@osgeo@@SA?AV?$nn@V?$shared_ptr@VConversion@operation@proj@osgeo@@@std@@@oxygen@dropbox@@AEBVPropertyMap@util@34@AEBVAngle@common@34@AEBVLength@common@34@2@Z,"public: static class dropbox::oxygen::nn<class std::shared_ptr<class osgeo::proj::operation::Conversion>> __cdecl osgeo::proj::operation::Conversion::createWagnerI(class osgeo::proj::util::PropertyMap const &, class osgeo::proj::common::Angle const &, class osgeo::proj::common::Length const &, class osgeo::proj::common::Length const &)",method,osgeo::proj::operation,Conversion,createWagnerI,"class osgeo::proj::util::PropertyMap const &, class osgeo::proj::common::Angle const &, class osgeo::proj::common::Length const &, class osgeo::proj::common::Length const &",False,True,False,False,False,False,True
558,557,0x22D,?createWagnerII@Conversion@operation@proj@osgeo@@SA?AV?$nn@V?$shared_ptr@VConversion@operation@proj@osgeo@@@std@@@oxygen@dropbox@@AEBVPropertyMap@util@34@AEBVAngle@common@34@AEBVLength@common@34@2@Z,"public: static class dropbox::oxygen::nn<class std::shared_ptr<class osgeo::proj::operation::Conversion>> __cdecl osgeo::proj::operation::Conversion::createWagnerII(class osgeo::proj::util::PropertyMap const &, class osgeo::proj::common::Angle const &, class osgeo::proj::common::Length const &, class osgeo::proj::common::Length const &)",method,osgeo::proj::operation,Conversion,createWagnerII,"class osgeo::proj::util::PropertyMap const &, class osgeo::proj::common::Angle const &, class osgeo::proj::common::Length const &, class osgeo::proj::common::Length const &",False,True,False,False,False,False,True
559,558,0x22E,?createWagnerIII@Conversion@operation@proj@osgeo@@SA?AV?$nn@V?$shared_ptr@VConversion@operation@proj@osgeo@@@std@@@oxygen@dropbox@@AEBVPropertyMap@util@34@AEBVAngle@common@34@1AEBVLength@common@34@2@Z,"public: static class dropbox::oxygen::nn<class std::shared_ptr<class osgeo::proj::operation::Conversion>> __cdecl osgeo::proj::operation::Conversion::createWagnerIII(class osgeo::proj::util::PropertyMap const &, class osgeo::proj::common::Angle const &, class osgeo::proj::common::Angle const &, class osgeo::proj::common::Length const &, class osgeo::proj::common::Length const &)",method,osgeo::proj::operation,Conversion,createWagnerIII,"class osgeo::proj::util::PropertyMap const &, class osgeo::proj::common::Angle const &, class osgeo::proj::common::Angle const &, class osgeo::proj::common::Length const &, class osgeo::proj::common::Length const &",False,True,False,False,False,False,True
560,559,0x22F,?createWagnerIV@Conversion@operation@proj@osgeo@@SA?AV?$nn@V?$shared_ptr@VConversion@operation@proj@osgeo@@@std@@@oxygen@dropbox@@AEBVPropertyMap@util@34@AEBVAngle@common@34@AEBVLength@common@34@2@Z,"public: static class dropbox::oxygen::nn<class std::shared_ptr<class osgeo::proj::operation::Conversion>> __cdecl osgeo::proj::operation::Conversion::createWagnerIV(class osgeo::proj::util::PropertyMap const &, class osgeo::proj::common::Angle const &, class osgeo::proj::common::Length const &, class osgeo::proj::common::Length const &)",method,osgeo::proj::operation,Conversion,createWagnerIV,"class osgeo::proj::util::PropertyMap const &, class osgeo::proj::common::Angle const &, class osgeo::proj::common::Length const &, class osgeo::proj::common::Length const &",False,True,False,False,False,False,True
561,560,0x230,?createWagnerV@Conversion@operation@proj@osgeo@@SA?AV?$nn@V?$shared_ptr@VConversion@operation@proj@osgeo@@@std@@@oxygen@dropbox@@AEBVPropertyMap@util@34@AEBVAngle@common@34@AEBVLength@common@34@2@Z,"public: static class dropbox::oxygen::nn<class std::shared_ptr<class osgeo::proj::operation::Conversion>> __cdecl osgeo::proj::operation::Conversion::createWagnerV(class osgeo::proj::util::PropertyMap const &, class osgeo::proj::common::Angle const &, class osgeo::proj::common::Length const &, class osgeo::proj::common::Length const &)",method,osgeo::proj::operation,Conversion,createWagnerV,"class osgeo::proj::util::PropertyMap const &, class osgeo::proj::common::Angle const &, class osgeo::proj::common::Length const &, class osgeo::proj::common::Length const &",False,True,False,False,False,False,True
562,561,0x231,?createWagnerVI@Conversion@operation@proj@osgeo@@SA?AV?$nn@V?$shared_ptr@VConversion@operation@proj@osgeo@@@std@@@oxygen@dropbox@@AEBVPropertyMap@util@34@AEBVAngle@common@34@AEBVLength@common@34@2@Z,"public: static class dropbox::oxygen::nn<class std::shared_ptr<class osgeo::proj::operation::Conversion>> __cdecl osgeo::proj::operation::Conversion::createWagnerVI(class osgeo::proj::util::PropertyMap const &, class osgeo::proj::common::Angle const &, class osgeo::proj::common::Length const &, class osgeo::proj::common::Length const &)",method,osgeo::proj::operation,Conversion,createWagnerVI,"class osgeo::proj::util::PropertyMap const &, class osgeo::proj::common::Angle const &, class osgeo::proj::common::Length const &, class osgeo::proj::common::Length const &",False,True,False,False,False,False,True
563,562,0x232,?createWagnerVII@Conversion@operation@proj@osgeo@@SA?AV?$nn@V?$shared_ptr@VConversion@operation@proj@osgeo@@@std@@@oxygen@dropbox@@AEBVPropertyMap@util@34@AEBVAngle@common@34@AEBVLength@common@34@2@Z,"public: static class dropbox::oxygen::nn<class std::shared_ptr<class osgeo::proj::operation::Conversion>> __cdecl osgeo::proj::operation::Conversion::createWagnerVII(class osgeo::proj::util::PropertyMap const &, class osgeo::proj::common::Angle const &, class osgeo::proj::common::Length const &, class osgeo::proj::common::Length const &)",method,osgeo::proj::operation,Conversion,createWagnerVII,"class osgeo::proj::util::PropertyMap const &, class osgeo::proj::common::Angle const &, class osgeo::proj::common::Length const &, class osgeo::proj::common::Length const &",False,True,False,False,False,False,True
564,563,0x233,?createWestingSouthing@CartesianCS@cs@proj@osgeo@@SA?AV?$nn@V?$shared_ptr@VCartesianCS@cs@proj@osgeo@@@std@@@oxygen@dropbox@@AEBVUnitOfMeasure@common@34@@Z,public: static class dropbox::oxygen::nn<class std::shared_ptr<class osgeo::proj::cs::CartesianCS>> __cdecl osgeo::proj::cs::CartesianCS::createWestingSouthing(class osgeo::proj::common::UnitOfMeasure const &),method,osgeo::proj::cs,CartesianCS,createWestingSouthing,class osgeo::proj::common::UnitOfMeasure const &,False,True,False,False,False,False,True
565,564,0x234,?databaseContext@AuthorityFactory@io@proj@osgeo@@QEBAAEBV?$nn@V?$shared_ptr@VDatabaseContext@io@proj@osgeo@@@std@@@oxygen@dropbox@@XZ,public: class dropbox::oxygen::nn<class std::shared_ptr<class osgeo::proj::io::DatabaseContext>> const & __cdecl osgeo::proj::io::AuthorityFactory::databaseContext(void) const,method,osgeo::proj::io,AuthorityFactory,databaseContext,void,True,False,False,False,False,False,True
566,565,0x235,?datum@EngineeringCRS@crs@proj@osgeo@@QEBA?BV?$nn@V?$shared_ptr@VEngineeringDatum@datum@proj@osgeo@@@std@@@oxygen@dropbox@@XZ,public: class dropbox::oxygen::nn<class std::shared_ptr<class osgeo::proj::datum::EngineeringDatum>> const __cdecl osgeo::proj::crs::EngineeringCRS::datum(void) const,method,osgeo::proj::crs,EngineeringCRS,datum,void,True,False,False,False,False,False,True
567,566,0x236,?datum@GeodeticCRS@crs@proj@osgeo@@QEBAAEBV?$shared_ptr@VGeodeticReferenceFrame@datum@proj@osgeo@@@std@@XZ,public: class std::shared_ptr<class osgeo::proj::datum::GeodeticReferenceFrame> const & __cdecl osgeo::proj::crs::GeodeticCRS::datum(void) const,method,osgeo::proj::crs,GeodeticCRS,datum,void,True,False,False,False,False,False,True
568,567,0x237,?datum@ParametricCRS@crs@proj@osgeo@@QEBA?BV?$nn@V?$shared_ptr@VParametricDatum@datum@proj@osgeo@@@std@@@oxygen@dropbox@@XZ,public: class dropbox::oxygen::nn<class std::shared_ptr<class osgeo::proj::datum::ParametricDatum>> const __cdecl osgeo::proj::crs::ParametricCRS::datum(void) const,method,osgeo::proj::crs,ParametricCRS,datum,void,True,False,False,False,False,False,True
569,568,0x238,?datum@SingleCRS@crs@proj@osgeo@@QEBAAEBV?$shared_ptr@VDatum@datum@proj@osgeo@@@std@@XZ,public: class std::shared_ptr<class osgeo::proj::datum::Datum> const & __cdecl osgeo::proj::crs::SingleCRS::datum(void) const,method,osgeo::proj::crs,SingleCRS,datum,void,True,False,False,False,False,False,True
570,569,0x239,?datum@TemporalCRS@crs@proj@osgeo@@QEBA?BV?$nn@V?$shared_ptr@VTemporalDatum@datum@proj@osgeo@@@std@@@oxygen@dropbox@@XZ,public: class dropbox::oxygen::nn<class std::shared_ptr<class osgeo::proj::datum::TemporalDatum>> const __cdecl osgeo::proj::crs::TemporalCRS::datum(void) const,method,osgeo::proj::crs,TemporalCRS,datum,void,True,False,False,False,False,False,True
571,570,0x23A,?datum@VerticalCRS@crs@proj@osgeo@@QEBA?BV?$shared_ptr@VVerticalReferenceFrame@datum@proj@osgeo@@@std@@XZ,public: class std::shared_ptr<class osgeo::proj::datum::VerticalReferenceFrame> const __cdecl osgeo::proj::crs::VerticalCRS::datum(void) const,method,osgeo::proj::crs,VerticalCRS,datum,void,True,False,False,False,False,False,True
572,571,0x23B,?datumEnsemble@SingleCRS@crs@proj@osgeo@@QEBAAEBV?$shared_ptr@VDatumEnsemble@datum@proj@osgeo@@@std@@XZ,public: class std::shared_ptr<class osgeo::proj::datum::DatumEnsemble> const & __cdecl osgeo::proj::crs::SingleCRS::datumEnsemble(void) const,method,osgeo::proj::crs,SingleCRS,datumEnsemble,void,True,False,False,False,False,False,True
573,572,0x23C,?datums@DatumEnsemble@datum@proj@osgeo@@QEBAAEBV?$vector@V?$nn@V?$shared_ptr@VDatum@datum@proj@osgeo@@@std@@@oxygen@dropbox@@V?$allocator@V?$nn@V?$shared_ptr@VDatum@datum@proj@osgeo@@@std@@@oxygen@dropbox@@@std@@@std@@XZ,"public: class std::vector<class dropbox::oxygen::nn<class std::shared_ptr<class osgeo::proj::datum::Datum>>, class std::allocator<class dropbox::oxygen::nn<class std::shared_ptr<class osgeo::proj::datum::Datum>>>> const & __cdecl osgeo::proj::datum::DatumEnsemble::datums(void) const",method,osgeo::proj::datum,DatumEnsemble,datums,void,True,False,False,False,False,False,True
574,573,0x23D,?deformationModelName@DynamicGeodeticReferenceFrame@datum@proj@osgeo@@QEBAAEBV?$optional@V?$basic_string@DU?$char_traits@D@std@@V?$allocator@D@2@@std@@@util@34@XZ,"public: class osgeo::proj::util::optional<class std::basic_string<char, struct std::char_traits<char>, class std::allocator<char>>> const & __cdecl osgeo::proj::datum::DynamicGeodeticReferenceFrame::deformationModelName(void) const",method,osgeo::proj::datum,DynamicGeodeticReferenceFrame,deformationModelName,void,True,False,False,False,False,False,True
575,574,0x23E,?deformationModelName@DynamicVerticalReferenceFrame@datum@proj@osgeo@@QEBAAEBV?$optional@V?$basic_string@DU?$char_traits@D@std@@V?$allocator@D@2@@std@@@util@34@XZ,"public: class osgeo::proj::util::optional<class std::basic_string<char, struct std::char_traits<char>, class std::allocator<char>>> const & __cdecl osgeo::proj::datum::DynamicVerticalReferenceFrame::deformationModelName(void) const",method,osgeo::proj::datum,DynamicVerticalReferenceFrame,deformationModelName,void,True,False,False,False,False,False,True
576,575,0x23F,?demoteTo2D@CRS@crs@proj@osgeo@@QEBA?AV?$nn@V?$shared_ptr@VCRS@crs@proj@osgeo@@@std@@@oxygen@dropbox@@AEBV?$basic_string@DU?$char_traits@D@std@@V?$allocator@D@2@@std@@AEBV?$shared_ptr@VDatabaseContext@io@proj@osgeo@@@9@@Z,"public: class dropbox::oxygen::nn<class std::shared_ptr<class osgeo::proj::crs::CRS>> __cdecl osgeo::proj::crs::CRS::demoteTo2D(class std::basic_string<char, struct std::char_traits<char>, class std::allocator<char>> const &, class std::shared_ptr<class osgeo::proj::io::DatabaseContext> const &) const",method,osgeo::proj::crs,CRS,demoteTo2D,"class std::basic_string<char, struct std::char_traits<char>, class std::allocator<char>> const &, class std::shared_ptr<class osgeo::proj::io::DatabaseContext> const &",True,False,False,False,False,False,True
577,576,0x240,?demoteTo2D@DerivedGeographicCRS@crs@proj@osgeo@@QEBA?AV?$nn@V?$shared_ptr@VDerivedGeographicCRS@crs@proj@osgeo@@@std@@@oxygen@dropbox@@AEBV?$basic_string@DU?$char_traits@D@std@@V?$allocator@D@2@@std@@AEBV?$shared_ptr@VDatabaseContext@io@proj@osgeo@@@9@@Z,"public: class dropbox::oxygen::nn<class std::shared_ptr<class osgeo::proj::crs::DerivedGeographicCRS>> __cdecl osgeo::proj::crs::DerivedGeographicCRS::demoteTo2D(class std::basic_string<char, struct std::char_traits<char>, class std::allocator<char>> const &, class std::shared_ptr<class osgeo::proj::io::DatabaseContext> const &) const",method,osgeo::proj::crs,DerivedGeographicCRS,demoteTo2D,"class std::basic_string<char, struct std::char_traits<char>, class std::allocator<char>> const &, class std::shared_ptr<class osgeo::proj::io::DatabaseContext> const &",True,False,False,False,False,False,True
578,577,0x241,?demoteTo2D@GeographicCRS@crs@proj@osgeo@@QEBA?AV?$nn@V?$shared_ptr@VGeographicCRS@crs@proj@osgeo@@@std@@@oxygen@dropbox@@AEBV?$basic_string@DU?$char_traits@D@std@@V?$allocator@D@2@@std@@AEBV?$shared_ptr@VDatabaseContext@io@proj@osgeo@@@9@@Z,"public: class dropbox::oxygen::nn<class std::shared_ptr<class osgeo::proj::crs::GeographicCRS>> __cdecl osgeo::proj::crs::GeographicCRS::demoteTo2D(class std::basic_string<char, struct std::char_traits<char>, class std::allocator<char>> const &, class std::shared_ptr<class osgeo::proj::io::DatabaseContext> const &) const",method,osgeo::proj::crs,GeographicCRS,demoteTo2D,"class std::basic_string<char, struct std::char_traits<char>, class std::allocator<char>> const &, class std::shared_ptr<class osgeo::proj::io::DatabaseContext> const &",True,False,False,False,False,False,True
579,578,0x242,?demoteTo2D@ProjectedCRS@crs@proj@osgeo@@QEBA?AV?$nn@V?$shared_ptr@VProjectedCRS@crs@proj@osgeo@@@std@@@oxygen@dropbox@@AEBV?$basic_string@DU?$char_traits@D@std@@V?$allocator@D@2@@std@@AEBV?$shared_ptr@VDatabaseContext@io@proj@osgeo@@@9@@Z,"public: class dropbox::oxygen::nn<class std::shared_ptr<class osgeo::proj::crs::ProjectedCRS>> __cdecl osgeo::proj::crs::ProjectedCRS::demoteTo2D(class std::basic_string<char, struct std::char_traits<char>, class std::allocator<char>> const &, class std::shared_ptr<class osgeo::proj::io::DatabaseContext> const &) const",method,osgeo::proj::crs,ProjectedCRS,demoteTo2D,"class std::basic_string<char, struct std::char_traits<char>, class std::allocator<char>> const &, class std::shared_ptr<class osgeo::proj::io::DatabaseContext> const &",True,False,False,False,False,False,True
580,579,0x243,?derivingConversion@DerivedCRS@crs@proj@osgeo@@QEBA?BV?$nn@V?$shared_ptr@VConversion@operation@proj@osgeo@@@std@@@oxygen@dropbox@@XZ,public: class dropbox::oxygen::nn<class std::shared_ptr<class osgeo::proj::operation::Conversion>> const __cdecl osgeo::proj::crs::DerivedCRS::derivingConversion(void) const,method,osgeo::proj::crs,DerivedCRS,derivingConversion,void,True,False,False,False,False,False,True
581,580,0x244,?description@Extent@metadata@proj@osgeo@@QEBAAEBV?$optional@V?$basic_string@DU?$char_traits@D@std@@V?$allocator@D@2@@std@@@util@34@XZ,"public: class osgeo::proj::util::optional<class std::basic_string<char, struct std::char_traits<char>, class std::allocator<char>>> const & __cdecl osgeo::proj::metadata::Extent::description(void) const",method,osgeo::proj::metadata,Extent,description,void,True,False,False,False,False,False,True
582,581,0x245,?description@Identifier@metadata@proj@osgeo@@QEBAAEBV?$optional@V?$basic_string@DU?$char_traits@D@std@@V?$allocator@D@2@@std@@@util@34@XZ,"public: class osgeo::proj::util::optional<class std::basic_string<char, struct std::char_traits<char>, class std::allocator<char>>> const & __cdecl osgeo::proj::metadata::Identifier::description(void) const",method,osgeo::proj::metadata,Identifier,description,void,True,False,False,False,False,False,True
583,582,0x246,?direction@CoordinateSystemAxis@cs@proj@osgeo@@QEBAAEBVAxisDirection@234@XZ,public: class osgeo::proj::cs::AxisDirection const & __cdecl osgeo::proj::cs::CoordinateSystemAxis::direction(void) const,method,osgeo::proj::cs,CoordinateSystemAxis,direction,void,True,False,False,False,False,False,True
584,583,0x247,?dmstor@@YANPEBDPEAPEAD@Z,"double __cdecl dmstor(char const *, char **)",function,,,dmstor,"char const *, char **",False,False,False,False,False,False,True
585,584,0x248,?domainOfValidity@ObjectDomain@common@proj@osgeo@@QEBAAEBV?$shared_ptr@VExtent@metadata@proj@osgeo@@@std@@XZ,public: class std::shared_ptr<class osgeo::proj::metadata::Extent> const & __cdecl osgeo::proj::common::ObjectDomain::domainOfValidity(void) const,method,osgeo::proj::common,ObjectDomain,domainOfValidity,void,True,False,False,False,False,False,True
586,585,0x249,?domains@ObjectUsage@common@proj@osgeo@@QEBAAEBV?$vector@V?$nn@V?$shared_ptr@VObjectDomain@common@proj@osgeo@@@std@@@oxygen@dropbox@@V?$allocator@V?$nn@V?$shared_ptr@VObjectDomain@common@proj@osgeo@@@std@@@oxygen@dropbox@@@std@@@std@@XZ,"public: class std::vector<class dropbox::oxygen::nn<class std::shared_ptr<class osgeo::proj::common::ObjectDomain>>, class std::allocator<class dropbox::oxygen::nn<class std::shared_ptr<class osgeo::proj::common::ObjectDomain>>>> const & __cdecl osgeo::proj::common::ObjectUsage::domains(void) const",method,osgeo::proj::common,ObjectUsage,domains,void,True,False,False,False,False,False,True
587,586,0x24A,?eastBoundLongitude@GeographicBoundingBox@metadata@proj@osgeo@@QEBANXZ,public: double __cdecl osgeo::proj::metadata::GeographicBoundingBox::eastBoundLongitude(void) const,method,osgeo::proj::metadata,GeographicBoundingBox,eastBoundLongitude,void,True,False,False,False,False,False,True
588,587,0x24B,?ellipsoid@GeodeticCRS@crs@proj@osgeo@@QEBAAEBV?$nn@V?$shared_ptr@VEllipsoid@datum@proj@osgeo@@@std@@@oxygen@dropbox@@XZ,public: class dropbox::oxygen::nn<class std::shared_ptr<class osgeo::proj::datum::Ellipsoid>> const & __cdecl osgeo::proj::crs::GeodeticCRS::ellipsoid(void) const,method,osgeo::proj::crs,GeodeticCRS,ellipsoid,void,True,False,False,False,False,False,True
589,588,0x24C,?ellipsoid@GeodeticReferenceFrame@datum@proj@osgeo@@QEBAAEBV?$nn@V?$shared_ptr@VEllipsoid@datum@proj@osgeo@@@std@@@oxygen@dropbox@@XZ,public: class dropbox::oxygen::nn<class std::shared_ptr<class osgeo::proj::datum::Ellipsoid>> const & __cdecl osgeo::proj::datum::GeodeticReferenceFrame::ellipsoid(void) const,method,osgeo::proj::datum,GeodeticReferenceFrame,ellipsoid,void,True,False,False,False,False,False,True
590,589,0x24D,?exists@FileManager@proj@osgeo@@SA_NPEAUpj_ctx@@PEBD@Z,"public: static bool __cdecl osgeo::proj::FileManager::exists(struct pj_ctx *, char const *)",method,osgeo::proj,FileManager,exists,"struct pj_ctx *, char const *",False,True,False,False,False,False,True
591,590,0x24E,?exportToJSON@IJSONExportable@io@proj@osgeo@@QEBA?AV?$basic_string@DU?$char_traits@D@std@@V?$allocator@D@2@@std@@PEAVJSONFormatter@234@@Z,"public: class std::basic_string<char, struct std::char_traits<char>, class std::allocator<char>> __cdecl osgeo::proj::io::IJSONExportable::exportToJSON(class osgeo::proj::io::JSONFormatter *) const",method,osgeo::proj::io,IJSONExportable,exportToJSON,class osgeo::proj::io::JSONFormatter *,True,False,False,False,False,False,True
592,591,0x24F,?exportToPROJString@IPROJStringExportable@io@proj@osgeo@@QEBA?AV?$basic_string@DU?$char_traits@D@std@@V?$allocator@D@2@@std@@PEAVPROJStringFormatter@234@@Z,"public: class std::basic_string<char, struct std::char_traits<char>, class std::allocator<char>> __cdecl osgeo::proj::io::IPROJStringExportable::exportToPROJString(class osgeo::proj::io::PROJStringFormatter *) const",method,osgeo::proj::io,IPROJStringExportable,exportToPROJString,class osgeo::proj::io::PROJStringFormatter *,True,False,False,False,False,False,True
593,592,0x250,?exportToWKT@IWKTExportable@io@proj@osgeo@@QEBA?AV?$basic_string@DU?$char_traits@D@std@@V?$allocator@D@2@@std@@PEAVWKTFormatter@234@@Z,"public: class std::basic_string<char, struct std::char_traits<char>, class std::allocator<char>> __cdecl osgeo::proj::io::IWKTExportable::exportToWKT(class osgeo::proj::io::WKTFormatter *) const",method,osgeo::proj::io,IWKTExportable,exportToWKT,class osgeo::proj::io::WKTFormatter *,True,False,False,False,False,False,True
594,593,0x251,?extentAndRes@Grid@proj@osgeo@@QEBAAEBUExtentAndRes@23@XZ,public: struct osgeo::proj::ExtentAndRes const & __cdecl osgeo::proj::Grid::extentAndRes(void) const,method,osgeo::proj,Grid,extentAndRes,void,True,False,False,False,False,False,True
595,594,0x252,?extractGeodeticCRS@CRS@crs@proj@osgeo@@QEBA?AV?$shared_ptr@VGeodeticCRS@crs@proj@osgeo@@@std@@XZ,public: class std::shared_ptr<class osgeo::proj::crs::GeodeticCRS> __cdecl osgeo::proj::crs::CRS::extractGeodeticCRS(void) const,method,osgeo::proj::crs,CRS,extractGeodeticCRS,void,True,False,False,False,False,False,True
596,595,0x253,?extractGeographicCRS@CRS@crs@proj@osgeo@@QEBA?AV?$shared_ptr@VGeographicCRS@crs@proj@osgeo@@@std@@XZ,public: class std::shared_ptr<class osgeo::proj::crs::GeographicCRS> __cdecl osgeo::proj::crs::CRS::extractGeographicCRS(void) const,method,osgeo::proj::crs,CRS,extractGeographicCRS,void,True,False,False,False,False,False,True
597,596,0x254,?extractVerticalCRS@CRS@crs@proj@osgeo@@QEBA?AV?$shared_ptr@VVerticalCRS@crs@proj@osgeo@@@std@@XZ,public: class std::shared_ptr<class osgeo::proj::crs::VerticalCRS> __cdecl osgeo::proj::crs::CRS::extractVerticalCRS(void) const,method,osgeo::proj::crs,CRS,extractVerticalCRS,void,True,False,False,False,False,False,True
598,597,0x255,?format@GenericShiftGridSet@proj@osgeo@@QEBAAEBV?$basic_string@DU?$char_traits@D@std@@V?$allocator@D@2@@std@@XZ,"public: class std::basic_string<char, struct std::char_traits<char>, class std::allocator<char>> const & __cdecl osgeo::proj::GenericShiftGridSet::format(void) const",method,osgeo::proj,GenericShiftGridSet,format,void,True,False,False,False,False,False,True
599,598,0x256,?format@HorizontalShiftGridSet@proj@osgeo@@QEBAAEBV?$basic_string@DU?$char_traits@D@std@@V?$allocator@D@2@@std@@XZ,"public: class std::basic_string<char, struct std::char_traits<char>, class std::allocator<char>> const & __cdecl osgeo::proj::HorizontalShiftGridSet::format(void) const",method,osgeo::proj,HorizontalShiftGridSet,format,void,True,False,False,False,False,False,True
600,599,0x257,?format@VerticalShiftGridSet@proj@osgeo@@QEBAAEBV?$basic_string@DU?$char_traits@D@std@@V?$allocator@D@2@@std@@XZ,"public: class std::basic_string<char, struct std::char_traits<char>, class std::allocator<char>> const & __cdecl osgeo::proj::VerticalShiftGridSet::format(void) const",method,osgeo::proj,VerticalShiftGridSet,format,void,True,False,False,False,False,False,True
601,600,0x258,?formula@OperationMethod@operation@proj@osgeo@@QEBAAEBV?$optional@V?$basic_string@DU?$char_traits@D@std@@V?$allocator@D@2@@std@@@util@34@XZ,"public: class osgeo::proj::util::optional<class std::basic_string<char, struct std::char_traits<char>, class std::allocator<char>>> const & __cdecl osgeo::proj::operation::OperationMethod::formula(void) const",method,osgeo::proj::operation,OperationMethod,formula,void,True,False,False,False,False,False,True
602,601,0x259,?formulaCitation@OperationMethod@operation@proj@osgeo@@QEBAAEBV?$optional@VCitation@metadata@proj@osgeo@@@util@34@XZ,public: class osgeo::proj::util::optional<class osgeo::proj::metadata::Citation> const & __cdecl osgeo::proj::operation::OperationMethod::formulaCitation(void) const,method,osgeo::proj::operation,OperationMethod,formulaCitation,void,True,False,False,False,False,False,True
603,602,0x25A,?frameReferenceEpoch@DynamicGeodeticReferenceFrame@datum@proj@osgeo@@QEBAAEBVMeasure@common@34@XZ,public: class osgeo::proj::common::Measure const & __cdecl osgeo::proj::datum::DynamicGeodeticReferenceFrame::frameReferenceEpoch(void) const,method,osgeo::proj::datum,DynamicGeodeticReferenceFrame,frameReferenceEpoch,void,True,False,False,False,False,False,True
604,603,0x25B,?frameReferenceEpoch@DynamicVerticalReferenceFrame@datum@proj@osgeo@@QEBAAEBVMeasure@common@34@XZ,public: class osgeo::proj::common::Measure const & __cdecl osgeo::proj::datum::DynamicVerticalReferenceFrame::frameReferenceEpoch(void) const,method,osgeo::proj::datum,DynamicVerticalReferenceFrame,frameReferenceEpoch,void,True,False,False,False,False,False,True
605,604,0x25C,?geographicElements@Extent@metadata@proj@osgeo@@QEBAAEBV?$vector@V?$nn@V?$shared_ptr@VGeographicExtent@metadata@proj@osgeo@@@std@@@oxygen@dropbox@@V?$allocator@V?$nn@V?$shared_ptr@VGeographicExtent@metadata@proj@osgeo@@@std@@@oxygen@dropbox@@@std@@@std@@XZ,"public: class std::vector<class dropbox::oxygen::nn<class std::shared_ptr<class osgeo::proj::metadata::GeographicExtent>>, class std::allocator<class dropbox::oxygen::nn<class std::shared_ptr<class osgeo::proj::metadata::GeographicExtent>>>> const & __cdecl osgeo::proj::metadata::Extent::geographicElements(void) const",method,osgeo::proj::metadata,Extent,geographicElements,void,True,False,False,False,False,False,True
606,605,0x25D,?geoidModel@VerticalCRS@crs@proj@osgeo@@QEBAAEBV?$vector@V?$nn@V?$shared_ptr@VTransformation@operation@proj@osgeo@@@std@@@oxygen@dropbox@@V?$allocator@V?$nn@V?$shared_ptr@VTransformation@operation@proj@osgeo@@@std@@@oxygen@dropbox@@@std@@@std@@XZ,"public: class std::vector<class dropbox::oxygen::nn<class std::shared_ptr<class osgeo::proj::operation::Transformation>>, class std::allocator<class dropbox::oxygen::nn<class std::shared_ptr<class osgeo::proj::operation::Transformation>>>> const & __cdecl osgeo::proj::crs::VerticalCRS::geoidModel(void) const",method,osgeo::proj::crs,VerticalCRS,geoidModel,void,True,False,False,False,False,False,True
607,606,0x25E,?getAllowBallparkTransformations@CoordinateOperationContext@operation@proj@osgeo@@QEBA_NXZ,public: bool __cdecl osgeo::proj::operation::CoordinateOperationContext::getAllowBallparkTransformations(void) const,method,osgeo::proj::operation,CoordinateOperationContext,getAllowBallparkTransformations,void,True,False,False,False,False,False,True
608,607,0x25F,?getAllowUseIntermediateCRS@CoordinateOperationContext@operation@proj@osgeo@@QEBA?AW4IntermediateCRSUse@1234@XZ,public: enum osgeo::proj::operation::CoordinateOperationContext::IntermediateCRSUse __cdecl osgeo::proj::operation::CoordinateOperationContext::getAllowUseIntermediateCRS(void) const,method,osgeo::proj::operation,CoordinateOperationContext,getAllowUseIntermediateCRS,void,True,False,False,False,False,False,True
609,608,0x260,?getAreaOfInterest@CoordinateOperationContext@operation@proj@osgeo@@QEBAAEBV?$shared_ptr@VExtent@metadata@proj@osgeo@@@std@@XZ,public: class std::shared_ptr<class osgeo::proj::metadata::Extent> const & __cdecl osgeo::proj::operation::CoordinateOperationContext::getAreaOfInterest(void) const,method,osgeo::proj::operation,CoordinateOperationContext,getAreaOfInterest,void,True,False,False,False,False,False,True
610,609,0x261,?getAuthorities@DatabaseContext@io@proj@osgeo@@QEBA?AV?$set@V?$basic_string@DU?$char_traits@D@std@@V?$allocator@D@2@@std@@U?$less@V?$basic_string@DU?$char_traits@D@std@@V?$allocator@D@2@@std@@@2@V?$allocator@V?$basic_string@DU?$char_traits@D@std@@V?$allocator@D@2@@std@@@2@@std@@XZ,"public: class std::set<class std::basic_string<char, struct std::char_traits<char>, class std::allocator<char>>, struct std::less<class std::basic_string<char, struct std::char_traits<char>, class std::allocator<char>>>, class std::allocator<class std::basic_string<char, struct std::char_traits<char>, class std::allocator<char>>>> __cdecl osgeo::proj::io::DatabaseContext::getAuthorities(void) const",method,osgeo::proj::io,DatabaseContext,getAuthorities,void,True,False,False,False,False,False,True
611,610,0x262,?getAuthority@AuthorityFactory@io@proj@osgeo@@QEBAAEBV?$basic_string@DU?$char_traits@D@std@@V?$allocator@D@2@@std@@XZ,"public: class std::basic_string<char, struct std::char_traits<char>, class std::allocator<char>> const & __cdecl osgeo::proj::io::AuthorityFactory::getAuthority(void) const",method,osgeo::proj::io,AuthorityFactory,getAuthority,void,True,False,False,False,False,False,True
612,611,0x263,?getAuthority@NoSuchAuthorityCodeException@io@proj@osgeo@@QEBAAEBV?$basic_string@DU?$char_traits@D@std@@V?$allocator@D@2@@std@@XZ,"public: class std::basic_string<char, struct std::char_traits<char>, class std::allocator<char>> const & __cdecl osgeo::proj::io::NoSuchAuthorityCodeException::getAuthority(void) const",method,osgeo::proj::io,NoSuchAuthorityCodeException,getAuthority,void,True,False,False,False,False,False,True
613,612,0x264,?getAuthorityCode@NoSuchAuthorityCodeException@io@proj@osgeo@@QEBAAEBV?$basic_string@DU?$char_traits@D@std@@V?$allocator@D@2@@std@@XZ,"public: class std::basic_string<char, struct std::char_traits<char>, class std::allocator<char>> const & __cdecl osgeo::proj::io::NoSuchAuthorityCodeException::getAuthorityCode(void) const",method,osgeo::proj::io,NoSuchAuthorityCodeException,getAuthorityCode,void,True,False,False,False,False,False,True
614,613,0x265,?getAuthorityCodes@AuthorityFactory@io@proj@osgeo@@QEBA?AV?$set@V?$basic_string@DU?$char_traits@D@std@@V?$allocator@D@2@@std@@U?$less@V?$basic_string@DU?$char_traits@D@std@@V?$allocator@D@2@@std@@@2@V?$allocator@V?$basic_string@DU?$char_traits@D@std@@V?$allocator@D@2@@std@@@2@@std@@AEBW4ObjectType@1234@_N@Z,"public: class std::set<class std::basic_string<char, struct std::char_traits<char>, class std::allocator<char>>, struct std::less<class std::basic_string<char, struct std::char_traits<char>, class std::allocator<char>>>, class std::allocator<class std::basic_string<char, struct std::char_traits<char>, class std::allocator<char>>>> __cdecl osgeo::proj::io::AuthorityFactory::getAuthorityCodes(enum osgeo::proj::io::AuthorityFactory::ObjectType const &, bool) const",method,osgeo::proj::io,AuthorityFactory,getAuthorityCodes,"enum osgeo::proj::io::AuthorityFactory::ObjectType const &, bool",True,False,False,False,False,False,True
615,614,0x266,?getAuthorityFactory@CoordinateOperationContext@operation@proj@osgeo@@QEBAAEBV?$shared_ptr@VAuthorityFactory@io@proj@osgeo@@@std@@XZ,public: class std::shared_ptr<class osgeo::proj::io::AuthorityFactory> const & __cdecl osgeo::proj::operation::CoordinateOperationContext::getAuthorityFactory(void) const,method,osgeo::proj::operation,CoordinateOperationContext,getAuthorityFactory,void,True,False,False,False,False,False,True
616,615,0x267,?getCRSInfoList@AuthorityFactory@io@proj@osgeo@@QEBA?AV?$list@UCRSInfo@AuthorityFactory@io@proj@osgeo@@V?$allocator@UCRSInfo@AuthorityFactory@io@proj@osgeo@@@std@@@std@@XZ,"public: class std::list<struct osgeo::proj::io::AuthorityFactory::CRSInfo, class std::allocator<struct osgeo::proj::io::AuthorityFactory::CRSInfo>> __cdecl osgeo::proj::io::AuthorityFactory::getCRSInfoList(void) const",method,osgeo::proj::io,AuthorityFactory,getCRSInfoList,void,True,False,False,False,False,False,True
617,616,0x268,?getCelestialBodyList@AuthorityFactory@io@proj@osgeo@@QEBA?AV?$list@UCelestialBodyInfo@AuthorityFactory@io@proj@osgeo@@V?$allocator@UCelestialBodyInfo@AuthorityFactory@io@proj@osgeo@@@std@@@std@@XZ,"public: class std::list<struct osgeo::proj::io::AuthorityFactory::CelestialBodyInfo, class std::allocator<struct osgeo::proj::io::AuthorityFactory::CelestialBodyInfo>> __cdecl osgeo::proj::io::AuthorityFactory::getCelestialBodyList(void) const",method,osgeo::proj::io,AuthorityFactory,getCelestialBodyList,void,True,False,False,False,False,False,True
618,617,0x269,?getDatabaseStructure@DatabaseContext@io@proj@osgeo@@QEBA?AV?$vector@V?$basic_string@DU?$char_traits@D@std@@V?$allocator@D@2@@std@@V?$allocator@V?$basic_string@DU?$char_traits@D@std@@V?$allocator@D@2@@std@@@2@@std@@XZ,"public: class std::vector<class std::basic_string<char, struct std::char_traits<char>, class std::allocator<char>>, class std::allocator<class std::basic_string<char, struct std::char_traits<char>, class std::allocator<char>>>> __cdecl osgeo::proj::io::DatabaseContext::getDatabaseStructure(void) const",method,osgeo::proj::io,DatabaseContext,getDatabaseStructure,void,True,False,False,False,False,False,True
619,618,0x26A,?getDescriptionText@AuthorityFactory@io@proj@osgeo@@QEBA?AV?$basic_string@DU?$char_traits@D@std@@V?$allocator@D@2@@std@@AEBV56@@Z,"public: class std::basic_string<char, struct std::char_traits<char>, class std::allocator<char>> __cdecl osgeo::proj::io::AuthorityFactory::getDescriptionText(class std::basic_string<char, struct std::char_traits<char>, class std::allocator<char>> const &) const",method,osgeo::proj::io,AuthorityFactory,getDescriptionText,"class std::basic_string<char, struct std::char_traits<char>, class std::allocator<char>> const &",True,False,False,False,False,False,True
620,619,0x26B,?getDesiredAccuracy@CoordinateOperationContext@operation@proj@osgeo@@QEBANXZ,public: double __cdecl osgeo::proj::operation::CoordinateOperationContext::getDesiredAccuracy(void) const,method,osgeo::proj::operation,CoordinateOperationContext,getDesiredAccuracy,void,True,False,False,False,False,False,True
621,620,0x26C,?getDiscardSuperseded@CoordinateOperationContext@operation@proj@osgeo@@QEBA_NXZ,public: bool __cdecl osgeo::proj::operation::CoordinateOperationContext::getDiscardSuperseded(void) const,method,osgeo::proj::operation,CoordinateOperationContext,getDiscardSuperseded,void,True,False,False,False,False,False,True
622,621,0x26D,?getEPSGCode@IdentifiedObject@common@proj@osgeo@@QEBAHXZ,public: int __cdecl osgeo::proj::common::IdentifiedObject::getEPSGCode(void) const,method,osgeo::proj::common,IdentifiedObject,getEPSGCode,void,True,False,False,False,False,False,True
623,622,0x26E,?getEPSGCode@OperationMethod@operation@proj@osgeo@@QEBAHXZ,public: int __cdecl osgeo::proj::operation::OperationMethod::getEPSGCode(void) const,method,osgeo::proj::operation,OperationMethod,getEPSGCode,void,True,False,False,False,False,False,True
624,623,0x26F,?getEPSGCode@OperationParameter@operation@proj@osgeo@@QEBAHXZ,public: int __cdecl osgeo::proj::operation::OperationParameter::getEPSGCode(void) const,method,osgeo::proj::operation,OperationParameter,getEPSGCode,void,True,False,False,False,False,False,True
625,624,0x270,?getGeoidModels@AuthorityFactory@io@proj@osgeo@@QEBA?AV?$list@V?$basic_string@DU?$char_traits@D@std@@V?$allocator@D@2@@std@@V?$allocator@V?$basic_string@DU?$char_traits@D@std@@V?$allocator@D@2@@std@@@2@@std@@AEBV?$basic_string@DU?$char_traits@D@std@@V?$allocator@D@2@@6@@Z,"public: class std::list<class std::basic_string<char, struct std::char_traits<char>, class std::allocator<char>>, class std::allocator<class std::basic_string<char, struct std::char_traits<char>, class std::allocator<char>>>> __cdecl osgeo::proj::io::AuthorityFactory::getGeoidModels(class std::basic_string<char, struct std::char_traits<char>, class std::allocator<char>> const &) const",method,osgeo::proj::io,AuthorityFactory,getGeoidModels,"class std::basic_string<char, struct std::char_traits<char>, class std::allocator<char>> const &",True,False,False,False,False,False,True
626,625,0x271,?getGridAvailabilityUse@CoordinateOperationContext@operation@proj@osgeo@@QEBA?AW4GridAvailabilityUse@1234@XZ,public: enum osgeo::proj::operation::CoordinateOperationContext::GridAvailabilityUse __cdecl osgeo::proj::operation::CoordinateOperationContext::getGridAvailabilityUse(void) const,method,osgeo::proj::operation,CoordinateOperationContext,getGridAvailabilityUse,void,True,False,False,False,False,False,True
627,626,0x272,?getInsertStatementsFor@DatabaseContext@io@proj@osgeo@@QEAA?AV?$vector@V?$basic_string@DU?$char_traits@D@std@@V?$allocator@D@2@@std@@V?$allocator@V?$basic_string@DU?$char_traits@D@std@@V?$allocator@D@2@@std@@@2@@std@@AEBV?$nn@V?$shared_ptr@VIdentifiedObject@common@proj@osgeo@@@std@@@oxygen@dropbox@@AEBV?$basic_string@DU?$char_traits@D@std@@V?$allocator@D@2@@6@1_NAEBV56@@Z,"public: class std::vector<class std::basic_string<char, struct std::char_traits<char>, class std::allocator<char>>, class std::allocator<class std::basic_string<char, struct std::char_traits<char>, class std::allocator<char>>>> __cdecl osgeo::proj::io::DatabaseContext::getInsertStatementsFor(class dropbox::oxygen::nn<class std::shared_ptr<class osgeo::proj::common::IdentifiedObject>> const &, class std::basic_string<char, struct std::char_traits<char>, class std::allocator<char>> const &, class std::basic_string<char, struct std::char_traits<char>, class std::allocator<char>> const &, bool, class std::vector<class std::basic_string<char, struct std::char_traits<char>, class std::allocator<char>>, class std::allocator<class std::basic_string<char, struct std::char_traits<char>, class std::allocator<char>>>> const &)",method,osgeo::proj::io,DatabaseContext,getInsertStatementsFor,"class dropbox::oxygen::nn<class std::shared_ptr<class osgeo::proj::common::IdentifiedObject>> const &, class std::basic_string<char, struct std::char_traits<char>, class std::allocator<char>> const &, class std::basic_string<char, struct std::char_traits<char>, class std::allocator<char>> const &, bool, class std::vector<class std::basic_string<char, struct std::char_traits<char>, class std::allocator<char>>, class std::allocator<class std::basic_string<char, struct std::char_traits<char>, class std::allocator<char>>>> const &",False,False,False,False,False,False,True
628,627,0x273,?getIntermediateCRS@CoordinateOperationContext@operation@proj@osgeo@@QEBAAEBV?$vector@U?$pair@V?$basic_string@DU?$char_traits@D@std@@V?$allocator@D@2@@std@@V12@@std@@V?$allocator@U?$pair@V?$basic_string@DU?$char_traits@D@std@@V?$allocator@D@2@@std@@V12@@std@@@2@@std@@XZ,"public: class std::vector<struct std::pair<class std::basic_string<char, struct std::char_traits<char>, class std::allocator<char>>, class std::basic_string<char, struct std::char_traits<char>, class std::allocator<char>>>, class std::allocator<struct std::pair<class std::basic_string<char, struct std::char_traits<char>, class std::allocator<char>>, class std::basic_string<char, struct std::char_traits<char>, class std::allocator<char>>>>> const & __cdecl osgeo::proj::operation::CoordinateOperationContext::getIntermediateCRS(void) const",method,osgeo::proj::operation,CoordinateOperationContext,getIntermediateCRS,void,True,False,False,False,False,False,True
629,628,0x274,?getMetadata@DatabaseContext@io@proj@osgeo@@QEBAPEBDPEBD@Z,public: char const * __cdecl osgeo::proj::io::DatabaseContext::getMetadata(char const *) const,method,osgeo::proj::io,DatabaseContext,getMetadata,char const *,True,False,False,False,False,False,True
630,629,0x275,?getNameForEPSGCode@OperationParameter@operation@proj@osgeo@@SAPEBDH@Z,public: static char const * __cdecl osgeo::proj::operation::OperationParameter::getNameForEPSGCode(int),method,osgeo::proj::operation,OperationParameter,getNameForEPSGCode,int,False,True,False,False,False,False,True
631,630,0x276,?getNonDeprecated@CRS@crs@proj@osgeo@@QEBA?AV?$list@V?$nn@V?$shared_ptr@VCRS@crs@proj@osgeo@@@std@@@oxygen@dropbox@@V?$allocator@V?$nn@V?$shared_ptr@VCRS@crs@proj@osgeo@@@std@@@oxygen@dropbox@@@std@@@std@@AEBV?$nn@V?$shared_ptr@VDatabaseContext@io@proj@osgeo@@@std@@@oxygen@dropbox@@@Z,"public: class std::list<class dropbox::oxygen::nn<class std::shared_ptr<class osgeo::proj::crs::CRS>>, class std::allocator<class dropbox::oxygen::nn<class std::shared_ptr<class osgeo::proj::crs::CRS>>>> __cdecl osgeo::proj::crs::CRS::getNonDeprecated(class dropbox::oxygen::nn<class std::shared_ptr<class osgeo::proj::io::DatabaseContext>> const &) const",method,osgeo::proj::crs,CRS,getNonDeprecated,class dropbox::oxygen::nn<class std::shared_ptr<class osgeo::proj::io::DatabaseContext>> const &,True,False,False,False,False,False,True
632,631,0x277,?getOfficialNameFromAlias@AuthorityFactory@io@proj@osgeo@@QEBA?AV?$basic_string@DU?$char_traits@D@std@@V?$allocator@D@2@@std@@AEBV56@00_NAEAV56@22@Z,"public: class std::basic_string<char, struct std::char_traits<char>, class std::allocator<char>> __cdecl osgeo::proj::io::AuthorityFactory::getOfficialNameFromAlias(class std::basic_string<char, struct std::char_traits<char>, class std::allocator<char>> const &, class std::basic_string<char, struct std::char_traits<char>, class std::allocator<char>> const &, class std::basic_string<char, struct std::char_traits<char>, class std::allocator<char>> const &, bool, class std::basic_string<char, struct std::char_traits<char>, class std::allocator<char>> &, class std::basic_string<char, struct std::char_traits<char>, class std::allocator<char>> &, class std::basic_string<char, struct std::char_traits<char>, class std::allocator<char>> &) const",method,osgeo::proj::io,AuthorityFactory,getOfficialNameFromAlias,"class std::basic_string<char, struct std::char_traits<char>, class std::allocator<char>> const &, class std::basic_string<char, struct std::char_traits<char>, class std::allocator<char>> const &, class std::basic_string<char, struct std::char_traits<char>, class std::allocator<char>> const &, bool, class std::basic_string<char, struct std::char_traits<char>, class std::allocator<char>> &, class std::basic_string<char, struct std::char_traits<char>, class std::allocator<char>> &, class std::basic_string<char, struct std::char_traits<char>, class std::allocator<char>> &",True,False,False,False,False,False,True
633,632,0x278,?getPath@DatabaseContext@io@proj@osgeo@@QEBAAEBV?$basic_string@DU?$char_traits@D@std@@V?$allocator@D@2@@std@@XZ,"public: class std::basic_string<char, struct std::char_traits<char>, class std::allocator<char>> const & __cdecl osgeo::proj::io::DatabaseContext::getPath(void) const",method,osgeo::proj::io,DatabaseContext,getPath,void,True,False,False,False,False,False,True
634,633,0x279,?getSIValue@Measure@common@proj@osgeo@@QEBANXZ,public: double __cdecl osgeo::proj::common::Measure::getSIValue(void) const,method,osgeo::proj::common,Measure,getSIValue,void,True,False,False,False,False,False,True
635,634,0x27A,?getSourceAndTargetCRSExtentUse@CoordinateOperationContext@operation@proj@osgeo@@QEBA?AW4SourceTargetCRSExtentUse@1234@XZ,public: enum osgeo::proj::operation::CoordinateOperationContext::SourceTargetCRSExtentUse __cdecl osgeo::proj::operation::CoordinateOperationContext::getSourceAndTargetCRSExtentUse(void) const,method,osgeo::proj::operation,CoordinateOperationContext,getSourceAndTargetCRSExtentUse,void,True,False,False,False,False,False,True
636,635,0x27B,?getSpatialCriterion@CoordinateOperationContext@operation@proj@osgeo@@QEBA?AW4SpatialCriterion@1234@XZ,public: enum osgeo::proj::operation::CoordinateOperationContext::SpatialCriterion __cdecl osgeo::proj::operation::CoordinateOperationContext::getSpatialCriterion(void) const,method,osgeo::proj::operation,CoordinateOperationContext,getSpatialCriterion,void,True,False,False,False,False,False,True
637,636,0x27C,?getSqliteHandle@DatabaseContext@io@proj@osgeo@@QEBAPEAXXZ,public: void * __cdecl osgeo::proj::io::DatabaseContext::getSqliteHandle(void) const,method,osgeo::proj::io,DatabaseContext,getSqliteHandle,void,True,False,False,False,False,False,True
638,637,0x27D,?getTOWGS84Parameters@Transformation@operation@proj@osgeo@@QEBA?AV?$vector@NV?$allocator@N@std@@@std@@XZ,"public: class std::vector<double, class std::allocator<double>> __cdecl osgeo::proj::operation::Transformation::getTOWGS84Parameters(void) const",method,osgeo::proj::operation,Transformation,getTOWGS84Parameters,void,True,False,False,False,False,False,True
639,638,0x27E,?getUnitList@AuthorityFactory@io@proj@osgeo@@QEBA?AV?$list@UUnitInfo@AuthorityFactory@io@proj@osgeo@@V?$allocator@UUnitInfo@AuthorityFactory@io@proj@osgeo@@@std@@@std@@XZ,"public: class std::list<struct osgeo::proj::io::AuthorityFactory::UnitInfo, class std::allocator<struct osgeo::proj::io::AuthorityFactory::UnitInfo>> __cdecl osgeo::proj::io::AuthorityFactory::getUnitList(void) const",method,osgeo::proj::io,AuthorityFactory,getUnitList,void,True,False,False,False,False,False,True
640,639,0x27F,?getUsePROJAlternativeGridNames@CoordinateOperationContext@operation@proj@osgeo@@QEBA_NXZ,public: bool __cdecl osgeo::proj::operation::CoordinateOperationContext::getUsePROJAlternativeGridNames(void) const,method,osgeo::proj::operation,CoordinateOperationContext,getUsePROJAlternativeGridNames,void,True,False,False,False,False,False,True
641,640,0x280,?getVersionedAuthoritiesFromName@DatabaseContext@io@proj@osgeo@@QEAA?AV?$vector@V?$basic_string@DU?$char_traits@D@std@@V?$allocator@D@2@@std@@V?$allocator@V?$basic_string@DU?$char_traits@D@std@@V?$allocator@D@2@@std@@@2@@std@@AEBV?$basic_string@DU?$char_traits@D@std@@V?$allocator@D@2@@6@@Z,"public: class std::vector<class std::basic_string<char, struct std::char_traits<char>, class std::allocator<char>>, class std::allocator<class std::basic_string<char, struct std::char_traits<char>, class std::allocator<char>>>> __cdecl osgeo::proj::io::DatabaseContext::getVersionedAuthoritiesFromName(class std::basic_string<char, struct std::char_traits<char>, class std::allocator<char>> const &)",method,osgeo::proj::io,DatabaseContext,getVersionedAuthoritiesFromName,"class std::basic_string<char, struct std::char_traits<char>, class std::allocator<char>> const &",False,False,False,False,False,False,True
642,641,0x281,?gridAt@GenericShiftGrid@proj@osgeo@@QEBAPEBV123@NN@Z,"public: class osgeo::proj::GenericShiftGrid const * __cdecl osgeo::proj::GenericShiftGrid::gridAt(double, double) const",method,osgeo::proj,GenericShiftGrid,gridAt,"double, double",True,False,False,False,False,False,True
643,642,0x282,?gridAt@GenericShiftGridSet@proj@osgeo@@QEBAPEBVGenericShiftGrid@23@NN@Z,"public: class osgeo::proj::GenericShiftGrid const * __cdecl osgeo::proj::GenericShiftGridSet::gridAt(double, double) const",method,osgeo::proj,GenericShiftGridSet,gridAt,"double, double",True,False,False,False,False,False,True
644,643,0x283,?gridAt@HorizontalShiftGrid@proj@osgeo@@QEBAPEBV123@NN@Z,"public: class osgeo::proj::HorizontalShiftGrid const * __cdecl osgeo::proj::HorizontalShiftGrid::gridAt(double, double) const",method,osgeo::proj,HorizontalShiftGrid,gridAt,"double, double",True,False,False,False,False,False,True
645,644,0x284,?gridAt@HorizontalShiftGridSet@proj@osgeo@@QEBAPEBVHorizontalShiftGrid@23@NN@Z,"public: class osgeo::proj::HorizontalShiftGrid const * __cdecl osgeo::proj::HorizontalShiftGridSet::gridAt(double, double) const",method,osgeo::proj,HorizontalShiftGridSet,gridAt,"double, double",True,False,False,False,False,False,True
646,645,0x285,?gridAt@VerticalShiftGrid@proj@osgeo@@QEBAPEBV123@NN@Z,"public: class osgeo::proj::VerticalShiftGrid const * __cdecl osgeo::proj::VerticalShiftGrid::gridAt(double, double) const",method,osgeo::proj,VerticalShiftGrid,gridAt,"double, double",True,False,False,False,False,False,True
647,646,0x286,?gridAt@VerticalShiftGridSet@proj@osgeo@@QEBAPEBVVerticalShiftGrid@23@NN@Z,"public: class osgeo::proj::VerticalShiftGrid const * __cdecl osgeo::proj::VerticalShiftGridSet::gridAt(double, double) const",method,osgeo::proj,VerticalShiftGridSet,gridAt,"double, double",True,False,False,False,False,False,True
648,647,0x287,?grids@GenericShiftGridSet@proj@osgeo@@QEBAAEBV?$vector@V?$unique_ptr@VGenericShiftGrid@proj@osgeo@@U?$default_delete@VGenericShiftGrid@proj@osgeo@@@std@@@std@@V?$allocator@V?$unique_ptr@VGenericShiftGrid@proj@osgeo@@U?$default_delete@VGenericShiftGrid@proj@osgeo@@@std@@@std@@@2@@std@@XZ,"public: class std::vector<class std::unique_ptr<class osgeo::proj::GenericShiftGrid, struct std::default_delete<class osgeo::proj::GenericShiftGrid>>, class std::allocator<class std::unique_ptr<class osgeo::proj::GenericShiftGrid, struct std::default_delete<class osgeo::proj::GenericShiftGrid>>>> const & __cdecl osgeo::proj::GenericShiftGridSet::grids(void) const",method,osgeo::proj,GenericShiftGridSet,grids,void,True,False,False,False,False,False,True
649,648,0x288,?grids@HorizontalShiftGridSet@proj@osgeo@@QEBAAEBV?$vector@V?$unique_ptr@VHorizontalShiftGrid@proj@osgeo@@U?$default_delete@VHorizontalShiftGrid@proj@osgeo@@@std@@@std@@V?$allocator@V?$unique_ptr@VHorizontalShiftGrid@proj@osgeo@@U?$default_delete@VHorizontalShiftGrid@proj@osgeo@@@std@@@std@@@2@@std@@XZ,"public: class std::vector<class std::unique_ptr<class osgeo::proj::HorizontalShiftGrid, struct std::default_delete<class osgeo::proj::HorizontalShiftGrid>>, class std::allocator<class std::unique_ptr<class osgeo::proj::HorizontalShiftGrid, struct std::default_delete<class osgeo::proj::HorizontalShiftGrid>>>> const & __cdecl osgeo::proj::HorizontalShiftGridSet::grids(void) const",method,osgeo::proj,HorizontalShiftGridSet,grids,void,True,False,False,False,False,False,True
650,649,0x289,?grids@VerticalShiftGridSet@proj@osgeo@@QEBAAEBV?$vector@V?$unique_ptr@VVerticalShiftGrid@proj@osgeo@@U?$default_delete@VVerticalShiftGrid@proj@osgeo@@@std@@@std@@V?$allocator@V?$unique_ptr@VVerticalShiftGrid@proj@osgeo@@U?$default_delete@VVerticalShiftGrid@proj@osgeo@@@std@@@std@@@2@@std@@XZ,"public: class std::vector<class std::unique_ptr<class osgeo::proj::VerticalShiftGrid, struct std::default_delete<class osgeo::proj::VerticalShiftGrid>>, class std::allocator<class std::unique_ptr<class osgeo::proj::VerticalShiftGrid, struct std::default_delete<class osgeo::proj::VerticalShiftGrid>>>> const & __cdecl osgeo::proj::VerticalShiftGridSet::grids(void) const",method,osgeo::proj,VerticalShiftGridSet,grids,void,True,False,False,False,False,False,True
651,650,0x28A,?gridsNeeded@ConcatenatedOperation@operation@proj@osgeo@@UEBA?AV?$set@UGridDescription@operation@proj@osgeo@@U?$less@UGridDescription@operation@proj@osgeo@@@std@@V?$allocator@UGridDescription@operation@proj@osgeo@@@6@@std@@AEBV?$shared_ptr@VDatabaseContext@io@proj@osgeo@@@6@_N@Z,"public: virtual class std::set<struct osgeo::proj::operation::GridDescription, struct std::less<struct osgeo::proj::operation::GridDescription>, class std::allocator<struct osgeo::proj::operation::GridDescription>> __cdecl osgeo::proj::operation::ConcatenatedOperation::gridsNeeded(class std::shared_ptr<class osgeo::proj::io::DatabaseContext> const &, bool) const",method,osgeo::proj::operation,ConcatenatedOperation,gridsNeeded,"class std::shared_ptr<class osgeo::proj::io::DatabaseContext> const &, bool",True,False,True,False,False,False,True
652,651,0x28B,?gridsNeeded@SingleOperation@operation@proj@osgeo@@UEBA?AV?$set@UGridDescription@operation@proj@osgeo@@U?$less@UGridDescription@operation@proj@osgeo@@@std@@V?$allocator@UGridDescription@operation@proj@osgeo@@@6@@std@@AEBV?$shared_ptr@VDatabaseContext@io@proj@osgeo@@@6@_N@Z,"public: virtual class std::set<struct osgeo::proj::operation::GridDescription, struct std::less<struct osgeo::proj::operation::GridDescription>, class std::allocator<struct osgeo::proj::operation::GridDescription>> __cdecl osgeo::proj::operation::SingleOperation::gridsNeeded(class std::shared_ptr<class osgeo::proj::io::DatabaseContext> const &, bool) const",method,osgeo::proj::operation,SingleOperation,gridsNeeded,"class std::shared_ptr<class osgeo::proj::io::DatabaseContext> const &, bool",True,False,True,False,False,False,True
653,652,0x28C,?guessDialect@WKTParser@io@proj@osgeo@@QEAA?AW4WKTGuessedDialect@1234@AEBV?$basic_string@DU?$char_traits@D@std@@V?$allocator@D@2@@std@@@Z,"public: enum osgeo::proj::io::WKTParser::WKTGuessedDialect __cdecl osgeo::proj::io::WKTParser::guessDialect(class std::basic_string<char, struct std::char_traits<char>, class std::allocator<char>> const &)",method,osgeo::proj::io,WKTParser,guessDialect,"class std::basic_string<char, struct std::char_traits<char>, class std::allocator<char>> const &",False,False,False,False,False,False,True
654,653,0x28D,?hasBallparkTransformation@CoordinateOperation@operation@proj@osgeo@@QEBA_NXZ,public: bool __cdecl osgeo::proj::operation::CoordinateOperation::hasBallparkTransformation(void) const,method,osgeo::proj::operation,CoordinateOperation,hasBallparkTransformation,void,True,False,False,False,False,False,True
655,654,0x28E,?height@Grid@proj@osgeo@@QEBAHXZ,public: int __cdecl osgeo::proj::Grid::height(void) const,method,osgeo::proj,Grid,height,void,True,False,False,False,False,False,True
656,655,0x28F,?hubCRS@BoundCRS@crs@proj@osgeo@@QEBAAEBV?$nn@V?$shared_ptr@VCRS@crs@proj@osgeo@@@std@@@oxygen@dropbox@@XZ,public: class dropbox::oxygen::nn<class std::shared_ptr<class osgeo::proj::crs::CRS>> const & __cdecl osgeo::proj::crs::BoundCRS::hubCRS(void) const,method,osgeo::proj::crs,BoundCRS,hubCRS,void,True,False,False,False,False,False,True
657,656,0x290,?identifiers@IdentifiedObject@common@proj@osgeo@@QEBAAEBV?$vector@V?$nn@V?$shared_ptr@VIdentifier@metadata@proj@osgeo@@@std@@@oxygen@dropbox@@V?$allocator@V?$nn@V?$shared_ptr@VIdentifier@metadata@proj@osgeo@@@std@@@oxygen@dropbox@@@std@@@std@@XZ,"public: class std::vector<class dropbox::oxygen::nn<class std::shared_ptr<class osgeo::proj::metadata::Identifier>>, class std::allocator<class dropbox::oxygen::nn<class std::shared_ptr<class osgeo::proj::metadata::Identifier>>>> const & __cdecl osgeo::proj::common::IdentifiedObject::identifiers(void) const",method,osgeo::proj::common,IdentifiedObject,identifiers,void,True,False,False,False,False,False,True
658,657,0x291,?identify@CRS@crs@proj@osgeo@@QEBA?AV?$list@U?$pair@V?$nn@V?$shared_ptr@VCRS@crs@proj@osgeo@@@std@@@oxygen@dropbox@@H@std@@V?$allocator@U?$pair@V?$nn@V?$shared_ptr@VCRS@crs@proj@osgeo@@@std@@@oxygen@dropbox@@H@std@@@2@@std@@AEBV?$shared_ptr@VAuthorityFactory@io@proj@osgeo@@@6@@Z,"public: class std::list<struct std::pair<class dropbox::oxygen::nn<class std::shared_ptr<class osgeo::proj::crs::CRS>>, int>, class std::allocator<struct std::pair<class dropbox::oxygen::nn<class std::shared_ptr<class osgeo::proj::crs::CRS>>, int>>> __cdecl osgeo::proj::crs::CRS::identify(class std::shared_ptr<class osgeo::proj::io::AuthorityFactory> const &) const",method,osgeo::proj::crs,CRS,identify,class std::shared_ptr<class osgeo::proj::io::AuthorityFactory> const &,True,False,False,False,False,False,True
659,658,0x292,?identify@CompoundCRS@crs@proj@osgeo@@QEBA?AV?$list@U?$pair@V?$nn@V?$shared_ptr@VCompoundCRS@crs@proj@osgeo@@@std@@@oxygen@dropbox@@H@std@@V?$allocator@U?$pair@V?$nn@V?$shared_ptr@VCompoundCRS@crs@proj@osgeo@@@std@@@oxygen@dropbox@@H@std@@@2@@std@@AEBV?$shared_ptr@VAuthorityFactory@io@proj@osgeo@@@6@@Z,"public: class std::list<struct std::pair<class dropbox::oxygen::nn<class std::shared_ptr<class osgeo::proj::crs::CompoundCRS>>, int>, class std::allocator<struct std::pair<class dropbox::oxygen::nn<class std::shared_ptr<class osgeo::proj::crs::CompoundCRS>>, int>>> __cdecl osgeo::proj::crs::CompoundCRS::identify(class std::shared_ptr<class osgeo::proj::io::AuthorityFactory> const &) const",method,osgeo::proj::crs,CompoundCRS,identify,class std::shared_ptr<class osgeo::proj::io::AuthorityFactory> const &,True,False,False,False,False,False,True
660,659,0x293,?identify@Conversion@operation@proj@osgeo@@QEBA?AV?$nn@V?$shared_ptr@VConversion@operation@proj@osgeo@@@std@@@oxygen@dropbox@@XZ,public: class dropbox::oxygen::nn<class std::shared_ptr<class osgeo::proj::operation::Conversion>> __cdecl osgeo::proj::operation::Conversion::identify(void) const,method,osgeo::proj::operation,Conversion,identify,void,True,False,False,False,False,False,True
661,660,0x294,?identify@Ellipsoid@datum@proj@osgeo@@QEBA?AV?$nn@V?$shared_ptr@VEllipsoid@datum@proj@osgeo@@@std@@@oxygen@dropbox@@XZ,public: class dropbox::oxygen::nn<class std::shared_ptr<class osgeo::proj::datum::Ellipsoid>> __cdecl osgeo::proj::datum::Ellipsoid::identify(void) const,method,osgeo::proj::datum,Ellipsoid,identify,void,True,False,False,False,False,False,True
662,661,0x295,?identify@GeodeticCRS@crs@proj@osgeo@@QEBA?AV?$list@U?$pair@V?$nn@V?$shared_ptr@VGeodeticCRS@crs@proj@osgeo@@@std@@@oxygen@dropbox@@H@std@@V?$allocator@U?$pair@V?$nn@V?$shared_ptr@VGeodeticCRS@crs@proj@osgeo@@@std@@@oxygen@dropbox@@H@std@@@2@@std@@AEBV?$shared_ptr@VAuthorityFactory@io@proj@osgeo@@@6@@Z,"public: class std::list<struct std::pair<class dropbox::oxygen::nn<class std::shared_ptr<class osgeo::proj::crs::GeodeticCRS>>, int>, class std::allocator<struct std::pair<class dropbox::oxygen::nn<class std::shared_ptr<class osgeo::proj::crs::GeodeticCRS>>, int>>> __cdecl osgeo::proj::crs::GeodeticCRS::identify(class std::shared_ptr<class osgeo::proj::io::AuthorityFactory> const &) const",method,osgeo::proj::crs,GeodeticCRS,identify,class std::shared_ptr<class osgeo::proj::io::AuthorityFactory> const &,True,False,False,False,False,False,True
663,662,0x296,?identify@ProjectedCRS@crs@proj@osgeo@@QEBA?AV?$list@U?$pair@V?$nn@V?$shared_ptr@VProjectedCRS@crs@proj@osgeo@@@std@@@oxygen@dropbox@@H@std@@V?$allocator@U?$pair@V?$nn@V?$shared_ptr@VProjectedCRS@crs@proj@osgeo@@@std@@@oxygen@dropbox@@H@std@@@2@@std@@AEBV?$shared_ptr@VAuthorityFactory@io@proj@osgeo@@@6@@Z,"public: class std::list<struct std::pair<class dropbox::oxygen::nn<class std::shared_ptr<class osgeo::proj::crs::ProjectedCRS>>, int>, class std::allocator<struct std::pair<class dropbox::oxygen::nn<class std::shared_ptr<class osgeo::proj::crs::ProjectedCRS>>, int>>> __cdecl osgeo::proj::crs::ProjectedCRS::identify(class std::shared_ptr<class osgeo::proj::io::AuthorityFactory> const &) const",method,osgeo::proj::crs,ProjectedCRS,identify,class std::shared_ptr<class osgeo::proj::io::AuthorityFactory> const &,True,False,False,False,False,False,True
664,663,0x297,?identify@VerticalCRS@crs@proj@osgeo@@QEBA?AV?$list@U?$pair@V?$nn@V?$shared_ptr@VVerticalCRS@crs@proj@osgeo@@@std@@@oxygen@dropbox@@H@std@@V?$allocator@U?$pair@V?$nn@V?$shared_ptr@VVerticalCRS@crs@proj@osgeo@@@std@@@oxygen@dropbox@@H@std@@@2@@std@@AEBV?$shared_ptr@VAuthorityFactory@io@proj@osgeo@@@6@@Z,"public: class std::list<struct std::pair<class dropbox::oxygen::nn<class std::shared_ptr<class osgeo::proj::crs::VerticalCRS>>, int>, class std::allocator<struct std::pair<class dropbox::oxygen::nn<class std::shared_ptr<class osgeo::proj::crs::VerticalCRS>>, int>>> __cdecl osgeo::proj::crs::VerticalCRS::identify(class std::shared_ptr<class osgeo::proj::io::AuthorityFactory> const &) const",method,osgeo::proj::crs,VerticalCRS,identify,class std::shared_ptr<class osgeo::proj::io::AuthorityFactory> const &,True,False,False,False,False,False,True
665,664,0x298,?identifyBodyFromSemiMajorAxis@AuthorityFactory@io@proj@osgeo@@QEBA?AV?$basic_string@DU?$char_traits@D@std@@V?$allocator@D@2@@std@@NN@Z,"public: class std::basic_string<char, struct std::char_traits<char>, class std::allocator<char>> __cdecl osgeo::proj::io::AuthorityFactory::identifyBodyFromSemiMajorAxis(double, double) const",method,osgeo::proj::io,AuthorityFactory,identifyBodyFromSemiMajorAxis,"double, double",True,False,False,False,False,False,True
666,665,0x299,?ingestPROJString@PROJStringFormatter@io@proj@osgeo@@QEAAXAEBV?$basic_string@DU?$char_traits@D@std@@V?$allocator@D@2@@std@@@Z,"public: void __cdecl osgeo::proj::io::PROJStringFormatter::ingestPROJString(class std::basic_string<char, struct std::char_traits<char>, class std::allocator<char>> const &)",method,osgeo::proj::io,PROJStringFormatter,ingestPROJString,"class std::basic_string<char, struct std::char_traits<char>, class std::allocator<char>> const &",False,False,False,False,False,False,True
667,666,0x29A,?integerValue@ParameterValue@operation@proj@osgeo@@QEBAHXZ,public: int __cdecl osgeo::proj::operation::ParameterValue::integerValue(void) const,method,osgeo::proj::operation,ParameterValue,integerValue,void,True,False,False,False,False,False,True
668,667,0x29B,?interpolationCRS@CoordinateOperation@operation@proj@osgeo@@QEBAAEBV?$shared_ptr@VCRS@crs@proj@osgeo@@@std@@XZ,public: class std::shared_ptr<class osgeo::proj::crs::CRS> const & __cdecl osgeo::proj::operation::CoordinateOperation::interpolationCRS(void) const,method,osgeo::proj::operation,CoordinateOperation,interpolationCRS,void,True,False,False,False,False,False,True
669,668,0x29C,?intersection@Extent@metadata@proj@osgeo@@QEBA?AV?$shared_ptr@VExtent@metadata@proj@osgeo@@@std@@AEBV?$nn@V?$shared_ptr@VExtent@metadata@proj@osgeo@@@std@@@oxygen@dropbox@@@Z,public: class std::shared_ptr<class osgeo::proj::metadata::Extent> __cdecl osgeo::proj::metadata::Extent::intersection(class dropbox::oxygen::nn<class std::shared_ptr<class osgeo::proj::metadata::Extent>> const &) const,method,osgeo::proj::metadata,Extent,intersection,class dropbox::oxygen::nn<class std::shared_ptr<class osgeo::proj::metadata::Extent>> const &,True,False,False,False,False,False,True
670,669,0x29D,?intersects@Extent@metadata@proj@osgeo@@QEBA_NAEBV?$nn@V?$shared_ptr@VExtent@metadata@proj@osgeo@@@std@@@oxygen@dropbox@@@Z,public: bool __cdecl osgeo::proj::metadata::Extent::intersects(class dropbox::oxygen::nn<class std::shared_ptr<class osgeo::proj::metadata::Extent>> const &) const,method,osgeo::proj::metadata,Extent,intersects,class dropbox::oxygen::nn<class std::shared_ptr<class osgeo::proj::metadata::Extent>> const &,True,False,False,False,False,False,True
671,670,0x29E,?intersects@TemporalExtent@metadata@proj@osgeo@@QEBA_NAEBV?$nn@V?$shared_ptr@VTemporalExtent@metadata@proj@osgeo@@@std@@@oxygen@dropbox@@@Z,public: bool __cdecl osgeo::proj::metadata::TemporalExtent::intersects(class dropbox::oxygen::nn<class std::shared_ptr<class osgeo::proj::metadata::TemporalExtent>> const &) const,method,osgeo::proj::metadata,TemporalExtent,intersects,class dropbox::oxygen::nn<class std::shared_ptr<class osgeo::proj::metadata::TemporalExtent>> const &,True,False,False,False,False,False,True
672,671,0x29F,?intersects@VerticalExtent@metadata@proj@osgeo@@QEBA_NAEBV?$nn@V?$shared_ptr@VVerticalExtent@metadata@proj@osgeo@@@std@@@oxygen@dropbox@@@Z,public: bool __cdecl osgeo::proj::metadata::VerticalExtent::intersects(class dropbox::oxygen::nn<class std::shared_ptr<class osgeo::proj::metadata::VerticalExtent>> const &) const,method,osgeo::proj::metadata,VerticalExtent,intersects,class dropbox::oxygen::nn<class std::shared_ptr<class osgeo::proj::metadata::VerticalExtent>> const &,True,False,False,False,False,False,True
673,672,0x2A0,?inverse@ConcatenatedOperation@operation@proj@osgeo@@UEBA?AV?$nn@V?$shared_ptr@VCoordinateOperation@operation@proj@osgeo@@@std@@@oxygen@dropbox@@XZ,public: virtual class dropbox::oxygen::nn<class std::shared_ptr<class osgeo::proj::operation::CoordinateOperation>> __cdecl osgeo::proj::operation::ConcatenatedOperation::inverse(void) const,method,osgeo::proj::operation,ConcatenatedOperation,inverse,void,True,False,True,False,False,False,True
674,673,0x2A1,?inverse@Conversion@operation@proj@osgeo@@UEBA?AV?$nn@V?$shared_ptr@VCoordinateOperation@operation@proj@osgeo@@@std@@@oxygen@dropbox@@XZ,public: virtual class dropbox::oxygen::nn<class std::shared_ptr<class osgeo::proj::operation::CoordinateOperation>> __cdecl osgeo::proj::operation::Conversion::inverse(void) const,method,osgeo::proj::operation,Conversion,inverse,void,True,False,True,False,False,False,True
675,674,0x2A2,?inverse@Transformation@operation@proj@osgeo@@UEBA?AV?$nn@V?$shared_ptr@VCoordinateOperation@operation@proj@osgeo@@@std@@@oxygen@dropbox@@XZ,public: virtual class dropbox::oxygen::nn<class std::shared_ptr<class osgeo::proj::operation::CoordinateOperation>> __cdecl osgeo::proj::operation::Transformation::inverse(void) const,method,osgeo::proj::operation,Transformation,inverse,void,True,False,True,False,False,False,True
676,675,0x2A3,?inverseFlattening@Ellipsoid@datum@proj@osgeo@@QEBAAEBV?$optional@VScale@common@proj@osgeo@@@util@34@XZ,public: class osgeo::proj::util::optional<class osgeo::proj::common::Scale> const & __cdecl osgeo::proj::datum::Ellipsoid::inverseFlattening(void) const,method,osgeo::proj::datum,Ellipsoid,inverseFlattening,void,True,False,False,False,False,False,True
677,676,0x2A4,?is2DPartOf3D@GeographicCRS@crs@proj@osgeo@@QEBA_NV?$nn@PEBVGeographicCRS@crs@proj@osgeo@@@oxygen@dropbox@@AEBV?$shared_ptr@VDatabaseContext@io@proj@osgeo@@@std@@@Z,"public: bool __cdecl osgeo::proj::crs::GeographicCRS::is2DPartOf3D(class dropbox::oxygen::nn<class osgeo::proj::crs::GeographicCRS const *>, class std::shared_ptr<class osgeo::proj::io::DatabaseContext> const &) const",method,osgeo::proj::crs,GeographicCRS,is2DPartOf3D,"class dropbox::oxygen::nn<class osgeo::proj::crs::GeographicCRS const *>, class std::shared_ptr<class osgeo::proj::io::DatabaseContext> const &",True,False,False,False,False,False,True
678,677,0x2A5,?isAllowedEllipsoidalHeightAsVerticalCRS@WKTFormatter@io@proj@osgeo@@QEBA_NXZ,public: bool __cdecl osgeo::proj::io::WKTFormatter::isAllowedEllipsoidalHeightAsVerticalCRS(void) const,method,osgeo::proj::io,WKTFormatter,isAllowedEllipsoidalHeightAsVerticalCRS,void,True,False,False,False,False,False,True
679,678,0x2A6,?isDeprecated@IdentifiedObject@common@proj@osgeo@@QEBA_NXZ,public: bool __cdecl osgeo::proj::common::IdentifiedObject::isDeprecated(void) const,method,osgeo::proj::common,IdentifiedObject,isDeprecated,void,True,False,False,False,False,False,True
680,679,0x2A7,?isEquivalentName@Identifier@metadata@proj@osgeo@@SA_NPEBD0@Z,"public: static bool __cdecl osgeo::proj::metadata::Identifier::isEquivalentName(char const *, char const *)",method,osgeo::proj::metadata,Identifier,isEquivalentName,"char const *, char const *",False,True,False,False,False,False,True
681,680,0x2A8,?isEquivalentTo@IComparable@util@proj@osgeo@@QEBA_NPEBV1234@W4Criterion@1234@AEBV?$shared_ptr@VDatabaseContext@io@proj@osgeo@@@std@@@Z,"public: bool __cdecl osgeo::proj::util::IComparable::isEquivalentTo(class osgeo::proj::util::IComparable const *, enum osgeo::proj::util::IComparable::Criterion, class std::shared_ptr<class osgeo::proj::io::DatabaseContext> const &) const",method,osgeo::proj::util,IComparable,isEquivalentTo,"class osgeo::proj::util::IComparable const *, enum osgeo::proj::util::IComparable::Criterion, class std::shared_ptr<class osgeo::proj::io::DatabaseContext> const &",True,False,False,False,False,False,True
682,681,0x2A9,?isGeocentric@GeodeticCRS@crs@proj@osgeo@@QEBA_NXZ,public: bool __cdecl osgeo::proj::crs::GeodeticCRS::isGeocentric(void) const,method,osgeo::proj::crs,GeodeticCRS,isGeocentric,void,True,False,False,False,False,False,True
683,682,0x2AA,?isGlobal@NameSpace@util@proj@osgeo@@QEBA_NXZ,public: bool __cdecl osgeo::proj::util::NameSpace::isGlobal(void) const,method,osgeo::proj::util,NameSpace,isGlobal,void,True,False,False,False,False,False,True
684,683,0x2AB,?isISO_8601@DateTime@common@proj@osgeo@@QEBA_NXZ,public: bool __cdecl osgeo::proj::common::DateTime::isISO_8601(void) const,method,osgeo::proj::common,DateTime,isISO_8601,void,True,False,False,False,False,False,True
685,684,0x2AC,?isNullGrid@Grid@proj@osgeo@@UEBA_NXZ,public: virtual bool __cdecl osgeo::proj::Grid::isNullGrid(void) const,method,osgeo::proj,Grid,isNullGrid,void,True,False,True,False,False,False,True
686,685,0x2AD,?isPROJInstantiable@CoordinateOperation@operation@proj@osgeo@@QEBA_NAEBV?$shared_ptr@VDatabaseContext@io@proj@osgeo@@@std@@_N@Z,"public: bool __cdecl osgeo::proj::operation::CoordinateOperation::isPROJInstantiable(class std::shared_ptr<class osgeo::proj::io::DatabaseContext> const &, bool) const",method,osgeo::proj::operation,CoordinateOperation,isPROJInstantiable,"class std::shared_ptr<class osgeo::proj::io::DatabaseContext> const &, bool",True,False,False,False,False,False,True
687,686,0x2AE,?isSphere@Ellipsoid@datum@proj@osgeo@@QEBA_NXZ,public: bool __cdecl osgeo::proj::datum::Ellipsoid::isSphere(void) const,method,osgeo::proj::datum,Ellipsoid,isSphere,void,True,False,False,False,False,False,True
688,687,0x2AF,?isSphericalPlanetocentric@GeodeticCRS@crs@proj@osgeo@@QEBA_NXZ,public: bool __cdecl osgeo::proj::crs::GeodeticCRS::isSphericalPlanetocentric(void) const,method,osgeo::proj::crs,GeodeticCRS,isSphericalPlanetocentric,void,True,False,False,False,False,False,True
689,688,0x2B0,?isStrict@WKTFormatter@io@proj@osgeo@@QEBA_NXZ,public: bool __cdecl osgeo::proj::io::WKTFormatter::isStrict(void) const,method,osgeo::proj::io,WKTFormatter,isStrict,void,True,False,False,False,False,False,True
690,689,0x2B1,?isUTM@Conversion@operation@proj@osgeo@@QEBA_NAEAHAEA_N@Z,"public: bool __cdecl osgeo::proj::operation::Conversion::isUTM(int &, bool &) const",method,osgeo::proj::operation,Conversion,isUTM,"int &, bool &",True,False,False,False,False,False,True
691,690,0x2B2,?listAreaOfUseFromName@AuthorityFactory@io@proj@osgeo@@QEBA?AV?$list@U?$pair@V?$basic_string@DU?$char_traits@D@std@@V?$allocator@D@2@@std@@V12@@std@@V?$allocator@U?$pair@V?$basic_string@DU?$char_traits@D@std@@V?$allocator@D@2@@std@@V12@@std@@@2@@std@@AEBV?$basic_string@DU?$char_traits@D@std@@V?$allocator@D@2@@6@_N@Z,"public: class std::list<struct std::pair<class std::basic_string<char, struct std::char_traits<char>, class std::allocator<char>>, class std::basic_string<char, struct std::char_traits<char>, class std::allocator<char>>>, class std::allocator<struct std::pair<class std::basic_string<char, struct std::char_traits<char>, class std::allocator<char>>, class std::basic_string<char, struct std::char_traits<char>, class std::allocator<char>>>>> __cdecl osgeo::proj::io::AuthorityFactory::listAreaOfUseFromName(class std::basic_string<char, struct std::char_traits<char>, class std::allocator<char>> const &, bool) const",method,osgeo::proj::io,AuthorityFactory,listAreaOfUseFromName,"class std::basic_string<char, struct std::char_traits<char>, class std::allocator<char>> const &, bool",True,False,False,False,False,False,True
692,691,0x2B3,?longitude@Meridian@cs@proj@osgeo@@QEBAAEBVAngle@common@34@XZ,public: class osgeo::proj::common::Angle const & __cdecl osgeo::proj::cs::Meridian::longitude(void) const,method,osgeo::proj::cs,Meridian,longitude,void,True,False,False,False,False,False,True
693,692,0x2B4,?longitude@PrimeMeridian@datum@proj@osgeo@@QEBAAEBVAngle@common@34@XZ,public: class osgeo::proj::common::Angle const & __cdecl osgeo::proj::datum::PrimeMeridian::longitude(void) const,method,osgeo::proj::datum,PrimeMeridian,longitude,void,True,False,False,False,False,False,True
694,693,0x2B5,?lookForChild@WKTNode@io@proj@osgeo@@QEBAAEBV?$unique_ptr@VWKTNode@io@proj@osgeo@@U?$default_delete@VWKTNode@io@proj@osgeo@@@std@@@std@@AEBV?$basic_string@DU?$char_traits@D@std@@V?$allocator@D@2@@6@H@Z,"public: class std::unique_ptr<class osgeo::proj::io::WKTNode, struct std::default_delete<class osgeo::proj::io::WKTNode>> const & __cdecl osgeo::proj::io::WKTNode::lookForChild(class std::basic_string<char, struct std::char_traits<char>, class std::allocator<char>> const &, int) const",method,osgeo::proj::io,WKTNode,lookForChild,"class std::basic_string<char, struct std::char_traits<char>, class std::allocator<char>> const &, int",True,False,False,False,False,False,True
695,694,0x2B6,?lookForGridInfo@DatabaseContext@io@proj@osgeo@@QEBA_NAEBV?$basic_string@DU?$char_traits@D@std@@V?$allocator@D@2@@std@@_NAEAV56@22AEA_N33@Z,"public: bool __cdecl osgeo::proj::io::DatabaseContext::lookForGridInfo(class std::basic_string<char, struct std::char_traits<char>, class std::allocator<char>> const &, bool, class std::basic_string<char, struct std::char_traits<char>, class std::allocator<char>> &, class std::basic_string<char, struct std::char_traits<char>, class std::allocator<char>> &, class std::basic_string<char, struct std::char_traits<char>, class std::allocator<char>> &, bool &, bool &, bool &) const",method,osgeo::proj::io,DatabaseContext,lookForGridInfo,"class std::basic_string<char, struct std::char_traits<char>, class std::allocator<char>> const &, bool, class std::basic_string<char, struct std::char_traits<char>, class std::allocator<char>> &, class std::basic_string<char, struct std::char_traits<char>, class std::allocator<char>> &, class std::basic_string<char, struct std::char_traits<char>, class std::allocator<char>> &, bool &, bool &, bool &",True,False,False,False,False,False,True
696,695,0x2B7,?maximumValue@CoordinateSystemAxis@cs@proj@osgeo@@QEBAAEBV?$optional@N@util@34@XZ,public: class osgeo::proj::util::optional<double> const & __cdecl osgeo::proj::cs::CoordinateSystemAxis::maximumValue(void) const,method,osgeo::proj::cs,CoordinateSystemAxis,maximumValue,void,True,False,False,False,False,False,True
697,696,0x2B8,?maximumValue@VerticalExtent@metadata@proj@osgeo@@QEBANXZ,public: double __cdecl osgeo::proj::metadata::VerticalExtent::maximumValue(void) const,method,osgeo::proj::metadata,VerticalExtent,maximumValue,void,True,False,False,False,False,False,True
698,697,0x2B9,?meridian@CoordinateSystemAxis@cs@proj@osgeo@@QEBAAEBV?$shared_ptr@VMeridian@cs@proj@osgeo@@@std@@XZ,public: class std::shared_ptr<class osgeo::proj::cs::Meridian> const & __cdecl osgeo::proj::cs::CoordinateSystemAxis::meridian(void) const,method,osgeo::proj::cs,CoordinateSystemAxis,meridian,void,True,False,False,False,False,False,True
699,698,0x2BA,?method@SingleOperation@operation@proj@osgeo@@QEBAAEBV?$nn@V?$shared_ptr@VOperationMethod@operation@proj@osgeo@@@std@@@oxygen@dropbox@@XZ,public: class dropbox::oxygen::nn<class std::shared_ptr<class osgeo::proj::operation::OperationMethod>> const & __cdecl osgeo::proj::operation::SingleOperation::method(void) const,method,osgeo::proj::operation,SingleOperation,method,void,True,False,False,False,False,False,True
700,699,0x2BB,?minimumValue@CoordinateSystemAxis@cs@proj@osgeo@@QEBAAEBV?$optional@N@util@34@XZ,public: class osgeo::proj::util::optional<double> const & __cdecl osgeo::proj::cs::CoordinateSystemAxis::minimumValue(void) const,method,osgeo::proj::cs,CoordinateSystemAxis,minimumValue,void,True,False,False,False,False,False,True
701,700,0x2BC,?minimumValue@VerticalExtent@metadata@proj@osgeo@@QEBANXZ,public: double __cdecl osgeo::proj::metadata::VerticalExtent::minimumValue(void) const,method,osgeo::proj::metadata,VerticalExtent,minimumValue,void,True,False,False,False,False,False,True
702,701,0x2BD,?name@GenericShiftGridSet@proj@osgeo@@QEBAAEBV?$basic_string@DU?$char_traits@D@std@@V?$allocator@D@2@@std@@XZ,"public: class std::basic_string<char, struct std::char_traits<char>, class std::allocator<char>> const & __cdecl osgeo::proj::GenericShiftGridSet::name(void) const",method,osgeo::proj,GenericShiftGridSet,name,void,True,False,False,False,False,False,True
703,702,0x2BE,?name@Grid@proj@osgeo@@QEBAAEBV?$basic_string@DU?$char_traits@D@std@@V?$allocator@D@2@@std@@XZ,"public: class std::basic_string<char, struct std::char_traits<char>, class std::allocator<char>> const & __cdecl osgeo::proj::Grid::name(void) const",method,osgeo::proj,Grid,name,void,True,False,False,False,False,False,True
704,703,0x2BF,?name@HorizontalShiftGridSet@proj@osgeo@@QEBAAEBV?$basic_string@DU?$char_traits@D@std@@V?$allocator@D@2@@std@@XZ,"public: class std::basic_string<char, struct std::char_traits<char>, class std::allocator<char>> const & __cdecl osgeo::proj::HorizontalShiftGridSet::name(void) const",method,osgeo::proj,HorizontalShiftGridSet,name,void,True,False,False,False,False,False,True
705,704,0x2C0,?name@IdentifiedObject@common@proj@osgeo@@QEBAAEBV?$nn@V?$shared_ptr@VIdentifier@metadata@proj@osgeo@@@std@@@oxygen@dropbox@@XZ,public: class dropbox::oxygen::nn<class std::shared_ptr<class osgeo::proj::metadata::Identifier>> const & __cdecl osgeo::proj::common::IdentifiedObject::name(void) const,method,osgeo::proj::common,IdentifiedObject,name,void,True,False,False,False,False,False,True
706,705,0x2C1,?name@NameSpace@util@proj@osgeo@@QEBAAEBV?$shared_ptr@VGenericName@util@proj@osgeo@@@std@@XZ,public: class std::shared_ptr<class osgeo::proj::util::GenericName> const & __cdecl osgeo::proj::util::NameSpace::name(void) const,method,osgeo::proj::util,NameSpace,name,void,True,False,False,False,False,False,True
707,706,0x2C2,?name@UnitOfMeasure@common@proj@osgeo@@QEBAAEBV?$basic_string@DU?$char_traits@D@std@@V?$allocator@D@2@@std@@XZ,"public: class std::basic_string<char, struct std::char_traits<char>, class std::allocator<char>> const & __cdecl osgeo::proj::common::UnitOfMeasure::name(void) const",method,osgeo::proj::common,UnitOfMeasure,name,void,True,False,False,False,False,False,True
708,707,0x2C3,?name@VerticalShiftGridSet@proj@osgeo@@QEBAAEBV?$basic_string@DU?$char_traits@D@std@@V?$allocator@D@2@@std@@XZ,"public: class std::basic_string<char, struct std::char_traits<char>, class std::allocator<char>> const & __cdecl osgeo::proj::VerticalShiftGridSet::name(void) const",method,osgeo::proj,VerticalShiftGridSet,name,void,True,False,False,False,False,False,True
709,708,0x2C4,?nameStr@IdentifiedObject@common@proj@osgeo@@QEBAAEBV?$basic_string@DU?$char_traits@D@std@@V?$allocator@D@2@@std@@XZ,"public: class std::basic_string<char, struct std::char_traits<char>, class std::allocator<char>> const & __cdecl osgeo::proj::common::IdentifiedObject::nameStr(void) const",method,osgeo::proj::common,IdentifiedObject,nameStr,void,True,False,False,False,False,False,True
710,709,0x2C5,?normalizeForVisualization@CRS@crs@proj@osgeo@@QEBA?AV?$nn@V?$shared_ptr@VCRS@crs@proj@osgeo@@@std@@@oxygen@dropbox@@XZ,public: class dropbox::oxygen::nn<class std::shared_ptr<class osgeo::proj::crs::CRS>> __cdecl osgeo::proj::crs::CRS::normalizeForVisualization(void) const,method,osgeo::proj::crs,CRS,normalizeForVisualization,void,True,False,False,False,False,False,True
711,710,0x2C6,?normalizeForVisualization@CoordinateOperation@operation@proj@osgeo@@QEBA?AV?$nn@V?$shared_ptr@VCoordinateOperation@operation@proj@osgeo@@@std@@@oxygen@dropbox@@XZ,public: class dropbox::oxygen::nn<class std::shared_ptr<class osgeo::proj::operation::CoordinateOperation>> __cdecl osgeo::proj::operation::CoordinateOperation::normalizeForVisualization(void) const,method,osgeo::proj::operation,CoordinateOperation,normalizeForVisualization,void,True,False,False,False,False,False,True
712,711,0x2C7,?northBoundLatitude@GeographicBoundingBox@metadata@proj@osgeo@@QEBANXZ,public: double __cdecl osgeo::proj::metadata::GeographicBoundingBox::northBoundLatitude(void) const,method,osgeo::proj::metadata,GeographicBoundingBox,northBoundLatitude,void,True,False,False,False,False,False,True
713,712,0x2C8,?open@FileManager@proj@osgeo@@SA?AV?$unique_ptr@VFile@proj@osgeo@@U?$default_delete@VFile@proj@osgeo@@@std@@@std@@PEAUpj_ctx@@PEBDW4FileAccess@23@@Z,"public: static class std::unique_ptr<class osgeo::proj::File, struct std::default_delete<class osgeo::proj::File>> __cdecl osgeo::proj::FileManager::open(struct pj_ctx *, char const *, enum osgeo::proj::FileAccess)",method,osgeo::proj,FileManager,open,"struct pj_ctx *, char const *, enum osgeo::proj::FileAccess",False,True,False,False,False,False,True
714,713,0x2C9,?open@GenericShiftGridSet@proj@osgeo@@SA?AV?$unique_ptr@VGenericShiftGridSet@proj@osgeo@@U?$default_delete@VGenericShiftGridSet@proj@osgeo@@@std@@@std@@PEAUpj_ctx@@AEBV?$basic_string@DU?$char_traits@D@std@@V?$allocator@D@2@@5@@Z,"public: static class std::unique_ptr<class osgeo::proj::GenericShiftGridSet, struct std::default_delete<class osgeo::proj::GenericShiftGridSet>> __cdecl osgeo::proj::GenericShiftGridSet::open(struct pj_ctx *, class std::basic_string<char, struct std::char_traits<char>, class std::allocator<char>> const &)",method,osgeo::proj,GenericShiftGridSet,open,"struct pj_ctx *, class std::basic_string<char, struct std::char_traits<char>, class std::allocator<char>> const &",False,True,False,False,False,False,True
715,714,0x2CA,?open@HorizontalShiftGridSet@proj@osgeo@@SA?AV?$unique_ptr@VHorizontalShiftGridSet@proj@osgeo@@U?$default_delete@VHorizontalShiftGridSet@proj@osgeo@@@std@@@std@@PEAUpj_ctx@@AEBV?$basic_string@DU?$char_traits@D@std@@V?$allocator@D@2@@5@@Z,"public: static class std::unique_ptr<class osgeo::proj::HorizontalShiftGridSet, struct std::default_delete<class osgeo::proj::HorizontalShiftGridSet>> __cdecl osgeo::proj::HorizontalShiftGridSet::open(struct pj_ctx *, class std::basic_string<char, struct std::char_traits<char>, class std::allocator<char>> const &)",method,osgeo::proj,HorizontalShiftGridSet,open,"struct pj_ctx *, class std::basic_string<char, struct std::char_traits<char>, class std::allocator<char>> const &",False,True,False,False,False,False,True
716,715,0x2CB,?open@VerticalShiftGridSet@proj@osgeo@@SA?AV?$unique_ptr@VVerticalShiftGridSet@proj@osgeo@@U?$default_delete@VVerticalShiftGridSet@proj@osgeo@@@std@@@std@@PEAUpj_ctx@@AEBV?$basic_string@DU?$char_traits@D@std@@V?$allocator@D@2@@5@@Z,"public: static class std::unique_ptr<class osgeo::proj::VerticalShiftGridSet, struct std::default_delete<class osgeo::proj::VerticalShiftGridSet>> __cdecl osgeo::proj::VerticalShiftGridSet::open(struct pj_ctx *, class std::basic_string<char, struct std::char_traits<char>, class std::allocator<char>> const &)",method,osgeo::proj,VerticalShiftGridSet,open,"struct pj_ctx *, class std::basic_string<char, struct std::char_traits<char>, class std::allocator<char>> const &",False,True,False,False,False,False,True
717,716,0x2CC,?operationVersion@CoordinateOperation@operation@proj@osgeo@@QEBAAEBV?$optional@V?$basic_string@DU?$char_traits@D@std@@V?$allocator@D@2@@std@@@util@34@XZ,"public: class osgeo::proj::util::optional<class std::basic_string<char, struct std::char_traits<char>, class std::allocator<char>>> const & __cdecl osgeo::proj::operation::CoordinateOperation::operationVersion(void) const",method,osgeo::proj::operation,CoordinateOperation,operationVersion,void,True,False,False,False,False,False,True
718,717,0x2CD,?operations@ConcatenatedOperation@operation@proj@osgeo@@QEBAAEBV?$vector@V?$nn@V?$shared_ptr@VCoordinateOperation@operation@proj@osgeo@@@std@@@oxygen@dropbox@@V?$allocator@V?$nn@V?$shared_ptr@VCoordinateOperation@operation@proj@osgeo@@@std@@@oxygen@dropbox@@@std@@@std@@XZ,"public: class std::vector<class dropbox::oxygen::nn<class std::shared_ptr<class osgeo::proj::operation::CoordinateOperation>>, class std::allocator<class dropbox::oxygen::nn<class std::shared_ptr<class osgeo::proj::operation::CoordinateOperation>>>> const & __cdecl osgeo::proj::operation::ConcatenatedOperation::operations(void) const",method,osgeo::proj::operation,ConcatenatedOperation,operations,void,True,False,False,False,False,False,True
719,718,0x2CE,?parameter@OperationParameterValue@operation@proj@osgeo@@QEBAAEBV?$nn@V?$shared_ptr@VOperationParameter@operation@proj@osgeo@@@std@@@oxygen@dropbox@@XZ,public: class dropbox::oxygen::nn<class std::shared_ptr<class osgeo::proj::operation::OperationParameter>> const & __cdecl osgeo::proj::operation::OperationParameterValue::parameter(void) const,method,osgeo::proj::operation,OperationParameterValue,parameter,void,True,False,False,False,False,False,True
720,719,0x2CF,?parameterValue@OperationParameterValue@operation@proj@osgeo@@QEBAAEBV?$nn@V?$shared_ptr@VParameterValue@operation@proj@osgeo@@@std@@@oxygen@dropbox@@XZ,public: class dropbox::oxygen::nn<class std::shared_ptr<class osgeo::proj::operation::ParameterValue>> const & __cdecl osgeo::proj::operation::OperationParameterValue::parameterValue(void) const,method,osgeo::proj::operation,OperationParameterValue,parameterValue,void,True,False,False,False,False,False,True
721,720,0x2D0,?parameterValue@SingleOperation@operation@proj@osgeo@@QEBAAEBV?$shared_ptr@VParameterValue@operation@proj@osgeo@@@std@@AEBV?$basic_string@DU?$char_traits@D@std@@V?$allocator@D@2@@6@H@Z,"public: class std::shared_ptr<class osgeo::proj::operation::ParameterValue> const & __cdecl osgeo::proj::operation::SingleOperation::parameterValue(class std::basic_string<char, struct std::char_traits<char>, class std::allocator<char>> const &, int) const",method,osgeo::proj::operation,SingleOperation,parameterValue,"class std::basic_string<char, struct std::char_traits<char>, class std::allocator<char>> const &, int",True,False,False,False,False,False,True
722,721,0x2D1,?parameterValue@SingleOperation@operation@proj@osgeo@@QEBAAEBV?$shared_ptr@VParameterValue@operation@proj@osgeo@@@std@@H@Z,public: class std::shared_ptr<class osgeo::proj::operation::ParameterValue> const & __cdecl osgeo::proj::operation::SingleOperation::parameterValue(int) const,method,osgeo::proj::operation,SingleOperation,parameterValue,int,True,False,False,False,False,False,True
723,722,0x2D2,?parameterValueMeasure@SingleOperation@operation@proj@osgeo@@QEBAAEBVMeasure@common@34@AEBV?$basic_string@DU?$char_traits@D@std@@V?$allocator@D@2@@std@@H@Z,"public: class osgeo::proj::common::Measure const & __cdecl osgeo::proj::operation::SingleOperation::parameterValueMeasure(class std::basic_string<char, struct std::char_traits<char>, class std::allocator<char>> const &, int) const",method,osgeo::proj::operation,SingleOperation,parameterValueMeasure,"class std::basic_string<char, struct std::char_traits<char>, class std::allocator<char>> const &, int",True,False,False,False,False,False,True
724,723,0x2D3,?parameterValueMeasure@SingleOperation@operation@proj@osgeo@@QEBAAEBVMeasure@common@34@H@Z,public: class osgeo::proj::common::Measure const & __cdecl osgeo::proj::operation::SingleOperation::parameterValueMeasure(int) const,method,osgeo::proj::operation,SingleOperation,parameterValueMeasure,int,True,False,False,False,False,False,True
725,724,0x2D4,?parameterValueNumeric@SingleOperation@operation@proj@osgeo@@QEBANHAEBVUnitOfMeasure@common@34@@Z,"public: double __cdecl osgeo::proj::operation::SingleOperation::parameterValueNumeric(int, class osgeo::proj::common::UnitOfMeasure const &) const",method,osgeo::proj::operation,SingleOperation,parameterValueNumeric,"int, class osgeo::proj::common::UnitOfMeasure const &",True,False,False,False,False,False,True
726,725,0x2D5,?parameterValues@SingleOperation@operation@proj@osgeo@@QEBAAEBV?$vector@V?$nn@V?$shared_ptr@VGeneralParameterValue@operation@proj@osgeo@@@std@@@oxygen@dropbox@@V?$allocator@V?$nn@V?$shared_ptr@VGeneralParameterValue@operation@proj@osgeo@@@std@@@oxygen@dropbox@@@std@@@std@@XZ,"public: class std::vector<class dropbox::oxygen::nn<class std::shared_ptr<class osgeo::proj::operation::GeneralParameterValue>>, class std::allocator<class dropbox::oxygen::nn<class std::shared_ptr<class osgeo::proj::operation::GeneralParameterValue>>>> const & __cdecl osgeo::proj::operation::SingleOperation::parameterValues(void) const",method,osgeo::proj::operation,SingleOperation,parameterValues,void,True,False,False,False,False,False,True
727,726,0x2D6,?parameters@OperationMethod@operation@proj@osgeo@@QEBAAEBV?$vector@V?$nn@V?$shared_ptr@VGeneralOperationParameter@operation@proj@osgeo@@@std@@@oxygen@dropbox@@V?$allocator@V?$nn@V?$shared_ptr@VGeneralOperationParameter@operation@proj@osgeo@@@std@@@oxygen@dropbox@@@std@@@std@@XZ,"public: class std::vector<class dropbox::oxygen::nn<class std::shared_ptr<class osgeo::proj::operation::GeneralOperationParameter>>, class std::allocator<class dropbox::oxygen::nn<class std::shared_ptr<class osgeo::proj::operation::GeneralOperationParameter>>>> const & __cdecl osgeo::proj::operation::OperationMethod::parameters(void) const",method,osgeo::proj::operation,OperationMethod,parameters,void,True,False,False,False,False,False,True
728,727,0x2D7,?pj_add_type_crs_if_needed@@YA?AV?$basic_string@DU?$char_traits@D@std@@V?$allocator@D@2@@std@@AEBV12@@Z,"class std::basic_string<char, struct std::char_traits<char>, class std::allocator<char>> __cdecl pj_add_type_crs_if_needed(class std::basic_string<char, struct std::char_traits<char>, class std::allocator<char>> const &)",function,,,pj_add_type_crs_if_needed,"class std::basic_string<char, struct std::char_traits<char>, class std::allocator<char>> const &",False,False,False,False,False,False,True
729,728,0x2D8,?pj_approx_2D_trans@@YA?ATPJ_COORD@@PEAUPJconsts@@W4PJ_DIRECTION@@T1@@Z,"union PJ_COORD __cdecl pj_approx_2D_trans(struct PJconsts *, enum PJ_DIRECTION, union PJ_COORD)",function,,,pj_approx_2D_trans,"struct PJconsts *, enum PJ_DIRECTION, union PJ_COORD",False,False,False,False,False,False,True
730,729,0x2D9,?pj_approx_3D_trans@@YA?ATPJ_COORD@@PEAUPJconsts@@W4PJ_DIRECTION@@T1@@Z,"union PJ_COORD __cdecl pj_approx_3D_trans(struct PJconsts *, enum PJ_DIRECTION, union PJ_COORD)",function,,,pj_approx_3D_trans,"struct PJconsts *, enum PJ_DIRECTION, union PJ_COORD",False,False,False,False,False,False,True
731,730,0x2DA,?pj_atof@@YANPEBD@Z,double __cdecl pj_atof(char const *),function,,,pj_atof,char const *,False,False,False,False,False,False,True
732,731,0x2DB,?pj_chomp@@YAPEADPEAD@Z,char * __cdecl pj_chomp(char *),function,,,pj_chomp,char *,False,False,False,False,False,False,True
733,732,0x2DC,?pj_context_get_grid_cache_filename@@YA?AV?$basic_string@DU?$char_traits@D@std@@V?$allocator@D@2@@std@@PEAUpj_ctx@@@Z,"class std::basic_string<char, struct std::char_traits<char>, class std::allocator<char>> __cdecl pj_context_get_grid_cache_filename(struct pj_ctx *)",function,,,pj_context_get_grid_cache_filename,struct pj_ctx *,False,False,False,False,False,False,True
734,733,0x2DD,?pj_context_set_user_writable_directory@@YAXPEAUpj_ctx@@AEBV?$basic_string@DU?$char_traits@D@std@@V?$allocator@D@2@@std@@@Z,"void __cdecl pj_context_set_user_writable_directory(struct pj_ctx *, class std::basic_string<char, struct std::char_traits<char>, class std::allocator<char>> const &)",function,,,pj_context_set_user_writable_directory,"struct pj_ctx *, class std::basic_string<char, struct std::char_traits<char>, class std::allocator<char>> const &",False,False,False,False,False,False,True
735,734,0x2DE,?pj_ell_set@@YAHPEAUpj_ctx@@PEAUARG_list@@PEAN2@Z,"int __cdecl pj_ell_set(struct pj_ctx *, struct ARG_list *, double *, double *)",function,,,pj_ell_set,"struct pj_ctx *, struct ARG_list *, double *, double *",False,False,False,False,False,False,True
736,735,0x2DF,?pj_fwd@@YA?AUPJ_XY@@UPJ_LP@@PEAUPJconsts@@@Z,"struct PJ_XY __cdecl pj_fwd(struct PJ_LP, struct PJconsts *)",function,,,pj_fwd,"struct PJ_LP, struct PJconsts *",False,False,False,False,False,False,True
737,736,0x2E0,?pj_get_datums_ref@@YAPEAUPJ_DATUMS@@XZ,struct PJ_DATUMS * __cdecl pj_get_datums_ref(void),function,,,pj_get_datums_ref,void,False,False,False,False,False,False,True
738,737,0x2E1,?pj_get_default_ctx@@YAPEAUpj_ctx@@XZ,struct pj_ctx * __cdecl pj_get_default_ctx(void),function,,,pj_get_default_ctx,void,False,False,False,False,False,False,True
739,738,0x2E2,?pj_get_default_searchpaths@@YA?AV?$vector@V?$basic_string@DU?$char_traits@D@std@@V?$allocator@D@2@@std@@V?$allocator@V?$basic_string@DU?$char_traits@D@std@@V?$allocator@D@2@@std@@@2@@std@@PEAUpj_ctx@@@Z,"class std::vector<class std::basic_string<char, struct std::char_traits<char>, class std::allocator<char>>, class std::allocator<class std::basic_string<char, struct std::char_traits<char>, class std::allocator<char>>>> __cdecl pj_get_default_searchpaths(struct pj_ctx *)",function,,,pj_get_default_searchpaths,struct pj_ctx *,False,False,False,False,False,False,True
740,739,0x2E3,?pj_get_relative_share_proj@@YA?AV?$basic_string@DU?$char_traits@D@std@@V?$allocator@D@2@@std@@PEAUpj_ctx@@@Z,"class std::basic_string<char, struct std::char_traits<char>, class std::allocator<char>> __cdecl pj_get_relative_share_proj(struct pj_ctx *)",function,,,pj_get_relative_share_proj,struct pj_ctx *,False,False,False,False,False,False,True
741,740,0x2E4,?pj_get_release@@YAPEBDXZ,char const * __cdecl pj_get_release(void),function,,,pj_get_release,void,False,False,False,False,False,False,True
742,741,0x2E5,?pj_inv@@YA?AUPJ_LP@@UPJ_XY@@PEAUPJconsts@@@Z,"struct PJ_LP __cdecl pj_inv(struct PJ_XY, struct PJconsts *)",function,,,pj_inv,"struct PJ_XY, struct PJconsts *",False,False,False,False,False,False,True
743,742,0x2E6,?pj_mkparam@@YAPEAUARG_list@@PEBD@Z,struct ARG_list * __cdecl pj_mkparam(char const *),function,,,pj_mkparam,char const *,False,False,False,False,False,False,True
744,743,0x2E7,?pj_param@@YA?ATPROJVALUE@@PEAUpj_ctx@@PEAUARG_list@@PEBD@Z,"union PROJVALUE __cdecl pj_param(struct pj_ctx *, struct ARG_list *, char const *)",function,,,pj_param,"struct pj_ctx *, struct ARG_list *, char const *",False,False,False,False,False,False,True
745,744,0x2E8,?pj_param_exists@@YAPEAUARG_list@@PEAU1@PEBD@Z,"struct ARG_list * __cdecl pj_param_exists(struct ARG_list *, char const *)",function,,,pj_param_exists,"struct ARG_list *, char const *",False,False,False,False,False,False,True
746,745,0x2E9,?pj_phi2@@YANPEAUpj_ctx@@NN@Z,"double __cdecl pj_phi2(struct pj_ctx *, double, double)",function,,,pj_phi2,"struct pj_ctx *, double, double",False,False,False,False,False,False,True
747,746,0x2EA,?pj_pr_list@@YAXPEAUPJconsts@@@Z,void __cdecl pj_pr_list(struct PJconsts *),function,,,pj_pr_list,struct PJconsts *,False,False,False,False,False,False,True
748,747,0x2EB,?pj_shrink@@YAPEADPEAD@Z,char * __cdecl pj_shrink(char *),function,,,pj_shrink,char *,False,False,False,False,False,False,True
749,748,0x2EC,?positionalAccuracy@DatumEnsemble@datum@proj@osgeo@@QEBAAEBV?$nn@V?$shared_ptr@VPositionalAccuracy@metadata@proj@osgeo@@@std@@@oxygen@dropbox@@XZ,public: class dropbox::oxygen::nn<class std::shared_ptr<class osgeo::proj::metadata::PositionalAccuracy>> const & __cdecl osgeo::proj::datum::DatumEnsemble::positionalAccuracy(void) const,method,osgeo::proj::datum,DatumEnsemble,positionalAccuracy,void,True,False,False,False,False,False,True
750,749,0x2ED,?primeMeridian@GeodeticCRS@crs@proj@osgeo@@QEBAAEBV?$nn@V?$shared_ptr@VPrimeMeridian@datum@proj@osgeo@@@std@@@oxygen@dropbox@@XZ,public: class dropbox::oxygen::nn<class std::shared_ptr<class osgeo::proj::datum::PrimeMeridian>> const & __cdecl osgeo::proj::crs::GeodeticCRS::primeMeridian(void) const,method,osgeo::proj::crs,GeodeticCRS,primeMeridian,void,True,False,False,False,False,False,True
751,750,0x2EE,?primeMeridian@GeodeticReferenceFrame@datum@proj@osgeo@@QEBAAEBV?$nn@V?$shared_ptr@VPrimeMeridian@datum@proj@osgeo@@@std@@@oxygen@dropbox@@XZ,public: class dropbox::oxygen::nn<class std::shared_ptr<class osgeo::proj::datum::PrimeMeridian>> const & __cdecl osgeo::proj::datum::GeodeticReferenceFrame::primeMeridian(void) const,method,osgeo::proj::datum,GeodeticReferenceFrame,primeMeridian,void,True,False,False,False,False,False,True
752,751,0x2EF,?proj_context_delete_cpp_context@@YAXPEAUprojCppContext@@@Z,void __cdecl proj_context_delete_cpp_context(struct projCppContext *),function,,,proj_context_delete_cpp_context,struct projCppContext *,False,False,False,False,False,False,True
753,752,0x2F0,?proj_context_set@@YAXPEAUPJconsts@@PEAUpj_ctx@@@Z,"void __cdecl proj_context_set(struct PJconsts *, struct pj_ctx *)",function,,,proj_context_set,"struct PJconsts *, struct pj_ctx *",False,False,False,False,False,False,True
754,753,0x2F1,?proj_coord_error@@YA?ATPJ_COORD@@XZ,union PJ_COORD __cdecl proj_coord_error(void),function,,,proj_coord_error,void,False,False,False,False,False,False,True
755,754,0x2F2,?proj_log_error@@YAXPEBUPJconsts@@PEBDZZ,"void __cdecl proj_log_error(struct PJconsts const *, char const *, ...)",function,,,proj_log_error,"struct PJconsts const *, char const *, ...",False,False,False,False,False,False,True
756,755,0x2F3,?promoteTo3D@CRS@crs@proj@osgeo@@QEBA?AV?$nn@V?$shared_ptr@VCRS@crs@proj@osgeo@@@std@@@oxygen@dropbox@@AEBV?$basic_string@DU?$char_traits@D@std@@V?$allocator@D@2@@std@@AEBV?$shared_ptr@VDatabaseContext@io@proj@osgeo@@@9@@Z,"public: class dropbox::oxygen::nn<class std::shared_ptr<class osgeo::proj::crs::CRS>> __cdecl osgeo::proj::crs::CRS::promoteTo3D(class std::basic_string<char, struct std::char_traits<char>, class std::allocator<char>> const &, class std::shared_ptr<class osgeo::proj::io::DatabaseContext> const &) const",method,osgeo::proj::crs,CRS,promoteTo3D,"class std::basic_string<char, struct std::char_traits<char>, class std::allocator<char>> const &, class std::shared_ptr<class osgeo::proj::io::DatabaseContext> const &",True,False,False,False,False,False,True
757,756,0x2F4,?publicationDate@Datum@datum@proj@osgeo@@QEBAAEBV?$optional@VDateTime@common@proj@osgeo@@@util@34@XZ,public: class osgeo::proj::util::optional<class osgeo::proj::common::DateTime> const & __cdecl osgeo::proj::datum::Datum::publicationDate(void) const,method,osgeo::proj::datum,Datum,publicationDate,void,True,False,False,False,False,False,True
758,757,0x2F5,?read_line@File@proj@osgeo@@QEAA?AV?$basic_string@DU?$char_traits@D@std@@V?$allocator@D@2@@std@@_KAEA_N1@Z,"public: class std::basic_string<char, struct std::char_traits<char>, class std::allocator<char>> __cdecl osgeo::proj::File::read_line(unsigned __int64, bool &, bool &)",method,osgeo::proj,File,read_line,"unsigned __int64, bool &, bool &",False,False,False,False,False,False,True
759,758,0x2F6,?realizationMethod@VerticalReferenceFrame@datum@proj@osgeo@@QEBAAEBV?$optional@VRealizationMethod@datum@proj@osgeo@@@util@34@XZ,public: class osgeo::proj::util::optional<class osgeo::proj::datum::RealizationMethod> const & __cdecl osgeo::proj::datum::VerticalReferenceFrame::realizationMethod(void) const,method,osgeo::proj::datum,VerticalReferenceFrame,realizationMethod,void,True,False,False,False,False,False,True
760,759,0x2F7,?reassign_context@GenericShiftGridSet@proj@osgeo@@UEAAXPEAUpj_ctx@@@Z,public: virtual void __cdecl osgeo::proj::GenericShiftGridSet::reassign_context(struct pj_ctx *),method,osgeo::proj,GenericShiftGridSet,reassign_context,struct pj_ctx *,False,False,True,False,False,False,True
761,760,0x2F8,?reassign_context@HorizontalShiftGridSet@proj@osgeo@@UEAAXPEAUpj_ctx@@@Z,public: virtual void __cdecl osgeo::proj::HorizontalShiftGridSet::reassign_context(struct pj_ctx *),method,osgeo::proj,HorizontalShiftGridSet,reassign_context,struct pj_ctx *,False,False,True,False,False,False,True
762,761,0x2F9,?reassign_context@VerticalShiftGridSet@proj@osgeo@@UEAAXPEAUpj_ctx@@@Z,public: virtual void __cdecl osgeo::proj::VerticalShiftGridSet::reassign_context(struct pj_ctx *),method,osgeo::proj,VerticalShiftGridSet,reassign_context,struct pj_ctx *,False,False,True,False,False,False,True
763,762,0x2FA,?remarks@IdentifiedObject@common@proj@osgeo@@QEBAAEBV?$basic_string@DU?$char_traits@D@std@@V?$allocator@D@2@@std@@XZ,"public: class std::basic_string<char, struct std::char_traits<char>, class std::allocator<char>> const & __cdecl osgeo::proj::common::IdentifiedObject::remarks(void) const",method,osgeo::proj::common,IdentifiedObject,remarks,void,True,False,False,False,False,False,True
764,763,0x2FB,?reopen@GenericShiftGridSet@proj@osgeo@@UEAA_NPEAUpj_ctx@@@Z,public: virtual bool __cdecl osgeo::proj::GenericShiftGridSet::reopen(struct pj_ctx *),method,osgeo::proj,GenericShiftGridSet,reopen,struct pj_ctx *,False,False,True,False,False,False,True
765,764,0x2FC,?reopen@HorizontalShiftGridSet@proj@osgeo@@UEAA_NPEAUpj_ctx@@@Z,public: virtual bool __cdecl osgeo::proj::HorizontalShiftGridSet::reopen(struct pj_ctx *),method,osgeo::proj,HorizontalShiftGridSet,reopen,struct pj_ctx *,False,False,True,False,False,False,True
766,765,0x2FD,?reopen@VerticalShiftGridSet@proj@osgeo@@UEAA_NPEAUpj_ctx@@@Z,public: virtual bool __cdecl osgeo::proj::VerticalShiftGridSet::reopen(struct pj_ctx *),method,osgeo::proj,VerticalShiftGridSet,reopen,struct pj_ctx *,False,False,True,False,False,False,True
767,766,0x2FE,?replaceAll@internal@proj@osgeo@@YA?AV?$basic_string@DU?$char_traits@D@std@@V?$allocator@D@2@@std@@AEBV45@00@Z,"class std::basic_string<char, struct std::char_traits<char>, class std::allocator<char>> __cdecl osgeo::proj::internal::replaceAll(class std::basic_string<char, struct std::char_traits<char>, class std::allocator<char>> const &, class std::basic_string<char, struct std::char_traits<char>, class std::allocator<char>> const &, class std::basic_string<char, struct std::char_traits<char>, class std::allocator<char>> const &)",method,osgeo::proj,internal,replaceAll,"class std::basic_string<char, struct std::char_traits<char>, class std::allocator<char>> const &, class std::basic_string<char, struct std::char_traits<char>, class std::allocator<char>> const &, class std::basic_string<char, struct std::char_traits<char>, class std::allocator<char>> const &",False,False,False,False,False,False,True
768,767,0x2FF,?rtodms@@YAPEADPEADNHH@Z,"char * __cdecl rtodms(char *, double, int, int)",function,,,rtodms,"char *, double, int, int",False,False,False,False,False,False,True
769,768,0x300,?scope@LocalName@util@proj@osgeo@@UEBA?BV?$shared_ptr@VNameSpace@util@proj@osgeo@@@std@@XZ,public: virtual class std::shared_ptr<class osgeo::proj::util::NameSpace> const __cdecl osgeo::proj::util::LocalName::scope(void) const,method,osgeo::proj::util,LocalName,scope,void,True,False,True,False,False,False,True
770,769,0x301,?scope@ObjectDomain@common@proj@osgeo@@QEBAAEBV?$optional@V?$basic_string@DU?$char_traits@D@std@@V?$allocator@D@2@@std@@@util@34@XZ,"public: class osgeo::proj::util::optional<class std::basic_string<char, struct std::char_traits<char>, class std::allocator<char>>> const & __cdecl osgeo::proj::common::ObjectDomain::scope(void) const",method,osgeo::proj::common,ObjectDomain,scope,void,True,False,False,False,False,False,True
771,770,0x302,?semiMajorAxis@Ellipsoid@datum@proj@osgeo@@QEBAAEBVLength@common@34@XZ,public: class osgeo::proj::common::Length const & __cdecl osgeo::proj::datum::Ellipsoid::semiMajorAxis(void) const,method,osgeo::proj::datum,Ellipsoid,semiMajorAxis,void,True,False,False,False,False,False,True
772,771,0x303,?semiMedianAxis@Ellipsoid@datum@proj@osgeo@@QEBAAEBV?$optional@VLength@common@proj@osgeo@@@util@34@XZ,public: class osgeo::proj::util::optional<class osgeo::proj::common::Length> const & __cdecl osgeo::proj::datum::Ellipsoid::semiMedianAxis(void) const,method,osgeo::proj::datum,Ellipsoid,semiMedianAxis,void,True,False,False,False,False,False,True
773,772,0x304,?semiMinorAxis@Ellipsoid@datum@proj@osgeo@@QEBAAEBV?$optional@VLength@common@proj@osgeo@@@util@34@XZ,public: class osgeo::proj::util::optional<class osgeo::proj::common::Length> const & __cdecl osgeo::proj::datum::Ellipsoid::semiMinorAxis(void) const,method,osgeo::proj::datum,Ellipsoid,semiMinorAxis,void,True,False,False,False,False,False,True
774,773,0x305,?set@PropertyMap@util@proj@osgeo@@QEAAAEAV1234@AEBV?$basic_string@DU?$char_traits@D@std@@V?$allocator@D@2@@std@@0@Z,"public: class osgeo::proj::util::PropertyMap & __cdecl osgeo::proj::util::PropertyMap::set(class std::basic_string<char, struct std::char_traits<char>, class std::allocator<char>> const &, class std::basic_string<char, struct std::char_traits<char>, class std::allocator<char>> const &)",method,osgeo::proj::util,PropertyMap,set,"class std::basic_string<char, struct std::char_traits<char>, class std::allocator<char>> const &, class std::basic_string<char, struct std::char_traits<char>, class std::allocator<char>> const &",False,False,False,False,False,False,True
775,774,0x306,?set@PropertyMap@util@proj@osgeo@@QEAAAEAV1234@AEBV?$basic_string@DU?$char_traits@D@std@@V?$allocator@D@2@@std@@AEBUBaseObjectNNPtr@234@@Z,"public: class osgeo::proj::util::PropertyMap & __cdecl osgeo::proj::util::PropertyMap::set(class std::basic_string<char, struct std::char_traits<char>, class std::allocator<char>> const &, struct osgeo::proj::util::BaseObjectNNPtr const &)",method,osgeo::proj::util,PropertyMap,set,"class std::basic_string<char, struct std::char_traits<char>, class std::allocator<char>> const &, struct osgeo::proj::util::BaseObjectNNPtr const &",False,False,False,False,False,False,True
776,775,0x307,?set@PropertyMap@util@proj@osgeo@@QEAAAEAV1234@AEBV?$basic_string@DU?$char_traits@D@std@@V?$allocator@D@2@@std@@AEBV?$vector@V?$basic_string@DU?$char_traits@D@std@@V?$allocator@D@2@@std@@V?$allocator@V?$basic_string@DU?$char_traits@D@std@@V?$allocator@D@2@@std@@@2@@6@@Z,"public: class osgeo::proj::util::PropertyMap & __cdecl osgeo::proj::util::PropertyMap::set(class std::basic_string<char, struct std::char_traits<char>, class std::allocator<char>> const &, class std::vector<class std::basic_string<char, struct std::char_traits<char>, class std::allocator<char>>, class std::allocator<class std::basic_string<char, struct std::char_traits<char>, class std::allocator<char>>>> const &)",method,osgeo::proj::util,PropertyMap,set,"class std::basic_string<char, struct std::char_traits<char>, class std::allocator<char>> const &, class std::vector<class std::basic_string<char, struct std::char_traits<char>, class std::allocator<char>>, class std::allocator<class std::basic_string<char, struct std::char_traits<char>, class std::allocator<char>>>> const &",False,False,False,False,False,False,True
777,776,0x308,?set@PropertyMap@util@proj@osgeo@@QEAAAEAV1234@AEBV?$basic_string@DU?$char_traits@D@std@@V?$allocator@D@2@@std@@H@Z,"public: class osgeo::proj::util::PropertyMap & __cdecl osgeo::proj::util::PropertyMap::set(class std::basic_string<char, struct std::char_traits<char>, class std::allocator<char>> const &, int)",method,osgeo::proj::util,PropertyMap,set,"class std::basic_string<char, struct std::char_traits<char>, class std::allocator<char>> const &, int",False,False,False,False,False,False,True
778,777,0x309,?set@PropertyMap@util@proj@osgeo@@QEAAAEAV1234@AEBV?$basic_string@DU?$char_traits@D@std@@V?$allocator@D@2@@std@@PEBD@Z,"public: class osgeo::proj::util::PropertyMap & __cdecl osgeo::proj::util::PropertyMap::set(class std::basic_string<char, struct std::char_traits<char>, class std::allocator<char>> const &, char const *)",method,osgeo::proj::util,PropertyMap,set,"class std::basic_string<char, struct std::char_traits<char>, class std::allocator<char>> const &, char const *",False,False,False,False,False,False,True
779,778,0x30A,?set@PropertyMap@util@proj@osgeo@@QEAAAEAV1234@AEBV?$basic_string@DU?$char_traits@D@std@@V?$allocator@D@2@@std@@_N@Z,"public: class osgeo::proj::util::PropertyMap & __cdecl osgeo::proj::util::PropertyMap::set(class std::basic_string<char, struct std::char_traits<char>, class std::allocator<char>> const &, bool)",method,osgeo::proj::util,PropertyMap,set,"class std::basic_string<char, struct std::char_traits<char>, class std::allocator<char>> const &, bool",False,False,False,False,False,False,True
780,779,0x30B,?setAllowBallparkTransformations@CoordinateOperationContext@operation@proj@osgeo@@QEAAX_N@Z,public: void __cdecl osgeo::proj::operation::CoordinateOperationContext::setAllowBallparkTransformations(bool),method,osgeo::proj::operation,CoordinateOperationContext,setAllowBallparkTransformations,bool,False,False,False,False,False,False,True
781,780,0x30C,?setAllowEllipsoidalHeightAsVerticalCRS@WKTFormatter@io@proj@osgeo@@QEAAAEAV1234@_N@Z,public: class osgeo::proj::io::WKTFormatter & __cdecl osgeo::proj::io::WKTFormatter::setAllowEllipsoidalHeightAsVerticalCRS(bool),method,osgeo::proj::io,WKTFormatter,setAllowEllipsoidalHeightAsVerticalCRS,bool,False,False,False,False,False,False,True
782,781,0x30D,?setAllowUseIntermediateCRS@CoordinateOperationContext@operation@proj@osgeo@@QEAAXW4IntermediateCRSUse@1234@@Z,public: void __cdecl osgeo::proj::operation::CoordinateOperationContext::setAllowUseIntermediateCRS(enum osgeo::proj::operation::CoordinateOperationContext::IntermediateCRSUse),method,osgeo::proj::operation,CoordinateOperationContext,setAllowUseIntermediateCRS,enum osgeo::proj::operation::CoordinateOperationContext::IntermediateCRSUse,False,False,False,False,False,False,True
783,782,0x30E,?setAreaOfInterest@CoordinateOperationContext@operation@proj@osgeo@@QEAAXAEBV?$shared_ptr@VExtent@metadata@proj@osgeo@@@std@@@Z,public: void __cdecl osgeo::proj::operation::CoordinateOperationContext::setAreaOfInterest(class std::shared_ptr<class osgeo::proj::metadata::Extent> const &),method,osgeo::proj::operation,CoordinateOperationContext,setAreaOfInterest,class std::shared_ptr<class osgeo::proj::metadata::Extent> const &,False,False,False,False,False,False,True
784,783,0x30F,?setCRSExport@PROJStringFormatter@io@proj@osgeo@@QEAAX_N@Z,public: void __cdecl osgeo::proj::io::PROJStringFormatter::setCRSExport(bool),method,osgeo::proj::io,PROJStringFormatter,setCRSExport,bool,False,False,False,False,False,False,True
785,784,0x310,?setCurrentStepInverted@PROJStringFormatter@io@proj@osgeo@@QEAAX_N@Z,public: void __cdecl osgeo::proj::io::PROJStringFormatter::setCurrentStepInverted(bool),method,osgeo::proj::io,PROJStringFormatter,setCurrentStepInverted,bool,False,False,False,False,False,False,True
786,785,0x311,?setDesiredAccuracy@CoordinateOperationContext@operation@proj@osgeo@@QEAAXN@Z,public: void __cdecl osgeo::proj::operation::CoordinateOperationContext::setDesiredAccuracy(double),method,osgeo::proj::operation,CoordinateOperationContext,setDesiredAccuracy,double,False,False,False,False,False,False,True
787,786,0x312,?setDiscardSuperseded@CoordinateOperationContext@operation@proj@osgeo@@QEAAX_N@Z,public: void __cdecl osgeo::proj::operation::CoordinateOperationContext::setDiscardSuperseded(bool),method,osgeo::proj::operation,CoordinateOperationContext,setDiscardSuperseded,bool,False,False,False,False,False,False,True
788,787,0x313,?setGridAvailabilityUse@CoordinateOperationContext@operation@proj@osgeo@@QEAAXW4GridAvailabilityUse@1234@@Z,public: void __cdecl osgeo::proj::operation::CoordinateOperationContext::setGridAvailabilityUse(enum osgeo::proj::operation::CoordinateOperationContext::GridAvailabilityUse),method,osgeo::proj::operation,CoordinateOperationContext,setGridAvailabilityUse,enum osgeo::proj::operation::CoordinateOperationContext::GridAvailabilityUse,False,False,False,False,False,False,True
789,788,0x314,?setIndentationWidth@JSONFormatter@io@proj@osgeo@@QEAAAEAV1234@H@Z,public: class osgeo::proj::io::JSONFormatter & __cdecl osgeo::proj::io::JSONFormatter::setIndentationWidth(int),method,osgeo::proj::io,JSONFormatter,setIndentationWidth,int,False,False,False,False,False,False,True
790,789,0x315,?setIndentationWidth@PROJStringFormatter@io@proj@osgeo@@QEAAAEAV1234@H@Z,public: class osgeo::proj::io::PROJStringFormatter & __cdecl osgeo::proj::io::PROJStringFormatter::setIndentationWidth(int),method,osgeo::proj::io,PROJStringFormatter,setIndentationWidth,int,False,False,False,False,False,False,True
791,790,0x316,?setIndentationWidth@WKTFormatter@io@proj@osgeo@@QEAAAEAV1234@H@Z,public: class osgeo::proj::io::WKTFormatter & __cdecl osgeo::proj::io::WKTFormatter::setIndentationWidth(int),method,osgeo::proj::io,WKTFormatter,setIndentationWidth,int,False,False,False,False,False,False,True
792,791,0x317,?setIntermediateCRS@CoordinateOperationContext@operation@proj@osgeo@@QEAAXAEBV?$vector@U?$pair@V?$basic_string@DU?$char_traits@D@std@@V?$allocator@D@2@@std@@V12@@std@@V?$allocator@U?$pair@V?$basic_string@DU?$char_traits@D@std@@V?$allocator@D@2@@std@@V12@@std@@@2@@std@@@Z,"public: void __cdecl osgeo::proj::operation::CoordinateOperationContext::setIntermediateCRS(class std::vector<struct std::pair<class std::basic_string<char, struct std::char_traits<char>, class std::allocator<char>>, class std::basic_string<char, struct std::char_traits<char>, class std::allocator<char>>>, class std::allocator<struct std::pair<class std::basic_string<char, struct std::char_traits<char>, class std::allocator<char>>, class std::basic_string<char, struct std::char_traits<char>, class std::allocator<char>>>>> const &)",method,osgeo::proj::operation,CoordinateOperationContext,setIntermediateCRS,"class std::vector<struct std::pair<class std::basic_string<char, struct std::char_traits<char>, class std::allocator<char>>, class std::basic_string<char, struct std::char_traits<char>, class std::allocator<char>>>, class std::allocator<struct std::pair<class std::basic_string<char, struct std::char_traits<char>, class std::allocator<char>>, class std::basic_string<char, struct std::char_traits<char>, class std::allocator<char>>>>> const &",False,False,False,False,False,False,True
793,792,0x318,?setMaxLineLength@PROJStringFormatter@io@proj@osgeo@@QEAAAEAV1234@H@Z,public: class osgeo::proj::io::PROJStringFormatter & __cdecl osgeo::proj::io::PROJStringFormatter::setMaxLineLength(int),method,osgeo::proj::io,PROJStringFormatter,setMaxLineLength,int,False,False,False,False,False,False,True
794,793,0x319,?setMultiLine@JSONFormatter@io@proj@osgeo@@QEAAAEAV1234@_N@Z,public: class osgeo::proj::io::JSONFormatter & __cdecl osgeo::proj::io::JSONFormatter::setMultiLine(bool),method,osgeo::proj::io,JSONFormatter,setMultiLine,bool,False,False,False,False,False,False,True
795,794,0x31A,?setMultiLine@PROJStringFormatter@io@proj@osgeo@@QEAAAEAV1234@_N@Z,public: class osgeo::proj::io::PROJStringFormatter & __cdecl osgeo::proj::io::PROJStringFormatter::setMultiLine(bool),method,osgeo::proj::io,PROJStringFormatter,setMultiLine,bool,False,False,False,False,False,False,True
796,795,0x31B,?setMultiLine@WKTFormatter@io@proj@osgeo@@QEAAAEAV1234@_N@Z,public: class osgeo::proj::io::WKTFormatter & __cdecl osgeo::proj::io::WKTFormatter::setMultiLine(bool),method,osgeo::proj::io,WKTFormatter,setMultiLine,bool,False,False,False,False,False,False,True
797,796,0x31C,?setOutputAxis@WKTFormatter@io@proj@osgeo@@QEAAAEAV1234@W4OutputAxisRule@1234@@Z,public: class osgeo::proj::io::WKTFormatter & __cdecl osgeo::proj::io::WKTFormatter::setOutputAxis(enum osgeo::proj::io::WKTFormatter::OutputAxisRule),method,osgeo::proj::io,WKTFormatter,setOutputAxis,enum osgeo::proj::io::WKTFormatter::OutputAxisRule,False,False,False,False,False,False,True
798,797,0x31D,?setOutputId@WKTFormatter@io@proj@osgeo@@QEAAAEAV1234@_N@Z,public: class osgeo::proj::io::WKTFormatter & __cdecl osgeo::proj::io::WKTFormatter::setOutputId(bool),method,osgeo::proj::io,WKTFormatter,setOutputId,bool,False,False,False,False,False,False,True
799,798,0x31E,?setSchema@JSONFormatter@io@proj@osgeo@@QEAAAEAV1234@AEBV?$basic_string@DU?$char_traits@D@std@@V?$allocator@D@2@@std@@@Z,"public: class osgeo::proj::io::JSONFormatter & __cdecl osgeo::proj::io::JSONFormatter::setSchema(class std::basic_string<char, struct std::char_traits<char>, class std::allocator<char>> const &)",method,osgeo::proj::io,JSONFormatter,setSchema,"class std::basic_string<char, struct std::char_traits<char>, class std::allocator<char>> const &",False,False,False,False,False,False,True
800,799,0x31F,?setSourceAndTargetCRSExtentUse@CoordinateOperationContext@operation@proj@osgeo@@QEAAXW4SourceTargetCRSExtentUse@1234@@Z,public: void __cdecl osgeo::proj::operation::CoordinateOperationContext::setSourceAndTargetCRSExtentUse(enum osgeo::proj::operation::CoordinateOperationContext::SourceTargetCRSExtentUse),method,osgeo::proj::operation,CoordinateOperationContext,setSourceAndTargetCRSExtentUse,enum osgeo::proj::operation::CoordinateOperationContext::SourceTargetCRSExtentUse,False,False,False,False,False,False,True
801,800,0x320,?setSpatialCriterion@CoordinateOperationContext@operation@proj@osgeo@@QEAAXW4SpatialCriterion@1234@@Z,public: void __cdecl osgeo::proj::operation::CoordinateOperationContext::setSpatialCriterion(enum osgeo::proj::operation::CoordinateOperationContext::SpatialCriterion),method,osgeo::proj::operation,CoordinateOperationContext,setSpatialCriterion,enum osgeo::proj::operation::CoordinateOperationContext::SpatialCriterion,False,False,False,False,False,False,True
802,801,0x321,?setStrict@WKTFormatter@io@proj@osgeo@@QEAAAEAV1234@_N@Z,public: class osgeo::proj::io::WKTFormatter & __cdecl osgeo::proj::io::WKTFormatter::setStrict(bool),method,osgeo::proj::io,WKTFormatter,setStrict,bool,False,False,False,False,False,False,True
803,802,0x322,?setStrict@WKTParser@io@proj@osgeo@@QEAAAEAV1234@_N@Z,public: class osgeo::proj::io::WKTParser & __cdecl osgeo::proj::io::WKTParser::setStrict(bool),method,osgeo::proj::io,WKTParser,setStrict,bool,False,False,False,False,False,False,True
804,803,0x323,?setUseApproxTMerc@PROJStringFormatter@io@proj@osgeo@@QEAAX_N@Z,public: void __cdecl osgeo::proj::io::PROJStringFormatter::setUseApproxTMerc(bool),method,osgeo::proj::io,PROJStringFormatter,setUseApproxTMerc,bool,False,False,False,False,False,False,True
805,804,0x324,?setUsePROJ4InitRules@PROJStringParser@io@proj@osgeo@@QEAAAEAV1234@_N@Z,public: class osgeo::proj::io::PROJStringParser & __cdecl osgeo::proj::io::PROJStringParser::setUsePROJ4InitRules(bool),method,osgeo::proj::io,PROJStringParser,setUsePROJ4InitRules,bool,False,False,False,False,False,False,True
806,805,0x325,?setUsePROJAlternativeGridNames@CoordinateOperationContext@operation@proj@osgeo@@QEAAX_N@Z,public: void __cdecl osgeo::proj::operation::CoordinateOperationContext::setUsePROJAlternativeGridNames(bool),method,osgeo::proj::operation,CoordinateOperationContext,setUsePROJAlternativeGridNames,bool,False,False,False,False,False,False,True
807,806,0x326,?set_rtodms@@YAXHH@Z,"void __cdecl set_rtodms(int, int)",function,,,set_rtodms,"int, int",False,False,False,False,False,False,True
808,807,0x327,?shallowClone@CRS@crs@proj@osgeo@@QEBA?AV?$nn@V?$shared_ptr@VCRS@crs@proj@osgeo@@@std@@@oxygen@dropbox@@XZ,public: class dropbox::oxygen::nn<class std::shared_ptr<class osgeo::proj::crs::CRS>> __cdecl osgeo::proj::crs::CRS::shallowClone(void) const,method,osgeo::proj::crs,CRS,shallowClone,void,True,False,False,False,False,False,True
809,808,0x328,?shallowClone@CoordinateOperation@operation@proj@osgeo@@QEBA?AV?$nn@V?$shared_ptr@VCoordinateOperation@operation@proj@osgeo@@@std@@@oxygen@dropbox@@XZ,public: class dropbox::oxygen::nn<class std::shared_ptr<class osgeo::proj::operation::CoordinateOperation>> __cdecl osgeo::proj::operation::CoordinateOperation::shallowClone(void) const,method,osgeo::proj::operation,CoordinateOperation,shallowClone,void,True,False,False,False,False,False,True
810,809,0x329,?simulCurNodeHasId@WKTFormatter@io@proj@osgeo@@QEAAAEAV1234@XZ,public: class osgeo::proj::io::WKTFormatter & __cdecl osgeo::proj::io::WKTFormatter::simulCurNodeHasId(void),method,osgeo::proj::io,WKTFormatter,simulCurNodeHasId,void,False,False,False,False,False,False,True
811,810,0x32A,?sourceCRS@CoordinateOperation@operation@proj@osgeo@@QEBA?BV?$shared_ptr@VCRS@crs@proj@osgeo@@@std@@XZ,public: class std::shared_ptr<class osgeo::proj::crs::CRS> const __cdecl osgeo::proj::operation::CoordinateOperation::sourceCRS(void) const,method,osgeo::proj::operation,CoordinateOperation,sourceCRS,void,True,False,False,False,False,False,True
812,811,0x32B,?sourceCRS@Transformation@operation@proj@osgeo@@QEBAAEBV?$nn@V?$shared_ptr@VCRS@crs@proj@osgeo@@@std@@@oxygen@dropbox@@XZ,public: class dropbox::oxygen::nn<class std::shared_ptr<class osgeo::proj::crs::CRS>> const & __cdecl osgeo::proj::operation::Transformation::sourceCRS(void) const,method,osgeo::proj::operation,Transformation,sourceCRS,void,True,False,False,False,False,False,True
813,812,0x32C,?sourceCoordinateEpoch@CoordinateOperation@operation@proj@osgeo@@QEBAAEBV?$optional@VDataEpoch@common@proj@osgeo@@@util@34@XZ,public: class osgeo::proj::util::optional<class osgeo::proj::common::DataEpoch> const & __cdecl osgeo::proj::operation::CoordinateOperation::sourceCoordinateEpoch(void) const,method,osgeo::proj::operation,CoordinateOperation,sourceCoordinateEpoch,void,True,False,False,False,False,False,True
814,813,0x32D,?southBoundLatitude@GeographicBoundingBox@metadata@proj@osgeo@@QEBANXZ,public: double __cdecl osgeo::proj::metadata::GeographicBoundingBox::southBoundLatitude(void) const,method,osgeo::proj::metadata,GeographicBoundingBox,southBoundLatitude,void,True,False,False,False,False,False,True
815,814,0x32E,?split@internal@proj@osgeo@@YA?AV?$vector@V?$basic_string@DU?$char_traits@D@std@@V?$allocator@D@2@@std@@V?$allocator@V?$basic_string@DU?$char_traits@D@std@@V?$allocator@D@2@@std@@@2@@std@@AEBV?$basic_string@DU?$char_traits@D@std@@V?$allocator@D@2@@5@0@Z,"class std::vector<class std::basic_string<char, struct std::char_traits<char>, class std::allocator<char>>, class std::allocator<class std::basic_string<char, struct std::char_traits<char>, class std::allocator<char>>>> __cdecl osgeo::proj::internal::split(class std::basic_string<char, struct std::char_traits<char>, class std::allocator<char>> const &, class std::basic_string<char, struct std::char_traits<char>, class std::allocator<char>> const &)",method,osgeo::proj,internal,split,"class std::basic_string<char, struct std::char_traits<char>, class std::allocator<char>> const &, class std::basic_string<char, struct std::char_traits<char>, class std::allocator<char>> const &",False,False,False,False,False,False,True
816,815,0x32F,?split@internal@proj@osgeo@@YA?AV?$vector@V?$basic_string@DU?$char_traits@D@std@@V?$allocator@D@2@@std@@V?$allocator@V?$basic_string@DU?$char_traits@D@std@@V?$allocator@D@2@@std@@@2@@std@@AEBV?$basic_string@DU?$char_traits@D@std@@V?$allocator@D@2@@5@D@Z,"class std::vector<class std::basic_string<char, struct std::char_traits<char>, class std::allocator<char>>, class std::allocator<class std::basic_string<char, struct std::char_traits<char>, class std::allocator<char>>>> __cdecl osgeo::proj::internal::split(class std::basic_string<char, struct std::char_traits<char>, class std::allocator<char>> const &, char)",method,osgeo::proj,internal,split,"class std::basic_string<char, struct std::char_traits<char>, class std::allocator<char>> const &, char",False,False,False,False,False,False,True
817,816,0x330,?squaredEccentricity@Ellipsoid@datum@proj@osgeo@@QEBANXZ,public: double __cdecl osgeo::proj::datum::Ellipsoid::squaredEccentricity(void) const,method,osgeo::proj::datum,Ellipsoid,squaredEccentricity,void,True,False,False,False,False,False,True
818,817,0x331,?start@TemporalExtent@metadata@proj@osgeo@@QEBAAEBV?$basic_string@DU?$char_traits@D@std@@V?$allocator@D@2@@std@@XZ,"public: class std::basic_string<char, struct std::char_traits<char>, class std::allocator<char>> const & __cdecl osgeo::proj::metadata::TemporalExtent::start(void) const",method,osgeo::proj::metadata,TemporalExtent,start,void,True,False,False,False,False,False,True
819,818,0x332,?startInsertStatementsSession@DatabaseContext@io@proj@osgeo@@QEAAXXZ,public: void __cdecl osgeo::proj::io::DatabaseContext::startInsertStatementsSession(void),method,osgeo::proj::io,DatabaseContext,startInsertStatementsSession,void,False,False,False,False,False,False,True
820,819,0x333,?startInversion@PROJStringFormatter@io@proj@osgeo@@QEAAXXZ,public: void __cdecl osgeo::proj::io::PROJStringFormatter::startInversion(void),method,osgeo::proj::io,PROJStringFormatter,startInversion,void,False,False,False,False,False,False,True
821,820,0x334,?stop@TemporalExtent@metadata@proj@osgeo@@QEBAAEBV?$basic_string@DU?$char_traits@D@std@@V?$allocator@D@2@@std@@XZ,"public: class std::basic_string<char, struct std::char_traits<char>, class std::allocator<char>> const & __cdecl osgeo::proj::metadata::TemporalExtent::stop(void) const",method,osgeo::proj::metadata,TemporalExtent,stop,void,True,False,False,False,False,False,True
822,821,0x335,?stopInsertStatementsSession@DatabaseContext@io@proj@osgeo@@QEAAXXZ,public: void __cdecl osgeo::proj::io::DatabaseContext::stopInsertStatementsSession(void),method,osgeo::proj::io,DatabaseContext,stopInsertStatementsSession,void,False,False,False,False,False,False,True
823,822,0x336,?stopInversion@PROJStringFormatter@io@proj@osgeo@@QEAAXXZ,public: void __cdecl osgeo::proj::io::PROJStringFormatter::stopInversion(void),method,osgeo::proj::io,PROJStringFormatter,stopInversion,void,False,False,False,False,False,False,True
824,823,0x337,?stringValue@ParameterValue@operation@proj@osgeo@@QEBAAEBV?$basic_string@DU?$char_traits@D@std@@V?$allocator@D@2@@std@@XZ,"public: class std::basic_string<char, struct std::char_traits<char>, class std::allocator<char>> const & __cdecl osgeo::proj::operation::ParameterValue::stringValue(void) const",method,osgeo::proj::operation,ParameterValue,stringValue,void,True,False,False,False,False,False,True
825,824,0x338,?stripVerticalComponent@CRS@crs@proj@osgeo@@QEBA?AV?$nn@V?$shared_ptr@VCRS@crs@proj@osgeo@@@std@@@oxygen@dropbox@@XZ,public: class dropbox::oxygen::nn<class std::shared_ptr<class osgeo::proj::crs::CRS>> __cdecl osgeo::proj::crs::CRS::stripVerticalComponent(void) const,method,osgeo::proj::crs,CRS,stripVerticalComponent,void,True,False,False,False,False,False,True
826,825,0x339,?substitutePROJAlternativeGridNames@Transformation@operation@proj@osgeo@@QEBA?AV?$nn@V?$shared_ptr@VTransformation@operation@proj@osgeo@@@std@@@oxygen@dropbox@@V?$nn@V?$shared_ptr@VDatabaseContext@io@proj@osgeo@@@std@@@67@@Z,public: class dropbox::oxygen::nn<class std::shared_ptr<class osgeo::proj::operation::Transformation>> __cdecl osgeo::proj::operation::Transformation::substitutePROJAlternativeGridNames(class dropbox::oxygen::nn<class std::shared_ptr<class osgeo::proj::io::DatabaseContext>>) const,method,osgeo::proj::operation,Transformation,substitutePROJAlternativeGridNames,class dropbox::oxygen::nn<class std::shared_ptr<class osgeo::proj::io::DatabaseContext>>,True,False,False,False,False,False,True
827,826,0x33A,?suggestsCodeFor@DatabaseContext@io@proj@osgeo@@QEAA?AV?$basic_string@DU?$char_traits@D@std@@V?$allocator@D@2@@std@@AEBV?$nn@V?$shared_ptr@VIdentifiedObject@common@proj@osgeo@@@std@@@oxygen@dropbox@@AEBV56@_N@Z,"public: class std::basic_string<char, struct std::char_traits<char>, class std::allocator<char>> __cdecl osgeo::proj::io::DatabaseContext::suggestsCodeFor(class dropbox::oxygen::nn<class std::shared_ptr<class osgeo::proj::common::IdentifiedObject>> const &, class std::basic_string<char, struct std::char_traits<char>, class std::allocator<char>> const &, bool)",method,osgeo::proj::io,DatabaseContext,suggestsCodeFor,"class dropbox::oxygen::nn<class std::shared_ptr<class osgeo::proj::common::IdentifiedObject>> const &, class std::basic_string<char, struct std::char_traits<char>, class std::allocator<char>> const &, bool",False,False,False,False,False,False,True
828,827,0x33B,?targetCRS@CoordinateOperation@operation@proj@osgeo@@QEBA?BV?$shared_ptr@VCRS@crs@proj@osgeo@@@std@@XZ,public: class std::shared_ptr<class osgeo::proj::crs::CRS> const __cdecl osgeo::proj::operation::CoordinateOperation::targetCRS(void) const,method,osgeo::proj::operation,CoordinateOperation,targetCRS,void,True,False,False,False,False,False,True
829,828,0x33C,?targetCRS@Transformation@operation@proj@osgeo@@QEBAAEBV?$nn@V?$shared_ptr@VCRS@crs@proj@osgeo@@@std@@@oxygen@dropbox@@XZ,public: class dropbox::oxygen::nn<class std::shared_ptr<class osgeo::proj::crs::CRS>> const & __cdecl osgeo::proj::operation::Transformation::targetCRS(void) const,method,osgeo::proj::operation,Transformation,targetCRS,void,True,False,False,False,False,False,True
830,829,0x33D,?targetCoordinateEpoch@CoordinateOperation@operation@proj@osgeo@@QEBAAEBV?$optional@VDataEpoch@common@proj@osgeo@@@util@34@XZ,public: class osgeo::proj::util::optional<class osgeo::proj::common::DataEpoch> const & __cdecl osgeo::proj::operation::CoordinateOperation::targetCoordinateEpoch(void) const,method,osgeo::proj::operation,CoordinateOperation,targetCoordinateEpoch,void,True,False,False,False,False,False,True
831,830,0x33E,?temporalElements@Extent@metadata@proj@osgeo@@QEBAAEBV?$vector@V?$nn@V?$shared_ptr@VTemporalExtent@metadata@proj@osgeo@@@std@@@oxygen@dropbox@@V?$allocator@V?$nn@V?$shared_ptr@VTemporalExtent@metadata@proj@osgeo@@@std@@@oxygen@dropbox@@@std@@@std@@XZ,"public: class std::vector<class dropbox::oxygen::nn<class std::shared_ptr<class osgeo::proj::metadata::TemporalExtent>>, class std::allocator<class dropbox::oxygen::nn<class std::shared_ptr<class osgeo::proj::metadata::TemporalExtent>>>> const & __cdecl osgeo::proj::metadata::Extent::temporalElements(void) const",method,osgeo::proj::metadata,Extent,temporalElements,void,True,False,False,False,False,False,True
832,831,0x33F,?temporalOrigin@TemporalDatum@datum@proj@osgeo@@QEBAAEBVDateTime@common@34@XZ,public: class osgeo::proj::common::DateTime const & __cdecl osgeo::proj::datum::TemporalDatum::temporalOrigin(void) const,method,osgeo::proj::datum,TemporalDatum,temporalOrigin,void,True,False,False,False,False,False,True
833,832,0x340,?title@Citation@metadata@proj@osgeo@@QEBAAEBV?$optional@V?$basic_string@DU?$char_traits@D@std@@V?$allocator@D@2@@std@@@util@34@XZ,"public: class osgeo::proj::util::optional<class std::basic_string<char, struct std::char_traits<char>, class std::allocator<char>>> const & __cdecl osgeo::proj::metadata::Citation::title(void) const",method,osgeo::proj::metadata,Citation,title,void,True,False,False,False,False,False,True
834,833,0x341,?toFullyQualifiedName@LocalName@util@proj@osgeo@@UEBA?AV?$nn@V?$shared_ptr@VGenericName@util@proj@osgeo@@@std@@@oxygen@dropbox@@XZ,public: virtual class dropbox::oxygen::nn<class std::shared_ptr<class osgeo::proj::util::GenericName>> __cdecl osgeo::proj::util::LocalName::toFullyQualifiedName(void) const,method,osgeo::proj::util,LocalName,toFullyQualifiedName,void,True,False,True,False,False,False,True
835,834,0x342,?toString@DateTime@common@proj@osgeo@@QEBA?AV?$basic_string@DU?$char_traits@D@std@@V?$allocator@D@2@@std@@XZ,"public: class std::basic_string<char, struct std::char_traits<char>, class std::allocator<char>> __cdecl osgeo::proj::common::DateTime::toString(void) const",method,osgeo::proj::common,DateTime,toString,void,True,False,False,False,False,False,True
836,835,0x343,?toString@JSONFormatter@io@proj@osgeo@@QEBAAEBV?$basic_string@DU?$char_traits@D@std@@V?$allocator@D@2@@std@@XZ,"public: class std::basic_string<char, struct std::char_traits<char>, class std::allocator<char>> const & __cdecl osgeo::proj::io::JSONFormatter::toString(void) const",method,osgeo::proj::io,JSONFormatter,toString,void,True,False,False,False,False,False,True
837,836,0x344,?toString@LocalName@util@proj@osgeo@@UEBA?AV?$basic_string@DU?$char_traits@D@std@@V?$allocator@D@2@@std@@XZ,"public: virtual class std::basic_string<char, struct std::char_traits<char>, class std::allocator<char>> __cdecl osgeo::proj::util::LocalName::toString(void) const",method,osgeo::proj::util,LocalName,toString,void,True,False,True,False,False,False,True
838,837,0x345,?toString@PROJStringFormatter@io@proj@osgeo@@QEBAAEBV?$basic_string@DU?$char_traits@D@std@@V?$allocator@D@2@@std@@XZ,"public: class std::basic_string<char, struct std::char_traits<char>, class std::allocator<char>> const & __cdecl osgeo::proj::io::PROJStringFormatter::toString(void) const",method,osgeo::proj::io,PROJStringFormatter,toString,void,True,False,False,False,False,False,True
839,838,0x346,?toString@WKTFormatter@io@proj@osgeo@@QEBAAEBV?$basic_string@DU?$char_traits@D@std@@V?$allocator@D@2@@std@@XZ,"public: class std::basic_string<char, struct std::char_traits<char>, class std::allocator<char>> const & __cdecl osgeo::proj::io::WKTFormatter::toString(void) const",method,osgeo::proj::io,WKTFormatter,toString,void,True,False,False,False,False,False,True
840,839,0x347,?toString@WKTNode@io@proj@osgeo@@QEBA?AV?$basic_string@DU?$char_traits@D@std@@V?$allocator@D@2@@std@@XZ,"public: class std::basic_string<char, struct std::char_traits<char>, class std::allocator<char>> __cdecl osgeo::proj::io::WKTNode::toString(void) const",method,osgeo::proj::io,WKTNode,toString,void,True,False,False,False,False,False,True
841,840,0x348,?toString@internal@proj@osgeo@@YA?AV?$basic_string@DU?$char_traits@D@std@@V?$allocator@D@2@@std@@NH@Z,"class std::basic_string<char, struct std::char_traits<char>, class std::allocator<char>> __cdecl osgeo::proj::internal::toString(double, int)",method,osgeo::proj,internal,toString,"double, int",False,False,False,False,False,False,True
842,841,0x349,?tolower@internal@proj@osgeo@@YA?AV?$basic_string@DU?$char_traits@D@std@@V?$allocator@D@2@@std@@AEBV45@@Z,"class std::basic_string<char, struct std::char_traits<char>, class std::allocator<char>> __cdecl osgeo::proj::internal::tolower(class std::basic_string<char, struct std::char_traits<char>, class std::allocator<char>> const &)",method,osgeo::proj,internal,tolower,"class std::basic_string<char, struct std::char_traits<char>, class std::allocator<char>> const &",False,False,False,False,False,False,True
843,842,0x34A,?transformation@BoundCRS@crs@proj@osgeo@@QEBAAEBV?$nn@V?$shared_ptr@VTransformation@operation@proj@osgeo@@@std@@@oxygen@dropbox@@XZ,public: class dropbox::oxygen::nn<class std::shared_ptr<class osgeo::proj::operation::Transformation>> const & __cdecl osgeo::proj::crs::BoundCRS::transformation(void) const,method,osgeo::proj::crs,BoundCRS,transformation,void,True,False,False,False,False,False,True
844,843,0x34B,?type@ParameterValue@operation@proj@osgeo@@QEBAAEBW4Type@1234@XZ,public: enum osgeo::proj::operation::ParameterValue::Type const & __cdecl osgeo::proj::operation::ParameterValue::type(void) const,method,osgeo::proj::operation,ParameterValue,type,void,True,False,False,False,False,False,True
845,844,0x34C,?type@UnitOfMeasure@common@proj@osgeo@@QEBA?AW4Type@1234@XZ,public: enum osgeo::proj::common::UnitOfMeasure::Type __cdecl osgeo::proj::common::UnitOfMeasure::type(void) const,method,osgeo::proj::common,UnitOfMeasure,type,void,True,False,False,False,False,False,True
846,845,0x34D,?unit@CoordinateSystemAxis@cs@proj@osgeo@@QEBAAEBVUnitOfMeasure@common@34@XZ,public: class osgeo::proj::common::UnitOfMeasure const & __cdecl osgeo::proj::cs::CoordinateSystemAxis::unit(void) const,method,osgeo::proj::cs,CoordinateSystemAxis,unit,void,True,False,False,False,False,False,True
847,846,0x34E,?unit@Measure@common@proj@osgeo@@QEBAAEBVUnitOfMeasure@234@XZ,public: class osgeo::proj::common::UnitOfMeasure const & __cdecl osgeo::proj::common::Measure::unit(void) const,method,osgeo::proj::common,Measure,unit,void,True,False,False,False,False,False,True
848,847,0x34F,?unit@VerticalExtent@metadata@proj@osgeo@@QEBAAEAV?$nn@V?$shared_ptr@VUnitOfMeasure@common@proj@osgeo@@@std@@@oxygen@dropbox@@XZ,public: class dropbox::oxygen::nn<class std::shared_ptr<class osgeo::proj::common::UnitOfMeasure>> & __cdecl osgeo::proj::metadata::VerticalExtent::unit(void) const,method,osgeo::proj::metadata,VerticalExtent,unit,void,True,False,False,False,False,False,True
849,848,0x350,?uri@Identifier@metadata@proj@osgeo@@QEBAAEBV?$optional@V?$basic_string@DU?$char_traits@D@std@@V?$allocator@D@2@@std@@@util@34@XZ,"public: class osgeo::proj::util::optional<class std::basic_string<char, struct std::char_traits<char>, class std::allocator<char>>> const & __cdecl osgeo::proj::metadata::Identifier::uri(void) const",method,osgeo::proj::metadata,Identifier,uri,void,True,False,False,False,False,False,True
850,849,0x351,?validateParameters@SingleOperation@operation@proj@osgeo@@QEBA?AV?$list@V?$basic_string@DU?$char_traits@D@std@@V?$allocator@D@2@@std@@V?$allocator@V?$basic_string@DU?$char_traits@D@std@@V?$allocator@D@2@@std@@@2@@std@@XZ,"public: class std::list<class std::basic_string<char, struct std::char_traits<char>, class std::allocator<char>>, class std::allocator<class std::basic_string<char, struct std::char_traits<char>, class std::allocator<char>>>> __cdecl osgeo::proj::operation::SingleOperation::validateParameters(void) const",method,osgeo::proj::operation,SingleOperation,validateParameters,void,True,False,False,False,False,False,True
851,850,0x352,?value@Measure@common@proj@osgeo@@QEBANXZ,public: double __cdecl osgeo::proj::common::Measure::value(void) const,method,osgeo::proj::common,Measure,value,void,True,False,False,False,False,False,True
852,851,0x353,?value@ParameterValue@operation@proj@osgeo@@QEBAAEBVMeasure@common@34@XZ,public: class osgeo::proj::common::Measure const & __cdecl osgeo::proj::operation::ParameterValue::value(void) const,method,osgeo::proj::operation,ParameterValue,value,void,True,False,False,False,False,False,True
853,852,0x354,?value@PositionalAccuracy@metadata@proj@osgeo@@QEBAAEBV?$basic_string@DU?$char_traits@D@std@@V?$allocator@D@2@@std@@XZ,"public: class std::basic_string<char, struct std::char_traits<char>, class std::allocator<char>> const & __cdecl osgeo::proj::metadata::PositionalAccuracy::value(void) const",method,osgeo::proj::metadata,PositionalAccuracy,value,void,True,False,False,False,False,False,True
854,853,0x355,?value@WKTNode@io@proj@osgeo@@QEBAAEBV?$basic_string@DU?$char_traits@D@std@@V?$allocator@D@2@@std@@XZ,"public: class std::basic_string<char, struct std::char_traits<char>, class std::allocator<char>> const & __cdecl osgeo::proj::io::WKTNode::value(void) const",method,osgeo::proj::io,WKTNode,value,void,True,False,False,False,False,False,True
855,854,0x356,?valueFile@ParameterValue@operation@proj@osgeo@@QEBAAEBV?$basic_string@DU?$char_traits@D@std@@V?$allocator@D@2@@std@@XZ,"public: class std::basic_string<char, struct std::char_traits<char>, class std::allocator<char>> const & __cdecl osgeo::proj::operation::ParameterValue::valueFile(void) const",method,osgeo::proj::operation,ParameterValue,valueFile,void,True,False,False,False,False,False,True
856,855,0x357,?valueOf@AxisDirection@cs@proj@osgeo@@SAPEBV1234@AEBV?$basic_string@DU?$char_traits@D@std@@V?$allocator@D@2@@std@@@Z,"public: static class osgeo::proj::cs::AxisDirection const * __cdecl osgeo::proj::cs::AxisDirection::valueOf(class std::basic_string<char, struct std::char_traits<char>, class std::allocator<char>> const &)",method,osgeo::proj::cs,AxisDirection,valueOf,"class std::basic_string<char, struct std::char_traits<char>, class std::allocator<char>> const &",False,True,False,False,False,False,True
857,856,0x358,?velocityModel@GeodeticCRS@crs@proj@osgeo@@QEBAAEBV?$vector@V?$nn@V?$shared_ptr@VPointMotionOperation@operation@proj@osgeo@@@std@@@oxygen@dropbox@@V?$allocator@V?$nn@V?$shared_ptr@VPointMotionOperation@operation@proj@osgeo@@@std@@@oxygen@dropbox@@@std@@@std@@XZ,"public: class std::vector<class dropbox::oxygen::nn<class std::shared_ptr<class osgeo::proj::operation::PointMotionOperation>>, class std::allocator<class dropbox::oxygen::nn<class std::shared_ptr<class osgeo::proj::operation::PointMotionOperation>>>> const & __cdecl osgeo::proj::crs::GeodeticCRS::velocityModel(void) const",method,osgeo::proj::crs,GeodeticCRS,velocityModel,void,True,False,False,False,False,False,True
858,857,0x359,?velocityModel@VerticalCRS@crs@proj@osgeo@@QEBAAEBV?$vector@V?$nn@V?$shared_ptr@VPointMotionOperation@operation@proj@osgeo@@@std@@@oxygen@dropbox@@V?$allocator@V?$nn@V?$shared_ptr@VPointMotionOperation@operation@proj@osgeo@@@std@@@oxygen@dropbox@@@std@@@std@@XZ,"public: class std::vector<class dropbox::oxygen::nn<class std::shared_ptr<class osgeo::proj::operation::PointMotionOperation>>, class std::allocator<class dropbox::oxygen::nn<class std::shared_ptr<class osgeo::proj::operation::PointMotionOperation>>>> const & __cdecl osgeo::proj::crs::VerticalCRS::velocityModel(void) const",method,osgeo::proj::crs,VerticalCRS,velocityModel,void,True,False,False,False,False,False,True
859,858,0x35A,?version@Identifier@metadata@proj@osgeo@@QEBAAEBV?$optional@V?$basic_string@DU?$char_traits@D@std@@V?$allocator@D@2@@std@@@util@34@XZ,"public: class osgeo::proj::util::optional<class std::basic_string<char, struct std::char_traits<char>, class std::allocator<char>>> const & __cdecl osgeo::proj::metadata::Identifier::version(void) const",method,osgeo::proj::metadata,Identifier,version,void,True,False,False,False,False,False,True
860,859,0x35B,?verticalElements@Extent@metadata@proj@osgeo@@QEBAAEBV?$vector@V?$nn@V?$shared_ptr@VVerticalExtent@metadata@proj@osgeo@@@std@@@oxygen@dropbox@@V?$allocator@V?$nn@V?$shared_ptr@VVerticalExtent@metadata@proj@osgeo@@@std@@@oxygen@dropbox@@@std@@@std@@XZ,"public: class std::vector<class dropbox::oxygen::nn<class std::shared_ptr<class osgeo::proj::metadata::VerticalExtent>>, class std::allocator<class dropbox::oxygen::nn<class std::shared_ptr<class osgeo::proj::metadata::VerticalExtent>>>> const & __cdecl osgeo::proj::metadata::Extent::verticalElements(void) const",method,osgeo::proj::metadata,Extent,verticalElements,void,True,False,False,False,False,False,True
861,860,0x35C,?warningList@PROJStringParser@io@proj@osgeo@@QEBA?AV?$vector@V?$basic_string@DU?$char_traits@D@std@@V?$allocator@D@2@@std@@V?$allocator@V?$basic_string@DU?$char_traits@D@std@@V?$allocator@D@2@@std@@@2@@std@@XZ,"public: class std::vector<class std::basic_string<char, struct std::char_traits<char>, class std::allocator<char>>, class std::allocator<class std::basic_string<char, struct std::char_traits<char>, class std::allocator<char>>>> __cdecl osgeo::proj::io::PROJStringParser::warningList(void) const",method,osgeo::proj::io,PROJStringParser,warningList,void,True,False,False,False,False,False,True
862,861,0x35D,?warningList@WKTParser@io@proj@osgeo@@QEBA?AV?$list@V?$basic_string@DU?$char_traits@D@std@@V?$allocator@D@2@@std@@V?$allocator@V?$basic_string@DU?$char_traits@D@std@@V?$allocator@D@2@@std@@@2@@std@@XZ,"public: class std::list<class std::basic_string<char, struct std::char_traits<char>, class std::allocator<char>>, class std::allocator<class std::basic_string<char, struct std::char_traits<char>, class std::allocator<char>>>> __cdecl osgeo::proj::io::WKTParser::warningList(void) const",method,osgeo::proj::io,WKTParser,warningList,void,True,False,False,False,False,False,True
863,862,0x35E,?westBoundLongitude@GeographicBoundingBox@metadata@proj@osgeo@@QEBANXZ,public: double __cdecl osgeo::proj::metadata::GeographicBoundingBox::westBoundLongitude(void) const,method,osgeo::proj::metadata,GeographicBoundingBox,westBoundLongitude,void,True,False,False,False,False,False,True
864,863,0x35F,?what@Exception@util@proj@osgeo@@UEBAPEBDXZ,public: virtual char const * __cdecl osgeo::proj::util::Exception::what(void) const,method,osgeo::proj::util,Exception,what,void,True,False,True,False,False,False,True
865,864,0x360,?width@Grid@proj@osgeo@@QEBAHXZ,public: int __cdecl osgeo::proj::Grid::width(void) const,method,osgeo::proj,Grid,width,void,True,False,False,False,False,False,True
866,865,0x361,geod_direct,,unknown,,,,,False,False,False,False,False,False,False
867,866,0x362,geod_directline,,unknown,,,,,False,False,False,False,False,False,False
868,867,0x363,geod_gendirect,,unknown,,,,,False,False,False,False,False,False,False
869,868,0x364,geod_gendirectline,,unknown,,,,,False,False,False,False,False,False,False
870,869,0x365,geod_geninverse,,unknown,,,,,False,False,False,False,False,False,False
871,870,0x366,geod_genposition,,unknown,,,,,False,False,False,False,False,False,False
872,871,0x367,geod_gensetdistance,,unknown,,,,,False,False,False,False,False,False,False
873,872,0x368,geod_init,,unknown,,,,,False,False,False,False,False,False,False
874,873,0x369,geod_inverse,,unknown,,,,,False,False,False,False,False,False,False
875,874,0x36A,geod_inverseline,,unknown,,,,,False,False,False,False,False,False,False
876,875,0x36B,geod_lineinit,,unknown,,,,,False,False,False,False,False,False,False
877,876,0x36C,geod_polygon_addedge,,unknown,,,,,False,False,False,False,False,False,False
878,877,0x36D,geod_polygon_addpoint,,unknown,,,,,False,False,False,False,False,False,False
879,878,0x36E,geod_polygon_clear,,unknown,,,,,False,False,False,False,False,False,False
880,879,0x36F,geod_polygon_compute,,unknown,,,,,False,False,False,False,False,False,False
881,880,0x370,geod_polygon_init,,unknown,,,,,False,False,False,False,False,False,False
882,881,0x371,geod_polygon_testedge,,unknown,,,,,False,False,False,False,False,False,False
883,882,0x372,geod_polygon_testpoint,,unknown,,,,,False,False,False,False,False,False,False
884,883,0x373,geod_polygonarea,,unknown,,,,,False,False,False,False,False,False,False
885,884,0x374,geod_position,,unknown,,,,,False,False,False,False,False,False,False
886,885,0x375,geod_setdistance,,unknown,,,,,False,False,False,False,False,False,False
887,886,0x376,pj_release,,unknown,,,,,False,False,False,False,False,False,False
888,887,0x377,proj_alter_id,,unknown,,,,,False,False,False,False,False,False,False
889,888,0x378,proj_alter_name,,unknown,,,,,False,False,False,False,False,False,False
890,889,0x379,proj_angular_input,,unknown,,,,,False,False,False,False,False,False,False
891,890,0x37A,proj_angular_output,,unknown,,,,,False,False,False,False,False,False,False
892,891,0x37B,proj_area_create,,unknown,,,,,False,False,False,False,False,False,False
893,892,0x37C,proj_area_destroy,,unknown,,,,,False,False,False,False,False,False,False
894,893,0x37D,proj_area_set_bbox,,unknown,,,,,False,False,False,False,False,False,False
895,894,0x37E,proj_as_proj_string,,unknown,,,,,False,False,False,False,False,False,False
896,895,0x37F,proj_as_projjson,,unknown,,,,,False,False,False,False,False,False,False
897,896,0x380,proj_as_wkt,,unknown,,,,,False,False,False,False,False,False,False
898,897,0x381,proj_assign_context,,unknown,,,,,False,False,False,False,False,False,False
899,898,0x382,proj_celestial_body_list_destroy,,unknown,,,,,False,False,False,False,False,False,False
900,899,0x383,proj_cleanup,,unknown,,,,,False,False,False,False,False,False,False
901,900,0x384,proj_clone,,unknown,,,,,False,False,False,False,False,False,False
902,901,0x385,proj_concatoperation_get_step,,unknown,,,,,False,False,False,False,False,False,False
903,902,0x386,proj_concatoperation_get_step_count,,unknown,,,,,False,False,False,False,False,False,False
904,903,0x387,proj_context_clone,,unknown,,,,,False,False,False,False,False,False,False
905,904,0x388,proj_context_create,,unknown,,,,,False,False,False,False,False,False,False
906,905,0x389,proj_context_destroy,,unknown,,,,,False,False,False,False,False,False,False
907,906,0x38A,proj_context_errno,,unknown,,,,,False,False,False,False,False,False,False
908,907,0x38B,proj_context_errno_string,,unknown,,,,,False,False,False,False,False,False,False
909,908,0x38C,proj_context_get_database_metadata,,unknown,,,,,False,False,False,False,False,False,False
910,909,0x38D,proj_context_get_database_path,,unknown,,,,,False,False,False,False,False,False,False
911,910,0x38E,proj_context_get_database_structure,,unknown,,,,,False,False,False,False,False,False,False
912,911,0x38F,proj_context_get_url_endpoint,,unknown,,,,,False,False,False,False,False,False,False
913,912,0x390,proj_context_get_use_proj4_init_rules,,unknown,,,,,False,False,False,False,False,False,False
914,913,0x391,proj_context_get_user_writable_directory,,unknown,,,,,False,False,False,False,False,False,False
915,914,0x392,proj_context_guess_wkt_dialect,,unknown,,,,,False,False,False,False,False,False,False
916,915,0x393,proj_context_is_network_enabled,,unknown,,,,,False,False,False,False,False,False,False
917,916,0x394,proj_context_set_autoclose_database,,unknown,,,,,False,False,False,False,False,False,False
918,917,0x395,proj_context_set_ca_bundle_path,,unknown,,,,,False,False,False,False,False,False,False
919,918,0x396,proj_context_set_database_path,,unknown,,,,,False,False,False,False,False,False,False
920,919,0x397,proj_context_set_enable_network,,unknown,,,,,False,False,False,False,False,False,False
921,920,0x398,proj_context_set_file_finder,,unknown,,,,,False,False,False,False,False,False,False
922,921,0x399,proj_context_set_fileapi,,unknown,,,,,False,False,False,False,False,False,False
923,922,0x39A,proj_context_set_network_callbacks,,unknown,,,,,False,False,False,False,False,False,False
924,923,0x39B,proj_context_set_search_paths,,unknown,,,,,False,False,False,False,False,False,False
925,924,0x39C,proj_context_set_sqlite3_vfs_name,,unknown,,,,,False,False,False,False,False,False,False
926,925,0x39D,proj_context_set_url_endpoint,,unknown,,,,,False,False,False,False,False,False,False
927,926,0x39E,proj_context_use_proj4_init_rules,,unknown,,,,,False,False,False,False,False,False,False
928,927,0x39F,proj_convert_conversion_to_other_method,,unknown,,,,,False,False,False,False,False,False,False
929,928,0x3A0,proj_coord,,unknown,,,,,False,False,False,False,False,False,False
930,929,0x3A1,proj_coordoperation_create_inverse,,unknown,,,,,False,False,False,False,False,False,False
931,930,0x3A2,proj_coordoperation_get_accuracy,,unknown,,,,,False,False,False,False,False,False,False
932,931,0x3A3,proj_coordoperation_get_grid_used,,unknown,,,,,False,False,False,False,False,False,False
933,932,0x3A4,proj_coordoperation_get_grid_used_count,,unknown,,,,,False,False,False,False,False,False,False
934,933,0x3A5,proj_coordoperation_get_method_info,,unknown,,,,,False,False,False,False,False,False,False
935,934,0x3A6,proj_coordoperation_get_param,,unknown,,,,,False,False,False,False,False,False,False
936,935,0x3A7,proj_coordoperation_get_param_count,,unknown,,,,,False,False,False,False,False,False,False
937,936,0x3A8,proj_coordoperation_get_param_index,,unknown,,,,,False,False,False,False,False,False,False
938,937,0x3A9,proj_coordoperation_get_towgs84_values,,unknown,,,,,False,False,False,False,False,False,False
939,938,0x3AA,proj_coordoperation_has_ballpark_transformation,,unknown,,,,,False,False,False,False,False,False,False
940,939,0x3AB,proj_coordoperation_is_instantiable,,unknown,,,,,False,False,False,False,False,False,False
941,940,0x3AC,proj_create,,unknown,,,,,False,False,False,False,False,False,False
942,941,0x3AD,proj_create_argv,,unknown,,,,,False,False,False,False,False,False,False
943,942,0x3AE,proj_create_cartesian_2D_cs,,unknown,,,,,False,False,False,False,False,False,False
944,943,0x3AF,proj_create_compound_crs,,unknown,,,,,False,False,False,False,False,False,False
945,944,0x3B0,proj_create_conversion,,unknown,,,,,False,False,False,False,False,False,False
946,945,0x3B1,proj_create_conversion_albers_equal_area,,unknown,,,,,False,False,False,False,False,False,False
947,946,0x3B2,proj_create_conversion_american_polyconic,,unknown,,,,,False,False,False,False,False,False,False
948,947,0x3B3,proj_create_conversion_azimuthal_equidistant,,unknown,,,,,False,False,False,False,False,False,False
949,948,0x3B4,proj_create_conversion_bonne,,unknown,,,,,False,False,False,False,False,False,False
950,949,0x3B5,proj_create_conversion_cassini_soldner,,unknown,,,,,False,False,False,False,False,False,False
951,950,0x3B6,proj_create_conversion_eckert_i,,unknown,,,,,False,False,False,False,False,False,False
952,951,0x3B7,proj_create_conversion_eckert_ii,,unknown,,,,,False,False,False,False,False,False,False
953,952,0x3B8,proj_create_conversion_eckert_iii,,unknown,,,,,False,False,False,False,False,False,False
954,953,0x3B9,proj_create_conversion_eckert_iv,,unknown,,,,,False,False,False,False,False,False,False
955,954,0x3BA,proj_create_conversion_eckert_v,,unknown,,,,,False,False,False,False,False,False,False
956,955,0x3BB,proj_create_conversion_eckert_vi,,unknown,,,,,False,False,False,False,False,False,False
957,956,0x3BC,proj_create_conversion_equal_earth,,unknown,,,,,False,False,False,False,False,False,False
958,957,0x3BD,proj_create_conversion_equidistant_conic,,unknown,,,,,False,False,False,False,False,False,False
959,958,0x3BE,proj_create_conversion_equidistant_cylindrical,,unknown,,,,,False,False,False,False,False,False,False
960,959,0x3BF,proj_create_conversion_equidistant_cylindrical_spherical,,unknown,,,,,False,False,False,False,False,False,False
961,960,0x3C0,proj_create_conversion_gall,,unknown,,,,,False,False,False,False,False,False,False
962,961,0x3C1,proj_create_conversion_gauss_schreiber_transverse_mercator,,unknown,,,,,False,False,False,False,False,False,False
963,962,0x3C2,proj_create_conversion_geostationary_satellite_sweep_x,,unknown,,,,,False,False,False,False,False,False,False
964,963,0x3C3,proj_create_conversion_geostationary_satellite_sweep_y,,unknown,,,,,False,False,False,False,False,False,False
965,964,0x3C4,proj_create_conversion_gnomonic,,unknown,,,,,False,False,False,False,False,False,False
966,965,0x3C5,proj_create_conversion_goode_homolosine,,unknown,,,,,False,False,False,False,False,False,False
967,966,0x3C6,proj_create_conversion_guam_projection,,unknown,,,,,False,False,False,False,False,False,False
968,967,0x3C7,proj_create_conversion_hotine_oblique_mercator_two_point_natural_origin,,unknown,,,,,False,False,False,False,False,False,False
969,968,0x3C8,proj_create_conversion_hotine_oblique_mercator_variant_a,,unknown,,,,,False,False,False,False,False,False,False
970,969,0x3C9,proj_create_conversion_hotine_oblique_mercator_variant_b,,unknown,,,,,False,False,False,False,False,False,False
971,970,0x3CA,proj_create_conversion_international_map_world_polyconic,,unknown,,,,,False,False,False,False,False,False,False
972,971,0x3CB,proj_create_conversion_interrupted_goode_homolosine,,unknown,,,,,False,False,False,False,False,False,False
973,972,0x3CC,proj_create_conversion_krovak,,unknown,,,,,False,False,False,False,False,False,False
974,973,0x3CD,proj_create_conversion_krovak_north_oriented,,unknown,,,,,False,False,False,False,False,False,False
975,974,0x3CE,proj_create_conversion_laborde_oblique_mercator,,unknown,,,,,False,False,False,False,False,False,False
976,975,0x3CF,proj_create_conversion_lambert_azimuthal_equal_area,,unknown,,,,,False,False,False,False,False,False,False
977,976,0x3D0,proj_create_conversion_lambert_conic_conformal_1sp,,unknown,,,,,False,False,False,False,False,False,False
978,977,0x3D1,proj_create_conversion_lambert_conic_conformal_2sp,,unknown,,,,,False,False,False,False,False,False,False
979,978,0x3D2,proj_create_conversion_lambert_conic_conformal_2sp_belgium,,unknown,,,,,False,False,False,False,False,False,False
980,979,0x3D3,proj_create_conversion_lambert_conic_conformal_2sp_michigan,,unknown,,,,,False,False,False,False,False,False,False
981,980,0x3D4,proj_create_conversion_lambert_cylindrical_equal_area,,unknown,,,,,False,False,False,False,False,False,False
982,981,0x3D5,proj_create_conversion_lambert_cylindrical_equal_area_spherical,,unknown,,,,,False,False,False,False,False,False,False
983,982,0x3D6,proj_create_conversion_mercator_variant_a,,unknown,,,,,False,False,False,False,False,False,False
984,983,0x3D7,proj_create_conversion_mercator_variant_b,,unknown,,,,,False,False,False,False,False,False,False
985,984,0x3D8,proj_create_conversion_miller_cylindrical,,unknown,,,,,False,False,False,False,False,False,False
986,985,0x3D9,proj_create_conversion_mollweide,,unknown,,,,,False,False,False,False,False,False,False
987,986,0x3DA,proj_create_conversion_new_zealand_mapping_grid,,unknown,,,,,False,False,False,False,False,False,False
988,987,0x3DB,proj_create_conversion_oblique_stereographic,,unknown,,,,,False,False,False,False,False,False,False
989,988,0x3DC,proj_create_conversion_orthographic,,unknown,,,,,False,False,False,False,False,False,False
990,989,0x3DD,proj_create_conversion_polar_stereographic_variant_a,,unknown,,,,,False,False,False,False,False,False,False
991,990,0x3DE,proj_create_conversion_polar_stereographic_variant_b,,unknown,,,,,False,False,False,False,False,False,False
992,991,0x3DF,proj_create_conversion_pole_rotation_grib_convention,,unknown,,,,,False,False,False,False,False,False,False
993,992,0x3E0,proj_create_conversion_pole_rotation_netcdf_cf_convention,,unknown,,,,,False,False,False,False,False,False,False
994,993,0x3E1,proj_create_conversion_popular_visualisation_pseudo_mercator,,unknown,,,,,False,False,False,False,False,False,False
995,994,0x3E2,proj_create_conversion_quadrilateralized_spherical_cube,,unknown,,,,,False,False,False,False,False,False,False
996,995,0x3E3,proj_create_conversion_robinson,,unknown,,,,,False,False,False,False,False,False,False
997,996,0x3E4,proj_create_conversion_sinusoidal,,unknown,,,,,False,False,False,False,False,False,False
998,997,0x3E5,proj_create_conversion_spherical_cross_track_height,,unknown,,,,,False,False,False,False,False,False,False
999,998,0x3E6,proj_create_conversion_stereographic,,unknown,,,,,False,False,False,False,False,False,False
1000,999,0x3E7,proj_create_conversion_transverse_mercator,,unknown,,,,,False,False,False,False,False,False,False
1001,1000,0x3E8,proj_create_conversion_transverse_mercator_south_oriented,,unknown,,,,,False,False,False,False,False,False,False
1002,1001,0x3E9,proj_create_conversion_tunisia_mapping_grid,,unknown,,,,,False,False,False,False,False,False,False
1003,1002,0x3EA,proj_create_conversion_two_point_equidistant,,unknown,,,,,False,False,False,False,False,False,False
1004,1003,0x3EB,proj_create_conversion_utm,,unknown,,,,,False,False,False,False,False,False,False
1005,1004,0x3EC,proj_create_conversion_van_der_grinten,,unknown,,,,,False,False,False,False,False,False,False
1006,1005,0x3ED,proj_create_conversion_vertical_perspective,,unknown,,,,,False,False,False,False,False,False,False
1007,1006,0x3EE,proj_create_conversion_wagner_i,,unknown,,,,,False,False,False,False,False,False,False
1008,1007,0x3EF,proj_create_conversion_wagner_ii,,unknown,,,,,False,False,False,False,False,False,False
1009,1008,0x3F0,proj_create_conversion_wagner_iii,,unknown,,,,,False,False,False,False,False,False,False
1010,1009,0x3F1,proj_create_conversion_wagner_iv,,unknown,,,,,False,False,False,False,False,False,False
1011,1010,0x3F2,proj_create_conversion_wagner_v,,unknown,,,,,False,False,False,False,False,False,False
1012,1011,0x3F3,proj_create_conversion_wagner_vi,,unknown,,,,,False,False,False,False,False,False,False
1013,1012,0x3F4,proj_create_conversion_wagner_vii,,unknown,,,,,False,False,False,False,False,False,False
1014,1013,0x3F5,proj_create_crs_to_crs,,unknown,,,,,False,False,False,False,False,False,False
1015,1014,0x3F6,proj_create_crs_to_crs_from_pj,,unknown,,,,,False,False,False,False,False,False,False
1016,1015,0x3F7,proj_create_cs,,unknown,,,,,False,False,False,False,False,False,False
1017,1016,0x3F8,proj_create_derived_geographic_crs,,unknown,,,,,False,False,False,False,False,False,False
1018,1017,0x3F9,proj_create_ellipsoidal_2D_cs,,unknown,,,,,False,False,False,False,False,False,False
1019,1018,0x3FA,proj_create_ellipsoidal_3D_cs,,unknown,,,,,False,False,False,False,False,False,False
1020,1019,0x3FB,proj_create_engineering_crs,,unknown,,,,,False,False,False,False,False,False,False
1021,1020,0x3FC,proj_create_from_database,,unknown,,,,,False,False,False,False,False,False,False
1022,1021,0x3FD,proj_create_from_name,,unknown,,,,,False,False,False,False,False,False,False
1023,1022,0x3FE,proj_create_from_wkt,,unknown,,,,,False,False,False,False,False,False,False
1024,1023,0x3FF,proj_create_geocentric_crs,,unknown,,,,,False,False,False,False,False,False,False
1025,1024,0x400,proj_create_geocentric_crs_from_datum,,unknown,,,,,False,False,False,False,False,False,False
1026,1025,0x401,proj_create_geographic_crs,,unknown,,,,,False,False,False,False,False,False,False
1027,1026,0x402,proj_create_geographic_crs_from_datum,,unknown,,,,,False,False,False,False,False,False,False
1028,1027,0x403,proj_create_operation_factory_context,,unknown,,,,,False,False,False,False,False,False,False
1029,1028,0x404,proj_create_operations,,unknown,,,,,False,False,False,False,False,False,False
1030,1029,0x405,proj_create_projected_crs,,unknown,,,,,False,False,False,False,False,False,False
1031,1030,0x406,proj_create_transformation,,unknown,,,,,False,False,False,False,False,False,False
1032,1031,0x407,proj_create_vertical_crs,,unknown,,,,,False,False,False,False,False,False,False
1033,1032,0x408,proj_create_vertical_crs_ex,,unknown,,,,,False,False,False,False,False,False,False
1034,1033,0x409,proj_crs_alter_cs_angular_unit,,unknown,,,,,False,False,False,False,False,False,False
1035,1034,0x40A,proj_crs_alter_cs_linear_unit,,unknown,,,,,False,False,False,False,False,False,False
1036,1035,0x40B,proj_crs_alter_geodetic_crs,,unknown,,,,,False,False,False,False,False,False,False
1037,1036,0x40C,proj_crs_alter_parameters_linear_unit,,unknown,,,,,False,False,False,False,False,False,False
1038,1037,0x40D,proj_crs_create_bound_crs,,unknown,,,,,False,False,False,False,False,False,False
1039,1038,0x40E,proj_crs_create_bound_crs_to_WGS84,,unknown,,,,,False,False,False,False,False,False,False
1040,1039,0x40F,proj_crs_create_bound_vertical_crs,,unknown,,,,,False,False,False,False,False,False,False
1041,1040,0x410,proj_crs_create_projected_3D_crs_from_2D,,unknown,,,,,False,False,False,False,False,False,False
1042,1041,0x411,proj_crs_demote_to_2D,,unknown,,,,,False,False,False,False,False,False,False
1043,1042,0x412,proj_crs_get_coordinate_system,,unknown,,,,,False,False,False,False,False,False,False
1044,1043,0x413,proj_crs_get_coordoperation,,unknown,,,,,False,False,False,False,False,False,False
1045,1044,0x414,proj_crs_get_datum,,unknown,,,,,False,False,False,False,False,False,False
1046,1045,0x415,proj_crs_get_datum_ensemble,,unknown,,,,,False,False,False,False,False,False,False
1047,1046,0x416,proj_crs_get_datum_forced,,unknown,,,,,False,False,False,False,False,False,False
1048,1047,0x417,proj_crs_get_geodetic_crs,,unknown,,,,,False,False,False,False,False,False,False
1049,1048,0x418,proj_crs_get_horizontal_datum,,unknown,,,,,False,False,False,False,False,False,False
1050,1049,0x419,proj_crs_get_sub_crs,,unknown,,,,,False,False,False,False,False,False,False
1051,1050,0x41A,proj_crs_info_list_destroy,,unknown,,,,,False,False,False,False,False,False,False
1052,1051,0x41B,proj_crs_is_derived,,unknown,,,,,False,False,False,False,False,False,False
1053,1052,0x41C,proj_crs_promote_to_3D,,unknown,,,,,False,False,False,False,False,False,False
1054,1053,0x41D,proj_cs_get_axis_count,,unknown,,,,,False,False,False,False,False,False,False
1055,1054,0x41E,proj_cs_get_axis_info,,unknown,,,,,False,False,False,False,False,False,False
1056,1055,0x41F,proj_cs_get_type,,unknown,,,,,False,False,False,False,False,False,False
1057,1056,0x420,proj_datum_ensemble_get_accuracy,,unknown,,,,,False,False,False,False,False,False,False
1058,1057,0x421,proj_datum_ensemble_get_member,,unknown,,,,,False,False,False,False,False,False,False
1059,1058,0x422,proj_datum_ensemble_get_member_count,,unknown,,,,,False,False,False,False,False,False,False
1060,1059,0x423,proj_degree_input,,unknown,,,,,False,False,False,False,False,False,False
1061,1060,0x424,proj_degree_output,,unknown,,,,,False,False,False,False,False,False,False
1062,1061,0x425,proj_destroy,,unknown,,,,,False,False,False,False,False,False,False
1063,1062,0x426,proj_dmstor,,unknown,,,,,False,False,False,False,False,False,False
1064,1063,0x427,proj_download_file,,unknown,,,,,False,False,False,False,False,False,False
1065,1064,0x428,proj_dynamic_datum_get_frame_reference_epoch,,unknown,,,,,False,False,False,False,False,False,False
1066,1065,0x429,proj_ellipsoid_get_parameters,,unknown,,,,,False,False,False,False,False,False,False
1067,1066,0x42A,proj_errno,,unknown,,,,,False,False,False,False,False,False,False
1068,1067,0x42B,proj_errno_reset,,unknown,,,,,False,False,False,False,False,False,False
1069,1068,0x42C,proj_errno_restore,,unknown,,,,,False,False,False,False,False,False,False
1070,1069,0x42D,proj_errno_set,,unknown,,,,,False,False,False,False,False,False,False
1071,1070,0x42E,proj_errno_string,,unknown,,,,,False,False,False,False,False,False,False
1072,1071,0x42F,proj_factors,,unknown,,,,,False,False,False,False,False,False,False
1073,1072,0x430,proj_geod,,unknown,,,,,False,False,False,False,False,False,False
1074,1073,0x431,proj_get_area_of_use,,unknown,,,,,False,False,False,False,False,False,False
1075,1074,0x432,proj_get_authorities_from_database,,unknown,,,,,False,False,False,False,False,False,False
1076,1075,0x433,proj_get_celestial_body_list_from_database,,unknown,,,,,False,False,False,False,False,False,False
1077,1076,0x434,proj_get_celestial_body_name,,unknown,,,,,False,False,False,False,False,False,False
1078,1077,0x435,proj_get_codes_from_database,,unknown,,,,,False,False,False,False,False,False,False
1079,1078,0x436,proj_get_crs_info_list_from_database,,unknown,,,,,False,False,False,False,False,False,False
1080,1079,0x437,proj_get_crs_list_parameters_create,,unknown,,,,,False,False,False,False,False,False,False
1081,1080,0x438,proj_get_crs_list_parameters_destroy,,unknown,,,,,False,False,False,False,False,False,False
1082,1081,0x439,proj_get_ellipsoid,,unknown,,,,,False,False,False,False,False,False,False
1083,1082,0x43A,proj_get_geoid_models_from_database,,unknown,,,,,False,False,False,False,False,False,False
1084,1083,0x43B,proj_get_id_auth_name,,unknown,,,,,False,False,False,False,False,False,False
1085,1084,0x43C,proj_get_id_code,,unknown,,,,,False,False,False,False,False,False,False
1086,1085,0x43D,proj_get_insert_statements,,unknown,,,,,False,False,False,False,False,False,False
1087,1086,0x43E,proj_get_name,,unknown,,,,,False,False,False,False,False,False,False
1088,1087,0x43F,proj_get_non_deprecated,,unknown,,,,,False,False,False,False,False,False,False
1089,1088,0x440,proj_get_prime_meridian,,unknown,,,,,False,False,False,False,False,False,False
1090,1089,0x441,proj_get_remarks,,unknown,,,,,False,False,False,False,False,False,False
1091,1090,0x442,proj_get_scope,,unknown,,,,,False,False,False,False,False,False,False
1092,1091,0x443,proj_get_source_crs,,unknown,,,,,False,False,False,False,False,False,False
1093,1092,0x444,proj_get_suggested_operation,,unknown,,,,,False,False,False,False,False,False,False
1094,1093,0x445,proj_get_target_crs,,unknown,,,,,False,False,False,False,False,False,False
1095,1094,0x446,proj_get_type,,unknown,,,,,False,False,False,False,False,False,False
1096,1095,0x447,proj_get_units_from_database,,unknown,,,,,False,False,False,False,False,False,False
1097,1096,0x448,proj_grid_cache_clear,,unknown,,,,,False,False,False,False,False,False,False
1098,1097,0x449,proj_grid_cache_set_enable,,unknown,,,,,False,False,False,False,False,False,False
1099,1098,0x44A,proj_grid_cache_set_filename,,unknown,,,,,False,False,False,False,False,False,False
1100,1099,0x44B,proj_grid_cache_set_max_size,,unknown,,,,,False,False,False,False,False,False,False
1101,1100,0x44C,proj_grid_cache_set_ttl,,unknown,,,,,False,False,False,False,False,False,False
1102,1101,0x44D,proj_grid_get_info_from_database,,unknown,,,,,False,False,False,False,False,False,False
1103,1102,0x44E,proj_grid_info,,unknown,,,,,False,False,False,False,False,False,False
1104,1103,0x44F,proj_identify,,unknown,,,,,False,False,False,False,False,False,False
1105,1104,0x450,proj_info,,unknown,,,,,False,False,False,False,False,False,False
1106,1105,0x451,proj_init_info,,unknown,,,,,False,False,False,False,False,False,False
1107,1106,0x452,proj_insert_object_session_create,,unknown,,,,,False,False,False,False,False,False,False
1108,1107,0x453,proj_insert_object_session_destroy,,unknown,,,,,False,False,False,False,False,False,False
1109,1108,0x454,proj_int_list_destroy,,unknown,,,,,False,False,False,False,False,False,False
1110,1109,0x455,proj_is_crs,,unknown,,,,,False,False,False,False,False,False,False
1111,1110,0x456,proj_is_deprecated,,unknown,,,,,False,False,False,False,False,False,False
1112,1111,0x457,proj_is_derived_crs,,unknown,,,,,False,False,False,False,False,False,False
1113,1112,0x458,proj_is_download_needed,,unknown,,,,,False,False,False,False,False,False,False
1114,1113,0x459,proj_is_equivalent_to,,unknown,,,,,False,False,False,False,False,False,False
1115,1114,0x45A,proj_is_equivalent_to_with_ctx,,unknown,,,,,False,False,False,False,False,False,False
1116,1115,0x45B,proj_list_angular_units,,unknown,,,,,False,False,False,False,False,False,False
1117,1116,0x45C,proj_list_destroy,,unknown,,,,,False,False,False,False,False,False,False
1118,1117,0x45D,proj_list_ellps,,unknown,,,,,False,False,False,False,False,False,False
1119,1118,0x45E,proj_list_get,,unknown,,,,,False,False,False,False,False,False,False
1120,1119,0x45F,proj_list_get_count,,unknown,,,,,False,False,False,False,False,False,False
1121,1120,0x460,proj_list_operations,,unknown,,,,,False,False,False,False,False,False,False
1122,1121,0x461,proj_list_prime_meridians,,unknown,,,,,False,False,False,False,False,False,False
1123,1122,0x462,proj_list_units,,unknown,,,,,False,False,False,False,False,False,False
1124,1123,0x463,proj_log_func,,unknown,,,,,False,False,False,False,False,False,False
1125,1124,0x464,proj_log_level,,unknown,,,,,False,False,False,False,False,False,False
1126,1125,0x465,proj_lp_dist,,unknown,,,,,False,False,False,False,False,False,False
1127,1126,0x466,proj_lpz_dist,,unknown,,,,,False,False,False,False,False,False,False
1128,1127,0x467,proj_normalize_for_visualization,,unknown,,,,,False,False,False,False,False,False,False
1129,1128,0x468,proj_operation_factory_context_destroy,,unknown,,,,,False,False,False,False,False,False,False
1130,1129,0x469,proj_operation_factory_context_set_allow_ballpark_transformations,,unknown,,,,,False,False,False,False,False,False,False
1131,1130,0x46A,proj_operation_factory_context_set_allow_use_intermediate_crs,,unknown,,,,,False,False,False,False,False,False,False
1132,1131,0x46B,proj_operation_factory_context_set_allowed_intermediate_crs,,unknown,,,,,False,False,False,False,False,False,False
1133,1132,0x46C,proj_operation_factory_context_set_area_of_interest,,unknown,,,,,False,False,False,False,False,False,False
1134,1133,0x46D,proj_operation_factory_context_set_crs_extent_use,,unknown,,,,,False,False,False,False,False,False,False
1135,1134,0x46E,proj_operation_factory_context_set_desired_accuracy,,unknown,,,,,False,False,False,False,False,False,False
1136,1135,0x46F,proj_operation_factory_context_set_discard_superseded,,unknown,,,,,False,False,False,False,False,False,False
1137,1136,0x470,proj_operation_factory_context_set_grid_availability_use,,unknown,,,,,False,False,False,False,False,False,False
1138,1137,0x471,proj_operation_factory_context_set_spatial_criterion,,unknown,,,,,False,False,False,False,False,False,False
1139,1138,0x472,proj_operation_factory_context_set_use_proj_alternative_grid_names,,unknown,,,,,False,False,False,False,False,False,False
1140,1139,0x473,proj_pj_info,,unknown,,,,,False,False,False,False,False,False,False
1141,1140,0x474,proj_prime_meridian_get_parameters,,unknown,,,,,False,False,False,False,False,False,False
1142,1141,0x475,proj_query_geodetic_crs_from_datum,,unknown,,,,,False,False,False,False,False,False,False
1143,1142,0x476,proj_roundtrip,,unknown,,,,,False,False,False,False,False,False,False
1144,1143,0x477,proj_rtodms,,unknown,,,,,False,False,False,False,False,False,False
1145,1144,0x478,proj_string_destroy,,unknown,,,,,False,False,False,False,False,False,False
1146,1145,0x479,proj_string_list_destroy,,unknown,,,,,False,False,False,False,False,False,False
1147,1146,0x47A,proj_suggests_code_for,,unknown,,,,,False,False,False,False,False,False,False
1148,1147,0x47B,proj_todeg,,unknown,,,,,False,False,False,False,False,False,False
1149,1148,0x47C,proj_torad,,unknown,,,,,False,False,False,False,False,False,False
1150,1149,0x47D,proj_trans,,unknown,,,,,False,False,False,False,False,False,False
1151,1150,0x47E,proj_trans_array,,unknown,,,,,False,False,False,False,False,False,False
1152,1151,0x47F,proj_trans_bounds,,unknown,,,,,False,False,False,False,False,False,False
1153,1152,0x480,proj_trans_generic,,unknown,,,,,False,False,False,False,False,False,False
1154,1153,0x481,proj_unit_list_destroy,,unknown,,,,,False,False,False,False,False,False,False
1155,1154,0x482,proj_uom_get_info_from_database,,unknown,,,,,False,False,False,False,False,False,False
1156,1155,0x483,proj_xy_dist,,unknown,,,,,False,False,False,False,False,False,False
1157,1156,0x484,proj_xyz_dist,,unknown,,,,,False,False,False,False,False,False,False
