ordinal,rva,rva_hex,name,demangled,symbol_type,namespace,class_name,function_name,parameters,const,static,virtual,is_vftable,is_vbtable,is_rtti,demangle_ok
1,0,0x0,??0QDomAttr@@AEAA@PEAVQDomAttrPrivate@@@Z,private: __cdecl QDomAttr::QDomAttr(class QDomAttrPrivate *),method,,QDomAttr,QDomAttr,class QDomAttrPrivate *,False,False,False,False,False,False,True
2,1,0x1,??0QDomAttr@@QEAA@AEBV0@@Z,public: __cdecl QDomAttr::QDomAttr(class QDomAttr const &),method,,QDomAttr,QDomAttr,class QDomAttr const &,False,False,False,False,False,False,True
3,2,0x2,??0QDomAttr@@QEAA@XZ,public: __cdecl QDomAttr::QDomAttr(void),method,,QDomAttr,QDomAttr,void,False,False,False,False,False,False,True
4,3,0x3,??0QDomCDATASection@@AEAA@PEAVQDomCDATASectionPrivate@@@Z,private: __cdecl QDomCDATASection::QDomCDATASection(class QDomCDATASectionPrivate *),method,,QDomCDATASection,QDomCDATASection,class QDomCDATASectionPrivate *,False,False,False,False,False,False,True
5,4,0x4,??0QDomCDATASection@@QEAA@AEBV0@@Z,public: __cdecl QDomCDATASection::QDomCDATASection(class QDomCDATASection const &),method,,QDomCDATASection,QDomCDATASection,class QDomCDATASection const &,False,False,False,False,False,False,True
6,5,0x5,??0QDomCDATASection@@QEAA@XZ,public: __cdecl QDomCDATASection::QDomCDATASection(void),method,,QDomCDATASection,QDomCDATASection,void,False,False,False,False,False,False,True
7,6,0x6,??0QDomCharacterData@@AEAA@PEAVQDomCharacterDataPrivate@@@Z,private: __cdecl QDomCharacterData::QDomCharacterData(class QDomCharacterDataPrivate *),method,,QDomCharacterData,QDomCharacterData,class QDomCharacterDataPrivate *,False,False,False,False,False,False,True
8,7,0x7,??0QDomCharacterData@@QEAA@AEBV0@@Z,public: __cdecl QDomCharacterData::QDomCharacterData(class QDomCharacterData const &),method,,QDomCharacterData,QDomCharacterData,class QDomCharacterData const &,False,False,False,False,False,False,True
9,8,0x8,??0QDomCharacterData@@QEAA@XZ,public: __cdecl QDomCharacterData::QDomCharacterData(void),method,,QDomCharacterData,QDomCharacterData,void,False,False,False,False,False,False,True
10,9,0x9,??0QDomComment@@AEAA@PEAVQDomCommentPrivate@@@Z,private: __cdecl QDomComment::QDomComment(class QDomCommentPrivate *),method,,QDomComment,QDomComment,class QDomCommentPrivate *,False,False,False,False,False,False,True
11,10,0xA,??0QDomComment@@QEAA@AEBV0@@Z,public: __cdecl QDomComment::QDomComment(class QDomComment const &),method,,QDomComment,QDomComment,class QDomComment const &,False,False,False,False,False,False,True
12,11,0xB,??0QDomComment@@QEAA@XZ,public: __cdecl QDomComment::QDomComment(void),method,,QDomComment,QDomComment,void,False,False,False,False,False,False,True
13,12,0xC,??0QDomDocument@@AEAA@PEAVQDomDocumentPrivate@@@Z,private: __cdecl QDomDocument::QDomDocument(class QDomDocumentPrivate *),method,,QDomDocument,QDomDocument,class QDomDocumentPrivate *,False,False,False,False,False,False,True
14,13,0xD,??0QDomDocument@@QEAA@AEBV0@@Z,public: __cdecl QDomDocument::QDomDocument(class QDomDocument const &),method,,QDomDocument,QDomDocument,class QDomDocument const &,False,False,False,False,False,False,True
15,14,0xE,??0QDomDocument@@QEAA@AEBVQDomDocumentType@@@Z,public: __cdecl QDomDocument::QDomDocument(class QDomDocumentType const &),method,,QDomDocument,QDomDocument,class QDomDocumentType const &,False,False,False,False,False,False,True
16,15,0xF,??0QDomDocument@@QEAA@AEBVQString@@@Z,public: __cdecl QDomDocument::QDomDocument(class QString const &),method,,QDomDocument,QDomDocument,class QString const &,False,False,False,False,False,False,True
17,16,0x10,??0QDomDocument@@QEAA@XZ,public: __cdecl QDomDocument::QDomDocument(void),method,,QDomDocument,QDomDocument,void,False,False,False,False,False,False,True
18,17,0x11,??0QDomDocumentFragment@@AEAA@PEAVQDomDocumentFragmentPrivate@@@Z,private: __cdecl QDomDocumentFragment::QDomDocumentFragment(class QDomDocumentFragmentPrivate *),method,,QDomDocumentFragment,QDomDocumentFragment,class QDomDocumentFragmentPrivate *,False,False,False,False,False,False,True
19,18,0x12,??0QDomDocumentFragment@@QEAA@AEBV0@@Z,public: __cdecl QDomDocumentFragment::QDomDocumentFragment(class QDomDocumentFragment const &),method,,QDomDocumentFragment,QDomDocumentFragment,class QDomDocumentFragment const &,False,False,False,False,False,False,True
20,19,0x13,??0QDomDocumentFragment@@QEAA@XZ,public: __cdecl QDomDocumentFragment::QDomDocumentFragment(void),method,,QDomDocumentFragment,QDomDocumentFragment,void,False,False,False,False,False,False,True
21,20,0x14,??0QDomDocumentType@@AEAA@PEAVQDomDocumentTypePrivate@@@Z,private: __cdecl QDomDocumentType::QDomDocumentType(class QDomDocumentTypePrivate *),method,,QDomDocumentType,QDomDocumentType,class QDomDocumentTypePrivate *,False,False,False,False,False,False,True
22,21,0x15,??0QDomDocumentType@@QEAA@AEBV0@@Z,public: __cdecl QDomDocumentType::QDomDocumentType(class QDomDocumentType const &),method,,QDomDocumentType,QDomDocumentType,class QDomDocumentType const &,False,False,False,False,False,False,True
23,22,0x16,??0QDomDocumentType@@QEAA@XZ,public: __cdecl QDomDocumentType::QDomDocumentType(void),method,,QDomDocumentType,QDomDocumentType,void,False,False,False,False,False,False,True
24,23,0x17,??0QDomElement@@AEAA@PEAVQDomElementPrivate@@@Z,private: __cdecl QDomElement::QDomElement(class QDomElementPrivate *),method,,QDomElement,QDomElement,class QDomElementPrivate *,False,False,False,False,False,False,True
25,24,0x18,??0QDomElement@@QEAA@AEBV0@@Z,public: __cdecl QDomElement::QDomElement(class QDomElement const &),method,,QDomElement,QDomElement,class QDomElement const &,False,False,False,False,False,False,True
26,25,0x19,??0QDomElement@@QEAA@XZ,public: __cdecl QDomElement::QDomElement(void),method,,QDomElement,QDomElement,void,False,False,False,False,False,False,True
27,26,0x1A,??0QDomEntity@@AEAA@PEAVQDomEntityPrivate@@@Z,private: __cdecl QDomEntity::QDomEntity(class QDomEntityPrivate *),method,,QDomEntity,QDomEntity,class QDomEntityPrivate *,False,False,False,False,False,False,True
28,27,0x1B,??0QDomEntity@@QEAA@AEBV0@@Z,public: __cdecl QDomEntity::QDomEntity(class QDomEntity const &),method,,QDomEntity,QDomEntity,class QDomEntity const &,False,False,False,False,False,False,True
29,28,0x1C,??0QDomEntity@@QEAA@XZ,public: __cdecl QDomEntity::QDomEntity(void),method,,QDomEntity,QDomEntity,void,False,False,False,False,False,False,True
30,29,0x1D,??0QDomEntityReference@@AEAA@PEAVQDomEntityReferencePrivate@@@Z,private: __cdecl QDomEntityReference::QDomEntityReference(class QDomEntityReferencePrivate *),method,,QDomEntityReference,QDomEntityReference,class QDomEntityReferencePrivate *,False,False,False,False,False,False,True
31,30,0x1E,??0QDomEntityReference@@QEAA@AEBV0@@Z,public: __cdecl QDomEntityReference::QDomEntityReference(class QDomEntityReference const &),method,,QDomEntityReference,QDomEntityReference,class QDomEntityReference const &,False,False,False,False,False,False,True
32,31,0x1F,??0QDomEntityReference@@QEAA@XZ,public: __cdecl QDomEntityReference::QDomEntityReference(void),method,,QDomEntityReference,QDomEntityReference,void,False,False,False,False,False,False,True
33,32,0x20,??0QDomImplementation@@AEAA@PEAVQDomImplementationPrivate@@@Z,private: __cdecl QDomImplementation::QDomImplementation(class QDomImplementationPrivate *),method,,QDomImplementation,QDomImplementation,class QDomImplementationPrivate *,False,False,False,False,False,False,True
34,33,0x21,??0QDomImplementation@@QEAA@AEBV0@@Z,public: __cdecl QDomImplementation::QDomImplementation(class QDomImplementation const &),method,,QDomImplementation,QDomImplementation,class QDomImplementation const &,False,False,False,False,False,False,True
35,34,0x22,??0QDomImplementation@@QEAA@XZ,public: __cdecl QDomImplementation::QDomImplementation(void),method,,QDomImplementation,QDomImplementation,void,False,False,False,False,False,False,True
36,35,0x23,??0QDomNamedNodeMap@@AEAA@PEAVQDomNamedNodeMapPrivate@@@Z,private: __cdecl QDomNamedNodeMap::QDomNamedNodeMap(class QDomNamedNodeMapPrivate *),method,,QDomNamedNodeMap,QDomNamedNodeMap,class QDomNamedNodeMapPrivate *,False,False,False,False,False,False,True
37,36,0x24,??0QDomNamedNodeMap@@QEAA@AEBV0@@Z,public: __cdecl QDomNamedNodeMap::QDomNamedNodeMap(class QDomNamedNodeMap const &),method,,QDomNamedNodeMap,QDomNamedNodeMap,class QDomNamedNodeMap const &,False,False,False,False,False,False,True
38,37,0x25,??0QDomNamedNodeMap@@QEAA@XZ,public: __cdecl QDomNamedNodeMap::QDomNamedNodeMap(void),method,,QDomNamedNodeMap,QDomNamedNodeMap,void,False,False,False,False,False,False,True
39,38,0x26,??0QDomNode@@IEAA@PEAVQDomNodePrivate@@@Z,protected: __cdecl QDomNode::QDomNode(class QDomNodePrivate *),method,,QDomNode,QDomNode,class QDomNodePrivate *,False,False,False,False,False,False,True
40,39,0x27,??0QDomNode@@QEAA@AEBV0@@Z,public: __cdecl QDomNode::QDomNode(class QDomNode const &),method,,QDomNode,QDomNode,class QDomNode const &,False,False,False,False,False,False,True
41,40,0x28,??0QDomNode@@QEAA@XZ,public: __cdecl QDomNode::QDomNode(void),method,,QDomNode,QDomNode,void,False,False,False,False,False,False,True
42,41,0x29,??0QDomNodeList@@AEAA@PEAVQDomNodeListPrivate@@@Z,private: __cdecl QDomNodeList::QDomNodeList(class QDomNodeListPrivate *),method,,QDomNodeList,QDomNodeList,class QDomNodeListPrivate *,False,False,False,False,False,False,True
43,42,0x2A,??0QDomNodeList@@QEAA@AEBV0@@Z,public: __cdecl QDomNodeList::QDomNodeList(class QDomNodeList const &),method,,QDomNodeList,QDomNodeList,class QDomNodeList const &,False,False,False,False,False,False,True
44,43,0x2B,??0QDomNodeList@@QEAA@XZ,public: __cdecl QDomNodeList::QDomNodeList(void),method,,QDomNodeList,QDomNodeList,void,False,False,False,False,False,False,True
45,44,0x2C,??0QDomNotation@@AEAA@PEAVQDomNotationPrivate@@@Z,private: __cdecl QDomNotation::QDomNotation(class QDomNotationPrivate *),method,,QDomNotation,QDomNotation,class QDomNotationPrivate *,False,False,False,False,False,False,True
46,45,0x2D,??0QDomNotation@@QEAA@AEBV0@@Z,public: __cdecl QDomNotation::QDomNotation(class QDomNotation const &),method,,QDomNotation,QDomNotation,class QDomNotation const &,False,False,False,False,False,False,True
47,46,0x2E,??0QDomNotation@@QEAA@XZ,public: __cdecl QDomNotation::QDomNotation(void),method,,QDomNotation,QDomNotation,void,False,False,False,False,False,False,True
48,47,0x2F,??0QDomProcessingInstruction@@AEAA@PEAVQDomProcessingInstructionPrivate@@@Z,private: __cdecl QDomProcessingInstruction::QDomProcessingInstruction(class QDomProcessingInstructionPrivate *),method,,QDomProcessingInstruction,QDomProcessingInstruction,class QDomProcessingInstructionPrivate *,False,False,False,False,False,False,True
49,48,0x30,??0QDomProcessingInstruction@@QEAA@AEBV0@@Z,public: __cdecl QDomProcessingInstruction::QDomProcessingInstruction(class QDomProcessingInstruction const &),method,,QDomProcessingInstruction,QDomProcessingInstruction,class QDomProcessingInstruction const &,False,False,False,False,False,False,True
50,49,0x31,??0QDomProcessingInstruction@@QEAA@XZ,public: __cdecl QDomProcessingInstruction::QDomProcessingInstruction(void),method,,QDomProcessingInstruction,QDomProcessingInstruction,void,False,False,False,False,False,False,True
51,50,0x32,??0QDomText@@AEAA@PEAVQDomTextPrivate@@@Z,private: __cdecl QDomText::QDomText(class QDomTextPrivate *),method,,QDomText,QDomText,class QDomTextPrivate *,False,False,False,False,False,False,True
52,51,0x33,??0QDomText@@QEAA@AEBV0@@Z,public: __cdecl QDomText::QDomText(class QDomText const &),method,,QDomText,QDomText,class QDomText const &,False,False,False,False,False,False,True
53,52,0x34,??0QDomText@@QEAA@XZ,public: __cdecl QDomText::QDomText(void),method,,QDomText,QDomText,void,False,False,False,False,False,False,True
54,53,0x35,??0QXmlAttributes@@QEAA@$$QEAV0@@Z,public: __cdecl QXmlAttributes::QXmlAttributes(class QXmlAttributes &&),method,,QXmlAttributes,QXmlAttributes,class QXmlAttributes &&,False,False,False,False,False,False,True
55,54,0x36,??0QXmlAttributes@@QEAA@AEBV0@@Z,public: __cdecl QXmlAttributes::QXmlAttributes(class QXmlAttributes const &),method,,QXmlAttributes,QXmlAttributes,class QXmlAttributes const &,False,False,False,False,False,False,True
56,55,0x37,??0QXmlAttributes@@QEAA@XZ,public: __cdecl QXmlAttributes::QXmlAttributes(void),method,,QXmlAttributes,QXmlAttributes,void,False,False,False,False,False,False,True
57,56,0x38,??0QXmlContentHandler@@QEAA@AEBV0@@Z,public: __cdecl QXmlContentHandler::QXmlContentHandler(class QXmlContentHandler const &),method,,QXmlContentHandler,QXmlContentHandler,class QXmlContentHandler const &,False,False,False,False,False,False,True
58,57,0x39,??0QXmlContentHandler@@QEAA@XZ,public: __cdecl QXmlContentHandler::QXmlContentHandler(void),method,,QXmlContentHandler,QXmlContentHandler,void,False,False,False,False,False,False,True
59,58,0x3A,??0QXmlDTDHandler@@QEAA@AEBV0@@Z,public: __cdecl QXmlDTDHandler::QXmlDTDHandler(class QXmlDTDHandler const &),method,,QXmlDTDHandler,QXmlDTDHandler,class QXmlDTDHandler const &,False,False,False,False,False,False,True
60,59,0x3B,??0QXmlDTDHandler@@QEAA@XZ,public: __cdecl QXmlDTDHandler::QXmlDTDHandler(void),method,,QXmlDTDHandler,QXmlDTDHandler,void,False,False,False,False,False,False,True
61,60,0x3C,??0QXmlDeclHandler@@QEAA@AEBV0@@Z,public: __cdecl QXmlDeclHandler::QXmlDeclHandler(class QXmlDeclHandler const &),method,,QXmlDeclHandler,QXmlDeclHandler,class QXmlDeclHandler const &,False,False,False,False,False,False,True
62,61,0x3D,??0QXmlDeclHandler@@QEAA@XZ,public: __cdecl QXmlDeclHandler::QXmlDeclHandler(void),method,,QXmlDeclHandler,QXmlDeclHandler,void,False,False,False,False,False,False,True
63,62,0x3E,??0QXmlDefaultHandler@@QEAA@XZ,public: __cdecl QXmlDefaultHandler::QXmlDefaultHandler(void),method,,QXmlDefaultHandler,QXmlDefaultHandler,void,False,False,False,False,False,False,True
64,63,0x3F,??0QXmlEntityResolver@@QEAA@AEBV0@@Z,public: __cdecl QXmlEntityResolver::QXmlEntityResolver(class QXmlEntityResolver const &),method,,QXmlEntityResolver,QXmlEntityResolver,class QXmlEntityResolver const &,False,False,False,False,False,False,True
65,64,0x40,??0QXmlEntityResolver@@QEAA@XZ,public: __cdecl QXmlEntityResolver::QXmlEntityResolver(void),method,,QXmlEntityResolver,QXmlEntityResolver,void,False,False,False,False,False,False,True
66,65,0x41,??0QXmlErrorHandler@@QEAA@AEBV0@@Z,public: __cdecl QXmlErrorHandler::QXmlErrorHandler(class QXmlErrorHandler const &),method,,QXmlErrorHandler,QXmlErrorHandler,class QXmlErrorHandler const &,False,False,False,False,False,False,True
67,66,0x42,??0QXmlErrorHandler@@QEAA@XZ,public: __cdecl QXmlErrorHandler::QXmlErrorHandler(void),method,,QXmlErrorHandler,QXmlErrorHandler,void,False,False,False,False,False,False,True
68,67,0x43,??0QXmlInputSource@@QEAA@AEBV0@@Z,public: __cdecl QXmlInputSource::QXmlInputSource(class QXmlInputSource const &),method,,QXmlInputSource,QXmlInputSource,class QXmlInputSource const &,False,False,False,False,False,False,True
69,68,0x44,??0QXmlInputSource@@QEAA@PEAVQIODevice@@@Z,public: __cdecl QXmlInputSource::QXmlInputSource(class QIODevice *),method,,QXmlInputSource,QXmlInputSource,class QIODevice *,False,False,False,False,False,False,True
70,69,0x45,??0QXmlInputSource@@QEAA@XZ,public: __cdecl QXmlInputSource::QXmlInputSource(void),method,,QXmlInputSource,QXmlInputSource,void,False,False,False,False,False,False,True
71,70,0x46,??0QXmlLexicalHandler@@QEAA@AEBV0@@Z,public: __cdecl QXmlLexicalHandler::QXmlLexicalHandler(class QXmlLexicalHandler const &),method,,QXmlLexicalHandler,QXmlLexicalHandler,class QXmlLexicalHandler const &,False,False,False,False,False,False,True
72,71,0x47,??0QXmlLexicalHandler@@QEAA@XZ,public: __cdecl QXmlLexicalHandler::QXmlLexicalHandler(void),method,,QXmlLexicalHandler,QXmlLexicalHandler,void,False,False,False,False,False,False,True
73,72,0x48,??0QXmlLocator@@QEAA@AEBV0@@Z,public: __cdecl QXmlLocator::QXmlLocator(class QXmlLocator const &),method,,QXmlLocator,QXmlLocator,class QXmlLocator const &,False,False,False,False,False,False,True
74,73,0x49,??0QXmlLocator@@QEAA@XZ,public: __cdecl QXmlLocator::QXmlLocator(void),method,,QXmlLocator,QXmlLocator,void,False,False,False,False,False,False,True
75,74,0x4A,??0QXmlNamespaceSupport@@QEAA@XZ,public: __cdecl QXmlNamespaceSupport::QXmlNamespaceSupport(void),method,,QXmlNamespaceSupport,QXmlNamespaceSupport,void,False,False,False,False,False,False,True
76,75,0x4B,??0QXmlParseException@@QEAA@AEBV0@@Z,public: __cdecl QXmlParseException::QXmlParseException(class QXmlParseException const &),method,,QXmlParseException,QXmlParseException,class QXmlParseException const &,False,False,False,False,False,False,True
77,76,0x4C,??0QXmlParseException@@QEAA@AEBVQString@@HH00@Z,"public: __cdecl QXmlParseException::QXmlParseException(class QString const &, int, int, class QString const &, class QString const &)",method,,QXmlParseException,QXmlParseException,"class QString const &, int, int, class QString const &, class QString const &",False,False,False,False,False,False,True
78,77,0x4D,??0QXmlReader@@QEAA@AEBV0@@Z,public: __cdecl QXmlReader::QXmlReader(class QXmlReader const &),method,,QXmlReader,QXmlReader,class QXmlReader const &,False,False,False,False,False,False,True
79,78,0x4E,??0QXmlReader@@QEAA@XZ,public: __cdecl QXmlReader::QXmlReader(void),method,,QXmlReader,QXmlReader,void,False,False,False,False,False,False,True
80,79,0x4F,??0QXmlSimpleReader@@QEAA@XZ,public: __cdecl QXmlSimpleReader::QXmlSimpleReader(void),method,,QXmlSimpleReader,QXmlSimpleReader,void,False,False,False,False,False,False,True
81,80,0x50,??1QDomAttr@@QEAA@XZ,public: __cdecl QDomAttr::~QDomAttr(void),method,,QDomAttr,~QDomAttr,void,False,False,False,False,False,False,True
82,81,0x51,??1QDomCDATASection@@QEAA@XZ,public: __cdecl QDomCDATASection::~QDomCDATASection(void),method,,QDomCDATASection,~QDomCDATASection,void,False,False,False,False,False,False,True
83,82,0x52,??1QDomCharacterData@@QEAA@XZ,public: __cdecl QDomCharacterData::~QDomCharacterData(void),method,,QDomCharacterData,~QDomCharacterData,void,False,False,False,False,False,False,True
84,83,0x53,??1QDomComment@@QEAA@XZ,public: __cdecl QDomComment::~QDomComment(void),method,,QDomComment,~QDomComment,void,False,False,False,False,False,False,True
85,84,0x54,??1QDomDocument@@QEAA@XZ,public: __cdecl QDomDocument::~QDomDocument(void),method,,QDomDocument,~QDomDocument,void,False,False,False,False,False,False,True
86,85,0x55,??1QDomDocumentFragment@@QEAA@XZ,public: __cdecl QDomDocumentFragment::~QDomDocumentFragment(void),method,,QDomDocumentFragment,~QDomDocumentFragment,void,False,False,False,False,False,False,True
87,86,0x56,??1QDomDocumentType@@QEAA@XZ,public: __cdecl QDomDocumentType::~QDomDocumentType(void),method,,QDomDocumentType,~QDomDocumentType,void,False,False,False,False,False,False,True
88,87,0x57,??1QDomElement@@QEAA@XZ,public: __cdecl QDomElement::~QDomElement(void),method,,QDomElement,~QDomElement,void,False,False,False,False,False,False,True
89,88,0x58,??1QDomEntity@@QEAA@XZ,public: __cdecl QDomEntity::~QDomEntity(void),method,,QDomEntity,~QDomEntity,void,False,False,False,False,False,False,True
90,89,0x59,??1QDomEntityReference@@QEAA@XZ,public: __cdecl QDomEntityReference::~QDomEntityReference(void),method,,QDomEntityReference,~QDomEntityReference,void,False,False,False,False,False,False,True
91,90,0x5A,??1QDomImplementation@@QEAA@XZ,public: __cdecl QDomImplementation::~QDomImplementation(void),method,,QDomImplementation,~QDomImplementation,void,False,False,False,False,False,False,True
92,91,0x5B,??1QDomNamedNodeMap@@QEAA@XZ,public: __cdecl QDomNamedNodeMap::~QDomNamedNodeMap(void),method,,QDomNamedNodeMap,~QDomNamedNodeMap,void,False,False,False,False,False,False,True
93,92,0x5C,??1QDomNode@@QEAA@XZ,public: __cdecl QDomNode::~QDomNode(void),method,,QDomNode,~QDomNode,void,False,False,False,False,False,False,True
94,93,0x5D,??1QDomNodeList@@QEAA@XZ,public: __cdecl QDomNodeList::~QDomNodeList(void),method,,QDomNodeList,~QDomNodeList,void,False,False,False,False,False,False,True
95,94,0x5E,??1QDomNotation@@QEAA@XZ,public: __cdecl QDomNotation::~QDomNotation(void),method,,QDomNotation,~QDomNotation,void,False,False,False,False,False,False,True
96,95,0x5F,??1QDomProcessingInstruction@@QEAA@XZ,public: __cdecl QDomProcessingInstruction::~QDomProcessingInstruction(void),method,,QDomProcessingInstruction,~QDomProcessingInstruction,void,False,False,False,False,False,False,True
97,96,0x60,??1QDomText@@QEAA@XZ,public: __cdecl QDomText::~QDomText(void),method,,QDomText,~QDomText,void,False,False,False,False,False,False,True
98,97,0x61,??1QXmlAttributes@@UEAA@XZ,public: virtual __cdecl QXmlAttributes::~QXmlAttributes(void),method,,QXmlAttributes,~QXmlAttributes,void,False,False,True,False,False,False,True
99,98,0x62,??1QXmlContentHandler@@UEAA@XZ,public: virtual __cdecl QXmlContentHandler::~QXmlContentHandler(void),method,,QXmlContentHandler,~QXmlContentHandler,void,False,False,True,False,False,False,True
100,99,0x63,??1QXmlDTDHandler@@UEAA@XZ,public: virtual __cdecl QXmlDTDHandler::~QXmlDTDHandler(void),method,,QXmlDTDHandler,~QXmlDTDHandler,void,False,False,True,False,False,False,True
101,100,0x64,??1QXmlDeclHandler@@UEAA@XZ,public: virtual __cdecl QXmlDeclHandler::~QXmlDeclHandler(void),method,,QXmlDeclHandler,~QXmlDeclHandler,void,False,False,True,False,False,False,True
102,101,0x65,??1QXmlDefaultHandler@@UEAA@XZ,public: virtual __cdecl QXmlDefaultHandler::~QXmlDefaultHandler(void),method,,QXmlDefaultHandler,~QXmlDefaultHandler,void,False,False,True,False,False,False,True
103,102,0x66,??1QXmlEntityResolver@@UEAA@XZ,public: virtual __cdecl QXmlEntityResolver::~QXmlEntityResolver(void),method,,QXmlEntityResolver,~QXmlEntityResolver,void,False,False,True,False,False,False,True
104,103,0x67,??1QXmlErrorHandler@@UEAA@XZ,public: virtual __cdecl QXmlErrorHandler::~QXmlErrorHandler(void),method,,QXmlErrorHandler,~QXmlErrorHandler,void,False,False,True,False,False,False,True
105,104,0x68,??1QXmlInputSource@@UEAA@XZ,public: virtual __cdecl QXmlInputSource::~QXmlInputSource(void),method,,QXmlInputSource,~QXmlInputSource,void,False,False,True,False,False,False,True
106,105,0x69,??1QXmlLexicalHandler@@UEAA@XZ,public: virtual __cdecl QXmlLexicalHandler::~QXmlLexicalHandler(void),method,,QXmlLexicalHandler,~QXmlLexicalHandler,void,False,False,True,False,False,False,True
107,106,0x6A,??1QXmlLocator@@UEAA@XZ,public: virtual __cdecl QXmlLocator::~QXmlLocator(void),method,,QXmlLocator,~QXmlLocator,void,False,False,True,False,False,False,True
108,107,0x6B,??1QXmlNamespaceSupport@@QEAA@XZ,public: __cdecl QXmlNamespaceSupport::~QXmlNamespaceSupport(void),method,,QXmlNamespaceSupport,~QXmlNamespaceSupport,void,False,False,False,False,False,False,True
109,108,0x6C,??1QXmlParseException@@QEAA@XZ,public: __cdecl QXmlParseException::~QXmlParseException(void),method,,QXmlParseException,~QXmlParseException,void,False,False,False,False,False,False,True
110,109,0x6D,??1QXmlReader@@UEAA@XZ,public: virtual __cdecl QXmlReader::~QXmlReader(void),method,,QXmlReader,~QXmlReader,void,False,False,True,False,False,False,True
111,110,0x6E,??1QXmlSimpleReader@@UEAA@XZ,public: virtual __cdecl QXmlSimpleReader::~QXmlSimpleReader(void),method,,QXmlSimpleReader,~QXmlSimpleReader,void,False,False,True,False,False,False,True
112,111,0x6F,??4QDomAttr@@QEAAAEAV0@AEBV0@@Z,public: class QDomAttr & __cdecl QDomAttr::operator=(class QDomAttr const &),symbol,,,,,False,False,False,False,False,False,True
113,112,0x70,??4QDomCDATASection@@QEAAAEAV0@AEBV0@@Z,public: class QDomCDATASection & __cdecl QDomCDATASection::operator=(class QDomCDATASection const &),symbol,,,,,False,False,False,False,False,False,True
114,113,0x71,??4QDomCharacterData@@QEAAAEAV0@AEBV0@@Z,public: class QDomCharacterData & __cdecl QDomCharacterData::operator=(class QDomCharacterData const &),symbol,,,,,False,False,False,False,False,False,True
115,114,0x72,??4QDomComment@@QEAAAEAV0@AEBV0@@Z,public: class QDomComment & __cdecl QDomComment::operator=(class QDomComment const &),symbol,,,,,False,False,False,False,False,False,True
116,115,0x73,??4QDomDocument@@QEAAAEAV0@AEBV0@@Z,public: class QDomDocument & __cdecl QDomDocument::operator=(class QDomDocument const &),symbol,,,,,False,False,False,False,False,False,True
117,116,0x74,??4QDomDocumentFragment@@QEAAAEAV0@AEBV0@@Z,public: class QDomDocumentFragment & __cdecl QDomDocumentFragment::operator=(class QDomDocumentFragment const &),symbol,,,,,False,False,False,False,False,False,True
118,117,0x75,??4QDomDocumentType@@QEAAAEAV0@AEBV0@@Z,public: class QDomDocumentType & __cdecl QDomDocumentType::operator=(class QDomDocumentType const &),symbol,,,,,False,False,False,False,False,False,True
119,118,0x76,??4QDomElement@@QEAAAEAV0@AEBV0@@Z,public: class QDomElement & __cdecl QDomElement::operator=(class QDomElement const &),symbol,,,,,False,False,False,False,False,False,True
120,119,0x77,??4QDomEntity@@QEAAAEAV0@AEBV0@@Z,public: class QDomEntity & __cdecl QDomEntity::operator=(class QDomEntity const &),symbol,,,,,False,False,False,False,False,False,True
121,120,0x78,??4QDomEntityReference@@QEAAAEAV0@AEBV0@@Z,public: class QDomEntityReference & __cdecl QDomEntityReference::operator=(class QDomEntityReference const &),symbol,,,,,False,False,False,False,False,False,True
122,121,0x79,??4QDomImplementation@@QEAAAEAV0@AEBV0@@Z,public: class QDomImplementation & __cdecl QDomImplementation::operator=(class QDomImplementation const &),symbol,,,,,False,False,False,False,False,False,True
123,122,0x7A,??4QDomNamedNodeMap@@QEAAAEAV0@AEBV0@@Z,public: class QDomNamedNodeMap & __cdecl QDomNamedNodeMap::operator=(class QDomNamedNodeMap const &),symbol,,,,,False,False,False,False,False,False,True
124,123,0x7B,??4QDomNode@@QEAAAEAV0@AEBV0@@Z,public: class QDomNode & __cdecl QDomNode::operator=(class QDomNode const &),symbol,,,,,False,False,False,False,False,False,True
125,124,0x7C,??4QDomNodeList@@QEAAAEAV0@AEBV0@@Z,public: class QDomNodeList & __cdecl QDomNodeList::operator=(class QDomNodeList const &),symbol,,,,,False,False,False,False,False,False,True
126,125,0x7D,??4QDomNotation@@QEAAAEAV0@AEBV0@@Z,public: class QDomNotation & __cdecl QDomNotation::operator=(class QDomNotation const &),symbol,,,,,False,False,False,False,False,False,True
127,126,0x7E,??4QDomProcessingInstruction@@QEAAAEAV0@AEBV0@@Z,public: class QDomProcessingInstruction & __cdecl QDomProcessingInstruction::operator=(class QDomProcessingInstruction const &),symbol,,,,,False,False,False,False,False,False,True
128,127,0x7F,??4QDomText@@QEAAAEAV0@AEBV0@@Z,public: class QDomText & __cdecl QDomText::operator=(class QDomText const &),symbol,,,,,False,False,False,False,False,False,True
129,128,0x80,??4QXmlAttributes@@QEAAAEAV0@$$QEAV0@@Z,public: class QXmlAttributes & __cdecl QXmlAttributes::operator=(class QXmlAttributes &&),symbol,,,,,False,False,False,False,False,False,True
130,129,0x81,??4QXmlAttributes@@QEAAAEAV0@AEBV0@@Z,public: class QXmlAttributes & __cdecl QXmlAttributes::operator=(class QXmlAttributes const &),symbol,,,,,False,False,False,False,False,False,True
131,130,0x82,??4QXmlContentHandler@@QEAAAEAV0@AEBV0@@Z,public: class QXmlContentHandler & __cdecl QXmlContentHandler::operator=(class QXmlContentHandler const &),symbol,,,,,False,False,False,False,False,False,True
132,131,0x83,??4QXmlDTDHandler@@QEAAAEAV0@AEBV0@@Z,public: class QXmlDTDHandler & __cdecl QXmlDTDHandler::operator=(class QXmlDTDHandler const &),symbol,,,,,False,False,False,False,False,False,True
133,132,0x84,??4QXmlDeclHandler@@QEAAAEAV0@AEBV0@@Z,public: class QXmlDeclHandler & __cdecl QXmlDeclHandler::operator=(class QXmlDeclHandler const &),symbol,,,,,False,False,False,False,False,False,True
134,133,0x85,??4QXmlEntityResolver@@QEAAAEAV0@AEBV0@@Z,public: class QXmlEntityResolver & __cdecl QXmlEntityResolver::operator=(class QXmlEntityResolver const &),symbol,,,,,False,False,False,False,False,False,True
135,134,0x86,??4QXmlErrorHandler@@QEAAAEAV0@AEBV0@@Z,public: class QXmlErrorHandler & __cdecl QXmlErrorHandler::operator=(class QXmlErrorHandler const &),symbol,,,,,False,False,False,False,False,False,True
136,135,0x87,??4QXmlInputSource@@QEAAAEAV0@AEBV0@@Z,public: class QXmlInputSource & __cdecl QXmlInputSource::operator=(class QXmlInputSource const &),symbol,,,,,False,False,False,False,False,False,True
137,136,0x88,??4QXmlLexicalHandler@@QEAAAEAV0@AEBV0@@Z,public: class QXmlLexicalHandler & __cdecl QXmlLexicalHandler::operator=(class QXmlLexicalHandler const &),symbol,,,,,False,False,False,False,False,False,True
138,137,0x89,??4QXmlLocator@@QEAAAEAV0@AEBV0@@Z,public: class QXmlLocator & __cdecl QXmlLocator::operator=(class QXmlLocator const &),symbol,,,,,False,False,False,False,False,False,True
139,138,0x8A,??4QXmlReader@@QEAAAEAV0@AEBV0@@Z,public: class QXmlReader & __cdecl QXmlReader::operator=(class QXmlReader const &),symbol,,,,,False,False,False,False,False,False,True
140,139,0x8B,??6@YAAEAVQTextStream@@AEAV0@AEBVQDomNode@@@Z,"class QTextStream & __cdecl operator<<(class QTextStream &, class QDomNode const &)",function,,,operator<<,"class QTextStream &, class QDomNode const &",False,False,False,False,False,False,True
141,140,0x8C,??8QDomImplementation@@QEBA_NAEBV0@@Z,public: bool __cdecl QDomImplementation::operator==(class QDomImplementation const &) const,symbol,,,,,False,False,False,False,False,False,True
142,141,0x8D,??8QDomNamedNodeMap@@QEBA_NAEBV0@@Z,public: bool __cdecl QDomNamedNodeMap::operator==(class QDomNamedNodeMap const &) const,symbol,,,,,False,False,False,False,False,False,True
143,142,0x8E,??8QDomNode@@QEBA_NAEBV0@@Z,public: bool __cdecl QDomNode::operator==(class QDomNode const &) const,symbol,,,,,False,False,False,False,False,False,True
144,143,0x8F,??8QDomNodeList@@QEBA_NAEBV0@@Z,public: bool __cdecl QDomNodeList::operator==(class QDomNodeList const &) const,symbol,,,,,False,False,False,False,False,False,True
145,144,0x90,??9QDomImplementation@@QEBA_NAEBV0@@Z,public: bool __cdecl QDomImplementation::operator!=(class QDomImplementation const &) const,symbol,,,,,False,False,False,False,False,False,True
146,145,0x91,??9QDomNamedNodeMap@@QEBA_NAEBV0@@Z,public: bool __cdecl QDomNamedNodeMap::operator!=(class QDomNamedNodeMap const &) const,symbol,,,,,False,False,False,False,False,False,True
147,146,0x92,??9QDomNode@@QEBA_NAEBV0@@Z,public: bool __cdecl QDomNode::operator!=(class QDomNode const &) const,symbol,,,,,False,False,False,False,False,False,True
148,147,0x93,??9QDomNodeList@@QEBA_NAEBV0@@Z,public: bool __cdecl QDomNodeList::operator!=(class QDomNodeList const &) const,symbol,,,,,False,False,False,False,False,False,True
149,148,0x94,??_7QXmlAttributes@@6B@,const QXmlAttributes::`vftable',vftable,,,,,False,False,False,True,False,False,True
150,149,0x95,??_7QXmlContentHandler@@6B@,const QXmlContentHandler::`vftable',vftable,,,,,False,False,False,True,False,False,True
151,150,0x96,??_7QXmlDTDHandler@@6B@,const QXmlDTDHandler::`vftable',vftable,,,,,False,False,False,True,False,False,True
152,151,0x97,??_7QXmlDeclHandler@@6B@,const QXmlDeclHandler::`vftable',vftable,,,,,False,False,False,True,False,False,True
153,152,0x98,??_7QXmlDefaultHandler@@6BQXmlContentHandler@@@,const QXmlDefaultHandler::`vftable'{for `QXmlContentHandler'},vftable,,,,,False,False,False,True,False,False,True
154,153,0x99,??_7QXmlDefaultHandler@@6BQXmlDTDHandler@@@,const QXmlDefaultHandler::`vftable'{for `QXmlDTDHandler'},vftable,,,,,False,False,False,True,False,False,True
155,154,0x9A,??_7QXmlDefaultHandler@@6BQXmlDeclHandler@@@,const QXmlDefaultHandler::`vftable'{for `QXmlDeclHandler'},vftable,,,,,False,False,False,True,False,False,True
156,155,0x9B,??_7QXmlDefaultHandler@@6BQXmlEntityResolver@@@,const QXmlDefaultHandler::`vftable'{for `QXmlEntityResolver'},vftable,,,,,False,False,False,True,False,False,True
157,156,0x9C,??_7QXmlDefaultHandler@@6BQXmlErrorHandler@@@,const QXmlDefaultHandler::`vftable'{for `QXmlErrorHandler'},vftable,,,,,False,False,False,True,False,False,True
158,157,0x9D,??_7QXmlDefaultHandler@@6BQXmlLexicalHandler@@@,const QXmlDefaultHandler::`vftable'{for `QXmlLexicalHandler'},vftable,,,,,False,False,False,True,False,False,True
159,158,0x9E,??_7QXmlEntityResolver@@6B@,const QXmlEntityResolver::`vftable',vftable,,,,,False,False,False,True,False,False,True
160,159,0x9F,??_7QXmlErrorHandler@@6B@,const QXmlErrorHandler::`vftable',vftable,,,,,False,False,False,True,False,False,True
161,160,0xA0,??_7QXmlInputSource@@6B@,const QXmlInputSource::`vftable',vftable,,,,,False,False,False,True,False,False,True
162,161,0xA1,??_7QXmlLexicalHandler@@6B@,const QXmlLexicalHandler::`vftable',vftable,,,,,False,False,False,True,False,False,True
163,162,0xA2,??_7QXmlLocator@@6B@,const QXmlLocator::`vftable',vftable,,,,,False,False,False,True,False,False,True
164,163,0xA3,??_7QXmlReader@@6B@,const QXmlReader::`vftable',vftable,,,,,False,False,False,True,False,False,True
165,164,0xA4,??_7QXmlSimpleReader@@6B@,const QXmlSimpleReader::`vftable',vftable,,,,,False,False,False,True,False,False,True
166,165,0xA5,??_FQXmlParseException@@QEAAXXZ,public: void __cdecl QXmlParseException::`default ctor closure'(void),function,,,closure',void,False,False,False,False,False,False,True
167,166,0xA6,?DTDHandler@QXmlSimpleReader@@UEBAPEAVQXmlDTDHandler@@XZ,public: virtual class QXmlDTDHandler * __cdecl QXmlSimpleReader::DTDHandler(void) const,method,,QXmlSimpleReader,DTDHandler,void,True,False,True,False,False,False,True
168,167,0xA7,?EndOfData@QXmlInputSource@@2GB,public: static unsigned short const QXmlInputSource::EndOfData,symbol,,,,,False,False,False,False,False,False,True
169,168,0xA8,?EndOfDocument@QXmlInputSource@@2GB,public: static unsigned short const QXmlInputSource::EndOfDocument,symbol,,,,,False,False,False,False,False,False,True
170,169,0xA9,?append@QXmlAttributes@@QEAAXAEBVQString@@000@Z,"public: void __cdecl QXmlAttributes::append(class QString const &, class QString const &, class QString const &, class QString const &)",method,,QXmlAttributes,append,"class QString const &, class QString const &, class QString const &, class QString const &",False,False,False,False,False,False,True
171,170,0xAA,?appendChild@QDomNode@@QEAA?AV1@AEBV1@@Z,public: class QDomNode __cdecl QDomNode::appendChild(class QDomNode const &),method,,QDomNode,appendChild,class QDomNode const &,False,False,False,False,False,False,True
172,171,0xAB,?appendData@QDomCharacterData@@QEAAXAEBVQString@@@Z,public: void __cdecl QDomCharacterData::appendData(class QString const &),method,,QDomCharacterData,appendData,class QString const &,False,False,False,False,False,False,True
173,172,0xAC,?at@QDomNodeList@@QEBA?AVQDomNode@@H@Z,public: class QDomNode __cdecl QDomNodeList::at(int) const,method,,QDomNodeList,at,int,True,False,False,False,False,False,True
174,173,0xAD,?attribute@QDomElement@@QEBA?AVQString@@AEBV2@0@Z,"public: class QString __cdecl QDomElement::attribute(class QString const &, class QString const &) const",method,,QDomElement,attribute,"class QString const &, class QString const &",True,False,False,False,False,False,True
175,174,0xAE,?attributeDecl@QXmlDefaultHandler@@UEAA_NAEBVQString@@0000@Z,"public: virtual bool __cdecl QXmlDefaultHandler::attributeDecl(class QString const &, class QString const &, class QString const &, class QString const &, class QString const &)",method,,QXmlDefaultHandler,attributeDecl,"class QString const &, class QString const &, class QString const &, class QString const &, class QString const &",False,False,True,False,False,False,True
176,175,0xAF,?attributeNS@QDomElement@@QEBA?AVQString@@V2@AEBV2@1@Z,"public: class QString __cdecl QDomElement::attributeNS(class QString, class QString const &, class QString const &) const",method,,QDomElement,attributeNS,"class QString, class QString const &, class QString const &",True,False,False,False,False,False,True
177,176,0xB0,?attributeNode@QDomElement@@QEAA?AVQDomAttr@@AEBVQString@@@Z,public: class QDomAttr __cdecl QDomElement::attributeNode(class QString const &),method,,QDomElement,attributeNode,class QString const &,False,False,False,False,False,False,True
178,177,0xB1,?attributeNodeNS@QDomElement@@QEAA?AVQDomAttr@@AEBVQString@@0@Z,"public: class QDomAttr __cdecl QDomElement::attributeNodeNS(class QString const &, class QString const &)",method,,QDomElement,attributeNodeNS,"class QString const &, class QString const &",False,False,False,False,False,False,True
179,178,0xB2,?attributes@QDomElement@@QEBA?AVQDomNamedNodeMap@@XZ,public: class QDomNamedNodeMap __cdecl QDomElement::attributes(void) const,method,,QDomElement,attributes,void,True,False,False,False,False,False,True
180,179,0xB3,?attributes@QDomNode@@QEBA?AVQDomNamedNodeMap@@XZ,public: class QDomNamedNodeMap __cdecl QDomNode::attributes(void) const,method,,QDomNode,attributes,void,True,False,False,False,False,False,True
181,180,0xB4,?characters@QXmlDefaultHandler@@UEAA_NAEBVQString@@@Z,public: virtual bool __cdecl QXmlDefaultHandler::characters(class QString const &),method,,QXmlDefaultHandler,characters,class QString const &,False,False,True,False,False,False,True
182,181,0xB5,?childNodes@QDomNode@@QEBA?AVQDomNodeList@@XZ,public: class QDomNodeList __cdecl QDomNode::childNodes(void) const,method,,QDomNode,childNodes,void,True,False,False,False,False,False,True
183,182,0xB6,?clear@QDomNode@@QEAAXXZ,public: void __cdecl QDomNode::clear(void),method,,QDomNode,clear,void,False,False,False,False,False,False,True
184,183,0xB7,?clear@QXmlAttributes@@QEAAXXZ,public: void __cdecl QXmlAttributes::clear(void),method,,QXmlAttributes,clear,void,False,False,False,False,False,False,True
185,184,0xB8,?cloneNode@QDomNode@@QEBA?AV1@_N@Z,public: class QDomNode __cdecl QDomNode::cloneNode(bool) const,method,,QDomNode,cloneNode,bool,True,False,False,False,False,False,True
186,185,0xB9,?columnNumber@QDomNode@@QEBAHXZ,public: int __cdecl QDomNode::columnNumber(void) const,method,,QDomNode,columnNumber,void,True,False,False,False,False,False,True
187,186,0xBA,?columnNumber@QXmlParseException@@QEBAHXZ,public: int __cdecl QXmlParseException::columnNumber(void) const,method,,QXmlParseException,columnNumber,void,True,False,False,False,False,False,True
188,187,0xBB,?comment@QXmlDefaultHandler@@UEAA_NAEBVQString@@@Z,public: virtual bool __cdecl QXmlDefaultHandler::comment(class QString const &),method,,QXmlDefaultHandler,comment,class QString const &,False,False,True,False,False,False,True
189,188,0xBC,?contains@QDomNamedNodeMap@@QEBA_NAEBVQString@@@Z,public: bool __cdecl QDomNamedNodeMap::contains(class QString const &) const,method,,QDomNamedNodeMap,contains,class QString const &,True,False,False,False,False,False,True
190,189,0xBD,?contentHandler@QXmlSimpleReader@@UEBAPEAVQXmlContentHandler@@XZ,public: virtual class QXmlContentHandler * __cdecl QXmlSimpleReader::contentHandler(void) const,method,,QXmlSimpleReader,contentHandler,void,True,False,True,False,False,False,True
191,190,0xBE,?count@QDomNamedNodeMap@@QEBAHXZ,public: int __cdecl QDomNamedNodeMap::count(void) const,method,,QDomNamedNodeMap,count,void,True,False,False,False,False,False,True
192,191,0xBF,?count@QDomNodeList@@QEBAHXZ,public: int __cdecl QDomNodeList::count(void) const,method,,QDomNodeList,count,void,True,False,False,False,False,False,True
193,192,0xC0,?count@QXmlAttributes@@QEBAHXZ,public: int __cdecl QXmlAttributes::count(void) const,method,,QXmlAttributes,count,void,True,False,False,False,False,False,True
194,193,0xC1,?createAttribute@QDomDocument@@QEAA?AVQDomAttr@@AEBVQString@@@Z,public: class QDomAttr __cdecl QDomDocument::createAttribute(class QString const &),method,,QDomDocument,createAttribute,class QString const &,False,False,False,False,False,False,True
195,194,0xC2,?createAttributeNS@QDomDocument@@QEAA?AVQDomAttr@@AEBVQString@@0@Z,"public: class QDomAttr __cdecl QDomDocument::createAttributeNS(class QString const &, class QString const &)",method,,QDomDocument,createAttributeNS,"class QString const &, class QString const &",False,False,False,False,False,False,True
196,195,0xC3,?createCDATASection@QDomDocument@@QEAA?AVQDomCDATASection@@AEBVQString@@@Z,public: class QDomCDATASection __cdecl QDomDocument::createCDATASection(class QString const &),method,,QDomDocument,createCDATASection,class QString const &,False,False,False,False,False,False,True
197,196,0xC4,?createComment@QDomDocument@@QEAA?AVQDomComment@@AEBVQString@@@Z,public: class QDomComment __cdecl QDomDocument::createComment(class QString const &),method,,QDomDocument,createComment,class QString const &,False,False,False,False,False,False,True
198,197,0xC5,?createDocument@QDomImplementation@@QEAA?AVQDomDocument@@AEBVQString@@0AEBVQDomDocumentType@@@Z,"public: class QDomDocument __cdecl QDomImplementation::createDocument(class QString const &, class QString const &, class QDomDocumentType const &)",method,,QDomImplementation,createDocument,"class QString const &, class QString const &, class QDomDocumentType const &",False,False,False,False,False,False,True
199,198,0xC6,?createDocumentFragment@QDomDocument@@QEAA?AVQDomDocumentFragment@@XZ,public: class QDomDocumentFragment __cdecl QDomDocument::createDocumentFragment(void),method,,QDomDocument,createDocumentFragment,void,False,False,False,False,False,False,True
200,199,0xC7,?createDocumentType@QDomImplementation@@QEAA?AVQDomDocumentType@@AEBVQString@@00@Z,"public: class QDomDocumentType __cdecl QDomImplementation::createDocumentType(class QString const &, class QString const &, class QString const &)",method,,QDomImplementation,createDocumentType,"class QString const &, class QString const &, class QString const &",False,False,False,False,False,False,True
201,200,0xC8,?createElement@QDomDocument@@QEAA?AVQDomElement@@AEBVQString@@@Z,public: class QDomElement __cdecl QDomDocument::createElement(class QString const &),method,,QDomDocument,createElement,class QString const &,False,False,False,False,False,False,True
202,201,0xC9,?createElementNS@QDomDocument@@QEAA?AVQDomElement@@AEBVQString@@0@Z,"public: class QDomElement __cdecl QDomDocument::createElementNS(class QString const &, class QString const &)",method,,QDomDocument,createElementNS,"class QString const &, class QString const &",False,False,False,False,False,False,True
203,202,0xCA,?createEntityReference@QDomDocument@@QEAA?AVQDomEntityReference@@AEBVQString@@@Z,public: class QDomEntityReference __cdecl QDomDocument::createEntityReference(class QString const &),method,,QDomDocument,createEntityReference,class QString const &,False,False,False,False,False,False,True
204,203,0xCB,?createProcessingInstruction@QDomDocument@@QEAA?AVQDomProcessingInstruction@@AEBVQString@@0@Z,"public: class QDomProcessingInstruction __cdecl QDomDocument::createProcessingInstruction(class QString const &, class QString const &)",method,,QDomDocument,createProcessingInstruction,"class QString const &, class QString const &",False,False,False,False,False,False,True
205,204,0xCC,?createTextNode@QDomDocument@@QEAA?AVQDomText@@AEBVQString@@@Z,public: class QDomText __cdecl QDomDocument::createTextNode(class QString const &),method,,QDomDocument,createTextNode,class QString const &,False,False,False,False,False,False,True
206,205,0xCD,?d_func@QXmlSimpleReader@@AEAAPEAVQXmlSimpleReaderPrivate@@XZ,private: class QXmlSimpleReaderPrivate * __cdecl QXmlSimpleReader::d_func(void),method,,QXmlSimpleReader,d_func,void,False,False,False,False,False,False,True
207,206,0xCE,?d_func@QXmlSimpleReader@@AEBAPEBVQXmlSimpleReaderPrivate@@XZ,private: class QXmlSimpleReaderPrivate const * __cdecl QXmlSimpleReader::d_func(void) const,method,,QXmlSimpleReader,d_func,void,True,False,False,False,False,False,True
208,207,0xCF,?data@QDomCharacterData@@QEBA?AVQString@@XZ,public: class QString __cdecl QDomCharacterData::data(void) const,method,,QDomCharacterData,data,void,True,False,False,False,False,False,True
209,208,0xD0,?data@QDomProcessingInstruction@@QEBA?AVQString@@XZ,public: class QString __cdecl QDomProcessingInstruction::data(void) const,method,,QDomProcessingInstruction,data,void,True,False,False,False,False,False,True
210,209,0xD1,?data@QXmlInputSource@@UEBA?AVQString@@XZ,public: virtual class QString __cdecl QXmlInputSource::data(void) const,method,,QXmlInputSource,data,void,True,False,True,False,False,False,True
211,210,0xD2,?declHandler@QXmlSimpleReader@@UEBAPEAVQXmlDeclHandler@@XZ,public: virtual class QXmlDeclHandler * __cdecl QXmlSimpleReader::declHandler(void) const,method,,QXmlSimpleReader,declHandler,void,True,False,True,False,False,False,True
212,211,0xD3,?deleteData@QDomCharacterData@@QEAAXKK@Z,"public: void __cdecl QDomCharacterData::deleteData(unsigned long, unsigned long)",method,,QDomCharacterData,deleteData,"unsigned long, unsigned long",False,False,False,False,False,False,True
213,212,0xD4,?doctype@QDomDocument@@QEBA?AVQDomDocumentType@@XZ,public: class QDomDocumentType __cdecl QDomDocument::doctype(void) const,method,,QDomDocument,doctype,void,True,False,False,False,False,False,True
214,213,0xD5,?documentElement@QDomDocument@@QEBA?AVQDomElement@@XZ,public: class QDomElement __cdecl QDomDocument::documentElement(void) const,method,,QDomDocument,documentElement,void,True,False,False,False,False,False,True
215,214,0xD6,?elementById@QDomDocument@@QEAA?AVQDomElement@@AEBVQString@@@Z,public: class QDomElement __cdecl QDomDocument::elementById(class QString const &),method,,QDomDocument,elementById,class QString const &,False,False,False,False,False,False,True
216,215,0xD7,?elementsByTagName@QDomDocument@@QEBA?AVQDomNodeList@@AEBVQString@@@Z,public: class QDomNodeList __cdecl QDomDocument::elementsByTagName(class QString const &) const,method,,QDomDocument,elementsByTagName,class QString const &,True,False,False,False,False,False,True
217,216,0xD8,?elementsByTagName@QDomElement@@QEBA?AVQDomNodeList@@AEBVQString@@@Z,public: class QDomNodeList __cdecl QDomElement::elementsByTagName(class QString const &) const,method,,QDomElement,elementsByTagName,class QString const &,True,False,False,False,False,False,True
218,217,0xD9,?elementsByTagNameNS@QDomDocument@@QEAA?AVQDomNodeList@@AEBVQString@@0@Z,"public: class QDomNodeList __cdecl QDomDocument::elementsByTagNameNS(class QString const &, class QString const &)",method,,QDomDocument,elementsByTagNameNS,"class QString const &, class QString const &",False,False,False,False,False,False,True
219,218,0xDA,?elementsByTagNameNS@QDomElement@@QEBA?AVQDomNodeList@@AEBVQString@@0@Z,"public: class QDomNodeList __cdecl QDomElement::elementsByTagNameNS(class QString const &, class QString const &) const",method,,QDomElement,elementsByTagNameNS,"class QString const &, class QString const &",True,False,False,False,False,False,True
220,219,0xDB,?endCDATA@QXmlDefaultHandler@@UEAA_NXZ,public: virtual bool __cdecl QXmlDefaultHandler::endCDATA(void),method,,QXmlDefaultHandler,endCDATA,void,False,False,True,False,False,False,True
221,220,0xDC,?endDTD@QXmlDefaultHandler@@UEAA_NXZ,public: virtual bool __cdecl QXmlDefaultHandler::endDTD(void),method,,QXmlDefaultHandler,endDTD,void,False,False,True,False,False,False,True
222,221,0xDD,?endDocument@QXmlDefaultHandler@@UEAA_NXZ,public: virtual bool __cdecl QXmlDefaultHandler::endDocument(void),method,,QXmlDefaultHandler,endDocument,void,False,False,True,False,False,False,True
223,222,0xDE,?endElement@QXmlDefaultHandler@@UEAA_NAEBVQString@@00@Z,"public: virtual bool __cdecl QXmlDefaultHandler::endElement(class QString const &, class QString const &, class QString const &)",method,,QXmlDefaultHandler,endElement,"class QString const &, class QString const &, class QString const &",False,False,True,False,False,False,True
224,223,0xDF,?endEntity@QXmlDefaultHandler@@UEAA_NAEBVQString@@@Z,public: virtual bool __cdecl QXmlDefaultHandler::endEntity(class QString const &),method,,QXmlDefaultHandler,endEntity,class QString const &,False,False,True,False,False,False,True
225,224,0xE0,?endPrefixMapping@QXmlDefaultHandler@@UEAA_NAEBVQString@@@Z,public: virtual bool __cdecl QXmlDefaultHandler::endPrefixMapping(class QString const &),method,,QXmlDefaultHandler,endPrefixMapping,class QString const &,False,False,True,False,False,False,True
226,225,0xE1,?entities@QDomDocumentType@@QEBA?AVQDomNamedNodeMap@@XZ,public: class QDomNamedNodeMap __cdecl QDomDocumentType::entities(void) const,method,,QDomDocumentType,entities,void,True,False,False,False,False,False,True
227,226,0xE2,?entityResolver@QXmlSimpleReader@@UEBAPEAVQXmlEntityResolver@@XZ,public: virtual class QXmlEntityResolver * __cdecl QXmlSimpleReader::entityResolver(void) const,method,,QXmlSimpleReader,entityResolver,void,True,False,True,False,False,False,True
228,227,0xE3,?error@QXmlDefaultHandler@@UEAA_NAEBVQXmlParseException@@@Z,public: virtual bool __cdecl QXmlDefaultHandler::error(class QXmlParseException const &),method,,QXmlDefaultHandler,error,class QXmlParseException const &,False,False,True,False,False,False,True
229,228,0xE4,?errorHandler@QXmlSimpleReader@@UEBAPEAVQXmlErrorHandler@@XZ,public: virtual class QXmlErrorHandler * __cdecl QXmlSimpleReader::errorHandler(void) const,method,,QXmlSimpleReader,errorHandler,void,True,False,True,False,False,False,True
230,229,0xE5,?errorString@QXmlDefaultHandler@@UEBA?AVQString@@XZ,public: virtual class QString __cdecl QXmlDefaultHandler::errorString(void) const,method,,QXmlDefaultHandler,errorString,void,True,False,True,False,False,False,True
231,230,0xE6,?externalEntityDecl@QXmlDefaultHandler@@UEAA_NAEBVQString@@00@Z,"public: virtual bool __cdecl QXmlDefaultHandler::externalEntityDecl(class QString const &, class QString const &, class QString const &)",method,,QXmlDefaultHandler,externalEntityDecl,"class QString const &, class QString const &, class QString const &",False,False,True,False,False,False,True
232,231,0xE7,?fatalError@QXmlDefaultHandler@@UEAA_NAEBVQXmlParseException@@@Z,public: virtual bool __cdecl QXmlDefaultHandler::fatalError(class QXmlParseException const &),method,,QXmlDefaultHandler,fatalError,class QXmlParseException const &,False,False,True,False,False,False,True
233,232,0xE8,?feature@QXmlSimpleReader@@UEBA_NAEBVQString@@PEA_N@Z,"public: virtual bool __cdecl QXmlSimpleReader::feature(class QString const &, bool *) const",method,,QXmlSimpleReader,feature,"class QString const &, bool *",True,False,True,False,False,False,True
234,233,0xE9,?fetchData@QXmlInputSource@@UEAAXXZ,public: virtual void __cdecl QXmlInputSource::fetchData(void),method,,QXmlInputSource,fetchData,void,False,False,True,False,False,False,True
235,234,0xEA,?firstChild@QDomNode@@QEBA?AV1@XZ,public: class QDomNode __cdecl QDomNode::firstChild(void) const,method,,QDomNode,firstChild,void,True,False,False,False,False,False,True
236,235,0xEB,?firstChildElement@QDomNode@@QEBA?AVQDomElement@@AEBVQString@@@Z,public: class QDomElement __cdecl QDomNode::firstChildElement(class QString const &) const,method,,QDomNode,firstChildElement,class QString const &,True,False,False,False,False,False,True
237,236,0xEC,?fromRawData@QXmlInputSource@@MEAA?AVQString@@AEBVQByteArray@@_N@Z,"protected: virtual class QString __cdecl QXmlInputSource::fromRawData(class QByteArray const &, bool)",method,,QXmlInputSource,fromRawData,"class QByteArray const &, bool",False,False,True,False,False,False,True
238,237,0xED,?hasAttribute@QDomElement@@QEBA_NAEBVQString@@@Z,public: bool __cdecl QDomElement::hasAttribute(class QString const &) const,method,,QDomElement,hasAttribute,class QString const &,True,False,False,False,False,False,True
239,238,0xEE,?hasAttributeNS@QDomElement@@QEBA_NAEBVQString@@0@Z,"public: bool __cdecl QDomElement::hasAttributeNS(class QString const &, class QString const &) const",method,,QDomElement,hasAttributeNS,"class QString const &, class QString const &",True,False,False,False,False,False,True
240,239,0xEF,?hasAttributes@QDomNode@@QEBA_NXZ,public: bool __cdecl QDomNode::hasAttributes(void) const,method,,QDomNode,hasAttributes,void,True,False,False,False,False,False,True
241,240,0xF0,?hasChildNodes@QDomNode@@QEBA_NXZ,public: bool __cdecl QDomNode::hasChildNodes(void) const,method,,QDomNode,hasChildNodes,void,True,False,False,False,False,False,True
242,241,0xF1,?hasFeature@QDomImplementation@@QEBA_NAEBVQString@@0@Z,"public: bool __cdecl QDomImplementation::hasFeature(class QString const &, class QString const &) const",method,,QDomImplementation,hasFeature,"class QString const &, class QString const &",True,False,False,False,False,False,True
243,242,0xF2,?hasFeature@QXmlSimpleReader@@UEBA_NAEBVQString@@@Z,public: virtual bool __cdecl QXmlSimpleReader::hasFeature(class QString const &) const,method,,QXmlSimpleReader,hasFeature,class QString const &,True,False,True,False,False,False,True
244,243,0xF3,?hasProperty@QXmlSimpleReader@@UEBA_NAEBVQString@@@Z,public: virtual bool __cdecl QXmlSimpleReader::hasProperty(class QString const &) const,method,,QXmlSimpleReader,hasProperty,class QString const &,True,False,True,False,False,False,True
245,244,0xF4,?ignorableWhitespace@QXmlDefaultHandler@@UEAA_NAEBVQString@@@Z,public: virtual bool __cdecl QXmlDefaultHandler::ignorableWhitespace(class QString const &),method,,QXmlDefaultHandler,ignorableWhitespace,class QString const &,False,False,True,False,False,False,True
246,245,0xF5,?implementation@QDomDocument@@QEBA?AVQDomImplementation@@XZ,public: class QDomImplementation __cdecl QDomDocument::implementation(void) const,method,,QDomDocument,implementation,void,True,False,False,False,False,False,True
247,246,0xF6,?importNode@QDomDocument@@QEAA?AVQDomNode@@AEBV2@_N@Z,"public: class QDomNode __cdecl QDomDocument::importNode(class QDomNode const &, bool)",method,,QDomDocument,importNode,"class QDomNode const &, bool",False,False,False,False,False,False,True
248,247,0xF7,?index@QXmlAttributes@@QEBAHAEBVQString@@0@Z,"public: int __cdecl QXmlAttributes::index(class QString const &, class QString const &) const",method,,QXmlAttributes,index,"class QString const &, class QString const &",True,False,False,False,False,False,True
249,248,0xF8,?index@QXmlAttributes@@QEBAHAEBVQString@@@Z,public: int __cdecl QXmlAttributes::index(class QString const &) const,method,,QXmlAttributes,index,class QString const &,True,False,False,False,False,False,True
250,249,0xF9,?index@QXmlAttributes@@QEBAHVQLatin1String@@@Z,public: int __cdecl QXmlAttributes::index(class QLatin1String) const,method,,QXmlAttributes,index,class QLatin1String,True,False,False,False,False,False,True
251,250,0xFA,?init@QXmlInputSource@@AEAAXXZ,private: void __cdecl QXmlInputSource::init(void),method,,QXmlInputSource,init,void,False,False,False,False,False,False,True
252,251,0xFB,?insertAfter@QDomNode@@QEAA?AV1@AEBV1@0@Z,"public: class QDomNode __cdecl QDomNode::insertAfter(class QDomNode const &, class QDomNode const &)",method,,QDomNode,insertAfter,"class QDomNode const &, class QDomNode const &",False,False,False,False,False,False,True
253,252,0xFC,?insertBefore@QDomNode@@QEAA?AV1@AEBV1@0@Z,"public: class QDomNode __cdecl QDomNode::insertBefore(class QDomNode const &, class QDomNode const &)",method,,QDomNode,insertBefore,"class QDomNode const &, class QDomNode const &",False,False,False,False,False,False,True
254,253,0xFD,?insertData@QDomCharacterData@@QEAAXKAEBVQString@@@Z,"public: void __cdecl QDomCharacterData::insertData(unsigned long, class QString const &)",method,,QDomCharacterData,insertData,"unsigned long, class QString const &",False,False,False,False,False,False,True
255,254,0xFE,?internalEntityDecl@QXmlDefaultHandler@@UEAA_NAEBVQString@@0@Z,"public: virtual bool __cdecl QXmlDefaultHandler::internalEntityDecl(class QString const &, class QString const &)",method,,QXmlDefaultHandler,internalEntityDecl,"class QString const &, class QString const &",False,False,True,False,False,False,True
256,255,0xFF,?internalSubset@QDomDocumentType@@QEBA?AVQString@@XZ,public: class QString __cdecl QDomDocumentType::internalSubset(void) const,method,,QDomDocumentType,internalSubset,void,True,False,False,False,False,False,True
257,256,0x100,?invalidDataPolicy@QDomImplementation@@SA?AW4InvalidDataPolicy@1@XZ,public: static enum QDomImplementation::InvalidDataPolicy __cdecl QDomImplementation::invalidDataPolicy(void),method,,QDomImplementation,invalidDataPolicy,void,False,True,False,False,False,False,True
258,257,0x101,?isAttr@QDomNode@@QEBA_NXZ,public: bool __cdecl QDomNode::isAttr(void) const,method,,QDomNode,isAttr,void,True,False,False,False,False,False,True
259,258,0x102,?isCDATASection@QDomNode@@QEBA_NXZ,public: bool __cdecl QDomNode::isCDATASection(void) const,method,,QDomNode,isCDATASection,void,True,False,False,False,False,False,True
260,259,0x103,?isCharacterData@QDomNode@@QEBA_NXZ,public: bool __cdecl QDomNode::isCharacterData(void) const,method,,QDomNode,isCharacterData,void,True,False,False,False,False,False,True
261,260,0x104,?isComment@QDomNode@@QEBA_NXZ,public: bool __cdecl QDomNode::isComment(void) const,method,,QDomNode,isComment,void,True,False,False,False,False,False,True
262,261,0x105,?isDocument@QDomNode@@QEBA_NXZ,public: bool __cdecl QDomNode::isDocument(void) const,method,,QDomNode,isDocument,void,True,False,False,False,False,False,True
263,262,0x106,?isDocumentFragment@QDomNode@@QEBA_NXZ,public: bool __cdecl QDomNode::isDocumentFragment(void) const,method,,QDomNode,isDocumentFragment,void,True,False,False,False,False,False,True
264,263,0x107,?isDocumentType@QDomNode@@QEBA_NXZ,public: bool __cdecl QDomNode::isDocumentType(void) const,method,,QDomNode,isDocumentType,void,True,False,False,False,False,False,True
265,264,0x108,?isElement@QDomNode@@QEBA_NXZ,public: bool __cdecl QDomNode::isElement(void) const,method,,QDomNode,isElement,void,True,False,False,False,False,False,True
266,265,0x109,?isEmpty@QDomNamedNodeMap@@QEBA_NXZ,public: bool __cdecl QDomNamedNodeMap::isEmpty(void) const,method,,QDomNamedNodeMap,isEmpty,void,True,False,False,False,False,False,True
267,266,0x10A,?isEmpty@QDomNodeList@@QEBA_NXZ,public: bool __cdecl QDomNodeList::isEmpty(void) const,method,,QDomNodeList,isEmpty,void,True,False,False,False,False,False,True
268,267,0x10B,?isEntity@QDomNode@@QEBA_NXZ,public: bool __cdecl QDomNode::isEntity(void) const,method,,QDomNode,isEntity,void,True,False,False,False,False,False,True
269,268,0x10C,?isEntityReference@QDomNode@@QEBA_NXZ,public: bool __cdecl QDomNode::isEntityReference(void) const,method,,QDomNode,isEntityReference,void,True,False,False,False,False,False,True
270,269,0x10D,?isNotation@QDomNode@@QEBA_NXZ,public: bool __cdecl QDomNode::isNotation(void) const,method,,QDomNode,isNotation,void,True,False,False,False,False,False,True
271,270,0x10E,?isNull@QDomImplementation@@QEAA_NXZ,public: bool __cdecl QDomImplementation::isNull(void),method,,QDomImplementation,isNull,void,False,False,False,False,False,False,True
272,271,0x10F,?isNull@QDomNode@@QEBA_NXZ,public: bool __cdecl QDomNode::isNull(void) const,method,,QDomNode,isNull,void,True,False,False,False,False,False,True
273,272,0x110,?isProcessingInstruction@QDomNode@@QEBA_NXZ,public: bool __cdecl QDomNode::isProcessingInstruction(void) const,method,,QDomNode,isProcessingInstruction,void,True,False,False,False,False,False,True
274,273,0x111,?isSupported@QDomNode@@QEBA_NAEBVQString@@0@Z,"public: bool __cdecl QDomNode::isSupported(class QString const &, class QString const &) const",method,,QDomNode,isSupported,"class QString const &, class QString const &",True,False,False,False,False,False,True
275,274,0x112,?isText@QDomNode@@QEBA_NXZ,public: bool __cdecl QDomNode::isText(void) const,method,,QDomNode,isText,void,True,False,False,False,False,False,True
276,275,0x113,?item@QDomNamedNodeMap@@QEBA?AVQDomNode@@H@Z,public: class QDomNode __cdecl QDomNamedNodeMap::item(int) const,method,,QDomNamedNodeMap,item,int,True,False,False,False,False,False,True
277,276,0x114,?item@QDomNodeList@@QEBA?AVQDomNode@@H@Z,public: class QDomNode __cdecl QDomNodeList::item(int) const,method,,QDomNodeList,item,int,True,False,False,False,False,False,True
278,277,0x115,?lastChild@QDomNode@@QEBA?AV1@XZ,public: class QDomNode __cdecl QDomNode::lastChild(void) const,method,,QDomNode,lastChild,void,True,False,False,False,False,False,True
279,278,0x116,?lastChildElement@QDomNode@@QEBA?AVQDomElement@@AEBVQString@@@Z,public: class QDomElement __cdecl QDomNode::lastChildElement(class QString const &) const,method,,QDomNode,lastChildElement,class QString const &,True,False,False,False,False,False,True
280,279,0x117,?length@QDomCharacterData@@QEBAHXZ,public: int __cdecl QDomCharacterData::length(void) const,method,,QDomCharacterData,length,void,True,False,False,False,False,False,True
281,280,0x118,?length@QDomNamedNodeMap@@QEBAHXZ,public: int __cdecl QDomNamedNodeMap::length(void) const,method,,QDomNamedNodeMap,length,void,True,False,False,False,False,False,True
282,281,0x119,?length@QDomNodeList@@QEBAHXZ,public: int __cdecl QDomNodeList::length(void) const,method,,QDomNodeList,length,void,True,False,False,False,False,False,True
283,282,0x11A,?length@QXmlAttributes@@QEBAHXZ,public: int __cdecl QXmlAttributes::length(void) const,method,,QXmlAttributes,length,void,True,False,False,False,False,False,True
284,283,0x11B,?lexicalHandler@QXmlSimpleReader@@UEBAPEAVQXmlLexicalHandler@@XZ,public: virtual class QXmlLexicalHandler * __cdecl QXmlSimpleReader::lexicalHandler(void) const,method,,QXmlSimpleReader,lexicalHandler,void,True,False,True,False,False,False,True
285,284,0x11C,?lineNumber@QDomNode@@QEBAHXZ,public: int __cdecl QDomNode::lineNumber(void) const,method,,QDomNode,lineNumber,void,True,False,False,False,False,False,True
286,285,0x11D,?lineNumber@QXmlParseException@@QEBAHXZ,public: int __cdecl QXmlParseException::lineNumber(void) const,method,,QXmlParseException,lineNumber,void,True,False,False,False,False,False,True
287,286,0x11E,?localName@QDomNode@@QEBA?AVQString@@XZ,public: class QString __cdecl QDomNode::localName(void) const,method,,QDomNode,localName,void,True,False,False,False,False,False,True
288,287,0x11F,?localName@QXmlAttributes@@QEBA?AVQString@@H@Z,public: class QString __cdecl QXmlAttributes::localName(int) const,method,,QXmlAttributes,localName,int,True,False,False,False,False,False,True
289,288,0x120,?message@QXmlParseException@@QEBA?AVQString@@XZ,public: class QString __cdecl QXmlParseException::message(void) const,method,,QXmlParseException,message,void,True,False,False,False,False,False,True
290,289,0x121,?name@QDomAttr@@QEBA?AVQString@@XZ,public: class QString __cdecl QDomAttr::name(void) const,method,,QDomAttr,name,void,True,False,False,False,False,False,True
291,290,0x122,?name@QDomDocumentType@@QEBA?AVQString@@XZ,public: class QString __cdecl QDomDocumentType::name(void) const,method,,QDomDocumentType,name,void,True,False,False,False,False,False,True
292,291,0x123,?namedItem@QDomNamedNodeMap@@QEBA?AVQDomNode@@AEBVQString@@@Z,public: class QDomNode __cdecl QDomNamedNodeMap::namedItem(class QString const &) const,method,,QDomNamedNodeMap,namedItem,class QString const &,True,False,False,False,False,False,True
293,292,0x124,?namedItem@QDomNode@@QEBA?AV1@AEBVQString@@@Z,public: class QDomNode __cdecl QDomNode::namedItem(class QString const &) const,method,,QDomNode,namedItem,class QString const &,True,False,False,False,False,False,True
294,293,0x125,?namedItemNS@QDomNamedNodeMap@@QEBA?AVQDomNode@@AEBVQString@@0@Z,"public: class QDomNode __cdecl QDomNamedNodeMap::namedItemNS(class QString const &, class QString const &) const",method,,QDomNamedNodeMap,namedItemNS,"class QString const &, class QString const &",True,False,False,False,False,False,True
295,294,0x126,?namespaceURI@QDomNode@@QEBA?AVQString@@XZ,public: class QString __cdecl QDomNode::namespaceURI(void) const,method,,QDomNode,namespaceURI,void,True,False,False,False,False,False,True
296,295,0x127,?next@QXmlInputSource@@UEAA?AVQChar@@XZ,public: virtual class QChar __cdecl QXmlInputSource::next(void),method,,QXmlInputSource,next,void,False,False,True,False,False,False,True
297,296,0x128,?nextSibling@QDomNode@@QEBA?AV1@XZ,public: class QDomNode __cdecl QDomNode::nextSibling(void) const,method,,QDomNode,nextSibling,void,True,False,False,False,False,False,True
298,297,0x129,?nextSiblingElement@QDomNode@@QEBA?AVQDomElement@@AEBVQString@@@Z,public: class QDomElement __cdecl QDomNode::nextSiblingElement(class QString const &) const,method,,QDomNode,nextSiblingElement,class QString const &,True,False,False,False,False,False,True
299,298,0x12A,?nodeName@QDomNode@@QEBA?AVQString@@XZ,public: class QString __cdecl QDomNode::nodeName(void) const,method,,QDomNode,nodeName,void,True,False,False,False,False,False,True
300,299,0x12B,?nodeType@QDomAttr@@QEBA?AW4NodeType@QDomNode@@XZ,public: enum QDomNode::NodeType __cdecl QDomAttr::nodeType(void) const,method,,QDomAttr,nodeType,void,True,False,False,False,False,False,True
301,300,0x12C,?nodeType@QDomCDATASection@@QEBA?AW4NodeType@QDomNode@@XZ,public: enum QDomNode::NodeType __cdecl QDomCDATASection::nodeType(void) const,method,,QDomCDATASection,nodeType,void,True,False,False,False,False,False,True
302,301,0x12D,?nodeType@QDomCharacterData@@QEBA?AW4NodeType@QDomNode@@XZ,public: enum QDomNode::NodeType __cdecl QDomCharacterData::nodeType(void) const,method,,QDomCharacterData,nodeType,void,True,False,False,False,False,False,True
303,302,0x12E,?nodeType@QDomComment@@QEBA?AW4NodeType@QDomNode@@XZ,public: enum QDomNode::NodeType __cdecl QDomComment::nodeType(void) const,method,,QDomComment,nodeType,void,True,False,False,False,False,False,True
304,303,0x12F,?nodeType@QDomDocument@@QEBA?AW4NodeType@QDomNode@@XZ,public: enum QDomNode::NodeType __cdecl QDomDocument::nodeType(void) const,method,,QDomDocument,nodeType,void,True,False,False,False,False,False,True
305,304,0x130,?nodeType@QDomDocumentFragment@@QEBA?AW4NodeType@QDomNode@@XZ,public: enum QDomNode::NodeType __cdecl QDomDocumentFragment::nodeType(void) const,method,,QDomDocumentFragment,nodeType,void,True,False,False,False,False,False,True
306,305,0x131,?nodeType@QDomDocumentType@@QEBA?AW4NodeType@QDomNode@@XZ,public: enum QDomNode::NodeType __cdecl QDomDocumentType::nodeType(void) const,method,,QDomDocumentType,nodeType,void,True,False,False,False,False,False,True
307,306,0x132,?nodeType@QDomElement@@QEBA?AW4NodeType@QDomNode@@XZ,public: enum QDomNode::NodeType __cdecl QDomElement::nodeType(void) const,method,,QDomElement,nodeType,void,True,False,False,False,False,False,True
308,307,0x133,?nodeType@QDomEntity@@QEBA?AW4NodeType@QDomNode@@XZ,public: enum QDomNode::NodeType __cdecl QDomEntity::nodeType(void) const,method,,QDomEntity,nodeType,void,True,False,False,False,False,False,True
309,308,0x134,?nodeType@QDomEntityReference@@QEBA?AW4NodeType@QDomNode@@XZ,public: enum QDomNode::NodeType __cdecl QDomEntityReference::nodeType(void) const,method,,QDomEntityReference,nodeType,void,True,False,False,False,False,False,True
310,309,0x135,?nodeType@QDomNode@@QEBA?AW4NodeType@1@XZ,public: enum QDomNode::NodeType __cdecl QDomNode::nodeType(void) const,method,,QDomNode,nodeType,void,True,False,False,False,False,False,True
311,310,0x136,?nodeType@QDomNotation@@QEBA?AW4NodeType@QDomNode@@XZ,public: enum QDomNode::NodeType __cdecl QDomNotation::nodeType(void) const,method,,QDomNotation,nodeType,void,True,False,False,False,False,False,True
312,311,0x137,?nodeType@QDomProcessingInstruction@@QEBA?AW4NodeType@QDomNode@@XZ,public: enum QDomNode::NodeType __cdecl QDomProcessingInstruction::nodeType(void) const,method,,QDomProcessingInstruction,nodeType,void,True,False,False,False,False,False,True
313,312,0x138,?nodeType@QDomText@@QEBA?AW4NodeType@QDomNode@@XZ,public: enum QDomNode::NodeType __cdecl QDomText::nodeType(void) const,method,,QDomText,nodeType,void,True,False,False,False,False,False,True
314,313,0x139,?nodeValue@QDomNode@@QEBA?AVQString@@XZ,public: class QString __cdecl QDomNode::nodeValue(void) const,method,,QDomNode,nodeValue,void,True,False,False,False,False,False,True
315,314,0x13A,?normalize@QDomNode@@QEAAXXZ,public: void __cdecl QDomNode::normalize(void),method,,QDomNode,normalize,void,False,False,False,False,False,False,True
316,315,0x13B,?notationDecl@QXmlDefaultHandler@@UEAA_NAEBVQString@@00@Z,"public: virtual bool __cdecl QXmlDefaultHandler::notationDecl(class QString const &, class QString const &, class QString const &)",method,,QXmlDefaultHandler,notationDecl,"class QString const &, class QString const &, class QString const &",False,False,True,False,False,False,True
317,316,0x13C,?notationName@QDomEntity@@QEBA?AVQString@@XZ,public: class QString __cdecl QDomEntity::notationName(void) const,method,,QDomEntity,notationName,void,True,False,False,False,False,False,True
318,317,0x13D,?notations@QDomDocumentType@@QEBA?AVQDomNamedNodeMap@@XZ,public: class QDomNamedNodeMap __cdecl QDomDocumentType::notations(void) const,method,,QDomDocumentType,notations,void,True,False,False,False,False,False,True
319,318,0x13E,?ownerDocument@QDomNode@@QEBA?AVQDomDocument@@XZ,public: class QDomDocument __cdecl QDomNode::ownerDocument(void) const,method,,QDomNode,ownerDocument,void,True,False,False,False,False,False,True
320,319,0x13F,?ownerElement@QDomAttr@@QEBA?AVQDomElement@@XZ,public: class QDomElement __cdecl QDomAttr::ownerElement(void) const,method,,QDomAttr,ownerElement,void,True,False,False,False,False,False,True
321,320,0x140,?parentNode@QDomNode@@QEBA?AV1@XZ,public: class QDomNode __cdecl QDomNode::parentNode(void) const,method,,QDomNode,parentNode,void,True,False,False,False,False,False,True
322,321,0x141,?parse@QXmlSimpleReader@@UEAA_NAEBVQXmlInputSource@@@Z,public: virtual bool __cdecl QXmlSimpleReader::parse(class QXmlInputSource const &),method,,QXmlSimpleReader,parse,class QXmlInputSource const &,False,False,True,False,False,False,True
323,322,0x142,?parse@QXmlSimpleReader@@UEAA_NPEBVQXmlInputSource@@@Z,public: virtual bool __cdecl QXmlSimpleReader::parse(class QXmlInputSource const *),method,,QXmlSimpleReader,parse,class QXmlInputSource const *,False,False,True,False,False,False,True
324,323,0x143,?parse@QXmlSimpleReader@@UEAA_NPEBVQXmlInputSource@@_N@Z,"public: virtual bool __cdecl QXmlSimpleReader::parse(class QXmlInputSource const *, bool)",method,,QXmlSimpleReader,parse,"class QXmlInputSource const *, bool",False,False,True,False,False,False,True
325,324,0x144,?parseContinue@QXmlSimpleReader@@UEAA_NXZ,public: virtual bool __cdecl QXmlSimpleReader::parseContinue(void),method,,QXmlSimpleReader,parseContinue,void,False,False,True,False,False,False,True
326,325,0x145,?popContext@QXmlNamespaceSupport@@QEAAXXZ,public: void __cdecl QXmlNamespaceSupport::popContext(void),method,,QXmlNamespaceSupport,popContext,void,False,False,False,False,False,False,True
327,326,0x146,?prefix@QDomNode@@QEBA?AVQString@@XZ,public: class QString __cdecl QDomNode::prefix(void) const,method,,QDomNode,prefix,void,True,False,False,False,False,False,True
328,327,0x147,?prefix@QXmlNamespaceSupport@@QEBA?AVQString@@AEBV2@@Z,public: class QString __cdecl QXmlNamespaceSupport::prefix(class QString const &) const,method,,QXmlNamespaceSupport,prefix,class QString const &,True,False,False,False,False,False,True
329,328,0x148,?prefixes@QXmlNamespaceSupport@@QEBA?AVQStringList@@AEBVQString@@@Z,public: class QStringList __cdecl QXmlNamespaceSupport::prefixes(class QString const &) const,method,,QXmlNamespaceSupport,prefixes,class QString const &,True,False,False,False,False,False,True
330,329,0x149,?prefixes@QXmlNamespaceSupport@@QEBA?AVQStringList@@XZ,public: class QStringList __cdecl QXmlNamespaceSupport::prefixes(void) const,method,,QXmlNamespaceSupport,prefixes,void,True,False,False,False,False,False,True
331,330,0x14A,?previousSibling@QDomNode@@QEBA?AV1@XZ,public: class QDomNode __cdecl QDomNode::previousSibling(void) const,method,,QDomNode,previousSibling,void,True,False,False,False,False,False,True
332,331,0x14B,?previousSiblingElement@QDomNode@@QEBA?AVQDomElement@@AEBVQString@@@Z,public: class QDomElement __cdecl QDomNode::previousSiblingElement(class QString const &) const,method,,QDomNode,previousSiblingElement,class QString const &,True,False,False,False,False,False,True
333,332,0x14C,?processName@QXmlNamespaceSupport@@QEBAXAEBVQString@@_NAEAV2@2@Z,"public: void __cdecl QXmlNamespaceSupport::processName(class QString const &, bool, class QString &, class QString &) const",method,,QXmlNamespaceSupport,processName,"class QString const &, bool, class QString &, class QString &",True,False,False,False,False,False,True
334,333,0x14D,?processingInstruction@QXmlDefaultHandler@@UEAA_NAEBVQString@@0@Z,"public: virtual bool __cdecl QXmlDefaultHandler::processingInstruction(class QString const &, class QString const &)",method,,QXmlDefaultHandler,processingInstruction,"class QString const &, class QString const &",False,False,True,False,False,False,True
335,334,0x14E,?property@QXmlSimpleReader@@UEBAPEAXAEBVQString@@PEA_N@Z,"public: virtual void * __cdecl QXmlSimpleReader::property(class QString const &, bool *) const",method,,QXmlSimpleReader,property,"class QString const &, bool *",True,False,True,False,False,False,True
336,335,0x14F,?publicId@QDomDocumentType@@QEBA?AVQString@@XZ,public: class QString __cdecl QDomDocumentType::publicId(void) const,method,,QDomDocumentType,publicId,void,True,False,False,False,False,False,True
337,336,0x150,?publicId@QDomEntity@@QEBA?AVQString@@XZ,public: class QString __cdecl QDomEntity::publicId(void) const,method,,QDomEntity,publicId,void,True,False,False,False,False,False,True
338,337,0x151,?publicId@QDomNotation@@QEBA?AVQString@@XZ,public: class QString __cdecl QDomNotation::publicId(void) const,method,,QDomNotation,publicId,void,True,False,False,False,False,False,True
339,338,0x152,?publicId@QXmlParseException@@QEBA?AVQString@@XZ,public: class QString __cdecl QXmlParseException::publicId(void) const,method,,QXmlParseException,publicId,void,True,False,False,False,False,False,True
340,339,0x153,?pushContext@QXmlNamespaceSupport@@QEAAXXZ,public: void __cdecl QXmlNamespaceSupport::pushContext(void),method,,QXmlNamespaceSupport,pushContext,void,False,False,False,False,False,False,True
341,340,0x154,?qName@QXmlAttributes@@QEBA?AVQString@@H@Z,public: class QString __cdecl QXmlAttributes::qName(int) const,method,,QXmlAttributes,qName,int,True,False,False,False,False,False,True
342,341,0x155,?removeAttribute@QDomElement@@QEAAXAEBVQString@@@Z,public: void __cdecl QDomElement::removeAttribute(class QString const &),method,,QDomElement,removeAttribute,class QString const &,False,False,False,False,False,False,True
343,342,0x156,?removeAttributeNS@QDomElement@@QEAAXAEBVQString@@0@Z,"public: void __cdecl QDomElement::removeAttributeNS(class QString const &, class QString const &)",method,,QDomElement,removeAttributeNS,"class QString const &, class QString const &",False,False,False,False,False,False,True
344,343,0x157,?removeAttributeNode@QDomElement@@QEAA?AVQDomAttr@@AEBV2@@Z,public: class QDomAttr __cdecl QDomElement::removeAttributeNode(class QDomAttr const &),method,,QDomElement,removeAttributeNode,class QDomAttr const &,False,False,False,False,False,False,True
345,344,0x158,?removeChild@QDomNode@@QEAA?AV1@AEBV1@@Z,public: class QDomNode __cdecl QDomNode::removeChild(class QDomNode const &),method,,QDomNode,removeChild,class QDomNode const &,False,False,False,False,False,False,True
346,345,0x159,?removeNamedItem@QDomNamedNodeMap@@QEAA?AVQDomNode@@AEBVQString@@@Z,public: class QDomNode __cdecl QDomNamedNodeMap::removeNamedItem(class QString const &),method,,QDomNamedNodeMap,removeNamedItem,class QString const &,False,False,False,False,False,False,True
347,346,0x15A,?removeNamedItemNS@QDomNamedNodeMap@@QEAA?AVQDomNode@@AEBVQString@@0@Z,"public: class QDomNode __cdecl QDomNamedNodeMap::removeNamedItemNS(class QString const &, class QString const &)",method,,QDomNamedNodeMap,removeNamedItemNS,"class QString const &, class QString const &",False,False,False,False,False,False,True
348,347,0x15B,?replaceChild@QDomNode@@QEAA?AV1@AEBV1@0@Z,"public: class QDomNode __cdecl QDomNode::replaceChild(class QDomNode const &, class QDomNode const &)",method,,QDomNode,replaceChild,"class QDomNode const &, class QDomNode const &",False,False,False,False,False,False,True
349,348,0x15C,?replaceData@QDomCharacterData@@QEAAXKKAEBVQString@@@Z,"public: void __cdecl QDomCharacterData::replaceData(unsigned long, unsigned long, class QString const &)",method,,QDomCharacterData,replaceData,"unsigned long, unsigned long, class QString const &",False,False,False,False,False,False,True
350,349,0x15D,?reset@QXmlInputSource@@UEAAXXZ,public: virtual void __cdecl QXmlInputSource::reset(void),method,,QXmlInputSource,reset,void,False,False,True,False,False,False,True
351,350,0x15E,?reset@QXmlNamespaceSupport@@QEAAXXZ,public: void __cdecl QXmlNamespaceSupport::reset(void),method,,QXmlNamespaceSupport,reset,void,False,False,False,False,False,False,True
352,351,0x15F,?resolveEntity@QXmlDefaultHandler@@UEAA_NAEBVQString@@0AEAPEAVQXmlInputSource@@@Z,"public: virtual bool __cdecl QXmlDefaultHandler::resolveEntity(class QString const &, class QString const &, class QXmlInputSource *&)",method,,QXmlDefaultHandler,resolveEntity,"class QString const &, class QString const &, class QXmlInputSource *&",False,False,True,False,False,False,True
353,352,0x160,?save@QDomNode@@QEBAXAEAVQTextStream@@HW4EncodingPolicy@1@@Z,"public: void __cdecl QDomNode::save(class QTextStream &, int, enum QDomNode::EncodingPolicy) const",method,,QDomNode,save,"class QTextStream &, int, enum QDomNode::EncodingPolicy",True,False,False,False,False,False,True
354,353,0x161,?setAttribute@QDomElement@@QEAAXAEBVQString@@0@Z,"public: void __cdecl QDomElement::setAttribute(class QString const &, class QString const &)",method,,QDomElement,setAttribute,"class QString const &, class QString const &",False,False,False,False,False,False,True
355,354,0x162,?setAttribute@QDomElement@@QEAAXAEBVQString@@H@Z,"public: void __cdecl QDomElement::setAttribute(class QString const &, int)",method,,QDomElement,setAttribute,"class QString const &, int",False,False,False,False,False,False,True
356,355,0x163,?setAttribute@QDomElement@@QEAAXAEBVQString@@I@Z,"public: void __cdecl QDomElement::setAttribute(class QString const &, unsigned int)",method,,QDomElement,setAttribute,"class QString const &, unsigned int",False,False,False,False,False,False,True
357,356,0x164,?setAttribute@QDomElement@@QEAAXAEBVQString@@M@Z,"public: void __cdecl QDomElement::setAttribute(class QString const &, float)",method,,QDomElement,setAttribute,"class QString const &, float",False,False,False,False,False,False,True
358,357,0x165,?setAttribute@QDomElement@@QEAAXAEBVQString@@N@Z,"public: void __cdecl QDomElement::setAttribute(class QString const &, double)",method,,QDomElement,setAttribute,"class QString const &, double",False,False,False,False,False,False,True
359,358,0x166,?setAttribute@QDomElement@@QEAAXAEBVQString@@_J@Z,"public: void __cdecl QDomElement::setAttribute(class QString const &, __int64)",method,,QDomElement,setAttribute,"class QString const &, __int64",False,False,False,False,False,False,True
360,359,0x167,?setAttribute@QDomElement@@QEAAXAEBVQString@@_K@Z,"public: void __cdecl QDomElement::setAttribute(class QString const &, unsigned __int64)",method,,QDomElement,setAttribute,"class QString const &, unsigned __int64",False,False,False,False,False,False,True
361,360,0x168,?setAttributeNS@QDomElement@@QEAAXVQString@@AEBV2@1@Z,"public: void __cdecl QDomElement::setAttributeNS(class QString, class QString const &, class QString const &)",method,,QDomElement,setAttributeNS,"class QString, class QString const &, class QString const &",False,False,False,False,False,False,True
362,361,0x169,?setAttributeNS@QDomElement@@QEAAXVQString@@AEBV2@H@Z,"public: void __cdecl QDomElement::setAttributeNS(class QString, class QString const &, int)",method,,QDomElement,setAttributeNS,"class QString, class QString const &, int",False,False,False,False,False,False,True
363,362,0x16A,?setAttributeNS@QDomElement@@QEAAXVQString@@AEBV2@I@Z,"public: void __cdecl QDomElement::setAttributeNS(class QString, class QString const &, unsigned int)",method,,QDomElement,setAttributeNS,"class QString, class QString const &, unsigned int",False,False,False,False,False,False,True
364,363,0x16B,?setAttributeNS@QDomElement@@QEAAXVQString@@AEBV2@N@Z,"public: void __cdecl QDomElement::setAttributeNS(class QString, class QString const &, double)",method,,QDomElement,setAttributeNS,"class QString, class QString const &, double",False,False,False,False,False,False,True
365,364,0x16C,?setAttributeNS@QDomElement@@QEAAXVQString@@AEBV2@_J@Z,"public: void __cdecl QDomElement::setAttributeNS(class QString, class QString const &, __int64)",method,,QDomElement,setAttributeNS,"class QString, class QString const &, __int64",False,False,False,False,False,False,True
366,365,0x16D,?setAttributeNS@QDomElement@@QEAAXVQString@@AEBV2@_K@Z,"public: void __cdecl QDomElement::setAttributeNS(class QString, class QString const &, unsigned __int64)",method,,QDomElement,setAttributeNS,"class QString, class QString const &, unsigned __int64",False,False,False,False,False,False,True
367,366,0x16E,?setAttributeNode@QDomElement@@QEAA?AVQDomAttr@@AEBV2@@Z,public: class QDomAttr __cdecl QDomElement::setAttributeNode(class QDomAttr const &),method,,QDomElement,setAttributeNode,class QDomAttr const &,False,False,False,False,False,False,True
368,367,0x16F,?setAttributeNodeNS@QDomElement@@QEAA?AVQDomAttr@@AEBV2@@Z,public: class QDomAttr __cdecl QDomElement::setAttributeNodeNS(class QDomAttr const &),method,,QDomElement,setAttributeNodeNS,class QDomAttr const &,False,False,False,False,False,False,True
369,368,0x170,?setContent@QDomDocument@@QEAA_NAEBVQByteArray@@PEAVQString@@PEAH2@Z,"public: bool __cdecl QDomDocument::setContent(class QByteArray const &, class QString *, int *, int *)",method,,QDomDocument,setContent,"class QByteArray const &, class QString *, int *, int *",False,False,False,False,False,False,True
370,369,0x171,?setContent@QDomDocument@@QEAA_NAEBVQByteArray@@_NPEAVQString@@PEAH3@Z,"public: bool __cdecl QDomDocument::setContent(class QByteArray const &, bool, class QString *, int *, int *)",method,,QDomDocument,setContent,"class QByteArray const &, bool, class QString *, int *, int *",False,False,False,False,False,False,True
371,370,0x172,?setContent@QDomDocument@@QEAA_NAEBVQString@@PEAV2@PEAH2@Z,"public: bool __cdecl QDomDocument::setContent(class QString const &, class QString *, int *, int *)",method,,QDomDocument,setContent,"class QString const &, class QString *, int *, int *",False,False,False,False,False,False,True
372,371,0x173,?setContent@QDomDocument@@QEAA_NAEBVQString@@_NPEAV2@PEAH3@Z,"public: bool __cdecl QDomDocument::setContent(class QString const &, bool, class QString *, int *, int *)",method,,QDomDocument,setContent,"class QString const &, bool, class QString *, int *, int *",False,False,False,False,False,False,True
373,372,0x174,?setContent@QDomDocument@@QEAA_NPEAVQIODevice@@PEAVQString@@PEAH2@Z,"public: bool __cdecl QDomDocument::setContent(class QIODevice *, class QString *, int *, int *)",method,,QDomDocument,setContent,"class QIODevice *, class QString *, int *, int *",False,False,False,False,False,False,True
374,373,0x175,?setContent@QDomDocument@@QEAA_NPEAVQIODevice@@_NPEAVQString@@PEAH3@Z,"public: bool __cdecl QDomDocument::setContent(class QIODevice *, bool, class QString *, int *, int *)",method,,QDomDocument,setContent,"class QIODevice *, bool, class QString *, int *, int *",False,False,False,False,False,False,True
375,374,0x176,?setContent@QDomDocument@@QEAA_NPEAVQXmlInputSource@@PEAVQXmlReader@@PEAVQString@@PEAH3@Z,"public: bool __cdecl QDomDocument::setContent(class QXmlInputSource *, class QXmlReader *, class QString *, int *, int *)",method,,QDomDocument,setContent,"class QXmlInputSource *, class QXmlReader *, class QString *, int *, int *",False,False,False,False,False,False,True
376,375,0x177,?setContent@QDomDocument@@QEAA_NPEAVQXmlInputSource@@_NPEAVQString@@PEAH3@Z,"public: bool __cdecl QDomDocument::setContent(class QXmlInputSource *, bool, class QString *, int *, int *)",method,,QDomDocument,setContent,"class QXmlInputSource *, bool, class QString *, int *, int *",False,False,False,False,False,False,True
377,376,0x178,?setContent@QDomDocument@@QEAA_NPEAVQXmlStreamReader@@_NPEAVQString@@PEAH3@Z,"public: bool __cdecl QDomDocument::setContent(class QXmlStreamReader *, bool, class QString *, int *, int *)",method,,QDomDocument,setContent,"class QXmlStreamReader *, bool, class QString *, int *, int *",False,False,False,False,False,False,True
378,377,0x179,?setContentHandler@QXmlSimpleReader@@UEAAXPEAVQXmlContentHandler@@@Z,public: virtual void __cdecl QXmlSimpleReader::setContentHandler(class QXmlContentHandler *),method,,QXmlSimpleReader,setContentHandler,class QXmlContentHandler *,False,False,True,False,False,False,True
379,378,0x17A,?setDTDHandler@QXmlSimpleReader@@UEAAXPEAVQXmlDTDHandler@@@Z,public: virtual void __cdecl QXmlSimpleReader::setDTDHandler(class QXmlDTDHandler *),method,,QXmlSimpleReader,setDTDHandler,class QXmlDTDHandler *,False,False,True,False,False,False,True
380,379,0x17B,?setData@QDomCharacterData@@QEAAXAEBVQString@@@Z,public: void __cdecl QDomCharacterData::setData(class QString const &),method,,QDomCharacterData,setData,class QString const &,False,False,False,False,False,False,True
381,380,0x17C,?setData@QDomProcessingInstruction@@QEAAXAEBVQString@@@Z,public: void __cdecl QDomProcessingInstruction::setData(class QString const &),method,,QDomProcessingInstruction,setData,class QString const &,False,False,False,False,False,False,True
382,381,0x17D,?setData@QXmlInputSource@@UEAAXAEBVQByteArray@@@Z,public: virtual void __cdecl QXmlInputSource::setData(class QByteArray const &),method,,QXmlInputSource,setData,class QByteArray const &,False,False,True,False,False,False,True
383,382,0x17E,?setData@QXmlInputSource@@UEAAXAEBVQString@@@Z,public: virtual void __cdecl QXmlInputSource::setData(class QString const &),method,,QXmlInputSource,setData,class QString const &,False,False,True,False,False,False,True
384,383,0x17F,?setDeclHandler@QXmlSimpleReader@@UEAAXPEAVQXmlDeclHandler@@@Z,public: virtual void __cdecl QXmlSimpleReader::setDeclHandler(class QXmlDeclHandler *),method,,QXmlSimpleReader,setDeclHandler,class QXmlDeclHandler *,False,False,True,False,False,False,True
385,384,0x180,?setDocumentLocator@QXmlDefaultHandler@@UEAAXPEAVQXmlLocator@@@Z,public: virtual void __cdecl QXmlDefaultHandler::setDocumentLocator(class QXmlLocator *),method,,QXmlDefaultHandler,setDocumentLocator,class QXmlLocator *,False,False,True,False,False,False,True
386,385,0x181,?setEntityResolver@QXmlSimpleReader@@UEAAXPEAVQXmlEntityResolver@@@Z,public: virtual void __cdecl QXmlSimpleReader::setEntityResolver(class QXmlEntityResolver *),method,,QXmlSimpleReader,setEntityResolver,class QXmlEntityResolver *,False,False,True,False,False,False,True
387,386,0x182,?setErrorHandler@QXmlSimpleReader@@UEAAXPEAVQXmlErrorHandler@@@Z,public: virtual void __cdecl QXmlSimpleReader::setErrorHandler(class QXmlErrorHandler *),method,,QXmlSimpleReader,setErrorHandler,class QXmlErrorHandler *,False,False,True,False,False,False,True
388,387,0x183,?setFeature@QXmlSimpleReader@@UEAAXAEBVQString@@_N@Z,"public: virtual void __cdecl QXmlSimpleReader::setFeature(class QString const &, bool)",method,,QXmlSimpleReader,setFeature,"class QString const &, bool",False,False,True,False,False,False,True
389,388,0x184,?setInvalidDataPolicy@QDomImplementation@@SAXW4InvalidDataPolicy@1@@Z,public: static void __cdecl QDomImplementation::setInvalidDataPolicy(enum QDomImplementation::InvalidDataPolicy),method,,QDomImplementation,setInvalidDataPolicy,enum QDomImplementation::InvalidDataPolicy,False,True,False,False,False,False,True
390,389,0x185,?setLexicalHandler@QXmlSimpleReader@@UEAAXPEAVQXmlLexicalHandler@@@Z,public: virtual void __cdecl QXmlSimpleReader::setLexicalHandler(class QXmlLexicalHandler *),method,,QXmlSimpleReader,setLexicalHandler,class QXmlLexicalHandler *,False,False,True,False,False,False,True
391,390,0x186,?setNamedItem@QDomNamedNodeMap@@QEAA?AVQDomNode@@AEBV2@@Z,public: class QDomNode __cdecl QDomNamedNodeMap::setNamedItem(class QDomNode const &),method,,QDomNamedNodeMap,setNamedItem,class QDomNode const &,False,False,False,False,False,False,True
392,391,0x187,?setNamedItemNS@QDomNamedNodeMap@@QEAA?AVQDomNode@@AEBV2@@Z,public: class QDomNode __cdecl QDomNamedNodeMap::setNamedItemNS(class QDomNode const &),method,,QDomNamedNodeMap,setNamedItemNS,class QDomNode const &,False,False,False,False,False,False,True
393,392,0x188,?setNodeValue@QDomNode@@QEAAXAEBVQString@@@Z,public: void __cdecl QDomNode::setNodeValue(class QString const &),method,,QDomNode,setNodeValue,class QString const &,False,False,False,False,False,False,True
394,393,0x189,?setPrefix@QDomNode@@QEAAXAEBVQString@@@Z,public: void __cdecl QDomNode::setPrefix(class QString const &),method,,QDomNode,setPrefix,class QString const &,False,False,False,False,False,False,True
395,394,0x18A,?setPrefix@QXmlNamespaceSupport@@QEAAXAEBVQString@@0@Z,"public: void __cdecl QXmlNamespaceSupport::setPrefix(class QString const &, class QString const &)",method,,QXmlNamespaceSupport,setPrefix,"class QString const &, class QString const &",False,False,False,False,False,False,True
396,395,0x18B,?setProperty@QXmlSimpleReader@@UEAAXAEBVQString@@PEAX@Z,"public: virtual void __cdecl QXmlSimpleReader::setProperty(class QString const &, void *)",method,,QXmlSimpleReader,setProperty,"class QString const &, void *",False,False,True,False,False,False,True
397,396,0x18C,?setTagName@QDomElement@@QEAAXAEBVQString@@@Z,public: void __cdecl QDomElement::setTagName(class QString const &),method,,QDomElement,setTagName,class QString const &,False,False,False,False,False,False,True
398,397,0x18D,?setValue@QDomAttr@@QEAAXAEBVQString@@@Z,public: void __cdecl QDomAttr::setValue(class QString const &),method,,QDomAttr,setValue,class QString const &,False,False,False,False,False,False,True
399,398,0x18E,?size@QDomNamedNodeMap@@QEBAHXZ,public: int __cdecl QDomNamedNodeMap::size(void) const,method,,QDomNamedNodeMap,size,void,True,False,False,False,False,False,True
400,399,0x18F,?size@QDomNodeList@@QEBAHXZ,public: int __cdecl QDomNodeList::size(void) const,method,,QDomNodeList,size,void,True,False,False,False,False,False,True
401,400,0x190,?skippedEntity@QXmlDefaultHandler@@UEAA_NAEBVQString@@@Z,public: virtual bool __cdecl QXmlDefaultHandler::skippedEntity(class QString const &),method,,QXmlDefaultHandler,skippedEntity,class QString const &,False,False,True,False,False,False,True
402,401,0x191,?specified@QDomAttr@@QEBA_NXZ,public: bool __cdecl QDomAttr::specified(void) const,method,,QDomAttr,specified,void,True,False,False,False,False,False,True
403,402,0x192,?splitName@QXmlNamespaceSupport@@QEBAXAEBVQString@@AEAV2@1@Z,"public: void __cdecl QXmlNamespaceSupport::splitName(class QString const &, class QString &, class QString &) const",method,,QXmlNamespaceSupport,splitName,"class QString const &, class QString &, class QString &",True,False,False,False,False,False,True
404,403,0x193,?splitText@QDomText@@QEAA?AV1@H@Z,public: class QDomText __cdecl QDomText::splitText(int),method,,QDomText,splitText,int,False,False,False,False,False,False,True
405,404,0x194,?startCDATA@QXmlDefaultHandler@@UEAA_NXZ,public: virtual bool __cdecl QXmlDefaultHandler::startCDATA(void),method,,QXmlDefaultHandler,startCDATA,void,False,False,True,False,False,False,True
406,405,0x195,?startDTD@QXmlDefaultHandler@@UEAA_NAEBVQString@@00@Z,"public: virtual bool __cdecl QXmlDefaultHandler::startDTD(class QString const &, class QString const &, class QString const &)",method,,QXmlDefaultHandler,startDTD,"class QString const &, class QString const &, class QString const &",False,False,True,False,False,False,True
407,406,0x196,?startDocument@QXmlDefaultHandler@@UEAA_NXZ,public: virtual bool __cdecl QXmlDefaultHandler::startDocument(void),method,,QXmlDefaultHandler,startDocument,void,False,False,True,False,False,False,True
408,407,0x197,?startElement@QXmlDefaultHandler@@UEAA_NAEBVQString@@00AEBVQXmlAttributes@@@Z,"public: virtual bool __cdecl QXmlDefaultHandler::startElement(class QString const &, class QString const &, class QString const &, class QXmlAttributes const &)",method,,QXmlDefaultHandler,startElement,"class QString const &, class QString const &, class QString const &, class QXmlAttributes const &",False,False,True,False,False,False,True
409,408,0x198,?startEntity@QXmlDefaultHandler@@UEAA_NAEBVQString@@@Z,public: virtual bool __cdecl QXmlDefaultHandler::startEntity(class QString const &),method,,QXmlDefaultHandler,startEntity,class QString const &,False,False,True,False,False,False,True
410,409,0x199,?startPrefixMapping@QXmlDefaultHandler@@UEAA_NAEBVQString@@0@Z,"public: virtual bool __cdecl QXmlDefaultHandler::startPrefixMapping(class QString const &, class QString const &)",method,,QXmlDefaultHandler,startPrefixMapping,"class QString const &, class QString const &",False,False,True,False,False,False,True
411,410,0x19A,?substringData@QDomCharacterData@@QEAA?AVQString@@KK@Z,"public: class QString __cdecl QDomCharacterData::substringData(unsigned long, unsigned long)",method,,QDomCharacterData,substringData,"unsigned long, unsigned long",False,False,False,False,False,False,True
412,411,0x19B,?swap@QXmlAttributes@@QEAAXAEAV1@@Z,public: void __cdecl QXmlAttributes::swap(class QXmlAttributes &),method,,QXmlAttributes,swap,class QXmlAttributes &,False,False,False,False,False,False,True
413,412,0x19C,?systemId@QDomDocumentType@@QEBA?AVQString@@XZ,public: class QString __cdecl QDomDocumentType::systemId(void) const,method,,QDomDocumentType,systemId,void,True,False,False,False,False,False,True
414,413,0x19D,?systemId@QDomEntity@@QEBA?AVQString@@XZ,public: class QString __cdecl QDomEntity::systemId(void) const,method,,QDomEntity,systemId,void,True,False,False,False,False,False,True
415,414,0x19E,?systemId@QDomNotation@@QEBA?AVQString@@XZ,public: class QString __cdecl QDomNotation::systemId(void) const,method,,QDomNotation,systemId,void,True,False,False,False,False,False,True
416,415,0x19F,?systemId@QXmlParseException@@QEBA?AVQString@@XZ,public: class QString __cdecl QXmlParseException::systemId(void) const,method,,QXmlParseException,systemId,void,True,False,False,False,False,False,True
417,416,0x1A0,?tagName@QDomElement@@QEBA?AVQString@@XZ,public: class QString __cdecl QDomElement::tagName(void) const,method,,QDomElement,tagName,void,True,False,False,False,False,False,True
418,417,0x1A1,?target@QDomProcessingInstruction@@QEBA?AVQString@@XZ,public: class QString __cdecl QDomProcessingInstruction::target(void) const,method,,QDomProcessingInstruction,target,void,True,False,False,False,False,False,True
419,418,0x1A2,?text@QDomElement@@QEBA?AVQString@@XZ,public: class QString __cdecl QDomElement::text(void) const,method,,QDomElement,text,void,True,False,False,False,False,False,True
420,419,0x1A3,?toAttr@QDomNode@@QEBA?AVQDomAttr@@XZ,public: class QDomAttr __cdecl QDomNode::toAttr(void) const,method,,QDomNode,toAttr,void,True,False,False,False,False,False,True
421,420,0x1A4,?toByteArray@QDomDocument@@QEBA?AVQByteArray@@H@Z,public: class QByteArray __cdecl QDomDocument::toByteArray(int) const,method,,QDomDocument,toByteArray,int,True,False,False,False,False,False,True
422,421,0x1A5,?toCDATASection@QDomNode@@QEBA?AVQDomCDATASection@@XZ,public: class QDomCDATASection __cdecl QDomNode::toCDATASection(void) const,method,,QDomNode,toCDATASection,void,True,False,False,False,False,False,True
423,422,0x1A6,?toCharacterData@QDomNode@@QEBA?AVQDomCharacterData@@XZ,public: class QDomCharacterData __cdecl QDomNode::toCharacterData(void) const,method,,QDomNode,toCharacterData,void,True,False,False,False,False,False,True
424,423,0x1A7,?toComment@QDomNode@@QEBA?AVQDomComment@@XZ,public: class QDomComment __cdecl QDomNode::toComment(void) const,method,,QDomNode,toComment,void,True,False,False,False,False,False,True
425,424,0x1A8,?toDocument@QDomNode@@QEBA?AVQDomDocument@@XZ,public: class QDomDocument __cdecl QDomNode::toDocument(void) const,method,,QDomNode,toDocument,void,True,False,False,False,False,False,True
426,425,0x1A9,?toDocumentFragment@QDomNode@@QEBA?AVQDomDocumentFragment@@XZ,public: class QDomDocumentFragment __cdecl QDomNode::toDocumentFragment(void) const,method,,QDomNode,toDocumentFragment,void,True,False,False,False,False,False,True
427,426,0x1AA,?toDocumentType@QDomNode@@QEBA?AVQDomDocumentType@@XZ,public: class QDomDocumentType __cdecl QDomNode::toDocumentType(void) const,method,,QDomNode,toDocumentType,void,True,False,False,False,False,False,True
428,427,0x1AB,?toElement@QDomNode@@QEBA?AVQDomElement@@XZ,public: class QDomElement __cdecl QDomNode::toElement(void) const,method,,QDomNode,toElement,void,True,False,False,False,False,False,True
429,428,0x1AC,?toEntity@QDomNode@@QEBA?AVQDomEntity@@XZ,public: class QDomEntity __cdecl QDomNode::toEntity(void) const,method,,QDomNode,toEntity,void,True,False,False,False,False,False,True
430,429,0x1AD,?toEntityReference@QDomNode@@QEBA?AVQDomEntityReference@@XZ,public: class QDomEntityReference __cdecl QDomNode::toEntityReference(void) const,method,,QDomNode,toEntityReference,void,True,False,False,False,False,False,True
431,430,0x1AE,?toNotation@QDomNode@@QEBA?AVQDomNotation@@XZ,public: class QDomNotation __cdecl QDomNode::toNotation(void) const,method,,QDomNode,toNotation,void,True,False,False,False,False,False,True
432,431,0x1AF,?toProcessingInstruction@QDomNode@@QEBA?AVQDomProcessingInstruction@@XZ,public: class QDomProcessingInstruction __cdecl QDomNode::toProcessingInstruction(void) const,method,,QDomNode,toProcessingInstruction,void,True,False,False,False,False,False,True
433,432,0x1B0,?toString@QDomDocument@@QEBA?AVQString@@H@Z,public: class QString __cdecl QDomDocument::toString(int) const,method,,QDomDocument,toString,int,True,False,False,False,False,False,True
434,433,0x1B1,?toText@QDomNode@@QEBA?AVQDomText@@XZ,public: class QDomText __cdecl QDomNode::toText(void) const,method,,QDomNode,toText,void,True,False,False,False,False,False,True
435,434,0x1B2,?type@QXmlAttributes@@QEBA?AVQString@@AEBV2@0@Z,"public: class QString __cdecl QXmlAttributes::type(class QString const &, class QString const &) const",method,,QXmlAttributes,type,"class QString const &, class QString const &",True,False,False,False,False,False,True
436,435,0x1B3,?type@QXmlAttributes@@QEBA?AVQString@@AEBV2@@Z,public: class QString __cdecl QXmlAttributes::type(class QString const &) const,method,,QXmlAttributes,type,class QString const &,True,False,False,False,False,False,True
437,436,0x1B4,?type@QXmlAttributes@@QEBA?AVQString@@H@Z,public: class QString __cdecl QXmlAttributes::type(int) const,method,,QXmlAttributes,type,int,True,False,False,False,False,False,True
438,437,0x1B5,?unparsedEntityDecl@QXmlDefaultHandler@@UEAA_NAEBVQString@@000@Z,"public: virtual bool __cdecl QXmlDefaultHandler::unparsedEntityDecl(class QString const &, class QString const &, class QString const &, class QString const &)",method,,QXmlDefaultHandler,unparsedEntityDecl,"class QString const &, class QString const &, class QString const &, class QString const &",False,False,True,False,False,False,True
439,438,0x1B6,?uri@QXmlAttributes@@QEBA?AVQString@@H@Z,public: class QString __cdecl QXmlAttributes::uri(int) const,method,,QXmlAttributes,uri,int,True,False,False,False,False,False,True
440,439,0x1B7,?uri@QXmlNamespaceSupport@@QEBA?AVQString@@AEBV2@@Z,public: class QString __cdecl QXmlNamespaceSupport::uri(class QString const &) const,method,,QXmlNamespaceSupport,uri,class QString const &,True,False,False,False,False,False,True
441,440,0x1B8,?value@QDomAttr@@QEBA?AVQString@@XZ,public: class QString __cdecl QDomAttr::value(void) const,method,,QDomAttr,value,void,True,False,False,False,False,False,True
442,441,0x1B9,?value@QXmlAttributes@@QEBA?AVQString@@AEBV2@0@Z,"public: class QString __cdecl QXmlAttributes::value(class QString const &, class QString const &) const",method,,QXmlAttributes,value,"class QString const &, class QString const &",True,False,False,False,False,False,True
443,442,0x1BA,?value@QXmlAttributes@@QEBA?AVQString@@AEBV2@@Z,public: class QString __cdecl QXmlAttributes::value(class QString const &) const,method,,QXmlAttributes,value,class QString const &,True,False,False,False,False,False,True
444,443,0x1BB,?value@QXmlAttributes@@QEBA?AVQString@@H@Z,public: class QString __cdecl QXmlAttributes::value(int) const,method,,QXmlAttributes,value,int,True,False,False,False,False,False,True
445,444,0x1BC,?value@QXmlAttributes@@QEBA?AVQString@@VQLatin1String@@@Z,public: class QString __cdecl QXmlAttributes::value(class QLatin1String) const,method,,QXmlAttributes,value,class QLatin1String,True,False,False,False,False,False,True
446,445,0x1BD,?warning@QXmlDefaultHandler@@UEAA_NAEBVQXmlParseException@@@Z,public: virtual bool __cdecl QXmlDefaultHandler::warning(class QXmlParseException const &),method,,QXmlDefaultHandler,warning,class QXmlParseException const &,False,False,True,False,False,False,True
