ordinal,rva,rva_hex,name,demangled,symbol_type,namespace,class_name,function_name,parameters,const,static,virtual,is_vftable,is_vbtable,is_rtti,demangle_ok
1,0,0x0,??0AircraftSounder@Sound@@QEAA@XZ,public: __cdecl Sound::AircraftSounder::AircraftSounder(void),method,Sound,AircraftSounder,AircraftSounder,void,False,False,False,False,False,False,True
2,1,0x1,??0Sounder_AH_1W_Base@Sound@@QEAA@XZ,public: __cdecl Sound::Sounder_AH_1W_Base::Sounder_AH_1W_Base(void),method,Sound,Sounder_AH_1W_Base,Sounder_AH_1W_Base,void,False,False,False,False,False,False,True
3,2,0x2,??0Sounder_AH_64D_BLK_II@Sound@@QEAA@XZ,public: __cdecl Sound::Sounder_AH_64D_BLK_II::Sounder_AH_64D_BLK_II(void),method,Sound,Sounder_AH_64D_BLK_II,Sounder_AH_64D_BLK_II,void,False,False,False,False,False,False,True
4,3,0x3,??0Sounder_AH_64_Base@Sound@@QEAA@XZ,public: __cdecl Sound::Sounder_AH_64_Base::Sounder_AH_64_Base(void),method,Sound,Sounder_AH_64_Base,Sounder_AH_64_Base,void,False,False,False,False,False,False,True
5,4,0x4,??0Sounder_AI25TL@Sound@@QEAA@XZ,public: __cdecl Sound::Sounder_AI25TL::Sounder_AI25TL(void),method,Sound,Sounder_AI25TL,Sounder_AI25TL,void,False,False,False,False,False,False,True
6,5,0x5,??0Sounder_A_10@Sound@@QEAA@XZ,public: __cdecl Sound::Sounder_A_10::Sounder_A_10(void),method,Sound,Sounder_A_10,Sounder_A_10,void,False,False,False,False,False,False,True
7,6,0x6,??0Sounder_A_10A@Sound@@QEAA@XZ,public: __cdecl Sound::Sounder_A_10A::Sounder_A_10A(void),method,Sound,Sounder_A_10A,Sounder_A_10A,void,False,False,False,False,False,False,True
8,7,0x7,??0Sounder_A_10C@Sound@@QEAA@XZ,public: __cdecl Sound::Sounder_A_10C::Sounder_A_10C(void),method,Sound,Sounder_A_10C,Sounder_A_10C,void,False,False,False,False,False,False,True
9,8,0x8,??0Sounder_A_10C_II@Sound@@QEAA@XZ,public: __cdecl Sound::Sounder_A_10C_II::Sounder_A_10C_II(void),method,Sound,Sounder_A_10C_II,Sounder_A_10C_II,void,False,False,False,False,False,False,True
10,9,0x9,??0Sounder_A_20@Sound@@QEAA@XZ,public: __cdecl Sound::Sounder_A_20::Sounder_A_20(void),method,Sound,Sounder_A_20,Sounder_A_20,void,False,False,False,False,False,False,True
11,10,0xA,??0Sounder_A_20G@Sound@@QEAA@XZ,public: __cdecl Sound::Sounder_A_20G::Sounder_A_20G(void),method,Sound,Sounder_A_20G,Sounder_A_20G,void,False,False,False,False,False,False,True
12,11,0xB,??0Sounder_BMW_801D@Sound@@QEAA@XZ,public: __cdecl Sound::Sounder_BMW_801D::Sounder_BMW_801D(void),method,Sound,Sounder_BMW_801D,Sounder_BMW_801D,void,False,False,False,False,False,False,True
13,12,0xC,??0Sounder_B_17@Sound@@QEAA@XZ,public: __cdecl Sound::Sounder_B_17::Sounder_B_17(void),method,Sound,Sounder_B_17,Sounder_B_17,void,False,False,False,False,False,False,True
14,13,0xD,??0Sounder_B_17G@Sound@@QEAA@XZ,public: __cdecl Sound::Sounder_B_17G::Sounder_B_17G(void),method,Sound,Sounder_B_17G,Sounder_B_17G,void,False,False,False,False,False,False,True
15,14,0xE,??0Sounder_B_1B@Sound@@QEAA@XZ,public: __cdecl Sound::Sounder_B_1B::Sounder_B_1B(void),method,Sound,Sounder_B_1B,Sounder_B_1B,void,False,False,False,False,False,False,True
16,15,0xF,??0Sounder_B_1_Base@Sound@@QEAA@XZ,public: __cdecl Sound::Sounder_B_1_Base::Sounder_B_1_Base(void),method,Sound,Sounder_B_1_Base,Sounder_B_1_Base,void,False,False,False,False,False,False,True
17,16,0x10,??0Sounder_B_52H@Sound@@QEAA@XZ,public: __cdecl Sound::Sounder_B_52H::Sounder_B_52H(void),method,Sound,Sounder_B_52H,Sounder_B_52H,void,False,False,False,False,False,False,True
18,17,0x11,??0Sounder_B_52_Base@Sound@@QEAA@XZ,public: __cdecl Sound::Sounder_B_52_Base::Sounder_B_52_Base(void),method,Sound,Sounder_B_52_Base,Sounder_B_52_Base,void,False,False,False,False,False,False,True
19,18,0x12,??0Sounder_Bf_109K_4@Sound@@QEAA@XZ,public: __cdecl Sound::Sounder_Bf_109K_4::Sounder_Bf_109K_4(void),method,Sound,Sounder_Bf_109K_4,Sounder_Bf_109K_4,void,False,False,False,False,False,False,True
20,19,0x13,??0Sounder_CH_47D_CHINOOK@Sound@@QEAA@XZ,public: __cdecl Sound::Sounder_CH_47D_CHINOOK::Sounder_CH_47D_CHINOOK(void),method,Sound,Sounder_CH_47D_CHINOOK,Sounder_CH_47D_CHINOOK,void,False,False,False,False,False,False,True
21,20,0x14,??0Sounder_CH_47Fbl1@Sound@@QEAA@XZ,public: __cdecl Sound::Sounder_CH_47Fbl1::Sounder_CH_47Fbl1(void),method,Sound,Sounder_CH_47Fbl1,Sounder_CH_47Fbl1,void,False,False,False,False,False,False,True
22,21,0x15,??0Sounder_CH_47_Base@Sound@@QEAA@XZ,public: __cdecl Sound::Sounder_CH_47_Base::Sounder_CH_47_Base(void),method,Sound,Sounder_CH_47_Base,Sounder_CH_47_Base,void,False,False,False,False,False,False,True
23,22,0x16,??0Sounder_CH_53_Base@Sound@@QEAA@XZ,public: __cdecl Sound::Sounder_CH_53_Base::Sounder_CH_53_Base(void),method,Sound,Sounder_CH_53_Base,Sounder_CH_53_Base,void,False,False,False,False,False,False,True
24,23,0x17,??0Sounder_C_17A@Sound@@QEAA@XZ,public: __cdecl Sound::Sounder_C_17A::Sounder_C_17A(void),method,Sound,Sounder_C_17A,Sounder_C_17A,void,False,False,False,False,False,False,True
25,24,0x18,??0Sounder_C_17_Base@Sound@@QEAA@XZ,public: __cdecl Sound::Sounder_C_17_Base::Sounder_C_17_Base(void),method,Sound,Sounder_C_17_Base,Sounder_C_17_Base,void,False,False,False,False,False,False,True
26,25,0x19,??0Sounder_C_47@Sound@@QEAA@XZ,public: __cdecl Sound::Sounder_C_47::Sounder_C_47(void),method,Sound,Sounder_C_47,Sounder_C_47,void,False,False,False,False,False,False,True
27,26,0x1A,??0Sounder_C_47_Base@Sound@@QEAA@XZ,public: __cdecl Sound::Sounder_C_47_Base::Sounder_C_47_Base(void),method,Sound,Sounder_C_47_Base,Sounder_C_47_Base,void,False,False,False,False,False,False,True
28,27,0x1B,??0Sounder_DB600_Series@Sound@@QEAA@XZ,public: __cdecl Sound::Sounder_DB600_Series::Sounder_DB600_Series(void),method,Sound,Sounder_DB600_Series,Sounder_DB600_Series,void,False,False,False,False,False,False,True
29,28,0x1C,??0Sounder_E_3A@Sound@@QEAA@XZ,public: __cdecl Sound::Sounder_E_3A::Sounder_E_3A(void),method,Sound,Sounder_E_3A,Sounder_E_3A,void,False,False,False,False,False,False,True
30,29,0x1D,??0Sounder_F110GE129@Sound@@QEAA@XZ,public: __cdecl Sound::Sounder_F110GE129::Sounder_F110GE129(void),method,Sound,Sounder_F110GE129,Sounder_F110GE129,void,False,False,False,False,False,False,True
31,30,0x1E,??0Sounder_F404GE@Sound@@QEAA@XZ,public: __cdecl Sound::Sounder_F404GE::Sounder_F404GE(void),method,Sound,Sounder_F404GE,Sounder_F404GE,void,False,False,False,False,False,False,True
32,31,0x1F,??0Sounder_F6F_3@Sound@@QEAA@XZ,public: __cdecl Sound::Sounder_F6F_3::Sounder_F6F_3(void),method,Sound,Sounder_F6F_3,Sounder_F6F_3,void,False,False,False,False,False,False,True
33,32,0x20,??0Sounder_FA_18@Sound@@QEAA@XZ,public: __cdecl Sound::Sounder_FA_18::Sounder_FA_18(void),method,Sound,Sounder_FA_18,Sounder_FA_18,void,False,False,False,False,False,False,True
34,33,0x21,??0Sounder_FA_18C_hornet@Sound@@QEAA@XZ,public: __cdecl Sound::Sounder_FA_18C_hornet::Sounder_FA_18C_hornet(void),method,Sound,Sounder_FA_18C_hornet,Sounder_FA_18C_hornet,void,False,False,False,False,False,False,True
35,34,0x22,??0Sounder_FW_190@Sound@@QEAA@XZ,public: __cdecl Sound::Sounder_FW_190::Sounder_FW_190(void),method,Sound,Sounder_FW_190,Sounder_FW_190,void,False,False,False,False,False,False,True
36,35,0x23,??0Sounder_FW_190A8@Sound@@QEAA@XZ,public: __cdecl Sound::Sounder_FW_190A8::Sounder_FW_190A8(void),method,Sound,Sounder_FW_190A8,Sounder_FW_190A8,void,False,False,False,False,False,False,True
37,36,0x24,??0Sounder_FW_190D9@Sound@@QEAA@XZ,public: __cdecl Sound::Sounder_FW_190D9::Sounder_FW_190D9(void),method,Sound,Sounder_FW_190D9,Sounder_FW_190D9,void,False,False,False,False,False,False,True
38,37,0x25,??0Sounder_F_117A@Sound@@QEAA@XZ,public: __cdecl Sound::Sounder_F_117A::Sounder_F_117A(void),method,Sound,Sounder_F_117A,Sounder_F_117A,void,False,False,False,False,False,False,True
39,38,0x26,??0Sounder_F_117_Base@Sound@@QEAA@XZ,public: __cdecl Sound::Sounder_F_117_Base::Sounder_F_117_Base(void),method,Sound,Sounder_F_117_Base,Sounder_F_117_Base,void,False,False,False,False,False,False,True
40,39,0x27,??0Sounder_F_15@Sound@@QEAA@XZ,public: __cdecl Sound::Sounder_F_15::Sounder_F_15(void),method,Sound,Sounder_F_15,Sounder_F_15,void,False,False,False,False,False,False,True
41,40,0x28,??0Sounder_F_15C@Sound@@QEAA@XZ,public: __cdecl Sound::Sounder_F_15C::Sounder_F_15C(void),method,Sound,Sounder_F_15C,Sounder_F_15C,void,False,False,False,False,False,False,True
42,41,0x29,??0Sounder_F_15E@Sound@@QEAA@XZ,public: __cdecl Sound::Sounder_F_15E::Sounder_F_15E(void),method,Sound,Sounder_F_15E,Sounder_F_15E,void,False,False,False,False,False,False,True
43,42,0x2A,??0Sounder_F_16@Sound@@QEAA@XZ,public: __cdecl Sound::Sounder_F_16::Sounder_F_16(void),method,Sound,Sounder_F_16,Sounder_F_16,void,False,False,False,False,False,False,True
44,43,0x2B,??0Sounder_F_16A@Sound@@QEAA@XZ,public: __cdecl Sound::Sounder_F_16A::Sounder_F_16A(void),method,Sound,Sounder_F_16A,Sounder_F_16A,void,False,False,False,False,False,False,True
45,44,0x2C,??0Sounder_F_16C@Sound@@QEAA@XZ,public: __cdecl Sound::Sounder_F_16C::Sounder_F_16C(void),method,Sound,Sounder_F_16C,Sounder_F_16C,void,False,False,False,False,False,False,True
46,45,0x2D,??0Sounder_F_16C_50@Sound@@QEAA@XZ,public: __cdecl Sound::Sounder_F_16C_50::Sounder_F_16C_50(void),method,Sound,Sounder_F_16C_50,Sounder_F_16C_50,void,False,False,False,False,False,False,True
47,46,0x2E,??0Sounder_F_18A@Sound@@QEAA@XZ,public: __cdecl Sound::Sounder_F_18A::Sounder_F_18A(void),method,Sound,Sounder_F_18A,Sounder_F_18A,void,False,False,False,False,False,False,True
48,47,0x2F,??0Sounder_F_18C@Sound@@QEAA@XZ,public: __cdecl Sound::Sounder_F_18C::Sounder_F_18C(void),method,Sound,Sounder_F_18C,Sounder_F_18C,void,False,False,False,False,False,False,True
49,48,0x30,??0Sounder_F_5@Sound@@QEAA@XZ,public: __cdecl Sound::Sounder_F_5::Sounder_F_5(void),method,Sound,Sounder_F_5,Sounder_F_5,void,False,False,False,False,False,False,True
50,49,0x31,??0Sounder_F_5E@Sound@@QEAA@XZ,public: __cdecl Sound::Sounder_F_5E::Sounder_F_5E(void),method,Sound,Sounder_F_5E,Sounder_F_5E,void,False,False,False,False,False,False,True
51,50,0x32,??0Sounder_F_5E_3@Sound@@QEAA@XZ,public: __cdecl Sound::Sounder_F_5E_3::Sounder_F_5E_3(void),method,Sound,Sounder_F_5E_3,Sounder_F_5E_3,void,False,False,False,False,False,False,True
52,51,0x33,??0Sounder_F_5E_3_FC@Sound@@QEAA@XZ,public: __cdecl Sound::Sounder_F_5E_3_FC::Sounder_F_5E_3_FC(void),method,Sound,Sounder_F_5E_3_FC,Sounder_F_5E_3_FC,void,False,False,False,False,False,False,True
53,52,0x34,??0Sounder_F_86@Sound@@QEAA@XZ,public: __cdecl Sound::Sounder_F_86::Sounder_F_86(void),method,Sound,Sounder_F_86,Sounder_F_86,void,False,False,False,False,False,False,True
54,53,0x35,??0Sounder_F_86F_FC@Sound@@QEAA@XZ,public: __cdecl Sound::Sounder_F_86F_FC::Sounder_F_86F_FC(void),method,Sound,Sounder_F_86F_FC,Sounder_F_86F_FC,void,False,False,False,False,False,False,True
55,54,0x36,??0Sounder_F_86F_Sabre@Sound@@QEAA@XZ,public: __cdecl Sound::Sounder_F_86F_Sabre::Sounder_F_86F_Sabre(void),method,Sound,Sounder_F_86F_Sabre,Sounder_F_86F_Sabre,void,False,False,False,False,False,False,True
56,55,0x37,??0Sounder_J47GE27@Sound@@QEAA@XZ,public: __cdecl Sound::Sounder_J47GE27::Sounder_J47GE27(void),method,Sound,Sounder_J47GE27,Sounder_J47GE27,void,False,False,False,False,False,False,True
57,56,0x38,??0Sounder_J47GE27_FC@Sound@@QEAA@XZ,public: __cdecl Sound::Sounder_J47GE27_FC::Sounder_J47GE27_FC(void),method,Sound,Sounder_J47GE27_FC,Sounder_J47GE27_FC,void,False,False,False,False,False,False,True
58,57,0x39,??0Sounder_J85GE21@Sound@@QEAA@XZ,public: __cdecl Sound::Sounder_J85GE21::Sounder_J85GE21(void),method,Sound,Sounder_J85GE21,Sounder_J85GE21,void,False,False,False,False,False,False,True
59,58,0x3A,??0Sounder_J85GE21_FC@Sound@@QEAA@XZ,public: __cdecl Sound::Sounder_J85GE21_FC::Sounder_J85GE21_FC(void),method,Sound,Sounder_J85GE21_FC,Sounder_J85GE21_FC,void,False,False,False,False,False,False,True
60,59,0x3B,??0Sounder_JU_88A4@Sound@@QEAA@XZ,public: __cdecl Sound::Sounder_JU_88A4::Sounder_JU_88A4(void),method,Sound,Sounder_JU_88A4,Sounder_JU_88A4,void,False,False,False,False,False,False,True
61,60,0x3C,??0Sounder_J_11A@Sound@@QEAA@XZ,public: __cdecl Sound::Sounder_J_11A::Sounder_J_11A(void),method,Sound,Sounder_J_11A,Sounder_J_11A,void,False,False,False,False,False,False,True
62,61,0x3D,??0Sounder_Ju_88@Sound@@QEAA@XZ,public: __cdecl Sound::Sounder_Ju_88::Sounder_Ju_88(void),method,Sound,Sounder_Ju_88,Sounder_Ju_88,void,False,False,False,False,False,False,True
63,62,0x3E,??0Sounder_Jumo_213A@Sound@@QEAA@MMM@Z,"public: __cdecl Sound::Sounder_Jumo_213A::Sounder_Jumo_213A(float, float, float)",method,Sound,Sounder_Jumo_213A,Sounder_Jumo_213A,"float, float, float",False,False,False,False,False,False,True
64,63,0x3F,??0Sounder_Ka_50@Sound@@QEAA@XZ,public: __cdecl Sound::Sounder_Ka_50::Sounder_Ka_50(void),method,Sound,Sounder_Ka_50,Sounder_Ka_50,void,False,False,False,False,False,False,True
65,64,0x40,??0Sounder_Ka_50_3@Sound@@QEAA@XZ,public: __cdecl Sound::Sounder_Ka_50_3::Sounder_Ka_50_3(void),method,Sound,Sounder_Ka_50_3,Sounder_Ka_50_3,void,False,False,False,False,False,False,True
66,65,0x41,??0Sounder_Ka_50_Base@Sound@@QEAA@XZ,public: __cdecl Sound::Sounder_Ka_50_Base::Sounder_Ka_50_Base(void),method,Sound,Sounder_Ka_50_Base,Sounder_Ka_50_Base,void,False,False,False,False,False,False,True
67,66,0x42,??0Sounder_L_39@Sound@@QEAA@XZ,public: __cdecl Sound::Sounder_L_39::Sounder_L_39(void),method,Sound,Sounder_L_39,Sounder_L_39,void,False,False,False,False,False,False,True
68,67,0x43,??0Sounder_L_39C@Sound@@QEAA@XZ,public: __cdecl Sound::Sounder_L_39C::Sounder_L_39C(void),method,Sound,Sounder_L_39C,Sounder_L_39C,void,False,False,False,False,False,False,True
69,68,0x44,??0Sounder_L_39ZA@Sound@@QEAA@XZ,public: __cdecl Sound::Sounder_L_39ZA::Sounder_L_39ZA(void),method,Sound,Sounder_L_39ZA,Sounder_L_39ZA,void,False,False,False,False,False,False,True
70,69,0x45,??0Sounder_L_39_MAC@Sound@@QEAA@XZ,public: __cdecl Sound::Sounder_L_39_MAC::Sounder_L_39_MAC(void),method,Sound,Sounder_L_39_MAC,Sounder_L_39_MAC,void,False,False,False,False,False,False,True
71,70,0x46,??0Sounder_M_14@Sound@@QEAA@XZ,public: __cdecl Sound::Sounder_M_14::Sounder_M_14(void),method,Sound,Sounder_M_14,Sounder_M_14,void,False,False,False,False,False,False,True
72,71,0x47,??0Sounder_Merlin25@Sound@@QEAA@MMM@Z,"public: __cdecl Sound::Sounder_Merlin25::Sounder_Merlin25(float, float, float)",method,Sound,Sounder_Merlin25,Sounder_Merlin25,"float, float, float",False,False,False,False,False,False,True
73,72,0x48,??0Sounder_Merlin66@Sound@@QEAA@XZ,public: __cdecl Sound::Sounder_Merlin66::Sounder_Merlin66(void),method,Sound,Sounder_Merlin66,Sounder_Merlin66,void,False,False,False,False,False,False,True
74,73,0x49,??0Sounder_MiG_15@Sound@@QEAA@XZ,public: __cdecl Sound::Sounder_MiG_15::Sounder_MiG_15(void),method,Sound,Sounder_MiG_15,Sounder_MiG_15,void,False,False,False,False,False,False,True
75,74,0x4A,??0Sounder_MiG_15bis@Sound@@QEAA@XZ,public: __cdecl Sound::Sounder_MiG_15bis::Sounder_MiG_15bis(void),method,Sound,Sounder_MiG_15bis,Sounder_MiG_15bis,void,False,False,False,False,False,False,True
76,75,0x4B,??0Sounder_MiG_15bis_FC@Sound@@QEAA@XZ,public: __cdecl Sound::Sounder_MiG_15bis_FC::Sounder_MiG_15bis_FC(void),method,Sound,Sounder_MiG_15bis_FC,Sounder_MiG_15bis_FC,void,False,False,False,False,False,False,True
77,76,0x4C,??0Sounder_MiG_29@Sound@@QEAA@XZ,public: __cdecl Sound::Sounder_MiG_29::Sounder_MiG_29(void),method,Sound,Sounder_MiG_29,Sounder_MiG_29,void,False,False,False,False,False,False,True
78,77,0x4D,??0Sounder_MiG_29C@Sound@@QEAA@XZ,public: __cdecl Sound::Sounder_MiG_29C::Sounder_MiG_29C(void),method,Sound,Sounder_MiG_29C,Sounder_MiG_29C,void,False,False,False,False,False,False,True
79,78,0x4E,??0Sounder_MiG_29G@Sound@@QEAA@XZ,public: __cdecl Sound::Sounder_MiG_29G::Sounder_MiG_29G(void),method,Sound,Sounder_MiG_29G,Sounder_MiG_29G,void,False,False,False,False,False,False,True
80,79,0x4F,??0Sounder_MiG_29_Fulcrum@Sound@@QEAA@XZ,public: __cdecl Sound::Sounder_MiG_29_Fulcrum::Sounder_MiG_29_Fulcrum(void),method,Sound,Sounder_MiG_29_Fulcrum,Sounder_MiG_29_Fulcrum,void,False,False,False,False,False,False,True
81,80,0x50,??0Sounder_Mi_24P@Sound@@QEAA@XZ,public: __cdecl Sound::Sounder_Mi_24P::Sounder_Mi_24P(void),method,Sound,Sounder_Mi_24P,Sounder_Mi_24P,void,False,False,False,False,False,False,True
82,81,0x51,??0Sounder_Mi_24W@Sound@@QEAA@XZ,public: __cdecl Sound::Sounder_Mi_24W::Sounder_Mi_24W(void),method,Sound,Sounder_Mi_24W,Sounder_Mi_24W,void,False,False,False,False,False,False,True
83,82,0x52,??0Sounder_Mi_8MT@Sound@@QEAA@XZ,public: __cdecl Sound::Sounder_Mi_8MT::Sounder_Mi_8MT(void),method,Sound,Sounder_Mi_8MT,Sounder_Mi_8MT,void,False,False,False,False,False,False,True
84,83,0x53,??0Sounder_Mosquito@Sound@@QEAA@XZ,public: __cdecl Sound::Sounder_Mosquito::Sounder_Mosquito(void),method,Sound,Sounder_Mosquito,Sounder_Mosquito,void,False,False,False,False,False,False,True
85,84,0x54,??0Sounder_MosquitoFBMkVI@Sound@@QEAA@XZ,public: __cdecl Sound::Sounder_MosquitoFBMkVI::Sounder_MosquitoFBMkVI(void),method,Sound,Sounder_MosquitoFBMkVI,Sounder_MosquitoFBMkVI,void,False,False,False,False,False,False,True
86,85,0x55,??0Sounder_OH_58D@Sound@@QEAA@XZ,public: __cdecl Sound::Sounder_OH_58D::Sounder_OH_58D(void),method,Sound,Sounder_OH_58D,Sounder_OH_58D,void,False,False,False,False,False,False,True
87,86,0x56,??0Sounder_OH_58_Base@Sound@@QEAA@XZ,public: __cdecl Sound::Sounder_OH_58_Base::Sounder_OH_58_Base(void),method,Sound,Sounder_OH_58_Base,Sounder_OH_58_Base,void,False,False,False,False,False,False,True
88,87,0x57,??0Sounder_P_47@Sound@@QEAA@XZ,public: __cdecl Sound::Sounder_P_47::Sounder_P_47(void),method,Sound,Sounder_P_47,Sounder_P_47,void,False,False,False,False,False,False,True
89,88,0x58,??0Sounder_P_47D_30@Sound@@QEAA@XZ,public: __cdecl Sound::Sounder_P_47D_30::Sounder_P_47D_30(void),method,Sound,Sounder_P_47D_30,Sounder_P_47D_30,void,False,False,False,False,False,False,True
90,89,0x59,??0Sounder_P_47D_30bl1@Sound@@QEAA@XZ,public: __cdecl Sound::Sounder_P_47D_30bl1::Sounder_P_47D_30bl1(void),method,Sound,Sounder_P_47D_30bl1,Sounder_P_47D_30bl1,void,False,False,False,False,False,False,True
91,90,0x5A,??0Sounder_P_47D_40@Sound@@QEAA@XZ,public: __cdecl Sound::Sounder_P_47D_40::Sounder_P_47D_40(void),method,Sound,Sounder_P_47D_40,Sounder_P_47D_40,void,False,False,False,False,False,False,True
92,91,0x5B,??0Sounder_P_51@Sound@@QEAA@XZ,public: __cdecl Sound::Sounder_P_51::Sounder_P_51(void),method,Sound,Sounder_P_51,Sounder_P_51,void,False,False,False,False,False,False,True
93,92,0x5C,??0Sounder_P_51B@Sound@@QEAA@XZ,public: __cdecl Sound::Sounder_P_51B::Sounder_P_51B(void),method,Sound,Sounder_P_51B,Sounder_P_51B,void,False,False,False,False,False,False,True
94,93,0x5D,??0Sounder_P_51D@Sound@@QEAA@XZ,public: __cdecl Sound::Sounder_P_51D::Sounder_P_51D(void),method,Sound,Sounder_P_51D,Sounder_P_51D,void,False,False,False,False,False,False,True
95,94,0x5E,??0Sounder_P_51D_30_NA@Sound@@QEAA@XZ,public: __cdecl Sound::Sounder_P_51D_30_NA::Sounder_P_51D_30_NA(void),method,Sound,Sounder_P_51D_30_NA,Sounder_P_51D_30_NA,void,False,False,False,False,False,False,True
96,95,0x5F,??0Sounder_PrattWhitneyR2800@Sound@@QEAA@XZ,public: __cdecl Sound::Sounder_PrattWhitneyR2800::Sounder_PrattWhitneyR2800(void),method,Sound,Sounder_PrattWhitneyR2800,Sounder_PrattWhitneyR2800,void,False,False,False,False,False,False,True
97,96,0x60,??0Sounder_RQ_1A_Predator@Sound@@QEAA@XZ,public: __cdecl Sound::Sounder_RQ_1A_Predator::Sounder_RQ_1A_Predator(void),method,Sound,Sounder_RQ_1A_Predator,Sounder_RQ_1A_Predator,void,False,False,False,False,False,False,True
98,97,0x61,??0Sounder_Rotax_914F@Sound@@QEAA@XZ,public: __cdecl Sound::Sounder_Rotax_914F::Sounder_Rotax_914F(void),method,Sound,Sounder_Rotax_914F,Sounder_Rotax_914F,void,False,False,False,False,False,False,True
99,98,0x62,??0Sounder_SA342@Sound@@QEAA@XZ,public: __cdecl Sound::Sounder_SA342::Sounder_SA342(void),method,Sound,Sounder_SA342,Sounder_SA342,void,False,False,False,False,False,False,True
100,99,0x63,??0Sounder_SA342L@Sound@@QEAA@XZ,public: __cdecl Sound::Sounder_SA342L::Sounder_SA342L(void),method,Sound,Sounder_SA342L,Sounder_SA342L,void,False,False,False,False,False,False,True
101,100,0x64,??0Sounder_SA342M@Sound@@QEAA@XZ,public: __cdecl Sound::Sounder_SA342M::Sounder_SA342M(void),method,Sound,Sounder_SA342M,Sounder_SA342M,void,False,False,False,False,False,False,True
102,101,0x65,??0Sounder_SA342Minigun@Sound@@QEAA@XZ,public: __cdecl Sound::Sounder_SA342Minigun::Sounder_SA342Minigun(void),method,Sound,Sounder_SA342Minigun,Sounder_SA342Minigun,void,False,False,False,False,False,False,True
103,102,0x66,??0Sounder_SA342Mistral@Sound@@QEAA@XZ,public: __cdecl Sound::Sounder_SA342Mistral::Sounder_SA342Mistral(void),method,Sound,Sounder_SA342Mistral,Sounder_SA342Mistral,void,False,False,False,False,False,False,True
104,103,0x67,??0Sounder_SA_342_Base@Sound@@QEAA@XZ,public: __cdecl Sound::Sounder_SA_342_Base::Sounder_SA_342_Base(void),method,Sound,Sounder_SA_342_Base,Sounder_SA_342_Base,void,False,False,False,False,False,False,True
105,104,0x68,??0Sounder_S_3A_Viking@Sound@@QEAA@XZ,public: __cdecl Sound::Sounder_S_3A_Viking::Sounder_S_3A_Viking(void),method,Sound,Sounder_S_3A_Viking,Sounder_S_3A_Viking,void,False,False,False,False,False,False,True
106,105,0x69,??0Sounder_S_3B@Sound@@QEAA@XZ,public: __cdecl Sound::Sounder_S_3B::Sounder_S_3B(void),method,Sound,Sounder_S_3B,Sounder_S_3B,void,False,False,False,False,False,False,True
107,106,0x6A,??0Sounder_S_3B_Tanker@Sound@@QEAA@XZ,public: __cdecl Sound::Sounder_S_3B_Tanker::Sounder_S_3B_Tanker(void),method,Sound,Sounder_S_3B_Tanker,Sounder_S_3B_Tanker,void,False,False,False,False,False,False,True
108,107,0x6B,??0Sounder_S_3_Base@Sound@@QEAA@XZ,public: __cdecl Sound::Sounder_S_3_Base::Sounder_S_3_Base(void),method,Sound,Sounder_S_3_Base,Sounder_S_3_Base,void,False,False,False,False,False,False,True
109,108,0x6C,??0Sounder_Snecma_M53@Sound@@QEAA@XZ,public: __cdecl Sound::Sounder_Snecma_M53::Sounder_Snecma_M53(void),method,Sound,Sounder_Snecma_M53,Sounder_Snecma_M53,void,False,False,False,False,False,False,True
110,109,0x6D,??0Sounder_SpitfireLFMkIX@Sound@@QEAA@XZ,public: __cdecl Sound::Sounder_SpitfireLFMkIX::Sounder_SpitfireLFMkIX(void),method,Sound,Sounder_SpitfireLFMkIX,Sounder_SpitfireLFMkIX,void,False,False,False,False,False,False,True
111,110,0x6E,??0Sounder_SpitfireLFMkIXCW@Sound@@QEAA@XZ,public: __cdecl Sound::Sounder_SpitfireLFMkIXCW::Sounder_SpitfireLFMkIXCW(void),method,Sound,Sounder_SpitfireLFMkIXCW,Sounder_SpitfireLFMkIXCW,void,False,False,False,False,False,False,True
112,111,0x6F,??0Sounder_Su_25@Sound@@QEAA@XZ,public: __cdecl Sound::Sounder_Su_25::Sounder_Su_25(void),method,Sound,Sounder_Su_25,Sounder_Su_25,void,False,False,False,False,False,False,True
113,112,0x70,??0Sounder_Su_25T@Sound@@QEAA@XZ,public: __cdecl Sound::Sounder_Su_25T::Sounder_Su_25T(void),method,Sound,Sounder_Su_25T,Sounder_Su_25T,void,False,False,False,False,False,False,True
114,113,0x71,??0Sounder_Su_27@Sound@@QEAA@XZ,public: __cdecl Sound::Sounder_Su_27::Sounder_Su_27(void),method,Sound,Sounder_Su_27,Sounder_Su_27,void,False,False,False,False,False,False,True
115,114,0x72,??0Sounder_Su_30@Sound@@QEAA@XZ,public: __cdecl Sound::Sounder_Su_30::Sounder_Su_30(void),method,Sound,Sounder_Su_30,Sounder_Su_30,void,False,False,False,False,False,False,True
116,115,0x73,??0Sounder_Su_33@Sound@@QEAA@XZ,public: __cdecl Sound::Sounder_Su_33::Sounder_Su_33(void),method,Sound,Sounder_Su_33,Sounder_Su_33,void,False,False,False,False,False,False,True
117,116,0x74,??0Sounder_TF34@Sound@@QEAA@XZ,public: __cdecl Sound::Sounder_TF34::Sounder_TF34(void),method,Sound,Sounder_TF34,Sounder_TF34,void,False,False,False,False,False,False,True
118,117,0x75,??0Sounder_TF_51D@Sound@@QEAA@XZ,public: __cdecl Sound::Sounder_TF_51D::Sounder_TF_51D(void),method,Sound,Sounder_TF_51D,Sounder_TF_51D,void,False,False,False,False,False,False,True
119,118,0x76,??0Sounder_UH_1H@Sound@@QEAA@XZ,public: __cdecl Sound::Sounder_UH_1H::Sounder_UH_1H(void),method,Sound,Sounder_UH_1H,Sounder_UH_1H,void,False,False,False,False,False,False,True
120,119,0x77,??0Sounder_UH_60_Base@Sound@@QEAA@XZ,public: __cdecl Sound::Sounder_UH_60_Base::Sounder_UH_60_Base(void),method,Sound,Sounder_UH_60_Base,Sounder_UH_60_Base,void,False,False,False,False,False,False,True
121,120,0x78,??0Sounder_VK1@Sound@@QEAA@XZ,public: __cdecl Sound::Sounder_VK1::Sounder_VK1(void),method,Sound,Sounder_VK1,Sounder_VK1,void,False,False,False,False,False,False,True
122,121,0x79,??0Sounder_VK1_FC@Sound@@QEAA@XZ,public: __cdecl Sound::Sounder_VK1_FC::Sounder_VK1_FC(void),method,Sound,Sounder_VK1_FC,Sounder_VK1_FC,void,False,False,False,False,False,False,True
123,122,0x7A,??0Sounder_V_1650_7@Sound@@QEAA@XZ,public: __cdecl Sound::Sounder_V_1650_7::Sounder_V_1650_7(void),method,Sound,Sounder_V_1650_7,Sounder_V_1650_7,void,False,False,False,False,False,False,True
124,123,0x7B,??0Sounder_WrightCyclone_1820_97@Sound@@QEAA@MMM@Z,"public: __cdecl Sound::Sounder_WrightCyclone_1820_97::Sounder_WrightCyclone_1820_97(float, float, float)",method,Sound,Sounder_WrightCyclone_1820_97,Sounder_WrightCyclone_1820_97,"float, float, float",False,False,False,False,False,False,True
125,124,0x7C,??0Sounder_Yak_52@Sound@@QEAA@XZ,public: __cdecl Sound::Sounder_Yak_52::Sounder_Yak_52(void),method,Sound,Sounder_Yak_52,Sounder_Yak_52,void,False,False,False,False,False,False,True
126,125,0x7D,??0Sounder_ah_1w__super_cobra@Sound@@QEAA@XZ,public: __cdecl Sound::Sounder_ah_1w__super_cobra::Sounder_ah_1w__super_cobra(void),method,Sound,Sounder_ah_1w__super_cobra,Sounder_ah_1w__super_cobra,void,False,False,False,False,False,False,True
127,126,0x7E,??0Sounder_ch_53e_super_stallion@Sound@@QEAA@XZ,public: __cdecl Sound::Sounder_ch_53e_super_stallion::Sounder_ch_53e_super_stallion(void),method,Sound,Sounder_ch_53e_super_stallion,Sounder_ch_53e_super_stallion,void,False,False,False,False,False,False,True
128,127,0x7F,??0Sounder_sh_60b_sea_hawk@Sound@@QEAA@XZ,public: __cdecl Sound::Sounder_sh_60b_sea_hawk::Sounder_sh_60b_sea_hawk(void),method,Sound,Sounder_sh_60b_sea_hawk,Sounder_sh_60b_sea_hawk,void,False,False,False,False,False,False,True
129,128,0x80,??0Sounder_uh_60a_night_hawk@Sound@@QEAA@XZ,public: __cdecl Sound::Sounder_uh_60a_night_hawk::Sounder_uh_60a_night_hawk(void),method,Sound,Sounder_uh_60a_night_hawk,Sounder_uh_60a_night_hawk,void,False,False,False,False,False,False,True
130,129,0x81,??0WWIIPlaneSounder@Sound@@QEAA@XZ,public: __cdecl Sound::WWIIPlaneSounder::WWIIPlaneSounder(void),method,Sound,WWIIPlaneSounder,WWIIPlaneSounder,void,False,False,False,False,False,False,True
131,130,0x82,??1AircraftSounder@Sound@@UEAA@XZ,public: virtual __cdecl Sound::AircraftSounder::~AircraftSounder(void),method,Sound,AircraftSounder,~AircraftSounder,void,False,False,True,False,False,False,True
132,131,0x83,??1EngineSounder@Sound@@UEAA@XZ,public: virtual __cdecl Sound::EngineSounder::~EngineSounder(void),method,Sound,EngineSounder,~EngineSounder,void,False,False,True,False,False,False,True
133,132,0x84,??1HelicopterSounder@Sound@@UEAA@XZ,public: virtual __cdecl Sound::HelicopterSounder::~HelicopterSounder(void),method,Sound,HelicopterSounder,~HelicopterSounder,void,False,False,True,False,False,False,True
134,133,0x85,??1JetEngineSounder@Sound@@UEAA@XZ,public: virtual __cdecl Sound::JetEngineSounder::~JetEngineSounder(void),method,Sound,JetEngineSounder,~JetEngineSounder,void,False,False,True,False,False,False,True
135,134,0x86,??1PistonEngineSounder@Sound@@UEAA@XZ,public: virtual __cdecl Sound::PistonEngineSounder::~PistonEngineSounder(void),method,Sound,PistonEngineSounder,~PistonEngineSounder,void,False,False,True,False,False,False,True
136,135,0x87,??1PlaneSounder@Sound@@UEAA@XZ,public: virtual __cdecl Sound::PlaneSounder::~PlaneSounder(void),method,Sound,PlaneSounder,~PlaneSounder,void,False,False,True,False,False,False,True
137,136,0x88,??1SimplifiedPistonEngineSounder@Sound@@UEAA@XZ,public: virtual __cdecl Sound::SimplifiedPistonEngineSounder::~SimplifiedPistonEngineSounder(void),method,Sound,SimplifiedPistonEngineSounder,~SimplifiedPistonEngineSounder,void,False,False,True,False,False,False,True
138,137,0x89,??1Sounder_AH_1W_Base@Sound@@UEAA@XZ,public: virtual __cdecl Sound::Sounder_AH_1W_Base::~Sounder_AH_1W_Base(void),method,Sound,Sounder_AH_1W_Base,~Sounder_AH_1W_Base,void,False,False,True,False,False,False,True
139,138,0x8A,??1Sounder_AH_64D_BLK_II@Sound@@UEAA@XZ,public: virtual __cdecl Sound::Sounder_AH_64D_BLK_II::~Sounder_AH_64D_BLK_II(void),method,Sound,Sounder_AH_64D_BLK_II,~Sounder_AH_64D_BLK_II,void,False,False,True,False,False,False,True
140,139,0x8B,??1Sounder_AH_64_Base@Sound@@UEAA@XZ,public: virtual __cdecl Sound::Sounder_AH_64_Base::~Sounder_AH_64_Base(void),method,Sound,Sounder_AH_64_Base,~Sounder_AH_64_Base,void,False,False,True,False,False,False,True
141,140,0x8C,??1Sounder_AI25TL@Sound@@UEAA@XZ,public: virtual __cdecl Sound::Sounder_AI25TL::~Sounder_AI25TL(void),method,Sound,Sounder_AI25TL,~Sounder_AI25TL,void,False,False,True,False,False,False,True
142,141,0x8D,??1Sounder_A_10@Sound@@UEAA@XZ,public: virtual __cdecl Sound::Sounder_A_10::~Sounder_A_10(void),method,Sound,Sounder_A_10,~Sounder_A_10,void,False,False,True,False,False,False,True
143,142,0x8E,??1Sounder_A_10A@Sound@@UEAA@XZ,public: virtual __cdecl Sound::Sounder_A_10A::~Sounder_A_10A(void),method,Sound,Sounder_A_10A,~Sounder_A_10A,void,False,False,True,False,False,False,True
144,143,0x8F,??1Sounder_A_10C@Sound@@UEAA@XZ,public: virtual __cdecl Sound::Sounder_A_10C::~Sounder_A_10C(void),method,Sound,Sounder_A_10C,~Sounder_A_10C,void,False,False,True,False,False,False,True
145,144,0x90,??1Sounder_A_10C_II@Sound@@UEAA@XZ,public: virtual __cdecl Sound::Sounder_A_10C_II::~Sounder_A_10C_II(void),method,Sound,Sounder_A_10C_II,~Sounder_A_10C_II,void,False,False,True,False,False,False,True
146,145,0x91,??1Sounder_A_20@Sound@@UEAA@XZ,public: virtual __cdecl Sound::Sounder_A_20::~Sounder_A_20(void),method,Sound,Sounder_A_20,~Sounder_A_20,void,False,False,True,False,False,False,True
147,146,0x92,??1Sounder_A_20G@Sound@@UEAA@XZ,public: virtual __cdecl Sound::Sounder_A_20G::~Sounder_A_20G(void),method,Sound,Sounder_A_20G,~Sounder_A_20G,void,False,False,True,False,False,False,True
148,147,0x93,??1Sounder_BMW_801D@Sound@@UEAA@XZ,public: virtual __cdecl Sound::Sounder_BMW_801D::~Sounder_BMW_801D(void),method,Sound,Sounder_BMW_801D,~Sounder_BMW_801D,void,False,False,True,False,False,False,True
149,148,0x94,??1Sounder_B_17@Sound@@UEAA@XZ,public: virtual __cdecl Sound::Sounder_B_17::~Sounder_B_17(void),method,Sound,Sounder_B_17,~Sounder_B_17,void,False,False,True,False,False,False,True
150,149,0x95,??1Sounder_B_17G@Sound@@UEAA@XZ,public: virtual __cdecl Sound::Sounder_B_17G::~Sounder_B_17G(void),method,Sound,Sounder_B_17G,~Sounder_B_17G,void,False,False,True,False,False,False,True
151,150,0x96,??1Sounder_B_1B@Sound@@UEAA@XZ,public: virtual __cdecl Sound::Sounder_B_1B::~Sounder_B_1B(void),method,Sound,Sounder_B_1B,~Sounder_B_1B,void,False,False,True,False,False,False,True
152,151,0x97,??1Sounder_B_1_Base@Sound@@UEAA@XZ,public: virtual __cdecl Sound::Sounder_B_1_Base::~Sounder_B_1_Base(void),method,Sound,Sounder_B_1_Base,~Sounder_B_1_Base,void,False,False,True,False,False,False,True
153,152,0x98,??1Sounder_B_52H@Sound@@UEAA@XZ,public: virtual __cdecl Sound::Sounder_B_52H::~Sounder_B_52H(void),method,Sound,Sounder_B_52H,~Sounder_B_52H,void,False,False,True,False,False,False,True
154,153,0x99,??1Sounder_B_52_Base@Sound@@UEAA@XZ,public: virtual __cdecl Sound::Sounder_B_52_Base::~Sounder_B_52_Base(void),method,Sound,Sounder_B_52_Base,~Sounder_B_52_Base,void,False,False,True,False,False,False,True
155,154,0x9A,??1Sounder_Bf_109@Sound@@UEAA@XZ,public: virtual __cdecl Sound::Sounder_Bf_109::~Sounder_Bf_109(void),method,Sound,Sounder_Bf_109,~Sounder_Bf_109,void,False,False,True,False,False,False,True
156,155,0x9B,??1Sounder_Bf_109K_4@Sound@@UEAA@XZ,public: virtual __cdecl Sound::Sounder_Bf_109K_4::~Sounder_Bf_109K_4(void),method,Sound,Sounder_Bf_109K_4,~Sounder_Bf_109K_4,void,False,False,True,False,False,False,True
157,156,0x9C,??1Sounder_CH_47D_CHINOOK@Sound@@UEAA@XZ,public: virtual __cdecl Sound::Sounder_CH_47D_CHINOOK::~Sounder_CH_47D_CHINOOK(void),method,Sound,Sounder_CH_47D_CHINOOK,~Sounder_CH_47D_CHINOOK,void,False,False,True,False,False,False,True
158,157,0x9D,??1Sounder_CH_47Fbl1@Sound@@UEAA@XZ,public: virtual __cdecl Sound::Sounder_CH_47Fbl1::~Sounder_CH_47Fbl1(void),method,Sound,Sounder_CH_47Fbl1,~Sounder_CH_47Fbl1,void,False,False,True,False,False,False,True
159,158,0x9E,??1Sounder_CH_47_Base@Sound@@UEAA@XZ,public: virtual __cdecl Sound::Sounder_CH_47_Base::~Sounder_CH_47_Base(void),method,Sound,Sounder_CH_47_Base,~Sounder_CH_47_Base,void,False,False,True,False,False,False,True
160,159,0x9F,??1Sounder_CH_53_Base@Sound@@UEAA@XZ,public: virtual __cdecl Sound::Sounder_CH_53_Base::~Sounder_CH_53_Base(void),method,Sound,Sounder_CH_53_Base,~Sounder_CH_53_Base,void,False,False,True,False,False,False,True
161,160,0xA0,??1Sounder_C_17A@Sound@@UEAA@XZ,public: virtual __cdecl Sound::Sounder_C_17A::~Sounder_C_17A(void),method,Sound,Sounder_C_17A,~Sounder_C_17A,void,False,False,True,False,False,False,True
162,161,0xA1,??1Sounder_C_17_Base@Sound@@UEAA@XZ,public: virtual __cdecl Sound::Sounder_C_17_Base::~Sounder_C_17_Base(void),method,Sound,Sounder_C_17_Base,~Sounder_C_17_Base,void,False,False,True,False,False,False,True
163,162,0xA2,??1Sounder_C_47@Sound@@UEAA@XZ,public: virtual __cdecl Sound::Sounder_C_47::~Sounder_C_47(void),method,Sound,Sounder_C_47,~Sounder_C_47,void,False,False,True,False,False,False,True
164,163,0xA3,??1Sounder_C_47_Base@Sound@@UEAA@XZ,public: virtual __cdecl Sound::Sounder_C_47_Base::~Sounder_C_47_Base(void),method,Sound,Sounder_C_47_Base,~Sounder_C_47_Base,void,False,False,True,False,False,False,True
165,164,0xA4,??1Sounder_DB600_Series@Sound@@UEAA@XZ,public: virtual __cdecl Sound::Sounder_DB600_Series::~Sounder_DB600_Series(void),method,Sound,Sounder_DB600_Series,~Sounder_DB600_Series,void,False,False,True,False,False,False,True
166,165,0xA5,??1Sounder_E_3A@Sound@@UEAA@XZ,public: virtual __cdecl Sound::Sounder_E_3A::~Sounder_E_3A(void),method,Sound,Sounder_E_3A,~Sounder_E_3A,void,False,False,True,False,False,False,True
167,166,0xA6,??1Sounder_F110GE129@Sound@@UEAA@XZ,public: virtual __cdecl Sound::Sounder_F110GE129::~Sounder_F110GE129(void),method,Sound,Sounder_F110GE129,~Sounder_F110GE129,void,False,False,True,False,False,False,True
168,167,0xA7,??1Sounder_F404GE@Sound@@UEAA@XZ,public: virtual __cdecl Sound::Sounder_F404GE::~Sounder_F404GE(void),method,Sound,Sounder_F404GE,~Sounder_F404GE,void,False,False,True,False,False,False,True
169,168,0xA8,??1Sounder_F6F_3@Sound@@UEAA@XZ,public: virtual __cdecl Sound::Sounder_F6F_3::~Sounder_F6F_3(void),method,Sound,Sounder_F6F_3,~Sounder_F6F_3,void,False,False,True,False,False,False,True
170,169,0xA9,??1Sounder_FA_18@Sound@@UEAA@XZ,public: virtual __cdecl Sound::Sounder_FA_18::~Sounder_FA_18(void),method,Sound,Sounder_FA_18,~Sounder_FA_18,void,False,False,True,False,False,False,True
171,170,0xAA,??1Sounder_FA_18C_hornet@Sound@@UEAA@XZ,public: virtual __cdecl Sound::Sounder_FA_18C_hornet::~Sounder_FA_18C_hornet(void),method,Sound,Sounder_FA_18C_hornet,~Sounder_FA_18C_hornet,void,False,False,True,False,False,False,True
172,171,0xAB,??1Sounder_FW_190@Sound@@UEAA@XZ,public: virtual __cdecl Sound::Sounder_FW_190::~Sounder_FW_190(void),method,Sound,Sounder_FW_190,~Sounder_FW_190,void,False,False,True,False,False,False,True
173,172,0xAC,??1Sounder_FW_190A8@Sound@@UEAA@XZ,public: virtual __cdecl Sound::Sounder_FW_190A8::~Sounder_FW_190A8(void),method,Sound,Sounder_FW_190A8,~Sounder_FW_190A8,void,False,False,True,False,False,False,True
174,173,0xAD,??1Sounder_FW_190D9@Sound@@UEAA@XZ,public: virtual __cdecl Sound::Sounder_FW_190D9::~Sounder_FW_190D9(void),method,Sound,Sounder_FW_190D9,~Sounder_FW_190D9,void,False,False,True,False,False,False,True
175,174,0xAE,??1Sounder_F_117A@Sound@@UEAA@XZ,public: virtual __cdecl Sound::Sounder_F_117A::~Sounder_F_117A(void),method,Sound,Sounder_F_117A,~Sounder_F_117A,void,False,False,True,False,False,False,True
176,175,0xAF,??1Sounder_F_117_Base@Sound@@UEAA@XZ,public: virtual __cdecl Sound::Sounder_F_117_Base::~Sounder_F_117_Base(void),method,Sound,Sounder_F_117_Base,~Sounder_F_117_Base,void,False,False,True,False,False,False,True
177,176,0xB0,??1Sounder_F_15@Sound@@UEAA@XZ,public: virtual __cdecl Sound::Sounder_F_15::~Sounder_F_15(void),method,Sound,Sounder_F_15,~Sounder_F_15,void,False,False,True,False,False,False,True
178,177,0xB1,??1Sounder_F_15C@Sound@@UEAA@XZ,public: virtual __cdecl Sound::Sounder_F_15C::~Sounder_F_15C(void),method,Sound,Sounder_F_15C,~Sounder_F_15C,void,False,False,True,False,False,False,True
179,178,0xB2,??1Sounder_F_15E@Sound@@UEAA@XZ,public: virtual __cdecl Sound::Sounder_F_15E::~Sounder_F_15E(void),method,Sound,Sounder_F_15E,~Sounder_F_15E,void,False,False,True,False,False,False,True
180,179,0xB3,??1Sounder_F_16@Sound@@UEAA@XZ,public: virtual __cdecl Sound::Sounder_F_16::~Sounder_F_16(void),method,Sound,Sounder_F_16,~Sounder_F_16,void,False,False,True,False,False,False,True
181,180,0xB4,??1Sounder_F_16A@Sound@@UEAA@XZ,public: virtual __cdecl Sound::Sounder_F_16A::~Sounder_F_16A(void),method,Sound,Sounder_F_16A,~Sounder_F_16A,void,False,False,True,False,False,False,True
182,181,0xB5,??1Sounder_F_16C@Sound@@UEAA@XZ,public: virtual __cdecl Sound::Sounder_F_16C::~Sounder_F_16C(void),method,Sound,Sounder_F_16C,~Sounder_F_16C,void,False,False,True,False,False,False,True
183,182,0xB6,??1Sounder_F_16C_50@Sound@@UEAA@XZ,public: virtual __cdecl Sound::Sounder_F_16C_50::~Sounder_F_16C_50(void),method,Sound,Sounder_F_16C_50,~Sounder_F_16C_50,void,False,False,True,False,False,False,True
184,183,0xB7,??1Sounder_F_18A@Sound@@UEAA@XZ,public: virtual __cdecl Sound::Sounder_F_18A::~Sounder_F_18A(void),method,Sound,Sounder_F_18A,~Sounder_F_18A,void,False,False,True,False,False,False,True
185,184,0xB8,??1Sounder_F_18C@Sound@@UEAA@XZ,public: virtual __cdecl Sound::Sounder_F_18C::~Sounder_F_18C(void),method,Sound,Sounder_F_18C,~Sounder_F_18C,void,False,False,True,False,False,False,True
186,185,0xB9,??1Sounder_F_5@Sound@@UEAA@XZ,public: virtual __cdecl Sound::Sounder_F_5::~Sounder_F_5(void),method,Sound,Sounder_F_5,~Sounder_F_5,void,False,False,True,False,False,False,True
187,186,0xBA,??1Sounder_F_5E@Sound@@UEAA@XZ,public: virtual __cdecl Sound::Sounder_F_5E::~Sounder_F_5E(void),method,Sound,Sounder_F_5E,~Sounder_F_5E,void,False,False,True,False,False,False,True
188,187,0xBB,??1Sounder_F_5E_3@Sound@@UEAA@XZ,public: virtual __cdecl Sound::Sounder_F_5E_3::~Sounder_F_5E_3(void),method,Sound,Sounder_F_5E_3,~Sounder_F_5E_3,void,False,False,True,False,False,False,True
189,188,0xBC,??1Sounder_F_5E_3_FC@Sound@@UEAA@XZ,public: virtual __cdecl Sound::Sounder_F_5E_3_FC::~Sounder_F_5E_3_FC(void),method,Sound,Sounder_F_5E_3_FC,~Sounder_F_5E_3_FC,void,False,False,True,False,False,False,True
190,189,0xBD,??1Sounder_F_86@Sound@@UEAA@XZ,public: virtual __cdecl Sound::Sounder_F_86::~Sounder_F_86(void),method,Sound,Sounder_F_86,~Sounder_F_86,void,False,False,True,False,False,False,True
191,190,0xBE,??1Sounder_F_86F_FC@Sound@@UEAA@XZ,public: virtual __cdecl Sound::Sounder_F_86F_FC::~Sounder_F_86F_FC(void),method,Sound,Sounder_F_86F_FC,~Sounder_F_86F_FC,void,False,False,True,False,False,False,True
192,191,0xBF,??1Sounder_F_86F_Sabre@Sound@@UEAA@XZ,public: virtual __cdecl Sound::Sounder_F_86F_Sabre::~Sounder_F_86F_Sabre(void),method,Sound,Sounder_F_86F_Sabre,~Sounder_F_86F_Sabre,void,False,False,True,False,False,False,True
193,192,0xC0,??1Sounder_J47GE27@Sound@@UEAA@XZ,public: virtual __cdecl Sound::Sounder_J47GE27::~Sounder_J47GE27(void),method,Sound,Sounder_J47GE27,~Sounder_J47GE27,void,False,False,True,False,False,False,True
194,193,0xC1,??1Sounder_J47GE27_FC@Sound@@UEAA@XZ,public: virtual __cdecl Sound::Sounder_J47GE27_FC::~Sounder_J47GE27_FC(void),method,Sound,Sounder_J47GE27_FC,~Sounder_J47GE27_FC,void,False,False,True,False,False,False,True
195,194,0xC2,??1Sounder_J85GE21@Sound@@UEAA@XZ,public: virtual __cdecl Sound::Sounder_J85GE21::~Sounder_J85GE21(void),method,Sound,Sounder_J85GE21,~Sounder_J85GE21,void,False,False,True,False,False,False,True
196,195,0xC3,??1Sounder_J85GE21_FC@Sound@@UEAA@XZ,public: virtual __cdecl Sound::Sounder_J85GE21_FC::~Sounder_J85GE21_FC(void),method,Sound,Sounder_J85GE21_FC,~Sounder_J85GE21_FC,void,False,False,True,False,False,False,True
197,196,0xC4,??1Sounder_JU_88A4@Sound@@UEAA@XZ,public: virtual __cdecl Sound::Sounder_JU_88A4::~Sounder_JU_88A4(void),method,Sound,Sounder_JU_88A4,~Sounder_JU_88A4,void,False,False,True,False,False,False,True
198,197,0xC5,??1Sounder_J_11A@Sound@@UEAA@XZ,public: virtual __cdecl Sound::Sounder_J_11A::~Sounder_J_11A(void),method,Sound,Sounder_J_11A,~Sounder_J_11A,void,False,False,True,False,False,False,True
199,198,0xC6,??1Sounder_Ju_88@Sound@@UEAA@XZ,public: virtual __cdecl Sound::Sounder_Ju_88::~Sounder_Ju_88(void),method,Sound,Sounder_Ju_88,~Sounder_Ju_88,void,False,False,True,False,False,False,True
200,199,0xC7,??1Sounder_Jumo_213A@Sound@@UEAA@XZ,public: virtual __cdecl Sound::Sounder_Jumo_213A::~Sounder_Jumo_213A(void),method,Sound,Sounder_Jumo_213A,~Sounder_Jumo_213A,void,False,False,True,False,False,False,True
201,200,0xC8,??1Sounder_Ka_50@Sound@@UEAA@XZ,public: virtual __cdecl Sound::Sounder_Ka_50::~Sounder_Ka_50(void),method,Sound,Sounder_Ka_50,~Sounder_Ka_50,void,False,False,True,False,False,False,True
202,201,0xC9,??1Sounder_Ka_50_3@Sound@@UEAA@XZ,public: virtual __cdecl Sound::Sounder_Ka_50_3::~Sounder_Ka_50_3(void),method,Sound,Sounder_Ka_50_3,~Sounder_Ka_50_3,void,False,False,True,False,False,False,True
203,202,0xCA,??1Sounder_Ka_50_Base@Sound@@UEAA@XZ,public: virtual __cdecl Sound::Sounder_Ka_50_Base::~Sounder_Ka_50_Base(void),method,Sound,Sounder_Ka_50_Base,~Sounder_Ka_50_Base,void,False,False,True,False,False,False,True
204,203,0xCB,??1Sounder_L_39@Sound@@UEAA@XZ,public: virtual __cdecl Sound::Sounder_L_39::~Sounder_L_39(void),method,Sound,Sounder_L_39,~Sounder_L_39,void,False,False,True,False,False,False,True
205,204,0xCC,??1Sounder_L_39C@Sound@@UEAA@XZ,public: virtual __cdecl Sound::Sounder_L_39C::~Sounder_L_39C(void),method,Sound,Sounder_L_39C,~Sounder_L_39C,void,False,False,True,False,False,False,True
206,205,0xCD,??1Sounder_L_39ZA@Sound@@UEAA@XZ,public: virtual __cdecl Sound::Sounder_L_39ZA::~Sounder_L_39ZA(void),method,Sound,Sounder_L_39ZA,~Sounder_L_39ZA,void,False,False,True,False,False,False,True
207,206,0xCE,??1Sounder_L_39_MAC@Sound@@UEAA@XZ,public: virtual __cdecl Sound::Sounder_L_39_MAC::~Sounder_L_39_MAC(void),method,Sound,Sounder_L_39_MAC,~Sounder_L_39_MAC,void,False,False,True,False,False,False,True
208,207,0xCF,??1Sounder_M_14@Sound@@UEAA@XZ,public: virtual __cdecl Sound::Sounder_M_14::~Sounder_M_14(void),method,Sound,Sounder_M_14,~Sounder_M_14,void,False,False,True,False,False,False,True
209,208,0xD0,??1Sounder_Merlin25@Sound@@UEAA@XZ,public: virtual __cdecl Sound::Sounder_Merlin25::~Sounder_Merlin25(void),method,Sound,Sounder_Merlin25,~Sounder_Merlin25,void,False,False,True,False,False,False,True
210,209,0xD1,??1Sounder_Merlin66@Sound@@UEAA@XZ,public: virtual __cdecl Sound::Sounder_Merlin66::~Sounder_Merlin66(void),method,Sound,Sounder_Merlin66,~Sounder_Merlin66,void,False,False,True,False,False,False,True
211,210,0xD2,??1Sounder_MiG_15@Sound@@UEAA@XZ,public: virtual __cdecl Sound::Sounder_MiG_15::~Sounder_MiG_15(void),method,Sound,Sounder_MiG_15,~Sounder_MiG_15,void,False,False,True,False,False,False,True
212,211,0xD3,??1Sounder_MiG_15bis@Sound@@UEAA@XZ,public: virtual __cdecl Sound::Sounder_MiG_15bis::~Sounder_MiG_15bis(void),method,Sound,Sounder_MiG_15bis,~Sounder_MiG_15bis,void,False,False,True,False,False,False,True
213,212,0xD4,??1Sounder_MiG_15bis_FC@Sound@@UEAA@XZ,public: virtual __cdecl Sound::Sounder_MiG_15bis_FC::~Sounder_MiG_15bis_FC(void),method,Sound,Sounder_MiG_15bis_FC,~Sounder_MiG_15bis_FC,void,False,False,True,False,False,False,True
214,213,0xD5,??1Sounder_MiG_29@Sound@@UEAA@XZ,public: virtual __cdecl Sound::Sounder_MiG_29::~Sounder_MiG_29(void),method,Sound,Sounder_MiG_29,~Sounder_MiG_29,void,False,False,True,False,False,False,True
215,214,0xD6,??1Sounder_MiG_29C@Sound@@UEAA@XZ,public: virtual __cdecl Sound::Sounder_MiG_29C::~Sounder_MiG_29C(void),method,Sound,Sounder_MiG_29C,~Sounder_MiG_29C,void,False,False,True,False,False,False,True
216,215,0xD7,??1Sounder_MiG_29G@Sound@@UEAA@XZ,public: virtual __cdecl Sound::Sounder_MiG_29G::~Sounder_MiG_29G(void),method,Sound,Sounder_MiG_29G,~Sounder_MiG_29G,void,False,False,True,False,False,False,True
217,216,0xD8,??1Sounder_MiG_29_Fulcrum@Sound@@UEAA@XZ,public: virtual __cdecl Sound::Sounder_MiG_29_Fulcrum::~Sounder_MiG_29_Fulcrum(void),method,Sound,Sounder_MiG_29_Fulcrum,~Sounder_MiG_29_Fulcrum,void,False,False,True,False,False,False,True
218,217,0xD9,??1Sounder_Mi_24P@Sound@@UEAA@XZ,public: virtual __cdecl Sound::Sounder_Mi_24P::~Sounder_Mi_24P(void),method,Sound,Sounder_Mi_24P,~Sounder_Mi_24P,void,False,False,True,False,False,False,True
219,218,0xDA,??1Sounder_Mi_24W@Sound@@UEAA@XZ,public: virtual __cdecl Sound::Sounder_Mi_24W::~Sounder_Mi_24W(void),method,Sound,Sounder_Mi_24W,~Sounder_Mi_24W,void,False,False,True,False,False,False,True
220,219,0xDB,??1Sounder_Mi_8MT@Sound@@UEAA@XZ,public: virtual __cdecl Sound::Sounder_Mi_8MT::~Sounder_Mi_8MT(void),method,Sound,Sounder_Mi_8MT,~Sounder_Mi_8MT,void,False,False,True,False,False,False,True
221,220,0xDC,??1Sounder_Mosquito@Sound@@UEAA@XZ,public: virtual __cdecl Sound::Sounder_Mosquito::~Sounder_Mosquito(void),method,Sound,Sounder_Mosquito,~Sounder_Mosquito,void,False,False,True,False,False,False,True
222,221,0xDD,??1Sounder_MosquitoFBMkVI@Sound@@UEAA@XZ,public: virtual __cdecl Sound::Sounder_MosquitoFBMkVI::~Sounder_MosquitoFBMkVI(void),method,Sound,Sounder_MosquitoFBMkVI,~Sounder_MosquitoFBMkVI,void,False,False,True,False,False,False,True
223,222,0xDE,??1Sounder_OH_58D@Sound@@UEAA@XZ,public: virtual __cdecl Sound::Sounder_OH_58D::~Sounder_OH_58D(void),method,Sound,Sounder_OH_58D,~Sounder_OH_58D,void,False,False,True,False,False,False,True
224,223,0xDF,??1Sounder_OH_58_Base@Sound@@UEAA@XZ,public: virtual __cdecl Sound::Sounder_OH_58_Base::~Sounder_OH_58_Base(void),method,Sound,Sounder_OH_58_Base,~Sounder_OH_58_Base,void,False,False,True,False,False,False,True
225,224,0xE0,??1Sounder_P_47@Sound@@UEAA@XZ,public: virtual __cdecl Sound::Sounder_P_47::~Sounder_P_47(void),method,Sound,Sounder_P_47,~Sounder_P_47,void,False,False,True,False,False,False,True
226,225,0xE1,??1Sounder_P_47D_30@Sound@@UEAA@XZ,public: virtual __cdecl Sound::Sounder_P_47D_30::~Sounder_P_47D_30(void),method,Sound,Sounder_P_47D_30,~Sounder_P_47D_30,void,False,False,True,False,False,False,True
227,226,0xE2,??1Sounder_P_47D_30bl1@Sound@@UEAA@XZ,public: virtual __cdecl Sound::Sounder_P_47D_30bl1::~Sounder_P_47D_30bl1(void),method,Sound,Sounder_P_47D_30bl1,~Sounder_P_47D_30bl1,void,False,False,True,False,False,False,True
228,227,0xE3,??1Sounder_P_47D_40@Sound@@UEAA@XZ,public: virtual __cdecl Sound::Sounder_P_47D_40::~Sounder_P_47D_40(void),method,Sound,Sounder_P_47D_40,~Sounder_P_47D_40,void,False,False,True,False,False,False,True
229,228,0xE4,??1Sounder_P_51@Sound@@UEAA@XZ,public: virtual __cdecl Sound::Sounder_P_51::~Sounder_P_51(void),method,Sound,Sounder_P_51,~Sounder_P_51,void,False,False,True,False,False,False,True
230,229,0xE5,??1Sounder_P_51B@Sound@@UEAA@XZ,public: virtual __cdecl Sound::Sounder_P_51B::~Sounder_P_51B(void),method,Sound,Sounder_P_51B,~Sounder_P_51B,void,False,False,True,False,False,False,True
231,230,0xE6,??1Sounder_P_51D@Sound@@UEAA@XZ,public: virtual __cdecl Sound::Sounder_P_51D::~Sounder_P_51D(void),method,Sound,Sounder_P_51D,~Sounder_P_51D,void,False,False,True,False,False,False,True
232,231,0xE7,??1Sounder_P_51D_30_NA@Sound@@UEAA@XZ,public: virtual __cdecl Sound::Sounder_P_51D_30_NA::~Sounder_P_51D_30_NA(void),method,Sound,Sounder_P_51D_30_NA,~Sounder_P_51D_30_NA,void,False,False,True,False,False,False,True
233,232,0xE8,??1Sounder_PrattWhitneyR2800@Sound@@UEAA@XZ,public: virtual __cdecl Sound::Sounder_PrattWhitneyR2800::~Sounder_PrattWhitneyR2800(void),method,Sound,Sounder_PrattWhitneyR2800,~Sounder_PrattWhitneyR2800,void,False,False,True,False,False,False,True
234,233,0xE9,??1Sounder_RQ_1A_Predator@Sound@@UEAA@XZ,public: virtual __cdecl Sound::Sounder_RQ_1A_Predator::~Sounder_RQ_1A_Predator(void),method,Sound,Sounder_RQ_1A_Predator,~Sounder_RQ_1A_Predator,void,False,False,True,False,False,False,True
235,234,0xEA,??1Sounder_Rotax_914F@Sound@@UEAA@XZ,public: virtual __cdecl Sound::Sounder_Rotax_914F::~Sounder_Rotax_914F(void),method,Sound,Sounder_Rotax_914F,~Sounder_Rotax_914F,void,False,False,True,False,False,False,True
236,235,0xEB,??1Sounder_SA342@Sound@@UEAA@XZ,public: virtual __cdecl Sound::Sounder_SA342::~Sounder_SA342(void),method,Sound,Sounder_SA342,~Sounder_SA342,void,False,False,True,False,False,False,True
237,236,0xEC,??1Sounder_SA342L@Sound@@UEAA@XZ,public: virtual __cdecl Sound::Sounder_SA342L::~Sounder_SA342L(void),method,Sound,Sounder_SA342L,~Sounder_SA342L,void,False,False,True,False,False,False,True
238,237,0xED,??1Sounder_SA342M@Sound@@UEAA@XZ,public: virtual __cdecl Sound::Sounder_SA342M::~Sounder_SA342M(void),method,Sound,Sounder_SA342M,~Sounder_SA342M,void,False,False,True,False,False,False,True
239,238,0xEE,??1Sounder_SA342Minigun@Sound@@UEAA@XZ,public: virtual __cdecl Sound::Sounder_SA342Minigun::~Sounder_SA342Minigun(void),method,Sound,Sounder_SA342Minigun,~Sounder_SA342Minigun,void,False,False,True,False,False,False,True
240,239,0xEF,??1Sounder_SA342Mistral@Sound@@UEAA@XZ,public: virtual __cdecl Sound::Sounder_SA342Mistral::~Sounder_SA342Mistral(void),method,Sound,Sounder_SA342Mistral,~Sounder_SA342Mistral,void,False,False,True,False,False,False,True
241,240,0xF0,??1Sounder_SA_342_Base@Sound@@UEAA@XZ,public: virtual __cdecl Sound::Sounder_SA_342_Base::~Sounder_SA_342_Base(void),method,Sound,Sounder_SA_342_Base,~Sounder_SA_342_Base,void,False,False,True,False,False,False,True
242,241,0xF1,??1Sounder_S_3A_Viking@Sound@@UEAA@XZ,public: virtual __cdecl Sound::Sounder_S_3A_Viking::~Sounder_S_3A_Viking(void),method,Sound,Sounder_S_3A_Viking,~Sounder_S_3A_Viking,void,False,False,True,False,False,False,True
243,242,0xF2,??1Sounder_S_3B@Sound@@UEAA@XZ,public: virtual __cdecl Sound::Sounder_S_3B::~Sounder_S_3B(void),method,Sound,Sounder_S_3B,~Sounder_S_3B,void,False,False,True,False,False,False,True
244,243,0xF3,??1Sounder_S_3B_Tanker@Sound@@UEAA@XZ,public: virtual __cdecl Sound::Sounder_S_3B_Tanker::~Sounder_S_3B_Tanker(void),method,Sound,Sounder_S_3B_Tanker,~Sounder_S_3B_Tanker,void,False,False,True,False,False,False,True
245,244,0xF4,??1Sounder_S_3_Base@Sound@@UEAA@XZ,public: virtual __cdecl Sound::Sounder_S_3_Base::~Sounder_S_3_Base(void),method,Sound,Sounder_S_3_Base,~Sounder_S_3_Base,void,False,False,True,False,False,False,True
246,245,0xF5,??1Sounder_Snecma_M53@Sound@@UEAA@XZ,public: virtual __cdecl Sound::Sounder_Snecma_M53::~Sounder_Snecma_M53(void),method,Sound,Sounder_Snecma_M53,~Sounder_Snecma_M53,void,False,False,True,False,False,False,True
247,246,0xF6,??1Sounder_SpitfireLFMkIX@Sound@@UEAA@XZ,public: virtual __cdecl Sound::Sounder_SpitfireLFMkIX::~Sounder_SpitfireLFMkIX(void),method,Sound,Sounder_SpitfireLFMkIX,~Sounder_SpitfireLFMkIX,void,False,False,True,False,False,False,True
248,247,0xF7,??1Sounder_SpitfireLFMkIXCW@Sound@@UEAA@XZ,public: virtual __cdecl Sound::Sounder_SpitfireLFMkIXCW::~Sounder_SpitfireLFMkIXCW(void),method,Sound,Sounder_SpitfireLFMkIXCW,~Sounder_SpitfireLFMkIXCW,void,False,False,True,False,False,False,True
249,248,0xF8,??1Sounder_Su_25@Sound@@UEAA@XZ,public: virtual __cdecl Sound::Sounder_Su_25::~Sounder_Su_25(void),method,Sound,Sounder_Su_25,~Sounder_Su_25,void,False,False,True,False,False,False,True
250,249,0xF9,??1Sounder_Su_25T@Sound@@UEAA@XZ,public: virtual __cdecl Sound::Sounder_Su_25T::~Sounder_Su_25T(void),method,Sound,Sounder_Su_25T,~Sounder_Su_25T,void,False,False,True,False,False,False,True
251,250,0xFA,??1Sounder_Su_27@Sound@@UEAA@XZ,public: virtual __cdecl Sound::Sounder_Su_27::~Sounder_Su_27(void),method,Sound,Sounder_Su_27,~Sounder_Su_27,void,False,False,True,False,False,False,True
252,251,0xFB,??1Sounder_Su_30@Sound@@UEAA@XZ,public: virtual __cdecl Sound::Sounder_Su_30::~Sounder_Su_30(void),method,Sound,Sounder_Su_30,~Sounder_Su_30,void,False,False,True,False,False,False,True
253,252,0xFC,??1Sounder_Su_33@Sound@@UEAA@XZ,public: virtual __cdecl Sound::Sounder_Su_33::~Sounder_Su_33(void),method,Sound,Sounder_Su_33,~Sounder_Su_33,void,False,False,True,False,False,False,True
254,253,0xFD,??1Sounder_TF34@Sound@@UEAA@XZ,public: virtual __cdecl Sound::Sounder_TF34::~Sounder_TF34(void),method,Sound,Sounder_TF34,~Sounder_TF34,void,False,False,True,False,False,False,True
255,254,0xFE,??1Sounder_TF_51D@Sound@@UEAA@XZ,public: virtual __cdecl Sound::Sounder_TF_51D::~Sounder_TF_51D(void),method,Sound,Sounder_TF_51D,~Sounder_TF_51D,void,False,False,True,False,False,False,True
256,255,0xFF,??1Sounder_UH_1H@Sound@@UEAA@XZ,public: virtual __cdecl Sound::Sounder_UH_1H::~Sounder_UH_1H(void),method,Sound,Sounder_UH_1H,~Sounder_UH_1H,void,False,False,True,False,False,False,True
257,256,0x100,??1Sounder_UH_60_Base@Sound@@UEAA@XZ,public: virtual __cdecl Sound::Sounder_UH_60_Base::~Sounder_UH_60_Base(void),method,Sound,Sounder_UH_60_Base,~Sounder_UH_60_Base,void,False,False,True,False,False,False,True
258,257,0x101,??1Sounder_VK1@Sound@@UEAA@XZ,public: virtual __cdecl Sound::Sounder_VK1::~Sounder_VK1(void),method,Sound,Sounder_VK1,~Sounder_VK1,void,False,False,True,False,False,False,True
259,258,0x102,??1Sounder_VK1_FC@Sound@@UEAA@XZ,public: virtual __cdecl Sound::Sounder_VK1_FC::~Sounder_VK1_FC(void),method,Sound,Sounder_VK1_FC,~Sounder_VK1_FC,void,False,False,True,False,False,False,True
260,259,0x103,??1Sounder_V_1650_7@Sound@@UEAA@XZ,public: virtual __cdecl Sound::Sounder_V_1650_7::~Sounder_V_1650_7(void),method,Sound,Sounder_V_1650_7,~Sounder_V_1650_7,void,False,False,True,False,False,False,True
261,260,0x104,??1Sounder_WrightCyclone_1820_97@Sound@@UEAA@XZ,public: virtual __cdecl Sound::Sounder_WrightCyclone_1820_97::~Sounder_WrightCyclone_1820_97(void),method,Sound,Sounder_WrightCyclone_1820_97,~Sounder_WrightCyclone_1820_97,void,False,False,True,False,False,False,True
262,261,0x105,??1Sounder_Yak_52@Sound@@UEAA@XZ,public: virtual __cdecl Sound::Sounder_Yak_52::~Sounder_Yak_52(void),method,Sound,Sounder_Yak_52,~Sounder_Yak_52,void,False,False,True,False,False,False,True
263,262,0x106,??1Sounder_ah_1w__super_cobra@Sound@@UEAA@XZ,public: virtual __cdecl Sound::Sounder_ah_1w__super_cobra::~Sounder_ah_1w__super_cobra(void),method,Sound,Sounder_ah_1w__super_cobra,~Sounder_ah_1w__super_cobra,void,False,False,True,False,False,False,True
264,263,0x107,??1Sounder_ch_53e_super_stallion@Sound@@UEAA@XZ,public: virtual __cdecl Sound::Sounder_ch_53e_super_stallion::~Sounder_ch_53e_super_stallion(void),method,Sound,Sounder_ch_53e_super_stallion,~Sounder_ch_53e_super_stallion,void,False,False,True,False,False,False,True
265,264,0x108,??1Sounder_sh_60b_sea_hawk@Sound@@UEAA@XZ,public: virtual __cdecl Sound::Sounder_sh_60b_sea_hawk::~Sounder_sh_60b_sea_hawk(void),method,Sound,Sounder_sh_60b_sea_hawk,~Sounder_sh_60b_sea_hawk,void,False,False,True,False,False,False,True
266,265,0x109,??1Sounder_uh_60a_night_hawk@Sound@@UEAA@XZ,public: virtual __cdecl Sound::Sounder_uh_60a_night_hawk::~Sounder_uh_60a_night_hawk(void),method,Sound,Sounder_uh_60a_night_hawk,~Sounder_uh_60a_night_hawk,void,False,False,True,False,False,False,True
267,266,0x10A,??1TurbopropEngineSounder@Sound@@UEAA@XZ,public: virtual __cdecl Sound::TurbopropEngineSounder::~TurbopropEngineSounder(void),method,Sound,TurbopropEngineSounder,~TurbopropEngineSounder,void,False,False,True,False,False,False,True
268,267,0x10B,??1WWIIPlaneSounder@Sound@@UEAA@XZ,public: virtual __cdecl Sound::WWIIPlaneSounder::~WWIIPlaneSounder(void),method,Sound,WWIIPlaneSounder,~WWIIPlaneSounder,void,False,False,True,False,False,False,True
269,268,0x10C,??_7Sounder_AH_1W_Base@Sound@@6B?$FakeUnknown@VIdentifiable@Common@@@Common@@@,const Sound::Sounder_AH_1W_Base::`vftable'{for `Common::FakeUnknown<class Common::Identifiable>'},vftable,,,,,False,False,False,True,False,False,True
270,269,0x10D,??_7Sounder_AH_1W_Base@Sound@@6BShared@ed@@@,const Sound::Sounder_AH_1W_Base::`vftable'{for `ed::Shared'},vftable,,,,,False,False,False,True,False,False,True
271,270,0x10E,??_7Sounder_AH_64D_BLK_II@Sound@@6B?$FakeUnknown@VIdentifiable@Common@@@Common@@@,const Sound::Sounder_AH_64D_BLK_II::`vftable'{for `Common::FakeUnknown<class Common::Identifiable>'},vftable,,,,,False,False,False,True,False,False,True
272,271,0x10F,??_7Sounder_AH_64D_BLK_II@Sound@@6BShared@ed@@@,const Sound::Sounder_AH_64D_BLK_II::`vftable'{for `ed::Shared'},vftable,,,,,False,False,False,True,False,False,True
273,272,0x110,??_7Sounder_AH_64_Base@Sound@@6B?$FakeUnknown@VIdentifiable@Common@@@Common@@@,const Sound::Sounder_AH_64_Base::`vftable'{for `Common::FakeUnknown<class Common::Identifiable>'},vftable,,,,,False,False,False,True,False,False,True
274,273,0x111,??_7Sounder_AH_64_Base@Sound@@6BShared@ed@@@,const Sound::Sounder_AH_64_Base::`vftable'{for `ed::Shared'},vftable,,,,,False,False,False,True,False,False,True
275,274,0x112,??_7Sounder_AI25TL@Sound@@6B?$FakeUnknown@VIdentifiable@Common@@@Common@@@,const Sound::Sounder_AI25TL::`vftable'{for `Common::FakeUnknown<class Common::Identifiable>'},vftable,,,,,False,False,False,True,False,False,True
276,275,0x113,??_7Sounder_AI25TL@Sound@@6BShared@ed@@@,const Sound::Sounder_AI25TL::`vftable'{for `ed::Shared'},vftable,,,,,False,False,False,True,False,False,True
277,276,0x114,??_7Sounder_A_10@Sound@@6B?$FakeUnknown@VIdentifiable@Common@@@Common@@@,const Sound::Sounder_A_10::`vftable'{for `Common::FakeUnknown<class Common::Identifiable>'},vftable,,,,,False,False,False,True,False,False,True
278,277,0x115,??_7Sounder_A_10@Sound@@6BShared@ed@@@,const Sound::Sounder_A_10::`vftable'{for `ed::Shared'},vftable,,,,,False,False,False,True,False,False,True
279,278,0x116,??_7Sounder_A_10A@Sound@@6B?$FakeUnknown@VIdentifiable@Common@@@Common@@@,const Sound::Sounder_A_10A::`vftable'{for `Common::FakeUnknown<class Common::Identifiable>'},vftable,,,,,False,False,False,True,False,False,True
280,279,0x117,??_7Sounder_A_10A@Sound@@6BShared@ed@@@,const Sound::Sounder_A_10A::`vftable'{for `ed::Shared'},vftable,,,,,False,False,False,True,False,False,True
281,280,0x118,??_7Sounder_A_10C@Sound@@6B?$FakeUnknown@VIdentifiable@Common@@@Common@@@,const Sound::Sounder_A_10C::`vftable'{for `Common::FakeUnknown<class Common::Identifiable>'},vftable,,,,,False,False,False,True,False,False,True
282,281,0x119,??_7Sounder_A_10C@Sound@@6BShared@ed@@@,const Sound::Sounder_A_10C::`vftable'{for `ed::Shared'},vftable,,,,,False,False,False,True,False,False,True
283,282,0x11A,??_7Sounder_A_10C_II@Sound@@6B?$FakeUnknown@VIdentifiable@Common@@@Common@@@,const Sound::Sounder_A_10C_II::`vftable'{for `Common::FakeUnknown<class Common::Identifiable>'},vftable,,,,,False,False,False,True,False,False,True
284,283,0x11B,??_7Sounder_A_10C_II@Sound@@6BShared@ed@@@,const Sound::Sounder_A_10C_II::`vftable'{for `ed::Shared'},vftable,,,,,False,False,False,True,False,False,True
285,284,0x11C,??_7Sounder_A_20@Sound@@6B?$FakeUnknown@VIdentifiable@Common@@@Common@@@,const Sound::Sounder_A_20::`vftable'{for `Common::FakeUnknown<class Common::Identifiable>'},vftable,,,,,False,False,False,True,False,False,True
286,285,0x11D,??_7Sounder_A_20@Sound@@6BShared@ed@@@,const Sound::Sounder_A_20::`vftable'{for `ed::Shared'},vftable,,,,,False,False,False,True,False,False,True
287,286,0x11E,??_7Sounder_A_20G@Sound@@6B?$FakeUnknown@VIdentifiable@Common@@@Common@@@,const Sound::Sounder_A_20G::`vftable'{for `Common::FakeUnknown<class Common::Identifiable>'},vftable,,,,,False,False,False,True,False,False,True
288,287,0x11F,??_7Sounder_A_20G@Sound@@6BShared@ed@@@,const Sound::Sounder_A_20G::`vftable'{for `ed::Shared'},vftable,,,,,False,False,False,True,False,False,True
289,288,0x120,??_7Sounder_BMW_801D@Sound@@6B?$FakeUnknown@VIdentifiable@Common@@@Common@@@,const Sound::Sounder_BMW_801D::`vftable'{for `Common::FakeUnknown<class Common::Identifiable>'},vftable,,,,,False,False,False,True,False,False,True
290,289,0x121,??_7Sounder_BMW_801D@Sound@@6BShared@ed@@@,const Sound::Sounder_BMW_801D::`vftable'{for `ed::Shared'},vftable,,,,,False,False,False,True,False,False,True
291,290,0x122,??_7Sounder_B_17@Sound@@6B?$FakeUnknown@VIdentifiable@Common@@@Common@@@,const Sound::Sounder_B_17::`vftable'{for `Common::FakeUnknown<class Common::Identifiable>'},vftable,,,,,False,False,False,True,False,False,True
292,291,0x123,??_7Sounder_B_17@Sound@@6BShared@ed@@@,const Sound::Sounder_B_17::`vftable'{for `ed::Shared'},vftable,,,,,False,False,False,True,False,False,True
293,292,0x124,??_7Sounder_B_17G@Sound@@6B?$FakeUnknown@VIdentifiable@Common@@@Common@@@,const Sound::Sounder_B_17G::`vftable'{for `Common::FakeUnknown<class Common::Identifiable>'},vftable,,,,,False,False,False,True,False,False,True
294,293,0x125,??_7Sounder_B_17G@Sound@@6BShared@ed@@@,const Sound::Sounder_B_17G::`vftable'{for `ed::Shared'},vftable,,,,,False,False,False,True,False,False,True
295,294,0x126,??_7Sounder_B_1B@Sound@@6B?$FakeUnknown@VIdentifiable@Common@@@Common@@@,const Sound::Sounder_B_1B::`vftable'{for `Common::FakeUnknown<class Common::Identifiable>'},vftable,,,,,False,False,False,True,False,False,True
296,295,0x127,??_7Sounder_B_1B@Sound@@6BShared@ed@@@,const Sound::Sounder_B_1B::`vftable'{for `ed::Shared'},vftable,,,,,False,False,False,True,False,False,True
297,296,0x128,??_7Sounder_B_1_Base@Sound@@6B?$FakeUnknown@VIdentifiable@Common@@@Common@@@,const Sound::Sounder_B_1_Base::`vftable'{for `Common::FakeUnknown<class Common::Identifiable>'},vftable,,,,,False,False,False,True,False,False,True
298,297,0x129,??_7Sounder_B_1_Base@Sound@@6BShared@ed@@@,const Sound::Sounder_B_1_Base::`vftable'{for `ed::Shared'},vftable,,,,,False,False,False,True,False,False,True
299,298,0x12A,??_7Sounder_B_52H@Sound@@6B?$FakeUnknown@VIdentifiable@Common@@@Common@@@,const Sound::Sounder_B_52H::`vftable'{for `Common::FakeUnknown<class Common::Identifiable>'},vftable,,,,,False,False,False,True,False,False,True
300,299,0x12B,??_7Sounder_B_52H@Sound@@6BShared@ed@@@,const Sound::Sounder_B_52H::`vftable'{for `ed::Shared'},vftable,,,,,False,False,False,True,False,False,True
301,300,0x12C,??_7Sounder_B_52_Base@Sound@@6B?$FakeUnknown@VIdentifiable@Common@@@Common@@@,const Sound::Sounder_B_52_Base::`vftable'{for `Common::FakeUnknown<class Common::Identifiable>'},vftable,,,,,False,False,False,True,False,False,True
302,301,0x12D,??_7Sounder_B_52_Base@Sound@@6BShared@ed@@@,const Sound::Sounder_B_52_Base::`vftable'{for `ed::Shared'},vftable,,,,,False,False,False,True,False,False,True
303,302,0x12E,??_7Sounder_Bf_109K_4@Sound@@6B?$FakeUnknown@VIdentifiable@Common@@@Common@@@,const Sound::Sounder_Bf_109K_4::`vftable'{for `Common::FakeUnknown<class Common::Identifiable>'},vftable,,,,,False,False,False,True,False,False,True
304,303,0x12F,??_7Sounder_Bf_109K_4@Sound@@6BShared@ed@@@,const Sound::Sounder_Bf_109K_4::`vftable'{for `ed::Shared'},vftable,,,,,False,False,False,True,False,False,True
305,304,0x130,??_7Sounder_CH_47D_CHINOOK@Sound@@6B?$FakeUnknown@VIdentifiable@Common@@@Common@@@,const Sound::Sounder_CH_47D_CHINOOK::`vftable'{for `Common::FakeUnknown<class Common::Identifiable>'},vftable,,,,,False,False,False,True,False,False,True
306,305,0x131,??_7Sounder_CH_47D_CHINOOK@Sound@@6BShared@ed@@@,const Sound::Sounder_CH_47D_CHINOOK::`vftable'{for `ed::Shared'},vftable,,,,,False,False,False,True,False,False,True
307,306,0x132,??_7Sounder_CH_47Fbl1@Sound@@6B?$FakeUnknown@VIdentifiable@Common@@@Common@@@,const Sound::Sounder_CH_47Fbl1::`vftable'{for `Common::FakeUnknown<class Common::Identifiable>'},vftable,,,,,False,False,False,True,False,False,True
308,307,0x133,??_7Sounder_CH_47Fbl1@Sound@@6BShared@ed@@@,const Sound::Sounder_CH_47Fbl1::`vftable'{for `ed::Shared'},vftable,,,,,False,False,False,True,False,False,True
309,308,0x134,??_7Sounder_CH_47_Base@Sound@@6B?$FakeUnknown@VIdentifiable@Common@@@Common@@@,const Sound::Sounder_CH_47_Base::`vftable'{for `Common::FakeUnknown<class Common::Identifiable>'},vftable,,,,,False,False,False,True,False,False,True
310,309,0x135,??_7Sounder_CH_47_Base@Sound@@6BShared@ed@@@,const Sound::Sounder_CH_47_Base::`vftable'{for `ed::Shared'},vftable,,,,,False,False,False,True,False,False,True
311,310,0x136,??_7Sounder_CH_53_Base@Sound@@6B?$FakeUnknown@VIdentifiable@Common@@@Common@@@,const Sound::Sounder_CH_53_Base::`vftable'{for `Common::FakeUnknown<class Common::Identifiable>'},vftable,,,,,False,False,False,True,False,False,True
312,311,0x137,??_7Sounder_CH_53_Base@Sound@@6BShared@ed@@@,const Sound::Sounder_CH_53_Base::`vftable'{for `ed::Shared'},vftable,,,,,False,False,False,True,False,False,True
313,312,0x138,??_7Sounder_C_17A@Sound@@6B?$FakeUnknown@VIdentifiable@Common@@@Common@@@,const Sound::Sounder_C_17A::`vftable'{for `Common::FakeUnknown<class Common::Identifiable>'},vftable,,,,,False,False,False,True,False,False,True
314,313,0x139,??_7Sounder_C_17A@Sound@@6BShared@ed@@@,const Sound::Sounder_C_17A::`vftable'{for `ed::Shared'},vftable,,,,,False,False,False,True,False,False,True
315,314,0x13A,??_7Sounder_C_17_Base@Sound@@6B?$FakeUnknown@VIdentifiable@Common@@@Common@@@,const Sound::Sounder_C_17_Base::`vftable'{for `Common::FakeUnknown<class Common::Identifiable>'},vftable,,,,,False,False,False,True,False,False,True
316,315,0x13B,??_7Sounder_C_17_Base@Sound@@6BShared@ed@@@,const Sound::Sounder_C_17_Base::`vftable'{for `ed::Shared'},vftable,,,,,False,False,False,True,False,False,True
317,316,0x13C,??_7Sounder_C_47@Sound@@6B?$FakeUnknown@VIdentifiable@Common@@@Common@@@,const Sound::Sounder_C_47::`vftable'{for `Common::FakeUnknown<class Common::Identifiable>'},vftable,,,,,False,False,False,True,False,False,True
318,317,0x13D,??_7Sounder_C_47@Sound@@6BShared@ed@@@,const Sound::Sounder_C_47::`vftable'{for `ed::Shared'},vftable,,,,,False,False,False,True,False,False,True
319,318,0x13E,??_7Sounder_C_47_Base@Sound@@6B?$FakeUnknown@VIdentifiable@Common@@@Common@@@,const Sound::Sounder_C_47_Base::`vftable'{for `Common::FakeUnknown<class Common::Identifiable>'},vftable,,,,,False,False,False,True,False,False,True
320,319,0x13F,??_7Sounder_C_47_Base@Sound@@6BShared@ed@@@,const Sound::Sounder_C_47_Base::`vftable'{for `ed::Shared'},vftable,,,,,False,False,False,True,False,False,True
321,320,0x140,??_7Sounder_DB600_Series@Sound@@6B?$FakeUnknown@VIdentifiable@Common@@@Common@@@,const Sound::Sounder_DB600_Series::`vftable'{for `Common::FakeUnknown<class Common::Identifiable>'},vftable,,,,,False,False,False,True,False,False,True
322,321,0x141,??_7Sounder_DB600_Series@Sound@@6BShared@ed@@@,const Sound::Sounder_DB600_Series::`vftable'{for `ed::Shared'},vftable,,,,,False,False,False,True,False,False,True
323,322,0x142,??_7Sounder_E_3A@Sound@@6B?$FakeUnknown@VIdentifiable@Common@@@Common@@@,const Sound::Sounder_E_3A::`vftable'{for `Common::FakeUnknown<class Common::Identifiable>'},vftable,,,,,False,False,False,True,False,False,True
324,323,0x143,??_7Sounder_E_3A@Sound@@6BShared@ed@@@,const Sound::Sounder_E_3A::`vftable'{for `ed::Shared'},vftable,,,,,False,False,False,True,False,False,True
325,324,0x144,??_7Sounder_F110GE129@Sound@@6B?$FakeUnknown@VIdentifiable@Common@@@Common@@@,const Sound::Sounder_F110GE129::`vftable'{for `Common::FakeUnknown<class Common::Identifiable>'},vftable,,,,,False,False,False,True,False,False,True
326,325,0x145,??_7Sounder_F110GE129@Sound@@6BShared@ed@@@,const Sound::Sounder_F110GE129::`vftable'{for `ed::Shared'},vftable,,,,,False,False,False,True,False,False,True
327,326,0x146,??_7Sounder_F404GE@Sound@@6B?$FakeUnknown@VIdentifiable@Common@@@Common@@@,const Sound::Sounder_F404GE::`vftable'{for `Common::FakeUnknown<class Common::Identifiable>'},vftable,,,,,False,False,False,True,False,False,True
328,327,0x147,??_7Sounder_F404GE@Sound@@6BShared@ed@@@,const Sound::Sounder_F404GE::`vftable'{for `ed::Shared'},vftable,,,,,False,False,False,True,False,False,True
329,328,0x148,??_7Sounder_F6F_3@Sound@@6B?$FakeUnknown@VIdentifiable@Common@@@Common@@@,const Sound::Sounder_F6F_3::`vftable'{for `Common::FakeUnknown<class Common::Identifiable>'},vftable,,,,,False,False,False,True,False,False,True
330,329,0x149,??_7Sounder_F6F_3@Sound@@6BShared@ed@@@,const Sound::Sounder_F6F_3::`vftable'{for `ed::Shared'},vftable,,,,,False,False,False,True,False,False,True
331,330,0x14A,??_7Sounder_FA_18@Sound@@6B?$FakeUnknown@VIdentifiable@Common@@@Common@@@,const Sound::Sounder_FA_18::`vftable'{for `Common::FakeUnknown<class Common::Identifiable>'},vftable,,,,,False,False,False,True,False,False,True
332,331,0x14B,??_7Sounder_FA_18@Sound@@6BShared@ed@@@,const Sound::Sounder_FA_18::`vftable'{for `ed::Shared'},vftable,,,,,False,False,False,True,False,False,True
333,332,0x14C,??_7Sounder_FA_18C_hornet@Sound@@6B?$FakeUnknown@VIdentifiable@Common@@@Common@@@,const Sound::Sounder_FA_18C_hornet::`vftable'{for `Common::FakeUnknown<class Common::Identifiable>'},vftable,,,,,False,False,False,True,False,False,True
334,333,0x14D,??_7Sounder_FA_18C_hornet@Sound@@6BShared@ed@@@,const Sound::Sounder_FA_18C_hornet::`vftable'{for `ed::Shared'},vftable,,,,,False,False,False,True,False,False,True
335,334,0x14E,??_7Sounder_FW_190@Sound@@6B?$FakeUnknown@VIdentifiable@Common@@@Common@@@,const Sound::Sounder_FW_190::`vftable'{for `Common::FakeUnknown<class Common::Identifiable>'},vftable,,,,,False,False,False,True,False,False,True
336,335,0x14F,??_7Sounder_FW_190@Sound@@6BShared@ed@@@,const Sound::Sounder_FW_190::`vftable'{for `ed::Shared'},vftable,,,,,False,False,False,True,False,False,True
337,336,0x150,??_7Sounder_FW_190A8@Sound@@6B?$FakeUnknown@VIdentifiable@Common@@@Common@@@,const Sound::Sounder_FW_190A8::`vftable'{for `Common::FakeUnknown<class Common::Identifiable>'},vftable,,,,,False,False,False,True,False,False,True
338,337,0x151,??_7Sounder_FW_190A8@Sound@@6BShared@ed@@@,const Sound::Sounder_FW_190A8::`vftable'{for `ed::Shared'},vftable,,,,,False,False,False,True,False,False,True
339,338,0x152,??_7Sounder_FW_190D9@Sound@@6B?$FakeUnknown@VIdentifiable@Common@@@Common@@@,const Sound::Sounder_FW_190D9::`vftable'{for `Common::FakeUnknown<class Common::Identifiable>'},vftable,,,,,False,False,False,True,False,False,True
340,339,0x153,??_7Sounder_FW_190D9@Sound@@6BShared@ed@@@,const Sound::Sounder_FW_190D9::`vftable'{for `ed::Shared'},vftable,,,,,False,False,False,True,False,False,True
341,340,0x154,??_7Sounder_F_117A@Sound@@6B?$FakeUnknown@VIdentifiable@Common@@@Common@@@,const Sound::Sounder_F_117A::`vftable'{for `Common::FakeUnknown<class Common::Identifiable>'},vftable,,,,,False,False,False,True,False,False,True
342,341,0x155,??_7Sounder_F_117A@Sound@@6BShared@ed@@@,const Sound::Sounder_F_117A::`vftable'{for `ed::Shared'},vftable,,,,,False,False,False,True,False,False,True
343,342,0x156,??_7Sounder_F_117_Base@Sound@@6B?$FakeUnknown@VIdentifiable@Common@@@Common@@@,const Sound::Sounder_F_117_Base::`vftable'{for `Common::FakeUnknown<class Common::Identifiable>'},vftable,,,,,False,False,False,True,False,False,True
344,343,0x157,??_7Sounder_F_117_Base@Sound@@6BShared@ed@@@,const Sound::Sounder_F_117_Base::`vftable'{for `ed::Shared'},vftable,,,,,False,False,False,True,False,False,True
345,344,0x158,??_7Sounder_F_15@Sound@@6B?$FakeUnknown@VIdentifiable@Common@@@Common@@@,const Sound::Sounder_F_15::`vftable'{for `Common::FakeUnknown<class Common::Identifiable>'},vftable,,,,,False,False,False,True,False,False,True
346,345,0x159,??_7Sounder_F_15@Sound@@6BShared@ed@@@,const Sound::Sounder_F_15::`vftable'{for `ed::Shared'},vftable,,,,,False,False,False,True,False,False,True
347,346,0x15A,??_7Sounder_F_15C@Sound@@6B?$FakeUnknown@VIdentifiable@Common@@@Common@@@,const Sound::Sounder_F_15C::`vftable'{for `Common::FakeUnknown<class Common::Identifiable>'},vftable,,,,,False,False,False,True,False,False,True
348,347,0x15B,??_7Sounder_F_15C@Sound@@6BShared@ed@@@,const Sound::Sounder_F_15C::`vftable'{for `ed::Shared'},vftable,,,,,False,False,False,True,False,False,True
349,348,0x15C,??_7Sounder_F_15E@Sound@@6B?$FakeUnknown@VIdentifiable@Common@@@Common@@@,const Sound::Sounder_F_15E::`vftable'{for `Common::FakeUnknown<class Common::Identifiable>'},vftable,,,,,False,False,False,True,False,False,True
350,349,0x15D,??_7Sounder_F_15E@Sound@@6BShared@ed@@@,const Sound::Sounder_F_15E::`vftable'{for `ed::Shared'},vftable,,,,,False,False,False,True,False,False,True
351,350,0x15E,??_7Sounder_F_16@Sound@@6B?$FakeUnknown@VIdentifiable@Common@@@Common@@@,const Sound::Sounder_F_16::`vftable'{for `Common::FakeUnknown<class Common::Identifiable>'},vftable,,,,,False,False,False,True,False,False,True
352,351,0x15F,??_7Sounder_F_16@Sound@@6BShared@ed@@@,const Sound::Sounder_F_16::`vftable'{for `ed::Shared'},vftable,,,,,False,False,False,True,False,False,True
353,352,0x160,??_7Sounder_F_16A@Sound@@6B?$FakeUnknown@VIdentifiable@Common@@@Common@@@,const Sound::Sounder_F_16A::`vftable'{for `Common::FakeUnknown<class Common::Identifiable>'},vftable,,,,,False,False,False,True,False,False,True
354,353,0x161,??_7Sounder_F_16A@Sound@@6BShared@ed@@@,const Sound::Sounder_F_16A::`vftable'{for `ed::Shared'},vftable,,,,,False,False,False,True,False,False,True
355,354,0x162,??_7Sounder_F_16C@Sound@@6B?$FakeUnknown@VIdentifiable@Common@@@Common@@@,const Sound::Sounder_F_16C::`vftable'{for `Common::FakeUnknown<class Common::Identifiable>'},vftable,,,,,False,False,False,True,False,False,True
356,355,0x163,??_7Sounder_F_16C@Sound@@6BShared@ed@@@,const Sound::Sounder_F_16C::`vftable'{for `ed::Shared'},vftable,,,,,False,False,False,True,False,False,True
357,356,0x164,??_7Sounder_F_16C_50@Sound@@6B?$FakeUnknown@VIdentifiable@Common@@@Common@@@,const Sound::Sounder_F_16C_50::`vftable'{for `Common::FakeUnknown<class Common::Identifiable>'},vftable,,,,,False,False,False,True,False,False,True
358,357,0x165,??_7Sounder_F_16C_50@Sound@@6BShared@ed@@@,const Sound::Sounder_F_16C_50::`vftable'{for `ed::Shared'},vftable,,,,,False,False,False,True,False,False,True
359,358,0x166,??_7Sounder_F_18A@Sound@@6B?$FakeUnknown@VIdentifiable@Common@@@Common@@@,const Sound::Sounder_F_18A::`vftable'{for `Common::FakeUnknown<class Common::Identifiable>'},vftable,,,,,False,False,False,True,False,False,True
360,359,0x167,??_7Sounder_F_18A@Sound@@6BShared@ed@@@,const Sound::Sounder_F_18A::`vftable'{for `ed::Shared'},vftable,,,,,False,False,False,True,False,False,True
361,360,0x168,??_7Sounder_F_18C@Sound@@6B?$FakeUnknown@VIdentifiable@Common@@@Common@@@,const Sound::Sounder_F_18C::`vftable'{for `Common::FakeUnknown<class Common::Identifiable>'},vftable,,,,,False,False,False,True,False,False,True
362,361,0x169,??_7Sounder_F_18C@Sound@@6BShared@ed@@@,const Sound::Sounder_F_18C::`vftable'{for `ed::Shared'},vftable,,,,,False,False,False,True,False,False,True
363,362,0x16A,??_7Sounder_F_5@Sound@@6B?$FakeUnknown@VIdentifiable@Common@@@Common@@@,const Sound::Sounder_F_5::`vftable'{for `Common::FakeUnknown<class Common::Identifiable>'},vftable,,,,,False,False,False,True,False,False,True
364,363,0x16B,??_7Sounder_F_5@Sound@@6BShared@ed@@@,const Sound::Sounder_F_5::`vftable'{for `ed::Shared'},vftable,,,,,False,False,False,True,False,False,True
365,364,0x16C,??_7Sounder_F_5E@Sound@@6B?$FakeUnknown@VIdentifiable@Common@@@Common@@@,const Sound::Sounder_F_5E::`vftable'{for `Common::FakeUnknown<class Common::Identifiable>'},vftable,,,,,False,False,False,True,False,False,True
366,365,0x16D,??_7Sounder_F_5E@Sound@@6BShared@ed@@@,const Sound::Sounder_F_5E::`vftable'{for `ed::Shared'},vftable,,,,,False,False,False,True,False,False,True
367,366,0x16E,??_7Sounder_F_5E_3@Sound@@6B?$FakeUnknown@VIdentifiable@Common@@@Common@@@,const Sound::Sounder_F_5E_3::`vftable'{for `Common::FakeUnknown<class Common::Identifiable>'},vftable,,,,,False,False,False,True,False,False,True
368,367,0x16F,??_7Sounder_F_5E_3@Sound@@6BShared@ed@@@,const Sound::Sounder_F_5E_3::`vftable'{for `ed::Shared'},vftable,,,,,False,False,False,True,False,False,True
369,368,0x170,??_7Sounder_F_5E_3_FC@Sound@@6B?$FakeUnknown@VIdentifiable@Common@@@Common@@@,const Sound::Sounder_F_5E_3_FC::`vftable'{for `Common::FakeUnknown<class Common::Identifiable>'},vftable,,,,,False,False,False,True,False,False,True
370,369,0x171,??_7Sounder_F_5E_3_FC@Sound@@6BShared@ed@@@,const Sound::Sounder_F_5E_3_FC::`vftable'{for `ed::Shared'},vftable,,,,,False,False,False,True,False,False,True
371,370,0x172,??_7Sounder_F_86@Sound@@6B?$FakeUnknown@VIdentifiable@Common@@@Common@@@,const Sound::Sounder_F_86::`vftable'{for `Common::FakeUnknown<class Common::Identifiable>'},vftable,,,,,False,False,False,True,False,False,True
372,371,0x173,??_7Sounder_F_86@Sound@@6BShared@ed@@@,const Sound::Sounder_F_86::`vftable'{for `ed::Shared'},vftable,,,,,False,False,False,True,False,False,True
373,372,0x174,??_7Sounder_F_86F_FC@Sound@@6B?$FakeUnknown@VIdentifiable@Common@@@Common@@@,const Sound::Sounder_F_86F_FC::`vftable'{for `Common::FakeUnknown<class Common::Identifiable>'},vftable,,,,,False,False,False,True,False,False,True
374,373,0x175,??_7Sounder_F_86F_FC@Sound@@6BShared@ed@@@,const Sound::Sounder_F_86F_FC::`vftable'{for `ed::Shared'},vftable,,,,,False,False,False,True,False,False,True
375,374,0x176,??_7Sounder_F_86F_Sabre@Sound@@6B?$FakeUnknown@VIdentifiable@Common@@@Common@@@,const Sound::Sounder_F_86F_Sabre::`vftable'{for `Common::FakeUnknown<class Common::Identifiable>'},vftable,,,,,False,False,False,True,False,False,True
376,375,0x177,??_7Sounder_F_86F_Sabre@Sound@@6BShared@ed@@@,const Sound::Sounder_F_86F_Sabre::`vftable'{for `ed::Shared'},vftable,,,,,False,False,False,True,False,False,True
377,376,0x178,??_7Sounder_J47GE27@Sound@@6B?$FakeUnknown@VIdentifiable@Common@@@Common@@@,const Sound::Sounder_J47GE27::`vftable'{for `Common::FakeUnknown<class Common::Identifiable>'},vftable,,,,,False,False,False,True,False,False,True
378,377,0x179,??_7Sounder_J47GE27@Sound@@6BShared@ed@@@,const Sound::Sounder_J47GE27::`vftable'{for `ed::Shared'},vftable,,,,,False,False,False,True,False,False,True
379,378,0x17A,??_7Sounder_J47GE27_FC@Sound@@6B?$FakeUnknown@VIdentifiable@Common@@@Common@@@,const Sound::Sounder_J47GE27_FC::`vftable'{for `Common::FakeUnknown<class Common::Identifiable>'},vftable,,,,,False,False,False,True,False,False,True
380,379,0x17B,??_7Sounder_J47GE27_FC@Sound@@6BShared@ed@@@,const Sound::Sounder_J47GE27_FC::`vftable'{for `ed::Shared'},vftable,,,,,False,False,False,True,False,False,True
381,380,0x17C,??_7Sounder_J85GE21@Sound@@6B?$FakeUnknown@VIdentifiable@Common@@@Common@@@,const Sound::Sounder_J85GE21::`vftable'{for `Common::FakeUnknown<class Common::Identifiable>'},vftable,,,,,False,False,False,True,False,False,True
382,381,0x17D,??_7Sounder_J85GE21@Sound@@6BShared@ed@@@,const Sound::Sounder_J85GE21::`vftable'{for `ed::Shared'},vftable,,,,,False,False,False,True,False,False,True
383,382,0x17E,??_7Sounder_J85GE21_FC@Sound@@6B?$FakeUnknown@VIdentifiable@Common@@@Common@@@,const Sound::Sounder_J85GE21_FC::`vftable'{for `Common::FakeUnknown<class Common::Identifiable>'},vftable,,,,,False,False,False,True,False,False,True
384,383,0x17F,??_7Sounder_J85GE21_FC@Sound@@6BShared@ed@@@,const Sound::Sounder_J85GE21_FC::`vftable'{for `ed::Shared'},vftable,,,,,False,False,False,True,False,False,True
385,384,0x180,??_7Sounder_JU_88A4@Sound@@6B?$FakeUnknown@VIdentifiable@Common@@@Common@@@,const Sound::Sounder_JU_88A4::`vftable'{for `Common::FakeUnknown<class Common::Identifiable>'},vftable,,,,,False,False,False,True,False,False,True
386,385,0x181,??_7Sounder_JU_88A4@Sound@@6BShared@ed@@@,const Sound::Sounder_JU_88A4::`vftable'{for `ed::Shared'},vftable,,,,,False,False,False,True,False,False,True
387,386,0x182,??_7Sounder_J_11A@Sound@@6B?$FakeUnknown@VIdentifiable@Common@@@Common@@@,const Sound::Sounder_J_11A::`vftable'{for `Common::FakeUnknown<class Common::Identifiable>'},vftable,,,,,False,False,False,True,False,False,True
388,387,0x183,??_7Sounder_J_11A@Sound@@6BShared@ed@@@,const Sound::Sounder_J_11A::`vftable'{for `ed::Shared'},vftable,,,,,False,False,False,True,False,False,True
389,388,0x184,??_7Sounder_Ju_88@Sound@@6B?$FakeUnknown@VIdentifiable@Common@@@Common@@@,const Sound::Sounder_Ju_88::`vftable'{for `Common::FakeUnknown<class Common::Identifiable>'},vftable,,,,,False,False,False,True,False,False,True
390,389,0x185,??_7Sounder_Ju_88@Sound@@6BShared@ed@@@,const Sound::Sounder_Ju_88::`vftable'{for `ed::Shared'},vftable,,,,,False,False,False,True,False,False,True
391,390,0x186,??_7Sounder_Jumo_213A@Sound@@6B?$FakeUnknown@VIdentifiable@Common@@@Common@@@,const Sound::Sounder_Jumo_213A::`vftable'{for `Common::FakeUnknown<class Common::Identifiable>'},vftable,,,,,False,False,False,True,False,False,True
392,391,0x187,??_7Sounder_Jumo_213A@Sound@@6BShared@ed@@@,const Sound::Sounder_Jumo_213A::`vftable'{for `ed::Shared'},vftable,,,,,False,False,False,True,False,False,True
393,392,0x188,??_7Sounder_Ka_50@Sound@@6B?$FakeUnknown@VIdentifiable@Common@@@Common@@@,const Sound::Sounder_Ka_50::`vftable'{for `Common::FakeUnknown<class Common::Identifiable>'},vftable,,,,,False,False,False,True,False,False,True
394,393,0x189,??_7Sounder_Ka_50@Sound@@6BShared@ed@@@,const Sound::Sounder_Ka_50::`vftable'{for `ed::Shared'},vftable,,,,,False,False,False,True,False,False,True
395,394,0x18A,??_7Sounder_Ka_50_3@Sound@@6B?$FakeUnknown@VIdentifiable@Common@@@Common@@@,const Sound::Sounder_Ka_50_3::`vftable'{for `Common::FakeUnknown<class Common::Identifiable>'},vftable,,,,,False,False,False,True,False,False,True
396,395,0x18B,??_7Sounder_Ka_50_3@Sound@@6BShared@ed@@@,const Sound::Sounder_Ka_50_3::`vftable'{for `ed::Shared'},vftable,,,,,False,False,False,True,False,False,True
397,396,0x18C,??_7Sounder_Ka_50_Base@Sound@@6B?$FakeUnknown@VIdentifiable@Common@@@Common@@@,const Sound::Sounder_Ka_50_Base::`vftable'{for `Common::FakeUnknown<class Common::Identifiable>'},vftable,,,,,False,False,False,True,False,False,True
398,397,0x18D,??_7Sounder_Ka_50_Base@Sound@@6BShared@ed@@@,const Sound::Sounder_Ka_50_Base::`vftable'{for `ed::Shared'},vftable,,,,,False,False,False,True,False,False,True
399,398,0x18E,??_7Sounder_L_39@Sound@@6B?$FakeUnknown@VIdentifiable@Common@@@Common@@@,const Sound::Sounder_L_39::`vftable'{for `Common::FakeUnknown<class Common::Identifiable>'},vftable,,,,,False,False,False,True,False,False,True
400,399,0x18F,??_7Sounder_L_39@Sound@@6BShared@ed@@@,const Sound::Sounder_L_39::`vftable'{for `ed::Shared'},vftable,,,,,False,False,False,True,False,False,True
401,400,0x190,??_7Sounder_L_39C@Sound@@6B?$FakeUnknown@VIdentifiable@Common@@@Common@@@,const Sound::Sounder_L_39C::`vftable'{for `Common::FakeUnknown<class Common::Identifiable>'},vftable,,,,,False,False,False,True,False,False,True
402,401,0x191,??_7Sounder_L_39C@Sound@@6BShared@ed@@@,const Sound::Sounder_L_39C::`vftable'{for `ed::Shared'},vftable,,,,,False,False,False,True,False,False,True
403,402,0x192,??_7Sounder_L_39ZA@Sound@@6B?$FakeUnknown@VIdentifiable@Common@@@Common@@@,const Sound::Sounder_L_39ZA::`vftable'{for `Common::FakeUnknown<class Common::Identifiable>'},vftable,,,,,False,False,False,True,False,False,True
404,403,0x193,??_7Sounder_L_39ZA@Sound@@6BShared@ed@@@,const Sound::Sounder_L_39ZA::`vftable'{for `ed::Shared'},vftable,,,,,False,False,False,True,False,False,True
405,404,0x194,??_7Sounder_L_39_MAC@Sound@@6B?$FakeUnknown@VIdentifiable@Common@@@Common@@@,const Sound::Sounder_L_39_MAC::`vftable'{for `Common::FakeUnknown<class Common::Identifiable>'},vftable,,,,,False,False,False,True,False,False,True
406,405,0x195,??_7Sounder_L_39_MAC@Sound@@6BShared@ed@@@,const Sound::Sounder_L_39_MAC::`vftable'{for `ed::Shared'},vftable,,,,,False,False,False,True,False,False,True
407,406,0x196,??_7Sounder_M_14@Sound@@6B?$FakeUnknown@VIdentifiable@Common@@@Common@@@,const Sound::Sounder_M_14::`vftable'{for `Common::FakeUnknown<class Common::Identifiable>'},vftable,,,,,False,False,False,True,False,False,True
408,407,0x197,??_7Sounder_M_14@Sound@@6BShared@ed@@@,const Sound::Sounder_M_14::`vftable'{for `ed::Shared'},vftable,,,,,False,False,False,True,False,False,True
409,408,0x198,??_7Sounder_Merlin25@Sound@@6B?$FakeUnknown@VIdentifiable@Common@@@Common@@@,const Sound::Sounder_Merlin25::`vftable'{for `Common::FakeUnknown<class Common::Identifiable>'},vftable,,,,,False,False,False,True,False,False,True
410,409,0x199,??_7Sounder_Merlin25@Sound@@6BShared@ed@@@,const Sound::Sounder_Merlin25::`vftable'{for `ed::Shared'},vftable,,,,,False,False,False,True,False,False,True
411,410,0x19A,??_7Sounder_Merlin66@Sound@@6B?$FakeUnknown@VIdentifiable@Common@@@Common@@@,const Sound::Sounder_Merlin66::`vftable'{for `Common::FakeUnknown<class Common::Identifiable>'},vftable,,,,,False,False,False,True,False,False,True
412,411,0x19B,??_7Sounder_Merlin66@Sound@@6BShared@ed@@@,const Sound::Sounder_Merlin66::`vftable'{for `ed::Shared'},vftable,,,,,False,False,False,True,False,False,True
413,412,0x19C,??_7Sounder_MiG_15@Sound@@6B?$FakeUnknown@VIdentifiable@Common@@@Common@@@,const Sound::Sounder_MiG_15::`vftable'{for `Common::FakeUnknown<class Common::Identifiable>'},vftable,,,,,False,False,False,True,False,False,True
414,413,0x19D,??_7Sounder_MiG_15@Sound@@6BShared@ed@@@,const Sound::Sounder_MiG_15::`vftable'{for `ed::Shared'},vftable,,,,,False,False,False,True,False,False,True
415,414,0x19E,??_7Sounder_MiG_15bis@Sound@@6B?$FakeUnknown@VIdentifiable@Common@@@Common@@@,const Sound::Sounder_MiG_15bis::`vftable'{for `Common::FakeUnknown<class Common::Identifiable>'},vftable,,,,,False,False,False,True,False,False,True
416,415,0x19F,??_7Sounder_MiG_15bis@Sound@@6BShared@ed@@@,const Sound::Sounder_MiG_15bis::`vftable'{for `ed::Shared'},vftable,,,,,False,False,False,True,False,False,True
417,416,0x1A0,??_7Sounder_MiG_15bis_FC@Sound@@6B?$FakeUnknown@VIdentifiable@Common@@@Common@@@,const Sound::Sounder_MiG_15bis_FC::`vftable'{for `Common::FakeUnknown<class Common::Identifiable>'},vftable,,,,,False,False,False,True,False,False,True
418,417,0x1A1,??_7Sounder_MiG_15bis_FC@Sound@@6BShared@ed@@@,const Sound::Sounder_MiG_15bis_FC::`vftable'{for `ed::Shared'},vftable,,,,,False,False,False,True,False,False,True
419,418,0x1A2,??_7Sounder_MiG_29@Sound@@6B?$FakeUnknown@VIdentifiable@Common@@@Common@@@,const Sound::Sounder_MiG_29::`vftable'{for `Common::FakeUnknown<class Common::Identifiable>'},vftable,,,,,False,False,False,True,False,False,True
420,419,0x1A3,??_7Sounder_MiG_29@Sound@@6BShared@ed@@@,const Sound::Sounder_MiG_29::`vftable'{for `ed::Shared'},vftable,,,,,False,False,False,True,False,False,True
421,420,0x1A4,??_7Sounder_MiG_29C@Sound@@6B?$FakeUnknown@VIdentifiable@Common@@@Common@@@,const Sound::Sounder_MiG_29C::`vftable'{for `Common::FakeUnknown<class Common::Identifiable>'},vftable,,,,,False,False,False,True,False,False,True
422,421,0x1A5,??_7Sounder_MiG_29C@Sound@@6BShared@ed@@@,const Sound::Sounder_MiG_29C::`vftable'{for `ed::Shared'},vftable,,,,,False,False,False,True,False,False,True
423,422,0x1A6,??_7Sounder_MiG_29G@Sound@@6B?$FakeUnknown@VIdentifiable@Common@@@Common@@@,const Sound::Sounder_MiG_29G::`vftable'{for `Common::FakeUnknown<class Common::Identifiable>'},vftable,,,,,False,False,False,True,False,False,True
424,423,0x1A7,??_7Sounder_MiG_29G@Sound@@6BShared@ed@@@,const Sound::Sounder_MiG_29G::`vftable'{for `ed::Shared'},vftable,,,,,False,False,False,True,False,False,True
425,424,0x1A8,??_7Sounder_MiG_29_Fulcrum@Sound@@6B?$FakeUnknown@VIdentifiable@Common@@@Common@@@,const Sound::Sounder_MiG_29_Fulcrum::`vftable'{for `Common::FakeUnknown<class Common::Identifiable>'},vftable,,,,,False,False,False,True,False,False,True
426,425,0x1A9,??_7Sounder_MiG_29_Fulcrum@Sound@@6BShared@ed@@@,const Sound::Sounder_MiG_29_Fulcrum::`vftable'{for `ed::Shared'},vftable,,,,,False,False,False,True,False,False,True
427,426,0x1AA,??_7Sounder_Mi_24P@Sound@@6B?$FakeUnknown@VIdentifiable@Common@@@Common@@@,const Sound::Sounder_Mi_24P::`vftable'{for `Common::FakeUnknown<class Common::Identifiable>'},vftable,,,,,False,False,False,True,False,False,True
428,427,0x1AB,??_7Sounder_Mi_24P@Sound@@6BShared@ed@@@,const Sound::Sounder_Mi_24P::`vftable'{for `ed::Shared'},vftable,,,,,False,False,False,True,False,False,True
429,428,0x1AC,??_7Sounder_Mi_24W@Sound@@6B?$FakeUnknown@VIdentifiable@Common@@@Common@@@,const Sound::Sounder_Mi_24W::`vftable'{for `Common::FakeUnknown<class Common::Identifiable>'},vftable,,,,,False,False,False,True,False,False,True
430,429,0x1AD,??_7Sounder_Mi_24W@Sound@@6BShared@ed@@@,const Sound::Sounder_Mi_24W::`vftable'{for `ed::Shared'},vftable,,,,,False,False,False,True,False,False,True
431,430,0x1AE,??_7Sounder_Mi_8MT@Sound@@6B?$FakeUnknown@VIdentifiable@Common@@@Common@@@,const Sound::Sounder_Mi_8MT::`vftable'{for `Common::FakeUnknown<class Common::Identifiable>'},vftable,,,,,False,False,False,True,False,False,True
432,431,0x1AF,??_7Sounder_Mi_8MT@Sound@@6BShared@ed@@@,const Sound::Sounder_Mi_8MT::`vftable'{for `ed::Shared'},vftable,,,,,False,False,False,True,False,False,True
433,432,0x1B0,??_7Sounder_Mosquito@Sound@@6B?$FakeUnknown@VIdentifiable@Common@@@Common@@@,const Sound::Sounder_Mosquito::`vftable'{for `Common::FakeUnknown<class Common::Identifiable>'},vftable,,,,,False,False,False,True,False,False,True
434,433,0x1B1,??_7Sounder_Mosquito@Sound@@6BShared@ed@@@,const Sound::Sounder_Mosquito::`vftable'{for `ed::Shared'},vftable,,,,,False,False,False,True,False,False,True
435,434,0x1B2,??_7Sounder_MosquitoFBMkVI@Sound@@6B?$FakeUnknown@VIdentifiable@Common@@@Common@@@,const Sound::Sounder_MosquitoFBMkVI::`vftable'{for `Common::FakeUnknown<class Common::Identifiable>'},vftable,,,,,False,False,False,True,False,False,True
436,435,0x1B3,??_7Sounder_MosquitoFBMkVI@Sound@@6BShared@ed@@@,const Sound::Sounder_MosquitoFBMkVI::`vftable'{for `ed::Shared'},vftable,,,,,False,False,False,True,False,False,True
437,436,0x1B4,??_7Sounder_OH_58D@Sound@@6B?$FakeUnknown@VIdentifiable@Common@@@Common@@@,const Sound::Sounder_OH_58D::`vftable'{for `Common::FakeUnknown<class Common::Identifiable>'},vftable,,,,,False,False,False,True,False,False,True
438,437,0x1B5,??_7Sounder_OH_58D@Sound@@6BShared@ed@@@,const Sound::Sounder_OH_58D::`vftable'{for `ed::Shared'},vftable,,,,,False,False,False,True,False,False,True
439,438,0x1B6,??_7Sounder_OH_58_Base@Sound@@6B?$FakeUnknown@VIdentifiable@Common@@@Common@@@,const Sound::Sounder_OH_58_Base::`vftable'{for `Common::FakeUnknown<class Common::Identifiable>'},vftable,,,,,False,False,False,True,False,False,True
440,439,0x1B7,??_7Sounder_OH_58_Base@Sound@@6BShared@ed@@@,const Sound::Sounder_OH_58_Base::`vftable'{for `ed::Shared'},vftable,,,,,False,False,False,True,False,False,True
441,440,0x1B8,??_7Sounder_P_47@Sound@@6B?$FakeUnknown@VIdentifiable@Common@@@Common@@@,const Sound::Sounder_P_47::`vftable'{for `Common::FakeUnknown<class Common::Identifiable>'},vftable,,,,,False,False,False,True,False,False,True
442,441,0x1B9,??_7Sounder_P_47@Sound@@6BShared@ed@@@,const Sound::Sounder_P_47::`vftable'{for `ed::Shared'},vftable,,,,,False,False,False,True,False,False,True
443,442,0x1BA,??_7Sounder_P_47D_30@Sound@@6B?$FakeUnknown@VIdentifiable@Common@@@Common@@@,const Sound::Sounder_P_47D_30::`vftable'{for `Common::FakeUnknown<class Common::Identifiable>'},vftable,,,,,False,False,False,True,False,False,True
444,443,0x1BB,??_7Sounder_P_47D_30@Sound@@6BShared@ed@@@,const Sound::Sounder_P_47D_30::`vftable'{for `ed::Shared'},vftable,,,,,False,False,False,True,False,False,True
445,444,0x1BC,??_7Sounder_P_47D_30bl1@Sound@@6B?$FakeUnknown@VIdentifiable@Common@@@Common@@@,const Sound::Sounder_P_47D_30bl1::`vftable'{for `Common::FakeUnknown<class Common::Identifiable>'},vftable,,,,,False,False,False,True,False,False,True
446,445,0x1BD,??_7Sounder_P_47D_30bl1@Sound@@6BShared@ed@@@,const Sound::Sounder_P_47D_30bl1::`vftable'{for `ed::Shared'},vftable,,,,,False,False,False,True,False,False,True
447,446,0x1BE,??_7Sounder_P_47D_40@Sound@@6B?$FakeUnknown@VIdentifiable@Common@@@Common@@@,const Sound::Sounder_P_47D_40::`vftable'{for `Common::FakeUnknown<class Common::Identifiable>'},vftable,,,,,False,False,False,True,False,False,True
448,447,0x1BF,??_7Sounder_P_47D_40@Sound@@6BShared@ed@@@,const Sound::Sounder_P_47D_40::`vftable'{for `ed::Shared'},vftable,,,,,False,False,False,True,False,False,True
449,448,0x1C0,??_7Sounder_P_51@Sound@@6B?$FakeUnknown@VIdentifiable@Common@@@Common@@@,const Sound::Sounder_P_51::`vftable'{for `Common::FakeUnknown<class Common::Identifiable>'},vftable,,,,,False,False,False,True,False,False,True
450,449,0x1C1,??_7Sounder_P_51@Sound@@6BShared@ed@@@,const Sound::Sounder_P_51::`vftable'{for `ed::Shared'},vftable,,,,,False,False,False,True,False,False,True
451,450,0x1C2,??_7Sounder_P_51B@Sound@@6B?$FakeUnknown@VIdentifiable@Common@@@Common@@@,const Sound::Sounder_P_51B::`vftable'{for `Common::FakeUnknown<class Common::Identifiable>'},vftable,,,,,False,False,False,True,False,False,True
452,451,0x1C3,??_7Sounder_P_51B@Sound@@6BShared@ed@@@,const Sound::Sounder_P_51B::`vftable'{for `ed::Shared'},vftable,,,,,False,False,False,True,False,False,True
453,452,0x1C4,??_7Sounder_P_51D@Sound@@6B?$FakeUnknown@VIdentifiable@Common@@@Common@@@,const Sound::Sounder_P_51D::`vftable'{for `Common::FakeUnknown<class Common::Identifiable>'},vftable,,,,,False,False,False,True,False,False,True
454,453,0x1C5,??_7Sounder_P_51D@Sound@@6BShared@ed@@@,const Sound::Sounder_P_51D::`vftable'{for `ed::Shared'},vftable,,,,,False,False,False,True,False,False,True
455,454,0x1C6,??_7Sounder_P_51D_30_NA@Sound@@6B?$FakeUnknown@VIdentifiable@Common@@@Common@@@,const Sound::Sounder_P_51D_30_NA::`vftable'{for `Common::FakeUnknown<class Common::Identifiable>'},vftable,,,,,False,False,False,True,False,False,True
456,455,0x1C7,??_7Sounder_P_51D_30_NA@Sound@@6BShared@ed@@@,const Sound::Sounder_P_51D_30_NA::`vftable'{for `ed::Shared'},vftable,,,,,False,False,False,True,False,False,True
457,456,0x1C8,??_7Sounder_PrattWhitneyR2800@Sound@@6B?$FakeUnknown@VIdentifiable@Common@@@Common@@@,const Sound::Sounder_PrattWhitneyR2800::`vftable'{for `Common::FakeUnknown<class Common::Identifiable>'},vftable,,,,,False,False,False,True,False,False,True
458,457,0x1C9,??_7Sounder_PrattWhitneyR2800@Sound@@6BShared@ed@@@,const Sound::Sounder_PrattWhitneyR2800::`vftable'{for `ed::Shared'},vftable,,,,,False,False,False,True,False,False,True
459,458,0x1CA,??_7Sounder_RQ_1A_Predator@Sound@@6B?$FakeUnknown@VIdentifiable@Common@@@Common@@@,const Sound::Sounder_RQ_1A_Predator::`vftable'{for `Common::FakeUnknown<class Common::Identifiable>'},vftable,,,,,False,False,False,True,False,False,True
460,459,0x1CB,??_7Sounder_RQ_1A_Predator@Sound@@6BShared@ed@@@,const Sound::Sounder_RQ_1A_Predator::`vftable'{for `ed::Shared'},vftable,,,,,False,False,False,True,False,False,True
461,460,0x1CC,??_7Sounder_Rotax_914F@Sound@@6B?$FakeUnknown@VIdentifiable@Common@@@Common@@@,const Sound::Sounder_Rotax_914F::`vftable'{for `Common::FakeUnknown<class Common::Identifiable>'},vftable,,,,,False,False,False,True,False,False,True
462,461,0x1CD,??_7Sounder_Rotax_914F@Sound@@6BShared@ed@@@,const Sound::Sounder_Rotax_914F::`vftable'{for `ed::Shared'},vftable,,,,,False,False,False,True,False,False,True
463,462,0x1CE,??_7Sounder_SA342@Sound@@6B?$FakeUnknown@VIdentifiable@Common@@@Common@@@,const Sound::Sounder_SA342::`vftable'{for `Common::FakeUnknown<class Common::Identifiable>'},vftable,,,,,False,False,False,True,False,False,True
464,463,0x1CF,??_7Sounder_SA342@Sound@@6BShared@ed@@@,const Sound::Sounder_SA342::`vftable'{for `ed::Shared'},vftable,,,,,False,False,False,True,False,False,True
465,464,0x1D0,??_7Sounder_SA342L@Sound@@6B?$FakeUnknown@VIdentifiable@Common@@@Common@@@,const Sound::Sounder_SA342L::`vftable'{for `Common::FakeUnknown<class Common::Identifiable>'},vftable,,,,,False,False,False,True,False,False,True
466,465,0x1D1,??_7Sounder_SA342L@Sound@@6BShared@ed@@@,const Sound::Sounder_SA342L::`vftable'{for `ed::Shared'},vftable,,,,,False,False,False,True,False,False,True
467,466,0x1D2,??_7Sounder_SA342M@Sound@@6B?$FakeUnknown@VIdentifiable@Common@@@Common@@@,const Sound::Sounder_SA342M::`vftable'{for `Common::FakeUnknown<class Common::Identifiable>'},vftable,,,,,False,False,False,True,False,False,True
468,467,0x1D3,??_7Sounder_SA342M@Sound@@6BShared@ed@@@,const Sound::Sounder_SA342M::`vftable'{for `ed::Shared'},vftable,,,,,False,False,False,True,False,False,True
469,468,0x1D4,??_7Sounder_SA342Minigun@Sound@@6B?$FakeUnknown@VIdentifiable@Common@@@Common@@@,const Sound::Sounder_SA342Minigun::`vftable'{for `Common::FakeUnknown<class Common::Identifiable>'},vftable,,,,,False,False,False,True,False,False,True
470,469,0x1D5,??_7Sounder_SA342Minigun@Sound@@6BShared@ed@@@,const Sound::Sounder_SA342Minigun::`vftable'{for `ed::Shared'},vftable,,,,,False,False,False,True,False,False,True
471,470,0x1D6,??_7Sounder_SA342Mistral@Sound@@6B?$FakeUnknown@VIdentifiable@Common@@@Common@@@,const Sound::Sounder_SA342Mistral::`vftable'{for `Common::FakeUnknown<class Common::Identifiable>'},vftable,,,,,False,False,False,True,False,False,True
472,471,0x1D7,??_7Sounder_SA342Mistral@Sound@@6BShared@ed@@@,const Sound::Sounder_SA342Mistral::`vftable'{for `ed::Shared'},vftable,,,,,False,False,False,True,False,False,True
473,472,0x1D8,??_7Sounder_SA_342_Base@Sound@@6B?$FakeUnknown@VIdentifiable@Common@@@Common@@@,const Sound::Sounder_SA_342_Base::`vftable'{for `Common::FakeUnknown<class Common::Identifiable>'},vftable,,,,,False,False,False,True,False,False,True
474,473,0x1D9,??_7Sounder_SA_342_Base@Sound@@6BShared@ed@@@,const Sound::Sounder_SA_342_Base::`vftable'{for `ed::Shared'},vftable,,,,,False,False,False,True,False,False,True
475,474,0x1DA,??_7Sounder_S_3A_Viking@Sound@@6B?$FakeUnknown@VIdentifiable@Common@@@Common@@@,const Sound::Sounder_S_3A_Viking::`vftable'{for `Common::FakeUnknown<class Common::Identifiable>'},vftable,,,,,False,False,False,True,False,False,True
476,475,0x1DB,??_7Sounder_S_3A_Viking@Sound@@6BShared@ed@@@,const Sound::Sounder_S_3A_Viking::`vftable'{for `ed::Shared'},vftable,,,,,False,False,False,True,False,False,True
477,476,0x1DC,??_7Sounder_S_3B@Sound@@6B?$FakeUnknown@VIdentifiable@Common@@@Common@@@,const Sound::Sounder_S_3B::`vftable'{for `Common::FakeUnknown<class Common::Identifiable>'},vftable,,,,,False,False,False,True,False,False,True
478,477,0x1DD,??_7Sounder_S_3B@Sound@@6BShared@ed@@@,const Sound::Sounder_S_3B::`vftable'{for `ed::Shared'},vftable,,,,,False,False,False,True,False,False,True
479,478,0x1DE,??_7Sounder_S_3B_Tanker@Sound@@6B?$FakeUnknown@VIdentifiable@Common@@@Common@@@,const Sound::Sounder_S_3B_Tanker::`vftable'{for `Common::FakeUnknown<class Common::Identifiable>'},vftable,,,,,False,False,False,True,False,False,True
480,479,0x1DF,??_7Sounder_S_3B_Tanker@Sound@@6BShared@ed@@@,const Sound::Sounder_S_3B_Tanker::`vftable'{for `ed::Shared'},vftable,,,,,False,False,False,True,False,False,True
481,480,0x1E0,??_7Sounder_S_3_Base@Sound@@6B?$FakeUnknown@VIdentifiable@Common@@@Common@@@,const Sound::Sounder_S_3_Base::`vftable'{for `Common::FakeUnknown<class Common::Identifiable>'},vftable,,,,,False,False,False,True,False,False,True
482,481,0x1E1,??_7Sounder_S_3_Base@Sound@@6BShared@ed@@@,const Sound::Sounder_S_3_Base::`vftable'{for `ed::Shared'},vftable,,,,,False,False,False,True,False,False,True
483,482,0x1E2,??_7Sounder_Snecma_M53@Sound@@6B?$FakeUnknown@VIdentifiable@Common@@@Common@@@,const Sound::Sounder_Snecma_M53::`vftable'{for `Common::FakeUnknown<class Common::Identifiable>'},vftable,,,,,False,False,False,True,False,False,True
484,483,0x1E3,??_7Sounder_Snecma_M53@Sound@@6BShared@ed@@@,const Sound::Sounder_Snecma_M53::`vftable'{for `ed::Shared'},vftable,,,,,False,False,False,True,False,False,True
485,484,0x1E4,??_7Sounder_SpitfireLFMkIX@Sound@@6B?$FakeUnknown@VIdentifiable@Common@@@Common@@@,const Sound::Sounder_SpitfireLFMkIX::`vftable'{for `Common::FakeUnknown<class Common::Identifiable>'},vftable,,,,,False,False,False,True,False,False,True
486,485,0x1E5,??_7Sounder_SpitfireLFMkIX@Sound@@6BShared@ed@@@,const Sound::Sounder_SpitfireLFMkIX::`vftable'{for `ed::Shared'},vftable,,,,,False,False,False,True,False,False,True
487,486,0x1E6,??_7Sounder_SpitfireLFMkIXCW@Sound@@6B?$FakeUnknown@VIdentifiable@Common@@@Common@@@,const Sound::Sounder_SpitfireLFMkIXCW::`vftable'{for `Common::FakeUnknown<class Common::Identifiable>'},vftable,,,,,False,False,False,True,False,False,True
488,487,0x1E7,??_7Sounder_SpitfireLFMkIXCW@Sound@@6BShared@ed@@@,const Sound::Sounder_SpitfireLFMkIXCW::`vftable'{for `ed::Shared'},vftable,,,,,False,False,False,True,False,False,True
489,488,0x1E8,??_7Sounder_Su_25@Sound@@6B?$FakeUnknown@VIdentifiable@Common@@@Common@@@,const Sound::Sounder_Su_25::`vftable'{for `Common::FakeUnknown<class Common::Identifiable>'},vftable,,,,,False,False,False,True,False,False,True
490,489,0x1E9,??_7Sounder_Su_25@Sound@@6BShared@ed@@@,const Sound::Sounder_Su_25::`vftable'{for `ed::Shared'},vftable,,,,,False,False,False,True,False,False,True
491,490,0x1EA,??_7Sounder_Su_25T@Sound@@6B?$FakeUnknown@VIdentifiable@Common@@@Common@@@,const Sound::Sounder_Su_25T::`vftable'{for `Common::FakeUnknown<class Common::Identifiable>'},vftable,,,,,False,False,False,True,False,False,True
492,491,0x1EB,??_7Sounder_Su_25T@Sound@@6BShared@ed@@@,const Sound::Sounder_Su_25T::`vftable'{for `ed::Shared'},vftable,,,,,False,False,False,True,False,False,True
493,492,0x1EC,??_7Sounder_Su_27@Sound@@6B?$FakeUnknown@VIdentifiable@Common@@@Common@@@,const Sound::Sounder_Su_27::`vftable'{for `Common::FakeUnknown<class Common::Identifiable>'},vftable,,,,,False,False,False,True,False,False,True
494,493,0x1ED,??_7Sounder_Su_27@Sound@@6BShared@ed@@@,const Sound::Sounder_Su_27::`vftable'{for `ed::Shared'},vftable,,,,,False,False,False,True,False,False,True
495,494,0x1EE,??_7Sounder_Su_30@Sound@@6B?$FakeUnknown@VIdentifiable@Common@@@Common@@@,const Sound::Sounder_Su_30::`vftable'{for `Common::FakeUnknown<class Common::Identifiable>'},vftable,,,,,False,False,False,True,False,False,True
496,495,0x1EF,??_7Sounder_Su_30@Sound@@6BShared@ed@@@,const Sound::Sounder_Su_30::`vftable'{for `ed::Shared'},vftable,,,,,False,False,False,True,False,False,True
497,496,0x1F0,??_7Sounder_Su_33@Sound@@6B?$FakeUnknown@VIdentifiable@Common@@@Common@@@,const Sound::Sounder_Su_33::`vftable'{for `Common::FakeUnknown<class Common::Identifiable>'},vftable,,,,,False,False,False,True,False,False,True
498,497,0x1F1,??_7Sounder_Su_33@Sound@@6BShared@ed@@@,const Sound::Sounder_Su_33::`vftable'{for `ed::Shared'},vftable,,,,,False,False,False,True,False,False,True
499,498,0x1F2,??_7Sounder_TF34@Sound@@6B?$FakeUnknown@VIdentifiable@Common@@@Common@@@,const Sound::Sounder_TF34::`vftable'{for `Common::FakeUnknown<class Common::Identifiable>'},vftable,,,,,False,False,False,True,False,False,True
500,499,0x1F3,??_7Sounder_TF34@Sound@@6BShared@ed@@@,const Sound::Sounder_TF34::`vftable'{for `ed::Shared'},vftable,,,,,False,False,False,True,False,False,True
501,500,0x1F4,??_7Sounder_TF_51D@Sound@@6B?$FakeUnknown@VIdentifiable@Common@@@Common@@@,const Sound::Sounder_TF_51D::`vftable'{for `Common::FakeUnknown<class Common::Identifiable>'},vftable,,,,,False,False,False,True,False,False,True
502,501,0x1F5,??_7Sounder_TF_51D@Sound@@6BShared@ed@@@,const Sound::Sounder_TF_51D::`vftable'{for `ed::Shared'},vftable,,,,,False,False,False,True,False,False,True
503,502,0x1F6,??_7Sounder_UH_1H@Sound@@6B?$FakeUnknown@VIdentifiable@Common@@@Common@@@,const Sound::Sounder_UH_1H::`vftable'{for `Common::FakeUnknown<class Common::Identifiable>'},vftable,,,,,False,False,False,True,False,False,True
504,503,0x1F7,??_7Sounder_UH_1H@Sound@@6BShared@ed@@@,const Sound::Sounder_UH_1H::`vftable'{for `ed::Shared'},vftable,,,,,False,False,False,True,False,False,True
505,504,0x1F8,??_7Sounder_UH_60_Base@Sound@@6B?$FakeUnknown@VIdentifiable@Common@@@Common@@@,const Sound::Sounder_UH_60_Base::`vftable'{for `Common::FakeUnknown<class Common::Identifiable>'},vftable,,,,,False,False,False,True,False,False,True
506,505,0x1F9,??_7Sounder_UH_60_Base@Sound@@6BShared@ed@@@,const Sound::Sounder_UH_60_Base::`vftable'{for `ed::Shared'},vftable,,,,,False,False,False,True,False,False,True
507,506,0x1FA,??_7Sounder_VK1@Sound@@6B?$FakeUnknown@VIdentifiable@Common@@@Common@@@,const Sound::Sounder_VK1::`vftable'{for `Common::FakeUnknown<class Common::Identifiable>'},vftable,,,,,False,False,False,True,False,False,True
508,507,0x1FB,??_7Sounder_VK1@Sound@@6BShared@ed@@@,const Sound::Sounder_VK1::`vftable'{for `ed::Shared'},vftable,,,,,False,False,False,True,False,False,True
509,508,0x1FC,??_7Sounder_VK1_FC@Sound@@6B?$FakeUnknown@VIdentifiable@Common@@@Common@@@,const Sound::Sounder_VK1_FC::`vftable'{for `Common::FakeUnknown<class Common::Identifiable>'},vftable,,,,,False,False,False,True,False,False,True
510,509,0x1FD,??_7Sounder_VK1_FC@Sound@@6BShared@ed@@@,const Sound::Sounder_VK1_FC::`vftable'{for `ed::Shared'},vftable,,,,,False,False,False,True,False,False,True
511,510,0x1FE,??_7Sounder_V_1650_7@Sound@@6B?$FakeUnknown@VIdentifiable@Common@@@Common@@@,const Sound::Sounder_V_1650_7::`vftable'{for `Common::FakeUnknown<class Common::Identifiable>'},vftable,,,,,False,False,False,True,False,False,True
512,511,0x1FF,??_7Sounder_V_1650_7@Sound@@6BShared@ed@@@,const Sound::Sounder_V_1650_7::`vftable'{for `ed::Shared'},vftable,,,,,False,False,False,True,False,False,True
513,512,0x200,??_7Sounder_WrightCyclone_1820_97@Sound@@6B?$FakeUnknown@VIdentifiable@Common@@@Common@@@,const Sound::Sounder_WrightCyclone_1820_97::`vftable'{for `Common::FakeUnknown<class Common::Identifiable>'},vftable,,,,,False,False,False,True,False,False,True
514,513,0x201,??_7Sounder_WrightCyclone_1820_97@Sound@@6BShared@ed@@@,const Sound::Sounder_WrightCyclone_1820_97::`vftable'{for `ed::Shared'},vftable,,,,,False,False,False,True,False,False,True
515,514,0x202,??_7Sounder_Yak_52@Sound@@6B?$FakeUnknown@VIdentifiable@Common@@@Common@@@,const Sound::Sounder_Yak_52::`vftable'{for `Common::FakeUnknown<class Common::Identifiable>'},vftable,,,,,False,False,False,True,False,False,True
516,515,0x203,??_7Sounder_Yak_52@Sound@@6BShared@ed@@@,const Sound::Sounder_Yak_52::`vftable'{for `ed::Shared'},vftable,,,,,False,False,False,True,False,False,True
517,516,0x204,??_7Sounder_ah_1w__super_cobra@Sound@@6B?$FakeUnknown@VIdentifiable@Common@@@Common@@@,const Sound::Sounder_ah_1w__super_cobra::`vftable'{for `Common::FakeUnknown<class Common::Identifiable>'},vftable,,,,,False,False,False,True,False,False,True
518,517,0x205,??_7Sounder_ah_1w__super_cobra@Sound@@6BShared@ed@@@,const Sound::Sounder_ah_1w__super_cobra::`vftable'{for `ed::Shared'},vftable,,,,,False,False,False,True,False,False,True
519,518,0x206,??_7Sounder_ch_53e_super_stallion@Sound@@6B?$FakeUnknown@VIdentifiable@Common@@@Common@@@,const Sound::Sounder_ch_53e_super_stallion::`vftable'{for `Common::FakeUnknown<class Common::Identifiable>'},vftable,,,,,False,False,False,True,False,False,True
520,519,0x207,??_7Sounder_ch_53e_super_stallion@Sound@@6BShared@ed@@@,const Sound::Sounder_ch_53e_super_stallion::`vftable'{for `ed::Shared'},vftable,,,,,False,False,False,True,False,False,True
521,520,0x208,??_7Sounder_sh_60b_sea_hawk@Sound@@6B?$FakeUnknown@VIdentifiable@Common@@@Common@@@,const Sound::Sounder_sh_60b_sea_hawk::`vftable'{for `Common::FakeUnknown<class Common::Identifiable>'},vftable,,,,,False,False,False,True,False,False,True
522,521,0x209,??_7Sounder_sh_60b_sea_hawk@Sound@@6BShared@ed@@@,const Sound::Sounder_sh_60b_sea_hawk::`vftable'{for `ed::Shared'},vftable,,,,,False,False,False,True,False,False,True
523,522,0x20A,??_7Sounder_uh_60a_night_hawk@Sound@@6B?$FakeUnknown@VIdentifiable@Common@@@Common@@@,const Sound::Sounder_uh_60a_night_hawk::`vftable'{for `Common::FakeUnknown<class Common::Identifiable>'},vftable,,,,,False,False,False,True,False,False,True
524,523,0x20B,??_7Sounder_uh_60a_night_hawk@Sound@@6BShared@ed@@@,const Sound::Sounder_uh_60a_night_hawk::`vftable'{for `ed::Shared'},vftable,,,,,False,False,False,True,False,False,True
525,524,0x20C,??_7WWIIPlaneSounder@Sound@@6B?$FakeUnknown@VIdentifiable@Common@@@Common@@@,const Sound::WWIIPlaneSounder::`vftable'{for `Common::FakeUnknown<class Common::Identifiable>'},vftable,,,,,False,False,False,True,False,False,True
526,525,0x20D,??_7WWIIPlaneSounder@Sound@@6BShared@ed@@@,const Sound::WWIIPlaneSounder::`vftable'{for `ed::Shared'},vftable,,,,,False,False,False,True,False,False,True
527,526,0x20E,??_FSounder_Jumo_213A@Sound@@QEAAXXZ,public: void __cdecl Sound::Sounder_Jumo_213A::`default ctor closure'(void),function,,,closure',void,False,False,False,False,False,False,True
528,527,0x20F,??_FSounder_Merlin25@Sound@@QEAAXXZ,public: void __cdecl Sound::Sounder_Merlin25::`default ctor closure'(void),function,,,closure',void,False,False,False,False,False,False,True
529,528,0x210,??_FSounder_WrightCyclone_1820_97@Sound@@QEAAXXZ,public: void __cdecl Sound::Sounder_WrightCyclone_1820_97::`default ctor closure'(void),function,,,closure',void,False,False,False,False,False,False,True
530,529,0x211,?CPT_SRC_EXTRA_COUNT@Sounder_MiG_29_Fulcrum@Sound@@1_KB,protected: static unsigned __int64 const Sound::Sounder_MiG_29_Fulcrum::CPT_SRC_EXTRA_COUNT,symbol,,,,,False,False,False,False,False,False,True
531,530,0x212,?Empty@AircraftSounder@Sound@@SAPEAV12@XZ,public: static class Sound::AircraftSounder * __cdecl Sound::AircraftSounder::Empty(void),method,Sound,AircraftSounder,Empty,void,False,True,False,False,False,False,True
532,531,0x213,?New@AircraftSounder@Sound@@SAPEAV12@PEBUAircraft_Descriptor@@@Z,public: static class Sound::AircraftSounder * __cdecl Sound::AircraftSounder::New(struct Aircraft_Descriptor const *),method,Sound,AircraftSounder,New,struct Aircraft_Descriptor const *,False,True,False,False,False,False,True
533,532,0x214,?clearCockpit@AircraftSounder@Sound@@UEAAXXZ,public: virtual void __cdecl Sound::AircraftSounder::clearCockpit(void),method,Sound,AircraftSounder,clearCockpit,void,False,False,True,False,False,False,True
534,533,0x215,?clearCockpit@EngineSounder@Sound@@UEAAXXZ,public: virtual void __cdecl Sound::EngineSounder::clearCockpit(void),method,Sound,EngineSounder,clearCockpit,void,False,False,True,False,False,False,True
535,534,0x216,?clearCockpit@HelicopterSounder@Sound@@MEAAXXZ,protected: virtual void __cdecl Sound::HelicopterSounder::clearCockpit(void),method,Sound,HelicopterSounder,clearCockpit,void,False,False,True,False,False,False,True
536,535,0x217,?clearCockpit@JetEngineSounder@Sound@@UEAAXXZ,public: virtual void __cdecl Sound::JetEngineSounder::clearCockpit(void),method,Sound,JetEngineSounder,clearCockpit,void,False,False,True,False,False,False,True
537,536,0x218,?clearCockpit@PistonEngineSounder@Sound@@UEAAXXZ,public: virtual void __cdecl Sound::PistonEngineSounder::clearCockpit(void),method,Sound,PistonEngineSounder,clearCockpit,void,False,False,True,False,False,False,True
538,537,0x219,?clearCockpit@PlaneSounder@Sound@@MEAAXXZ,protected: virtual void __cdecl Sound::PlaneSounder::clearCockpit(void),method,Sound,PlaneSounder,clearCockpit,void,False,False,True,False,False,False,True
539,538,0x21A,?clearCockpit@TurbopropEngineSounder@Sound@@UEAAXXZ,public: virtual void __cdecl Sound::TurbopropEngineSounder::clearCockpit(void),method,Sound,TurbopropEngineSounder,clearCockpit,void,False,False,True,False,False,False,True
540,539,0x21B,?clearCockpit@WWIIPlaneSounder@Sound@@MEAAXXZ,protected: virtual void __cdecl Sound::WWIIPlaneSounder::clearCockpit(void),method,Sound,WWIIPlaneSounder,clearCockpit,void,False,False,True,False,False,False,True
541,540,0x21C,?createControlsThuds@AircraftSounder@Sound@@IEAAXXZ,protected: void __cdecl Sound::AircraftSounder::createControlsThuds(void),method,Sound,AircraftSounder,createControlsThuds,void,False,False,False,False,False,False,True
542,541,0x21D,?createEngineSounder@Sounder_F_5@Sound@@MEAAXXZ,protected: virtual void __cdecl Sound::Sounder_F_5::createEngineSounder(void),method,Sound,Sounder_F_5,createEngineSounder,void,False,False,True,False,False,False,True
543,542,0x21E,?createEngineSounder@Sounder_F_5E_3_FC@Sound@@EEAAXXZ,private: virtual void __cdecl Sound::Sounder_F_5E_3_FC::createEngineSounder(void),method,Sound,Sounder_F_5E_3_FC,createEngineSounder,void,False,False,True,False,False,False,True
544,543,0x21F,?createEngineSounder@Sounder_F_86@Sound@@MEAAXXZ,protected: virtual void __cdecl Sound::Sounder_F_86::createEngineSounder(void),method,Sound,Sounder_F_86,createEngineSounder,void,False,False,True,False,False,False,True
545,544,0x220,?createEngineSounder@Sounder_F_86F_FC@Sound@@EEAAXXZ,private: virtual void __cdecl Sound::Sounder_F_86F_FC::createEngineSounder(void),method,Sound,Sounder_F_86F_FC,createEngineSounder,void,False,False,True,False,False,False,True
546,545,0x221,?createEngineSounder@Sounder_MiG_15@Sound@@MEAAXXZ,protected: virtual void __cdecl Sound::Sounder_MiG_15::createEngineSounder(void),method,Sound,Sounder_MiG_15,createEngineSounder,void,False,False,True,False,False,False,True
547,546,0x222,?createEngineSounder@Sounder_MiG_15bis_FC@Sound@@MEAAXXZ,protected: virtual void __cdecl Sound::Sounder_MiG_15bis_FC::createEngineSounder(void),method,Sound,Sounder_MiG_15bis_FC,createEngineSounder,void,False,False,True,False,False,False,True
548,547,0x223,?createHelmAirRush@AircraftSounder@Sound@@IEAAXXZ,protected: void __cdecl Sound::AircraftSounder::createHelmAirRush(void),method,Sound,AircraftSounder,createHelmAirRush,void,False,False,False,False,False,False,True
549,548,0x224,?createPneumoWheelBrakes@AircraftSounder@Sound@@IEAAXXZ,protected: void __cdecl Sound::AircraftSounder::createPneumoWheelBrakes(void),method,Sound,AircraftSounder,createPneumoWheelBrakes,void,False,False,False,False,False,False,True
550,549,0x225,?createSource@AircraftSounder@Sound@@IEAAXAEAVLoopingSource@2@PEAVHost@2@PEBD22@Z,"protected: void __cdecl Sound::AircraftSounder::createSource(class Sound::LoopingSource &, class Sound::Host *, char const *, char const *, char const *)",method,Sound,AircraftSounder,createSource,"class Sound::LoopingSource &, class Sound::Host *, char const *, char const *, char const *",False,False,False,False,False,False,True
551,550,0x226,?createSource@AircraftSounder@Sound@@IEAAXAEAVLoopingSource@2@PEBD11@Z,"protected: void __cdecl Sound::AircraftSounder::createSource(class Sound::LoopingSource &, char const *, char const *, char const *)",method,Sound,AircraftSounder,createSource,"class Sound::LoopingSource &, char const *, char const *, char const *",False,False,False,False,False,False,True
552,551,0x227,?createSource@AircraftSounder@Sound@@IEAAXAEAVSource@2@PEAVHost@2@PEBD_NPEAUSND_SourceParams@@@Z,"protected: void __cdecl Sound::AircraftSounder::createSource(class Sound::Source &, class Sound::Host *, char const *, bool, struct SND_SourceParams *)",method,Sound,AircraftSounder,createSource,"class Sound::Source &, class Sound::Host *, char const *, bool, struct SND_SourceParams *",False,False,False,False,False,False,True
553,552,0x228,?createSource@AircraftSounder@Sound@@IEAAXAEAVSource@2@PEBD_NPEAUSND_SourceParams@@@Z,"protected: void __cdecl Sound::AircraftSounder::createSource(class Sound::Source &, char const *, bool, struct SND_SourceParams *)",method,Sound,AircraftSounder,createSource,"class Sound::Source &, char const *, bool, struct SND_SourceParams *",False,False,False,False,False,False,True
554,553,0x229,?createSource@EngineSounder@Sound@@MEAAXAEAVLoopingSource@2@PEAVHost@2@PEBD22@Z,"protected: virtual void __cdecl Sound::EngineSounder::createSource(class Sound::LoopingSource &, class Sound::Host *, char const *, char const *, char const *)",method,Sound,EngineSounder,createSource,"class Sound::LoopingSource &, class Sound::Host *, char const *, char const *, char const *",False,False,True,False,False,False,True
555,554,0x22A,?createSource@EngineSounder@Sound@@MEAAXAEAVSource@2@PEAVHost@2@PEBD@Z,"protected: virtual void __cdecl Sound::EngineSounder::createSource(class Sound::Source &, class Sound::Host *, char const *)",method,Sound,EngineSounder,createSource,"class Sound::Source &, class Sound::Host *, char const *",False,False,True,False,False,False,True
556,555,0x22B,?createSource@PistonEngineSounder@Sound@@MEAAXAEAVLoopingSource@2@PEAVHost@2@PEBD22@Z,"protected: virtual void __cdecl Sound::PistonEngineSounder::createSource(class Sound::LoopingSource &, class Sound::Host *, char const *, char const *, char const *)",method,Sound,PistonEngineSounder,createSource,"class Sound::LoopingSource &, class Sound::Host *, char const *, char const *, char const *",False,False,True,False,False,False,True
557,556,0x22C,?createSource@PistonEngineSounder@Sound@@MEAAXAEAVSource@2@PEAVHost@2@PEBD@Z,"protected: virtual void __cdecl Sound::PistonEngineSounder::createSource(class Sound::Source &, class Sound::Host *, char const *)",method,Sound,PistonEngineSounder,createSource,"class Sound::Source &, class Sound::Host *, char const *",False,False,True,False,False,False,True
558,557,0x22D,?createSource@SimplifiedPistonEngineSounder@Sound@@MEAAXAEAVLoopingSource@2@PEAVHost@2@PEBD22@Z,"protected: virtual void __cdecl Sound::SimplifiedPistonEngineSounder::createSource(class Sound::LoopingSource &, class Sound::Host *, char const *, char const *, char const *)",method,Sound,SimplifiedPistonEngineSounder,createSource,"class Sound::LoopingSource &, class Sound::Host *, char const *, char const *, char const *",False,False,True,False,False,False,True
559,558,0x22E,?createSource@SimplifiedPistonEngineSounder@Sound@@MEAAXAEAVSource@2@PEAVHost@2@PEBD@Z,"protected: virtual void __cdecl Sound::SimplifiedPistonEngineSounder::createSource(class Sound::Source &, class Sound::Host *, char const *)",method,Sound,SimplifiedPistonEngineSounder,createSource,"class Sound::Source &, class Sound::Host *, char const *",False,False,True,False,False,False,True
560,559,0x22F,?createWheelBrakeHisses@WWIIPlaneSounder@Sound@@QEAAXXZ,public: void __cdecl Sound::WWIIPlaneSounder::createWheelBrakeHisses(void),method,Sound,WWIIPlaneSounder,createWheelBrakeHisses,void,False,False,False,False,False,False,True
561,560,0x230,?doCalculateAirmassParameters@PlaneSounder@Sound@@UEAAXMMPEAM00@Z,"public: virtual void __cdecl Sound::PlaneSounder::doCalculateAirmassParameters(float, float, float *, float *, float *)",method,Sound,PlaneSounder,doCalculateAirmassParameters,"float, float, float *, float *, float *",False,False,True,False,False,False,True
562,561,0x231,?doCalculateAirmassParameters@Sounder_A_10@Sound@@UEAAXMMPEAM00@Z,"public: virtual void __cdecl Sound::Sounder_A_10::doCalculateAirmassParameters(float, float, float *, float *, float *)",method,Sound,Sounder_A_10,doCalculateAirmassParameters,"float, float, float *, float *, float *",False,False,True,False,False,False,True
563,562,0x232,?doCalculateAirmassParameters@Sounder_B_1_Base@Sound@@UEAAXMMPEAM00@Z,"public: virtual void __cdecl Sound::Sounder_B_1_Base::doCalculateAirmassParameters(float, float, float *, float *, float *)",method,Sound,Sounder_B_1_Base,doCalculateAirmassParameters,"float, float, float *, float *, float *",False,False,True,False,False,False,True
564,563,0x233,?doCalculateAirmassParameters@Sounder_B_52_Base@Sound@@UEAAXMMPEAM00@Z,"public: virtual void __cdecl Sound::Sounder_B_52_Base::doCalculateAirmassParameters(float, float, float *, float *, float *)",method,Sound,Sounder_B_52_Base,doCalculateAirmassParameters,"float, float, float *, float *, float *",False,False,True,False,False,False,True
565,564,0x234,?doCalculateAirmassParameters@Sounder_C_17_Base@Sound@@UEAAXMMPEAM00@Z,"public: virtual void __cdecl Sound::Sounder_C_17_Base::doCalculateAirmassParameters(float, float, float *, float *, float *)",method,Sound,Sounder_C_17_Base,doCalculateAirmassParameters,"float, float, float *, float *, float *",False,False,True,False,False,False,True
566,565,0x235,?doCalculateAirmassParameters@Sounder_C_47_Base@Sound@@UEAAXMMPEAM00@Z,"public: virtual void __cdecl Sound::Sounder_C_47_Base::doCalculateAirmassParameters(float, float, float *, float *, float *)",method,Sound,Sounder_C_47_Base,doCalculateAirmassParameters,"float, float, float *, float *, float *",False,False,True,False,False,False,True
567,566,0x236,?doCalculateAirmassParameters@Sounder_F6F_3@Sound@@MEAAXMMPEAM00@Z,"protected: virtual void __cdecl Sound::Sounder_F6F_3::doCalculateAirmassParameters(float, float, float *, float *, float *)",method,Sound,Sounder_F6F_3,doCalculateAirmassParameters,"float, float, float *, float *, float *",False,False,True,False,False,False,True
568,567,0x237,?doCalculateAirmassParameters@Sounder_FA_18@Sound@@MEAAXMMPEAM00@Z,"protected: virtual void __cdecl Sound::Sounder_FA_18::doCalculateAirmassParameters(float, float, float *, float *, float *)",method,Sound,Sounder_FA_18,doCalculateAirmassParameters,"float, float, float *, float *, float *",False,False,True,False,False,False,True
569,568,0x238,?doCalculateAirmassParameters@Sounder_FW_190A8@Sound@@MEAAXMMPEAM00@Z,"protected: virtual void __cdecl Sound::Sounder_FW_190A8::doCalculateAirmassParameters(float, float, float *, float *, float *)",method,Sound,Sounder_FW_190A8,doCalculateAirmassParameters,"float, float, float *, float *, float *",False,False,True,False,False,False,True
570,569,0x239,?doCalculateAirmassParameters@Sounder_FW_190D9@Sound@@MEAAXMMPEAM00@Z,"protected: virtual void __cdecl Sound::Sounder_FW_190D9::doCalculateAirmassParameters(float, float, float *, float *, float *)",method,Sound,Sounder_FW_190D9,doCalculateAirmassParameters,"float, float, float *, float *, float *",False,False,True,False,False,False,True
571,570,0x23A,?doCalculateAirmassParameters@Sounder_F_117_Base@Sound@@UEAAXMMPEAM00@Z,"public: virtual void __cdecl Sound::Sounder_F_117_Base::doCalculateAirmassParameters(float, float, float *, float *, float *)",method,Sound,Sounder_F_117_Base,doCalculateAirmassParameters,"float, float, float *, float *, float *",False,False,True,False,False,False,True
572,571,0x23B,?doCalculateAirmassParameters@Sounder_F_16@Sound@@MEAAXMMPEAM00@Z,"protected: virtual void __cdecl Sound::Sounder_F_16::doCalculateAirmassParameters(float, float, float *, float *, float *)",method,Sound,Sounder_F_16,doCalculateAirmassParameters,"float, float, float *, float *, float *",False,False,True,False,False,False,True
573,572,0x23C,?doCalculateAirmassParameters@Sounder_F_5@Sound@@MEAAXMMPEAM00@Z,"protected: virtual void __cdecl Sound::Sounder_F_5::doCalculateAirmassParameters(float, float, float *, float *, float *)",method,Sound,Sounder_F_5,doCalculateAirmassParameters,"float, float, float *, float *, float *",False,False,True,False,False,False,True
574,573,0x23D,?doCalculateAirmassParameters@Sounder_F_86@Sound@@MEAAXMMPEAM00@Z,"protected: virtual void __cdecl Sound::Sounder_F_86::doCalculateAirmassParameters(float, float, float *, float *, float *)",method,Sound,Sounder_F_86,doCalculateAirmassParameters,"float, float, float *, float *, float *",False,False,True,False,False,False,True
575,574,0x23E,?doCalculateAirmassParameters@Sounder_L_39@Sound@@UEAAXMMPEAM00@Z,"public: virtual void __cdecl Sound::Sounder_L_39::doCalculateAirmassParameters(float, float, float *, float *, float *)",method,Sound,Sounder_L_39,doCalculateAirmassParameters,"float, float, float *, float *, float *",False,False,True,False,False,False,True
576,575,0x23F,?doCalculateAirmassParameters@Sounder_MiG_15@Sound@@MEAAXMMPEAM00@Z,"protected: virtual void __cdecl Sound::Sounder_MiG_15::doCalculateAirmassParameters(float, float, float *, float *, float *)",method,Sound,Sounder_MiG_15,doCalculateAirmassParameters,"float, float, float *, float *, float *",False,False,True,False,False,False,True
577,576,0x240,?doCalculateAirmassParameters@Sounder_MiG_29@Sound@@UEAAXMMPEAM00@Z,"public: virtual void __cdecl Sound::Sounder_MiG_29::doCalculateAirmassParameters(float, float, float *, float *, float *)",method,Sound,Sounder_MiG_29,doCalculateAirmassParameters,"float, float, float *, float *, float *",False,False,True,False,False,False,True
578,577,0x241,?doCalculateAirmassParameters@Sounder_Mosquito@Sound@@MEAAXMMPEAM00@Z,"protected: virtual void __cdecl Sound::Sounder_Mosquito::doCalculateAirmassParameters(float, float, float *, float *, float *)",method,Sound,Sounder_Mosquito,doCalculateAirmassParameters,"float, float, float *, float *, float *",False,False,True,False,False,False,True
579,578,0x242,?doCalculateAirmassParameters@Sounder_P_47@Sound@@MEAAXMMPEAM00@Z,"protected: virtual void __cdecl Sound::Sounder_P_47::doCalculateAirmassParameters(float, float, float *, float *, float *)",method,Sound,Sounder_P_47,doCalculateAirmassParameters,"float, float, float *, float *, float *",False,False,True,False,False,False,True
580,579,0x243,?doCalculateAirmassParameters@Sounder_P_51@Sound@@MEAAXMMPEAM00@Z,"protected: virtual void __cdecl Sound::Sounder_P_51::doCalculateAirmassParameters(float, float, float *, float *, float *)",method,Sound,Sounder_P_51,doCalculateAirmassParameters,"float, float, float *, float *, float *",False,False,True,False,False,False,True
581,580,0x244,?doCalculateAirmassParameters@Sounder_S_3_Base@Sound@@UEAAXMMPEAM00@Z,"public: virtual void __cdecl Sound::Sounder_S_3_Base::doCalculateAirmassParameters(float, float, float *, float *, float *)",method,Sound,Sounder_S_3_Base,doCalculateAirmassParameters,"float, float, float *, float *, float *",False,False,True,False,False,False,True
582,581,0x245,?doCalculateAirmassParameters@Sounder_SpitfireLFMkIX@Sound@@MEAAXMMPEAM00@Z,"protected: virtual void __cdecl Sound::Sounder_SpitfireLFMkIX::doCalculateAirmassParameters(float, float, float *, float *, float *)",method,Sound,Sounder_SpitfireLFMkIX,doCalculateAirmassParameters,"float, float, float *, float *, float *",False,False,True,False,False,False,True
583,582,0x246,?doCalculateAirmassParameters@Sounder_Yak_52@Sound@@MEAAXMMPEAM00@Z,"protected: virtual void __cdecl Sound::Sounder_Yak_52::doCalculateAirmassParameters(float, float, float *, float *, float *)",method,Sound,Sounder_Yak_52,doCalculateAirmassParameters,"float, float, float *, float *, float *",False,False,True,False,False,False,True
584,583,0x247,?doCalculateGroundMovementParameters@PlaneSounder@Sound@@UEAAXMPEAM0@Z,"public: virtual void __cdecl Sound::PlaneSounder::doCalculateGroundMovementParameters(float, float *, float *)",method,Sound,PlaneSounder,doCalculateGroundMovementParameters,"float, float *, float *",False,False,True,False,False,False,True
585,584,0x248,?doCalculateGroundMovementParameters@Sounder_F6F_3@Sound@@MEAAXMPEAM0@Z,"protected: virtual void __cdecl Sound::Sounder_F6F_3::doCalculateGroundMovementParameters(float, float *, float *)",method,Sound,Sounder_F6F_3,doCalculateGroundMovementParameters,"float, float *, float *",False,False,True,False,False,False,True
586,585,0x249,?doCalculateGroundMovementParameters@Sounder_F_5@Sound@@MEAAXMPEAM0@Z,"protected: virtual void __cdecl Sound::Sounder_F_5::doCalculateGroundMovementParameters(float, float *, float *)",method,Sound,Sounder_F_5,doCalculateGroundMovementParameters,"float, float *, float *",False,False,True,False,False,False,True
587,586,0x24A,?doCalculateGroundMovementParameters@Sounder_F_86@Sound@@MEAAXMPEAM0@Z,"protected: virtual void __cdecl Sound::Sounder_F_86::doCalculateGroundMovementParameters(float, float *, float *)",method,Sound,Sounder_F_86,doCalculateGroundMovementParameters,"float, float *, float *",False,False,True,False,False,False,True
588,587,0x24B,?doCalculateGroundMovementParameters@Sounder_L_39@Sound@@UEAAXMPEAM0@Z,"public: virtual void __cdecl Sound::Sounder_L_39::doCalculateGroundMovementParameters(float, float *, float *)",method,Sound,Sounder_L_39,doCalculateGroundMovementParameters,"float, float *, float *",False,False,True,False,False,False,True
589,588,0x24C,?doCalculateGroundMovementParameters@Sounder_MiG_15@Sound@@MEAAXMPEAM0@Z,"protected: virtual void __cdecl Sound::Sounder_MiG_15::doCalculateGroundMovementParameters(float, float *, float *)",method,Sound,Sounder_MiG_15,doCalculateGroundMovementParameters,"float, float *, float *",False,False,True,False,False,False,True
590,589,0x24D,?doCalculateGroundMovementParameters@Sounder_P_47@Sound@@MEAAXMPEAM0@Z,"protected: virtual void __cdecl Sound::Sounder_P_47::doCalculateGroundMovementParameters(float, float *, float *)",method,Sound,Sounder_P_47,doCalculateGroundMovementParameters,"float, float *, float *",False,False,True,False,False,False,True
591,590,0x24E,?doCalculateGroundMovementParameters@Sounder_Yak_52@Sound@@MEAAXMPEAM0@Z,"protected: virtual void __cdecl Sound::Sounder_Yak_52::doCalculateGroundMovementParameters(float, float *, float *)",method,Sound,Sounder_Yak_52,doCalculateGroundMovementParameters,"float, float *, float *",False,False,True,False,False,False,True
592,591,0x24F,?doCalculateRotorDynamicGain@HelicopterSounder@Sound@@MEAAMXZ,protected: virtual float __cdecl Sound::HelicopterSounder::doCalculateRotorDynamicGain(void),method,Sound,HelicopterSounder,doCalculateRotorDynamicGain,void,False,False,True,False,False,False,True
593,592,0x250,?doCalculateRotorDynamicGain@Sounder_AH_1W_Base@Sound@@MEAAMXZ,protected: virtual float __cdecl Sound::Sounder_AH_1W_Base::doCalculateRotorDynamicGain(void),method,Sound,Sounder_AH_1W_Base,doCalculateRotorDynamicGain,void,False,False,True,False,False,False,True
594,593,0x251,?doCalculateRotorDynamicGain@Sounder_AH_64_Base@Sound@@MEAAMXZ,protected: virtual float __cdecl Sound::Sounder_AH_64_Base::doCalculateRotorDynamicGain(void),method,Sound,Sounder_AH_64_Base,doCalculateRotorDynamicGain,void,False,False,True,False,False,False,True
595,594,0x252,?doCalculateRotorDynamicGain@Sounder_CH_47_Base@Sound@@MEAAMXZ,protected: virtual float __cdecl Sound::Sounder_CH_47_Base::doCalculateRotorDynamicGain(void),method,Sound,Sounder_CH_47_Base,doCalculateRotorDynamicGain,void,False,False,True,False,False,False,True
596,595,0x253,?doCalculateRotorDynamicGain@Sounder_CH_53_Base@Sound@@MEAAMXZ,protected: virtual float __cdecl Sound::Sounder_CH_53_Base::doCalculateRotorDynamicGain(void),method,Sound,Sounder_CH_53_Base,doCalculateRotorDynamicGain,void,False,False,True,False,False,False,True
597,596,0x254,?doCalculateRotorDynamicGain@Sounder_Ka_50_Base@Sound@@MEAAMXZ,protected: virtual float __cdecl Sound::Sounder_Ka_50_Base::doCalculateRotorDynamicGain(void),method,Sound,Sounder_Ka_50_Base,doCalculateRotorDynamicGain,void,False,False,True,False,False,False,True
598,597,0x255,?doCalculateRotorDynamicGain@Sounder_Mi_24P@Sound@@MEAAMXZ,protected: virtual float __cdecl Sound::Sounder_Mi_24P::doCalculateRotorDynamicGain(void),method,Sound,Sounder_Mi_24P,doCalculateRotorDynamicGain,void,False,False,True,False,False,False,True
599,598,0x256,?doCalculateRotorDynamicGain@Sounder_Mi_8MT@Sound@@MEAAMXZ,protected: virtual float __cdecl Sound::Sounder_Mi_8MT::doCalculateRotorDynamicGain(void),method,Sound,Sounder_Mi_8MT,doCalculateRotorDynamicGain,void,False,False,True,False,False,False,True
600,599,0x257,?doCalculateRotorDynamicGain@Sounder_OH_58_Base@Sound@@MEAAMXZ,protected: virtual float __cdecl Sound::Sounder_OH_58_Base::doCalculateRotorDynamicGain(void),method,Sound,Sounder_OH_58_Base,doCalculateRotorDynamicGain,void,False,False,True,False,False,False,True
601,600,0x258,?doCalculateRotorDynamicGain@Sounder_SA_342_Base@Sound@@MEAAMXZ,protected: virtual float __cdecl Sound::Sounder_SA_342_Base::doCalculateRotorDynamicGain(void),method,Sound,Sounder_SA_342_Base,doCalculateRotorDynamicGain,void,False,False,True,False,False,False,True
602,601,0x259,?doCalculateRotorDynamicGain@Sounder_UH_60_Base@Sound@@MEAAMXZ,protected: virtual float __cdecl Sound::Sounder_UH_60_Base::doCalculateRotorDynamicGain(void),method,Sound,Sounder_UH_60_Base,doCalculateRotorDynamicGain,void,False,False,True,False,False,False,True
603,602,0x25A,?doClearCockpit@AircraftSounder@Sound@@MEAAXXZ,protected: virtual void __cdecl Sound::AircraftSounder::doClearCockpit(void),method,Sound,AircraftSounder,doClearCockpit,void,False,False,True,False,False,False,True
604,603,0x25B,?doClearCockpit@EngineSounder@Sound@@MEAAXXZ,protected: virtual void __cdecl Sound::EngineSounder::doClearCockpit(void),method,Sound,EngineSounder,doClearCockpit,void,False,False,True,False,False,False,True
605,604,0x25C,?doClearCockpit@PistonEngineSounder@Sound@@MEAAXXZ,protected: virtual void __cdecl Sound::PistonEngineSounder::doClearCockpit(void),method,Sound,PistonEngineSounder,doClearCockpit,void,False,False,True,False,False,False,True
606,605,0x25D,?doClearCockpit@Sounder_AH_64_Base@Sound@@MEAAXXZ,protected: virtual void __cdecl Sound::Sounder_AH_64_Base::doClearCockpit(void),method,Sound,Sounder_AH_64_Base,doClearCockpit,void,False,False,True,False,False,False,True
607,606,0x25E,?doClearCockpit@Sounder_AI25TL@Sound@@MEAAXXZ,protected: virtual void __cdecl Sound::Sounder_AI25TL::doClearCockpit(void),method,Sound,Sounder_AI25TL,doClearCockpit,void,False,False,True,False,False,False,True
608,607,0x25F,?doClearCockpit@Sounder_BMW_801D@Sound@@MEAAXXZ,protected: virtual void __cdecl Sound::Sounder_BMW_801D::doClearCockpit(void),method,Sound,Sounder_BMW_801D,doClearCockpit,void,False,False,True,False,False,False,True
609,608,0x260,?doClearCockpit@Sounder_Bf_109K_4@Sound@@MEAAXXZ,protected: virtual void __cdecl Sound::Sounder_Bf_109K_4::doClearCockpit(void),method,Sound,Sounder_Bf_109K_4,doClearCockpit,void,False,False,True,False,False,False,True
610,609,0x261,?doClearCockpit@Sounder_CH_47_Base@Sound@@MEAAXXZ,protected: virtual void __cdecl Sound::Sounder_CH_47_Base::doClearCockpit(void),method,Sound,Sounder_CH_47_Base,doClearCockpit,void,False,False,True,False,False,False,True
611,610,0x262,?doClearCockpit@Sounder_DB600_Series@Sound@@MEAAXXZ,protected: virtual void __cdecl Sound::Sounder_DB600_Series::doClearCockpit(void),method,Sound,Sounder_DB600_Series,doClearCockpit,void,False,False,True,False,False,False,True
612,611,0x263,?doClearCockpit@Sounder_F110GE129@Sound@@MEAAXXZ,protected: virtual void __cdecl Sound::Sounder_F110GE129::doClearCockpit(void),method,Sound,Sounder_F110GE129,doClearCockpit,void,False,False,True,False,False,False,True
613,612,0x264,?doClearCockpit@Sounder_F404GE@Sound@@MEAAXXZ,protected: virtual void __cdecl Sound::Sounder_F404GE::doClearCockpit(void),method,Sound,Sounder_F404GE,doClearCockpit,void,False,False,True,False,False,False,True
614,613,0x265,?doClearCockpit@Sounder_F6F_3@Sound@@MEAAXXZ,protected: virtual void __cdecl Sound::Sounder_F6F_3::doClearCockpit(void),method,Sound,Sounder_F6F_3,doClearCockpit,void,False,False,True,False,False,False,True
615,614,0x266,?doClearCockpit@Sounder_FA_18@Sound@@MEAAXXZ,protected: virtual void __cdecl Sound::Sounder_FA_18::doClearCockpit(void),method,Sound,Sounder_FA_18,doClearCockpit,void,False,False,True,False,False,False,True
616,615,0x267,?doClearCockpit@Sounder_FW_190@Sound@@MEAAXXZ,protected: virtual void __cdecl Sound::Sounder_FW_190::doClearCockpit(void),method,Sound,Sounder_FW_190,doClearCockpit,void,False,False,True,False,False,False,True
617,616,0x268,?doClearCockpit@Sounder_FW_190A8@Sound@@MEAAXXZ,protected: virtual void __cdecl Sound::Sounder_FW_190A8::doClearCockpit(void),method,Sound,Sounder_FW_190A8,doClearCockpit,void,False,False,True,False,False,False,True
618,617,0x269,?doClearCockpit@Sounder_FW_190D9@Sound@@MEAAXXZ,protected: virtual void __cdecl Sound::Sounder_FW_190D9::doClearCockpit(void),method,Sound,Sounder_FW_190D9,doClearCockpit,void,False,False,True,False,False,False,True
619,618,0x26A,?doClearCockpit@Sounder_F_15@Sound@@MEAAXXZ,protected: virtual void __cdecl Sound::Sounder_F_15::doClearCockpit(void),method,Sound,Sounder_F_15,doClearCockpit,void,False,False,True,False,False,False,True
620,619,0x26B,?doClearCockpit@Sounder_F_16@Sound@@MEAAXXZ,protected: virtual void __cdecl Sound::Sounder_F_16::doClearCockpit(void),method,Sound,Sounder_F_16,doClearCockpit,void,False,False,True,False,False,False,True
621,620,0x26C,?doClearCockpit@Sounder_F_5@Sound@@MEAAXXZ,protected: virtual void __cdecl Sound::Sounder_F_5::doClearCockpit(void),method,Sound,Sounder_F_5,doClearCockpit,void,False,False,True,False,False,False,True
622,621,0x26D,?doClearCockpit@Sounder_F_86@Sound@@MEAAXXZ,protected: virtual void __cdecl Sound::Sounder_F_86::doClearCockpit(void),method,Sound,Sounder_F_86,doClearCockpit,void,False,False,True,False,False,False,True
623,622,0x26E,?doClearCockpit@Sounder_J47GE27@Sound@@MEAAXXZ,protected: virtual void __cdecl Sound::Sounder_J47GE27::doClearCockpit(void),method,Sound,Sounder_J47GE27,doClearCockpit,void,False,False,True,False,False,False,True
624,623,0x26F,?doClearCockpit@Sounder_J85GE21@Sound@@MEAAXXZ,protected: virtual void __cdecl Sound::Sounder_J85GE21::doClearCockpit(void),method,Sound,Sounder_J85GE21,doClearCockpit,void,False,False,True,False,False,False,True
625,624,0x270,?doClearCockpit@Sounder_Jumo_213A@Sound@@MEAAXXZ,protected: virtual void __cdecl Sound::Sounder_Jumo_213A::doClearCockpit(void),method,Sound,Sounder_Jumo_213A,doClearCockpit,void,False,False,True,False,False,False,True
626,625,0x271,?doClearCockpit@Sounder_Ka_50_Base@Sound@@MEAAXXZ,protected: virtual void __cdecl Sound::Sounder_Ka_50_Base::doClearCockpit(void),method,Sound,Sounder_Ka_50_Base,doClearCockpit,void,False,False,True,False,False,False,True
627,626,0x272,?doClearCockpit@Sounder_L_39@Sound@@MEAAXXZ,protected: virtual void __cdecl Sound::Sounder_L_39::doClearCockpit(void),method,Sound,Sounder_L_39,doClearCockpit,void,False,False,True,False,False,False,True
628,627,0x273,?doClearCockpit@Sounder_M_14@Sound@@MEAAXXZ,protected: virtual void __cdecl Sound::Sounder_M_14::doClearCockpit(void),method,Sound,Sounder_M_14,doClearCockpit,void,False,False,True,False,False,False,True
629,628,0x274,?doClearCockpit@Sounder_Merlin25@Sound@@MEAAXXZ,protected: virtual void __cdecl Sound::Sounder_Merlin25::doClearCockpit(void),method,Sound,Sounder_Merlin25,doClearCockpit,void,False,False,True,False,False,False,True
630,629,0x275,?doClearCockpit@Sounder_Merlin66@Sound@@MEAAXXZ,protected: virtual void __cdecl Sound::Sounder_Merlin66::doClearCockpit(void),method,Sound,Sounder_Merlin66,doClearCockpit,void,False,False,True,False,False,False,True
631,630,0x276,?doClearCockpit@Sounder_MiG_15@Sound@@MEAAXXZ,protected: virtual void __cdecl Sound::Sounder_MiG_15::doClearCockpit(void),method,Sound,Sounder_MiG_15,doClearCockpit,void,False,False,True,False,False,False,True
632,631,0x277,?doClearCockpit@Sounder_MiG_29@Sound@@MEAAXXZ,protected: virtual void __cdecl Sound::Sounder_MiG_29::doClearCockpit(void),method,Sound,Sounder_MiG_29,doClearCockpit,void,False,False,True,False,False,False,True
633,632,0x278,?doClearCockpit@Sounder_MiG_29_Fulcrum@Sound@@MEAAXXZ,protected: virtual void __cdecl Sound::Sounder_MiG_29_Fulcrum::doClearCockpit(void),method,Sound,Sounder_MiG_29_Fulcrum,doClearCockpit,void,False,False,True,False,False,False,True
634,633,0x279,?doClearCockpit@Sounder_Mi_24P@Sound@@MEAAXXZ,protected: virtual void __cdecl Sound::Sounder_Mi_24P::doClearCockpit(void),method,Sound,Sounder_Mi_24P,doClearCockpit,void,False,False,True,False,False,False,True
635,634,0x27A,?doClearCockpit@Sounder_Mi_24W@Sound@@MEAAXXZ,protected: virtual void __cdecl Sound::Sounder_Mi_24W::doClearCockpit(void),method,Sound,Sounder_Mi_24W,doClearCockpit,void,False,False,True,False,False,False,True
636,635,0x27B,?doClearCockpit@Sounder_Mi_8MT@Sound@@MEAAXXZ,protected: virtual void __cdecl Sound::Sounder_Mi_8MT::doClearCockpit(void),method,Sound,Sounder_Mi_8MT,doClearCockpit,void,False,False,True,False,False,False,True
637,636,0x27C,?doClearCockpit@Sounder_Mosquito@Sound@@MEAAXXZ,protected: virtual void __cdecl Sound::Sounder_Mosquito::doClearCockpit(void),method,Sound,Sounder_Mosquito,doClearCockpit,void,False,False,True,False,False,False,True
638,637,0x27D,?doClearCockpit@Sounder_MosquitoFBMkVI@Sound@@MEAAXXZ,protected: virtual void __cdecl Sound::Sounder_MosquitoFBMkVI::doClearCockpit(void),method,Sound,Sounder_MosquitoFBMkVI,doClearCockpit,void,False,False,True,False,False,False,True
639,638,0x27E,?doClearCockpit@Sounder_P_47@Sound@@MEAAXXZ,protected: virtual void __cdecl Sound::Sounder_P_47::doClearCockpit(void),method,Sound,Sounder_P_47,doClearCockpit,void,False,False,True,False,False,False,True
640,639,0x27F,?doClearCockpit@Sounder_P_51@Sound@@MEAAXXZ,protected: virtual void __cdecl Sound::Sounder_P_51::doClearCockpit(void),method,Sound,Sounder_P_51,doClearCockpit,void,False,False,True,False,False,False,True
641,640,0x280,?doClearCockpit@Sounder_PrattWhitneyR2800@Sound@@MEAAXXZ,protected: virtual void __cdecl Sound::Sounder_PrattWhitneyR2800::doClearCockpit(void),method,Sound,Sounder_PrattWhitneyR2800,doClearCockpit,void,False,False,True,False,False,False,True
642,641,0x281,?doClearCockpit@Sounder_Snecma_M53@Sound@@MEAAXXZ,protected: virtual void __cdecl Sound::Sounder_Snecma_M53::doClearCockpit(void),method,Sound,Sounder_Snecma_M53,doClearCockpit,void,False,False,True,False,False,False,True
643,642,0x282,?doClearCockpit@Sounder_SpitfireLFMkIX@Sound@@MEAAXXZ,protected: virtual void __cdecl Sound::Sounder_SpitfireLFMkIX::doClearCockpit(void),method,Sound,Sounder_SpitfireLFMkIX,doClearCockpit,void,False,False,True,False,False,False,True
644,643,0x283,?doClearCockpit@Sounder_Su_25@Sound@@MEAAXXZ,protected: virtual void __cdecl Sound::Sounder_Su_25::doClearCockpit(void),method,Sound,Sounder_Su_25,doClearCockpit,void,False,False,True,False,False,False,True
645,644,0x284,?doClearCockpit@Sounder_Su_27@Sound@@MEAAXXZ,protected: virtual void __cdecl Sound::Sounder_Su_27::doClearCockpit(void),method,Sound,Sounder_Su_27,doClearCockpit,void,False,False,True,False,False,False,True
646,645,0x285,?doClearCockpit@Sounder_UH_1H@Sound@@MEAAXXZ,protected: virtual void __cdecl Sound::Sounder_UH_1H::doClearCockpit(void),method,Sound,Sounder_UH_1H,doClearCockpit,void,False,False,True,False,False,False,True
647,646,0x286,?doClearCockpit@Sounder_VK1@Sound@@MEAAXXZ,protected: virtual void __cdecl Sound::Sounder_VK1::doClearCockpit(void),method,Sound,Sounder_VK1,doClearCockpit,void,False,False,True,False,False,False,True
648,647,0x287,?doClearCockpit@Sounder_Yak_52@Sound@@MEAAXXZ,protected: virtual void __cdecl Sound::Sounder_Yak_52::doClearCockpit(void),method,Sound,Sounder_Yak_52,doClearCockpit,void,False,False,True,False,False,False,True
649,648,0x288,?doInit@AircraftSounder@Sound@@MEAA?AW4CoreSoundSetCategories@2@PEAVHost@2@@Z,protected: virtual enum Sound::CoreSoundSetCategories __cdecl Sound::AircraftSounder::doInit(class Sound::Host *),method,Sound,AircraftSounder,doInit,class Sound::Host *,False,False,True,False,False,False,True
650,649,0x289,?doInit@EngineSounder@Sound@@MEAAXPEAVHost@2@@Z,protected: virtual void __cdecl Sound::EngineSounder::doInit(class Sound::Host *),method,Sound,EngineSounder,doInit,class Sound::Host *,False,False,True,False,False,False,True
651,650,0x28A,?doInit@PistonEngineSounder@Sound@@MEAAXPEAVHost@2@@Z,protected: virtual void __cdecl Sound::PistonEngineSounder::doInit(class Sound::Host *),method,Sound,PistonEngineSounder,doInit,class Sound::Host *,False,False,True,False,False,False,True
652,651,0x28B,?doInit@Sounder_AH_1W_Base@Sound@@MEAA?AW4CoreSoundSetCategories@2@PEAVHost@2@@Z,protected: virtual enum Sound::CoreSoundSetCategories __cdecl Sound::Sounder_AH_1W_Base::doInit(class Sound::Host *),method,Sound,Sounder_AH_1W_Base,doInit,class Sound::Host *,False,False,True,False,False,False,True
653,652,0x28C,?doInit@Sounder_AH_64_Base@Sound@@MEAA?AW4CoreSoundSetCategories@2@PEAVHost@2@@Z,protected: virtual enum Sound::CoreSoundSetCategories __cdecl Sound::Sounder_AH_64_Base::doInit(class Sound::Host *),method,Sound,Sounder_AH_64_Base,doInit,class Sound::Host *,False,False,True,False,False,False,True
654,653,0x28D,?doInit@Sounder_AI25TL@Sound@@MEAAXPEAVHost@2@@Z,protected: virtual void __cdecl Sound::Sounder_AI25TL::doInit(class Sound::Host *),method,Sound,Sounder_AI25TL,doInit,class Sound::Host *,False,False,True,False,False,False,True
655,654,0x28E,?doInit@Sounder_A_10@Sound@@MEAA?AW4CoreSoundSetCategories@2@PEAVHost@2@@Z,protected: virtual enum Sound::CoreSoundSetCategories __cdecl Sound::Sounder_A_10::doInit(class Sound::Host *),method,Sound,Sounder_A_10,doInit,class Sound::Host *,False,False,True,False,False,False,True
656,655,0x28F,?doInit@Sounder_A_20@Sound@@MEAA?AW4CoreSoundSetCategories@2@PEAVHost@2@@Z,protected: virtual enum Sound::CoreSoundSetCategories __cdecl Sound::Sounder_A_20::doInit(class Sound::Host *),method,Sound,Sounder_A_20,doInit,class Sound::Host *,False,False,True,False,False,False,True
657,656,0x290,?doInit@Sounder_BMW_801D@Sound@@UEAAXPEAVHost@2@@Z,public: virtual void __cdecl Sound::Sounder_BMW_801D::doInit(class Sound::Host *),method,Sound,Sounder_BMW_801D,doInit,class Sound::Host *,False,False,True,False,False,False,True
658,657,0x291,?doInit@Sounder_B_17@Sound@@MEAA?AW4CoreSoundSetCategories@2@PEAVHost@2@@Z,protected: virtual enum Sound::CoreSoundSetCategories __cdecl Sound::Sounder_B_17::doInit(class Sound::Host *),method,Sound,Sounder_B_17,doInit,class Sound::Host *,False,False,True,False,False,False,True
659,658,0x292,?doInit@Sounder_B_1_Base@Sound@@MEAA?AW4CoreSoundSetCategories@2@PEAVHost@2@@Z,protected: virtual enum Sound::CoreSoundSetCategories __cdecl Sound::Sounder_B_1_Base::doInit(class Sound::Host *),method,Sound,Sounder_B_1_Base,doInit,class Sound::Host *,False,False,True,False,False,False,True
660,659,0x293,?doInit@Sounder_B_52_Base@Sound@@MEAA?AW4CoreSoundSetCategories@2@PEAVHost@2@@Z,protected: virtual enum Sound::CoreSoundSetCategories __cdecl Sound::Sounder_B_52_Base::doInit(class Sound::Host *),method,Sound,Sounder_B_52_Base,doInit,class Sound::Host *,False,False,True,False,False,False,True
661,660,0x294,?doInit@Sounder_Bf_109K_4@Sound@@MEAA?AW4CoreSoundSetCategories@2@PEAVHost@2@@Z,protected: virtual enum Sound::CoreSoundSetCategories __cdecl Sound::Sounder_Bf_109K_4::doInit(class Sound::Host *),method,Sound,Sounder_Bf_109K_4,doInit,class Sound::Host *,False,False,True,False,False,False,True
662,661,0x295,?doInit@Sounder_CH_47_Base@Sound@@MEAA?AW4CoreSoundSetCategories@2@PEAVHost@2@@Z,protected: virtual enum Sound::CoreSoundSetCategories __cdecl Sound::Sounder_CH_47_Base::doInit(class Sound::Host *),method,Sound,Sounder_CH_47_Base,doInit,class Sound::Host *,False,False,True,False,False,False,True
663,662,0x296,?doInit@Sounder_CH_53_Base@Sound@@MEAA?AW4CoreSoundSetCategories@2@PEAVHost@2@@Z,protected: virtual enum Sound::CoreSoundSetCategories __cdecl Sound::Sounder_CH_53_Base::doInit(class Sound::Host *),method,Sound,Sounder_CH_53_Base,doInit,class Sound::Host *,False,False,True,False,False,False,True
664,663,0x297,?doInit@Sounder_C_17_Base@Sound@@MEAA?AW4CoreSoundSetCategories@2@PEAVHost@2@@Z,protected: virtual enum Sound::CoreSoundSetCategories __cdecl Sound::Sounder_C_17_Base::doInit(class Sound::Host *),method,Sound,Sounder_C_17_Base,doInit,class Sound::Host *,False,False,True,False,False,False,True
665,664,0x298,?doInit@Sounder_C_47_Base@Sound@@MEAA?AW4CoreSoundSetCategories@2@PEAVHost@2@@Z,protected: virtual enum Sound::CoreSoundSetCategories __cdecl Sound::Sounder_C_47_Base::doInit(class Sound::Host *),method,Sound,Sounder_C_47_Base,doInit,class Sound::Host *,False,False,True,False,False,False,True
666,665,0x299,?doInit@Sounder_DB600_Series@Sound@@MEAAXPEAVHost@2@@Z,protected: virtual void __cdecl Sound::Sounder_DB600_Series::doInit(class Sound::Host *),method,Sound,Sounder_DB600_Series,doInit,class Sound::Host *,False,False,True,False,False,False,True
667,666,0x29A,?doInit@Sounder_E_3A@Sound@@MEAA?AW4CoreSoundSetCategories@2@PEAVHost@2@@Z,protected: virtual enum Sound::CoreSoundSetCategories __cdecl Sound::Sounder_E_3A::doInit(class Sound::Host *),method,Sound,Sounder_E_3A,doInit,class Sound::Host *,False,False,True,False,False,False,True
668,667,0x29B,?doInit@Sounder_F110GE129@Sound@@MEAAXPEAVHost@2@@Z,protected: virtual void __cdecl Sound::Sounder_F110GE129::doInit(class Sound::Host *),method,Sound,Sounder_F110GE129,doInit,class Sound::Host *,False,False,True,False,False,False,True
669,668,0x29C,?doInit@Sounder_F404GE@Sound@@MEAAXPEAVHost@2@@Z,protected: virtual void __cdecl Sound::Sounder_F404GE::doInit(class Sound::Host *),method,Sound,Sounder_F404GE,doInit,class Sound::Host *,False,False,True,False,False,False,True
670,669,0x29D,?doInit@Sounder_F6F_3@Sound@@MEAA?AW4CoreSoundSetCategories@2@PEAVHost@2@@Z,protected: virtual enum Sound::CoreSoundSetCategories __cdecl Sound::Sounder_F6F_3::doInit(class Sound::Host *),method,Sound,Sounder_F6F_3,doInit,class Sound::Host *,False,False,True,False,False,False,True
671,670,0x29E,?doInit@Sounder_FA_18@Sound@@MEAA?AW4CoreSoundSetCategories@2@PEAVHost@2@@Z,protected: virtual enum Sound::CoreSoundSetCategories __cdecl Sound::Sounder_FA_18::doInit(class Sound::Host *),method,Sound,Sounder_FA_18,doInit,class Sound::Host *,False,False,True,False,False,False,True
672,671,0x29F,?doInit@Sounder_FW_190@Sound@@MEAA?AW4CoreSoundSetCategories@2@PEAVHost@2@@Z,protected: virtual enum Sound::CoreSoundSetCategories __cdecl Sound::Sounder_FW_190::doInit(class Sound::Host *),method,Sound,Sounder_FW_190,doInit,class Sound::Host *,False,False,True,False,False,False,True
673,672,0x2A0,?doInit@Sounder_FW_190A8@Sound@@MEAA?AW4CoreSoundSetCategories@2@PEAVHost@2@@Z,protected: virtual enum Sound::CoreSoundSetCategories __cdecl Sound::Sounder_FW_190A8::doInit(class Sound::Host *),method,Sound,Sounder_FW_190A8,doInit,class Sound::Host *,False,False,True,False,False,False,True
674,673,0x2A1,?doInit@Sounder_FW_190D9@Sound@@MEAA?AW4CoreSoundSetCategories@2@PEAVHost@2@@Z,protected: virtual enum Sound::CoreSoundSetCategories __cdecl Sound::Sounder_FW_190D9::doInit(class Sound::Host *),method,Sound,Sounder_FW_190D9,doInit,class Sound::Host *,False,False,True,False,False,False,True
675,674,0x2A2,?doInit@Sounder_F_117_Base@Sound@@MEAA?AW4CoreSoundSetCategories@2@PEAVHost@2@@Z,protected: virtual enum Sound::CoreSoundSetCategories __cdecl Sound::Sounder_F_117_Base::doInit(class Sound::Host *),method,Sound,Sounder_F_117_Base,doInit,class Sound::Host *,False,False,True,False,False,False,True
676,675,0x2A3,?doInit@Sounder_F_15@Sound@@MEAA?AW4CoreSoundSetCategories@2@PEAVHost@2@@Z,protected: virtual enum Sound::CoreSoundSetCategories __cdecl Sound::Sounder_F_15::doInit(class Sound::Host *),method,Sound,Sounder_F_15,doInit,class Sound::Host *,False,False,True,False,False,False,True
677,676,0x2A4,?doInit@Sounder_F_16@Sound@@MEAA?AW4CoreSoundSetCategories@2@PEAVHost@2@@Z,protected: virtual enum Sound::CoreSoundSetCategories __cdecl Sound::Sounder_F_16::doInit(class Sound::Host *),method,Sound,Sounder_F_16,doInit,class Sound::Host *,False,False,True,False,False,False,True
678,677,0x2A5,?doInit@Sounder_F_5@Sound@@MEAA?AW4CoreSoundSetCategories@2@PEAVHost@2@@Z,protected: virtual enum Sound::CoreSoundSetCategories __cdecl Sound::Sounder_F_5::doInit(class Sound::Host *),method,Sound,Sounder_F_5,doInit,class Sound::Host *,False,False,True,False,False,False,True
679,678,0x2A6,?doInit@Sounder_F_86@Sound@@MEAA?AW4CoreSoundSetCategories@2@PEAVHost@2@@Z,protected: virtual enum Sound::CoreSoundSetCategories __cdecl Sound::Sounder_F_86::doInit(class Sound::Host *),method,Sound,Sounder_F_86,doInit,class Sound::Host *,False,False,True,False,False,False,True
680,679,0x2A7,?doInit@Sounder_J47GE27@Sound@@MEAAXPEAVHost@2@@Z,protected: virtual void __cdecl Sound::Sounder_J47GE27::doInit(class Sound::Host *),method,Sound,Sounder_J47GE27,doInit,class Sound::Host *,False,False,True,False,False,False,True
681,680,0x2A8,?doInit@Sounder_J85GE21@Sound@@MEAAXPEAVHost@2@@Z,protected: virtual void __cdecl Sound::Sounder_J85GE21::doInit(class Sound::Host *),method,Sound,Sounder_J85GE21,doInit,class Sound::Host *,False,False,True,False,False,False,True
682,681,0x2A9,?doInit@Sounder_Ju_88@Sound@@MEAA?AW4CoreSoundSetCategories@2@PEAVHost@2@@Z,protected: virtual enum Sound::CoreSoundSetCategories __cdecl Sound::Sounder_Ju_88::doInit(class Sound::Host *),method,Sound,Sounder_Ju_88,doInit,class Sound::Host *,False,False,True,False,False,False,True
683,682,0x2AA,?doInit@Sounder_Jumo_213A@Sound@@MEAAXPEAVHost@2@@Z,protected: virtual void __cdecl Sound::Sounder_Jumo_213A::doInit(class Sound::Host *),method,Sound,Sounder_Jumo_213A,doInit,class Sound::Host *,False,False,True,False,False,False,True
684,683,0x2AB,?doInit@Sounder_Ka_50_3@Sound@@UEAA?AW4CoreSoundSetCategories@2@PEAVHost@2@@Z,public: virtual enum Sound::CoreSoundSetCategories __cdecl Sound::Sounder_Ka_50_3::doInit(class Sound::Host *),method,Sound,Sounder_Ka_50_3,doInit,class Sound::Host *,False,False,True,False,False,False,True
685,684,0x2AC,?doInit@Sounder_Ka_50_Base@Sound@@MEAA?AW4CoreSoundSetCategories@2@PEAVHost@2@@Z,protected: virtual enum Sound::CoreSoundSetCategories __cdecl Sound::Sounder_Ka_50_Base::doInit(class Sound::Host *),method,Sound,Sounder_Ka_50_Base,doInit,class Sound::Host *,False,False,True,False,False,False,True
686,685,0x2AD,?doInit@Sounder_L_39@Sound@@MEAA?AW4CoreSoundSetCategories@2@PEAVHost@2@@Z,protected: virtual enum Sound::CoreSoundSetCategories __cdecl Sound::Sounder_L_39::doInit(class Sound::Host *),method,Sound,Sounder_L_39,doInit,class Sound::Host *,False,False,True,False,False,False,True
687,686,0x2AE,?doInit@Sounder_M_14@Sound@@UEAAXPEAVHost@2@@Z,public: virtual void __cdecl Sound::Sounder_M_14::doInit(class Sound::Host *),method,Sound,Sounder_M_14,doInit,class Sound::Host *,False,False,True,False,False,False,True
688,687,0x2AF,?doInit@Sounder_Merlin25@Sound@@MEAAXPEAVHost@2@@Z,protected: virtual void __cdecl Sound::Sounder_Merlin25::doInit(class Sound::Host *),method,Sound,Sounder_Merlin25,doInit,class Sound::Host *,False,False,True,False,False,False,True
689,688,0x2B0,?doInit@Sounder_Merlin66@Sound@@MEAAXPEAVHost@2@@Z,protected: virtual void __cdecl Sound::Sounder_Merlin66::doInit(class Sound::Host *),method,Sound,Sounder_Merlin66,doInit,class Sound::Host *,False,False,True,False,False,False,True
690,689,0x2B1,?doInit@Sounder_MiG_15@Sound@@MEAA?AW4CoreSoundSetCategories@2@PEAVHost@2@@Z,protected: virtual enum Sound::CoreSoundSetCategories __cdecl Sound::Sounder_MiG_15::doInit(class Sound::Host *),method,Sound,Sounder_MiG_15,doInit,class Sound::Host *,False,False,True,False,False,False,True
691,690,0x2B2,?doInit@Sounder_MiG_29@Sound@@MEAA?AW4CoreSoundSetCategories@2@PEAVHost@2@@Z,protected: virtual enum Sound::CoreSoundSetCategories __cdecl Sound::Sounder_MiG_29::doInit(class Sound::Host *),method,Sound,Sounder_MiG_29,doInit,class Sound::Host *,False,False,True,False,False,False,True
692,691,0x2B3,?doInit@Sounder_MiG_29_Fulcrum@Sound@@MEAA?AW4CoreSoundSetCategories@2@PEAVHost@2@@Z,protected: virtual enum Sound::CoreSoundSetCategories __cdecl Sound::Sounder_MiG_29_Fulcrum::doInit(class Sound::Host *),method,Sound,Sounder_MiG_29_Fulcrum,doInit,class Sound::Host *,False,False,True,False,False,False,True
693,692,0x2B4,?doInit@Sounder_Mi_24P@Sound@@MEAA?AW4CoreSoundSetCategories@2@PEAVHost@2@@Z,protected: virtual enum Sound::CoreSoundSetCategories __cdecl Sound::Sounder_Mi_24P::doInit(class Sound::Host *),method,Sound,Sounder_Mi_24P,doInit,class Sound::Host *,False,False,True,False,False,False,True
694,693,0x2B5,?doInit@Sounder_Mi_24W@Sound@@MEAA?AW4CoreSoundSetCategories@2@PEAVHost@2@@Z,protected: virtual enum Sound::CoreSoundSetCategories __cdecl Sound::Sounder_Mi_24W::doInit(class Sound::Host *),method,Sound,Sounder_Mi_24W,doInit,class Sound::Host *,False,False,True,False,False,False,True
695,694,0x2B6,?doInit@Sounder_Mi_8MT@Sound@@MEAA?AW4CoreSoundSetCategories@2@PEAVHost@2@@Z,protected: virtual enum Sound::CoreSoundSetCategories __cdecl Sound::Sounder_Mi_8MT::doInit(class Sound::Host *),method,Sound,Sounder_Mi_8MT,doInit,class Sound::Host *,False,False,True,False,False,False,True
696,695,0x2B7,?doInit@Sounder_Mosquito@Sound@@MEAA?AW4CoreSoundSetCategories@2@PEAVHost@2@@Z,protected: virtual enum Sound::CoreSoundSetCategories __cdecl Sound::Sounder_Mosquito::doInit(class Sound::Host *),method,Sound,Sounder_Mosquito,doInit,class Sound::Host *,False,False,True,False,False,False,True
697,696,0x2B8,?doInit@Sounder_MosquitoFBMkVI@Sound@@MEAA?AW4CoreSoundSetCategories@2@PEAVHost@2@@Z,protected: virtual enum Sound::CoreSoundSetCategories __cdecl Sound::Sounder_MosquitoFBMkVI::doInit(class Sound::Host *),method,Sound,Sounder_MosquitoFBMkVI,doInit,class Sound::Host *,False,False,True,False,False,False,True
698,697,0x2B9,?doInit@Sounder_OH_58_Base@Sound@@MEAA?AW4CoreSoundSetCategories@2@PEAVHost@2@@Z,protected: virtual enum Sound::CoreSoundSetCategories __cdecl Sound::Sounder_OH_58_Base::doInit(class Sound::Host *),method,Sound,Sounder_OH_58_Base,doInit,class Sound::Host *,False,False,True,False,False,False,True
699,698,0x2BA,?doInit@Sounder_P_47@Sound@@MEAA?AW4CoreSoundSetCategories@2@PEAVHost@2@@Z,protected: virtual enum Sound::CoreSoundSetCategories __cdecl Sound::Sounder_P_47::doInit(class Sound::Host *),method,Sound,Sounder_P_47,doInit,class Sound::Host *,False,False,True,False,False,False,True
700,699,0x2BB,?doInit@Sounder_P_51@Sound@@MEAA?AW4CoreSoundSetCategories@2@PEAVHost@2@@Z,protected: virtual enum Sound::CoreSoundSetCategories __cdecl Sound::Sounder_P_51::doInit(class Sound::Host *),method,Sound,Sounder_P_51,doInit,class Sound::Host *,False,False,True,False,False,False,True
701,700,0x2BC,?doInit@Sounder_PrattWhitneyR2800@Sound@@UEAAXPEAVHost@2@@Z,public: virtual void __cdecl Sound::Sounder_PrattWhitneyR2800::doInit(class Sound::Host *),method,Sound,Sounder_PrattWhitneyR2800,doInit,class Sound::Host *,False,False,True,False,False,False,True
702,701,0x2BD,?doInit@Sounder_RQ_1A_Predator@Sound@@MEAA?AW4CoreSoundSetCategories@2@PEAVHost@2@@Z,protected: virtual enum Sound::CoreSoundSetCategories __cdecl Sound::Sounder_RQ_1A_Predator::doInit(class Sound::Host *),method,Sound,Sounder_RQ_1A_Predator,doInit,class Sound::Host *,False,False,True,False,False,False,True
703,702,0x2BE,?doInit@Sounder_Rotax_914F@Sound@@MEAAXPEAVHost@2@@Z,protected: virtual void __cdecl Sound::Sounder_Rotax_914F::doInit(class Sound::Host *),method,Sound,Sounder_Rotax_914F,doInit,class Sound::Host *,False,False,True,False,False,False,True
704,703,0x2BF,?doInit@Sounder_SA_342_Base@Sound@@MEAA?AW4CoreSoundSetCategories@2@PEAVHost@2@@Z,protected: virtual enum Sound::CoreSoundSetCategories __cdecl Sound::Sounder_SA_342_Base::doInit(class Sound::Host *),method,Sound,Sounder_SA_342_Base,doInit,class Sound::Host *,False,False,True,False,False,False,True
705,704,0x2C0,?doInit@Sounder_S_3_Base@Sound@@MEAA?AW4CoreSoundSetCategories@2@PEAVHost@2@@Z,protected: virtual enum Sound::CoreSoundSetCategories __cdecl Sound::Sounder_S_3_Base::doInit(class Sound::Host *),method,Sound,Sounder_S_3_Base,doInit,class Sound::Host *,False,False,True,False,False,False,True
706,705,0x2C1,?doInit@Sounder_Snecma_M53@Sound@@MEAAXPEAVHost@2@@Z,protected: virtual void __cdecl Sound::Sounder_Snecma_M53::doInit(class Sound::Host *),method,Sound,Sounder_Snecma_M53,doInit,class Sound::Host *,False,False,True,False,False,False,True
707,706,0x2C2,?doInit@Sounder_SpitfireLFMkIX@Sound@@MEAA?AW4CoreSoundSetCategories@2@PEAVHost@2@@Z,protected: virtual enum Sound::CoreSoundSetCategories __cdecl Sound::Sounder_SpitfireLFMkIX::doInit(class Sound::Host *),method,Sound,Sounder_SpitfireLFMkIX,doInit,class Sound::Host *,False,False,True,False,False,False,True
708,707,0x2C3,?doInit@Sounder_Su_25@Sound@@MEAA?AW4CoreSoundSetCategories@2@PEAVHost@2@@Z,protected: virtual enum Sound::CoreSoundSetCategories __cdecl Sound::Sounder_Su_25::doInit(class Sound::Host *),method,Sound,Sounder_Su_25,doInit,class Sound::Host *,False,False,True,False,False,False,True
709,708,0x2C4,?doInit@Sounder_Su_27@Sound@@MEAA?AW4CoreSoundSetCategories@2@PEAVHost@2@@Z,protected: virtual enum Sound::CoreSoundSetCategories __cdecl Sound::Sounder_Su_27::doInit(class Sound::Host *),method,Sound,Sounder_Su_27,doInit,class Sound::Host *,False,False,True,False,False,False,True
710,709,0x2C5,?doInit@Sounder_TF34@Sound@@MEAAXPEAVHost@2@@Z,protected: virtual void __cdecl Sound::Sounder_TF34::doInit(class Sound::Host *),method,Sound,Sounder_TF34,doInit,class Sound::Host *,False,False,True,False,False,False,True
711,710,0x2C6,?doInit@Sounder_UH_1H@Sound@@MEAA?AW4CoreSoundSetCategories@2@PEAVHost@2@@Z,protected: virtual enum Sound::CoreSoundSetCategories __cdecl Sound::Sounder_UH_1H::doInit(class Sound::Host *),method,Sound,Sounder_UH_1H,doInit,class Sound::Host *,False,False,True,False,False,False,True
712,711,0x2C7,?doInit@Sounder_UH_60_Base@Sound@@MEAA?AW4CoreSoundSetCategories@2@PEAVHost@2@@Z,protected: virtual enum Sound::CoreSoundSetCategories __cdecl Sound::Sounder_UH_60_Base::doInit(class Sound::Host *),method,Sound,Sounder_UH_60_Base,doInit,class Sound::Host *,False,False,True,False,False,False,True
713,712,0x2C8,?doInit@Sounder_VK1@Sound@@MEAAXPEAVHost@2@@Z,protected: virtual void __cdecl Sound::Sounder_VK1::doInit(class Sound::Host *),method,Sound,Sounder_VK1,doInit,class Sound::Host *,False,False,True,False,False,False,True
714,713,0x2C9,?doInit@Sounder_V_1650_7@Sound@@MEAAXPEAVHost@2@@Z,protected: virtual void __cdecl Sound::Sounder_V_1650_7::doInit(class Sound::Host *),method,Sound,Sounder_V_1650_7,doInit,class Sound::Host *,False,False,True,False,False,False,True
715,714,0x2CA,?doInit@Sounder_WrightCyclone_1820_97@Sound@@MEAAXPEAVHost@2@@Z,protected: virtual void __cdecl Sound::Sounder_WrightCyclone_1820_97::doInit(class Sound::Host *),method,Sound,Sounder_WrightCyclone_1820_97,doInit,class Sound::Host *,False,False,True,False,False,False,True
716,715,0x2CB,?doInit@Sounder_Yak_52@Sound@@MEAA?AW4CoreSoundSetCategories@2@PEAVHost@2@@Z,protected: virtual enum Sound::CoreSoundSetCategories __cdecl Sound::Sounder_Yak_52::doInit(class Sound::Host *),method,Sound,Sounder_Yak_52,doInit,class Sound::Host *,False,False,True,False,False,False,True
717,716,0x2CC,?doInitCockpit@AircraftSounder@Sound@@MEAAXPEAVHost@2@@Z,protected: virtual void __cdecl Sound::AircraftSounder::doInitCockpit(class Sound::Host *),method,Sound,AircraftSounder,doInitCockpit,class Sound::Host *,False,False,True,False,False,False,True
718,717,0x2CD,?doInitCockpit@EngineSounder@Sound@@MEAAXPEAVHost@2@@Z,protected: virtual void __cdecl Sound::EngineSounder::doInitCockpit(class Sound::Host *),method,Sound,EngineSounder,doInitCockpit,class Sound::Host *,False,False,True,False,False,False,True
719,718,0x2CE,?doInitCockpit@PistonEngineSounder@Sound@@MEAAXPEAVHost@2@@Z,protected: virtual void __cdecl Sound::PistonEngineSounder::doInitCockpit(class Sound::Host *),method,Sound,PistonEngineSounder,doInitCockpit,class Sound::Host *,False,False,True,False,False,False,True
720,719,0x2CF,?doInitCockpit@Sounder_AH_64_Base@Sound@@MEAAXPEAVHost@2@@Z,protected: virtual void __cdecl Sound::Sounder_AH_64_Base::doInitCockpit(class Sound::Host *),method,Sound,Sounder_AH_64_Base,doInitCockpit,class Sound::Host *,False,False,True,False,False,False,True
721,720,0x2D0,?doInitCockpit@Sounder_AI25TL@Sound@@MEAAXPEAVHost@2@@Z,protected: virtual void __cdecl Sound::Sounder_AI25TL::doInitCockpit(class Sound::Host *),method,Sound,Sounder_AI25TL,doInitCockpit,class Sound::Host *,False,False,True,False,False,False,True
722,721,0x2D1,?doInitCockpit@Sounder_A_10@Sound@@MEAAXPEAVHost@2@@Z,protected: virtual void __cdecl Sound::Sounder_A_10::doInitCockpit(class Sound::Host *),method,Sound,Sounder_A_10,doInitCockpit,class Sound::Host *,False,False,True,False,False,False,True
723,722,0x2D2,?doInitCockpit@Sounder_BMW_801D@Sound@@UEAAXPEAVHost@2@@Z,public: virtual void __cdecl Sound::Sounder_BMW_801D::doInitCockpit(class Sound::Host *),method,Sound,Sounder_BMW_801D,doInitCockpit,class Sound::Host *,False,False,True,False,False,False,True
724,723,0x2D3,?doInitCockpit@Sounder_Bf_109K_4@Sound@@MEAAXPEAVHost@2@@Z,protected: virtual void __cdecl Sound::Sounder_Bf_109K_4::doInitCockpit(class Sound::Host *),method,Sound,Sounder_Bf_109K_4,doInitCockpit,class Sound::Host *,False,False,True,False,False,False,True
725,724,0x2D4,?doInitCockpit@Sounder_CH_47_Base@Sound@@MEAAXPEAVHost@2@@Z,protected: virtual void __cdecl Sound::Sounder_CH_47_Base::doInitCockpit(class Sound::Host *),method,Sound,Sounder_CH_47_Base,doInitCockpit,class Sound::Host *,False,False,True,False,False,False,True
726,725,0x2D5,?doInitCockpit@Sounder_DB600_Series@Sound@@MEAAXPEAVHost@2@@Z,protected: virtual void __cdecl Sound::Sounder_DB600_Series::doInitCockpit(class Sound::Host *),method,Sound,Sounder_DB600_Series,doInitCockpit,class Sound::Host *,False,False,True,False,False,False,True
727,726,0x2D6,?doInitCockpit@Sounder_F110GE129@Sound@@MEAAXPEAVHost@2@@Z,protected: virtual void __cdecl Sound::Sounder_F110GE129::doInitCockpit(class Sound::Host *),method,Sound,Sounder_F110GE129,doInitCockpit,class Sound::Host *,False,False,True,False,False,False,True
728,727,0x2D7,?doInitCockpit@Sounder_F404GE@Sound@@MEAAXPEAVHost@2@@Z,protected: virtual void __cdecl Sound::Sounder_F404GE::doInitCockpit(class Sound::Host *),method,Sound,Sounder_F404GE,doInitCockpit,class Sound::Host *,False,False,True,False,False,False,True
729,728,0x2D8,?doInitCockpit@Sounder_F6F_3@Sound@@MEAAXPEAVHost@2@@Z,protected: virtual void __cdecl Sound::Sounder_F6F_3::doInitCockpit(class Sound::Host *),method,Sound,Sounder_F6F_3,doInitCockpit,class Sound::Host *,False,False,True,False,False,False,True
730,729,0x2D9,?doInitCockpit@Sounder_FA_18@Sound@@MEAAXPEAVHost@2@@Z,protected: virtual void __cdecl Sound::Sounder_FA_18::doInitCockpit(class Sound::Host *),method,Sound,Sounder_FA_18,doInitCockpit,class Sound::Host *,False,False,True,False,False,False,True
731,730,0x2DA,?doInitCockpit@Sounder_FW_190@Sound@@MEAAXPEAVHost@2@@Z,protected: virtual void __cdecl Sound::Sounder_FW_190::doInitCockpit(class Sound::Host *),method,Sound,Sounder_FW_190,doInitCockpit,class Sound::Host *,False,False,True,False,False,False,True
732,731,0x2DB,?doInitCockpit@Sounder_FW_190A8@Sound@@MEAAXPEAVHost@2@@Z,protected: virtual void __cdecl Sound::Sounder_FW_190A8::doInitCockpit(class Sound::Host *),method,Sound,Sounder_FW_190A8,doInitCockpit,class Sound::Host *,False,False,True,False,False,False,True
733,732,0x2DC,?doInitCockpit@Sounder_FW_190D9@Sound@@MEAAXPEAVHost@2@@Z,protected: virtual void __cdecl Sound::Sounder_FW_190D9::doInitCockpit(class Sound::Host *),method,Sound,Sounder_FW_190D9,doInitCockpit,class Sound::Host *,False,False,True,False,False,False,True
734,733,0x2DD,?doInitCockpit@Sounder_F_15@Sound@@MEAAXPEAVHost@2@@Z,protected: virtual void __cdecl Sound::Sounder_F_15::doInitCockpit(class Sound::Host *),method,Sound,Sounder_F_15,doInitCockpit,class Sound::Host *,False,False,True,False,False,False,True
735,734,0x2DE,?doInitCockpit@Sounder_F_16@Sound@@MEAAXPEAVHost@2@@Z,protected: virtual void __cdecl Sound::Sounder_F_16::doInitCockpit(class Sound::Host *),method,Sound,Sounder_F_16,doInitCockpit,class Sound::Host *,False,False,True,False,False,False,True
736,735,0x2DF,?doInitCockpit@Sounder_F_5@Sound@@MEAAXPEAVHost@2@@Z,protected: virtual void __cdecl Sound::Sounder_F_5::doInitCockpit(class Sound::Host *),method,Sound,Sounder_F_5,doInitCockpit,class Sound::Host *,False,False,True,False,False,False,True
737,736,0x2E0,?doInitCockpit@Sounder_F_86@Sound@@MEAAXPEAVHost@2@@Z,protected: virtual void __cdecl Sound::Sounder_F_86::doInitCockpit(class Sound::Host *),method,Sound,Sounder_F_86,doInitCockpit,class Sound::Host *,False,False,True,False,False,False,True
738,737,0x2E1,?doInitCockpit@Sounder_J47GE27@Sound@@MEAAXPEAVHost@2@@Z,protected: virtual void __cdecl Sound::Sounder_J47GE27::doInitCockpit(class Sound::Host *),method,Sound,Sounder_J47GE27,doInitCockpit,class Sound::Host *,False,False,True,False,False,False,True
739,738,0x2E2,?doInitCockpit@Sounder_J85GE21@Sound@@MEAAXPEAVHost@2@@Z,protected: virtual void __cdecl Sound::Sounder_J85GE21::doInitCockpit(class Sound::Host *),method,Sound,Sounder_J85GE21,doInitCockpit,class Sound::Host *,False,False,True,False,False,False,True
740,739,0x2E3,?doInitCockpit@Sounder_Jumo_213A@Sound@@MEAAXPEAVHost@2@@Z,protected: virtual void __cdecl Sound::Sounder_Jumo_213A::doInitCockpit(class Sound::Host *),method,Sound,Sounder_Jumo_213A,doInitCockpit,class Sound::Host *,False,False,True,False,False,False,True
741,740,0x2E4,?doInitCockpit@Sounder_Ka_50_3@Sound@@UEAAXPEAVHost@2@@Z,public: virtual void __cdecl Sound::Sounder_Ka_50_3::doInitCockpit(class Sound::Host *),method,Sound,Sounder_Ka_50_3,doInitCockpit,class Sound::Host *,False,False,True,False,False,False,True
742,741,0x2E5,?doInitCockpit@Sounder_Ka_50_Base@Sound@@MEAAXPEAVHost@2@@Z,protected: virtual void __cdecl Sound::Sounder_Ka_50_Base::doInitCockpit(class Sound::Host *),method,Sound,Sounder_Ka_50_Base,doInitCockpit,class Sound::Host *,False,False,True,False,False,False,True
743,742,0x2E6,?doInitCockpit@Sounder_L_39@Sound@@MEAAXPEAVHost@2@@Z,protected: virtual void __cdecl Sound::Sounder_L_39::doInitCockpit(class Sound::Host *),method,Sound,Sounder_L_39,doInitCockpit,class Sound::Host *,False,False,True,False,False,False,True
744,743,0x2E7,?doInitCockpit@Sounder_M_14@Sound@@UEAAXPEAVHost@2@@Z,public: virtual void __cdecl Sound::Sounder_M_14::doInitCockpit(class Sound::Host *),method,Sound,Sounder_M_14,doInitCockpit,class Sound::Host *,False,False,True,False,False,False,True
745,744,0x2E8,?doInitCockpit@Sounder_Merlin25@Sound@@MEAAXPEAVHost@2@@Z,protected: virtual void __cdecl Sound::Sounder_Merlin25::doInitCockpit(class Sound::Host *),method,Sound,Sounder_Merlin25,doInitCockpit,class Sound::Host *,False,False,True,False,False,False,True
746,745,0x2E9,?doInitCockpit@Sounder_Merlin66@Sound@@MEAAXPEAVHost@2@@Z,protected: virtual void __cdecl Sound::Sounder_Merlin66::doInitCockpit(class Sound::Host *),method,Sound,Sounder_Merlin66,doInitCockpit,class Sound::Host *,False,False,True,False,False,False,True
747,746,0x2EA,?doInitCockpit@Sounder_MiG_15@Sound@@MEAAXPEAVHost@2@@Z,protected: virtual void __cdecl Sound::Sounder_MiG_15::doInitCockpit(class Sound::Host *),method,Sound,Sounder_MiG_15,doInitCockpit,class Sound::Host *,False,False,True,False,False,False,True
748,747,0x2EB,?doInitCockpit@Sounder_MiG_29@Sound@@MEAAXPEAVHost@2@@Z,protected: virtual void __cdecl Sound::Sounder_MiG_29::doInitCockpit(class Sound::Host *),method,Sound,Sounder_MiG_29,doInitCockpit,class Sound::Host *,False,False,True,False,False,False,True
749,748,0x2EC,?doInitCockpit@Sounder_MiG_29_Fulcrum@Sound@@MEAAXPEAVHost@2@@Z,protected: virtual void __cdecl Sound::Sounder_MiG_29_Fulcrum::doInitCockpit(class Sound::Host *),method,Sound,Sounder_MiG_29_Fulcrum,doInitCockpit,class Sound::Host *,False,False,True,False,False,False,True
750,749,0x2ED,?doInitCockpit@Sounder_Mi_24P@Sound@@MEAAXPEAVHost@2@@Z,protected: virtual void __cdecl Sound::Sounder_Mi_24P::doInitCockpit(class Sound::Host *),method,Sound,Sounder_Mi_24P,doInitCockpit,class Sound::Host *,False,False,True,False,False,False,True
751,750,0x2EE,?doInitCockpit@Sounder_Mi_24W@Sound@@MEAAXPEAVHost@2@@Z,protected: virtual void __cdecl Sound::Sounder_Mi_24W::doInitCockpit(class Sound::Host *),method,Sound,Sounder_Mi_24W,doInitCockpit,class Sound::Host *,False,False,True,False,False,False,True
752,751,0x2EF,?doInitCockpit@Sounder_Mi_8MT@Sound@@MEAAXPEAVHost@2@@Z,protected: virtual void __cdecl Sound::Sounder_Mi_8MT::doInitCockpit(class Sound::Host *),method,Sound,Sounder_Mi_8MT,doInitCockpit,class Sound::Host *,False,False,True,False,False,False,True
753,752,0x2F0,?doInitCockpit@Sounder_Mosquito@Sound@@MEAAXPEAVHost@2@@Z,protected: virtual void __cdecl Sound::Sounder_Mosquito::doInitCockpit(class Sound::Host *),method,Sound,Sounder_Mosquito,doInitCockpit,class Sound::Host *,False,False,True,False,False,False,True
754,753,0x2F1,?doInitCockpit@Sounder_MosquitoFBMkVI@Sound@@MEAAXPEAVHost@2@@Z,protected: virtual void __cdecl Sound::Sounder_MosquitoFBMkVI::doInitCockpit(class Sound::Host *),method,Sound,Sounder_MosquitoFBMkVI,doInitCockpit,class Sound::Host *,False,False,True,False,False,False,True
755,754,0x2F2,?doInitCockpit@Sounder_P_47@Sound@@MEAAXPEAVHost@2@@Z,protected: virtual void __cdecl Sound::Sounder_P_47::doInitCockpit(class Sound::Host *),method,Sound,Sounder_P_47,doInitCockpit,class Sound::Host *,False,False,True,False,False,False,True
756,755,0x2F3,?doInitCockpit@Sounder_P_47D_30@Sound@@MEAAXPEAVHost@2@@Z,protected: virtual void __cdecl Sound::Sounder_P_47D_30::doInitCockpit(class Sound::Host *),method,Sound,Sounder_P_47D_30,doInitCockpit,class Sound::Host *,False,False,True,False,False,False,True
757,756,0x2F4,?doInitCockpit@Sounder_P_47D_30bl1@Sound@@MEAAXPEAVHost@2@@Z,protected: virtual void __cdecl Sound::Sounder_P_47D_30bl1::doInitCockpit(class Sound::Host *),method,Sound,Sounder_P_47D_30bl1,doInitCockpit,class Sound::Host *,False,False,True,False,False,False,True
758,757,0x2F5,?doInitCockpit@Sounder_P_47D_40@Sound@@MEAAXPEAVHost@2@@Z,protected: virtual void __cdecl Sound::Sounder_P_47D_40::doInitCockpit(class Sound::Host *),method,Sound,Sounder_P_47D_40,doInitCockpit,class Sound::Host *,False,False,True,False,False,False,True
759,758,0x2F6,?doInitCockpit@Sounder_P_51@Sound@@MEAAXPEAVHost@2@@Z,protected: virtual void __cdecl Sound::Sounder_P_51::doInitCockpit(class Sound::Host *),method,Sound,Sounder_P_51,doInitCockpit,class Sound::Host *,False,False,True,False,False,False,True
760,759,0x2F7,?doInitCockpit@Sounder_PrattWhitneyR2800@Sound@@UEAAXPEAVHost@2@@Z,public: virtual void __cdecl Sound::Sounder_PrattWhitneyR2800::doInitCockpit(class Sound::Host *),method,Sound,Sounder_PrattWhitneyR2800,doInitCockpit,class Sound::Host *,False,False,True,False,False,False,True
761,760,0x2F8,?doInitCockpit@Sounder_Snecma_M53@Sound@@MEAAXPEAVHost@2@@Z,protected: virtual void __cdecl Sound::Sounder_Snecma_M53::doInitCockpit(class Sound::Host *),method,Sound,Sounder_Snecma_M53,doInitCockpit,class Sound::Host *,False,False,True,False,False,False,True
762,761,0x2F9,?doInitCockpit@Sounder_SpitfireLFMkIX@Sound@@MEAAXPEAVHost@2@@Z,protected: virtual void __cdecl Sound::Sounder_SpitfireLFMkIX::doInitCockpit(class Sound::Host *),method,Sound,Sounder_SpitfireLFMkIX,doInitCockpit,class Sound::Host *,False,False,True,False,False,False,True
763,762,0x2FA,?doInitCockpit@Sounder_Su_25@Sound@@MEAAXPEAVHost@2@@Z,protected: virtual void __cdecl Sound::Sounder_Su_25::doInitCockpit(class Sound::Host *),method,Sound,Sounder_Su_25,doInitCockpit,class Sound::Host *,False,False,True,False,False,False,True
764,763,0x2FB,?doInitCockpit@Sounder_Su_27@Sound@@MEAAXPEAVHost@2@@Z,protected: virtual void __cdecl Sound::Sounder_Su_27::doInitCockpit(class Sound::Host *),method,Sound,Sounder_Su_27,doInitCockpit,class Sound::Host *,False,False,True,False,False,False,True
765,764,0x2FC,?doInitCockpit@Sounder_TF34@Sound@@MEAAXPEAVHost@2@@Z,protected: virtual void __cdecl Sound::Sounder_TF34::doInitCockpit(class Sound::Host *),method,Sound,Sounder_TF34,doInitCockpit,class Sound::Host *,False,False,True,False,False,False,True
766,765,0x2FD,?doInitCockpit@Sounder_UH_1H@Sound@@MEAAXPEAVHost@2@@Z,protected: virtual void __cdecl Sound::Sounder_UH_1H::doInitCockpit(class Sound::Host *),method,Sound,Sounder_UH_1H,doInitCockpit,class Sound::Host *,False,False,True,False,False,False,True
767,766,0x2FE,?doInitCockpit@Sounder_VK1@Sound@@MEAAXPEAVHost@2@@Z,protected: virtual void __cdecl Sound::Sounder_VK1::doInitCockpit(class Sound::Host *),method,Sound,Sounder_VK1,doInitCockpit,class Sound::Host *,False,False,True,False,False,False,True
768,767,0x2FF,?doInitCockpit@Sounder_Yak_52@Sound@@MEAAXPEAVHost@2@@Z,protected: virtual void __cdecl Sound::Sounder_Yak_52::doInitCockpit(class Sound::Host *),method,Sound,Sounder_Yak_52,doInitCockpit,class Sound::Host *,False,False,True,False,False,False,True
769,768,0x300,?doUpdate@AircraftSounder@Sound@@MEAAXN@Z,protected: virtual void __cdecl Sound::AircraftSounder::doUpdate(double),method,Sound,AircraftSounder,doUpdate,double,False,False,True,False,False,False,True
770,769,0x301,?doUpdate@EngineSounder@Sound@@UEAAXN@Z,public: virtual void __cdecl Sound::EngineSounder::doUpdate(double),method,Sound,EngineSounder,doUpdate,double,False,False,True,False,False,False,True
771,770,0x302,?doUpdate@PistonEngineSounder@Sound@@UEAAXN@Z,public: virtual void __cdecl Sound::PistonEngineSounder::doUpdate(double),method,Sound,PistonEngineSounder,doUpdate,double,False,False,True,False,False,False,True
772,771,0x303,?doUpdate@SimplifiedPistonEngineSounder@Sound@@UEAAXN@Z,public: virtual void __cdecl Sound::SimplifiedPistonEngineSounder::doUpdate(double),method,Sound,SimplifiedPistonEngineSounder,doUpdate,double,False,False,True,False,False,False,True
773,772,0x304,?doUpdate@Sounder_AH_1W_Base@Sound@@MEAAXN@Z,protected: virtual void __cdecl Sound::Sounder_AH_1W_Base::doUpdate(double),method,Sound,Sounder_AH_1W_Base,doUpdate,double,False,False,True,False,False,False,True
774,773,0x305,?doUpdate@Sounder_AH_64_Base@Sound@@MEAAXN@Z,protected: virtual void __cdecl Sound::Sounder_AH_64_Base::doUpdate(double),method,Sound,Sounder_AH_64_Base,doUpdate,double,False,False,True,False,False,False,True
775,774,0x306,?doUpdate@Sounder_AI25TL@Sound@@UEAAXN@Z,public: virtual void __cdecl Sound::Sounder_AI25TL::doUpdate(double),method,Sound,Sounder_AI25TL,doUpdate,double,False,False,True,False,False,False,True
776,775,0x307,?doUpdate@Sounder_BMW_801D@Sound@@UEAAXN@Z,public: virtual void __cdecl Sound::Sounder_BMW_801D::doUpdate(double),method,Sound,Sounder_BMW_801D,doUpdate,double,False,False,True,False,False,False,True
777,776,0x308,?doUpdate@Sounder_B_17@Sound@@UEAAXN@Z,public: virtual void __cdecl Sound::Sounder_B_17::doUpdate(double),method,Sound,Sounder_B_17,doUpdate,double,False,False,True,False,False,False,True
778,777,0x309,?doUpdate@Sounder_B_1_Base@Sound@@MEAAXN@Z,protected: virtual void __cdecl Sound::Sounder_B_1_Base::doUpdate(double),method,Sound,Sounder_B_1_Base,doUpdate,double,False,False,True,False,False,False,True
779,778,0x30A,?doUpdate@Sounder_B_52_Base@Sound@@MEAAXN@Z,protected: virtual void __cdecl Sound::Sounder_B_52_Base::doUpdate(double),method,Sound,Sounder_B_52_Base,doUpdate,double,False,False,True,False,False,False,True
780,779,0x30B,?doUpdate@Sounder_CH_47_Base@Sound@@MEAAXN@Z,protected: virtual void __cdecl Sound::Sounder_CH_47_Base::doUpdate(double),method,Sound,Sounder_CH_47_Base,doUpdate,double,False,False,True,False,False,False,True
781,780,0x30C,?doUpdate@Sounder_CH_53_Base@Sound@@MEAAXN@Z,protected: virtual void __cdecl Sound::Sounder_CH_53_Base::doUpdate(double),method,Sound,Sounder_CH_53_Base,doUpdate,double,False,False,True,False,False,False,True
782,781,0x30D,?doUpdate@Sounder_C_17_Base@Sound@@MEAAXN@Z,protected: virtual void __cdecl Sound::Sounder_C_17_Base::doUpdate(double),method,Sound,Sounder_C_17_Base,doUpdate,double,False,False,True,False,False,False,True
783,782,0x30E,?doUpdate@Sounder_C_47_Base@Sound@@MEAAXN@Z,protected: virtual void __cdecl Sound::Sounder_C_47_Base::doUpdate(double),method,Sound,Sounder_C_47_Base,doUpdate,double,False,False,True,False,False,False,True
784,783,0x30F,?doUpdate@Sounder_DB600_Series@Sound@@UEAAXN@Z,public: virtual void __cdecl Sound::Sounder_DB600_Series::doUpdate(double),method,Sound,Sounder_DB600_Series,doUpdate,double,False,False,True,False,False,False,True
785,784,0x310,?doUpdate@Sounder_F110GE129@Sound@@UEAAXN@Z,public: virtual void __cdecl Sound::Sounder_F110GE129::doUpdate(double),method,Sound,Sounder_F110GE129,doUpdate,double,False,False,True,False,False,False,True
786,785,0x311,?doUpdate@Sounder_F404GE@Sound@@UEAAXN@Z,public: virtual void __cdecl Sound::Sounder_F404GE::doUpdate(double),method,Sound,Sounder_F404GE,doUpdate,double,False,False,True,False,False,False,True
787,786,0x312,?doUpdate@Sounder_F6F_3@Sound@@MEAAXN@Z,protected: virtual void __cdecl Sound::Sounder_F6F_3::doUpdate(double),method,Sound,Sounder_F6F_3,doUpdate,double,False,False,True,False,False,False,True
788,787,0x313,?doUpdate@Sounder_FA_18@Sound@@MEAAXN@Z,protected: virtual void __cdecl Sound::Sounder_FA_18::doUpdate(double),method,Sound,Sounder_FA_18,doUpdate,double,False,False,True,False,False,False,True
789,788,0x314,?doUpdate@Sounder_FW_190@Sound@@MEAAXN@Z,protected: virtual void __cdecl Sound::Sounder_FW_190::doUpdate(double),method,Sound,Sounder_FW_190,doUpdate,double,False,False,True,False,False,False,True
790,789,0x315,?doUpdate@Sounder_FW_190A8@Sound@@MEAAXN@Z,protected: virtual void __cdecl Sound::Sounder_FW_190A8::doUpdate(double),method,Sound,Sounder_FW_190A8,doUpdate,double,False,False,True,False,False,False,True
791,790,0x316,?doUpdate@Sounder_FW_190D9@Sound@@MEAAXN@Z,protected: virtual void __cdecl Sound::Sounder_FW_190D9::doUpdate(double),method,Sound,Sounder_FW_190D9,doUpdate,double,False,False,True,False,False,False,True
792,791,0x317,?doUpdate@Sounder_F_117_Base@Sound@@MEAAXN@Z,protected: virtual void __cdecl Sound::Sounder_F_117_Base::doUpdate(double),method,Sound,Sounder_F_117_Base,doUpdate,double,False,False,True,False,False,False,True
793,792,0x318,?doUpdate@Sounder_F_15@Sound@@MEAAXN@Z,protected: virtual void __cdecl Sound::Sounder_F_15::doUpdate(double),method,Sound,Sounder_F_15,doUpdate,double,False,False,True,False,False,False,True
794,793,0x319,?doUpdate@Sounder_F_16@Sound@@MEAAXN@Z,protected: virtual void __cdecl Sound::Sounder_F_16::doUpdate(double),method,Sound,Sounder_F_16,doUpdate,double,False,False,True,False,False,False,True
795,794,0x31A,?doUpdate@Sounder_F_5@Sound@@MEAAXN@Z,protected: virtual void __cdecl Sound::Sounder_F_5::doUpdate(double),method,Sound,Sounder_F_5,doUpdate,double,False,False,True,False,False,False,True
796,795,0x31B,?doUpdate@Sounder_F_86@Sound@@MEAAXN@Z,protected: virtual void __cdecl Sound::Sounder_F_86::doUpdate(double),method,Sound,Sounder_F_86,doUpdate,double,False,False,True,False,False,False,True
797,796,0x31C,?doUpdate@Sounder_J47GE27@Sound@@UEAAXN@Z,public: virtual void __cdecl Sound::Sounder_J47GE27::doUpdate(double),method,Sound,Sounder_J47GE27,doUpdate,double,False,False,True,False,False,False,True
798,797,0x31D,?doUpdate@Sounder_J85GE21@Sound@@UEAAXN@Z,public: virtual void __cdecl Sound::Sounder_J85GE21::doUpdate(double),method,Sound,Sounder_J85GE21,doUpdate,double,False,False,True,False,False,False,True
799,798,0x31E,?doUpdate@Sounder_Ju_88@Sound@@MEAAXN@Z,protected: virtual void __cdecl Sound::Sounder_Ju_88::doUpdate(double),method,Sound,Sounder_Ju_88,doUpdate,double,False,False,True,False,False,False,True
800,799,0x31F,?doUpdate@Sounder_Jumo_213A@Sound@@UEAAXN@Z,public: virtual void __cdecl Sound::Sounder_Jumo_213A::doUpdate(double),method,Sound,Sounder_Jumo_213A,doUpdate,double,False,False,True,False,False,False,True
801,800,0x320,?doUpdate@Sounder_Ka_50_Base@Sound@@MEAAXN@Z,protected: virtual void __cdecl Sound::Sounder_Ka_50_Base::doUpdate(double),method,Sound,Sounder_Ka_50_Base,doUpdate,double,False,False,True,False,False,False,True
802,801,0x321,?doUpdate@Sounder_L_39@Sound@@MEAAXN@Z,protected: virtual void __cdecl Sound::Sounder_L_39::doUpdate(double),method,Sound,Sounder_L_39,doUpdate,double,False,False,True,False,False,False,True
803,802,0x322,?doUpdate@Sounder_M_14@Sound@@UEAAXN@Z,public: virtual void __cdecl Sound::Sounder_M_14::doUpdate(double),method,Sound,Sounder_M_14,doUpdate,double,False,False,True,False,False,False,True
804,803,0x323,?doUpdate@Sounder_Merlin25@Sound@@UEAAXN@Z,public: virtual void __cdecl Sound::Sounder_Merlin25::doUpdate(double),method,Sound,Sounder_Merlin25,doUpdate,double,False,False,True,False,False,False,True
805,804,0x324,?doUpdate@Sounder_Merlin66@Sound@@UEAAXN@Z,public: virtual void __cdecl Sound::Sounder_Merlin66::doUpdate(double),method,Sound,Sounder_Merlin66,doUpdate,double,False,False,True,False,False,False,True
806,805,0x325,?doUpdate@Sounder_MiG_15@Sound@@MEAAXN@Z,protected: virtual void __cdecl Sound::Sounder_MiG_15::doUpdate(double),method,Sound,Sounder_MiG_15,doUpdate,double,False,False,True,False,False,False,True
807,806,0x326,?doUpdate@Sounder_MiG_29@Sound@@MEAAXN@Z,protected: virtual void __cdecl Sound::Sounder_MiG_29::doUpdate(double),method,Sound,Sounder_MiG_29,doUpdate,double,False,False,True,False,False,False,True
808,807,0x327,?doUpdate@Sounder_Mi_24P@Sound@@MEAAXN@Z,protected: virtual void __cdecl Sound::Sounder_Mi_24P::doUpdate(double),method,Sound,Sounder_Mi_24P,doUpdate,double,False,False,True,False,False,False,True
809,808,0x328,?doUpdate@Sounder_Mi_8MT@Sound@@MEAAXN@Z,protected: virtual void __cdecl Sound::Sounder_Mi_8MT::doUpdate(double),method,Sound,Sounder_Mi_8MT,doUpdate,double,False,False,True,False,False,False,True
810,809,0x329,?doUpdate@Sounder_Mosquito@Sound@@MEAAXN@Z,protected: virtual void __cdecl Sound::Sounder_Mosquito::doUpdate(double),method,Sound,Sounder_Mosquito,doUpdate,double,False,False,True,False,False,False,True
811,810,0x32A,?doUpdate@Sounder_OH_58_Base@Sound@@MEAAXN@Z,protected: virtual void __cdecl Sound::Sounder_OH_58_Base::doUpdate(double),method,Sound,Sounder_OH_58_Base,doUpdate,double,False,False,True,False,False,False,True
812,811,0x32B,?doUpdate@Sounder_P_47@Sound@@MEAAXN@Z,protected: virtual void __cdecl Sound::Sounder_P_47::doUpdate(double),method,Sound,Sounder_P_47,doUpdate,double,False,False,True,False,False,False,True
813,812,0x32C,?doUpdate@Sounder_P_51@Sound@@MEAAXN@Z,protected: virtual void __cdecl Sound::Sounder_P_51::doUpdate(double),method,Sound,Sounder_P_51,doUpdate,double,False,False,True,False,False,False,True
814,813,0x32D,?doUpdate@Sounder_PrattWhitneyR2800@Sound@@UEAAXN@Z,public: virtual void __cdecl Sound::Sounder_PrattWhitneyR2800::doUpdate(double),method,Sound,Sounder_PrattWhitneyR2800,doUpdate,double,False,False,True,False,False,False,True
815,814,0x32E,?doUpdate@Sounder_SA_342_Base@Sound@@MEAAXN@Z,protected: virtual void __cdecl Sound::Sounder_SA_342_Base::doUpdate(double),method,Sound,Sounder_SA_342_Base,doUpdate,double,False,False,True,False,False,False,True
816,815,0x32F,?doUpdate@Sounder_S_3_Base@Sound@@MEAAXN@Z,protected: virtual void __cdecl Sound::Sounder_S_3_Base::doUpdate(double),method,Sound,Sounder_S_3_Base,doUpdate,double,False,False,True,False,False,False,True
817,816,0x330,?doUpdate@Sounder_Snecma_M53@Sound@@UEAAXN@Z,public: virtual void __cdecl Sound::Sounder_Snecma_M53::doUpdate(double),method,Sound,Sounder_Snecma_M53,doUpdate,double,False,False,True,False,False,False,True
818,817,0x331,?doUpdate@Sounder_SpitfireLFMkIX@Sound@@MEAAXN@Z,protected: virtual void __cdecl Sound::Sounder_SpitfireLFMkIX::doUpdate(double),method,Sound,Sounder_SpitfireLFMkIX,doUpdate,double,False,False,True,False,False,False,True
819,818,0x332,?doUpdate@Sounder_Su_25@Sound@@MEAAXN@Z,protected: virtual void __cdecl Sound::Sounder_Su_25::doUpdate(double),method,Sound,Sounder_Su_25,doUpdate,double,False,False,True,False,False,False,True
820,819,0x333,?doUpdate@Sounder_Su_27@Sound@@MEAAXN@Z,protected: virtual void __cdecl Sound::Sounder_Su_27::doUpdate(double),method,Sound,Sounder_Su_27,doUpdate,double,False,False,True,False,False,False,True
821,820,0x334,?doUpdate@Sounder_UH_1H@Sound@@MEAAXN@Z,protected: virtual void __cdecl Sound::Sounder_UH_1H::doUpdate(double),method,Sound,Sounder_UH_1H,doUpdate,double,False,False,True,False,False,False,True
822,821,0x335,?doUpdate@Sounder_UH_60_Base@Sound@@MEAAXN@Z,protected: virtual void __cdecl Sound::Sounder_UH_60_Base::doUpdate(double),method,Sound,Sounder_UH_60_Base,doUpdate,double,False,False,True,False,False,False,True
823,822,0x336,?doUpdate@Sounder_VK1@Sound@@UEAAXN@Z,public: virtual void __cdecl Sound::Sounder_VK1::doUpdate(double),method,Sound,Sounder_VK1,doUpdate,double,False,False,True,False,False,False,True
824,823,0x337,?doUpdate@Sounder_V_1650_7@Sound@@UEAAXN@Z,public: virtual void __cdecl Sound::Sounder_V_1650_7::doUpdate(double),method,Sound,Sounder_V_1650_7,doUpdate,double,False,False,True,False,False,False,True
825,824,0x338,?doUpdate@Sounder_WrightCyclone_1820_97@Sound@@UEAAXN@Z,public: virtual void __cdecl Sound::Sounder_WrightCyclone_1820_97::doUpdate(double),method,Sound,Sounder_WrightCyclone_1820_97,doUpdate,double,False,False,True,False,False,False,True
826,825,0x339,?doUpdate@Sounder_Yak_52@Sound@@MEAAXN@Z,protected: virtual void __cdecl Sound::Sounder_Yak_52::doUpdate(double),method,Sound,Sounder_Yak_52,doUpdate,double,False,False,True,False,False,False,True
827,826,0x33A,?doUpdate@TurbopropEngineSounder@Sound@@UEAAXN@Z,public: virtual void __cdecl Sound::TurbopropEngineSounder::doUpdate(double),method,Sound,TurbopropEngineSounder,doUpdate,double,False,False,True,False,False,False,True
828,827,0x33B,?getExteriorSoundHosts@AircraftSounder@Sound@@QEBAPEBV?$map@V?$basic_string@D@ed@@USHostInfo@Sounder@Sound@@U?$less@V?$basic_string@D@ed@@@std@@V?$allocator@U?$pair@$$CBV?$basic_string@D@ed@@USHostInfo@Sounder@Sound@@@std@@@2@@std@@XZ,"public: class std::map<class ed::basic_string<char>, struct Sound::Sounder::SHostInfo, struct std::less<class ed::basic_string<char>>, class ed::allocator<struct std::pair<class ed::basic_string<char> const, struct Sound::Sounder::SHostInfo>>> const * __cdecl Sound::AircraftSounder::getExteriorSoundHosts(void) const",method,Sound,AircraftSounder,getExteriorSoundHosts,void,True,False,False,False,False,False,True
829,828,0x33C,?getGunpodSndParams@Sounder_Ka_50_Base@Sound@@IEAA?AUSND_SourceParams@@H@Z,protected: struct SND_SourceParams __cdecl Sound::Sounder_Ka_50_Base::getGunpodSndParams(int),method,Sound,Sounder_Ka_50_Base,getGunpodSndParams,int,False,False,False,False,False,False,True
830,829,0x33D,?getOverridenCategories@AircraftSounder@Sound@@MEAA?AW4CoreSoundSetCategories@2@XZ,protected: virtual enum Sound::CoreSoundSetCategories __cdecl Sound::AircraftSounder::getOverridenCategories(void),method,Sound,AircraftSounder,getOverridenCategories,void,False,False,True,False,False,False,True
831,830,0x33E,?getOverridenCategories@Sounder_FA_18@Sound@@MEAA?AW4CoreSoundSetCategories@2@XZ,protected: virtual enum Sound::CoreSoundSetCategories __cdecl Sound::Sounder_FA_18::getOverridenCategories(void),method,Sound,Sounder_FA_18,getOverridenCategories,void,False,False,True,False,False,False,True
832,831,0x33F,?getOverridenCategories@Sounder_F_15@Sound@@MEAA?AW4CoreSoundSetCategories@2@XZ,protected: virtual enum Sound::CoreSoundSetCategories __cdecl Sound::Sounder_F_15::getOverridenCategories(void),method,Sound,Sounder_F_15,getOverridenCategories,void,False,False,True,False,False,False,True
833,832,0x340,?getOverridenCategories@Sounder_F_16@Sound@@MEAA?AW4CoreSoundSetCategories@2@XZ,protected: virtual enum Sound::CoreSoundSetCategories __cdecl Sound::Sounder_F_16::getOverridenCategories(void),method,Sound,Sounder_F_16,getOverridenCategories,void,False,False,True,False,False,False,True
834,833,0x341,?getOverridenCategories@Sounder_F_5@Sound@@MEAA?AW4CoreSoundSetCategories@2@XZ,protected: virtual enum Sound::CoreSoundSetCategories __cdecl Sound::Sounder_F_5::getOverridenCategories(void),method,Sound,Sounder_F_5,getOverridenCategories,void,False,False,True,False,False,False,True
835,834,0x342,?getOverridenCategories@Sounder_F_86@Sound@@MEAA?AW4CoreSoundSetCategories@2@XZ,protected: virtual enum Sound::CoreSoundSetCategories __cdecl Sound::Sounder_F_86::getOverridenCategories(void),method,Sound,Sounder_F_86,getOverridenCategories,void,False,False,True,False,False,False,True
836,835,0x343,?getOverridenCategories@Sounder_L_39@Sound@@MEAA?AW4CoreSoundSetCategories@2@XZ,protected: virtual enum Sound::CoreSoundSetCategories __cdecl Sound::Sounder_L_39::getOverridenCategories(void),method,Sound,Sounder_L_39,getOverridenCategories,void,False,False,True,False,False,False,True
837,836,0x344,?getOverridenCategories@Sounder_MiG_15@Sound@@MEAA?AW4CoreSoundSetCategories@2@XZ,protected: virtual enum Sound::CoreSoundSetCategories __cdecl Sound::Sounder_MiG_15::getOverridenCategories(void),method,Sound,Sounder_MiG_15,getOverridenCategories,void,False,False,True,False,False,False,True
838,837,0x345,?getSoundHost@AircraftSounder@Sound@@QEAAPEAVHost@2@PEBDMMM@Z,"public: class Sound::Host * __cdecl Sound::AircraftSounder::getSoundHost(char const *, float, float, float)",method,Sound,AircraftSounder,getSoundHost,"char const *, float, float, float",False,False,False,False,False,False,True
839,838,0x346,?getSource@Sounder_MiG_29_Fulcrum@Sound@@IEAA@W4MIG29Fulcrum_CptSndSources@12@@Z,protected: __cdecl Sound::Sounder_MiG_29_Fulcrum::getSource(enum Sound::Sounder_MiG_29_Fulcrum::MIG29Fulcrum_CptSndSources),method,Sound,Sounder_MiG_29_Fulcrum,getSource,enum Sound::Sounder_MiG_29_Fulcrum::MIG29Fulcrum_CptSndSources,False,False,False,False,False,False,True
840,839,0x347,?getWatchValue@Debug@Sound@@YAN_K@Z,double __cdecl Sound::Debug::getWatchValue(unsigned __int64),method,Sound,Debug,getWatchValue,unsigned __int64,False,False,False,False,False,False,True
841,840,0x348,?get_newSnd_playEngines@Debug@Sound@@YA_NXZ,bool __cdecl Sound::Debug::get_newSnd_playEngines(void),method,Sound,Debug,get_newSnd_playEngines,void,False,False,False,False,False,False,True
842,841,0x349,?get_oldSnd_playEngines@Debug@Sound@@YA_NXZ,bool __cdecl Sound::Debug::get_oldSnd_playEngines(void),method,Sound,Debug,get_oldSnd_playEngines,void,False,False,False,False,False,False,True
843,842,0x34A,?get_oldSnd_playF15OWS@Debug@Sound@@YA_NXZ,bool __cdecl Sound::Debug::get_oldSnd_playF15OWS(void),method,Sound,Debug,get_oldSnd_playF15OWS,void,False,False,False,False,False,False,True
844,843,0x34B,?get_oldSnd_playWinds@Debug@Sound@@YA_NXZ,bool __cdecl Sound::Debug::get_oldSnd_playWinds(void),method,Sound,Debug,get_oldSnd_playWinds,void,False,False,False,False,False,False,True
845,844,0x34C,?gun_gain_both@Sounder_F_5@Sound@@0MB,private: static float const Sound::Sounder_F_5::gun_gain_both,symbol,,,,,False,False,False,False,False,False,True
846,845,0x34D,?gun_gain_one@Sounder_F_5@Sound@@0MB,private: static float const Sound::Sounder_F_5::gun_gain_one,symbol,,,,,False,False,False,False,False,False,True
847,846,0x34E,?init@AircraftSounder@Sound@@UEAAXPEAVIwoLA@@PEBUAircraft_Descriptor@@PEAVHost@2@W4SoundLOD@Sounder@2@@Z,"public: virtual void __cdecl Sound::AircraftSounder::init(class IwoLA *, struct Aircraft_Descriptor const *, class Sound::Host *, enum Sound::Sounder::SoundLOD)",method,Sound,AircraftSounder,init,"class IwoLA *, struct Aircraft_Descriptor const *, class Sound::Host *, enum Sound::Sounder::SoundLOD",False,False,True,False,False,False,True
848,847,0x34F,?init@EngineSounder@Sound@@UEAAXPEAVIwoLA@@PEAVAircraftSounder@2@HPEBUAircraft_Descriptor@@PEAVHost@2@@Z,"public: virtual void __cdecl Sound::EngineSounder::init(class IwoLA *, class Sound::AircraftSounder *, int, struct Aircraft_Descriptor const *, class Sound::Host *)",method,Sound,EngineSounder,init,"class IwoLA *, class Sound::AircraftSounder *, int, struct Aircraft_Descriptor const *, class Sound::Host *",False,False,True,False,False,False,True
849,848,0x350,?init@HelicopterSounder@Sound@@UEAAXPEAVIwoLA@@PEBUAircraft_Descriptor@@PEAVHost@2@W4SoundLOD@Sounder@2@@Z,"public: virtual void __cdecl Sound::HelicopterSounder::init(class IwoLA *, struct Aircraft_Descriptor const *, class Sound::Host *, enum Sound::Sounder::SoundLOD)",method,Sound,HelicopterSounder,init,"class IwoLA *, struct Aircraft_Descriptor const *, class Sound::Host *, enum Sound::Sounder::SoundLOD",False,False,True,False,False,False,True
850,849,0x351,?init@JetEngineSounder@Sound@@UEAAXPEAVIwoLA@@PEAVAircraftSounder@2@HPEBUAircraft_Descriptor@@PEAVHost@2@@Z,"public: virtual void __cdecl Sound::JetEngineSounder::init(class IwoLA *, class Sound::AircraftSounder *, int, struct Aircraft_Descriptor const *, class Sound::Host *)",method,Sound,JetEngineSounder,init,"class IwoLA *, class Sound::AircraftSounder *, int, struct Aircraft_Descriptor const *, class Sound::Host *",False,False,True,False,False,False,True
851,850,0x352,?init@PistonEngineSounder@Sound@@UEAAXPEAVIwoLA@@PEAVAircraftSounder@2@HPEBUAircraft_Descriptor@@PEAVHost@2@@Z,"public: virtual void __cdecl Sound::PistonEngineSounder::init(class IwoLA *, class Sound::AircraftSounder *, int, struct Aircraft_Descriptor const *, class Sound::Host *)",method,Sound,PistonEngineSounder,init,"class IwoLA *, class Sound::AircraftSounder *, int, struct Aircraft_Descriptor const *, class Sound::Host *",False,False,True,False,False,False,True
852,851,0x353,?init@PistonEngineSounder@Sound@@UEAAXPEAVIwoLA@@PEAVAircraftSounder@2@HPEBUAircraft_Descriptor@@PEAVHost@2@PEBDH@Z,"public: virtual void __cdecl Sound::PistonEngineSounder::init(class IwoLA *, class Sound::AircraftSounder *, int, struct Aircraft_Descriptor const *, class Sound::Host *, char const *, int)",method,Sound,PistonEngineSounder,init,"class IwoLA *, class Sound::AircraftSounder *, int, struct Aircraft_Descriptor const *, class Sound::Host *, char const *, int",False,False,True,False,False,False,True
853,852,0x354,?init@PlaneSounder@Sound@@UEAAXPEAVIwoLA@@PEBUAircraft_Descriptor@@PEAVHost@2@W4SoundLOD@Sounder@2@@Z,"public: virtual void __cdecl Sound::PlaneSounder::init(class IwoLA *, struct Aircraft_Descriptor const *, class Sound::Host *, enum Sound::Sounder::SoundLOD)",method,Sound,PlaneSounder,init,"class IwoLA *, struct Aircraft_Descriptor const *, class Sound::Host *, enum Sound::Sounder::SoundLOD",False,False,True,False,False,False,True
854,853,0x355,?init@SimplifiedPistonEngineSounder@Sound@@UEAAXPEAVIwoLA@@PEAVAircraftSounder@2@HPEBUAircraft_Descriptor@@PEAVHost@2@@Z,"public: virtual void __cdecl Sound::SimplifiedPistonEngineSounder::init(class IwoLA *, class Sound::AircraftSounder *, int, struct Aircraft_Descriptor const *, class Sound::Host *)",method,Sound,SimplifiedPistonEngineSounder,init,"class IwoLA *, class Sound::AircraftSounder *, int, struct Aircraft_Descriptor const *, class Sound::Host *",False,False,True,False,False,False,True
855,854,0x356,?init@SimplifiedPistonEngineSounder@Sound@@UEAAXPEAVIwoLA@@PEAVAircraftSounder@2@HPEBUAircraft_Descriptor@@PEAVHost@2@PEBDH@Z,"public: virtual void __cdecl Sound::SimplifiedPistonEngineSounder::init(class IwoLA *, class Sound::AircraftSounder *, int, struct Aircraft_Descriptor const *, class Sound::Host *, char const *, int)",method,Sound,SimplifiedPistonEngineSounder,init,"class IwoLA *, class Sound::AircraftSounder *, int, struct Aircraft_Descriptor const *, class Sound::Host *, char const *, int",False,False,True,False,False,False,True
856,855,0x357,?init@Sounder@Sound@@QEAAXPEAVHost@2@@Z,public: void __cdecl Sound::Sounder::init(class Sound::Host *),method,Sound,Sounder,init,class Sound::Host *,False,False,False,False,False,False,True
857,856,0x358,?init@Sounder_BMW_801D@Sound@@UEAAXPEAVIwoLA@@PEAVAircraftSounder@2@HPEBUAircraft_Descriptor@@PEAVHost@2@@Z,"public: virtual void __cdecl Sound::Sounder_BMW_801D::init(class IwoLA *, class Sound::AircraftSounder *, int, struct Aircraft_Descriptor const *, class Sound::Host *)",method,Sound,Sounder_BMW_801D,init,"class IwoLA *, class Sound::AircraftSounder *, int, struct Aircraft_Descriptor const *, class Sound::Host *",False,False,True,False,False,False,True
858,857,0x359,?init@Sounder_DB600_Series@Sound@@UEAAXPEAVIwoLA@@PEAVAircraftSounder@2@HPEBUAircraft_Descriptor@@PEAVHost@2@@Z,"public: virtual void __cdecl Sound::Sounder_DB600_Series::init(class IwoLA *, class Sound::AircraftSounder *, int, struct Aircraft_Descriptor const *, class Sound::Host *)",method,Sound,Sounder_DB600_Series,init,"class IwoLA *, class Sound::AircraftSounder *, int, struct Aircraft_Descriptor const *, class Sound::Host *",False,False,True,False,False,False,True
859,858,0x35A,?init@Sounder_Jumo_213A@Sound@@UEAAXPEAVIwoLA@@PEAVAircraftSounder@2@HPEBUAircraft_Descriptor@@PEAVHost@2@@Z,"public: virtual void __cdecl Sound::Sounder_Jumo_213A::init(class IwoLA *, class Sound::AircraftSounder *, int, struct Aircraft_Descriptor const *, class Sound::Host *)",method,Sound,Sounder_Jumo_213A,init,"class IwoLA *, class Sound::AircraftSounder *, int, struct Aircraft_Descriptor const *, class Sound::Host *",False,False,True,False,False,False,True
860,859,0x35B,?init@Sounder_M_14@Sound@@UEAAXPEAVIwoLA@@PEAVAircraftSounder@2@HPEBUAircraft_Descriptor@@PEAVHost@2@@Z,"public: virtual void __cdecl Sound::Sounder_M_14::init(class IwoLA *, class Sound::AircraftSounder *, int, struct Aircraft_Descriptor const *, class Sound::Host *)",method,Sound,Sounder_M_14,init,"class IwoLA *, class Sound::AircraftSounder *, int, struct Aircraft_Descriptor const *, class Sound::Host *",False,False,True,False,False,False,True
861,860,0x35C,?init@Sounder_Merlin25@Sound@@UEAAXPEAVIwoLA@@PEAVAircraftSounder@2@HPEBUAircraft_Descriptor@@PEAVHost@2@@Z,"public: virtual void __cdecl Sound::Sounder_Merlin25::init(class IwoLA *, class Sound::AircraftSounder *, int, struct Aircraft_Descriptor const *, class Sound::Host *)",method,Sound,Sounder_Merlin25,init,"class IwoLA *, class Sound::AircraftSounder *, int, struct Aircraft_Descriptor const *, class Sound::Host *",False,False,True,False,False,False,True
862,861,0x35D,?init@Sounder_Merlin66@Sound@@UEAAXPEAVIwoLA@@PEAVAircraftSounder@2@HPEBUAircraft_Descriptor@@PEAVHost@2@@Z,"public: virtual void __cdecl Sound::Sounder_Merlin66::init(class IwoLA *, class Sound::AircraftSounder *, int, struct Aircraft_Descriptor const *, class Sound::Host *)",method,Sound,Sounder_Merlin66,init,"class IwoLA *, class Sound::AircraftSounder *, int, struct Aircraft_Descriptor const *, class Sound::Host *",False,False,True,False,False,False,True
863,862,0x35E,?init@Sounder_PrattWhitneyR2800@Sound@@UEAAXPEAVIwoLA@@PEAVAircraftSounder@2@HPEBUAircraft_Descriptor@@PEAVHost@2@@Z,"public: virtual void __cdecl Sound::Sounder_PrattWhitneyR2800::init(class IwoLA *, class Sound::AircraftSounder *, int, struct Aircraft_Descriptor const *, class Sound::Host *)",method,Sound,Sounder_PrattWhitneyR2800,init,"class IwoLA *, class Sound::AircraftSounder *, int, struct Aircraft_Descriptor const *, class Sound::Host *",False,False,True,False,False,False,True
864,863,0x35F,?init@Sounder_V_1650_7@Sound@@UEAAXPEAVIwoLA@@PEAVAircraftSounder@2@HPEBUAircraft_Descriptor@@PEAVHost@2@@Z,"public: virtual void __cdecl Sound::Sounder_V_1650_7::init(class IwoLA *, class Sound::AircraftSounder *, int, struct Aircraft_Descriptor const *, class Sound::Host *)",method,Sound,Sounder_V_1650_7,init,"class IwoLA *, class Sound::AircraftSounder *, int, struct Aircraft_Descriptor const *, class Sound::Host *",False,False,True,False,False,False,True
865,864,0x360,?init@Sounder_WrightCyclone_1820_97@Sound@@UEAAXPEAVIwoLA@@PEAVAircraftSounder@2@HPEBUAircraft_Descriptor@@PEAVHost@2@@Z,"public: virtual void __cdecl Sound::Sounder_WrightCyclone_1820_97::init(class IwoLA *, class Sound::AircraftSounder *, int, struct Aircraft_Descriptor const *, class Sound::Host *)",method,Sound,Sounder_WrightCyclone_1820_97,init,"class IwoLA *, class Sound::AircraftSounder *, int, struct Aircraft_Descriptor const *, class Sound::Host *",False,False,True,False,False,False,True
866,865,0x361,?init@TurbopropEngineSounder@Sound@@UEAAXPEAVIwoLA@@PEAVAircraftSounder@2@HPEBUAircraft_Descriptor@@PEAVHost@2@@Z,"public: virtual void __cdecl Sound::TurbopropEngineSounder::init(class IwoLA *, class Sound::AircraftSounder *, int, struct Aircraft_Descriptor const *, class Sound::Host *)",method,Sound,TurbopropEngineSounder,init,"class IwoLA *, class Sound::AircraftSounder *, int, struct Aircraft_Descriptor const *, class Sound::Host *",False,False,True,False,False,False,True
867,866,0x362,?init@WWIIPlaneSounder@Sound@@UEAAXPEAVIwoLA@@PEBUAircraft_Descriptor@@PEAVHost@2@W4SoundLOD@Sounder@2@@Z,"public: virtual void __cdecl Sound::WWIIPlaneSounder::init(class IwoLA *, struct Aircraft_Descriptor const *, class Sound::Host *, enum Sound::Sounder::SoundLOD)",method,Sound,WWIIPlaneSounder,init,"class IwoLA *, struct Aircraft_Descriptor const *, class Sound::Host *, enum Sound::Sounder::SoundLOD",False,False,True,False,False,False,True
868,867,0x363,?initAlias@Sounder_MiG_29@Sound@@MEAAXXZ,protected: virtual void __cdecl Sound::Sounder_MiG_29::initAlias(void),method,Sound,Sounder_MiG_29,initAlias,void,False,False,True,False,False,False,True
869,868,0x364,?initAliasForCockpit@Sounder_MiG_29@Sound@@MEAAXXZ,protected: virtual void __cdecl Sound::Sounder_MiG_29::initAliasForCockpit(void),method,Sound,Sounder_MiG_29,initAliasForCockpit,void,False,False,True,False,False,False,True
870,869,0x365,?initAliasForCockpit@Sounder_MiG_29_Fulcrum@Sound@@MEAAXXZ,protected: virtual void __cdecl Sound::Sounder_MiG_29_Fulcrum::initAliasForCockpit(void),method,Sound,Sounder_MiG_29_Fulcrum,initAliasForCockpit,void,False,False,True,False,False,False,True
871,870,0x366,?initCockpit@AircraftSounder@Sound@@MEAAXPEAVHost@2@@Z,protected: virtual void __cdecl Sound::AircraftSounder::initCockpit(class Sound::Host *),method,Sound,AircraftSounder,initCockpit,class Sound::Host *,False,False,True,False,False,False,True
872,871,0x367,?initCockpit@AircraftSounder@Sound@@QEAAXXZ,public: void __cdecl Sound::AircraftSounder::initCockpit(void),method,Sound,AircraftSounder,initCockpit,void,False,False,False,False,False,False,True
873,872,0x368,?initCockpit@EngineSounder@Sound@@UEAAXPEAVHost@2@@Z,public: virtual void __cdecl Sound::EngineSounder::initCockpit(class Sound::Host *),method,Sound,EngineSounder,initCockpit,class Sound::Host *,False,False,True,False,False,False,True
874,873,0x369,?initCockpit@HelicopterSounder@Sound@@MEAAXPEAVHost@2@@Z,protected: virtual void __cdecl Sound::HelicopterSounder::initCockpit(class Sound::Host *),method,Sound,HelicopterSounder,initCockpit,class Sound::Host *,False,False,True,False,False,False,True
875,874,0x36A,?initCockpit@JetEngineSounder@Sound@@UEAAXPEAVHost@2@@Z,public: virtual void __cdecl Sound::JetEngineSounder::initCockpit(class Sound::Host *),method,Sound,JetEngineSounder,initCockpit,class Sound::Host *,False,False,True,False,False,False,True
876,875,0x36B,?initCockpit@PistonEngineSounder@Sound@@UEAAXPEAVHost@2@@Z,public: virtual void __cdecl Sound::PistonEngineSounder::initCockpit(class Sound::Host *),method,Sound,PistonEngineSounder,initCockpit,class Sound::Host *,False,False,True,False,False,False,True
877,876,0x36C,?initCockpit@PlaneSounder@Sound@@MEAAXPEAVHost@2@@Z,protected: virtual void __cdecl Sound::PlaneSounder::initCockpit(class Sound::Host *),method,Sound,PlaneSounder,initCockpit,class Sound::Host *,False,False,True,False,False,False,True
878,877,0x36D,?initCockpit@SimplifiedPistonEngineSounder@Sound@@UEAAXPEAVHost@2@@Z,public: virtual void __cdecl Sound::SimplifiedPistonEngineSounder::initCockpit(class Sound::Host *),method,Sound,SimplifiedPistonEngineSounder,initCockpit,class Sound::Host *,False,False,True,False,False,False,True
879,878,0x36E,?initCockpit@Sounder_Merlin25@Sound@@UEAAXPEAVHost@2@@Z,public: virtual void __cdecl Sound::Sounder_Merlin25::initCockpit(class Sound::Host *),method,Sound,Sounder_Merlin25,initCockpit,class Sound::Host *,False,False,True,False,False,False,True
880,879,0x36F,?initCockpit@TurbopropEngineSounder@Sound@@UEAAXPEAVHost@2@@Z,public: virtual void __cdecl Sound::TurbopropEngineSounder::initCockpit(class Sound::Host *),method,Sound,TurbopropEngineSounder,initCockpit,class Sound::Host *,False,False,True,False,False,False,True
881,880,0x370,?initCockpit@WWIIPlaneSounder@Sound@@MEAAXPEAVHost@2@@Z,protected: virtual void __cdecl Sound::WWIIPlaneSounder::initCockpit(class Sound::Host *),method,Sound,WWIIPlaneSounder,initCockpit,class Sound::Host *,False,False,True,False,False,False,True
882,881,0x371,?loadPropellorSources@TurbopropEngineSounder@Sound@@QEAAXPEBDH@Z,"public: void __cdecl Sound::TurbopropEngineSounder::loadPropellorSources(char const *, int)",method,Sound,TurbopropEngineSounder,loadPropellorSources,"char const *, int",False,False,False,False,False,False,True
883,882,0x372,?nextMotorOffset@Sounder@Sound@@SAMH@Z,public: static float __cdecl Sound::Sounder::nextMotorOffset(int),method,Sound,Sounder,nextMotorOffset,int,False,True,False,False,False,False,True
884,883,0x373,?nextOffset@Sounder@Sound@@SAMXZ,public: static float __cdecl Sound::Sounder::nextOffset(void),method,Sound,Sounder,nextOffset,void,False,True,False,False,False,False,True
885,884,0x374,?onAirbrakeExtension@AircraftSounder@Sound@@UEAAX_N@Z,public: virtual void __cdecl Sound::AircraftSounder::onAirbrakeExtension(bool),method,Sound,AircraftSounder,onAirbrakeExtension,bool,False,False,True,False,False,False,True
886,885,0x375,?onAirbrakeExtension@PlaneSounder@Sound@@MEAAX_N@Z,protected: virtual void __cdecl Sound::PlaneSounder::onAirbrakeExtension(bool),method,Sound,PlaneSounder,onAirbrakeExtension,bool,False,False,True,False,False,False,True
887,886,0x376,?onCanopyJettison@AircraftSounder@Sound@@UEAAXH@Z,public: virtual void __cdecl Sound::AircraftSounder::onCanopyJettison(int),method,Sound,AircraftSounder,onCanopyJettison,int,False,False,True,False,False,False,True
888,887,0x377,?onCanopyTearOff@AircraftSounder@Sound@@UEAAXH@Z,public: virtual void __cdecl Sound::AircraftSounder::onCanopyTearOff(int),method,Sound,AircraftSounder,onCanopyTearOff,int,False,False,True,False,False,False,True
889,888,0x378,?onCanopyTearOff@Sounder_F6F_3@Sound@@UEAAXH@Z,public: virtual void __cdecl Sound::Sounder_F6F_3::onCanopyTearOff(int),method,Sound,Sounder_F6F_3,onCanopyTearOff,int,False,False,True,False,False,False,True
890,889,0x379,?onCanopyTearOff@Sounder_P_47@Sound@@UEAAXH@Z,public: virtual void __cdecl Sound::Sounder_P_47::onCanopyTearOff(int),method,Sound,Sounder_P_47,onCanopyTearOff,int,False,False,True,False,False,False,True
891,890,0x37A,?onChaff@AircraftSounder@Sound@@QEAAXXZ,public: void __cdecl Sound::AircraftSounder::onChaff(void),method,Sound,AircraftSounder,onChaff,void,False,False,False,False,False,False,True
892,891,0x37B,?onCustomSound@AircraftSounder@Sound@@QEAAXPEBN@Z,public: void __cdecl Sound::AircraftSounder::onCustomSound(double const *),method,Sound,AircraftSounder,onCustomSound,double const *,False,False,False,False,False,False,True
893,892,0x37C,?onCustomSound@AircraftSounder@Sound@@UEAAXHHPEAUSND_SourceParams@@NNN@Z,"public: virtual void __cdecl Sound::AircraftSounder::onCustomSound(int, int, struct SND_SourceParams *, double, double, double)",method,Sound,AircraftSounder,onCustomSound,"int, int, struct SND_SourceParams *, double, double, double",False,False,True,False,False,False,True
894,893,0x37D,?onCustomSound@EngineSounder@Sound@@UEAAXHPEAUSND_SourceParams@@NNN@Z,"public: virtual void __cdecl Sound::EngineSounder::onCustomSound(int, struct SND_SourceParams *, double, double, double)",method,Sound,EngineSounder,onCustomSound,"int, struct SND_SourceParams *, double, double, double",False,False,True,False,False,False,True
895,894,0x37E,?onCustomSound@HelicopterSounder@Sound@@UEAAXHHPEAUSND_SourceParams@@NNN@Z,"public: virtual void __cdecl Sound::HelicopterSounder::onCustomSound(int, int, struct SND_SourceParams *, double, double, double)",method,Sound,HelicopterSounder,onCustomSound,"int, int, struct SND_SourceParams *, double, double, double",False,False,True,False,False,False,True
896,895,0x37F,?onCustomSound@JetEngineSounder@Sound@@UEAAXHPEAUSND_SourceParams@@NNN@Z,"public: virtual void __cdecl Sound::JetEngineSounder::onCustomSound(int, struct SND_SourceParams *, double, double, double)",method,Sound,JetEngineSounder,onCustomSound,"int, struct SND_SourceParams *, double, double, double",False,False,True,False,False,False,True
897,896,0x380,?onCustomSound@PistonEngineSounder@Sound@@UEAAXHPEAUSND_SourceParams@@NNN@Z,"public: virtual void __cdecl Sound::PistonEngineSounder::onCustomSound(int, struct SND_SourceParams *, double, double, double)",method,Sound,PistonEngineSounder,onCustomSound,"int, struct SND_SourceParams *, double, double, double",False,False,True,False,False,False,True
898,897,0x381,?onCustomSound@SimplifiedPistonEngineSounder@Sound@@UEAAXHPEAUSND_SourceParams@@NNN@Z,"public: virtual void __cdecl Sound::SimplifiedPistonEngineSounder::onCustomSound(int, struct SND_SourceParams *, double, double, double)",method,Sound,SimplifiedPistonEngineSounder,onCustomSound,"int, struct SND_SourceParams *, double, double, double",False,False,True,False,False,False,True
899,898,0x382,?onCustomSound@Sounder_AH_64_Base@Sound@@MEAAXHHPEAUSND_SourceParams@@NNN@Z,"protected: virtual void __cdecl Sound::Sounder_AH_64_Base::onCustomSound(int, int, struct SND_SourceParams *, double, double, double)",method,Sound,Sounder_AH_64_Base,onCustomSound,"int, int, struct SND_SourceParams *, double, double, double",False,False,True,False,False,False,True
900,899,0x383,?onCustomSound@Sounder_Bf_109K_4@Sound@@MEAAXHHPEAUSND_SourceParams@@NNN@Z,"protected: virtual void __cdecl Sound::Sounder_Bf_109K_4::onCustomSound(int, int, struct SND_SourceParams *, double, double, double)",method,Sound,Sounder_Bf_109K_4,onCustomSound,"int, int, struct SND_SourceParams *, double, double, double",False,False,True,False,False,False,True
901,900,0x384,?onCustomSound@Sounder_CH_47_Base@Sound@@UEAAXHHPEAUSND_SourceParams@@NNN@Z,"public: virtual void __cdecl Sound::Sounder_CH_47_Base::onCustomSound(int, int, struct SND_SourceParams *, double, double, double)",method,Sound,Sounder_CH_47_Base,onCustomSound,"int, int, struct SND_SourceParams *, double, double, double",False,False,True,False,False,False,True
902,901,0x385,?onCustomSound@Sounder_DB600_Series@Sound@@UEAAXHPEAUSND_SourceParams@@NNN@Z,"public: virtual void __cdecl Sound::Sounder_DB600_Series::onCustomSound(int, struct SND_SourceParams *, double, double, double)",method,Sound,Sounder_DB600_Series,onCustomSound,"int, struct SND_SourceParams *, double, double, double",False,False,True,False,False,False,True
903,902,0x386,?onCustomSound@Sounder_F6F_3@Sound@@UEAAXHHPEAUSND_SourceParams@@NNN@Z,"public: virtual void __cdecl Sound::Sounder_F6F_3::onCustomSound(int, int, struct SND_SourceParams *, double, double, double)",method,Sound,Sounder_F6F_3,onCustomSound,"int, int, struct SND_SourceParams *, double, double, double",False,False,True,False,False,False,True
904,903,0x387,?onCustomSound@Sounder_FA_18@Sound@@MEAAXHHPEAUSND_SourceParams@@NNN@Z,"protected: virtual void __cdecl Sound::Sounder_FA_18::onCustomSound(int, int, struct SND_SourceParams *, double, double, double)",method,Sound,Sounder_FA_18,onCustomSound,"int, int, struct SND_SourceParams *, double, double, double",False,False,True,False,False,False,True
905,904,0x388,?onCustomSound@Sounder_FW_190@Sound@@MEAAXHHPEAUSND_SourceParams@@NNN@Z,"protected: virtual void __cdecl Sound::Sounder_FW_190::onCustomSound(int, int, struct SND_SourceParams *, double, double, double)",method,Sound,Sounder_FW_190,onCustomSound,"int, int, struct SND_SourceParams *, double, double, double",False,False,True,False,False,False,True
906,905,0x389,?onCustomSound@Sounder_FW_190A8@Sound@@MEAAXHHPEAUSND_SourceParams@@NNN@Z,"protected: virtual void __cdecl Sound::Sounder_FW_190A8::onCustomSound(int, int, struct SND_SourceParams *, double, double, double)",method,Sound,Sounder_FW_190A8,onCustomSound,"int, int, struct SND_SourceParams *, double, double, double",False,False,True,False,False,False,True
907,906,0x38A,?onCustomSound@Sounder_F_15@Sound@@MEAAXHHPEAUSND_SourceParams@@NNN@Z,"protected: virtual void __cdecl Sound::Sounder_F_15::onCustomSound(int, int, struct SND_SourceParams *, double, double, double)",method,Sound,Sounder_F_15,onCustomSound,"int, int, struct SND_SourceParams *, double, double, double",False,False,True,False,False,False,True
908,907,0x38B,?onCustomSound@Sounder_F_16@Sound@@MEAAXHHPEAUSND_SourceParams@@NNN@Z,"protected: virtual void __cdecl Sound::Sounder_F_16::onCustomSound(int, int, struct SND_SourceParams *, double, double, double)",method,Sound,Sounder_F_16,onCustomSound,"int, int, struct SND_SourceParams *, double, double, double",False,False,True,False,False,False,True
909,908,0x38C,?onCustomSound@Sounder_F_5@Sound@@MEAAXHHPEAUSND_SourceParams@@NNN@Z,"protected: virtual void __cdecl Sound::Sounder_F_5::onCustomSound(int, int, struct SND_SourceParams *, double, double, double)",method,Sound,Sounder_F_5,onCustomSound,"int, int, struct SND_SourceParams *, double, double, double",False,False,True,False,False,False,True
910,909,0x38D,?onCustomSound@Sounder_F_86@Sound@@UEAAXHHPEAUSND_SourceParams@@NNN@Z,"public: virtual void __cdecl Sound::Sounder_F_86::onCustomSound(int, int, struct SND_SourceParams *, double, double, double)",method,Sound,Sounder_F_86,onCustomSound,"int, int, struct SND_SourceParams *, double, double, double",False,False,True,False,False,False,True
911,910,0x38E,?onCustomSound@Sounder_L_39@Sound@@MEAAXHHPEAUSND_SourceParams@@NNN@Z,"protected: virtual void __cdecl Sound::Sounder_L_39::onCustomSound(int, int, struct SND_SourceParams *, double, double, double)",method,Sound,Sounder_L_39,onCustomSound,"int, int, struct SND_SourceParams *, double, double, double",False,False,True,False,False,False,True
912,911,0x38F,?onCustomSound@Sounder_M_14@Sound@@UEAAXHPEAUSND_SourceParams@@NNN@Z,"public: virtual void __cdecl Sound::Sounder_M_14::onCustomSound(int, struct SND_SourceParams *, double, double, double)",method,Sound,Sounder_M_14,onCustomSound,"int, struct SND_SourceParams *, double, double, double",False,False,True,False,False,False,True
913,912,0x390,?onCustomSound@Sounder_MiG_15@Sound@@MEAAXHHPEAUSND_SourceParams@@NNN@Z,"protected: virtual void __cdecl Sound::Sounder_MiG_15::onCustomSound(int, int, struct SND_SourceParams *, double, double, double)",method,Sound,Sounder_MiG_15,onCustomSound,"int, int, struct SND_SourceParams *, double, double, double",False,False,True,False,False,False,True
914,913,0x391,?onCustomSound@Sounder_MiG_29_Fulcrum@Sound@@MEAAXHHPEAUSND_SourceParams@@NNN@Z,"protected: virtual void __cdecl Sound::Sounder_MiG_29_Fulcrum::onCustomSound(int, int, struct SND_SourceParams *, double, double, double)",method,Sound,Sounder_MiG_29_Fulcrum,onCustomSound,"int, int, struct SND_SourceParams *, double, double, double",False,False,True,False,False,False,True
915,914,0x392,?onCustomSound@Sounder_Mi_24P@Sound@@MEAAXHHPEAUSND_SourceParams@@NNN@Z,"protected: virtual void __cdecl Sound::Sounder_Mi_24P::onCustomSound(int, int, struct SND_SourceParams *, double, double, double)",method,Sound,Sounder_Mi_24P,onCustomSound,"int, int, struct SND_SourceParams *, double, double, double",False,False,True,False,False,False,True
916,915,0x393,?onCustomSound@Sounder_Mi_8MT@Sound@@UEAAXHHPEAUSND_SourceParams@@NNN@Z,"public: virtual void __cdecl Sound::Sounder_Mi_8MT::onCustomSound(int, int, struct SND_SourceParams *, double, double, double)",method,Sound,Sounder_Mi_8MT,onCustomSound,"int, int, struct SND_SourceParams *, double, double, double",False,False,True,False,False,False,True
917,916,0x394,?onCustomSound@Sounder_Mosquito@Sound@@MEAAXHHPEAUSND_SourceParams@@NNN@Z,"protected: virtual void __cdecl Sound::Sounder_Mosquito::onCustomSound(int, int, struct SND_SourceParams *, double, double, double)",method,Sound,Sounder_Mosquito,onCustomSound,"int, int, struct SND_SourceParams *, double, double, double",False,False,True,False,False,False,True
918,917,0x395,?onCustomSound@Sounder_P_47@Sound@@UEAAXHHPEAUSND_SourceParams@@NNN@Z,"public: virtual void __cdecl Sound::Sounder_P_47::onCustomSound(int, int, struct SND_SourceParams *, double, double, double)",method,Sound,Sounder_P_47,onCustomSound,"int, int, struct SND_SourceParams *, double, double, double",False,False,True,False,False,False,True
919,918,0x396,?onCustomSound@Sounder_P_51@Sound@@MEAAXHHPEAUSND_SourceParams@@NNN@Z,"protected: virtual void __cdecl Sound::Sounder_P_51::onCustomSound(int, int, struct SND_SourceParams *, double, double, double)",method,Sound,Sounder_P_51,onCustomSound,"int, int, struct SND_SourceParams *, double, double, double",False,False,True,False,False,False,True
920,919,0x397,?onCustomSound@Sounder_PrattWhitneyR2800@Sound@@UEAAXHPEAUSND_SourceParams@@NNN@Z,"public: virtual void __cdecl Sound::Sounder_PrattWhitneyR2800::onCustomSound(int, struct SND_SourceParams *, double, double, double)",method,Sound,Sounder_PrattWhitneyR2800,onCustomSound,"int, struct SND_SourceParams *, double, double, double",False,False,True,False,False,False,True
921,920,0x398,?onCustomSound@Sounder_SpitfireLFMkIX@Sound@@MEAAXHHPEAUSND_SourceParams@@NNN@Z,"protected: virtual void __cdecl Sound::Sounder_SpitfireLFMkIX::onCustomSound(int, int, struct SND_SourceParams *, double, double, double)",method,Sound,Sounder_SpitfireLFMkIX,onCustomSound,"int, int, struct SND_SourceParams *, double, double, double",False,False,True,False,False,False,True
922,921,0x399,?onCustomSound@Sounder_UH_1H@Sound@@UEAAXHHPEAUSND_SourceParams@@NNN@Z,"public: virtual void __cdecl Sound::Sounder_UH_1H::onCustomSound(int, int, struct SND_SourceParams *, double, double, double)",method,Sound,Sounder_UH_1H,onCustomSound,"int, int, struct SND_SourceParams *, double, double, double",False,False,True,False,False,False,True
923,922,0x39A,?onCustomSound@Sounder_Yak_52@Sound@@MEAAXHHPEAUSND_SourceParams@@NNN@Z,"protected: virtual void __cdecl Sound::Sounder_Yak_52::onCustomSound(int, int, struct SND_SourceParams *, double, double, double)",method,Sound,Sounder_Yak_52,onCustomSound,"int, int, struct SND_SourceParams *, double, double, double",False,False,True,False,False,False,True
924,923,0x39B,?onCustomSound@TurbopropEngineSounder@Sound@@UEAAXHPEAUSND_SourceParams@@NNN@Z,"public: virtual void __cdecl Sound::TurbopropEngineSounder::onCustomSound(int, struct SND_SourceParams *, double, double, double)",method,Sound,TurbopropEngineSounder,onCustomSound,"int, struct SND_SourceParams *, double, double, double",False,False,True,False,False,False,True
925,924,0x39C,?onCustomSound@WWIIPlaneSounder@Sound@@UEAAXHHPEAUSND_SourceParams@@NNN@Z,"public: virtual void __cdecl Sound::WWIIPlaneSounder::onCustomSound(int, int, struct SND_SourceParams *, double, double, double)",method,Sound,WWIIPlaneSounder,onCustomSound,"int, int, struct SND_SourceParams *, double, double, double",False,False,True,False,False,False,True
926,925,0x39D,?onDamage@AircraftSounder@Sound@@UEAAXN_N0@Z,"public: virtual void __cdecl Sound::AircraftSounder::onDamage(double, bool, bool)",method,Sound,AircraftSounder,onDamage,"double, bool, bool",False,False,True,False,False,False,True
927,926,0x39E,?onFlapsMovement@AircraftSounder@Sound@@UEAAXNNH@Z,"public: virtual void __cdecl Sound::AircraftSounder::onFlapsMovement(double, double, int)",method,Sound,AircraftSounder,onFlapsMovement,"double, double, int",False,False,True,False,False,False,True
928,927,0x39F,?onFlapsMovement@PlaneSounder@Sound@@MEAAXNNH@Z,"protected: virtual void __cdecl Sound::PlaneSounder::onFlapsMovement(double, double, int)",method,Sound,PlaneSounder,onFlapsMovement,"double, double, int",False,False,True,False,False,False,True
929,928,0x3A0,?onFlapsMovement@Sounder_FW_190@Sound@@MEAAXNNH@Z,"protected: virtual void __cdecl Sound::Sounder_FW_190::onFlapsMovement(double, double, int)",method,Sound,Sounder_FW_190,onFlapsMovement,"double, double, int",False,False,True,False,False,False,True
930,929,0x3A1,?onFlapsMovement@Sounder_P_51@Sound@@MEAAXNNH@Z,"protected: virtual void __cdecl Sound::Sounder_P_51::onFlapsMovement(double, double, int)",method,Sound,Sounder_P_51,onFlapsMovement,"double, double, int",False,False,True,False,False,False,True
931,930,0x3A2,?onFlare@AircraftSounder@Sound@@QEAAXXZ,public: void __cdecl Sound::AircraftSounder::onFlare(void),method,Sound,AircraftSounder,onFlare,void,False,False,False,False,False,False,True
932,931,0x3A3,?onFuelPump@AircraftSounder@Sound@@UEAAX_N00@Z,"public: virtual void __cdecl Sound::AircraftSounder::onFuelPump(bool, bool, bool)",method,Sound,AircraftSounder,onFuelPump,"bool, bool, bool",False,False,True,False,False,False,True
933,932,0x3A4,?onFuelPump@Sounder_Mosquito@Sound@@MEAAX_N00@Z,"protected: virtual void __cdecl Sound::Sounder_Mosquito::onFuelPump(bool, bool, bool)",method,Sound,Sounder_Mosquito,onFuelPump,"bool, bool, bool",False,False,True,False,False,False,True
934,933,0x3A5,?onFuelPump@Sounder_SpitfireLFMkIX@Sound@@MEAAX_N00@Z,"protected: virtual void __cdecl Sound::Sounder_SpitfireLFMkIX::onFuelPump(bool, bool, bool)",method,Sound,Sounder_SpitfireLFMkIX,onFuelPump,"bool, bool, bool",False,False,True,False,False,False,True
935,934,0x3A6,?onGunFire@AircraftSounder@Sound@@UEAAX_NH0@Z,"public: virtual void __cdecl Sound::AircraftSounder::onGunFire(bool, int, bool)",method,Sound,AircraftSounder,onGunFire,"bool, int, bool",False,False,True,False,False,False,True
936,935,0x3A7,?onGunFire@Sounder_AH_64_Base@Sound@@MEAAX_NH0@Z,"protected: virtual void __cdecl Sound::Sounder_AH_64_Base::onGunFire(bool, int, bool)",method,Sound,Sounder_AH_64_Base,onGunFire,"bool, int, bool",False,False,True,False,False,False,True
937,936,0x3A8,?onGunFire@Sounder_F6F_3@Sound@@UEAAX_NH0@Z,"public: virtual void __cdecl Sound::Sounder_F6F_3::onGunFire(bool, int, bool)",method,Sound,Sounder_F6F_3,onGunFire,"bool, int, bool",False,False,True,False,False,False,True
938,937,0x3A9,?onGunFire@Sounder_FW_190A8@Sound@@MEAAX_NH0@Z,"protected: virtual void __cdecl Sound::Sounder_FW_190A8::onGunFire(bool, int, bool)",method,Sound,Sounder_FW_190A8,onGunFire,"bool, int, bool",False,False,True,False,False,False,True
939,938,0x3AA,?onGunFire@Sounder_FW_190D9@Sound@@MEAAX_NH0@Z,"protected: virtual void __cdecl Sound::Sounder_FW_190D9::onGunFire(bool, int, bool)",method,Sound,Sounder_FW_190D9,onGunFire,"bool, int, bool",False,False,True,False,False,False,True
940,939,0x3AB,?onGunFire@Sounder_F_5@Sound@@MEAAX_NH0@Z,"protected: virtual void __cdecl Sound::Sounder_F_5::onGunFire(bool, int, bool)",method,Sound,Sounder_F_5,onGunFire,"bool, int, bool",False,False,True,False,False,False,True
941,940,0x3AC,?onGunFire@Sounder_F_86@Sound@@UEAAX_NH0@Z,"public: virtual void __cdecl Sound::Sounder_F_86::onGunFire(bool, int, bool)",method,Sound,Sounder_F_86,onGunFire,"bool, int, bool",False,False,True,False,False,False,True
942,941,0x3AD,?onGunFire@Sounder_Ka_50_Base@Sound@@MEAAX_NH0@Z,"protected: virtual void __cdecl Sound::Sounder_Ka_50_Base::onGunFire(bool, int, bool)",method,Sound,Sounder_Ka_50_Base,onGunFire,"bool, int, bool",False,False,True,False,False,False,True
943,942,0x3AE,?onGunFire@Sounder_MiG_15@Sound@@MEAAX_NH0@Z,"protected: virtual void __cdecl Sound::Sounder_MiG_15::onGunFire(bool, int, bool)",method,Sound,Sounder_MiG_15,onGunFire,"bool, int, bool",False,False,True,False,False,False,True
944,943,0x3AF,?onGunFire@Sounder_MiG_29@Sound@@MEAAX_NH0@Z,"protected: virtual void __cdecl Sound::Sounder_MiG_29::onGunFire(bool, int, bool)",method,Sound,Sounder_MiG_29,onGunFire,"bool, int, bool",False,False,True,False,False,False,True
945,944,0x3B0,?onGunFire@Sounder_Mi_24P@Sound@@MEAAX_NH0@Z,"protected: virtual void __cdecl Sound::Sounder_Mi_24P::onGunFire(bool, int, bool)",method,Sound,Sounder_Mi_24P,onGunFire,"bool, int, bool",False,False,True,False,False,False,True
946,945,0x3B1,?onGunFire@Sounder_Mosquito@Sound@@MEAAX_NH0@Z,"protected: virtual void __cdecl Sound::Sounder_Mosquito::onGunFire(bool, int, bool)",method,Sound,Sounder_Mosquito,onGunFire,"bool, int, bool",False,False,True,False,False,False,True
947,946,0x3B2,?onGunFire@Sounder_MosquitoFBMkVI@Sound@@MEAAX_NH0@Z,"protected: virtual void __cdecl Sound::Sounder_MosquitoFBMkVI::onGunFire(bool, int, bool)",method,Sound,Sounder_MosquitoFBMkVI,onGunFire,"bool, int, bool",False,False,True,False,False,False,True
948,947,0x3B3,?onGunFire@Sounder_P_47@Sound@@UEAAX_NH0@Z,"public: virtual void __cdecl Sound::Sounder_P_47::onGunFire(bool, int, bool)",method,Sound,Sounder_P_47,onGunFire,"bool, int, bool",False,False,True,False,False,False,True
949,948,0x3B4,?onGunFire@Sounder_P_51@Sound@@MEAAX_NH0@Z,"protected: virtual void __cdecl Sound::Sounder_P_51::onGunFire(bool, int, bool)",method,Sound,Sounder_P_51,onGunFire,"bool, int, bool",False,False,True,False,False,False,True
950,949,0x3B5,?onGunFire@Sounder_SpitfireLFMkIX@Sound@@MEAAX_NH0@Z,"protected: virtual void __cdecl Sound::Sounder_SpitfireLFMkIX::onGunFire(bool, int, bool)",method,Sound,Sounder_SpitfireLFMkIX,onGunFire,"bool, int, bool",False,False,True,False,False,False,True
951,950,0x3B6,?onGunFireImpl@Sounder_AH_64_Base@Sound@@QEAAX_NH0@Z,"public: void __cdecl Sound::Sounder_AH_64_Base::onGunFireImpl(bool, int, bool)",method,Sound,Sounder_AH_64_Base,onGunFireImpl,"bool, int, bool",False,False,False,False,False,False,True
952,951,0x3B7,?onGunFireImpl@Sounder_Ka_50_Base@Sound@@QEAAX_NH0@Z,"public: void __cdecl Sound::Sounder_Ka_50_Base::onGunFireImpl(bool, int, bool)",method,Sound,Sounder_Ka_50_Base,onGunFireImpl,"bool, int, bool",False,False,False,False,False,False,True
953,952,0x3B8,?onGunpodFire@AircraftSounder@Sound@@UEAAX_NHHH@Z,"public: virtual void __cdecl Sound::AircraftSounder::onGunpodFire(bool, int, int, int)",method,Sound,AircraftSounder,onGunpodFire,"bool, int, int, int",False,False,True,False,False,False,True
954,953,0x3B9,?onGunpodFire@Sounder_CH_47_Base@Sound@@UEAAX_NHHH@Z,"public: virtual void __cdecl Sound::Sounder_CH_47_Base::onGunpodFire(bool, int, int, int)",method,Sound,Sounder_CH_47_Base,onGunpodFire,"bool, int, int, int",False,False,True,False,False,False,True
955,954,0x3BA,?onGunpodFire@Sounder_Ka_50_Base@Sound@@MEAAX_NHHH@Z,"protected: virtual void __cdecl Sound::Sounder_Ka_50_Base::onGunpodFire(bool, int, int, int)",method,Sound,Sounder_Ka_50_Base,onGunpodFire,"bool, int, int, int",False,False,True,False,False,False,True
956,955,0x3BB,?onGunpodFire@Sounder_Mi_24P@Sound@@MEAAX_NHHH@Z,"protected: virtual void __cdecl Sound::Sounder_Mi_24P::onGunpodFire(bool, int, int, int)",method,Sound,Sounder_Mi_24P,onGunpodFire,"bool, int, int, int",False,False,True,False,False,False,True
957,956,0x3BC,?onGunpodFire@Sounder_Mi_8MT@Sound@@UEAAX_NHHH@Z,"public: virtual void __cdecl Sound::Sounder_Mi_8MT::onGunpodFire(bool, int, int, int)",method,Sound,Sounder_Mi_8MT,onGunpodFire,"bool, int, int, int",False,False,True,False,False,False,True
958,957,0x3BD,?onGunpodFire@Sounder_UH_1H@Sound@@UEAAX_NHHH@Z,"public: virtual void __cdecl Sound::Sounder_UH_1H::onGunpodFire(bool, int, int, int)",method,Sound,Sounder_UH_1H,onGunpodFire,"bool, int, int, int",False,False,True,False,False,False,True
959,958,0x3BE,?onHit@AircraftSounder@Sound@@QEAAX_N@Z,public: void __cdecl Sound::AircraftSounder::onHit(bool),method,Sound,AircraftSounder,onHit,bool,False,False,False,False,False,False,True
960,959,0x3BF,?onMissileLaunch@AircraftSounder@Sound@@UEAAXHMMM@Z,"public: virtual void __cdecl Sound::AircraftSounder::onMissileLaunch(int, float, float, float)",method,Sound,AircraftSounder,onMissileLaunch,"int, float, float, float",False,False,True,False,False,False,True
961,960,0x3C0,?onMissileLaunch@AircraftSounder@Sound@@UEAAXXZ,public: virtual void __cdecl Sound::AircraftSounder::onMissileLaunch(void),method,Sound,AircraftSounder,onMissileLaunch,void,False,False,True,False,False,False,True
962,961,0x3C1,?onOrdnanceDrop@AircraftSounder@Sound@@UEAAXXZ,public: virtual void __cdecl Sound::AircraftSounder::onOrdnanceDrop(void),method,Sound,AircraftSounder,onOrdnanceDrop,void,False,False,True,False,False,False,True
963,962,0x3C2,?onOrdnanceJettison@AircraftSounder@Sound@@UEAAXXZ,public: virtual void __cdecl Sound::AircraftSounder::onOrdnanceJettison(void),method,Sound,AircraftSounder,onOrdnanceJettison,void,False,False,True,False,False,False,True
964,963,0x3C3,?onParachute@AircraftSounder@Sound@@QEAAX_NPEBUSND_SourceParams@@@Z,"public: void __cdecl Sound::AircraftSounder::onParachute(bool, struct SND_SourceParams const *)",method,Sound,AircraftSounder,onParachute,"bool, struct SND_SourceParams const *",False,False,False,False,False,False,True
965,964,0x3C4,?onRefuelingFlow@AircraftSounder@Sound@@UEAAX_N@Z,public: virtual void __cdecl Sound::AircraftSounder::onRefuelingFlow(bool),method,Sound,AircraftSounder,onRefuelingFlow,bool,False,False,True,False,False,False,True
966,965,0x3C5,?onRefuelingProbeMovement@AircraftSounder@Sound@@UEAAX_N@Z,public: virtual void __cdecl Sound::AircraftSounder::onRefuelingProbeMovement(bool),method,Sound,AircraftSounder,onRefuelingProbeMovement,bool,False,False,True,False,False,False,True
967,966,0x3C6,?onRocketFire@AircraftSounder@Sound@@UEAAXXZ,public: virtual void __cdecl Sound::AircraftSounder::onRocketFire(void),method,Sound,AircraftSounder,onRocketFire,void,False,False,True,False,False,False,True
968,967,0x3C7,?onUndercarriageBreakage@AircraftSounder@Sound@@QEAAXXZ,public: void __cdecl Sound::AircraftSounder::onUndercarriageBreakage(void),method,Sound,AircraftSounder,onUndercarriageBreakage,void,False,False,False,False,False,False,True
969,968,0x3C8,?onUndercarriageDoorSlam@AircraftSounder@Sound@@UEAAXHN@Z,"public: virtual void __cdecl Sound::AircraftSounder::onUndercarriageDoorSlam(int, double)",method,Sound,AircraftSounder,onUndercarriageDoorSlam,"int, double",False,False,True,False,False,False,True
970,969,0x3C9,?onUndercarriageDoorSlam@Sounder_FA_18@Sound@@MEAAXHN@Z,"protected: virtual void __cdecl Sound::Sounder_FA_18::onUndercarriageDoorSlam(int, double)",method,Sound,Sounder_FA_18,onUndercarriageDoorSlam,"int, double",False,False,True,False,False,False,True
971,970,0x3CA,?onUndercarriageDoorSlam@Sounder_F_16@Sound@@MEAAXHN@Z,"protected: virtual void __cdecl Sound::Sounder_F_16::onUndercarriageDoorSlam(int, double)",method,Sound,Sounder_F_16,onUndercarriageDoorSlam,"int, double",False,False,True,False,False,False,True
972,971,0x3CB,?onUndercarriageDoorSlam@Sounder_F_5@Sound@@MEAAXHN@Z,"protected: virtual void __cdecl Sound::Sounder_F_5::onUndercarriageDoorSlam(int, double)",method,Sound,Sounder_F_5,onUndercarriageDoorSlam,"int, double",False,False,True,False,False,False,True
973,972,0x3CC,?onUndercarriageDoorSlam@Sounder_F_86@Sound@@UEAAXHN@Z,"public: virtual void __cdecl Sound::Sounder_F_86::onUndercarriageDoorSlam(int, double)",method,Sound,Sounder_F_86,onUndercarriageDoorSlam,"int, double",False,False,True,False,False,False,True
974,973,0x3CD,?onUndercarriageDoorSlam@Sounder_L_39@Sound@@MEAAXHN@Z,"protected: virtual void __cdecl Sound::Sounder_L_39::onUndercarriageDoorSlam(int, double)",method,Sound,Sounder_L_39,onUndercarriageDoorSlam,"int, double",False,False,True,False,False,False,True
975,974,0x3CE,?onUndercarriageDoorSlam@Sounder_MiG_15@Sound@@MEAAXHN@Z,"protected: virtual void __cdecl Sound::Sounder_MiG_15::onUndercarriageDoorSlam(int, double)",method,Sound,Sounder_MiG_15,onUndercarriageDoorSlam,"int, double",False,False,True,False,False,False,True
976,975,0x3CF,?onUndercarriageDoorSlam@Sounder_Mi_24P@Sound@@MEAAXHN@Z,"protected: virtual void __cdecl Sound::Sounder_Mi_24P::onUndercarriageDoorSlam(int, double)",method,Sound,Sounder_Mi_24P,onUndercarriageDoorSlam,"int, double",False,False,True,False,False,False,True
977,976,0x3D0,?onUndercarriageDoorSlam@Sounder_P_51@Sound@@MEAAXHN@Z,"protected: virtual void __cdecl Sound::Sounder_P_51::onUndercarriageDoorSlam(int, double)",method,Sound,Sounder_P_51,onUndercarriageDoorSlam,"int, double",False,False,True,False,False,False,True
978,977,0x3D1,?onUndercarriageLock@AircraftSounder@Sound@@UEAAXHN@Z,"public: virtual void __cdecl Sound::AircraftSounder::onUndercarriageLock(int, double)",method,Sound,AircraftSounder,onUndercarriageLock,"int, double",False,False,True,False,False,False,True
979,978,0x3D2,?onUndercarriageLock@Sounder_Bf_109K_4@Sound@@MEAAXHN@Z,"protected: virtual void __cdecl Sound::Sounder_Bf_109K_4::onUndercarriageLock(int, double)",method,Sound,Sounder_Bf_109K_4,onUndercarriageLock,"int, double",False,False,True,False,False,False,True
980,979,0x3D3,?onUndercarriageLock@Sounder_FA_18@Sound@@MEAAXHN@Z,"protected: virtual void __cdecl Sound::Sounder_FA_18::onUndercarriageLock(int, double)",method,Sound,Sounder_FA_18,onUndercarriageLock,"int, double",False,False,True,False,False,False,True
981,980,0x3D4,?onUndercarriageLock@Sounder_FW_190@Sound@@MEAAXHN@Z,"protected: virtual void __cdecl Sound::Sounder_FW_190::onUndercarriageLock(int, double)",method,Sound,Sounder_FW_190,onUndercarriageLock,"int, double",False,False,True,False,False,False,True
982,981,0x3D5,?onUndercarriageLock@Sounder_F_16@Sound@@MEAAXHN@Z,"protected: virtual void __cdecl Sound::Sounder_F_16::onUndercarriageLock(int, double)",method,Sound,Sounder_F_16,onUndercarriageLock,"int, double",False,False,True,False,False,False,True
983,982,0x3D6,?onUndercarriageLock@Sounder_F_5@Sound@@MEAAXHN@Z,"protected: virtual void __cdecl Sound::Sounder_F_5::onUndercarriageLock(int, double)",method,Sound,Sounder_F_5,onUndercarriageLock,"int, double",False,False,True,False,False,False,True
984,983,0x3D7,?onUndercarriageLock@Sounder_F_86@Sound@@UEAAXHN@Z,"public: virtual void __cdecl Sound::Sounder_F_86::onUndercarriageLock(int, double)",method,Sound,Sounder_F_86,onUndercarriageLock,"int, double",False,False,True,False,False,False,True
985,984,0x3D8,?onUndercarriageLock@Sounder_L_39@Sound@@MEAAXHN@Z,"protected: virtual void __cdecl Sound::Sounder_L_39::onUndercarriageLock(int, double)",method,Sound,Sounder_L_39,onUndercarriageLock,"int, double",False,False,True,False,False,False,True
986,985,0x3D9,?onUndercarriageLock@Sounder_MiG_15@Sound@@MEAAXHN@Z,"protected: virtual void __cdecl Sound::Sounder_MiG_15::onUndercarriageLock(int, double)",method,Sound,Sounder_MiG_15,onUndercarriageLock,"int, double",False,False,True,False,False,False,True
987,986,0x3DA,?onUndercarriageLock@Sounder_Mi_24P@Sound@@MEAAXHN@Z,"protected: virtual void __cdecl Sound::Sounder_Mi_24P::onUndercarriageLock(int, double)",method,Sound,Sounder_Mi_24P,onUndercarriageLock,"int, double",False,False,True,False,False,False,True
988,987,0x3DB,?onUndercarriageLock@Sounder_P_51@Sound@@MEAAXHN@Z,"protected: virtual void __cdecl Sound::Sounder_P_51::onUndercarriageLock(int, double)",method,Sound,Sounder_P_51,onUndercarriageLock,"int, double",False,False,True,False,False,False,True
989,988,0x3DC,?onUndercarriageStrutMove@AircraftSounder@Sound@@UEAAX_NPEBU?$array@D$02@ed@@N0@Z,"public: virtual void __cdecl Sound::AircraftSounder::onUndercarriageStrutMove(bool, struct ed::array<char, 3> const *, double, bool)",method,Sound,AircraftSounder,onUndercarriageStrutMove,"bool, struct ed::array<char, 3> const *, double, bool",False,False,True,False,False,False,True
990,989,0x3DD,?onUndercarriageStrutMove@Sounder_FA_18@Sound@@MEAAX_NPEBU?$array@D$02@ed@@N0@Z,"protected: virtual void __cdecl Sound::Sounder_FA_18::onUndercarriageStrutMove(bool, struct ed::array<char, 3> const *, double, bool)",method,Sound,Sounder_FA_18,onUndercarriageStrutMove,"bool, struct ed::array<char, 3> const *, double, bool",False,False,True,False,False,False,True
991,990,0x3DE,?onUndercarriageStrutMove@Sounder_FW_190@Sound@@MEAAX_NPEBU?$array@D$02@ed@@N0@Z,"protected: virtual void __cdecl Sound::Sounder_FW_190::onUndercarriageStrutMove(bool, struct ed::array<char, 3> const *, double, bool)",method,Sound,Sounder_FW_190,onUndercarriageStrutMove,"bool, struct ed::array<char, 3> const *, double, bool",False,False,True,False,False,False,True
992,991,0x3DF,?onUndercarriageStrutMove@Sounder_F_16@Sound@@MEAAX_NPEBU?$array@D$02@ed@@N0@Z,"protected: virtual void __cdecl Sound::Sounder_F_16::onUndercarriageStrutMove(bool, struct ed::array<char, 3> const *, double, bool)",method,Sound,Sounder_F_16,onUndercarriageStrutMove,"bool, struct ed::array<char, 3> const *, double, bool",False,False,True,False,False,False,True
993,992,0x3E0,?onUndercarriageStrutMove@Sounder_F_5@Sound@@MEAAX_NPEBU?$array@D$02@ed@@N0@Z,"protected: virtual void __cdecl Sound::Sounder_F_5::onUndercarriageStrutMove(bool, struct ed::array<char, 3> const *, double, bool)",method,Sound,Sounder_F_5,onUndercarriageStrutMove,"bool, struct ed::array<char, 3> const *, double, bool",False,False,True,False,False,False,True
994,993,0x3E1,?onUndercarriageStrutMove@Sounder_F_86@Sound@@UEAAX_NPEBU?$array@D$02@ed@@N0@Z,"public: virtual void __cdecl Sound::Sounder_F_86::onUndercarriageStrutMove(bool, struct ed::array<char, 3> const *, double, bool)",method,Sound,Sounder_F_86,onUndercarriageStrutMove,"bool, struct ed::array<char, 3> const *, double, bool",False,False,True,False,False,False,True
995,994,0x3E2,?onUndercarriageStrutMove@Sounder_MiG_15@Sound@@MEAAX_NPEBU?$array@D$02@ed@@N0@Z,"protected: virtual void __cdecl Sound::Sounder_MiG_15::onUndercarriageStrutMove(bool, struct ed::array<char, 3> const *, double, bool)",method,Sound,Sounder_MiG_15,onUndercarriageStrutMove,"bool, struct ed::array<char, 3> const *, double, bool",False,False,True,False,False,False,True
996,995,0x3E3,?onUndercarriageStrutMove@Sounder_Mi_24P@Sound@@MEAAX_NPEBU?$array@D$02@ed@@N0@Z,"protected: virtual void __cdecl Sound::Sounder_Mi_24P::onUndercarriageStrutMove(bool, struct ed::array<char, 3> const *, double, bool)",method,Sound,Sounder_Mi_24P,onUndercarriageStrutMove,"bool, struct ed::array<char, 3> const *, double, bool",False,False,True,False,False,False,True
997,996,0x3E4,?onUndercarriageStrutMove@Sounder_P_51@Sound@@MEAAX_NPEBU?$array@D$02@ed@@N0@Z,"protected: virtual void __cdecl Sound::Sounder_P_51::onUndercarriageStrutMove(bool, struct ed::array<char, 3> const *, double, bool)",method,Sound,Sounder_P_51,onUndercarriageStrutMove,"bool, struct ed::array<char, 3> const *, double, bool",False,False,True,False,False,False,True
998,997,0x3E5,?onWingFoldMovement@AircraftSounder@Sound@@UEAAX_N@Z,public: virtual void __cdecl Sound::AircraftSounder::onWingFoldMovement(bool),method,Sound,AircraftSounder,onWingFoldMovement,bool,False,False,True,False,False,False,True
999,998,0x3E6,?playEngineSounds@Sounder_B_1_Base@Sound@@IEAAXW4B1_ExtSndSources@12@_NMM@Z,"protected: void __cdecl Sound::Sounder_B_1_Base::playEngineSounds(enum Sound::Sounder_B_1_Base::B1_ExtSndSources, bool, float, float)",method,Sound,Sounder_B_1_Base,playEngineSounds,"enum Sound::Sounder_B_1_Base::B1_ExtSndSources, bool, float, float",False,False,False,False,False,False,True
1000,999,0x3E7,?playEngineSounds@Sounder_B_52_Base@Sound@@IEAAXW4B52_ExtSndSources@12@_NMM@Z,"protected: void __cdecl Sound::Sounder_B_52_Base::playEngineSounds(enum Sound::Sounder_B_52_Base::B52_ExtSndSources, bool, float, float)",method,Sound,Sounder_B_52_Base,playEngineSounds,"enum Sound::Sounder_B_52_Base::B52_ExtSndSources, bool, float, float",False,False,False,False,False,False,True
1001,1000,0x3E8,?playEngineSounds@Sounder_C_17_Base@Sound@@IEAAXW4C17_ExtSndSources@12@_NMM@Z,"protected: void __cdecl Sound::Sounder_C_17_Base::playEngineSounds(enum Sound::Sounder_C_17_Base::C17_ExtSndSources, bool, float, float)",method,Sound,Sounder_C_17_Base,playEngineSounds,"enum Sound::Sounder_C_17_Base::C17_ExtSndSources, bool, float, float",False,False,False,False,False,False,True
1002,1001,0x3E9,?playEngineSounds@Sounder_F_117_Base@Sound@@IEAAXW4F117_ExtSndSources@12@_NMM@Z,"protected: void __cdecl Sound::Sounder_F_117_Base::playEngineSounds(enum Sound::Sounder_F_117_Base::F117_ExtSndSources, bool, float, float)",method,Sound,Sounder_F_117_Base,playEngineSounds,"enum Sound::Sounder_F_117_Base::F117_ExtSndSources, bool, float, float",False,False,False,False,False,False,True
1003,1002,0x3EA,?playEngineSounds@Sounder_S_3_Base@Sound@@IEAAXW4S3_ExtSndSources@12@_NMM@Z,"protected: void __cdecl Sound::Sounder_S_3_Base::playEngineSounds(enum Sound::Sounder_S_3_Base::S3_ExtSndSources, bool, float, float)",method,Sound,Sounder_S_3_Base,playEngineSounds,"enum Sound::Sounder_S_3_Base::S3_ExtSndSources, bool, float, float",False,False,False,False,False,False,True
1004,1003,0x3EB,?postInit@AircraftSounder@Sound@@QEAAXXZ,public: void __cdecl Sound::AircraftSounder::postInit(void),method,Sound,AircraftSounder,postInit,void,False,False,False,False,False,False,True
1005,1004,0x3EC,?registerSounderDebug@Debug@Sound@@YAXXZ,void __cdecl Sound::Debug::registerSounderDebug(void),method,Sound,Debug,registerSounderDebug,void,False,False,False,False,False,False,True
1006,1005,0x3ED,?setAliasForCockpit@Sounder_F_5@Sound@@MEAAXXZ,protected: virtual void __cdecl Sound::Sounder_F_5::setAliasForCockpit(void),method,Sound,Sounder_F_5,setAliasForCockpit,void,False,False,True,False,False,False,True
1007,1006,0x3EE,?setAliasForCockpit@Sounder_F_5E_3_FC@Sound@@EEAAXXZ,private: virtual void __cdecl Sound::Sounder_F_5E_3_FC::setAliasForCockpit(void),method,Sound,Sounder_F_5E_3_FC,setAliasForCockpit,void,False,False,True,False,False,False,True
1008,1007,0x3EF,?setAliasForCockpit@Sounder_F_86@Sound@@MEAAXXZ,protected: virtual void __cdecl Sound::Sounder_F_86::setAliasForCockpit(void),method,Sound,Sounder_F_86,setAliasForCockpit,void,False,False,True,False,False,False,True
1009,1008,0x3F0,?setAliasForCockpit@Sounder_F_86F_FC@Sound@@EEAAXXZ,private: virtual void __cdecl Sound::Sounder_F_86F_FC::setAliasForCockpit(void),method,Sound,Sounder_F_86F_FC,setAliasForCockpit,void,False,False,True,False,False,False,True
1010,1009,0x3F1,?setAliasForCockpit@Sounder_MiG_15@Sound@@MEAAXXZ,protected: virtual void __cdecl Sound::Sounder_MiG_15::setAliasForCockpit(void),method,Sound,Sounder_MiG_15,setAliasForCockpit,void,False,False,True,False,False,False,True
1011,1010,0x3F2,?setAliasForCockpit@Sounder_MiG_15bis_FC@Sound@@MEAAXXZ,protected: virtual void __cdecl Sound::Sounder_MiG_15bis_FC::setAliasForCockpit(void),method,Sound,Sounder_MiG_15bis_FC,setAliasForCockpit,void,False,False,True,False,False,False,True
1012,1011,0x3F3,?setHrad@Sounder_J85GE21@Sound@@QEAAXN@Z,public: void __cdecl Sound::Sounder_J85GE21::setHrad(double),method,Sound,Sounder_J85GE21,setHrad,double,False,False,False,False,False,False,True
1013,1012,0x3F4,?setStarter@Sounder_F110GE129@Sound@@QEAAX_N@Z,public: void __cdecl Sound::Sounder_F110GE129::setStarter(bool),method,Sound,Sounder_F110GE129,setStarter,bool,False,False,False,False,False,False,True
1014,1013,0x3F5,?setStarter@Sounder_F404GE@Sound@@QEAAX_N@Z,public: void __cdecl Sound::Sounder_F404GE::setStarter(bool),method,Sound,Sounder_F404GE,setStarter,bool,False,False,False,False,False,False,True
1015,1014,0x3F6,?setStarter@Sounder_J47GE27@Sound@@QEAAX_N@Z,public: void __cdecl Sound::Sounder_J47GE27::setStarter(bool),method,Sound,Sounder_J47GE27,setStarter,bool,False,False,False,False,False,False,True
1016,1015,0x3F7,?setStarter@Sounder_J85GE21@Sound@@QEAAX_N@Z,public: void __cdecl Sound::Sounder_J85GE21::setStarter(bool),method,Sound,Sounder_J85GE21,setStarter,bool,False,False,False,False,False,False,True
1017,1016,0x3F8,?setStarter@Sounder_VK1@Sound@@QEAAX_N@Z,public: void __cdecl Sound::Sounder_VK1::setStarter(bool),method,Sound,Sounder_VK1,setStarter,bool,False,False,False,False,False,False,True
1018,1017,0x3F9,?setWatchValue@Debug@Sound@@YAX_KN@Z,"void __cdecl Sound::Debug::setWatchValue(unsigned __int64, double)",method,Sound,Debug,setWatchValue,"unsigned __int64, double",False,False,False,False,False,False,True
1019,1018,0x3FA,?update@AircraftSounder@Sound@@UEAAXN@Z,public: virtual void __cdecl Sound::AircraftSounder::update(double),method,Sound,AircraftSounder,update,double,False,False,True,False,False,False,True
1020,1019,0x3FB,?update@EngineSounder@Sound@@UEAAXN@Z,public: virtual void __cdecl Sound::EngineSounder::update(double),method,Sound,EngineSounder,update,double,False,False,True,False,False,False,True
1021,1020,0x3FC,?update@HelicopterSounder@Sound@@UEAAXN@Z,public: virtual void __cdecl Sound::HelicopterSounder::update(double),method,Sound,HelicopterSounder,update,double,False,False,True,False,False,False,True
1022,1021,0x3FD,?update@JetEngineSounder@Sound@@UEAAXN@Z,public: virtual void __cdecl Sound::JetEngineSounder::update(double),method,Sound,JetEngineSounder,update,double,False,False,True,False,False,False,True
1023,1022,0x3FE,?update@PistonEngineSounder@Sound@@UEAAXN@Z,public: virtual void __cdecl Sound::PistonEngineSounder::update(double),method,Sound,PistonEngineSounder,update,double,False,False,True,False,False,False,True
1024,1023,0x3FF,?update@PlaneSounder@Sound@@UEAAXN@Z,public: virtual void __cdecl Sound::PlaneSounder::update(double),method,Sound,PlaneSounder,update,double,False,False,True,False,False,False,True
1025,1024,0x400,?update@SimplifiedPistonEngineSounder@Sound@@UEAAXN@Z,public: virtual void __cdecl Sound::SimplifiedPistonEngineSounder::update(double),method,Sound,SimplifiedPistonEngineSounder,update,double,False,False,True,False,False,False,True
1026,1025,0x401,?update@TurbopropEngineSounder@Sound@@UEAAXN@Z,public: virtual void __cdecl Sound::TurbopropEngineSounder::update(double),method,Sound,TurbopropEngineSounder,update,double,False,False,True,False,False,False,True
1027,1026,0x402,?updateAPU@Sounder_AH_1W_Base@Sound@@IEAAXXZ,protected: void __cdecl Sound::Sounder_AH_1W_Base::updateAPU(void),method,Sound,Sounder_AH_1W_Base,updateAPU,void,False,False,False,False,False,False,True
1028,1027,0x403,?updateAPU@Sounder_AH_64_Base@Sound@@IEAAXXZ,protected: void __cdecl Sound::Sounder_AH_64_Base::updateAPU(void),method,Sound,Sounder_AH_64_Base,updateAPU,void,False,False,False,False,False,False,True
1029,1028,0x404,?updateAPU@Sounder_B_1_Base@Sound@@IEAAXXZ,protected: void __cdecl Sound::Sounder_B_1_Base::updateAPU(void),method,Sound,Sounder_B_1_Base,updateAPU,void,False,False,False,False,False,False,True
1030,1029,0x405,?updateAPU@Sounder_B_52_Base@Sound@@IEAAXXZ,protected: void __cdecl Sound::Sounder_B_52_Base::updateAPU(void),method,Sound,Sounder_B_52_Base,updateAPU,void,False,False,False,False,False,False,True
1031,1030,0x406,?updateAPU@Sounder_CH_47_Base@Sound@@IEAAXXZ,protected: void __cdecl Sound::Sounder_CH_47_Base::updateAPU(void),method,Sound,Sounder_CH_47_Base,updateAPU,void,False,False,False,False,False,False,True
1032,1031,0x407,?updateAPU@Sounder_CH_53_Base@Sound@@IEAAXXZ,protected: void __cdecl Sound::Sounder_CH_53_Base::updateAPU(void),method,Sound,Sounder_CH_53_Base,updateAPU,void,False,False,False,False,False,False,True
1033,1032,0x408,?updateAPU@Sounder_C_17_Base@Sound@@IEAAXXZ,protected: void __cdecl Sound::Sounder_C_17_Base::updateAPU(void),method,Sound,Sounder_C_17_Base,updateAPU,void,False,False,False,False,False,False,True
1034,1033,0x409,?updateAPU@Sounder_F_117_Base@Sound@@IEAAXXZ,protected: void __cdecl Sound::Sounder_F_117_Base::updateAPU(void),method,Sound,Sounder_F_117_Base,updateAPU,void,False,False,False,False,False,False,True
1035,1034,0x40A,?updateAPU@Sounder_Ka_50_Base@Sound@@IEAAXM@Z,protected: void __cdecl Sound::Sounder_Ka_50_Base::updateAPU(float),method,Sound,Sounder_Ka_50_Base,updateAPU,float,False,False,False,False,False,False,True
1036,1035,0x40B,?updateAPU@Sounder_Mi_24P@Sound@@IEAAXM@Z,protected: void __cdecl Sound::Sounder_Mi_24P::updateAPU(float),method,Sound,Sounder_Mi_24P,updateAPU,float,False,False,False,False,False,False,True
1037,1036,0x40C,?updateAPU@Sounder_Mi_8MT@Sound@@IEAAXM@Z,protected: void __cdecl Sound::Sounder_Mi_8MT::updateAPU(float),method,Sound,Sounder_Mi_8MT,updateAPU,float,False,False,False,False,False,False,True
1038,1037,0x40D,?updateAPU@Sounder_OH_58_Base@Sound@@IEAAXM@Z,protected: void __cdecl Sound::Sounder_OH_58_Base::updateAPU(float),method,Sound,Sounder_OH_58_Base,updateAPU,float,False,False,False,False,False,False,True
1039,1038,0x40E,?updateAPU@Sounder_SA_342_Base@Sound@@IEAAXXZ,protected: void __cdecl Sound::Sounder_SA_342_Base::updateAPU(void),method,Sound,Sounder_SA_342_Base,updateAPU,void,False,False,False,False,False,False,True
1040,1039,0x40F,?updateAPU@Sounder_S_3_Base@Sound@@IEAAXXZ,protected: void __cdecl Sound::Sounder_S_3_Base::updateAPU(void),method,Sound,Sounder_S_3_Base,updateAPU,void,False,False,False,False,False,False,True
1041,1040,0x410,?updateAPU@Sounder_UH_60_Base@Sound@@IEAAXXZ,protected: void __cdecl Sound::Sounder_UH_60_Base::updateAPU(void),method,Sound,Sounder_UH_60_Base,updateAPU,void,False,False,False,False,False,False,True
1042,1041,0x411,?updateAirBypass@Sounder_CH_47_Base@Sound@@IEAAXW4CH47_ExtSndSources@12@MM@Z,"protected: void __cdecl Sound::Sounder_CH_47_Base::updateAirBypass(enum Sound::Sounder_CH_47_Base::CH47_ExtSndSources, float, float)",method,Sound,Sounder_CH_47_Base,updateAirBypass,"enum Sound::Sounder_CH_47_Base::CH47_ExtSndSources, float, float",False,False,False,False,False,False,True
1043,1042,0x412,?updateAirBypass@Sounder_Mi_24P@Sound@@IEAAXW4MI24_SndSources@12@MM@Z,"protected: void __cdecl Sound::Sounder_Mi_24P::updateAirBypass(enum Sound::Sounder_Mi_24P::MI24_SndSources, float, float)",method,Sound,Sounder_Mi_24P,updateAirBypass,"enum Sound::Sounder_Mi_24P::MI24_SndSources, float, float",False,False,False,False,False,False,True
1044,1043,0x413,?updateAirmassSound@Sounder_UH_1H@Sound@@AEAAXN@Z,private: void __cdecl Sound::Sounder_UH_1H::updateAirmassSound(double),method,Sound,Sounder_UH_1H,updateAirmassSound,double,False,False,False,False,False,False,True
1045,1044,0x414,?updateCoreDelta@Sounder_AH_1W_Base@Sound@@IEAAXHMM@Z,"protected: void __cdecl Sound::Sounder_AH_1W_Base::updateCoreDelta(int, float, float)",method,Sound,Sounder_AH_1W_Base,updateCoreDelta,"int, float, float",False,False,False,False,False,False,True
1046,1045,0x415,?updateCoreDelta@Sounder_AH_64_Base@Sound@@IEAAXHMM@Z,"protected: void __cdecl Sound::Sounder_AH_64_Base::updateCoreDelta(int, float, float)",method,Sound,Sounder_AH_64_Base,updateCoreDelta,"int, float, float",False,False,False,False,False,False,True
1047,1046,0x416,?updateCoreDelta@Sounder_B_1_Base@Sound@@IEAAXHMM@Z,"protected: void __cdecl Sound::Sounder_B_1_Base::updateCoreDelta(int, float, float)",method,Sound,Sounder_B_1_Base,updateCoreDelta,"int, float, float",False,False,False,False,False,False,True
1048,1047,0x417,?updateCoreDelta@Sounder_B_52_Base@Sound@@IEAAXHMM@Z,"protected: void __cdecl Sound::Sounder_B_52_Base::updateCoreDelta(int, float, float)",method,Sound,Sounder_B_52_Base,updateCoreDelta,"int, float, float",False,False,False,False,False,False,True
1049,1048,0x418,?updateCoreDelta@Sounder_CH_53_Base@Sound@@IEAAXHMM@Z,"protected: void __cdecl Sound::Sounder_CH_53_Base::updateCoreDelta(int, float, float)",method,Sound,Sounder_CH_53_Base,updateCoreDelta,"int, float, float",False,False,False,False,False,False,True
1050,1049,0x419,?updateCoreDelta@Sounder_C_17_Base@Sound@@IEAAXHMM@Z,"protected: void __cdecl Sound::Sounder_C_17_Base::updateCoreDelta(int, float, float)",method,Sound,Sounder_C_17_Base,updateCoreDelta,"int, float, float",False,False,False,False,False,False,True
1051,1050,0x41A,?updateCoreDelta@Sounder_F_117_Base@Sound@@IEAAXHMM@Z,"protected: void __cdecl Sound::Sounder_F_117_Base::updateCoreDelta(int, float, float)",method,Sound,Sounder_F_117_Base,updateCoreDelta,"int, float, float",False,False,False,False,False,False,True
1052,1051,0x41B,?updateCoreDelta@Sounder_Ka_50_Base@Sound@@IEAAXHMM@Z,"protected: void __cdecl Sound::Sounder_Ka_50_Base::updateCoreDelta(int, float, float)",method,Sound,Sounder_Ka_50_Base,updateCoreDelta,"int, float, float",False,False,False,False,False,False,True
1053,1052,0x41C,?updateCoreDelta@Sounder_Mi_8MT@Sound@@IEAAXHMM@Z,"protected: void __cdecl Sound::Sounder_Mi_8MT::updateCoreDelta(int, float, float)",method,Sound,Sounder_Mi_8MT,updateCoreDelta,"int, float, float",False,False,False,False,False,False,True
1054,1053,0x41D,?updateCoreDelta@Sounder_OH_58_Base@Sound@@IEAAXHMM@Z,"protected: void __cdecl Sound::Sounder_OH_58_Base::updateCoreDelta(int, float, float)",method,Sound,Sounder_OH_58_Base,updateCoreDelta,"int, float, float",False,False,False,False,False,False,True
1055,1054,0x41E,?updateCoreDelta@Sounder_SA_342_Base@Sound@@IEAAXHMM@Z,"protected: void __cdecl Sound::Sounder_SA_342_Base::updateCoreDelta(int, float, float)",method,Sound,Sounder_SA_342_Base,updateCoreDelta,"int, float, float",False,False,False,False,False,False,True
1056,1055,0x41F,?updateCoreDelta@Sounder_S_3_Base@Sound@@IEAAXHMM@Z,"protected: void __cdecl Sound::Sounder_S_3_Base::updateCoreDelta(int, float, float)",method,Sound,Sounder_S_3_Base,updateCoreDelta,"int, float, float",False,False,False,False,False,False,True
1057,1056,0x420,?updateCoreDelta@Sounder_UH_60_Base@Sound@@IEAAXHMM@Z,"protected: void __cdecl Sound::Sounder_UH_60_Base::updateCoreDelta(int, float, float)",method,Sound,Sounder_UH_60_Base,updateCoreDelta,"int, float, float",False,False,False,False,False,False,True
1058,1057,0x421,?updateDoor@Sounder_AH_64_Base@Sound@@AEAAXHHMM@Z,"private: void __cdecl Sound::Sounder_AH_64_Base::updateDoor(int, int, float, float)",method,Sound,Sounder_AH_64_Base,updateDoor,"int, int, float, float",False,False,False,False,False,False,True
1059,1058,0x422,?updateDoor@Sounder_Mi_24P@Sound@@AEAAXHHMM@Z,"private: void __cdecl Sound::Sounder_Mi_24P::updateDoor(int, int, float, float)",method,Sound,Sounder_Mi_24P,updateDoor,"int, int, float, float",False,False,False,False,False,False,True
1060,1059,0x423,?updateDoor@Sounder_Mi_8MT@Sound@@AEAAXHHMM@Z,"private: void __cdecl Sound::Sounder_Mi_8MT::updateDoor(int, int, float, float)",method,Sound,Sounder_Mi_8MT,updateDoor,"int, int, float, float",False,False,False,False,False,False,True
1061,1060,0x424,?updateDoor@Sounder_UH_1H@Sound@@AEAAXHHMM@Z,"private: void __cdecl Sound::Sounder_UH_1H::updateDoor(int, int, float, float)",method,Sound,Sounder_UH_1H,updateDoor,"int, int, float, float",False,False,False,False,False,False,True
1062,1061,0x425,?updateEngine@Sounder_AH_1W_Base@Sound@@IEAAXW4AH1W_ExtSndSources@12@M_NM@Z,"protected: void __cdecl Sound::Sounder_AH_1W_Base::updateEngine(enum Sound::Sounder_AH_1W_Base::AH1W_ExtSndSources, float, bool, float)",method,Sound,Sounder_AH_1W_Base,updateEngine,"enum Sound::Sounder_AH_1W_Base::AH1W_ExtSndSources, float, bool, float",False,False,False,False,False,False,True
1063,1062,0x426,?updateEngine@Sounder_AH_64_Base@Sound@@IEAAXW4AH64_ExtSndSources@12@MM_NM@Z,"protected: void __cdecl Sound::Sounder_AH_64_Base::updateEngine(enum Sound::Sounder_AH_64_Base::AH64_ExtSndSources, float, float, bool, float)",method,Sound,Sounder_AH_64_Base,updateEngine,"enum Sound::Sounder_AH_64_Base::AH64_ExtSndSources, float, float, bool, float",False,False,False,False,False,False,True
1064,1063,0x427,?updateEngine@Sounder_CH_47_Base@Sound@@IEAAXHM_NM@Z,"protected: void __cdecl Sound::Sounder_CH_47_Base::updateEngine(int, float, bool, float)",method,Sound,Sounder_CH_47_Base,updateEngine,"int, float, bool, float",False,False,False,False,False,False,True
1065,1064,0x428,?updateEngine@Sounder_CH_53_Base@Sound@@IEAAXW4CH53_ExtSndSources@12@M_NM@Z,"protected: void __cdecl Sound::Sounder_CH_53_Base::updateEngine(enum Sound::Sounder_CH_53_Base::CH53_ExtSndSources, float, bool, float)",method,Sound,Sounder_CH_53_Base,updateEngine,"enum Sound::Sounder_CH_53_Base::CH53_ExtSndSources, float, bool, float",False,False,False,False,False,False,True
1066,1065,0x429,?updateEngine@Sounder_Ka_50_Base@Sound@@IEAAXW4KA50_ExtSndSources@12@M_NM@Z,"protected: void __cdecl Sound::Sounder_Ka_50_Base::updateEngine(enum Sound::Sounder_Ka_50_Base::KA50_ExtSndSources, float, bool, float)",method,Sound,Sounder_Ka_50_Base,updateEngine,"enum Sound::Sounder_Ka_50_Base::KA50_ExtSndSources, float, bool, float",False,False,False,False,False,False,True
1067,1066,0x42A,?updateEngine@Sounder_MiG_29@Sound@@IEAAXHMM_NM@Z,"protected: void __cdecl Sound::Sounder_MiG_29::updateEngine(int, float, float, bool, float)",method,Sound,Sounder_MiG_29,updateEngine,"int, float, float, bool, float",False,False,False,False,False,False,True
1068,1067,0x42B,?updateEngine@Sounder_Mi_24P@Sound@@IEAAXW4MI24_SndSources@12@MM@Z,"protected: void __cdecl Sound::Sounder_Mi_24P::updateEngine(enum Sound::Sounder_Mi_24P::MI24_SndSources, float, float)",method,Sound,Sounder_Mi_24P,updateEngine,"enum Sound::Sounder_Mi_24P::MI24_SndSources, float, float",False,False,False,False,False,False,True
1069,1068,0x42C,?updateEngine@Sounder_OH_58_Base@Sound@@IEAAXW4OH58_ExtSndSources@12@M_NM@Z,"protected: void __cdecl Sound::Sounder_OH_58_Base::updateEngine(enum Sound::Sounder_OH_58_Base::OH58_ExtSndSources, float, bool, float)",method,Sound,Sounder_OH_58_Base,updateEngine,"enum Sound::Sounder_OH_58_Base::OH58_ExtSndSources, float, bool, float",False,False,False,False,False,False,True
1070,1069,0x42D,?updateEngine@Sounder_SA_342_Base@Sound@@IEAAXW4SA342_ExtSndSources@12@M_NM@Z,"protected: void __cdecl Sound::Sounder_SA_342_Base::updateEngine(enum Sound::Sounder_SA_342_Base::SA342_ExtSndSources, float, bool, float)",method,Sound,Sounder_SA_342_Base,updateEngine,"enum Sound::Sounder_SA_342_Base::SA342_ExtSndSources, float, bool, float",False,False,False,False,False,False,True
1071,1070,0x42E,?updateEngine@Sounder_UH_60_Base@Sound@@IEAAXW4UH60_ExtSndSources@12@M_NM@Z,"protected: void __cdecl Sound::Sounder_UH_60_Base::updateEngine(enum Sound::Sounder_UH_60_Base::UH60_ExtSndSources, float, bool, float)",method,Sound,Sounder_UH_60_Base,updateEngine,"enum Sound::Sounder_UH_60_Base::UH60_ExtSndSources, float, bool, float",False,False,False,False,False,False,True
1072,1071,0x42F,?updateEngineCompressor@Sounder_CH_47_Base@Sound@@IEAAXW4CH47_ExtSndSources@12@M@Z,"protected: void __cdecl Sound::Sounder_CH_47_Base::updateEngineCompressor(enum Sound::Sounder_CH_47_Base::CH47_ExtSndSources, float)",method,Sound,Sounder_CH_47_Base,updateEngineCompressor,"enum Sound::Sounder_CH_47_Base::CH47_ExtSndSources, float",False,False,False,False,False,False,True
1073,1072,0x430,?updateEngineCompressor@Sounder_Mi_24P@Sound@@IEAAXW4MI24_SndSources@12@M@Z,"protected: void __cdecl Sound::Sounder_Mi_24P::updateEngineCompressor(enum Sound::Sounder_Mi_24P::MI24_SndSources, float)",method,Sound,Sounder_Mi_24P,updateEngineCompressor,"enum Sound::Sounder_Mi_24P::MI24_SndSources, float",False,False,False,False,False,False,True
1074,1073,0x431,?updateEngineSounds@Sounder_B_1_Base@Sound@@IEAAX_NM0M@Z,"protected: void __cdecl Sound::Sounder_B_1_Base::updateEngineSounds(bool, float, bool, float)",method,Sound,Sounder_B_1_Base,updateEngineSounds,"bool, float, bool, float",False,False,False,False,False,False,True
1075,1074,0x432,?updateEngineSounds@Sounder_B_52_Base@Sound@@IEAAX_NM0M@Z,"protected: void __cdecl Sound::Sounder_B_52_Base::updateEngineSounds(bool, float, bool, float)",method,Sound,Sounder_B_52_Base,updateEngineSounds,"bool, float, bool, float",False,False,False,False,False,False,True
1076,1075,0x433,?updateEngineSounds@Sounder_C_17_Base@Sound@@IEAAX_NM0M@Z,"protected: void __cdecl Sound::Sounder_C_17_Base::updateEngineSounds(bool, float, bool, float)",method,Sound,Sounder_C_17_Base,updateEngineSounds,"bool, float, bool, float",False,False,False,False,False,False,True
1077,1076,0x434,?updateEngineSounds@Sounder_F_117_Base@Sound@@IEAAX_NM0M@Z,"protected: void __cdecl Sound::Sounder_F_117_Base::updateEngineSounds(bool, float, bool, float)",method,Sound,Sounder_F_117_Base,updateEngineSounds,"bool, float, bool, float",False,False,False,False,False,False,True
1078,1077,0x435,?updateEngineSounds@Sounder_S_3_Base@Sound@@IEAAX_NM0M@Z,"protected: void __cdecl Sound::Sounder_S_3_Base::updateEngineSounds(bool, float, bool, float)",method,Sound,Sounder_S_3_Base,updateEngineSounds,"bool, float, bool, float",False,False,False,False,False,False,True
1079,1078,0x436,?updateThrustAvgDelta@Sounder_S_3_Base@Sound@@IEAAXMM@Z,"protected: void __cdecl Sound::Sounder_S_3_Base::updateThrustAvgDelta(float, float)",method,Sound,Sounder_S_3_Base,updateThrustAvgDelta,"float, float",False,False,False,False,False,False,True
1080,1079,0x437,?updateTurbDelta@Sounder_AH_64_Base@Sound@@IEAAXHMM@Z,"protected: void __cdecl Sound::Sounder_AH_64_Base::updateTurbDelta(int, float, float)",method,Sound,Sounder_AH_64_Base,updateTurbDelta,"int, float, float",False,False,False,False,False,False,True
1081,1080,0x438,?update_source@Sounder_MiG_29@Sound@@IEAAXAEAVSource@2@MMM@Z,"protected: void __cdecl Sound::Sounder_MiG_29::update_source(class Sound::Source &, float, float, float)",method,Sound,Sounder_MiG_29,update_source,"class Sound::Source &, float, float, float",False,False,False,False,False,False,True
